<?xml version="1.0" encoding="utf-8"?>
<!--
 Software License Agreement (BSD License)
 Copyright © 2026 belongs to Shadow Robot Company Ltd.
 All rights reserved.
 Redistribution and use in source and binary forms, with or without modification,
 are permitted provided that the following conditions are met:
   1. Redistributions of source code must retain the above copyright notice,
      this list of conditions and the following disclaimer.
   2. Redistributions in binary form must reproduce the above copyright notice,
      this list of conditions and the following disclaimer in the documentation
      and/or other materials provided with the distribution.
   3. Neither the name of Shadow Robot Company Ltd nor the names of its contributors
      may be used to endorse or promote products derived from this software without
      specific prior written permission.
 This software is provided by Shadow Robot Company Ltd "as is" and any express
 or implied warranties, including, but not limited to, the implied warranties of
 merchantability and fitness for a particular purpose are disclaimed. In no event
 shall the copyright holder be liable for any direct, indirect, incidental, special,
 exemplary, or consequential damages (including, but not limited to, procurement of
 substitute goods or services; loss of use, data, or profits; or business interruption)
 however caused and on any theory of liability, whether in contract, strict liability,
 or tort (including negligence or otherwise) arising in any way out of the use of this
 software, even if advised of the possibility of such damage.
-->
<COLLADA xmlns="http://www.collada.org/2005/11/COLLADASchema" version="1.4.1" xmlns:xsi="http://www.w3.org/2001/XMLSchema-instance">
  <asset>
    <contributor>
      <author>Blender User</author>
      <authoring_tool>Blender 3.0.1</authoring_tool>
    </contributor>
    <created>2024-11-05T11:33:37</created>
    <modified>2024-11-05T11:33:37</modified>
    <unit name="meter" meter="1"/>
    <up_axis>Y_UP</up_axis>
  </asset>
  <library_effects>
    <effect id="black_spec_mag_tac_sensor-effect">
      <profile_COMMON>
        <technique sid="common">
          <lambert>
            <emission>
              <color sid="emission">0 0 0 1</color>
            </emission>
            <diffuse>
              <color sid="diffuse">0.434 0.434 0.434 1</color>
            </diffuse>
            <index_of_refraction>
              <float sid="ior">1</float>
            </index_of_refraction>
          </lambert>
        </technique>
      </profile_COMMON>
    </effect>
    <effect id="Material_001-effect">
      <profile_COMMON>
        <technique sid="common">
          <lambert>
            <emission>
              <color sid="emission">0 0 0 1</color>
            </emission>
            <diffuse>
              <color sid="diffuse">0.80848 0.80848 0.80848 1</color>
            </diffuse>
            <reflectivity>
              <float sid="specular">0.3</float>
            </reflectivity>
            <index_of_refraction>
              <float sid="ior">1</float>
            </index_of_refraction>
          </lambert>
        </technique>
      </profile_COMMON>
    </effect>
    <effect id="black_spec-effect">
      <profile_COMMON>
        <technique sid="common">
          <lambert>
            <emission>
              <color sid="emission">0 0 0 1</color>
            </emission>
            <diffuse>
              <color sid="diffuse">0.21961 0.21961 0.21961 1</color>
            </diffuse>
            <index_of_refraction>
              <float sid="ior">1</float>
            </index_of_refraction>
          </lambert>
        </technique>
      </profile_COMMON>
    </effect>
  </library_effects>
  <library_images/>
  <library_materials>
    <material id="black_spec_mag_tac_sensor-material" name="black_spec_mag_tac_sensor">
      <instance_effect url="#black_spec_mag_tac_sensor-effect"/>
    </material>
    <material id="Material_001-material" name="Material_001">
      <instance_effect url="#Material_001-effect"/>
    </material>
    <material id="black_spec-material" name="black_spec">
      <instance_effect url="#black_spec-effect"/>
    </material>
  </library_materials>
  <library_geometries>
    <geometry id="MRH-F-Distal-Visual_00_001-mesh" name="MRH-F-Distal-Visual,00.001">
      <mesh>
        <source id="MRH-F-Distal-Visual_00_001-mesh-positions">
          <float_array id="MRH-F-Distal-Visual_00_001-mesh-positions-array" count="4413">-0.01047295 0.009434819 0.02319347 -0.01080173 0.008811533 0.02454173 -0.009999752 0.009150326 0.02613157 -0.009223997 0.01150512 0.01103025 -0.008752346 0.01165157 0.01233965 -0.008039414 0.0118848 0.0110864 -0.01266276 0.008684635 0.01372873 -0.0125882 0.008693039 0.01450181 -0.0121507 0.009361267 0.01355993 -0.01242589 0.008683145 0.01611363 -0.01208555 0.009050905 0.01658809 -0.01211714 0.00868684 0.01842892 -0.01193195 0.008694171 0.01957452 -0.01187252 0.008749067 0.01966863 -0.0115742 0.008717834 0.02145779 -0.01052033 0.008834362 0.02553015 -0.01004034 0.008904159 0.02693706 -0.01092767 0.01062822 0.008297502 -0.01154518 0.01017284 0.008560419 -0.01143568 0.01025682 0.009789407 -0.01259922 0.009090542 0.009185254 -0.01291108 0.008660733 0.009433388 -0.01257026 0.009025633 0.01144522 -0.01277899 0.00868231 0.01215225 -0.009353518 0.0114293 0.00783497 -0.008846163 0.01163125 0.008612096 -0.008579671 0.01169133 0.007683694 -0.007635653 0.01192861 0.007546722 -0.01012885 0.01108795 0.008032083 -0.009981691 0.0111621 0.008088409 -0.009634375 0.0113421 0.009612739 -0.008470892 0.01176536 0.009896218 -0.006524205 0.01215463 0.008608877 -0.005139112 0.01226097 0.007354855 -0.005776047 0.01220691 0.007386028 -0.006465792 0.01212751 0.007431864 0 0.01251566 0.01472711 0 0.01238763 0.00728172 -3.84902e-4 0.01238733 0.007281899 0 0.009572386 0.0364089 0 0.009783446 0.03591609 -5.24045e-4 0.009572684 0.03639113 -0.00136274 0.009569406 0.03629124 -0.002412319 0.009559094 0.03602999 -0.00148493 0.0101754 0.03469216 -0.00261408 0.009556353 0.03596109 -0.002872884 0.01010423 0.03439468 -0.002181291 0.009561955 0.03610128 -0.001544594 0.009567975 0.0362575 -0.001432657 0.00956887 0.03627878 -0.004168272 0.009988307 0.03392314 -0.004290878 0.009516179 0.03513562 -0.003941535 0.009527683 0.03534734 -0.003734767 0.009533584 0.03546231 -0.003191232 0.009546279 0.03572976 -0.006498932 0.009630799 0.03246903 -0.005676686 0.009446084 0.0340619 -0.005375564 0.009829759 0.03328084 -0.004956424 0.009487986 0.03466892 -0.00466305 0.009501516 0.03488528 -0.008287191 0.00916922 0.03072708 -0.007659256 0.009252965 0.0317257 -0.007545113 0.00939393 0.03149145 -0.006994009 0.009330868 0.03263378 -0.006355047 0.009393572 0.03338223 -0.009193837 0.009034514 0.02898526 -0.008228361 0.009744286 0.02877396 -0.009394407 0.009003579 0.02854222 -0.009140312 0.00946176 0.02753984 -0.009880721 0.008928418 0.02736139 -0.01115709 0.008756637 0.02327561 -0.0106765 0.008813321 0.02502369 -0.01057136 0.008827328 0.02536761 -0.001416862 0.01071727 0.03286916 -0.002745687 0.01065182 0.03258377 -0.00399059 0.01054507 0.0321356 -0.005155742 0.01039886 0.03152829 -0.006245017 0.01021522 0.03076314 -0.00726515 0.009996175 0.0298444 -0.008864164 0.009084761 0.02966493 -0.001348793 0.01114511 0.03102523 -0.001280665 0.01148742 0.02917212 -0.002618134 0.01108717 0.03075206 -0.002489984 0.01143783 0.02891117 -0.003811776 0.01099228 0.03032648 -0.003631234 0.01135641 0.02850729 -0.004933536 0.01086211 0.02975237 -0.004707753 0.01124429 0.02796477 -0.005986928 0.01069808 0.02903139 -0.00572282 0.01110249 0.02728533 -0.006978631 0.01050204 0.02816802 -0.006682693 0.01093238 0.02647399 -0.00792092 0.01027607 0.02716439 -0.00759983 0.01073563 0.02553302 -0.00881946 0.01002198 0.02600771 -0.004765212 0.01237726 0.01170426 -0.005837917 0.01223045 0.01487654 -0.005210161 0.0122888 0.01558703 -0.006834864 0.0118876 0.01807945 -0.006098926 0.01198554 0.01890665 -0.001956224 0.01227122 0.0215426 -0.001670062 0.01244807 0.01787745 -0.002864897 0.01224076 0.02121996 -0.002446472 0.01243239 0.01759517 -0.003729939 0.01219731 0.02079111 -0.003185808 0.01240921 0.01722055 -0.004553258 0.01214039 0.02025908 -0.00388962 0.01237779 0.01675736 -0.005339562 0.01206976 0.01962971 -0.004561722 0.01233774 0.0162115 -0.001371026 0.01251024 0.01423054 -0.002007067 0.01250118 0.01399129 -0.002611756 0.01248741 0.01367384 -0.003186166 0.01246851 0.01328212 -0.003733158 0.01244407 0.01282185 -0.003640472 0.01238036 0.008591175 -0.002864301 0.01242887 0.009476661 -0.002009809 0.01246184 0.01015698 -0.001546442 0.0124728 0.01041102 -0.001057565 0.01248031 0.01060211 -7.02421e-4 0.0125153 0.01438629 -8.55157e-4 0.01245695 0.01806217 -0.001001954 0.0122891 0.02175378 -0.007544219 0.01177525 0.01713943 -0.006442248 0.01216191 0.01407402 -0.007635354 0.01189744 0.01462715 -0.007017314 0.01208221 0.01317596 -0.008221328 0.01178216 0.01353913 -0.007553637 0.01199024 0.01218032 -0.006137728 0.01222342 0.009491682 -0.005710303 0.0122829 0.01030224 -0.00434041 0.01231479 0.007499635 -0.01210254 0.009659349 0.008856892 -0.01204591 0.009676694 0.01062583 -0.01150375 0.009388327 0.01850163 -0.01165294 0.00967741 0.0155127 -0.01163566 0.009970366 0.01259398 -0.01121097 0.009103775 0.02152216 -0.01084107 0.01068443 0.008265078 -0.01074373 0.01075392 0.00894165 -0.01104098 0.01050966 0.01161003 -0.01114994 0.01024454 0.01441293 -0.01107829 0.009973347 0.01730406 -0.01084405 0.009704172 0.02024245 -0.009672105 0.009741246 0.02468669 -0.01011067 0.009997367 0.02181094 -0.01042848 0.01024842 0.01893395 -0.01059025 0.01049894 0.01608288 -0.01057428 0.01074331 0.01329505 -0.01037037 0.01096856 0.01061421 -0.008479297 0.01051366 0.02444928 -0.00931847 0.01026731 0.02321124 -0.00893265 0.01073384 0.02171307 -0.009708166 0.01050192 0.02040231 -0.009259939 0.01094746 0.01897394 -0.009958684 0.0107333 0.01760327 -0.009432017 0.01115375 0.01625663 -0.01003724 0.01095801 0.01484423 -0.009421825 0.01134324 0.01359432 -0.00992912 0.0111649 0.01216536 -0.001143336 0.0119819 0.02545946 -0.002228856 0.01194959 0.02522313 -0.003259241 0.01189589 0.02486068 -0.004237055 0.01182091 0.02437686 -0.005164802 0.01172494 0.02377414 -0.006048023 0.01160842 0.02305793 -0.006898224 0.01147216 0.02223128 -0.008114278 0.01094418 0.02287209 -0.007719814 0.01131659 0.02128165 -0.008509516 0.01114177 0.02019828 -0.008046448 0.01148968 0.0186721 -0.008763372 0.01133078 0.01753163 -0.008219897 0.01164776 0.01608085 -0.008850514 0.01150405 0.0148999 -0.004226803 0.01231384 0.007324337 -0.003171086 0.01235079 0.007302939 -0.002114713 0.01237279 0.007290303 -0.001499891 0.01238077 0.007285654 -0.001057386 0.01238453 0.007283508 0 0.01237112 0.02043384 0 0.0121814 0.0234574 0 0.01199263 0.02554214 0 0.01174336 0.02764791 0 0.01117283 0.03107976 0 0.0105012 0.03383326 0 0.01019954 0.03479427 0.001143336 0.0119819 0.02545946 0.006137728 0.01222342 0.009491682 0.005710303 0.0122829 0.01030224 0.007017314 0.01208221 0.01317596 0.00388962 0.01237779 0.01675736 0.003185808 0.01240921 0.01722055 0.003729939 0.01219731 0.02079111 0.01291108 0.008660733 0.009433388 0.01257026 0.009025633 0.01144522 0.01277834 0.00868237 0.0121625 0.01257812 0.009117424 0.009169757 0.01243042 0.009298026 0.009065508 0.01204591 0.009676694 0.01062583 0.007701754 0.01191449 0.007554888 0.008018851 0.01184254 0.007618367 0.008228003 0.01178914 0.007627248 7.02421e-4 0.0125153 0.01438629 3.84027e-4 0.01238733 0.007281899 0.001057565 0.01248031 0.01060211 8.3277e-4 0.01238584 0.007282733 0.001546442 0.0124728 0.01041102 0.001493752 0.01238083 0.007285654 0.002009809 0.01246184 0.01015698 0.001665472 0.01237893 0.007286727 0.002498149 0.01236611 0.007294178 0.002272725 0.01237016 0.007291793 0.002864301 0.01242887 0.009476661 0.00434041 0.01231479 0.007499635 0.003330647 0.01234638 0.007305502 0.004507839 0.01230013 0.007332265 0.005625844 0.01222121 0.007377803 0.006524205 0.01215463 0.008608877 0.006689429 0.01209634 0.007449924 0.008846163 0.01163125 0.008612096 0.01131987 0.010351 0.008457541 0.01066941 0.01079088 0.008203566 0.01074373 0.01075392 0.00894165 0.0105251 0.01087564 0.00815463 0.009981691 0.0111621 0.008088409 0.009808421 0.01123988 0.007944345 0.01208555 0.009050905 0.01658809 0.0122717 0.008683741 0.01734757 0.01251578 0.008683681 0.01529622 0.01121097 0.009103775 0.02152216 0.01119077 0.00875312 0.0231406 0.01161259 0.008714854 0.02127242 0.01047295 0.009434819 0.02319347 0.01080173 0.008811533 0.02454173 0.01013386 0.008890151 0.0266788 0.01027226 0.008869707 0.02628338 0.009999752 0.009150326 0.02613157 0.01054972 0.008830308 0.02543693 0.01078683 0.008799135 0.02464914 0.009662687 0.008962035 0.02791059 0.009877622 0.008928894 0.02736955 0.009140312 0.00946176 0.02753984 0.00726515 0.009996175 0.0298444 0.00858438 0.009126365 0.03019881 0.008228361 0.009744286 0.02877396 0.009070336 0.009053468 0.02924674 0.009147286 0.009041666 0.0290848 0.006498932 0.009630799 0.03246903 0.007275819 0.009299218 0.03226631 0.007545113 0.00939393 0.03149145 0.007970452 0.009212672 0.03124958 0.008099198 0.009195268 0.03104197 0.005263447 0.009471714 0.03442376 0.005533039 0.009455502 0.03419196 0.005375564 0.009829759 0.03328084 0.005976855 0.009424567 0.03377491 0.006646692 0.009366571 0.03305453 0.004954278 0.009488105 0.03467059 0.004168272 0.009988307 0.03392314 0.004241764 0.009517908 0.03516674 0.003883659 0.009529411 0.03538024 0.002872884 0.01010423 0.03439468 0.003497898 0.009539604 0.03558492 0.001673519 0.009566962 0.0362305 0.002010107 0.009563922 0.03614884 0.00148493 0.0101754 0.03469216 0.002482235 0.0095582 0.0360068 0.002720296 0.009554743 0.0359224 0.001544296 0.009567975 0.03625756 8.53165e-4 0.009571731 0.03636312 0.001014769 0.009570837 0.03634476 0.001348793 0.01114511 0.03102523 0.001416862 0.01071727 0.03286916 0.002618134 0.01108717 0.03075206 0.002745687 0.01065182 0.03258377 0.003811776 0.01099228 0.03032648 0.00399059 0.01054507 0.0321356 0.004933536 0.01086211 0.02975237 0.005155742 0.01039886 0.03152829 0.005986928 0.01069808 0.02903139 0.006245017 0.01021522 0.03076314 0.006978631 0.01050204 0.02816802 0.00792092 0.01027607 0.02716439 0.00881946 0.01002198 0.02600771 0.001280665 0.01148742 0.02917212 0.002228856 0.01194959 0.02522313 0.002489984 0.01143783 0.02891117 0.003259241 0.01189589 0.02486068 0.003631234 0.01135641 0.02850729 0.004237055 0.01182091 0.02437686 0.004707753 0.01124429 0.02796477 0.005164802 0.01172494 0.02377414 0.00572282 0.01110249 0.02728533 0.006048023 0.01160842 0.02305793 0.006682693 0.01093238 0.02647399 0.006898224 0.01147216 0.02223128 0.00759983 0.01073563 0.02553302 0.008479297 0.01051366 0.02444928 0.006834864 0.0118876 0.01807945 0.005837917 0.01223045 0.01487654 0.006098926 0.01198554 0.01890665 0.005210161 0.0122888 0.01558703 0.005339562 0.01206976 0.01962971 0.004561722 0.01233774 0.0162115 0.004553258 0.01214039 0.02025908 0.003733158 0.01244407 0.01282185 0.004765212 0.01237726 0.01170426 0.003640472 0.01238036 0.008591175 0.003186166 0.01246851 0.01328212 0.002864897 0.01224076 0.02121996 0.002446472 0.01243239 0.01759517 0.001956224 0.01227122 0.0215426 0.001670062 0.01244807 0.01787745 0.001001954 0.0122891 0.02175378 8.55157e-4 0.01245695 0.01806217 0.001371026 0.01251024 0.01423054 0.002007067 0.01250118 0.01399129 0.002611756 0.01248741 0.01367384 0.01190388 0.009855449 0.008743643 0.01143568 0.01025682 0.009789407 0.01037037 0.01096856 0.01061421 0.009634375 0.0113421 0.009612739 0.009042084 0.01154315 0.007769286 0.007553637 0.01199024 0.01218032 0.006442248 0.01216191 0.01407402 0.007635354 0.01189744 0.01462715 0.01163566 0.009970366 0.01259398 0.01104098 0.01050966 0.01161003 0.01057428 0.01074331 0.01329505 0.00992912 0.0111649 0.01216536 0.009421825 0.01134324 0.01359432 0.009223997 0.01150512 0.01103025 0.008752346 0.01165157 0.01233965 0.008470892 0.01176536 0.009896218 0.008039414 0.0118848 0.0110864 0.009672105 0.009741246 0.02468669 0.00931847 0.01026731 0.02321124 0.008114278 0.01094418 0.02287209 0.0127061 0.008684396 0.01318728 0.0125882 0.008693039 0.01450181 0.0121507 0.009361267 0.01355993 0.01165294 0.00967741 0.0155127 0.01114994 0.01024454 0.01441293 0.01059025 0.01049894 0.01608288 0.01003724 0.01095801 0.01484423 0.009432017 0.01115375 0.01625663 0.008850514 0.01150405 0.0148999 0.008219897 0.01164776 0.01608085 0.008221328 0.01178216 0.01353913 0.007544219 0.01177525 0.01713943 0.008046448 0.01148968 0.0186721 0.008763372 0.01133078 0.01753163 0.009259939 0.01094746 0.01897394 0.009958684 0.0107333 0.01760327 0.01042848 0.01024842 0.01893395 0.01107829 0.009973347 0.01730406 0.01150375 0.009388327 0.01850163 0.01197177 0.008692264 0.01934015 0.01011067 0.009997367 0.02181094 0.00893265 0.01073384 0.02171307 0.007719814 0.01131659 0.02128165 0.01187252 0.008749067 0.01966863 0.01084405 0.009704172 0.02024245 0.009708166 0.01050192 0.02040231 0.008509516 0.01114177 0.02019828 -0.003909349 0.0103783 0.008975148 -0.003554403 0.01040518 0.009451091 -0.004413187 0.0103991 0.01220375 -6.54619e-4 0.01051479 0.01457971 -0.00127691 0.0105105 0.01444154 -0.001031994 0.0104925 0.0112918 0 0.009630799 0.02829819 0 0.009282648 0.03033065 -0.00114721 0.009233951 0.03042602 -0.007854342 0.008816421 0.02296239 -0.007646977 0.00902009 0.02234369 -0.006968379 0.00916177 0.02335536 -0.009105682 0.0090667 0.01611268 -0.0092175 0.009091854 0.01512992 -0.008820056 0.009209811 0.01630598 -0.005536198 0.01025533 0.008512794 -0.006362676 0.01015794 0.008661925 -0.00667876 0.01010608 0.008598983 -9.55114e-4 0.01042336 0.008415818 -0.001508891 0.01048606 0.01111721 -4.03496e-4 0.01042515 0.008414745 0 0.01042538 0.008414626 -5.29509e-4 0.01049619 0.01140457 0 0.01051276 0.0127784 0 0.01049739 0.0164442 -0.001175582 0.01042205 0.008416533 -0.001961112 0.01047658 0.01088535 -0.00191015 0.01041471 0.008420765 -0.00286448 0.01039689 0.008431077 -0.002353608 0.01040774 0.008424818 -0.002795159 0.01044785 0.01026254 -0.00238943 0.01046389 0.01059931 -0.003818333 0.01036679 0.008448421 -0.003230035 0.01038706 0.008436739 -0.004264473 0.01034665 0.008460044 -0.004226386 0.01034855 0.008458971 -0.004104852 0.01035439 0.008455574 -0.006040334 0.01021981 0.009493827 -0.007504522 0.009958624 0.01075726 -0.007838547 0.009864747 0.009674429 -0.007261097 0.009995341 0.008719563 -0.008677661 0.009573757 0.009365737 -0.008499443 0.009637355 0.008869588 -0.007643878 0.009903371 0.008715987 -0.009043395 0.009052038 0.01661008 -0.008307278 0.009339094 0.01754122 -0.008720397 0.008975803 0.01879841 -0.007737994 0.009462535 0.01866388 -0.008320391 0.008892297 0.02093851 -0.005508005 0.009411275 0.02503007 -0.006537675 0.008709907 0.0270186 -0.006255149 0.009293079 0.0242483 -0.006960391 0.008732616 0.0259096 -0.007402896 0.008765757 0.02457392 -0.006077647 0.008691906 0.02806723 -0.005862236 0.008798122 0.02795749 -0.005578517 0.008676648 0.02905201 -0.005044758 0.008927106 0.02870368 -0.005154371 0.008663773 0.02978336 -0.005037844 0.008660137 0.02996861 -0.004170894 0.009036719 0.02932524 -0.004538834 0.008643746 0.03069245 -0.004299402 0.008678674 0.03082358 -0.003337562 0.008775472 0.03133875 -0.00401932 0.008625149 0.03133815 -0.003471374 0.008604764 0.03191125 -0.003027021 0.008588969 0.03229933 -0.002301037 0.00884813 0.03171998 -0.002500891 0.008572518 0.0326752 -0.001953721 0.008559167 0.03297615 -0.001189053 0.00889343 0.03196293 -0.001568496 0.008552312 0.0331366 0 0.008541822 0.03340661 -3.54631e-4 0.008542835 0.03339284 0 0.008917987 0.03200852 -9.74508e-4 0.008545637 0.03330683 -0.001224935 0.008547961 0.03324592 -0.002224326 0.009192645 0.03018957 -0.003232121 0.009126007 0.02982103 0 0.009762823 0.02736943 -0.001061439 0.009752273 0.02729314 -0.002064466 0.009720921 0.02707195 -0.003009378 0.009669661 0.02673095 -0.003895878 0.009600102 0.02627557 -0.004726409 0.009513735 0.0257079 -0.003948271 0.01042944 0.01272708 -0.001868128 0.01050269 0.01422929 -0.002429068 0.01049107 0.01394802 -0.002960622 0.01047521 0.01360106 -0.003464818 0.01045477 0.01319211 -0.00885725 0.00947833 0.01158726 -0.009179294 0.00934416 0.01021492 -0.008995652 0.00943154 0.00898844 -0.008371889 0.009692966 0.01063144 -0.008016705 0.009800195 0.0118103 -0.008483827 0.009599626 0.0128625 -0.008059263 0.009709298 0.01403939 -0.007612526 0.009896457 0.01290065 -0.007581174 0.009809374 0.01511794 -0.007157862 0.009983122 0.01390188 -0.0070526 0.009901583 0.01610058 -0.006656467 0.01006162 0.01481568 -0.005725502 0.01024174 0.0142976 -0.007124304 0.0100423 0.01176136 -0.006697237 0.01011681 0.01268571 -0.006227195 0.01018321 0.01353126 -7.69714e-4 0.01046544 0.01775991 -8.75115e-4 0.01033508 0.02094286 -0.001502215 0.01045852 0.01759827 -0.001707673 0.01032257 0.02075946 -0.002198338 0.01044631 0.01735115 -0.002498149 0.01030135 0.02047926 -0.002858579 0.01042842 0.01702398 -0.003246545 0.01027125 0.02010816 -0.00348407 0.01040446 0.01662009 -0.003954231 0.01023221 0.01964914 -0.004077613 0.010374 0.01614314 -0.004625082 0.01018404 0.01910555 -0.004648149 0.01033687 0.0155996 -0.005270242 0.01012653 0.01848429 -0.005197644 0.01029282 0.01498579 -0.005891203 0.01006013 0.01778012 -0.006487071 0.009985148 0.01698726 -0.005530297 0.01025587 0.008512496 -0.004896163 0.01030874 0.008481979 -0.005678951 0.01027423 0.01026451 -0.005282402 0.01032197 0.01097345 -0.004859089 0.01036345 0.01161986 -0.00951898 0.00913006 0.01139676 -0.009293138 0.009220123 0.01253938 -0.009349226 0.009117007 0.01377004 -0.008904099 0.009356141 0.01391148 -0.008462488 0.009479939 0.01517546 -0.007965028 0.009594321 0.01633191 -0.007413744 0.009701728 0.01738411 -9.71664e-4 0.01010596 0.02412414 -0.001893997 0.01008486 0.02392071 -0.002767205 0.01004993 0.02360922 -0.003591001 0.01000171 0.02319538 -0.004366993 0.009940743 0.02268189 -0.005100607 0.00986731 0.02207154 -0.005804777 0.009781479 0.02137112 -0.006480574 0.009684562 0.02057427 -0.007126808 0.009577989 0.019674 -0.008246183 0.008878588 0.02128988 -0.009614408 0.009102165 0.009178578 0 0.01038527 0.02008694 0 0.01018452 0.02333909 0 0.01011294 0.02419453 0 0.009934723 0.02597135 0.006656467 0.01006162 0.01481568 0.0070526 0.009901583 0.01610058 0.006487071 0.009985148 0.01698726 0.009179294 0.00934416 0.01021492 0.00885725 0.00947833 0.01158726 0.008371889 0.009692966 0.01063144 9.71664e-4 0.01010596 0.02412414 0.001189053 0.00889343 0.03196293 0.003986835 0.01035976 0.008452534 0.004217147 0.01034903 0.008458673 0.003909349 0.0103783 0.008975148 0.004272341 0.01034623 0.008460283 0.009349226 0.009117007 0.01377004 0.009293138 0.009220123 0.01253938 0.00951898 0.00913006 0.01139676 0.008320391 0.008892297 0.02093851 0.008246183 0.008878588 0.02128988 0.007737994 0.009462535 0.01866388 9.74508e-4 0.008545637 0.03330683 3.54631e-4 0.008542835 0.03339284 0.001953721 0.008559167 0.03297615 0.001568496 0.008552312 0.0331366 0.001224935 0.008547961 0.03324592 0.002500891 0.008572518 0.0326752 0.002301037 0.00884813 0.03171998 0.003027021 0.008588969 0.03229933 0.003337562 0.008775472 0.03133875 0.003471374 0.008604764 0.03191125 0.00401932 0.008625149 0.03133815 0.004299402 0.008678674 0.03082358 0.004538834 0.008643746 0.03069245 0.006537675 0.008709907 0.0270186 0.006077647 0.008691906 0.02806723 0.005862236 0.008798122 0.02795749 0.005578517 0.008676648 0.02905201 0.005044758 0.008927106 0.02870368 0.005037844 0.008660137 0.02996861 0.004170894 0.009036719 0.02932524 0.006255149 0.009293079 0.0242483 0.006968379 0.00916177 0.02335536 0.007402896 0.008765757 0.02457392 0.007646977 0.00902009 0.02234369 0.007854342 0.008816421 0.02296239 0.008720397 0.008975803 0.01879841 0.009043395 0.009052038 0.01661008 0.008820056 0.009209811 0.01630598 0.008307278 0.009339094 0.01754122 0.008462488 0.009479939 0.01517546 0.008326947 0.009699165 0.008833885 0.008612096 0.00959444 0.008894324 0.008677661 0.009573757 0.009365737 0.009257376 0.00930345 0.009062349 0.007504522 0.009958624 0.01075726 0.006362676 0.01015794 0.008661925 0.006731867 0.01009702 0.008604228 0.003243565 0.0103867 0.008436977 0.003554403 0.01040518 0.009451091 0.002658367 0.01040166 0.008428335 0.002795159 0.01044785 0.01026254 0.002357482 0.01040768 0.008424818 0.00238943 0.01046389 0.01059931 0.001959741 0.01041406 0.008421182 0.001961112 0.01047658 0.01088535 0.001562118 0.01041877 0.00841844 0.001329243 0.01042091 0.008417189 0.001508891 0.01048606 0.01111721 0.00117594 0.01042205 0.008416533 0.001031994 0.0104925 0.0112918 7.96525e-4 0.01042407 0.0084154 5.29509e-4 0.01049619 0.01140457 4.04751e-4 0.01042515 0.008414745 0.003232121 0.009126007 0.02982103 0.002224326 0.009192645 0.03018957 0.00114721 0.009233951 0.03042602 0.001061439 0.009752273 0.02729314 0.002064466 0.009720921 0.02707195 0.003009378 0.009669661 0.02673095 0.003895878 0.009600102 0.02627557 0.004726409 0.009513735 0.0257079 0.005508005 0.009411275 0.02503007 0.006960391 0.008732616 0.0259096 6.54619e-4 0.01051479 0.01457971 0.00127691 0.0105105 0.01444154 0.001868128 0.01050269 0.01422929 0.002429068 0.01049107 0.01394802 0.002960622 0.01047521 0.01360106 0.003464818 0.01045477 0.01319211 0.003948271 0.01042944 0.01272708 8.75115e-4 0.01033508 0.02094286 7.69714e-4 0.01046544 0.01775991 0.001707673 0.01032257 0.02075946 0.001502215 0.01045852 0.01759827 0.002498149 0.01030135 0.02047926 0.002198338 0.01044631 0.01735115 0.003246545 0.01027125 0.02010816 0.002858579 0.01042842 0.01702398 0.003954231 0.01023221 0.01964914 0.00348407 0.01040446 0.01662009 0.004625082 0.01018404 0.01910555 0.004077613 0.010374 0.01614314 0.005270242 0.01012653 0.01848429 0.004648149 0.01033687 0.0155996 0.005891203 0.01006013 0.01778012 0.005197644 0.01029282 0.01498579 0.005725502 0.01024174 0.0142976 0.006227195 0.01018321 0.01353126 0.004413187 0.0103991 0.01220375 0.004859089 0.01036345 0.01161986 0.005282402 0.01032197 0.01097345 0.004886984 0.01030939 0.008481562 0.008904099 0.009356141 0.01391148 0.009244382 0.009097456 0.01487332 0.007965028 0.009594321 0.01633191 0.008059263 0.009709298 0.01403939 0.008483827 0.009599626 0.0128625 0.007612526 0.009896457 0.01290065 0.008016705 0.009800195 0.0118103 0.007124304 0.0100423 0.01176136 0.006040334 0.01021981 0.009493827 0.005859136 0.01022106 0.008532583 0.001893997 0.01008486 0.02392071 0.002767205 0.01004993 0.02360922 0.003591001 0.01000171 0.02319538 0.004366993 0.009940743 0.02268189 0.005100607 0.00986731 0.02207154 0.005804777 0.009781479 0.02137112 0.006480574 0.009684562 0.02057427 0.007126808 0.009577989 0.019674 0.007413744 0.009701728 0.01738411 0.007581174 0.009809374 0.01511794 0.007157862 0.009983122 0.01390188 0.006697237 0.01011681 0.01268571 0.005678951 0.01027423 0.01026451 0.005334794 0.01027405 0.008502006 0.009614408 0.009102165 0.009178578 0.007838547 0.009864747 0.009674429 0.007554948 0.009925842 0.008703052 0.007261097 0.009995341 0.008719563 0.009105682 0.0090667 0.01611268 -0.009829103 0.00930339 0.01588636 -0.009425163 0.009066641 0.01666039 -0.009105443 0.008999288 0.01886433 -0.010324 0.009325802 0.009049415 -0.009991824 0.009109258 0.009174466 -0.009896099 0.009136676 0.01141786 -0.01023477 0.009353399 0.01121068 -0.009727895 0.009125173 0.01380336 -0.01006877 0.009344696 0.01357316 -0.009486854 0.009079754 0.01615977 -0.008710384 0.008927583 0.02102166 -0.009176433 0.009177505 0.02003204 -0.00951296 0.009240508 0.0181424 -0.008247852 0.008866131 0.02306586 -0.007796108 0.008829414 0.02469801 -0.008221268 0.009048521 0.0239889 -0.008303225 0.009055972 0.0237053 -0.0086537 0.009095847 0.02238732 -0.008636951 0.008916139 0.02137619 -0.008767783 0.009111523 0.02191799 -0.00907886 0.009160578 0.02051568 -0.006903111 0.008986949 0.02763497 -0.007380723 0.009000241 0.02648121 -0.007351398 0.008809685 0.02605259 -0.00756067 0.009007573 0.0260021 -0.00781989 0.009020328 0.02526408 -0.006923973 0.008799791 0.02718049 -0.006736755 0.008797407 0.02762734 -0.006383001 0.008979022 0.02872264 -0.006456315 0.008795261 0.02824997 -0.006042659 0.008975148 0.0293532 -0.005946278 0.008794069 0.02925759 -0.005943238 0.008794069 0.02926313 -0.005817234 0.008972644 0.02973997 -0.005484163 0.00896877 0.03026962 -0.005389571 0.008792221 0.03019994 -0.005081951 0.008962869 0.03084683 -0.005007386 0.008789479 0.03076398 -0.004954099 0.008960604 0.03101694 -0.004872679 0.008788168 0.03094822 -0.004394531 0.008948147 0.0316928 -0.001058042 0.008734405 0.03371703 -0.001568436 0.008886218 0.03365218 -0.001707434 0.008739054 0.03353196 -0.002142012 0.008893013 0.0334292 -0.002127528 0.008743643 0.03335773 -0.002732932 0.008904337 0.03311288 -0.002719879 0.008752405 0.03303307 -0.003277897 0.008917808 0.03273743 -0.00328356 0.008762478 0.03263151 -0.003807127 0.008932232 0.03229045 -0.003755271 0.0087713 0.03222066 -0.004331409 0.008781254 0.03161942 -3.85311e-4 0.008732497 0.03381007 0 0.008731663 0.03382498 0 0.00887984 0.03389275 -2.01857e-4 0.008880019 0.03388947 -3.62527e-4 0.008880734 0.03387981 -9.82426e-4 0.008882224 0.03380143 -0.01126563 0.009031057 0.01092624 -0.01089054 0.009278476 0.01282483 -0.01125675 0.008850157 0.01363068 -0.0111196 0.008663296 0.01639187 -0.01157891 0.00838226 0.01442283 -0.0105623 0.009264767 0.01597088 -0.01080513 0.009103477 0.01549273 -0.01080065 0.00929594 0.01363414 -0.01190662 0.008338928 0.009619235 -0.0116415 0.008574843 0.01161462 -0.01178443 0.008357644 0.01207596 -0.01119923 0.008321821 0.01791232 -0.01086497 0.008473932 0.0191785 -0.01086437 0.008306503 0.02002602 -0.01026511 0.008740484 0.02091228 -0.01049011 0.008301675 0.02194064 -0.01005452 0.008310794 0.02378135 -0.009596407 0.008991003 0.02247822 -0.009884238 0.008318781 0.02441507 -0.009037971 0.009109497 0.02390629 -0.008955299 0.009106874 0.02419602 -0.009392559 0.008353412 0.02603793 -0.008548319 0.009102106 0.02550083 -0.008282124 0.008461058 0.02888941 -0.008771896 0.00841099 0.02774703 -0.008532583 0.008615314 0.02764201 -0.009220063 0.008368372 0.02654635 -0.005327045 0.008702814 0.03335946 -0.005949616 0.008668661 0.03267818 -0.006029844 0.008797764 0.03216314 -0.006535768 0.008626699 0.0319283 -0.006990194 0.008600711 0.0312246 -0.007166266 0.008572518 0.03098636 -0.006804883 0.009067595 0.02989447 -0.007748007 0.008516252 0.02997028 -0.007693409 0.008853495 0.02884846 -0.007840275 0.008506834 0.02979439 -0.004998922 0.008963704 0.03294062 -0.005069077 0.008714258 0.03360998 -0.004664421 0.008729279 0.03396832 -0.003885746 0.009097754 0.0335555 -0.004498422 0.008734524 0.03410369 -0.00275433 0.008767247 0.03516083 -0.003171801 0.00876218 0.0349642 -0.002684175 0.009197413 0.03400689 -0.003849685 0.008750855 0.03457152 -0.003964543 0.008748412 0.03449547 -0.001795709 0.009198606 0.034361 -0.002297639 0.008771538 0.03533953 -0.002463281 0.008770108 0.03527897 -0.002454638 0.009200096 0.03410679 -0.001556515 0.008776485 0.03555339 -0.001396894 0.00919795 0.0344727 -0.001432299 0.008777141 0.03558045 -0.001120567 0.00919795 0.03453153 -8.02706e-4 0.008779346 0.03568071 -4.15427e-4 0.009197831 0.03462016 0 0.008779585 0.03572553 -2.32047e-4 0.009197235 0.03463107 0 0.009197115 0.034635 -0.003126859 0.009202599 0.03374952 -0.003738164 0.009204387 0.03333133 -0.003859937 0.009204506 0.0332368 -0.00432384 0.009204149 0.03284025 -0.004964232 0.009199678 0.03219324 -0.005565643 0.009189426 0.03147196 -0.008100807 0.009107232 0.02674901 -0.007610678 0.009120166 0.02793818 -0.007071793 0.009139835 0.02906513 -0.006481051 0.009161651 0.03012561 -0.006130039 0.009173631 0.03068161 -0.005891919 0.009181022 0.0310297 -0.008318662 0.009053349 0.02639347 -0.01059281 0.00892353 0.01819872 -0.0102474 0.009219467 0.01825374 -0.009911656 0.009177327 0.02016949 -0.009503841 0.009136915 0.02208495 -0.01145786 0.00888139 0.009306013 -0.01105529 0.009275734 0.009078383 -0.01096606 0.009301304 0.01125067 -0.01148569 0.008342802 0.01559877 -0.01157838 0.008349776 0.01468282 -0.01260995 0.008464157 0.009546935 -0.01231181 0.008269727 0.009659171 -0.0121901 0.008288085 0.01210194 -0.01198381 0.008284211 0.01472151 -0.01189112 0.0082798 0.01564246 -0.01160454 0.008268415 0.01797008 -0.01126897 0.008265912 0.02009892 -0.0108931 0.008276104 0.02202916 -0.01070052 0.008285701 0.02288866 -0.01045447 0.008301913 0.02388727 -0.01028281 0.00831598 0.02452766 -0.01007908 0.008335411 0.02523541 -0.009785532 0.008367359 0.02616941 -0.009610772 0.008387982 0.02668428 -0.00930047 0.008426368 0.02753251 -0.009155869 0.008444786 0.02790158 -0.008657157 0.008509397 0.02906215 -0.008111536 0.008579373 0.03016275 -0.007514953 0.00865072 0.0312004 -0.006865859 0.008719742 0.03216564 -0.006259322 0.00877434 0.0329371 -0.005612254 0.008820295 0.03364086 -0.002427637 0.008919239 0.03570872 -0.004920363 0.008857011 0.03427284 -0.004746556 0.008864521 0.03441381 -0.004065454 0.008888185 0.03490227 -0.003651201 0.008898854 0.03515291 -0.003351211 0.008905231 0.0353139 -0.002602815 0.008917152 0.03564494 -0.002560794 0.008917629 0.03566074 -0.001643836 0.00892651 0.03593409 -0.001403629 0.00892806 0.03598397 -8.44597e-4 0.008930444 0.03606849 0 0.008930981 0.03611546 0.009486854 0.009079754 0.01615977 0.009727895 0.009125173 0.01380336 0.009829223 0.00930339 0.01588577 0.01006883 0.009344696 0.01357257 0.009896099 0.009136676 0.01141786 0.01023483 0.009353399 0.01121002 0.009991824 0.009109258 0.009174466 0.010324 0.009325802 0.009049415 0.009425163 0.009066641 0.01666039 0.00951308 0.009240567 0.01814174 0.009105443 0.008999288 0.01886433 0.009176433 0.009177505 0.02003204 0.008710384 0.008927583 0.02102166 0.008767783 0.009111523 0.02191799 0.008636951 0.008916139 0.02137619 0.008247852 0.008866131 0.02306586 0.008303225 0.009055972 0.0237053 0.007967114 0.008840858 0.02411597 0.008221268 0.009048521 0.0239889 0.007796108 0.008829414 0.02469801 0.00781989 0.009020328 0.02526408 0.007351398 0.008809685 0.02605259 0.00756067 0.009007573 0.0260021 0.007380723 0.009000241 0.02648121 0.006923973 0.008799791 0.02718049 0.006903111 0.008986949 0.02763497 0.006736755 0.008797407 0.02762734 0.006456315 0.008795261 0.02824997 0.006383001 0.008979022 0.02872264 0.005946278 0.008794069 0.02925759 0.006042659 0.008975148 0.0293532 0.005817234 0.008972644 0.02973997 0.005389571 0.008792221 0.03019994 0.005484163 0.00896877 0.03026962 0.005007386 0.008789479 0.03076398 0.005081951 0.008962869 0.03084683 0.004872679 0.008788168 0.03094822 0.004954099 0.008960604 0.03101694 0.004331409 0.008781254 0.03161942 0.004394531 0.008948147 0.0316928 0.003807127 0.008932232 0.03229045 0.003755271 0.0087713 0.03222066 0.003372669 0.008920311 0.03266352 0.00328356 0.008762478 0.03263151 0.003277897 0.008917808 0.03273743 0.002719879 0.008752405 0.03303307 0.002732932 0.008904337 0.03311288 0.002142012 0.008893013 0.0334292 0.002127528 0.008743643 0.03335773 0.001568436 0.008886218 0.03365218 0.001707434 0.008739054 0.03353196 9.82426e-4 0.008882224 0.03380143 0.001058042 0.008734405 0.03371703 2.01857e-4 0.008880019 0.03388947 3.85311e-4 0.008732497 0.03381007 3.62527e-4 0.008880734 0.03387981 0.001120567 0.00919795 0.03453153 0.001396894 0.00919795 0.0344727 0.001432299 0.008777141 0.03558045 0.007071793 0.009139835 0.02906513 0.007610678 0.009120166 0.02793818 0.007693409 0.008853495 0.02884846 0.01096612 0.009301304 0.01124995 0.01089054 0.009278476 0.01282483 0.01080071 0.00929594 0.01363348 0.01126563 0.009031057 0.01092624 0.01105529 0.009275734 0.009078383 0.01125675 0.008850157 0.01363068 0.01080513 0.009103477 0.01549273 0.01056236 0.009264767 0.01597023 0.010486 0.009253501 0.0165854 0.009037971 0.009109497 0.02390629 0.009503841 0.009136915 0.02208495 0.009596407 0.008991003 0.02247822 0.009911656 0.009177327 0.02016949 0.01059281 0.00892353 0.01819872 0.01086497 0.008473932 0.0191785 0.01026511 0.008740484 0.02091228 0.009907782 0.00831753 0.02432984 0.008955299 0.009106874 0.02419602 0.009677529 0.008331537 0.025132 0.009320378 0.008359551 0.02625411 0.008548319 0.009102106 0.02550083 0.009170114 0.008372902 0.02668845 0.008532583 0.008615314 0.02764201 0.008100807 0.009107232 0.02674901 0.008318662 0.009053349 0.02639347 0.006481051 0.009161651 0.03012561 0.006804883 0.009067595 0.02989447 0.006130039 0.009173631 0.03068161 0.006990194 0.008600711 0.0312246 0.005891919 0.009181022 0.0310297 0.006029844 0.008797764 0.03216314 0.005565643 0.009189426 0.03147196 0.004964232 0.009199678 0.03219324 0.003885746 0.009097754 0.0335555 0.003859937 0.009204506 0.0332368 0.004998922 0.008963704 0.03294062 0.00432384 0.009204149 0.03284025 0.001577377 0.008776426 0.03554862 0.001795709 0.009198606 0.034361 0.002129077 0.008772909 0.03539621 0.002753794 0.008767247 0.03516107 0.002454638 0.009200096 0.03410679 0.002684175 0.009197413 0.03400689 0.003126859 0.009202599 0.03374952 0.003738164 0.009204387 0.03333133 4.15427e-4 0.009197831 0.03462016 8.18808e-4 0.008779287 0.03567898 2.32047e-4 0.009197235 0.03463107 0.004191994 0.008742988 0.03433644 0.003964841 0.008748352 0.03449529 0.003531754 0.008756756 0.03476738 0.002844333 0.008766233 0.03512126 0.006231188 0.008649706 0.03233194 0.006074666 0.008660554 0.0325275 0.005636692 0.008687138 0.03303462 0.00500673 0.008716762 0.03366786 0.004338562 0.008739113 0.03422778 0.006857097 0.008600056 0.03146719 0.007448911 0.008545875 0.03051197 0.007994115 0.008490979 0.02949154 0.008496463 0.008438885 0.02840912 0.008958101 0.008392751 0.02726787 0.01156228 0.008766114 0.009372591 0.01190662 0.008338928 0.009619235 0.0116415 0.008574843 0.01161462 0.0117858 0.008357644 0.0120542 0.01157891 0.00838226 0.01442283 0.0111196 0.008663296 0.01639187 0.01024752 0.009219467 0.01825314 0.01158297 0.008350133 0.01463437 0.01140946 0.008336842 0.0162791 0.01110833 0.008316516 0.01853531 0.01073557 0.008303463 0.02072787 0.01035135 0.008302927 0.02256572 0.01210969 0.008288562 0.01325124 0.01219147 0.008288025 0.01208013 0.01231181 0.008269727 0.009659171 0.01261186 0.008465409 0.00954622 0.01113969 0.008268058 0.02080625 0.01151353 0.008266448 0.0185973 0.01181489 0.008276224 0.01632672 0.01198846 0.008284389 0.01467275 0.009560108 0.008394062 0.02682822 0.0100739 0.008335947 0.02525275 0.01030653 0.008313894 0.02444159 0.01075345 0.00828278 0.02265989 0.009345054 0.008420705 0.02741545 0.008875608 0.008481025 0.02857393 0.008725285 0.008500576 0.02891308 0.008363187 0.008547425 0.02967488 0.007805109 0.008616924 0.03071546 0.007197022 0.008685708 0.03169268 0.006551086 0.008749425 0.03258055 0.006713032 0.008734524 0.03237116 0.004578948 0.008871138 0.03454321 0.005278229 0.008839488 0.03396064 0.005383491 0.008833765 0.03386288 0.005934476 0.008798956 0.03330487 0.006078898 0.008788406 0.03314512 0.003730773 0.008897006 0.03510737 0.004425108 0.00887674 0.03465658 8.616e-4 0.008930385 0.03606671 0.001666009 0.008926331 0.03592902 0.003005325 0.008911311 0.035479 0.002249181 0.008921146 0.03576844 0.001969993 0.008923947 0.03585171 0.01206481 0.008230507 0.00968182 0.01215791 0.008220076 0.00968784 0.01205015 0.008238673 0.01207125 0.0122441 0.008236587 0.009678304 0.01190263 0.008263945 0.01206183 0.01202142 0.008246123 0.00967282 0.01197451 0.008272767 0.009657442 0 0.00875771 0.03587657 0 0.008812904 0.03601878 8.50606e-4 0.008812367 0.03597056 0.001611232 0.008753895 0.03569573 8.34996e-4 0.008757293 0.03582912 0.001643538 0.008808612 0.03583449 0.002174735 0.008749783 0.03553992 0.002905309 0.008741915 0.035259 0.004278659 0.008714497 0.03445857 0.003606557 0.008730649 0.03489774 0.002218604 0.008803904 0.03567576 0.002964019 0.008794844 0.03538948 0.003679096 0.00878179 0.03502178 0.004363715 0.008763253 0.03457534 0.004515409 0.008758127 0.03446304 0.005205035 0.00872904 0.03388547 0.004427731 0.008709967 0.03434801 0.005106031 0.008684277 0.03377872 0.00585258 0.008691549 0.03323477 0.006344616 0.008609056 0.0324248 0.00574398 0.008650779 0.03313624 0.006461203 0.008645415 0.03251546 0.007099509 0.008585751 0.03163278 0.00770092 0.008521318 0.03066051 0.008253157 0.00845617 0.02962446 0.006975591 0.008554518 0.03155058 0.007571101 0.00849539 0.03058636 0.008118689 0.008435606 0.02955764 0.008622527 0.008378863 0.02846759 0.009084761 0.008328139 0.02731925 0.009296774 0.008306145 0.02673655 0.009803771 0.008259534 0.02517235 0.008760631 0.008394181 0.02852761 0.009225666 0.008338332 0.02737295 0.009438812 0.008313894 0.02678745 0.009948074 0.008261144 0.02521628 0.01017874 0.008241772 0.02440714 0.01062196 0.008216261 0.02262967 0.01100498 0.008206665 0.02078014 0.01137596 0.008210122 0.0185759 0.01167535 0.008223593 0.01630979 0.01184791 0.008233606 0.01465904 0.01003366 0.008243083 0.02436649 0.01047563 0.008223593 0.0225954 0.01085799 0.008219599 0.02075165 0.01122856 0.008228302 0.01855337 0.01152789 0.008245646 0.01629251 0.01170051 0.008257508 0.01464509 -0.01204627 0.008236229 0.009678542 -0.01202154 0.008246064 0.00967282 -0.01190125 0.008264005 0.01208359 -0.01197034 0.008275747 0.009655714 -0.01204878 0.008238732 0.01209306 -0.01216936 0.008220791 0.009687423 -0.01213401 0.008219957 0.0096879 -0.01222801 0.00823152 0.009681224 0 0.008812904 0.03601878 0 0.00875771 0.03587657 -8.18552e-4 0.008757352 0.03583085 -8.33834e-4 0.008812487 0.03597235 -0.001621663 0.008808732 0.03583955 -0.002394497 0.008802056 0.03561669 -0.002567231 0.008800148 0.03555363 -0.002516269 0.008746504 0.03542011 -0.002347052 0.008748173 0.03548198 -0.001589834 0.008754014 0.03570067 -0.003304958 0.0087893 0.03522616 -0.004009068 0.008773744 0.03481864 -0.003239512 0.008737087 0.03509861 -0.00393033 0.008723676 0.03469806 -0.004590153 0.008704662 0.03422164 -0.004758715 0.008698582 0.03408402 -0.004680633 0.008752048 0.03433477 -0.004852056 0.008745193 0.03419506 -0.005534589 0.008711338 0.03356826 -0.006173193 0.008668661 0.03286963 -0.00677216 0.008617579 0.03210312 -0.007413923 0.008552968 0.03114306 -0.008004128 0.008486092 0.03011029 -0.005430579 0.008668482 0.03346562 -0.006060302 0.008630156 0.03277522 -0.006651818 0.008583664 0.03201657 -0.007286846 0.008524477 0.0310651 -0.007871627 0.008463084 0.0300402 -0.008544266 0.008420646 0.02901411 -0.009038209 0.008360564 0.0278576 -0.00948894 0.008308291 0.02664393 -0.00966221 0.008289515 0.02613055 -0.0101552 0.00824356 0.02449309 -0.01032549 0.00823158 0.02385419 -0.01076042 0.008211374 0.02200043 -0.01113319 0.008206307 0.02007436 -0.01146638 0.008213222 0.01794993 -0.01175111 0.008228063 0.0156269 -0.01184338 0.008233368 0.01470774 -0.01169592 0.00825721 0.01469367 -0.01160371 0.008250951 0.01561105 -0.01131892 0.008232653 0.01792895 -0.01098603 0.008221089 0.02004784 -0.01061385 0.008220732 0.02196818 -0.01017993 0.008234798 0.02381563 -0.01001018 0.008244574 0.02445209 -0.009519159 0.008284389 0.02608269 -0.009346723 0.008301138 0.02659374 -0.008898377 0.008348286 0.02780127 -0.008407652 0.008403062 0.02895116 -0.01067894 0.009425282 0.008992016 -0.01056849 0.009418845 0.008995711 -0.01047819 0.009447336 0.01122343 -0.01049131 0.009402155 0.009005367 -0.01100766 0.009313941 0.009056329 0 0.009222745 0.03434395 0 0.009107947 0.03407531 -2.19903e-4 0.009222924 0.03434032 -3.94302e-4 0.00922352 0.03432995 -0.001066327 0.009224236 0.03424561 -0.00170654 0.009226202 0.03408414 -0.00233221 0.0092296 0.03384333 -0.002973496 0.009235084 0.03350365 -0.003560781 0.009240686 0.03310376 -0.004127025 0.009245157 0.03263145 -0.004750549 0.009247183 0.03200525 -2.08976e-4 0.009108126 0.03407192 -3.75156e-4 0.009108722 0.03406196 -0.001016318 0.009109973 0.03398138 -0.001624226 0.009113132 0.0338276 -0.00221908 0.009118497 0.03359806 -0.002830982 0.009127199 0.03327327 -0.003394305 0.009137034 0.03288894 -0.003940224 0.009146928 0.03243273 -0.004544794 0.009156346 0.03182446 -0.005119264 0.009161591 0.03113865 -0.005895495 0.009236037 0.03053027 -0.00533998 0.009244203 0.03130286 -0.00566256 0.009162187 0.03038167 -0.006003141 0.009160757 0.02984613 -0.006580233 0.009157359 0.0288192 -0.00710994 0.009155631 0.02772271 -0.007595181 0.009159147 0.0265609 -0.008040785 0.009169697 0.02533662 -0.008447408 0.009188711 0.02405446 -0.008530318 0.009194195 0.02376937 -0.008999764 0.009237945 0.02197349 -0.006242394 0.009228885 0.02998512 -0.006828248 0.009215295 0.02894246 -0.007364392 0.009203553 0.02783173 -0.007853806 0.009197533 0.0266571 -0.008302032 0.009199023 0.0254215 -0.008710384 0.009209573 0.02412867 -0.008793473 0.009213387 0.02384132 -0.009262859 0.009247004 0.02203315 -0.009674727 0.009293138 0.0201283 -0.01001387 0.009340226 0.01822125 -0.01033186 0.009389698 0.01594656 -0.01057225 0.009423017 0.0136162 -0.01073843 0.009428799 0.01123768 -0.01085472 0.009392976 0.009010672 -0.01031172 0.009440362 0.0135945 -0.01007074 0.009403467 0.01591646 -0.009752035 0.009347736 0.01818156 -0.009412288 0.009293198 0.02007925 0.01071888 0.0094226 0.008993566 0.01082944 0.009401023 0.009006023 0.01073849 0.009428799 0.01123702 0.01090204 0.00937438 0.009021401 0.01037418 0.009355306 0.009032428 0 0.009107947 0.03407531 0 0.009222745 0.03434395 2.08976e-4 0.009108126 0.03407192 2.19903e-4 0.009222924 0.03434032 3.94302e-4 0.00922352 0.03432995 0.001066327 0.009224236 0.03424561 0.00170654 0.009226202 0.03408414 0.00233221 0.0092296 0.03384333 0.002973496 0.009235084 0.03350365 0.003560781 0.009240686 0.03310376 3.75156e-4 0.009108722 0.03406196 0.001016318 0.009109973 0.03398138 0.001624226 0.009113132 0.0338276 0.00221908 0.009118497 0.03359806 0.002830982 0.009127199 0.03327327 0.003394305 0.009137034 0.03288894 0.003940224 0.009146928 0.03243273 0.004127025 0.009245157 0.03263145 0.004750549 0.009247183 0.03200525 0.00533998 0.009244203 0.03130286 0.004544794 0.009156346 0.03182446 0.005119264 0.009161591 0.03113865 0.00566256 0.009162187 0.03038167 0.006003141 0.009160757 0.02984613 0.006580233 0.009157359 0.0288192 0.00710994 0.009155631 0.02772271 0.007595181 0.009159147 0.0265609 0.008040785 0.009169697 0.02533662 0.005895495 0.009236037 0.03053027 0.006242394 0.009228885 0.02998512 0.006828248 0.009215295 0.02894246 0.007364392 0.009203553 0.02783173 0.007853806 0.009197533 0.0266571 0.008302032 0.009199023 0.0254215 0.008710384 0.009209573 0.02412867 0.008793473 0.009213387 0.02384132 0.009262859 0.009247004 0.02203315 0.009674727 0.009293138 0.0201283 0.01001399 0.009340286 0.01822066 0.008447408 0.009188711 0.02405446 0.008530318 0.009194195 0.02376937 0.008999764 0.009237945 0.02197349 0.009412288 0.009293198 0.02007925 0.009752154 0.009347796 0.01818096 0.0100708 0.009403467 0.01591587 0.01031178 0.009440362 0.01359385 0.01047825 0.009447336 0.01122277 0.01053857 0.009413599 0.008998751 0.01057231 0.009423017 0.01361554 0.01033192 0.009389698 0.01594597 -0.009682118 0.009070277 0.009196996 -0.009894192 0.009064793 0.009200155 0 0.008601725 0.03372251 -0.001007974 0.008536815 0.0334686 -3.67038e-4 0.008534312 0.03355759 0 0.008533358 0.03357189 -3.78087e-4 0.008602619 0.03370785 -0.001038074 0.008604824 0.0336163 -0.001674175 0.008610069 0.03343421 -0.002085804 0.008615493 0.03326272 -0.002666711 0.008625984 0.03294271 -0.0032202 0.008638501 0.03254628 -0.003683924 0.008650004 0.03214007 -0.004251003 0.008663892 0.03154468 -0.004784464 0.008675158 0.03087902 -0.005294501 0.008683681 0.03013616 -0.001624166 0.008542835 0.03329187 -0.00202322 0.008549094 0.03312534 -0.002587914 0.008561253 0.03281396 -0.003127992 0.008576154 0.03242689 -0.003582 0.008590221 0.03202897 -0.004139065 0.008607923 0.03144383 -0.004664957 0.008623421 0.03078746 -0.005168735 0.008636474 0.03005349 -0.005844354 0.008690893 0.02919977 -0.006812453 0.008707523 0.02713274 -0.006349086 0.008697569 0.02819734 -0.005713045 0.008648991 0.02912634 -0.006214082 0.008660674 0.0281322 -0.006675004 0.008675515 0.02707511 -0.007097661 0.008695423 0.02595853 -0.007539153 0.008726 0.02461534 -0.00798887 0.00877422 0.02299582 -0.008378267 0.008834779 0.02131694 -0.008451879 0.008848249 0.02096438 -0.008848726 0.008930563 0.01881843 -0.009169459 0.009005606 0.01662516 -0.009231328 0.00902009 0.01612681 -0.00723654 0.008722782 0.02600932 -0.007678508 0.008748531 0.02465933 -0.008127987 0.008791804 0.02303236 -0.008516013 0.008848071 0.0213474 -0.008589327 0.008860707 0.0209937 -0.008984029 0.008938789 0.01884156 -0.00930339 0.009010732 0.0166428 -0.009365022 0.00902462 0.01614332 -0.009606003 0.00907278 0.01379197 -0.009774386 0.009085476 0.01141119 -0.009784638 0.009051322 0.009207904 -0.009642422 0.009083151 0.01140385 -0.009473383 0.009069919 0.01378029 0.009916782 0.009072005 0.009195983 0.009642422 0.009083151 0.01140385 0.009710133 0.009061872 0.009201824 0.009816169 0.00905168 0.009207725 0.009473383 0.009069919 0.01378029 0 0.008533358 0.03357189 3.67038e-4 0.008534312 0.03355759 0.001007974 0.008536815 0.0334686 0.001624166 0.008542835 0.03329187 0.004784464 0.008675158 0.03087902 0.004251003 0.008663892 0.03154468 0.003683924 0.008650004 0.03214007 0.0032202 0.008638501 0.03254628 0.002666711 0.008625984 0.03294271 0.002085804 0.008615493 0.03326272 0.001674175 0.008610069 0.03343421 0.001038074 0.008604824 0.0336163 3.78087e-4 0.008602619 0.03370785 0 0.008601725 0.03372251 0.005294501 0.008683681 0.03013616 0.005844354 0.008690893 0.02919977 0.006349086 0.008697569 0.02819734 0.006812453 0.008707523 0.02713274 0.00723654 0.008722782 0.02600932 0.007678508 0.008748531 0.02465933 0.00202322 0.008549094 0.03312534 0.002587914 0.008561253 0.03281396 0.003127992 0.008576154 0.03242689 0.003582 0.008590221 0.03202897 0.004139065 0.008607923 0.03144383 0.004664957 0.008623421 0.03078746 0.005168735 0.008636474 0.03005349 0.005713045 0.008648991 0.02912634 0.006214082 0.008660674 0.0281322 0.006675004 0.008675515 0.02707511 0.007097661 0.008695423 0.02595853 0.007539153 0.008726 0.02461534 0.00798887 0.00877422 0.02299582 0.008378267 0.008834779 0.02131694 0.008451879 0.008848249 0.02096438 0.008848726 0.008930563 0.01881843 0.009169459 0.009005606 0.01662516 0.009231328 0.00902009 0.01612681 0.009774386 0.009085476 0.01141119 0.009606003 0.00907278 0.01379197 0.009365022 0.00902462 0.01614332 0.00930339 0.009010732 0.0166428 0.008984029 0.008938789 0.01884156 0.008589327 0.008860707 0.0209937 0.008516013 0.008848071 0.0213474 0.008127987 0.008791804 0.02303236 -0.00192821 0.01043665 0.009293437 -0.004719436 0.01033562 0.009583353 -0.009105503 0.009374856 0.01052922 0.006431221 0.01014596 0.008787691 0.006800353 0.01008474 0.008794963 7.37739e-4 0.01043993 0.009073436 0.005391895 0.01027411 0.008794367 -0.0127232 0.008610308 0.01129239 -0.01262384 0.008545219 0.01132398 -0.01050335 0.009439408 0.01060408 -0.01076972 0.009419202 0.01063823 0.001587748 0.01239556 0.007808566 -0.001120805 0.01044213 0.009224057 -0.005192816 0.01029914 0.009644389 0.002068519 0.0104267 0.008972764 0.0049389 0.01031106 0.008808791 -0.0109874 0.009295225 0.01073181 -0.001057446 0.01240575 0.008018612 4.3324e-4 0.01044136 0.009097516 -0.002347588 0.01043111 0.009331107 -0.002105593 0.0104348 0.009309053 -0.009291887 0.009273171 0.01060664 -0.01048189 0.009434759 0.01060515 -0.01097601 0.009304344 0.01072531 0.001726865 0.01239371 0.007798314 0.001960039 0.01042824 0.008980691 0.005773127 0.01221024 0.007579624 0.005031168 0.01030302 0.008806169 -0.00127685 0.01044148 0.009237229 -0.01208001 0.008234083 0.01146978 -0.01207089 0.008233845 0.01146918 0.00631529 0.01016706 0.008784294 -0.01209515 0.008236825 0.0114693 -0.009594261 0.01135456 0.009359061 -0.002828717 0.01042318 0.009375274 -0.0054183 0.01028573 0.009671032 0.005906701 0.0102207 0.00878489 0.005541026 0.01025819 0.008791863 0.006937026 0.01005393 0.008802592 -0.005672693 0.01224094 0.008496642 -0.005187153 0.01227176 0.00843811 0.00193727 0.01239025 0.007783234 -4.35221e-4 0.01044303 0.009167492 0.001656651 0.01043248 0.009002923 0.001482546 0.01043438 0.009015977 -0.01002299 0.009192764 0.01071554 -0.01025831 0.009346127 0.01064103 -0.01168924 0.008532345 0.0112555 -0.01181924 0.008352339 0.01137614 -0.009382367 0.01143455 0.00929284 -0.008707344 0.01168084 0.009087085 0.006672024 0.01210248 0.007572054 -0.01081043 0.009398102 0.01065444 0.007592678 0.009917676 0.008832275 -0.002576351 0.01042795 0.00935173 0.003380894 0.01039487 0.008884966 -0.004772722 0.01230472 0.008384048 0.002572655 0.01237887 0.007738232 -0.009924769 0.00912851 0.01074683 -9.76412e-4 0.01044249 0.009212017 -5.70357e-4 0.01044303 0.009178519 -1.28938e-4 0.01044267 0.009142637 0 0.01043981 0.009133875 -0.005923986 0.01023733 0.009741961 4.11858e-4 0.01239854 0.00790286 -0.006097674 0.01021081 0.00977236 -0.006180822 0.0101968 0.009787738 -0.007709264 0.009901046 0.01009345 -0.003844141 0.01236128 0.008273601 -0.0114656 0.01021391 0.01020932 -0.01135873 0.01030606 0.01014423 -0.003512382 0.01237231 0.008239746 0.002396881 0.0123825 0.007750391 0.003927469 0.01037395 0.008853018 0.003075718 0.01040327 0.008904695 -0.01183724 0.008334398 0.01138859 -0.008133888 0.01183122 0.008948266 -0.0108484 0.01066792 0.009881317 -0.01056492 0.01085674 0.009742736 5.07685e-4 0.01240438 0.007891476 0.004455387 0.01230895 0.007627069 0.004722595 0.01229 0.007616758 0.005675017 0.01222139 0.007580876 -0.007417201 0.009971797 0.01002633 0.001369655 0.01043552 0.0090245 -0.00379008 0.01236337 0.008267879 -0.0118516 0.008326053 0.01139485 -0.009895563 0.009115099 0.01075261 -0.009777426 0.009075522 0.01076716 -0.01257574 0.009037911 0.01101893 0 0.01239889 0.007936298 -3.49598e-4 0.01239907 0.007964789 -0.003045141 0.01238286 0.008195102 -0.00240451 0.01239448 0.008135616 0.003247201 0.01236116 0.007693886 0.002695679 0.0104143 0.008929073 0.003983914 0.0103712 0.008850097 -0.01193982 0.008256614 0.0114445 -0.01222252 0.008283197 0.01145136 -0.00813663 0.009768724 0.01020926 -0.009684085 0.009073853 0.01076054 8.72063e-4 0.01240235 0.007862925 0.004403471 0.0123133 0.007628619 0.001251995 0.01043665 0.009033441 3.40589e-4 0.01043903 0.009106516 -0.00787723 0.00985074 0.01013791 -0.01030206 0.009366154 0.01063239 -0.01263338 0.008958041 0.01107245 -0.01282232 0.008675217 0.0112608 -0.002084851 0.01239818 0.008107185 -0.00163877 0.01240283 0.008067905 6.41772e-5 0.01239931 0.007930815 -0.009809315 0.009079456 0.01076734 -0.01193326 0.008259236 0.01144236 -0.01220023 0.008273005 0.01145577 -0.009568572 0.009111881 0.01072788 -0.009599447 0.009106218 0.01073384 -0.00399059 0.01038163 0.009495675 -0.007069885 0.0100345 0.009959638 -0.006661653 0.01011252 0.009878516 -0.004291951 0.01036262 0.009531915 -0.004100918 0.01037532 0.00950855 -0.009548127 0.009121537 0.01072031 0.003998041 0.01037049 0.008849382 0.003769636 0.01038002 0.008862197 0.002481102 0.01041901 0.008943736 -0.009685099 0.01131582 0.009390175 9.63504e-4 0.01240175 0.007855772 0.004353642 0.01231676 0.007630586 0.004253625 0.01232296 0.007634997 0.001144647 0.01043736 0.009041786 -4.15647e-4 0.01239973 0.007969796 -0.001511335 0.01240348 0.008057057 -0.001173853 0.01240551 0.008028209 -0.01196289 0.008252322 0.01144903 0.002365231 0.01042133 0.008951783 -0.007209122 0.01001137 0.009985148 0.004421651 0.01034265 0.008831739 -0.009874582 0.01121479 0.009467422 -0.01072233 0.009427845 0.01062905 0.001502692 0.01239639 0.007815003 -0.01108109 0.009203076 0.01079577 -5.2522e-4 0.0124067 0.007974445 -0.0105338 0.009441256 0.01060545 8.49681e-4 0.01043951 0.009064555 0.003421485 0.0123564 0.007682561 -0.00144118 0.01044046 0.009251296 -0.008761823 0.009528994 0.01040691 -0.008451879 0.009661793 0.01030045</float_array>
          <technique_common>
            <accessor source="#MRH-F-Distal-Visual_00_001-mesh-positions-array" count="1471" stride="3">
              <param name="X" type="float"/>
              <param name="Y" type="float"/>
              <param name="Z" type="float"/>
            </accessor>
          </technique_common>
        </source>
        <source id="MRH-F-Distal-Visual_00_001-mesh-normals">
          <float_array id="MRH-F-Distal-Visual_00_001-mesh-normals-array" count="8772">-0.6594347 0.7306385 0.1769558 -0.3054078 0.9522154 0.003472983 -0.7871224 0.6129014 0.06921309 -0.9662603 -0.2390879 0.09580242 -0.7821912 0.6175473 0.08253687 -0.7780504 0.6230099 0.08060091 -0.7696686 0.6269902 0.1203899 -0.7829926 0.6058083 0.1411349 -0.6597549 0.7273236 0.1890079 -0.594071 0.8044101 -0.002028822 -0.8015304 0.5973241 0.02744168 -0.8199961 0.5712801 0.03529208 -0.3262419 0.9447282 -0.03248101 -0.2447879 0.9695477 -0.007493853 -0.4204187 0.9028389 -0.09016638 -0.397457 0.9174485 -0.01778942 -0.3559628 0.9344424 -0.0104016 -0.3422632 0.9396023 0.001884996 -0.2592693 0.9654794 -0.02508372 -0.197373 0.9803264 -0.002049088 -0.08501589 0.9963355 -0.009388983 -0.1161805 0.9928161 -0.0286085 -0.1705101 0.9848644 -0.03112286 -8.67254e-4 0.999852 -0.01718884 -0.01285815 0.9191797 0.3936287 -0.04671126 0.9311589 0.3616094 -0.1288316 0.9316086 0.3398645 -0.1217766 0.9304561 0.345575 -0.1184001 0.9305176 0.3465812 -0.09634077 0.9291608 0.3569015 -0.05047369 0.9317241 0.3596425 -0.06543773 0.9504888 0.3037912 -0.06263417 0.9476642 0.3130649 -0.2049482 0.9189038 0.3370639 -0.219829 0.924069 0.3126848 -0.2074091 0.9224625 0.3256446 -0.1888638 0.9212729 0.3399807 -0.1559767 0.9240562 0.3489863 -0.3674262 0.8830013 0.2920731 -0.318436 0.8936558 0.3161929 -0.2836863 0.9077125 0.3091604 -0.2758334 0.9073524 0.3172187 -0.2565436 0.9091575 0.3280521 -0.5069208 0.8250833 0.2495372 -0.4722234 0.8377817 0.2740928 -0.4363745 0.8619433 0.2581301 -0.4236366 0.8582586 0.2896971 -0.3564746 0.8890926 0.2871243 -0.5531968 0.8101935 0.1938034 -0.5539406 0.8013345 0.2258607 -0.6039043 0.7716534 0.1996266 -0.603214 0.7764276 0.1824644 -0.6849163 0.7105123 0.1614375 -0.8625884 0.454384 0.2224332 -0.6415038 0.7494038 0.1639114 -0.6441926 0.7465357 0.1664344 -0.6483694 0.7417425 0.171567 -0.108811 0.9539674 0.2794753 -0.107268 0.9537366 0.2808561 -0.183787 0.9443945 0.272656 -0.1803669 0.9440477 0.2761192 -0.2619477 0.9285069 0.2631697 -0.2567905 0.9282121 0.269223 -0.3418798 0.9055503 0.2511911 -0.335461 0.9053993 0.260227 -0.4202084 0.8758034 0.2374729 -0.4131336 0.8756889 0.2499795 -0.4876977 0.8433874 0.2254963 -0.4812216 0.8447228 0.2342419 -0.5323829 0.8162423 0.2243145 -0.5497167 0.8093397 0.2068358 -0.08309793 0.980507 0.1780472 -0.07927793 0.980243 0.181215 -0.1401401 0.9743887 0.1758622 -0.1338015 0.9742039 0.1817249 -0.2005172 0.9642739 0.1731144 -0.1921353 0.9643595 0.18192 -0.2639653 0.9494922 0.1696675 -0.2542331 0.9499464 0.1815698 -0.3281696 0.929962 0.165757 -0.3178754 0.9307128 0.1809115 -0.3900274 0.9064162 0.1621368 -0.3800437 0.9071404 0.1807292 -0.4520205 0.8778474 0.1583086 -0.1045145 0.9944661 0.01067584 -0.1561194 0.9860944 0.05696243 -0.1781821 0.9830965 0.04209947 -0.04918807 0.9978065 0.04430407 -0.03778296 0.9981132 0.04840111 -0.07206827 0.9964131 0.044353 -0.05687212 0.9971032 0.05050706 -0.09729474 0.9942747 0.04417842 -0.07895112 0.995493 0.05253994 -0.1240239 0.9913159 0.04371553 -0.103347 0.9931592 0.05435174 -0.1506205 0.9876491 0.04316121 -0.02564269 0.9995597 0.01493698 -0.02053719 0.9996519 0.01657176 -0.03862267 0.9991508 0.01435691 -0.03157705 0.9993579 0.0169354 -0.05332273 0.9984875 0.01339697 -0.04449629 0.9988638 0.01706767 -0.06923002 0.9975283 0.01202547 -0.05891436 0.9981201 0.01689594 -0.04412221 0.9988981 -0.01599884 -0.03359031 0.9993477 -0.01326406 -0.02840727 0.9995141 -0.01282817 -0.02500742 0.9996206 -0.01154887 -0.01793897 0.9997857 -0.01034069 -0.01736569 0.9997977 -0.01015317 -0.0116828 0.9998874 -0.009422719 -0.01085054 0.9998989 -0.009190142 -0.00546652 0.9999471 -0.00872451 -0.01125335 0.9998067 0.01612138 -0.01433116 0.9997808 0.01526844 -0.02140086 0.9986883 0.04651647 -0.02851021 0.9986131 0.04426318 -0.1919142 0.9798913 0.054609 -0.1984686 0.9792833 0.04018074 -0.2350159 0.9717038 0.02364999 -0.2317115 0.9721555 0.03498095 -0.1853253 0.9825996 -0.01236283 -0.2684879 0.9629195 0.02646684 -0.2699994 0.9627479 0.01472461 -0.1286914 0.9901029 0.0559895 -0.08525484 0.9963049 0.01039993 -0.0792756 0.9967598 0.01361948 -0.0472601 0.9987534 -0.01606488 -0.06579005 0.9975739 -0.02276164 -0.06309759 0.9978171 -0.01948809 -0.08308213 0.9961126 -0.02927798 -0.1501929 0.9886344 0.006662786 -0.161171 0.9869168 -0.004379391 -0.1205565 0.9926007 0.01448982 -0.1320667 0.991235 -0.003398895 -0.1197865 0.9927849 0.005433559 -0.1864819 0.9808221 0.0566805 -0.2077271 0.97737 0.03996598 -0.7480958 0.6633617 0.01743751 -0.7607566 0.6484165 0.02838367 -0.7502009 0.6597356 0.04413342 -0.7923157 0.6070696 0.0608474 -0.7891764 0.6114864 0.05731701 -0.8137983 0.5618944 0.1483482 -0.7282162 0.6777297 0.1019006 -0.7470716 0.6594567 0.08367091 -0.707494 0.7035896 0.06643867 -0.723775 0.6883538 0.04815411 -0.6680569 0.7435719 0.02830165 -0.6783904 0.7345584 0.01450914 -0.6747389 0.7379928 0.009699642 -0.7327363 0.6672238 0.1338283 -0.7327914 0.6671569 0.1338598 -0.7536144 0.6469609 0.1162191 -0.7541272 0.6491409 0.09954106 -0.5462837 0.8375667 -0.007506906 -0.5786127 0.8155804 0.006011843 -0.5746031 0.8183594 0.01091754 -0.6412974 0.7666011 0.0325641 -0.6248278 0.7791971 0.04941803 -0.6753659 0.7341818 0.0696997 -0.6560331 0.7497506 0.08657115 -0.6914182 0.7149785 0.1036668 -0.6691511 0.7332881 0.1205214 -0.6926633 0.7087256 0.133887 -0.6677919 0.7289708 0.1505177 -0.7304304 0.6552119 0.1927919 -0.6880956 0.7114507 0.1426972 -0.6103811 0.7656021 0.2031952 -0.5908235 0.7848293 0.1870039 -0.6174763 0.7671631 0.1737348 -0.6004787 0.7831971 0.1613305 -0.624239 0.766988 0.1485096 -0.6034054 0.7858834 0.1352377 -0.6277552 0.7690283 0.1204951 -0.5970115 0.7954926 0.1037729 -0.618937 0.7804355 0.08853 -0.574375 0.8157449 0.06821578 -0.5932605 0.8032692 0.05292141 -0.5332832 0.8453879 0.03046768 -0.549067 0.8356376 0.01534157 -0.4912002 0.8557122 0.1627247 -0.4736381 0.8681361 0.1483476 -0.4935849 0.85833 0.1401553 -0.4714072 0.8730944 0.1244245 -0.490904 0.8635467 0.1153274 -0.4592272 0.883103 0.09612256 -0.4802164 0.873044 0.0847733 -0.4356803 0.8979473 0.06223756 -0.4544731 0.8893374 0.05033153 -0.06843024 0.9892506 0.1292316 -0.05843728 0.9893718 0.1331491 -0.1157246 0.9849371 0.128479 -0.09915208 0.9857752 0.1357058 -0.1662025 0.9777899 0.1276851 -0.1436894 0.9798653 0.1386271 -0.2198675 0.9672787 0.1266106 -0.1924099 0.9710494 0.1415682 -0.2748769 0.9532786 0.1253105 -0.2437207 0.9590184 0.1445138 -0.3283973 0.9363265 0.1242895 -0.295095 0.9439579 0.1478602 -0.3326625 0.9329786 0.1374283 -0.3335301 0.9329172 0.1357319 -0.3724021 0.9198796 0.1230375 -0.3508916 0.9304367 0.1056532 -0.3648117 0.9256588 0.100341 -0.3348833 0.9388843 0.07968455 -0.3496813 0.9340143 0.07307749 -0.4435833 0.8779444 0.180132 -0.4117884 0.8988409 0.1500514 -0.4316631 0.8905957 0.1432005 -0.4125556 0.9019446 0.1276471 -0.4293 0.8950062 0.121101 -0.4032052 0.9093131 0.1028375 -0.4202783 0.9023958 0.09512096 -0.3835194 0.9206181 0.07331579 -0.4021413 0.9133754 0.06346368 -0.09537905 0.9704458 0.2216708 -0.09254151 0.970157 0.2241235 -0.1608961 0.9626879 0.2175882 -0.1558176 0.9623982 0.2225103 -0.2297335 0.9498603 0.2121034 -0.222754 0.9497593 0.219859 -0.3011734 0.9312263 0.2052131 -0.2929024 0.9314109 0.2160601 -0.3724282 0.906834 0.1973562 -0.3635774 0.9072148 0.2115958 -0.4402015 0.8776571 0.1895803 -0.4315889 0.8778594 0.2075912 -0.5068511 0.8426887 0.1815977 -0.4997283 0.842 0.2032431 -0.5508511 0.8144168 0.182451 -0.5331515 0.8291949 0.1678851 -0.5564648 0.8158024 0.1575228 -0.537615 0.8308094 0.1439656 -0.5594156 0.8181164 0.1331907 -0.5333217 0.8377832 0.1169931 -0.556318 0.8244349 0.1040073 -0.5182204 0.8511052 0.08406877 -0.5389152 0.8394052 0.07049351 -0.4864486 0.8724045 0.04773265 -0.5040526 0.8629969 0.03416967 -0.3397404 0.9404684 -0.009781599 -0.3058832 0.9519456 0.01533734 -0.2099853 0.9774573 -0.02198654 -0.1753094 0.9845134 -9.36287e-6 -0.1049126 0.9939804 -0.03156489 -0.06491523 0.9978086 -0.01280957 -0.05924028 0.997278 -0.04390072 -0.04223585 0.9985653 -0.03291738 -0.03571379 0.9987158 -0.03593438 -0.02558946 0.9991518 -0.03226125 -0.0211721 0.999235 -0.03288209 -0.01430618 0.9994313 -0.03053563 -0.01318192 0.9994456 -0.0305773 -0.007398962 0.9995358 -0.02955418 -0.008651077 0.9995253 -0.02957046 -0.004076063 0.9995753 -0.02885758 -0.004253029 0.9995745 -0.02885824 0.06318646 0.9978868 -0.01514381 0.007990896 0.9998124 -0.01764768 -0.008099198 0.9998466 0.01552832 0.03009968 0.9992265 0.025312 -0.02311831 0.9987426 0.04448366 8.41495e-4 0.9980366 0.06262803 -0.0461831 0.9948629 0.09008342 -0.4721469 0.8780975 0.07760345 -0.4887847 0.87219 -0.01934427 -0.4697228 0.8828097 0.002769052 -0.4635677 0.8860027 -0.01020991 -0.4299595 0.9026111 0.02068954 -0.4258695 0.9047603 0.006643116 -0.3865247 0.9215714 0.03612267 -0.3848333 0.9227371 0.02143889 -0.3410085 0.9387944 0.04876828 -0.3418244 0.9391524 0.03389608 -0.2956008 0.9535367 0.0582078 -0.2988153 0.953316 0.04356706 -0.2699494 0.9612135 0.05653244 -0.3017451 0.9501798 0.07815504 -0.2708103 0.9584322 0.08983069 -0.2673565 0.9586959 0.0970714 -0.2452886 0.9638462 0.1040868 -0.2756984 0.9577725 0.08162379 -0.2043629 0.9736475 0.1012247 -0.2348234 0.9685888 0.08181464 -0.1663035 0.9812253 0.09767395 -0.1951 0.9773858 0.0815652 -0.1291221 0.9871447 0.0941959 -0.1547583 0.9845882 0.08146154 -0.09476894 0.9913629 0.09065657 -0.1160539 0.9899172 0.0812124 -0.06430053 0.9941121 0.08721596 -0.08026593 0.9934872 0.08087462 -0.03730773 0.9957456 0.0842545 -0.04721283 0.9956166 0.08073925 -0.01525437 0.996513 0.0820325 -0.01876884 0.9911618 0.1313243 -0.0585094 0.9913678 0.1173312 0.02049928 0.9830258 0.1823189 -0.02689564 0.9861044 0.1639355 -0.02911245 0.9739403 0.2249286 -0.01312226 0.9714325 0.2369529 -0.04650276 0.9579929 0.282997 -0.03606152 0.9534675 0.2993316 -0.03910267 0.9368662 0.3474947 0.01583623 0.9958006 0.09016859 0.1442861 0.98953 0.003482162 0.07570254 0.9959951 0.0475704 0.8201517 0.5710524 0.03536003 0.7645061 0.6438151 0.03213661 0.2505047 0.9529545 -0.1706613 -0.007768511 0.999822 -0.01719158 8.6703e-4 0.9998368 -0.01804643 0.003389775 0.9995828 -0.02868491 0.004125893 0.9995785 -0.02873688 0.00772041 0.9995335 -0.02955102 0.007410883 0.9995359 -0.02954703 0.01115781 0.999481 -0.03021919 0.01850551 0.9993215 -0.03184467 0.01464182 0.9994183 -0.03080171 0.08309745 0.9961115 -0.02927237 0.04032325 0.9980697 -0.04723548 0.07004374 0.9973913 -0.01745361 0.07114726 0.9972982 -0.01829046 0.1791275 0.9835347 -0.02393764 0.2173976 0.9758664 0.02056622 0.2197915 0.9752424 0.02437371 0.247305 0.9689377 1.23083e-4 0.5642952 0.8254275 -0.01550745 0.5085355 0.8610029 -0.008107244 0.4655398 0.8849948 0.007542252 0.4732638 0.8756319 -0.09638714 0.7951991 0.5989235 0.09459942 0.7348654 0.6608757 0.1523686 0.6858451 0.7097473 0.1608577 0.6510189 0.7349457 0.189814 0.6549709 0.7337682 0.1805478 0.6424183 0.7486555 0.1637492 0.6035947 0.7737278 0.1924023 0.4880142 0.8386824 0.2417725 0.5441766 0.8107843 0.2156405 0.5438694 0.8108289 0.2162468 0.569979 0.7935242 0.2131745 0.5947933 0.776394 0.2084066 0.4352974 0.8629006 0.2567467 0.5052454 0.8178023 0.2755478 0.4908422 0.839185 0.2341849 0.3216671 0.8940939 0.3116512 0.3477336 0.8868799 0.3041799 0.3632496 0.8869245 0.285333 0.3920072 0.8715831 0.2944034 0.4373199 0.8559373 0.2759036 0.296755 0.9025939 0.3118667 0.2836881 0.9077112 0.3091628 0.2658876 0.906759 0.3272492 0.2276362 0.9151521 0.3326838 0.2026361 0.9219916 0.329955 0.2005123 0.9217265 0.3319868 0.09484755 0.9296364 0.3560621 0.1161283 0.9300613 0.3485689 0.1216128 0.930786 0.3447432 0.1366154 0.9277327 0.3473448 0.169214 0.9219067 0.3485039 0.08208703 0.9301703 0.3578336 0.03989595 0.9320369 0.3601607 0.05383682 0.9362239 0.3472559 0.02178555 0.919034 0.393576 0.04554122 0.9336775 0.3552075 0.05910605 0.9429495 0.3276473 0.02953636 0.9710924 0.2368698 0.005162537 0.9741459 0.2258611 0.09207844 0.970722 0.2218568 0.09581762 0.9699055 0.2238355 0.1543982 0.9635998 0.2182582 0.1622607 0.9615297 0.2216581 0.2197903 0.9518789 0.2135859 0.2326074 0.9477975 0.2181138 0.2878106 0.9348638 0.2078337 0.3061338 0.9278331 0.213091 0.3558005 0.9125941 0.2014398 0.3800234 0.9015031 0.2070616 0.420584 0.8859539 0.1954354 0.4509574 0.8695819 0.2011591 0.4851667 0.8536705 0.1893679 0.521046 0.8310111 0.1947606 0.5733501 0.8008827 0.172791 0.6037625 0.7722655 0.1976792 0.6405159 0.7425159 0.1959833 0.05824625 0.9524685 0.2990169 0.03505343 0.9583247 0.283523 0.1070158 0.9541362 0.2795922 0.1090508 0.9535847 0.2806853 0.1793959 0.9450887 0.2731751 0.1847267 0.943391 0.2754806 0.2545444 0.9302052 0.2644347 0.2641393 0.9265695 0.2677677 0.3313567 0.9087947 0.2535651 0.3459064 0.9022194 0.2575833 0.4065393 0.8811787 0.2413504 0.4266957 0.8703723 0.2457293 0.4940346 0.8402824 0.2232831 0.4708353 0.8590795 0.2007399 0.0177868 0.9929118 0.1175152 0.04285007 0.9905418 0.1303499 0.05770337 0.9898714 0.1297109 0.06907755 0.9887976 0.1323168 0.09720838 0.9867323 0.1300383 0.1174678 0.9840513 0.133583 0.1399905 0.9814618 0.1309025 0.1695579 0.9762775 0.1346565 0.1864543 0.9735555 0.1320024 0.2253071 0.9648557 0.1352418 0.2351321 0.9627778 0.1333115 0.2827488 0.9495899 0.1353962 0.2836354 0.9493556 0.1351849 0.3389136 0.9309862 0.1356557 0.3826416 0.9156795 0.1229494 0.1843125 0.9817087 0.04771852 0.1488022 0.9875831 0.05037403 0.1555702 0.9866347 0.04847651 0.1227858 0.9911844 0.04977285 0.1278486 0.9906035 0.04857462 0.04662907 0.9987735 -0.01664942 0.04498326 0.9988715 -0.0152418 0.01426291 0.9994302 -0.03059482 0.02840727 0.9995141 -0.01282817 0.03359031 0.9993477 -0.01326406 0.07379686 0.9961239 0.04786884 0.05480122 0.9974187 0.04639965 0.05012196 0.997639 0.04695057 0.03666156 0.9983003 0.04530656 0.02887654 0.9985275 0.0459249 0.02096098 0.9987863 0.04457145 0.02311837 0.9987426 0.04448348 -0.06312853 0.9978905 -0.01513952 0.00546652 0.9999471 -0.00872451 0.01174384 0.9998881 -0.009266018 0.0108053 0.9998983 -0.009310364 0.01799708 0.9997857 -0.01023346 0.01732277 0.9997976 -0.01023566 0.02500742 0.9996206 -0.01154887 0.01285094 0.9995968 0.02532154 -0.0504744 0.9985642 0.01794153 0.01108604 0.99982 0.01540303 0.01446479 0.9997697 0.01585823 0.02009481 0.9996796 0.0153951 0.02599382 0.9995357 0.01590323 0.03073263 0.9994102 0.01532453 0.03929162 0.9991047 0.01568019 0.04312813 0.9989562 0.01505655 0.05440694 0.9984055 0.01504963 0.05693382 0.9982722 0.01453346 0.6476618 0.7619241 -0.002434074 0.5773745 0.8164447 0.007534086 0.5664793 0.8238148 0.02074778 0.4774703 0.8786263 -0.006156325 0.4543922 0.8908002 -0.001672446 0.417892 0.9084165 -0.01207023 0.3653757 0.9306681 -0.01891303 0.3701557 0.9289047 -0.0109899 0.2940911 0.9552605 -0.03143131 0.1187496 0.9923762 -0.03298717 0.1123381 0.9932684 -0.02825379 0.1683501 0.9857223 -0.003151893 0.1658415 0.9861508 -0.001792728 0.1776996 0.9828191 0.04989576 0.1197866 0.9927849 0.005433261 0.1045145 0.9944661 0.01067548 0.0792756 0.9967598 0.01361948 0.08525484 0.9963049 0.01039993 0.07079946 0.9973928 0.01396781 0.09878271 0.9939179 0.04867619 0.100013 0.9938066 0.04843455 0.02406531 0.9991732 -0.03277087 0.02530753 0.9991512 -0.03250259 0.03809726 0.9986408 -0.03557044 0.06081306 0.9979289 -0.02097237 0.0674588 0.9974878 -0.02162432 0.1136949 0.9934673 0.009806096 0.1433066 0.9896706 0.003937542 0.1984686 0.9792832 0.04018133 0.2220374 0.9745904 0.02954483 0.8002835 0.5990172 0.02692294 0.7604925 0.6487082 0.02879035 0.7425689 0.6674925 0.0551837 0.6509345 0.7588015 0.02246057 0.6135013 0.7873548 0.06073492 0.5165643 0.8559015 0.02437782 0.4727898 0.8792582 0.05809265 0.3986788 0.9166899 0.02710926 0.3713442 0.9280128 0.02993273 0.3161776 0.9486685 0.00774759 0.2939707 0.9557554 0.01063674 0.6383535 0.7461161 0.1892502 0.5800654 0.8012549 0.1466792 0.5096459 0.84177 0.1780014 0.4564624 0.8795274 0.1344383 0.3086283 0.9333456 0.183343 0.993113 -0.07547897 0.08960783 0.7890415 0.6107015 0.06676274 0.7677939 0.6338981 0.09309041 0.6880555 0.7233132 0.0582906 0.6413286 0.7608504 0.0990175 0.5551093 0.8296363 0.05964225 0.5007101 0.8603516 0.09531348 0.4194864 0.9061444 0.05416136 0.3658264 0.927015 0.08255016 0.3106238 0.9491972 0.0503742 0.3215593 0.9442569 0.0705595 0.3819612 0.9173324 0.1122818 0.4413654 0.8932515 0.08543103 0.5123568 0.8491013 0.1285215 0.5760148 0.812179 0.09258705 0.6512552 0.747009 0.1335825 0.707111 0.7011772 0.09134888 0.7543547 0.6462445 0.1153999 0.7715522 0.6259651 0.1134684 0.6857381 0.7095234 0.1622956 0.6458382 0.7511872 0.1364219 0.5778283 0.7975866 0.1731193 0.5178359 0.8455553 0.1299318 0.4496216 0.8791409 0.1579612 0.39671 0.9107291 0.1148642 0.3335301 0.9329172 0.1357319 0.7720036 0.6308385 0.07780343 0.7588716 0.6472681 0.07182013 0.714138 0.6904941 0.115 0.635294 0.7684389 0.07683211 0.5788542 0.8071329 0.1160359 0.4992156 0.8632867 0.07429635 0.4394326 0.8919257 0.1066194 0.3685758 0.9273544 0.06454408 0.3160923 0.9446402 0.0879808 0.001993834 0.9864592 0.1639948 0.02750927 0.9831753 0.1805819 0.07866674 0.9808318 0.1782709 0.08367568 0.9799445 0.1808511 0.1320763 0.9753789 0.176613 0.1417894 0.9732566 0.1807414 0.1887089 0.9663677 0.1747069 0.203818 0.962318 0.1800068 0.2485432 0.9531551 0.1723998 0.269469 0.9463352 0.1784273 0.3094374 0.9356188 0.1699001 0.3363495 0.9250957 0.1762583 0.3684529 0.9143548 0.1679218 0.4012734 0.8992179 0.1743186 0.4285475 0.8881697 0.1658368 0.4665737 0.8676253 0.1718585 0.5153912 0.8431013 0.1534674 0.5688864 0.7983481 0.1975059 0.6393803 0.7515482 0.1623833 0.6575788 0.7326386 0.1755875 0.7366516 0.6526079 0.1773341 0.2798778 0.9598393 0.01941472 0.3267739 0.9441743 0.04188013 0.3548464 0.9340591 0.04022204 0.4197078 0.9047824 0.07221037 0.4696316 0.8819294 0.04058247 0.5597944 0.8247842 0.07975745 0.6062197 0.7941775 0.04219096 0.696435 0.7133167 0.078471 0.7328878 0.6793103 0.03759181 0.7873551 0.6136883 0.0588116 0.7986443 0.5992749 0.0551083 0.730938 0.669404 0.13277 0.7109253 0.6927528 0.121156 0.6474257 0.7443668 0.1635789 0.5818693 0.8041163 0.1217592 0.5143997 0.8434057 0.1551117 0.4531229 0.8844348 0.1116011 0.3890987 0.9110058 0.1366406 0.3190734 0.9443292 0.08021652 0.2859116 0.9539167 0.09109127 0.233672 0.9678308 0.09327971 0.243025 0.9657691 0.09071397 0.1950473 0.9765534 0.0911048 0.2013866 0.9754015 0.08964037 0.1591567 0.9832774 0.08851444 0.1591991 0.9832713 0.08850604 0.1240605 0.9885221 0.08621537 0.1188593 0.9890914 0.08701074 0.09155607 0.9922435 0.08408612 0.08176857 0.9930014 0.08521807 0.06256848 0.9946427 0.08228683 0.0477941 0.9953657 0.08344489 0.03663194 0.9960264 0.08117657 0.0312671 0.9961914 0.08139467 -8.4157e-4 0.9980366 0.06262803 0.7237935 0.6899304 0.01091164 0.6749615 0.7376052 0.01912242 0.6599584 0.7502959 0.038872 0.5587132 0.8293398 0.005946338 0.5223248 0.8517707 0.04078847 0.4400246 0.8979116 0.01153755 0.4143918 0.9099695 0.01533466 0.3510851 0.9363242 -0.006020486 0.3296833 0.9440889 -0.002271831 0.2197828 0.9748241 -0.03759747 0.2099853 0.9774573 -0.02198654 0.1908257 0.9815748 -0.009820342 0.2575855 0.9660202 0.02132695 0.2437946 0.9694045 0.02862203 0.2827281 0.9578532 0.05081576 0.1711657 0.9802036 0.0995146 0.2397571 0.9701584 0.03618365 0.2150767 0.9755258 0.04573255 0.2708103 0.9584322 0.08983069 0.244219 0.9588926 0.1445064 0.3871354 0.9174519 0.09169673 0.4486637 0.8834765 0.1347974 0.5131941 0.8518641 0.1046876 0.5822581 0.7994911 0.1476137 0.6471785 0.7546029 0.1083266 0.7159758 0.6823642 0.1475049 0.7539737 0.646598 0.115908 0.8031295 0.5785064 0.1425249 0.05536681 -0.9983524 0.01507169 0.00557214 -0.9999657 0.006144642 0.02779203 -0.9852604 -0.1687883 0.4176979 -0.8953098 -0.1547546 0.4881494 -0.8692882 -0.077771 0.1374765 -0.9832268 0.1198553 0.004710555 -0.9996969 0.02416646 7.3336e-4 -0.9997166 0.02379637 -0.02061843 -0.9995872 0.02001005 0.04215532 -0.9991024 -0.004190206 0.006036341 -0.9996832 0.02443659 0.008237063 -0.9996607 0.02471297 0.01009082 -0.9996291 0.02529615 0.02153569 -0.9994041 0.02697694 0.01595664 -0.9995439 0.02563905 0.01764768 -0.9994945 0.02644777 0.01262462 -0.9995989 0.02534925 0.03764951 -0.9988898 0.02831518 0.03503769 -0.998965 0.02900791 0.02728271 -0.9992756 0.02653312 0.05081099 -0.9983626 0.02627623 0.04876619 -0.9984301 0.02755713 0.04389679 -0.9986037 0.02938961 0.1217101 -0.9922087 0.02662032 0.237666 -0.971286 0.01088589 0.2940791 -0.9556311 -0.01693129 0.492804 -0.8657536 -0.087264 0.474125 -0.8741343 -0.105333 0.4684857 -0.8778235 -0.09973543 0.427791 -0.8960915 -0.1183851 0.4283357 -0.8962674 -0.1150364 0.3192239 -0.9333939 -0.1639268 0.3614423 -0.9191458 -0.1566216 0.3636503 -0.9184724 -0.1554574 0.3952484 -0.9056742 -0.1534052 0.4143475 -0.8986065 -0.1443003 0.3531637 -0.9154024 -0.1931684 0.3157866 -0.9305868 -0.1851674 0.3090434 -0.930718 -0.1955924 0.2874271 -0.9368416 -0.1992825 0.2612196 -0.9441866 -0.200689 0.2608346 -0.9441833 -0.2012047 0.2105388 -0.953911 -0.2138395 0.2095517 -0.9493526 -0.2341317 0.1780959 -0.9535999 -0.2427535 0.1540699 -0.9594325 -0.2361185 0.1457604 -0.9582476 -0.245999 0.1156737 -0.9605383 -0.2529544 0.0934022 -0.9643319 -0.2476693 0.08778315 -0.9638071 -0.2517341 0.007411241 -0.9656307 -0.2598125 0.0308839 -0.9666875 -0.2540898 0.02976381 -0.9665156 -0.2548763 0.05385297 -0.9645835 -0.2582225 0.06973242 -0.9637452 -0.2575513 0.02382069 -0.9769161 -0.2122911 0.02845275 -0.9760931 -0.2154831 0.08417248 -0.9733407 -0.213361 0.08653706 -0.9728489 -0.2146545 0.140975 -0.9673356 -0.2106844 0.1460252 -0.9660831 -0.2129793 0.2005076 -0.9575268 -0.2072175 0.2087715 -0.9550812 -0.2103196 0.2502294 -0.946307 -0.204667 0.269406 -0.9317131 -0.2435802 0.01993411 -0.9898523 -0.1406951 0.04057574 -0.9859523 -0.1620238 0.06635355 -0.9847033 -0.1611108 0.07351076 -0.9838919 -0.1629511 0.1111105 -0.9807632 -0.1604934 0.1243723 -0.9787188 -0.1632214 0.1586177 -0.9742938 -0.1599746 0.1784565 -0.9703261 -0.1631582 0.2092324 -0.9647933 -0.1593606 0.2358466 -0.9580967 -0.1625647 0.262287 -0.9518778 -0.1585375 0.2958147 -0.9415116 -0.1613988 0.3355548 -0.9293408 -0.1540412 0.3625493 -0.9154305 -0.1747716 0.02759397 -0.9992615 0.02674323 0.04275602 -0.9990069 0.01254522 0.05008482 -0.9986547 0.01342439 0.01115113 -0.9999162 0.006577551 0.0107786 -0.9999201 0.006602823 0.01714599 -0.9998261 0.007338047 0.01704072 -0.9998279 0.007340669 0.02395015 -0.999678 0.008394956 0.02434873 -0.9996683 0.008400261 0.03149884 -0.9994562 0.00976032 0.03264522 -0.9994189 0.009816646 0.04101127 -0.9990898 0.01172786 0.4073452 -0.9132526 -0.006300806 0.4115153 -0.9113969 -0.003335833 0.3873451 -0.9216974 0.02092212 0.3534072 -0.9352252 -0.02138549 0.3324609 -0.9425711 -0.03208655 0.3141556 -0.9488086 -0.03268957 0.2938329 -0.9549481 -0.04167169 0.2747864 -0.9606039 -0.0416246 0.2578437 -0.9649862 -0.04814934 0.2382214 -0.9700537 -0.04739701 0.1477741 -0.985998 -0.07727134 0.3004921 -0.953777 -0.003756642 0.2858663 -0.9582559 -0.005112946 0.2682841 -0.9632321 -0.01441091 0.2532532 -0.9672793 -0.01528471 0.2361539 -0.9714401 -0.02314478 0.2208819 -0.9750179 -0.02348369 0.2064494 -0.9780191 -0.02928036 0.190999 -0.9811599 -0.02906495 0.1703211 -0.9847193 -0.03631198 0.01834303 -0.9990187 -0.04031264 0.02410304 -0.9988526 -0.0413863 0.0320267 -0.9986515 -0.04086184 0.041812 -0.9982316 -0.04225671 0.04769361 -0.997992 -0.04168087 0.06147104 -0.9971784 -0.04308789 0.0656557 -0.9969347 -0.0425499 0.08324277 -0.995571 -0.04369515 0.08583748 -0.9953687 -0.04328024 0.106944 -0.9932936 -0.04393988 0.1066507 -0.9933227 -0.04399526 0.1306589 -0.9904494 -0.04402804 0.1289872 -0.9906516 -0.04440391 0.1550814 -0.9869353 -0.04368579 0.1531069 -0.9872207 -0.0441991 0.1804133 -0.9826653 -0.04266256 0.2015963 -0.978796 -0.03629457 0.09808993 -0.9950703 0.01461213 0.08338183 -0.9964953 0.006683826 0.09860342 -0.9948363 0.02404296 0.06013077 -0.9981654 0.007082164 0.07972943 -0.9965626 0.02250641 0.06494522 -0.9977523 0.01651215 0.06860047 -0.9974628 0.01902925 0.05929261 -0.9981176 0.0156821 0.0102967 -0.9998324 -0.0151444 0.01288539 -0.9997963 -0.01553839 0.01857936 -0.999713 -0.01513105 0.02308052 -0.9996117 -0.0156188 0.02826982 -0.9994868 -0.01506692 0.03475868 -0.9992755 -0.01550483 0.0394997 -0.9991095 -0.01483958 0.04799264 -0.9987338 -0.015087 0.05221199 -0.998533 -0.01435106 0.06266695 -0.9979323 -0.01428389 0.06541091 -0.9977642 -0.01370877 0.07757782 -0.9968985 -0.01323485 0.07945108 -0.9967569 -0.0127741 0.09298169 -0.9955978 -0.01181662 0.09451389 -0.9954585 -0.01137858 0.109028 -0.9939895 -0.00988841 0.1112688 -0.9937483 -0.009151756 0.1265124 -0.9919399 -0.007077097 0.1298085 -0.991522 -0.005836367 0.1455153 -0.9893511 -0.003139734 0.1507859 -0.9885661 -8.77384e-4 0.1666404 -0.9860148 0.002456903 0.1736727 -0.9847856 0.005936443 0.1897051 -0.9817904 0.009985327 0.1629272 -0.9866251 -0.005066096 0.1877317 -0.982209 0.004723787 0.2259638 -0.9490076 0.2198293 0.233528 -0.9723152 0.00824207 0.3188049 -0.9474481 0.02656286 0.3240918 -0.9459642 0.01079303 0.3913856 -0.920193 -0.007885694 0.3707486 -0.9285129 -0.020235 0.5553486 -0.8304372 -0.04429447 0.4851777 -0.872924 -0.05105364 0.4878514 -0.8706241 -0.06336385 0.4594464 -0.8851328 -0.07381737 0.4593317 -0.8857816 -0.0663743 0.4107955 -0.9075738 -0.08693099 0.4108882 -0.9085556 -0.07548409 0.360144 -0.9281511 -0.0939784 0.3624197 -0.9284291 -0.08167898 0.2438681 -0.9625909 -0.1180981 0.04682505 -0.9928857 -0.1094784 0.0556674 -0.9921936 -0.1115927 0.07895475 -0.9907719 -0.1101692 0.09447944 -0.9890748 -0.1131578 0.1137953 -0.9872348 -0.1114361 0.1361804 -0.9840084 -0.1148149 0.1518726 -0.9819206 -0.1129896 0.1810317 -0.976576 -0.1163057 0.1929109 -0.9745009 -0.1146015 0.2285879 -0.9664082 -0.1174851 0.2336732 -0.9652969 -0.1166138 0.2753102 -0.953981 -0.1188471 0.2765692 -0.9536485 -0.1185932 0.3228258 -0.938839 -0.1198534 0.3220782 -0.9390734 -0.1200287 0.3712973 -0.9207179 -0.1200711 0.4075917 -0.9065111 -0.1100305 0.4519299 -0.8812146 -0.138638 0.2616778 -0.9621438 -0.07618504 0.3042441 -0.9505478 -0.06240594 0.301583 -0.9506396 -0.07302141 0.3463339 -0.9364173 -0.05635213 0.345547 -0.9360532 -0.06634569 0.391298 -0.9190796 -0.046678 0.3923053 -0.9181315 -0.05595642 0.4354991 -0.8995342 -0.03433269 0.4381379 -0.8978844 -0.04288047 0.4708945 -0.8818754 -0.02354037 0.4710613 -0.881765 -0.02432888 0.5057178 -0.8626302 -0.01089996 0.4717691 -0.8816878 0.007801294 0.03091132 -0.9976238 -0.06157511 0.01317209 -0.9964282 -0.08341068 0.01511418 -0.9937641 -0.1104744 0.0466656 -0.9939243 -0.09968507 0.018615 -0.9923562 -0.1219953 0.003261506 -0.9997037 0.02412635 0.001977741 -0.9997137 0.02384793 0.005968272 -0.9999637 0.006097555 -0.03890138 -0.9992337 0.004325449 0.01595312 -0.9997612 -0.01493775 -0.01112353 -0.9994646 -0.03077083 0.01782053 -0.9990276 -0.04032975 -0.01348704 -0.9972963 -0.07223713 0.03057229 -0.9970163 -0.07088011 0.03878897 -0.9966029 -0.07265067 0.05223089 -0.9960495 -0.07181638 0.06630206 -0.9950352 -0.0742231 0.07634371 -0.9943831 -0.07330727 0.09625512 -0.9924578 -0.07591241 0.1033806 -0.9918056 -0.07506108 0.1288937 -0.988628 -0.07746678 0.1332208 -0.9881042 -0.07682776 0.1639403 -0.9833244 -0.07872003 0.1635092 -0.9833902 -0.07879543 0.1986418 -0.9768033 -0.07998138 0.195865 -0.9773166 -0.08055615 0.2342014 -0.968823 -0.08081942 0.2306683 -0.969599 -0.08167004 0.2708501 -0.9592185 -0.08087199 0.2999013 -0.9511931 -0.07273912 0.385253 -0.9137984 -0.1286575 0.4096958 -0.9040591 -0.1217647 -0.2250687 -0.9729642 -0.05181545 -0.3982216 -0.9172816 -0.003762304 -0.01434755 -0.9949058 -0.09978348 -0.02834385 -0.976801 -0.2122651 -0.04720318 -0.9984796 0.02846962 -0.05078935 -0.9983637 0.02627694 -0.5553486 -0.8304373 -0.04429471 -0.4096982 -0.904058 -0.1217643 -0.02976381 -0.9665154 -0.2548764 -0.0308839 -0.9666875 -0.2540898 -0.007412433 -0.9656307 -0.2598125 -0.08778315 -0.9638071 -0.2517341 -0.06973242 -0.9637452 -0.2575513 -0.05385297 -0.9645835 -0.2582225 -0.1457604 -0.9582477 -0.245999 -0.1540699 -0.9594325 -0.2361185 -0.1780959 -0.9535999 -0.2427535 -0.2095518 -0.9493529 -0.2341306 -0.2105401 -0.9539113 -0.2138371 -0.2694066 -0.9317128 -0.2435808 -0.3625493 -0.9154305 -0.1747716 -0.3531641 -0.9154021 -0.1931684 -0.3157863 -0.9305869 -0.1851676 -0.3074128 -0.9307275 -0.1981003 -0.2612203 -0.9441865 -0.200689 -0.3730843 -0.91323 -0.1637658 -0.4079147 -0.9010454 -0.1473867 -0.4308121 -0.8901152 -0.1486476 -0.4283358 -0.8962673 -0.1150364 -0.4786095 -0.8721956 -0.1010347 -0.4654061 -0.8792959 -0.1011725 -0.4237854 -0.9020875 -0.08151245 -0.3460249 -0.9382001 0.006901741 -0.4148773 -0.9097049 0.0177223 -0.163541 -0.9865253 -0.004722833 -0.03684622 -0.9988706 0.03000026 -0.03629785 -0.9989107 0.02932721 -0.02597862 -0.9993199 0.0261743 -0.02713036 -0.9992624 0.02717924 -0.02027726 -0.9994387 0.02667188 -0.01793199 -0.9994982 0.02611291 -0.01625233 -0.9995276 0.02608871 -0.01261466 -0.9995984 0.0253756 -0.0120837 -0.9996051 0.0253722 -0.009166002 -0.9996479 0.02490216 -0.008263111 -0.9996616 0.02466809 -0.007523119 -0.9996687 0.02461934 -0.004678726 -0.9996945 0.02427077 -0.005433261 -0.9996917 0.02422928 -0.001958191 -0.9997114 0.02394497 -0.002726137 -0.9997112 0.02387869 0.02739131 -0.999369 0.02261418 -7.35302e-4 -0.9997995 0.02001446 -0.2608346 -0.9441833 -0.2012047 -0.2502294 -0.946307 -0.204667 -0.2024601 -0.9562575 -0.2111435 -0.2068512 -0.9563318 -0.2064999 -0.1419143 -0.9666061 -0.2133843 -0.1451103 -0.9667953 -0.2103568 -0.08447551 -0.9729995 -0.2147928 -0.07306545 -0.9842698 -0.1608552 -0.06683707 -0.9842997 -0.1633619 -0.1231178 -0.979465 -0.1596574 -0.1124437 -0.9799801 -0.1643034 -0.1759842 -0.9715902 -0.1582477 -0.1612033 -0.9729954 -0.1652077 -0.2317586 -0.9601079 -0.1564638 -0.2134634 -0.9627692 -0.165858 -0.2897295 -0.9446059 -0.1541969 -0.2685536 -0.9488137 -0.1662274 -0.335555 -0.9293408 -0.1540412 -0.3192244 -0.9333937 -0.1639271 -0.3614425 -0.9191458 -0.1566216 -0.3779245 -0.9139515 -0.147871 -0.1156737 -0.9605383 -0.2529544 -0.09340238 -0.964332 -0.2476687 -0.08624577 -0.9731797 -0.2132673 -0.02351182 -0.9761896 -0.2156408 -0.0283671 -0.9863141 -0.162419 -0.04702514 -0.984551 -0.1686653 -0.01993411 -0.9898523 -0.1406951 0.01465219 -0.999884 -0.004193902 -0.01460283 -0.9998727 0.006438195 -0.00558561 -0.9999659 0.006083786 -0.005951464 -0.9999633 0.006172895 -0.01079773 -0.9999203 0.006549715 -0.01112687 -0.9999161 0.006643295 -0.01704782 -0.9998279 0.00732696 -0.01713693 -0.9998261 0.007355749 -0.02431541 -0.9996687 0.008451461 -0.0239923 -0.9996774 0.008331418 -0.03253185 -0.9994211 0.009956002 -0.03164207 -0.9994533 0.009587943 -0.04101133 -0.9990898 0.01172786 -0.023826 -0.9989106 -0.04012644 -0.01865887 -0.9989542 -0.04174435 -0.04110705 -0.9983434 -0.04025959 -0.03282994 -0.9985299 -0.04313015 -0.06017327 -0.9973678 -0.04045629 -0.04916793 -0.9977913 -0.04466658 -0.08121192 -0.9958721 -0.04053896 -0.06795406 -0.9966215 -0.04612821 -0.1040745 -0.9937504 -0.04035794 -0.08907866 -0.9948988 -0.04734385 -0.1269381 -0.9910997 -0.04010415 -0.110859 -0.9926541 -0.04845815 -0.1504955 -0.987819 -0.039559 -0.1341713 -0.9897406 -0.04910928 -0.174996 -0.9838168 -0.03848206 -0.1592278 -0.9860261 -0.0489819 -0.1642031 -0.9852822 -0.04750102 -0.1703211 -0.9847193 -0.03631198 -0.04820567 -0.9987234 0.01509714 -0.04388344 -0.9989706 0.01148939 -0.0587207 -0.9981443 0.0161187 -0.05608838 -0.9983201 0.01453274 -0.06860214 -0.9974626 0.01903045 -0.06479293 -0.9977639 0.01640409 -0.06035602 -0.9980699 0.01461678 0.003040373 -0.9980961 -0.06160378 -0.02718627 -0.999157 -0.03076165 0.03018754 -0.9986656 -0.04190433 -0.01595312 -0.9997612 -0.01493775 -0.01277834 -0.9998052 -0.01505243 -0.01042354 -0.9998221 -0.01571631 -0.02280044 -0.9996301 -0.01482826 -0.01891285 -0.9996922 -0.0160613 -0.03422915 -0.9993098 -0.01443427 -0.0289002 -0.999449 -0.01632553 -0.04714161 -0.9987934 -0.01376533 -0.04051089 -0.9990447 -0.01639199 -0.06143224 -0.99803 -0.01274096 -0.05367791 -0.9984275 -0.0161643 -0.07593834 -0.9970462 -0.01150339 -0.06736189 -0.9976044 -0.01574605 -0.09091436 -0.9958091 -0.009950757 -0.08191204 -0.9965272 -0.01497316 -0.1065251 -0.9942783 -0.007946014 -0.09749269 -0.9951424 -0.01367396 -0.1235557 -0.9923246 -0.005111694 -0.1147865 -0.9933239 -0.01148325 -0.4710632 -0.8817639 -0.02432829 -0.4708945 -0.8818754 -0.02354037 -0.4464873 -0.8939828 -0.03799873 -0.4851774 -0.8729242 -0.05105346 -0.487504 -0.8709343 -0.06175249 -0.427791 -0.8960915 -0.1183851 -0.3749563 -0.9227936 -0.08865582 -0.3973386 -0.9141348 -0.08049583 -0.3571193 -0.9320369 -0.0614255 -0.3806981 -0.923276 -0.0512886 -0.3234722 -0.9458072 -0.02854156 -0.3237007 -0.9454544 -0.03652441 -0.2612072 -0.965213 -0.01161104 -0.2608376 -0.9652087 -0.01833045 -0.1853684 -0.9825995 0.01169383 -0.178844 -0.9838699 0.003866076 -0.130205 -0.9912143 0.0232554 -0.1476835 -0.984505 0.09454911 -0.018615 -0.9923562 -0.1219953 -0.03385001 -0.9933662 -0.1098991 -0.05514907 -0.992489 -0.1091987 -0.04739171 -0.9925681 -0.1120831 -0.09310793 -0.9896417 -0.1092725 -0.0804342 -0.9901754 -0.114382 -0.1335877 -0.9849555 -0.1096226 -0.1165586 -0.9862622 -0.1170513 -0.1768849 -0.9780641 -0.1100111 -0.1562563 -0.9804253 -0.1197921 -0.2226058 -0.9686546 -0.1102492 -0.1992079 -0.9722787 -0.1224358 -0.2673337 -0.9572203 -0.1107347 -0.2420574 -0.96212 -0.1254324 -0.3127756 -0.9432989 -0.1111698 -0.2871298 -0.9492905 -0.1280792 -0.3592457 -0.9265987 -0.1111642 -0.3347711 -0.9333141 -0.1298202 -0.4519309 -0.881214 -0.1386378 -0.407592 -0.906511 -0.1100304 -0.385253 -0.9137984 -0.1286575 -0.3296557 -0.9396013 -0.09206855 -0.3471037 -0.9338229 -0.08656722 -0.3146073 -0.9467674 -0.0682199 -0.334223 -0.9405238 -0.06091105 -0.2852027 -0.9577299 -0.03758764 -0.2839195 -0.9577432 -0.04602026 -0.2295325 -0.9730957 -0.01999449 -0.2279618 -0.9732986 -0.02689397 -0.1627848 -0.9866523 0.004299163 -0.1553519 -0.9878544 -0.003064393 -0.1055889 -0.994194 0.02072149 -0.101595 -0.9946656 0.01785588 -0.4886261 -0.8724355 -0.01004409 -0.5203747 -0.8539228 -0.005109131 -0.4210722 -0.9070204 0.00349456 -0.4011949 -0.9159308 -0.0106588 -0.3439396 -0.9389766 0.005342006 -0.3140047 -0.9494105 0.00455743 -0.2851944 -0.9581931 0.02302688 -0.2299386 -0.973187 0.005950987 -0.2190983 -0.9630889 0.1563835 -0.1837047 -0.9827052 -0.02330642 -0.220625 -0.9752194 0.01648467 -0.2938912 -0.9558072 -0.007800936 -0.293038 -0.9561001 -0.001296997 -0.3632279 -0.9313731 -0.0246939 -0.3615519 -0.9321935 -0.01719307 -0.4264658 -0.9036664 -0.03891205 -0.4022997 -0.9140858 -0.05101191 -0.4612992 -0.8841059 -0.07456564 -0.459063 -0.8859122 -0.06649076 -0.4873354 -0.8698908 -0.07612061 -0.4928032 -0.8657539 -0.08726525 -0.01317209 -0.9964282 -0.08341068 -0.02316623 -0.9971989 -0.07111835 -0.03834593 -0.9967656 -0.07062637 -0.03106415 -0.9968391 -0.07312375 -0.06516486 -0.9953454 -0.07100105 -0.05348545 -0.9957194 -0.07538032 -0.09415167 -0.9929753 -0.0716632 -0.07864713 -0.9938467 -0.0779978 -0.1255885 -0.9894389 -0.07237672 -0.1069779 -0.990983 -0.08067655 -0.1592546 -0.9845393 -0.07294225 -0.1383048 -0.9868881 -0.08321005 -0.1925294 -0.9785254 -0.07362347 -0.1701409 -0.9816738 -0.085841 -0.2266383 -0.9711546 -0.07412081 -0.2040632 -0.9749939 -0.08800607 -0.261904 -0.9622455 -0.07409346 -0.240366 -0.9665711 -0.08924442 -0.2582565 -0.9623869 -0.08435136 -0.2616778 -0.9621438 -0.07618463 -0.2907201 -0.9544721 -0.06682002 -0.2496715 -0.9673516 -0.04353117 -0.2468662 -0.9676346 -0.05234825 -0.2003036 -0.9793944 -0.02579081 -0.1975724 -0.9797385 -0.0328297 -0.1421033 -0.9898512 -0.001204848 -0.1338672 -0.9909659 -0.008143246 -0.08639961 -0.9960843 0.01874393 -0.07936805 -0.9967234 0.01560133 -0.5889399 -0.8058844 0.06083136 -0.5547854 -0.8313049 0.0338459 -0.5530861 -0.8324525 0.03344559 -0.5537347 -0.8319564 0.03502243 -0.5582317 -0.8288965 0.03616946 -0.5614873 -0.8263453 0.04342311 -0.5701263 -0.8204571 0.04249984 -0.5736724 -0.8176012 0.04927796 -0.6039045 -0.792593 0.08423668 -0.6121497 -0.7863958 0.08279174 -0.5842003 -0.8094391 0.05931532 -0.6546616 -0.737785 0.1645953 -0.6434386 -0.7472506 0.1661423 -0.6718246 -0.7239323 0.1567606 -0.6381497 -0.7597832 0.1244778 -0.6260346 -0.7694827 0.126401 -0.6549354 -0.7474177 0.1114739 -0.6390056 -0.7605296 0.1151808 -0.6253717 -0.7740164 0.09904086 -0.6622265 -0.7004683 0.2660835 -0.6963174 -0.6723242 0.2512417 -0.6977427 -0.6820048 0.2191455 -0.6537174 -0.7249398 0.2170617 -0.6948087 -0.6898066 0.203489 -0.7526152 -0.5959694 0.2799842 -0.7122266 -0.63695 0.295005 -0.7024835 -0.6298729 0.3313264 -0.7522389 -0.5662768 0.3368492 -0.669218 -0.6516145 0.3571357 -0.7266134 -0.5807483 0.3671027 -0.7126643 -0.5842055 0.3883473 -0.7013099 -0.586616 0.4050261 -0.659542 -0.6298733 0.4102001 -0.7184172 -0.5518374 0.4234999 -0.6858761 -0.5536637 0.4722611 -0.7036737 -0.5290964 0.4742367 -0.6798181 -0.5329623 0.5037843 -0.6889289 -0.5246676 0.500101 -0.6600045 -0.5256148 0.5367711 -0.2459625 -0.4633059 0.8513814 -0.3387657 -0.3823814 0.8596641 -0.3496028 -0.431737 0.8314934 -0.4340001 -0.422725 0.79558 -0.434867 -0.4476975 0.781318 -0.5188618 -0.4319898 0.737677 -0.5180112 -0.4689204 0.7153867 -0.58582 -0.4418925 0.6793718 -0.583338 -0.4740251 0.6595582 -0.6356295 -0.4703163 0.6121909 -0.6295676 -0.4995685 0.5950429 -0.678869 -0.4950172 0.5423052 -0.03608709 -0.4156978 0.9087866 -0.01498103 -0.4593653 0.8881213 -0.05611038 -0.4181187 0.9066579 -0.1262672 -0.4065032 0.9048822 -0.113164 -0.4484215 0.8866297 -0.2296191 -0.3913722 0.8911246 0.7115416 -0.7009173 -0.04922962 0.7509305 -0.6553153 -0.08164197 0.6517235 -0.7545828 -0.07656091 0.7989032 -0.6004321 -0.03514325 0.7638373 -0.6330686 -0.1256061 0.7063927 -0.6943039 -0.1376642 0.7083318 -0.6918176 -0.1401947 0.6792882 -0.7168318 -0.1572251 0.6505268 -0.7426571 -0.1589824 0.644127 -0.7472158 -0.1636127 0.597945 -0.7815769 -0.1777622 0.5836209 -0.790698 -0.1848873 0.5784789 -0.7872574 -0.2135133 0.5874255 -0.7863359 -0.1913303 0.3540806 -0.8926783 -0.2788414 0.4220864 -0.8616877 -0.2816691 0.4055893 -0.8848362 -0.2292643 0.6113967 -0.7000179 -0.3690108 0.4578971 -0.8568407 -0.2369691 0.4779487 -0.8486508 -0.226621 0.4770388 -0.8477923 -0.2316944 0.5121619 -0.8290687 -0.2243553 0.3299925 -0.895348 -0.2990935 0.3033436 -0.902857 -0.3046835 0.2747029 -0.9142015 -0.2979496 0.2735124 -0.9139009 -0.2999604 0.1691363 -0.9268301 -0.3352296 0.2003732 -0.9263033 -0.319081 0.1981155 -0.9254155 -0.3230428 0.2324542 -0.917869 -0.3216855 0.256907 -0.9127171 -0.3177205 0.1319186 -0.9315321 -0.3388888 0.1293004 -0.9312556 -0.340653 0.1074894 -0.9302437 -0.3508459 0.09635287 -0.9320605 -0.3492554 0.08125942 -0.9325828 -0.3516905 0.07480376 -0.9329876 -0.3520492 0.06003016 -0.9324666 -0.3562337 0.04418319 -0.9347059 -0.3526655 0.02040642 -0.9325385 -0.3604936 0.0185182 -0.9328121 -0.3598871 0.005472958 -0.9338843 -0.3575335 0.1469916 -0.9289805 -0.3396892 0.1572507 -0.9284417 -0.3365536 0.07958722 -0.9844573 -0.1565561 0.2262145 -0.8850955 -0.4067346 0.2065591 -0.9293738 -0.3059377 0.2262077 -0.92902 -0.2928344 0.2482458 -0.924423 -0.2895103 0.2787225 -0.9102898 -0.3060821 0.2857087 -0.917557 -0.2765133 0.3539121 -0.8927736 -0.2787503 0.3499764 -0.8961529 -0.2728123 0.3381263 -0.9018034 -0.2691123 0.5066311 -0.8387266 -0.1996563 0.4682407 -0.8585401 -0.2089492 0.4713742 -0.8525063 -0.2259188 0.4070012 -0.8893352 -0.208406 0.4279276 -0.8697791 -0.2456874 0.4234055 -0.871191 -0.2485034 0.4227029 -0.8712083 -0.2496368 0.394145 -0.8841148 -0.25098 0.3709693 -0.8924821 -0.2566275 0.5547711 -0.8156308 -0.1642419 0.5840585 -0.7905741 -0.1840338 0.5582917 -0.8081032 -0.1878288 0.4942358 -0.8517905 -0.173735 0.5287037 -0.8251768 -0.1988866 0.5248004 -0.8269681 -0.2017629 0.5324479 -0.8204147 -0.2083721 0.5308528 -0.8190073 -0.2177668 0.6569559 -0.7423784 -0.1314658 0.6161482 -0.7690054 -0.1702711 0.6134746 -0.7698473 -0.1760234 0.579284 -0.7992255 -0.1602147 0.6192739 -0.7724344 -0.1408722 0.6284031 -0.7633113 -0.1498846 0.665464 -0.7372184 -0.1169045 0.6789861 -0.7203028 -0.1419221 0.7257591 -0.679094 -0.1100231 0.7263774 -0.677748 -0.1141639 0.6938304 -0.7198601 -0.02001959 0.6566128 -0.7468305 -0.1053753 0.6940792 -0.7129648 -0.09967607 0.689888 -0.7156518 -0.1090745 0.7237247 -0.6851625 -0.08231067 0.6974335 -0.7130089 -0.07214474 0.6978651 -0.7135279 -0.06214761 0.4956927 -0.8677366 -0.03635674 0.6948607 -0.7178134 -0.04373276 0.6770938 -0.7357932 -0.01234263 0.7702605 -0.6296699 -0.1010686 0.7500123 -0.6564582 -0.08089554 0.7543658 -0.6511818 -0.08303457 0.8440596 -0.5318784 -0.06832897 0.7709837 -0.6339402 -0.06086057 0.7702085 -0.6349372 -0.06028068 0.7344245 -0.6770117 -0.04770535 0.7545441 -0.6558568 -0.02269774 0.7614425 -0.6475145 -0.03050434 -0.5552459 -0.8310093 0.03354799 -0.5548174 -0.8312934 0.03360152 -0.5539134 -0.8318853 0.03386461 -0.5532627 -0.8319461 0.04202419 -0.5526956 -0.8323103 0.04227721 -0.5664438 -0.8222126 0.05575138 -0.5707921 -0.8193468 0.05354827 -0.563541 -0.8235002 0.06533783 -0.5866796 -0.8059068 0.07950735 -0.5750841 -0.8121805 0.09818905 -0.590707 -0.8016021 0.0921927 -0.6062179 -0.7854094 0.1250284 -0.6106074 -0.7823206 0.1230167 -0.6283094 -0.7612445 0.1604186 -0.6439146 -0.7497115 0.1526656 -0.6348054 -0.7540361 0.168677 -0.6501696 -0.7323145 0.2024727 -0.6655405 -0.720648 0.1942228 -0.641335 -0.7332123 0.2260294 -0.6622098 -0.7191948 0.2103261 -0.6543297 -0.718325 0.2363514 -0.6442891 -0.720802 0.2556094 -0.6959614 -0.6761256 0.2418512 -0.6770569 -0.6894351 0.2574357 -0.6618257 -0.6919439 0.2884452 -0.6741297 -0.6844725 0.2775725 -0.6721758 -0.6679752 0.3193568 -0.6974906 -0.6481336 0.305663 -0.6548193 -0.673244 0.3434447 -0.6838991 -0.6506192 0.3301163 -0.6753143 -0.6353543 0.3745339 -0.6433851 -0.6519231 0.401313 -0.7113938 -0.5847746 0.3898176 -0.6696495 -0.6077646 0.4268394 -0.6721819 -0.5715944 0.4705862 -0.6569072 -0.5788592 0.4831099 -0.6556469 -0.540968 0.5267646 -0.6383292 -0.5479565 0.540629 -0.6301208 -0.5150785 0.5810697 -0.6104367 -0.5223479 0.5954155 -0.5982993 -0.4888051 0.6349076 -0.2873488 -0.4242603 0.8587398 -0.5375428 -0.5081394 0.6729354 -0.5876826 -0.4539716 0.6697306 -0.5065811 -0.4789597 0.7169193 -0.5511521 -0.4485163 0.7036082 -0.4758586 -0.4820902 0.7356274 -0.5086577 -0.4543774 0.7313061 -0.4522851 -0.4487942 0.7707282 -0.4544361 -0.447873 0.7699986 -0.4265325 -0.4410713 0.7896367 -0.4168777 -0.4420403 0.7942377 -0.390392 -0.4304888 0.8138019 -0.3565035 -0.4442189 0.8219336 -0.3307427 -0.4230466 0.8435882 -0.3132466 -0.4254328 0.8490486 -0.3023015 -0.426213 0.8526173 -0.2616465 -0.4280484 0.8650525 -0.2450714 -0.4351817 0.8663468 -0.2132925 -0.4132857 0.8852691 -0.1661011 -0.4232952 0.8906356 -0.1821338 -0.4177469 0.8901208 -0.156472 -0.4186292 0.8945759 -0.1338358 -0.421242 0.897019 -0.1066549 -0.4033145 0.9088246 -0.04989755 -0.4283339 0.902242 -0.03101837 -0.4157857 0.9089335 0.570118 -0.820463 0.04249858 0.5614908 -0.8263429 0.04342126 0.5578487 -0.8291906 0.03532433 0.5540801 -0.8316904 0.03586763 0.5532289 -0.8323438 0.03379088 0.5546951 -0.8313791 0.03350025 0.5736754 -0.8175991 0.04928052 0.5876948 -0.8068645 0.05987179 0.5852799 -0.8085922 0.06021845 0.6121561 -0.786391 0.08278918 0.6039041 -0.7925932 0.08423668 0.6459661 -0.7548699 0.1135748 0.654931 -0.7474216 0.1114745 0.63262 -0.7646228 0.1230615 0.6792101 -0.717557 0.1542259 0.663134 -0.7312675 0.1596907 0.6739718 -0.7175462 0.1757541 0.6754043 -0.7140279 0.184373 0.6948087 -0.6898066 0.203489 0.6733397 -0.7086605 0.2107465 0.6972178 -0.6778815 0.2331609 0.6963174 -0.6723242 0.2512417 0.6882502 -0.6792321 0.2548638 0.7218495 -0.6276162 0.2916015 0.7122263 -0.6369502 0.2950056 0.7067043 -0.6329612 0.3161158 0.7277132 -0.5935792 0.343653 0.6958035 -0.6263707 0.3514505 0.716163 -0.5835261 0.382894 0.701034 -0.5870629 0.4048563 0.6898496 -0.5991579 0.4063464 0.7072777 -0.552695 0.4407796 0.6907073 -0.5535196 0.4653381 0.6982548 -0.5300574 0.481123 0.6851826 -0.5321771 0.4973051 0.6837698 -0.5249189 0.5068719 0.6649217 -0.5255426 0.5307393 0.6734427 -0.4956583 0.5484504 0.6243207 -0.4998836 0.6002834 0.6412473 -0.4697661 0.6067305 0.5810334 -0.4741328 0.6615121 0.5862603 -0.4654152 0.6630894 0.5551797 -0.4546548 0.6964657 0.518012 -0.4689211 0.7153856 0.5188626 -0.4319889 0.737677 0.4284493 -0.4486973 0.7842845 0.4405744 -0.4218575 0.7924206 0.3310679 -0.4331966 0.8382928 0.3605293 -0.3618538 0.8596979 0.2189384 -0.4849905 0.8466701 0.2563555 -0.3770464 0.8900101 0.01526051 -0.41592 0.9092732 0.0357325 -0.4387977 0.8978751 0.1239836 -0.4434791 0.887668 0.1154579 -0.4084335 0.9054566 0.05611038 -0.4181187 0.9066579 -0.0748133 -0.9329868 -0.3520492 -0.4682404 -0.8585401 -0.208949 -0.4957531 -0.8677026 -0.03634881 -0.6811726 -0.7318671 -0.01935213 -0.6978672 -0.7135262 -0.0621438 -0.697427 -0.7130154 -0.07214355 -0.651743 -0.7545664 -0.07655501 -0.6762971 -0.7301768 -0.09728354 -0.579284 -0.7992255 -0.1602147 -0.6087942 -0.7797674 -0.1460567 -0.6789861 -0.7203027 -0.1419224 -0.665464 -0.7372184 -0.1169045 -0.6310233 -0.761588 -0.1476259 -0.6520751 -0.7411023 -0.1598924 -0.6143245 -0.7690787 -0.1764183 -0.6121764 -0.7695568 -0.181721 -0.6157889 -0.7707954 -0.1633354 -0.6070745 -0.7753909 -0.1738664 -0.5819507 -0.7920485 -0.1843709 -0.5860717 -0.7903566 -0.1784836 -0.5187807 -0.8319989 -0.1965823 -0.5200027 -0.829132 -0.2052744 -0.5287044 -0.825176 -0.1988877 -0.4328351 -0.8647715 -0.254606 -0.4245579 -0.8711597 -0.2466401 -0.4134228 -0.8712966 -0.2644315 -0.4186277 -0.8745509 -0.2447683 -0.3709703 -0.8924813 -0.2566285 -0.3460581 -0.8967628 -0.2757906 -0.2688924 -0.9196534 -0.286242 -0.2750869 -0.9062708 -0.3209371 -0.08185213 -0.9325433 -0.3516581 -0.09630167 -0.9321344 -0.3490726 -0.1025863 -0.9311605 -0.3498805 -0.1359929 -0.9309007 -0.3390132 -0.130801 -0.9296149 -0.3445393 -0.1572478 -0.9284418 -0.3365548 -0.07958871 -0.984457 -0.1565573 -0.226215 -0.8850984 -0.4067281 -0.2065594 -0.9293731 -0.3059396 -0.2262117 -0.9290192 -0.2928339 -0.04514968 -0.9317207 -0.3603583 -0.05908834 -0.9358502 -0.3474093 -0.01860916 -0.9322245 -0.361402 -0.02083641 -0.9326034 -0.3603011 -0.005470871 -0.9338843 -0.3575335 -0.2451795 -0.915266 -0.3196486 -0.2210088 -0.9200676 -0.3234667 -0.1965198 -0.9273721 -0.3183725 -0.1835396 -0.9253665 -0.3316778 -0.1583209 -0.928302 -0.3364371 -0.407034 -0.8702106 -0.2775913 -0.3609493 -0.88654 -0.2894178 -0.3466531 -0.898948 -0.2678135 -0.2857087 -0.9175572 -0.2765128 -0.3523204 -0.8998537 -0.2571648 -0.3422737 -0.8908307 -0.29878 -0.2787237 -0.9102939 -0.3060688 -0.2802728 -0.9124901 -0.2980082 -0.2571403 -0.9138339 -0.3143035 -0.423534 -0.8687696 -0.2566289 -0.3989579 -0.8898282 -0.2214461 -0.6062046 -0.7214921 -0.334612 -0.4662691 -0.8530076 -0.2344592 -0.483763 -0.8489397 -0.2127785 -0.407002 -0.8893349 -0.2084059 -0.4713757 -0.8525058 -0.2259178 -0.4887847 -0.8376622 -0.2437456 -0.5353102 -0.8179131 -0.2108584 -0.5420703 -0.8130221 -0.2124969 -0.4942352 -0.851791 -0.173735 -0.571669 -0.7980103 -0.1907203 -0.5748191 -0.7979151 -0.1814244 -0.5777948 -0.7951444 -0.184116 -0.5902608 -0.7801647 -0.207208 -0.7049181 -0.7091576 -0.01364141 -0.7673873 -0.6400952 -0.03734838 -0.7545425 -0.6558585 -0.02270102 -0.7983488 -0.6011782 -0.034985 -0.74271 -0.6635573 -0.08985376 -0.7331242 -0.6759979 -0.07453697 -0.694835 -0.7114229 -0.1052706 -0.6943447 -0.7126901 -0.09979194 -0.6567012 -0.7462118 -0.1091405 -0.656945 -0.7423892 -0.1314597 -0.6948456 -0.7178282 -0.04372972 -0.7284192 -0.6829279 -0.05490869 -0.7186505 -0.6940798 -0.04236304 -0.7706824 -0.6343454 -0.06045269 -0.7710871 -0.6338251 -0.0607503 -0.8347573 -0.5464995 -0.06722092 -0.7570372 -0.6479339 -0.08412146 -0.7595285 -0.6448535 -0.08532702 -0.7634273 -0.632365 -0.1315044 -0.7291083 -0.6765425 -0.1033983 -0.7269842 -0.677924 -0.1091472 -0.7621861 -0.6334758 -0.133345 -0.7022843 -0.6988746 -0.1355398 -0.7035202 -0.695241 -0.1473069 -0.6600018 -0.7340611 -0.1598499 0.5534453 -0.8319709 0.03902351 0.5540571 -0.8317905 0.03384381 0.5548179 -0.8312925 0.0336163 0.5552518 -0.8310047 0.03356558 0.5962923 -0.7884756 0.1508037 0.6254323 -0.7729895 0.1064042 0.569409 -0.8139229 0.1153393 0.6085184 -0.7897596 0.07736515 0.5489765 -0.8313798 0.08621114 0.5894528 -0.8057283 0.0578556 0.5517936 -0.8313907 0.06567615 0.567819 -0.821866 0.04602164 0.5559424 -0.8297219 0.04989737 0.5554959 -0.8305174 0.04080897 0.6628021 -0.7057766 0.2501457 0.653382 -0.7181195 0.2395753 0.6582404 -0.7179246 0.2265034 0.6499086 -0.7314923 0.2062471 0.6532821 -0.7309746 0.1972279 0.6283775 -0.7589101 0.1708723 0.6489176 -0.7476481 0.1411675 0.6690272 -0.6925188 0.2698526 0.6682282 -0.6865887 0.2864736 0.6755533 -0.6827415 0.2783735 0.6706554 -0.6749549 0.307664 0.6711411 -0.6747276 0.3071035 0.6832914 -0.6442239 0.3436402 0.68575 -0.6430093 0.3410074 0.6735169 -0.6416996 0.3668741 0.6773772 -0.6407677 0.3613542 0.6806747 -0.6171898 0.3946629 0.6726878 -0.6210241 0.4022688 0.6646475 -0.5540284 0.5012947 0.6645316 -0.5925924 0.4552274 0.659941 -0.5947529 0.4590718 0.677017 -0.5915089 0.43791 0.6415832 -0.5272639 0.5571032 0.6450617 -0.5429903 0.5376401 0.655521 -0.5589476 0.5078089 0.5352378 -0.4704125 0.7015929 0.5460811 -0.4867131 0.6818401 0.553693 -0.4836347 0.6778802 0.5804102 -0.4856016 0.6536934 0.5804224 -0.4856012 0.653683 0.5971861 -0.5072645 0.6213306 0.6135682 -0.5004599 0.610798 0.6188409 -0.5148375 0.5932776 0.6313095 -0.5315314 0.5647325 0.489991 -0.4732347 0.7320914 0.4815576 -0.434199 0.7612974 0.515097 -0.46233 0.7217521 0.1504086 -0.4278234 0.8912601 0.4485539 -0.443341 0.7760466 0.4109923 -0.4431616 0.7966763 0.4004637 -0.4486751 0.7989491 0.3545812 -0.4189409 0.8359192 0.3161334 -0.4393677 0.8408424 0.2965527 -0.4279404 0.8537702 0.2555156 -0.4194264 0.8710874 0.2567558 -0.4202111 0.8703444 0.2203288 -0.4221125 0.8793613 0.2104908 -0.418274 0.8835952 0.1828591 -0.4203692 0.8887364 0.04840517 -0.4155015 0.9083036 0.05104845 -0.4184572 0.9068009 0.1003959 -0.4163502 0.9036445 0.1450347 -0.4230305 0.8944329 -0.1111263 -0.9938027 0.002717792 0.4460771 -0.8945263 0.02894967 -0.3374615 -0.9412888 -0.009752154 -0.6891679 -0.7240361 -0.02862507 -0.008532345 -0.9896122 -0.1435091 0.043455 -0.6329767 0.7729503 -0.02834904 -0.9875269 -0.154878 -0.02868258 -0.9894489 -0.142015 -0.008698225 -0.9895125 -0.1441853 0.04329681 -0.6335909 0.7724558 0.1278669 -0.6337026 0.762936 0.1271504 -0.6355639 0.7615061 -0.03629928 -0.9890792 -0.142845 -0.04518777 -0.9890075 -0.1407921 -0.04702663 -0.9884689 -0.1439371 -0.06392347 -0.9882896 -0.1385549 -0.06629967 -0.9860797 -0.1524838 -0.07332855 -0.9871631 -0.141888 -0.0841993 -0.9869815 -0.1370329 -0.1253256 -0.9775445 -0.169412 -0.1109353 -0.9848057 -0.1336079 -0.09070897 -0.9852244 -0.1452751 0.1853976 -0.6364156 0.7487342 0.1949065 -0.6599259 0.7256096 0.2137963 -0.6395578 0.7384152 0.2688049 -0.6395396 0.7202312 0.2658404 -0.6449993 0.7164529 0.3397544 -0.6459584 0.6835969 0.334626 -0.65411 0.6783552 0.4000241 -0.6554062 0.640643 0.3922095 -0.6663889 0.6341118 0.4282488 -0.6677871 0.6088213 0.4241535 -0.6705745 0.6086245 0.4590483 -0.6712763 0.5819475 0.4469335 -0.6864088 0.5736666 -0.1226413 -0.9822198 -0.1421392 -0.1283272 -0.9820738 -0.1380696 -0.1329828 -0.9812949 -0.1391973 -0.1430999 -0.9809209 -0.1315934 -0.1582122 -0.9767856 -0.1444258 -0.1754084 -0.9760354 -0.1287896 0.4812159 -0.7060202 0.5195834 0.4805759 -0.7071522 0.5186354 0.4732633 -0.6879511 0.5502228 -0.243412 -0.9566141 -0.1601253 -0.2124552 -0.9694559 -0.1225491 -0.1942323 -0.9705957 -0.1421903 0.5054498 -0.7565221 0.414964 0.5160991 -0.7281 0.4511232 0.5006767 -0.7267678 0.4702463 0.4978563 -0.7308686 0.4668728 0.5005329 -0.7073877 0.4990687 0.5108678 -0.7500004 0.4201353 0.5367828 -0.7523508 0.3818804 0.5125899 -0.7731959 0.3733896 0.5354702 -0.775616 0.3342031 0.5101296 -0.7956188 0.3267396 -0.2348963 -0.962639 -0.1347221 -0.244972 -0.9618189 -0.1220379 -0.2704392 -0.953117 -0.1357598 -0.2810564 -0.9521417 -0.1201408 -0.3082225 -0.9420289 -0.1325913 -0.3164872 -0.9411733 -0.118443 -0.3444218 -0.9298719 -0.1292747 -0.3502076 -0.9292284 -0.1178527 -0.377972 -0.9170712 -0.126955 -0.382133 -0.9166057 -0.1175099 -0.4100397 -0.9034385 -0.1251657 -0.412106 -0.9032266 -0.1197926 -0.4261853 -0.8964772 -0.121222 -0.4266106 -0.8964319 -0.1200557 -0.4512631 -0.8842977 -0.1199138 0.5245879 -0.7973653 0.2983556 0.4897574 -0.8278999 0.2733485 0.5076242 -0.8174822 0.2721042 0.5180261 -0.8185489 0.2482478 0.4909844 -0.8367312 0.2425185 0.5007457 -0.8378775 0.2172905 0.4866684 -0.8463026 0.2166236 0.4964044 -0.8471922 0.189336 0.4626088 -0.8674957 0.1828778 0.4711336 -0.8683191 0.1550969 0.4538989 -0.8776447 0.1539993 0.4612374 -0.8780514 0.1276167 0.4256183 -0.8965842 0.1224169 0.4322347 -0.8968322 0.09415555 0.3983048 -0.9128013 0.09026169 0.4029295 -0.9128197 0.06639379 0.3697502 -0.9269764 0.06324338 0.3727536 -0.9268994 0.04373157 0.3480278 -0.9365357 0.04216313 0.3493732 -0.9364757 0.03084909 0.3372837 -0.9409016 0.03072428 -0.4610145 -0.8785727 -0.124803 -0.463198 -0.8784118 -0.1176456 -0.4795477 -0.8694029 -0.1190494 -0.4810276 -0.869297 -0.1137331 -0.5137881 -0.849644 -0.1188572 -0.5162803 -0.8495563 -0.1082075 -0.5469821 -0.8296682 -0.1116305 -0.5495435 -0.8296544 -0.09836441 -0.5786327 -0.8093403 -0.1007609 -0.5810753 -0.8094156 -0.0848391 -0.6017139 -0.7940955 -0.08574897 -0.6035758 -0.7942197 -0.07008123 -0.613493 -0.7865978 -0.06993204 -0.615303 -0.7866609 -0.05066549 -0.6226801 -0.7808335 -0.05068302 -0.6245003 -0.7807281 -0.02152448 -0.4891163 -0.8720367 -0.01781094 -0.1692079 -0.9855776 0.002331316 -0.1681085 -0.9856535 -0.01506078 -0.1585614 -0.987237 -0.01487851 -0.1578346 -0.9872095 -0.02248871 -0.1452977 -0.9891358 -0.02234125 -0.144979 -0.9891179 -0.02503973 -0.1191099 -0.992606 -0.02337229 -0.1193782 -0.9926133 -0.02163076 -0.08386009 -0.9963132 -0.01810032 -0.08495581 -0.9963071 -0.01243972 -0.0480954 -0.9988123 -0.007812559 -0.05034077 -0.9987305 0.001795351 -0.01135075 -0.999902 0.008198082 -0.01458817 -0.9996985 0.01975446 0.004483163 -0.999755 0.0216816 7.89128e-4 -0.9994284 0.03379839 0.03904616 -0.9983375 0.04239958 0.03473895 -0.9979169 0.05436241 0.05067211 -0.9971385 0.05610108 0.04650437 -0.9966723 0.06694608 0.07778179 -0.9941309 0.07519316 0.07159453 -0.9934332 0.08924603 0.1023023 -0.9898343 0.0988053 0.09517049 -0.9890361 0.1129171 0.1254489 -0.9843194 0.1240081 0.1174023 -0.9834781 0.1377959 0.1465728 -0.9776913 0.1504536 0.1367508 -0.9767811 0.1649178 0.1636267 -0.9702143 0.1786352 0.1531758 -0.9694144 0.1917626 0.1757346 -0.9628988 0.204801 0.1633988 -0.9621545 0.218082 0.1826534 -0.9555948 0.2312497 0.1660413 -0.9548519 0.2463498 0.1813287 -0.948737 0.2588785 0.1673633 -0.9483796 0.2693801 0.172013 -0.9472487 0.2704284 0.1574893 -0.9467528 0.2808136 0.167306 -0.9420737 0.2906991 0.140323 -0.9415482 0.3062622 0.1467605 -0.937941 0.3142104 0.1147509 -0.9375245 0.328451 0.1184429 -0.9350461 0.3341559 0.08731049 -0.9348554 0.3441257 0.08914381 -0.9335517 0.347181 0.05641233 -0.9332749 0.3547052 0.05730271 -0.9323617 0.3569567 0.01989448 -0.9323291 0.3610632 0.0200814 -0.9320308 0.3618224 0.33773 -0.9408827 0.02604615 0.3253771 -0.9452903 0.02357965 0.3285623 -0.9441931 0.02337163 0.3286404 -0.9441938 0.02221924 0.1905478 -0.9813542 0.02520936 0.3676148 -0.929908 -0.01143306 0.695349 -0.7180829 -0.02909815 -0.02429747 -0.9996674 0.008649766 0.1824397 -0.983217 3.59122e-4 -0.4208341 -0.9067118 0.02779501 -0.04258465 -0.6330038 0.7729765 0.008427739 -0.9896129 -0.1435104 -0.01964688 -0.9320399 0.3618229 -0.04269707 -0.6335994 0.7724823 -0.1256833 -0.6336957 0.7633043 -0.106547 -0.6816587 0.723871 -0.1528639 -0.6361863 0.7562406 -0.2077937 -0.6360104 0.7431774 -0.2077847 -0.6399271 0.73981 -0.2535863 -0.6408998 0.7245284 -0.2562103 -0.6433582 0.7214198 0.06130301 -0.9881618 -0.1406356 0.04849964 -0.9882279 -0.145098 0.04807502 -0.9889736 -0.1400715 0.03605508 -0.9890948 -0.1427994 0.02972877 -0.9880995 -0.1509158 0.02616345 -0.9894809 -0.142279 0.008341789 -0.9895175 -0.144172 0.08631569 -0.983667 -0.1579517 0.06660884 -0.9878801 -0.1402006 0.06060618 -0.9879443 -0.1424534 -0.2621352 -0.6421136 0.7203993 -0.3015745 -0.6420027 0.704901 -0.3006851 -0.6489233 0.6989185 -0.3486068 -0.6500775 0.6751834 -0.3520383 -0.688125 0.6344708 0.07736063 -0.9863797 -0.1451574 0.09745842 -0.9860429 -0.1349872 0.1014373 -0.9839789 -0.1466153 0.1130471 -0.9837939 -0.1391759 0.1294811 -0.9814122 -0.1416499 0.1328189 -0.9805008 -0.144836 0.1454048 -0.9801251 -0.1349529 -0.3763356 -0.6601793 0.6500269 -0.4219697 -0.6610481 0.6204491 -0.4177151 -0.6734125 0.6099426 -0.447099 -0.6747015 0.5872653 -0.4475274 -0.6784531 0.5825982 -0.4750267 -0.6791914 0.5595076 -0.4666152 -0.6960601 0.5456837 -0.5038109 -0.6980383 0.5088391 -0.4923805 -0.7167014 0.4938629 -0.5209916 -0.7187002 0.4604755 -0.5070477 -0.7379438 0.4453557 -0.5323886 -0.7400808 0.4109048 -0.5134307 -0.7620764 0.3944979 -0.5349975 -0.7642336 0.3601731 -0.5137901 -0.7857036 0.3445137 -0.01975017 -0.9323253 0.3610813 -0.05580937 -0.9323548 0.3572114 -0.05589377 -0.9332557 0.3548377 -0.09188854 -0.9334706 0.3466829 -0.0915001 -0.9352735 0.3418937 -0.1117802 -0.9356037 0.3348894 -0.1124652 -0.9361388 0.3331605 -0.1309754 -0.9362096 0.3261244 -0.1291147 -0.9393007 0.3178737 -0.1555294 -0.9397303 0.3044958 -0.1516004 -0.9439671 0.2931615 -0.1715009 -0.9444465 0.2803718 -0.1648553 -0.9497085 0.2662265 -0.17339 -0.9500451 0.2595195 -0.1730837 -0.9516384 0.2538241 -0.1803488 -0.9518735 0.2478126 -0.1682986 -0.9586418 0.2295248 -0.1772814 -0.9591128 0.2206218 -0.161545 -0.9661768 0.2010116 -0.1668871 -0.9665464 0.1947738 -0.1482733 -0.9733055 0.17519 -0.1534782 -0.9737451 0.1681222 -0.1294417 -0.9805716 0.147391 -0.1340029 -0.9810225 0.140136 -0.1075669 -0.9868689 0.1204961 0.3016448 -0.9464088 -0.1154159 0.2875041 -0.9477958 -0.1379301 0.265271 -0.9569876 -0.1174992 0.2483448 -0.9584343 -0.1404587 0.230584 -0.9655399 -0.1206807 0.2106133 -0.9669059 -0.1439965 0.1954169 -0.972826 -0.1241854 0.1792253 -0.9737547 -0.1402861 0.1836867 -0.9711171 -0.1522859 0.1545179 -0.9789361 -0.1334477 0.1457157 -0.9792671 -0.1407231 0.3452789 -0.9306005 -0.1215135 0.3317859 -0.9351641 -0.124041 0.3259606 -0.9357277 -0.1347714 -0.5217569 -0.8094787 0.2692847 -0.4976725 -0.8288396 0.2556307 -0.5044538 -0.8296734 0.2390992 -0.4796457 -0.8507636 0.2148057 -0.4837283 -0.8483114 0.2153482 -0.4892025 -0.8489197 0.2000404 -0.479618 -0.8559531 0.1931607 -0.4835897 -0.8563171 0.1812795 -0.4288748 -0.8901291 0.1540669 -0.4554063 -0.876666 0.1551192 -0.4590427 -0.8769438 0.1423006 -0.4472708 -0.8840293 0.1357983 -0.4500487 -0.8841745 0.1252667 -0.3969607 -0.9120291 0.1030786 -0.4176816 -0.9026569 0.1036952 -0.4213691 -0.9027257 0.08680063 -0.388998 -0.9179551 0.07771056 -0.3920574 -0.9179336 0.06073808 -0.3633683 -0.9300818 0.05395829 -0.3653174 -0.9300053 0.04041451 -0.3431491 -0.9385877 0.03608268 -0.3437985 -0.9385601 0.03012758 -0.3377829 -0.9407942 0.02844589 -0.3380933 -0.9407747 0.02522057 -0.3285738 -0.9441764 0.02388149 -0.3283601 -0.9441604 0.02722144 -0.1809 -0.9833651 0.01638275 0.1691394 -0.9855908 0.001688361 0.1680239 -0.9856566 -0.01578515 0.1583167 -0.9872825 -0.01445996 0.1575416 -0.9872545 -0.02256733 0.1513227 -0.9882635 -0.02090245 0.1507334 -0.9882243 -0.02631241 0.1275835 -0.9915847 -0.02195924 0.1270921 -0.9915662 -0.02538323 0.0965712 -0.9951564 -0.01838505 0.0964781 -0.9951556 -0.01889896 0.06136143 -0.9980729 -0.009243488 0.06187492 -0.99806 -0.006909787 0.02354323 -0.9997084 0.005370438 0.02446228 -0.9996616 0.00884211 0.01141607 -0.9998112 0.0157234 0.01278167 -0.9997071 0.02055561 -0.02371829 -0.9991008 0.03514605 -0.02204138 -0.998951 0.04014045 -0.0331853 -0.9983099 0.0477091 -0.03206831 -0.9981908 0.05086266 -0.06122672 -0.9959616 0.06566518 -0.05849331 -0.9956594 0.0723955 -0.08711063 -0.9922369 0.08875668 -0.5307272 -0.7875729 0.3131418 -0.5080543 -0.8079255 0.2985589 -0.1112247 -0.9872656 0.1137357 -0.08376526 -0.9918588 0.09591448 0.3634232 -0.9227889 -0.1280012 0.3699742 -0.9220274 -0.1139509 0.3954115 -0.9093021 -0.1296907 0.4018951 -0.9085935 -0.1137457 0.4273302 -0.8950279 -0.1277262 0.431406 -0.8946332 -0.1162779 0.4409737 -0.8889871 -0.1234676 0.4447262 -0.8886086 -0.1122208 0.4759515 -0.8704524 -0.1256304 0.4791279 -0.8702536 -0.1144338 0.4899196 -0.8633688 -0.1207193 0.492964 -0.8631713 -0.1091873 0.5249256 -0.8426361 -0.1200727 0.5287487 -0.8425483 -0.1026511 0.557675 -0.8225932 -0.1110816 0.5610028 -0.8226144 -0.09263682 0.5856561 -0.8045384 -0.09861528 0.5885145 -0.8046529 -0.07864135 0.6068449 -0.7905484 -0.08229714 0.6085852 -0.790691 -0.06657153 0.613445 -0.7867984 -0.06806963 0.6150999 -0.7868338 -0.05044543 0.62259 -0.7808469 -0.05157488 0.6242637 -0.7808028 -0.02533757 0.4987854 -0.8666791 -0.008974492 -0.0583629 -0.9981808 0.01512652 -0.2141798 -0.976565 0.02116763 0.6208353 -0.7837721 -0.01627343 8.97104e-4 -0.9961407 -0.08776623 -0.007142841 -0.9194802 0.3930715 7.48691e-4 -0.9961296 -0.08789467 0.002162635 -0.996133 -0.08783233 0.001826703 -0.9961141 -0.08805388 0.01081615 -0.996114 -0.08740818 0.01017844 -0.9959186 -0.08968007 0.01863497 -0.995939 -0.08808207 0.01905041 -0.9959838 -0.0874831 0.0240156 -0.9955241 -0.09140676 0.03201377 -0.9955323 -0.08882921 0.0317468 -0.9948019 -0.09675461 0.0445792 -0.9948716 -0.09079349 0.04595005 -0.9936438 -0.1027649 0.06098598 -0.9937596 -0.09339606 0.06426405 -0.9920446 -0.1082482 0.07580476 -0.992169 -0.09926927 0.07549721 -0.9921235 -0.09995627 0.09261173 -0.9898982 -0.1073537 0.1042295 -0.9898706 -0.09639835 0.1153866 -0.9862771 -0.1180824 0.1335958 -0.9862405 -0.09737539 -0.01338654 -0.6248525 0.7806281 -0.04885685 -0.6248373 0.7792249 -0.04940259 -0.6250655 0.7790074 -0.09863412 -0.6244469 0.7748146 -0.09930872 -0.6258345 0.7736077 -0.1942943 -0.6256777 0.7554979 -0.1957977 -0.6294514 0.751967 -0.2847828 -0.6291372 0.7232463 -0.2864386 -0.63516 0.7173039 -0.3693119 -0.6346607 0.6788333 -0.37041 -0.6445317 0.6688612 -0.4387633 -0.6441531 0.626541 -0.4387212 -0.6567758 0.6133264 -0.4906802 -0.656464 0.5729643 -0.4885244 -0.6718724 0.556715 -0.5306503 -0.6716643 0.5169888 -0.5239122 -0.6920979 0.4965044 -0.5558186 -0.6922285 0.4603102 -0.5456563 -0.7140553 0.4386163 -0.5639458 -0.7143742 0.4142884 0.1733216 -0.9787968 -0.1091628 0.1597578 -0.9816045 -0.1045483 0.1481264 -0.9816517 -0.1200773 -0.5879867 -0.7016039 0.4025217 -0.5501716 -0.7360959 0.3943023 -0.5697081 -0.7367136 0.3642607 -0.6058365 -0.727311 0.3224608 -0.572332 -0.7512262 0.3287785 -0.5613854 -0.7510264 0.3475716 -0.5490823 -0.7757095 0.3111009 -0.567156 -0.7762678 0.2752135 -0.5441229 -0.7995201 0.2543576 -0.5548657 -0.7996977 0.2293636 -0.5629044 -0.8058353 0.1837613 -0.5380301 -0.8213472 0.1895057 -0.530352 -0.8213286 0.21011 -0.5102604 -0.8413054 0.1784362 -0.518852 -0.8412242 0.1521001 -0.49317 -0.8591923 0.1362792 -0.4956629 -0.8591063 0.1274938 -0.4914463 -0.8627147 0.119181 -0.4950938 -0.8624017 0.1055723 -0.4825859 -0.8695364 0.1049643 -0.4615168 -0.883275 0.08262884 0.1893618 -0.9758438 -0.108954 0.1941398 -0.9757095 -0.101493 0.2046217 -0.9717773 -0.1173838 0.2149363 -0.9715216 -0.0997402 0.2376512 -0.9637903 -0.1209559 0.2473847 -0.963586 -0.1015028 0.2710804 -0.954949 -0.1207801 0.2781956 -0.9548518 -0.1042372 0.3011043 -0.9459326 -0.1206142 0.3065246 -0.9459366 -0.1060506 0.3295387 -0.9364005 -0.120658 0.3338117 -0.9364892 -0.1075069 0.355781 -0.9268409 -0.1199415 0.3583843 -0.9269848 -0.1107243 0.3619205 -0.9248518 -0.1168872 0.3645617 -0.9249897 -0.1071863 0.3914152 -0.9125411 -0.1185875 0.3948646 -0.9129113 -0.1033201 0.4203877 -0.9003208 -0.1126797 0.4238619 -0.900826 -0.09409451 0.4459043 -0.8893319 -0.1012819 0.449195 -0.8898801 -0.07960748 0.4680498 -0.8796486 -0.08454358 0.4709228 -0.8801456 -0.05979627 0.4815045 -0.8742352 -0.06218039 0.4837381 -0.874491 -0.03553825 0.4868211 -0.8727537 -0.03614056 0.4880368 -0.8727066 -0.0142641 0.4568595 -0.8894879 -0.009526252 0.181455 -0.9833788 0.006360054 0.07121902 -0.9974548 0.003465235 0.07062947 -0.9974755 -0.007365822 0.06579428 -0.9978047 -0.007558166 0.06467127 -0.9976867 -0.02095282 0.0502175 -0.9985156 -0.02109479 0.04934579 -0.9983726 -0.02859085 0.02443456 -0.9993093 -0.0280013 0.02428102 -0.9992842 -0.02901113 -0.004960477 -0.9995996 -0.02785837 -0.004109859 -0.99972 -0.02330559 -0.03913158 -0.9990215 -0.02061158 -0.03653115 -0.9992911 -0.009110212 -0.07395887 -0.9972491 -0.004952669 -0.07062822 -0.9974761 0.007294595 -0.07829803 -0.9969242 0.003420531 -0.07490259 -0.9970704 0.01550137 -0.1055163 -0.9942412 0.0187326 -0.1001892 -0.994347 0.03515994 -0.1323984 -0.9904038 0.03963685 -0.1257658 -0.9903941 0.05746847 -0.158412 -0.9853469 0.06322264 -0.149999 -0.9852126 0.08280283 -0.1836362 -0.9788417 0.0902583 -0.1736178 -0.9786167 0.1103016 -0.2070152 -0.9710097 0.1195195 -0.1963557 -0.9708063 0.1377663 -0.2168315 -0.9660503 0.1404669 -0.2055859 -0.9658043 0.157976 -0.2340112 -0.9577469 0.1672112 -0.2187162 -0.9575703 0.1876765 -0.2450864 -0.9490546 0.1980609 -0.2249653 -0.9489898 0.220928 -0.2480583 -0.9405639 0.2319625 -0.2216693 -0.9406917 0.2568308 -0.2388456 -0.9340273 0.2656046 -0.2067658 -0.9342451 0.2905755 -0.220111 -0.9285855 0.2987977 -0.1795465 -0.9288521 0.3240322 -0.1891294 -0.924271 0.3315921 -0.1412814 -0.9245845 0.3538122 -0.1469252 -0.92166 0.3591045 -0.09738433 -0.9218612 0.3750843 -0.1005622 -0.9199838 0.3788368 -0.04976361 -0.920105 0.3884978 -0.0508129 -0.9193552 0.3901336 -0.02646511 -0.9195957 0.3919734 -0.0269227 -0.9194816 0.3922102 -0.007224857 -0.9195013 0.3930208 -0.01328676 -0.6248157 0.7806594 -0.4638758 -0.8829659 0.07204562 -0.4481548 -0.8910824 0.07162183 -0.4306833 -0.9008058 0.05532461 -0.4314292 -0.9006853 0.05133146 -0.4032526 -0.9141551 0.04132759 -0.4043095 -0.9139745 0.03441792 -0.3795218 -0.9247764 0.02741754 -0.3798376 -0.924723 0.024715 -0.3648021 -0.9308441 0.02118223 -0.3646592 -0.9308604 0.0228635 -0.3590399 -0.9330678 0.02179133 -0.3590738 -0.9330699 0.02113544 -0.4212163 -0.9064983 0.02894747 -0.1921862 -0.9813486 0.004387736 -0.3441355 -0.9389172 -0.002339482 0.5140121 -0.8571804 0.03214925 0.01336711 -0.6248142 0.7806591 0.007208645 -0.91948 0.3930709 -8.99037e-4 -0.996131 -0.0878762 -0.001816153 -0.9961332 -0.08783692 -0.002173662 -0.9961147 -0.08803862 -0.009901165 -0.9961175 -0.08747547 -0.02180325 -0.9962686 -0.08350747 -0.01863497 -0.995939 -0.08808207 -0.0110808 -0.9959245 -0.08950811 -0.02033936 -0.9954965 -0.09259033 -0.02906155 -0.9955375 -0.08978146 -0.03456646 -0.9948341 -0.09544759 -0.04058712 -0.9948706 -0.09265738 -0.04970121 -0.9937026 -0.1004241 -0.05617886 -0.9937558 -0.09640198 -0.06875854 -0.9921191 -0.1047478 0.01331782 -0.6248525 0.7806293 0.0493707 -0.6248302 0.7791983 0.04888772 -0.6250647 0.7790405 0.09944236 -0.6244232 0.7747302 0.09850603 -0.6258113 0.7737291 0.1965415 -0.6256021 0.7549793 0.1935759 -0.62939 0.7525934 0.28819 -0.6290134 0.7220034 0.2830919 -0.6350702 0.7187106 0.3742185 -0.6344606 0.6763285 0.3656188 -0.6444042 0.6716146 0.4447625 -0.6439142 0.6225439 0.4328802 -0.6566369 0.6176106 0.4744499 -0.6568781 0.5860106 0.4942558 -0.6498764 0.5773838 -0.07580345 -0.9921691 -0.09926927 -0.07549756 -0.9921234 -0.09995615 -0.09261173 -0.9898982 -0.1073537 -0.09877061 -0.9899148 -0.1015532 -0.1203895 -0.9863416 -0.112413 -0.1282967 -0.9863287 -0.1034203 -0.1529863 -0.9816766 -0.1136059 0.4930065 -0.6719553 0.5526488 0.5373929 -0.6714171 0.5103018 0.51744 -0.6918788 0.5035471 0.5622216 -0.6920554 0.452732 0.5395404 -0.7138085 0.4465128 0.5639445 -0.7143753 0.414288 0.5723567 -0.7100052 0.4102444 0.5585342 -0.7364715 0.3816403 0.5748206 -0.73672 0.3561248 0.5564436 -0.7508209 0.355863 0.572332 -0.7512262 0.3287785 0.5786781 -0.7468497 0.3276387 0.5569421 -0.7761017 0.2957732 0.5709583 -0.7762253 0.2673594 0.5405641 -0.7993342 0.262403 0.5580168 -0.7996366 0.2218076 0.5274013 -0.8212168 0.2178323 0.5380301 -0.8213472 0.1895057 0.539362 -0.8205423 0.1892067 -0.1623771 -0.9815425 -0.1010352 -0.1662634 -0.9800115 -0.1092439 -0.1893618 -0.9758438 -0.108954 -0.1899673 -0.9758313 -0.1080079 -0.208555 -0.971728 -0.1106774 -0.2112693 -0.9716597 -0.1060318 -0.2409533 -0.9637722 -0.1143888 -0.2442752 -0.9637011 -0.1077486 -0.273873 -0.9549477 -0.1143175 -0.2757321 -0.9549199 -0.1099991 -0.3033174 -0.9459626 -0.1146884 -0.304475 -0.9459625 -0.1115798 -0.3313858 -0.9364606 -0.1150006 -0.3321772 -0.9364759 -0.1125668 -0.35724 -0.9269334 -0.1147781 -0.3570402 -0.9269192 -0.1155126 -0.3632351 -0.9249319 -0.1120775 -0.3633854 -0.9249374 -0.1115434 -0.3924311 -0.9126732 -0.1141289 -0.3939803 -0.9128375 -0.1072729 -0.4211549 -0.9004569 -0.1086558 -0.4232324 -0.9007567 -0.09752851 -0.44645 -0.8894478 -0.09780108 0.514345 -0.8413466 0.1660876 0.5209605 -0.8411016 0.145425 0.4912133 -0.8592095 0.1430689 0.4974771 -0.8589956 0.1210092 0.4896637 -0.8628048 0.125688 0.4960029 -0.8622959 0.1021132 0.4579409 -0.8835443 0.09818255 0.4643822 -0.8828844 0.06974554 0.4284665 -0.901067 0.06704288 0.4322353 -0.9005383 0.04694122 0.4025568 -0.9142501 0.04577058 0.4047725 -0.913883 0.03125745 0.3791381 -0.9248338 0.03060811 0.3800454 -0.9246851 0.02286976 0.3646379 -0.9308644 0.0230382 0.3647063 -0.930858 0.02219718 0.359007 -0.9330646 0.02246159 0.3590196 -0.9330669 0.02216231 0.3386095 -0.9406348 0.02345043 0.05035322 -0.9985951 0.01651096 -0.07121878 -0.997455 0.003375887 -0.07060414 -0.9974732 -0.007890939 -0.06583499 -0.9978058 -0.007026433 -0.06453233 -0.9976606 -0.02256172 -0.05040746 -0.9985386 -0.01949197 -0.04901903 -0.9983031 -0.03143429 -0.02487045 -0.9993733 -0.02519011 -0.02368396 -0.9991756 -0.03297418 0.004229605 -0.9997043 -0.02394974 0.004999101 -0.9995938 -0.02806037 0.03807789 -0.9991475 -0.01595026 0.03774189 -0.9991828 -0.01446551 0.07253849 -0.9973657 2.72351e-4 0.07216894 -0.9973912 0.001640975 0.07671463 -0.9970121 0.009049654 0.07658576 -0.9970176 0.009517014 0.1036213 -0.9943128 0.02459108 0.102305 -0.9943405 0.02864927 0.1300389 -0.9904415 0.04599618 0.1283131 -0.9904403 0.05063498 0.1555692 -0.9853514 0.06986361 0.1531332 -0.9853149 0.07553082 0.1801379 -0.9788187 0.09728604 0.1773483 -0.9787571 0.1028692 0.2028678 -0.9709826 0.1266392 0.2007572 -0.9709427 0.1302568 0.2121629 -0.9659982 0.147765 0.2105085 -0.9659637 0.1503337 0.2286247 -0.9577545 0.1744627 0.2241455 -0.9577035 0.1804521 0.2391803 -0.9491277 0.2048158 0.2306433 -0.9490973 0.2145182 0.2419 -0.940705 0.2378202 0.2272675 -0.9407683 0.251604 0.2328678 -0.9341852 0.270316 0.2119035 -0.9343156 0.2866205 0.2146631 -0.9287436 0.3022505 0.1838014 -0.928924 0.3214302 0.1846452 -0.9244094 0.3337268 0.1443662 -0.9246457 0.3524045 0.1437194 -0.921745 0.3601821 0.09945666 -0.9219005 0.3744434 0.09843301 -0.9200409 0.3792568 0.05059367 -0.9201195 0.388356 0.04997426 -0.9193756 0.3901937 0.02695077 -0.9195955 0.3919414 0.02644324 -0.9194872 0.3922296 0.00715816 -0.9195004 0.3930239 -7.46766e-4 -0.9961398 -0.08777862 -0.448797 -0.8898318 -0.08234471 -0.4473404 -0.8906078 -0.08188068 -0.4692774 -0.8799178 -0.07432007 -0.4707794 -0.8801292 -0.06115227 -0.481631 -0.8742624 -0.06080216 -0.4837134 -0.8744891 -0.03592014 -0.4868435 -0.8727576 -0.03574281 -0.4880214 -0.8727097 -0.01459079 -0.5380761 -0.8428086 -0.01217126 0.4246305 -0.9053407 -0.006877541 -0.4206251 -0.9067696 0.02904468 -0.03175193 -0.6188336 0.7848802 0.003251373 -0.9986755 -0.05135053 -7.63678e-4 -0.9986649 -0.05165004 -6.0844e-4 -0.9986837 -0.05128872 0.004760563 -0.9984924 -0.05468451 0.00376445 -0.9985489 -0.05372047 0.002956271 -0.9985429 -0.05388367 -0.03195917 -0.6192037 0.7845799 -0.1093486 -0.6184727 0.7781611 -0.1097549 -0.6204698 0.7765122 -0.2192198 -0.619616 0.7536702 -0.2197028 -0.6246857 0.7493321 -0.3051931 -0.6240136 0.7193498 -0.3059287 -0.6293207 0.7143971 -0.3813297 -0.6275185 0.6788285 -0.3802136 -0.63831 0.6693265 -0.4550179 -0.6364843 0.6227732 -0.4518946 -0.650593 0.6103444 -0.5064938 -0.649093 0.5675759 -0.5021289 -0.6636902 0.5544205 -0.5465071 -0.6621173 0.5127677 -0.5366876 -0.6831402 0.4952636 -0.5727164 -0.6820429 0.4547675 -0.5598746 -0.7041023 0.4367842 -0.5757555 -0.7038268 0.4160931 -0.5704151 -0.7264633 0.3832464 0.006924271 -0.9982743 -0.05831491 0.008528709 -0.998295 -0.05774533 0.008662879 -0.9979603 -0.0632466 0.01237148 -0.9980295 -0.0615158 0.01488035 -0.9973425 -0.07132154 0.02092671 -0.997497 -0.06754171 0.02574312 -0.996488 -0.07968014 0.03358626 -0.9967293 -0.07350426 0.03962039 -0.9955169 -0.08588653 0.04915732 -0.9958217 -0.0769599 0.06063932 -0.993785 -0.0933516 0.07167774 -0.9941419 -0.08089637 0.08602911 -0.9914864 -0.09774327 0.09652131 -0.9917909 -0.08387184 0.1303 -0.9871107 -0.09292185 0.1179623 -0.9885845 -0.09373122 0.1134693 -0.9884339 -0.1006145 -0.5711171 -0.7257989 0.3834596 -0.5933696 -0.7252097 0.3492614 -0.5718269 -0.7510896 0.3299674 -0.5803675 -0.7504882 0.3161347 -0.5902297 -0.7502736 0.2978565 -0.5146817 -0.8262392 0.2289795 -0.5837657 -0.7734848 0.2468581 -0.5676151 -0.7739707 0.280682 0.1472424 -0.9840597 -0.0997312 0.1532722 -0.9841803 -0.08886402 0.1744745 -0.979197 -0.1035943 0.1799468 -0.9793473 -0.09218508 0.2007111 -0.9740321 -0.1047693 0.2048102 -0.9741892 -0.09491217 0.2248862 -0.9686475 -0.1055853 0.228002 -0.9688201 -0.09696841 0.2488216 -0.9626964 -0.1063178 0.2512628 -0.9628987 -0.09845453 0.2731294 -0.9560586 -0.1065477 0.275256 -0.9563285 -0.09833657 0.2935722 -0.9502513 -0.1041052 0.2949302 -0.9504933 -0.09787118 0.2980685 -0.9492952 -0.09996974 0.2997688 -0.9495802 -0.09184914 0.3175033 -0.9433693 -0.09615647 0.3203756 -0.943978 -0.07915335 0.3357558 -0.9383513 -0.08224898 0.337484 -0.9387866 -0.0691688 0.3401387 -0.9377467 -0.07026374 -0.5600551 -0.7957764 0.2303872 -0.5690379 -0.7953936 0.2086743 -0.5441684 -0.8161684 0.1942936 -0.5530604 -0.8156765 0.1696943 -0.5244958 -0.8370417 0.1557732 -0.5329106 -0.8363294 0.1286845 -0.5000804 -0.8582642 0.1153358 -0.506332 -0.857499 0.09123271 -0.4744648 -0.8766316 0.08000171 -0.4765728 -0.8763132 0.07038217 -0.4707744 -0.8797744 0.06609463 -0.4725996 -0.8794125 0.05730104 -0.4382796 -0.8975669 0.04780054 -0.4402025 -0.8971578 0.03646516 -0.4132985 -0.9100925 0.03026717 -0.4137067 -0.9100057 0.0271396 -0.4090272 -0.9121781 0.02505731 -0.4091237 -0.9121563 0.02426308 -0.3929961 -0.9192898 0.02145618 -0.3928333 -0.9193157 0.02325278 -0.3866142 -0.9219691 0.02242153 -0.3862146 -0.921935 0.0295664 -0.1228275 -0.9922997 0.01595932 -0.01678735 -0.9997377 0.01558375 -0.01789957 -0.9998306 -0.00430268 -0.02188646 -0.9997532 -0.003794848 -0.02320599 -0.9995531 -0.01884561 -0.03625428 -0.9992024 -0.01674252 -0.03719168 -0.9990108 -0.02437573 -0.04119253 -0.9988921 -0.0227555 -0.04188472 -0.9987288 -0.0280435 -0.06492775 -0.9976205 -0.02319443 -0.06542885 -0.9975145 -0.02615302 -0.09407603 -0.995386 -0.01888012 -0.09396857 -0.9954059 -0.01836013 -0.09895563 -0.9949777 -0.01508015 -0.09851431 -0.99505 -0.01305484 -0.1264134 -0.9919696 -0.003994464 -0.1241086 -0.9922566 0.004901051 -0.1546952 -0.987825 0.01646846 -0.1513291 -0.9881072 0.02727413 -0.179134 -0.9830148 0.03991234 -0.1758418 -0.9831978 0.0490089 -0.2012965 -0.9775237 0.06266802 -0.1972864 -0.9776742 0.07232791 -0.2226932 -0.9709221 0.08785241 -0.2177019 -0.9710557 0.0982697 -0.2427903 -0.9631336 0.1158729 -0.2370656 -0.9632639 0.1261849 -0.2619153 -0.9539161 0.1464394 -0.2545504 -0.9541057 0.157754 -0.2735717 -0.9454379 0.1769345 -0.2641887 -0.9457068 0.1893227 -0.2803179 -0.9369229 0.2088004 -0.266033 -0.9373611 0.2249019 -0.2789348 -0.9287865 0.244031 -0.2589972 -0.9294654 0.2627066 -0.2656376 -0.9233895 0.2771076 -0.2390682 -0.9241378 0.2980195 -0.244274 -0.9181261 0.3120494 -0.2052937 -0.9190804 0.3363715 -0.2078818 -0.9143686 0.347441 -0.1671686 -0.9153004 0.366442 -0.1671568 -0.9128901 0.3724115 -0.1205354 -0.9133189 0.3889985 -0.1205534 -0.9108839 0.3946612 -0.06009882 -0.9113649 0.4071885 -0.05979466 -0.9103536 0.4094888 -0.01841777 -0.9106882 0.4126836 -0.01823633 -0.9105102 0.4130843 0.341049 -0.9379462 -0.06278997 0.3971071 -0.9157816 -0.06041586 0.3503861 -0.9352024 -0.05124545 0.3521971 -0.9354363 -0.03027045 0.3533373 -0.9350014 -0.03041732 0.3545415 -0.934993 -0.009405195 0.1827677 -0.983068 0.01316487 0.4510804 -0.8919735 0.03016239 -0.09625691 -0.9953342 0.006661593 -0.3865691 -0.9222468 -0.005029439 -0.3549314 -0.9348905 -0.001878559 -0.3533366 -0.9350039 -0.03034895 7.76259e-4 -0.9986838 -0.0512849 5.96281e-4 -0.9986656 -0.05164104 -0.002612054 -0.9986746 -0.05140531 -0.003584861 -0.9985479 -0.05375134 -0.00376445 -0.9985489 -0.05372047 -0.006310105 -0.9984012 -0.0561729 0.5764182 -0.6818094 0.4504199 0.5328739 -0.6831331 0.4993743 0.5504591 -0.6618549 0.5088643 0.4982978 -0.6637083 0.5578445 0.5104246 -0.6488581 0.5643137 0.4483112 -0.6505842 0.6129905 0.4586927 -0.6362631 0.6202986 0.3772206 -0.63828 0.6710464 0.384387 -0.6273499 0.6772584 0.3036074 -0.6293177 0.7153893 0.3075423 -0.6239114 0.7184374 0.2181599 -0.6246525 0.7498104 0.2207834 -0.6195463 0.753271 0.1091346 -0.6204587 0.7766084 0.1099728 -0.6184446 0.7780953 0.03175592 -0.6192051 0.784587 0.03195512 -0.6188263 0.7848777 0.5703626 -0.7266651 0.3829419 0.5757555 -0.7038268 0.4160931 0.5563168 -0.704098 0.4413136 0.5709881 -0.7258003 0.3836491 0.596323 -0.7250381 0.3445557 0.5695271 -0.7506231 0.3349689 0.5926152 -0.7501402 0.2934231 0.5653601 -0.7739534 0.2852439 0.5785812 -0.773765 0.2579374 0.5457662 -0.80575 0.2300134 0.5600551 -0.7957764 0.2303872 0.5706859 -0.7952728 0.2045939 0.5426152 -0.8161969 0.1984729 0.5543748 -0.8155526 0.1659601 0.5232673 -0.8370887 0.1596056 -0.006023705 -0.9982603 -0.05865412 -0.006650328 -0.9982696 -0.05842655 -0.01047325 -0.9979966 -0.06239616 -0.0100643 -0.9979882 -0.06259721 -0.01704317 -0.9974042 -0.06996053 -0.01823663 -0.9974346 -0.06922328 -0.02824544 -0.9965759 -0.07770931 -0.03073453 -0.996653 -0.07575094 -0.04228687 -0.9956188 -0.08339715 -0.0462619 -0.9957466 -0.07967841 -0.06329244 -0.993896 -0.09036022 -0.06890541 -0.9940783 -0.08402693 -0.08857518 -0.9915878 -0.09438234 -0.09397083 -0.9917446 -0.08724808 -0.1157997 -0.9885205 -0.09704601 -0.1209418 -0.9886486 -0.08914709 -0.1472424 -0.9840597 -0.0997312 -0.1515138 -0.984161 -0.09203708 -0.1760622 -0.9792567 -0.1002927 -0.1785341 -0.9793238 -0.09513479 -0.2019856 -0.9740926 -0.1017137 -0.203685 -0.974157 -0.09762436 -0.2259007 -0.9687121 -0.1027905 -0.2271671 -0.968781 -0.09929049 -0.2495662 -0.9627653 -0.1039213 -0.2506455 -0.9628529 -0.1004544 -0.2736625 -0.9561342 -0.1044814 -0.2748402 -0.9562819 -0.0999394 -0.2939363 -0.9503183 -0.1024531 -0.2946238 -0.9504418 -0.09928482 -0.2983669 -0.9493503 -0.09854555 -0.2995194 -0.9495433 -0.09303534 -0.3177158 -0.9434218 -0.09493249 -0.3202095 -0.9439502 -0.0801506 -0.3358931 -0.938391 -0.08122944 -0.3373857 -0.938764 -0.0699501 -0.3402323 -0.9377711 -0.06947946 -0.3412076 -0.9379765 -0.06146198 -0.3994278 -0.9147573 -0.06063532 -0.3505117 -0.9352299 -0.04986763 -0.3521957 -0.9354346 -0.03033888 0.01678168 -0.9997365 0.01566654 0.01788687 -0.9998317 -0.004078805 0.02190613 -0.9997521 -0.004016637 0.02314043 -0.9995685 -0.01809459 0.03634488 -0.9991864 -0.01748138 0.03705555 -0.9990425 -0.02326482 0.04133707 -0.9988603 -0.02386188 0.04169636 -0.9987761 -0.02660393 0.06516617 -0.9975711 -0.02460235 0.06510967 -0.997583 -0.02427142 0.09445905 -0.9953136 -0.02070152 0.09351742 -0.9954856 -0.01621723 0.09941989 -0.9948968 -0.01720559 0.09799158 -0.9951304 -0.01064443 0.1270142 -0.9918807 -0.006331324 0.1233859 -0.992329 0.007695019 0.1555294 -0.9877353 0.01376509 0.1503536 -0.9881651 0.03039038 0.180225 -0.9829335 0.03688836 0.174572 -0.9832435 0.05250483 0.2027018 -0.9774448 0.05927777 0.1957323 -0.977704 0.07605201 0.2244102 -0.9708461 0.08424985 0.2158012 -0.9710717 0.1022244 0.2448868 -0.9630524 0.1120738 0.2347121 -0.9632792 0.1303972 0.2645174 -0.9538058 0.1424263 0.2518289 -0.954132 0.1619092 0.2765313 -0.9453065 0.1729916 0.2611621 -0.9457442 0.1932939 0.2835885 -0.9367607 0.2050781 0.2628237 -0.9373995 0.2284864 0.2823987 -0.9285966 0.2407475 0.2557683 -0.9295176 0.2656681 0.2690578 -0.9232095 0.2743941 0.2360438 -0.9241515 0.3003789 0.2474831 -0.9179652 0.3099873 0.2027286 -0.9190738 0.3379418 0.2105845 -0.9142414 0.3461458 0.1650978 -0.9153008 0.3673788 0.1692933 -0.9128161 0.371627 0.1190977 -0.91329 0.3895086 0.1220404 -0.9108349 0.3943172 0.05949753 -0.9113514 0.4073067 0.06040847 -0.9103371 0.4094353 0.01821303 -0.9106916 0.4126852 0.01844078 -0.9105014 0.4130948 0.5297175 -0.8366805 0.1391595 0.4871841 -0.866144 0.1115633 0.5006464 -0.8582181 0.1132031 0.5071086 -0.8573611 0.08816319 0.4737573 -0.8767203 0.08316105 0.4771873 -0.8762024 0.06754034 0.4701733 -0.8798766 0.06895285 0.4731016 -0.8792989 0.05485087 0.4378434 -0.8976414 0.05032908 0.4405027 -0.8970827 0.03464359 0.4130545 -0.9101394 0.03213095 0.4138943 -0.9099617 0.02571547 0.4088503 -0.9122171 0.02648723 0.4092444 -0.912128 0.02326858 0.3929082 -0.9193032 0.02246618 0.3928725 -0.9193084 0.02287781 0.3865872 -0.921971 0.0228002 0.3866645 -0.9219703 0.02147942 0.2014933 -0.9790188 0.0303744 5.97287e-6 -0.5000008 -0.866025 9.1722e-6 -0.5000035 -0.8660235 -1.04849e-5 -0.4999923 -0.8660299 -1.41724e-6 -0.5000002 -0.8660253 0 -0.499998 -0.8660265 0 -0.4999995 -0.8660258 0 -0.5 -0.8660254 0 -0.4999993 -0.8660259 4.12722e-6 -0.5000036 -0.8660233 -1.20038e-6 -0.4999991 -0.8660259 -7.20451e-6 -0.5000002 -0.8660254 -2.34013e-6 -0.4999992 -0.8660259 2.64329e-6 -0.5 -0.8660254 -2.58187e-6 -0.499999 -0.8660261 1.03241e-6 -0.5000005 -0.8660252 0 -0.5000007 -0.866025 0 -0.5000046 -0.8660228 0 -0.5 -0.8660256 0 -0.4999992 -0.8660259 -6.93496e-7 -0.5000054 -0.8660224 1.33121e-6 -0.4999992 -0.866026 -8.1287e-6 -0.4999942 -0.8660288 0 -0.500002 -0.8660243 1.5157e-5 -0.4999939 -0.866029 -1.33331e-5 -0.5000052 -0.8660225 -2.24341e-6 -0.4999936 -0.8660292 1.97893e-6 -0.5000015 -0.8660247 0 -0.5000058 -0.8660221 -4.53044e-6 -0.5000016 -0.8660246 2.24413e-5 -0.5 -0.8660255 0 -0.5000004 -0.8660252 -1.38817e-6 -0.5000004 -0.8660252 6.75924e-7 -0.500001 -0.866025 -1.79932e-6 -0.5000011 -0.8660249 -3.75545e-6 -0.4999968 -0.8660273 -3.02493e-5 -0.4999911 -0.8660306 -2.3673e-6 -0.4998836 -0.8660926 0 -0.500014 -0.8660174 -1.47955e-5 -0.4999971 -0.8660272 2.84355e-6 -0.5000007 -0.8660251 -5.92546e-5 -0.499931 -0.8660653 4.0157e-6 -0.500027 -0.86601 -5.40129e-6 -0.4999871 -0.8660329 2.11348e-5 -0.5000079 -0.8660209 -8.46844e-7 -0.5000004 -0.8660252 -2.6035e-7 -0.4999986 -0.8660262 5.06376e-6 -0.5000029 -0.8660238 0 -0.5000019 -0.8660243 2.39706e-5 -0.5000036 -0.8660234 0 -0.4999966 -0.8660275 -7.13492e-6 -0.5000296 -0.8660084 0 -0.5000152 -0.8660168 -9.83083e-7 -0.5000004 -0.8660252 -4.96038e-6 -0.4999944 -0.8660287 2.64573e-7 -0.4999995 -0.8660257 0 -0.5 -0.8660255 -3.04196e-6 -0.4999997 -0.8660256 0 -0.500001 -0.8660249 3.86446e-6 -0.500025 -0.866011 5.29808e-6 -0.5000218 -0.8660129 9.10575e-7 -0.500006 -0.8660219 4.96036e-6 -0.4999923 -0.86603 2.30787e-6 -0.5000004 -0.8660252 7.78013e-7 -0.5000004 -0.8660252 -1.35659e-6 -0.4999999 -0.8660255 0 -0.4999998 -0.8660256 0 -0.4999998 -0.8660256 6.06346e-6 -0.5000001 -0.8660254 -4.95063e-7 -0.5000001 -0.8660255 2.95859e-6 -0.500001 -0.8660249 -7.1092e-7 -0.4999998 -0.8660256 0 -0.5000001 -0.8660255 -9.05516e-7 -0.5000001 -0.8660253 0 -0.5000001 -0.8660254 0 -0.5000011 -0.8660249 0 -0.5000004 -0.8660252 0 -0.4999999 -0.8660255 -1.30228e-6 -0.5000001 -0.8660253 7.60619e-7 -0.5000005 -0.8660252 -3.62686e-7 -0.4999994 -0.8660258 7.91407e-6 -0.5000001 -0.8660254 -1.31923e-5 -0.4999994 -0.8660259 5.91953e-6 -0.500003 -0.8660238 8.78748e-7 -0.5000004 -0.8660253 -1.14911e-6 -0.5000001 -0.8660254 0 -0.4999992 -0.866026 1.96867e-7 -0.5000011 -0.8660248 -1.02696e-4 -0.4999909 -0.8660307 2.90377e-5 -0.5000007 -0.866025 -5.52125e-6 -0.4999999 -0.8660256 0 -0.5000002 -0.8660254 2.86823e-7 -0.4999998 -0.8660256 -1.92914e-6 -0.5 -0.8660254 0 -0.5000004 -0.8660253 -5.2944e-7 -0.5000008 -0.866025 0 -0.4999997 -0.8660256 2.80176e-6 -0.5000002 -0.8660253 0 -0.5000004 -0.8660253 8.35647e-7 -0.4999999 -0.8660256 -6.29623e-6 -0.4999997 -0.8660257 0 -0.4999998 -0.8660256 2.27361e-6 -0.5000007 -0.866025 0 -0.4999999 -0.8660255 -1.81418e-7 -0.4999999 -0.8660256 0 -0.5000003 -0.8660253 -1.91759e-6 -0.5 -0.8660255 1.87082e-5 -0.5000007 -0.866025 -6.89656e-6 -0.4999992 -0.8660259 -1.21085e-5 -0.5000002 -0.8660253 0 -0.4999999 -0.8660255 7.31489e-7 -0.4999997 -0.8660256 3.57866e-6 -0.5000007 -0.8660252 2.14129e-7 -0.4999991 -0.8660259 -4.9344e-7 -0.5000002 -0.8660252 -4.17146e-6 -0.5000007 -0.8660251 2.01979e-6 -0.4999992 -0.8660259 0 -0.5 -0.8660255 -1.36492e-7 -0.5000001 -0.8660253 -3.56019e-6 -0.4999994 -0.8660258 0.3913862 -0.9201929 -0.007885634 0.07121986 -0.9974547 0.003464818 -0.008650898 0.9995253 -0.02957272 0.0631864 0.9978868 -0.01514577 -0.005433619 -0.9996916 0.02423179 0.03809732 0.9986406 -0.03557693 0.06081235 0.9979293 -0.02095377 0.007720291 0.9995336 -0.02954924 -0.4697214 0.8828104 0.002764821 -0.01793223 -0.9994982 0.02611213 -0.06479245 -0.9977639 0.01640546 0.0686019 -0.9974626 0.01903218 0.1897045 -0.9817905 0.009986042 0.1629212 -0.9866262 -0.005070567 0.05928963 -0.9981178 0.01568198 0.05536645 -0.9983522 0.01507729 0.4246283 -0.9053418 -0.006878912 0.1827661 -0.9830684 0.01316589 -0.007399082 0.999536 -0.02955037 -0.01318109 0.9994456 -0.03057676 -0.8199978 0.5712777 0.03529173 -0.004678606 -0.9996945 0.02426874 0.06745684 0.9974879 -0.02162772 0.004125416 0.9995787 -0.02873218 0.354539 -0.9349939 -0.009405076 0.3004942 -0.9537762 -0.003755986 0.3240895 -0.9459649 0.01079565 -0.4208754 -0.9066924 0.02779799 0.3675136 -0.9299482 -0.01141929 0.1824604 -0.9832132 3.50666e-4 -0.05078822 -0.9983617 0.0263552 -0.02027958 -0.9994387 0.02667105 0.02530753 0.9991513 -0.03250133 -0.01430624 0.9994313 -0.03053522 -0.02117288 0.9992349 -0.03288525 0.007990956 0.9998123 -0.01765185 -8.67319e-4 0.9998518 -0.01719194 -0.007776677 0.999822 -0.01719146 -0.8015289 0.5973263 0.02743852 -0.1228174 -0.9923011 0.01595735 -0.01678657 -0.9997377 0.01557868 -0.3862115 -0.9219364 0.02956563 0.6242578 -0.7808073 -0.0253399 -0.007528185 -0.9996685 0.02462053 0.1877343 -0.9822085 0.004723489 0.07114702 0.9972981 -0.01829218 0.08308315 0.9961125 -0.02927768 0.07004362 0.9973912 -0.01745969 0.003389 0.9995828 -0.02868688 -0.4635681 0.8860026 -0.0102058 -0.5490682 0.8356367 0.01534366 0.4987591 -0.8666944 -0.008960664 -0.0271303 -0.9992623 0.02718162 -0.04720234 -0.9984801 0.02845197 -0.03684502 -0.9988704 0.03000688 -0.03571289 0.9987157 -0.03593921 -0.0255894 0.999152 -0.03225892 -0.574605 0.8183581 0.01091825 -0.6412956 0.7666026 0.03256207 -0.04224723 0.9985651 -0.03290688 0.2376672 -0.9712858 0.01088362 0.2858641 -0.9582566 -0.005111336 0.1736742 -0.9847854 0.005934 0.1666376 -0.9860152 0.002469956 8.67294e-4 0.9998369 -0.01804345 -0.06312876 0.9978905 -0.01513969 0.1507857 -0.9885661 -8.69781e-4 -7.33061e-4 -0.9997994 0.02001518 -0.02062076 -0.9995871 0.02001053 0.003261387 -0.9997037 0.02412503 -0.4206021 -0.9067803 0.02904206 0.01850533 0.9993217 -0.03184103 0.02406406 0.9991733 -0.03276979 -0.06309723 0.997817 -0.01949018 -0.03629791 -0.9989104 0.02933388 -0.02598059 -0.9993198 0.02617245 -0.2592677 0.9654797 -0.02508342 -0.3422618 0.9396029 0.001874387 0.6952986 -0.7181318 -0.02909564 0.7989025 -0.6004327 -0.0351476 -0.4211782 -0.906516 0.02894467 -0.5547788 -0.8313093 0.03384536 -0.5530849 -0.8324533 0.03344774 -0.008263349 -0.9996616 0.0246694 -0.009167373 -0.9996478 0.02490466 7.3328e-4 -0.9997167 0.02379375 0.001983284 -0.9997137 0.02384769 0.01464182 0.9994184 -0.03079652 -0.08308315 0.9961125 -0.02927869 -0.06491482 0.9978086 -0.01280879 -0.2299332 -0.9731884 0.005939126 -0.1837061 -0.9827047 -0.02331459 -0.1015952 -0.9946656 0.01785552 0.09860289 -0.9948365 0.02404201 0.02153575 -0.9994041 0.02697855 0.02759408 -0.9992614 0.02674448 0.7545431 -0.6558578 -0.02270138 0.6770879 -0.7357987 -0.01234233 -0.6680545 0.7435741 0.02829933 -0.760761 0.6484111 0.02838623 -0.3974561 0.9174488 -0.01779055 -0.3559598 0.9344434 -0.0104025 -0.3283574 -0.9441613 0.02722173 -0.1302059 -0.991214 0.02326464 0.1691412 -0.9855905 0.001687824 -0.02430814 -0.9996671 0.008652091 -0.1808857 -0.9833678 0.01637941 0.008236765 -0.9996609 0.02470701 0.1187492 0.9923757 -0.0330007 0.1123368 0.9932683 -0.02826172 -0.01208406 -0.9996051 0.02537214 0.01426279 0.9994303 -0.0305888 0.4880375 -0.8727061 -0.01426523 -0.3590775 -0.9330685 0.02113294 0.505716 -0.8626313 -0.01090037 0.01595669 -0.999544 0.02563786 0.01764625 -0.9994944 0.02645188 0.02739155 -0.9993691 0.02261108 -0.2851922 -0.958194 0.02301824 -0.00407654 0.9995753 -0.02885472 -0.00425148 0.9995745 -0.02885848 0.6938272 -0.7198633 -0.02001839 0.62081 -0.7837923 -0.01627248 -0.06035584 -0.9980699 0.0146175 -0.08639961 -0.9960843 0.01874363 -0.01625466 -0.9995275 0.02609068 -0.0126149 -0.9995985 0.02537214 0.06013143 -0.9981654 0.007084012 0.004710257 -0.999697 0.0241639 0.006033778 -0.9996832 0.02443921 0.00741136 0.9995359 -0.02954602 0.01116228 0.999481 -0.03022104 -0.1973736 0.9803263 -0.00204724 -0.1049125 0.9939802 -0.03157001 0.4568623 -0.8894864 -0.009534776 0.1814585 -0.9833781 0.006359636 -0.05835479 -0.9981814 0.01512771 -0.214178 -0.9765654 0.02116698 -0.5539174 -0.8318827 0.03386563 -0.5552487 -0.8310075 0.03354799 -0.554815 -0.8312951 0.03360027 0.1791286 0.9835345 -0.0239399 -0.1055884 -0.9941938 0.02073204 -0.07936829 -0.9967234 0.01560229 -0.001958191 -0.9997114 0.02394753 -0.002724945 -0.9997111 0.02388221 -0.220626 -0.975219 0.01649868 -0.1635406 -0.9865253 -0.004723668 -0.1788382 -0.9838709 0.003866791 0.4073494 -0.9132508 -0.006298005 0.4710609 -0.8817652 -0.02432858 0.07972985 -0.9965624 0.02250909 0.06494557 -0.9977523 0.01650869 0.01009154 -0.9996291 0.02529656 0.01262652 -0.999599 0.02534806 -0.3422641 0.939602 0.001871526 -8.67424e-4 0.9998518 -0.01719748 -0.02558881 0.999152 -0.03225779 -0.01430642 0.9994313 -0.03053623 -0.007399678 0.9995358 -0.02955317 -0.004080891 0.9995752 -0.02885842 0.06318044 0.9978872 -0.01514893 0.007999062 0.9998123 -0.01764971 0.00412935 0.9995787 -0.02873325 0.007403075 0.999536 -0.02954721 0.0146411 0.9994183 -0.03079998 0.01426208 0.9994302 -0.03059113 -0.06312352 0.9978909 -0.01514339 0.02530926 0.9991512 -0.03250318 0.06081169 0.9979292 -0.02096235 0.06746315 0.9974874 -0.02162742 0.00471127 -0.9996969 0.02416503 0.008236289 -0.9996609 0.02470666 0.01595795 -0.9995439 0.0256415 0.2376674 -0.9712857 0.01088714 0.4073489 -0.9132509 -0.006299078 0.0601325 -0.9981653 0.007082641 0.06494462 -0.9977524 0.01650857 0.16663 -0.9860164 0.002471089 0.1897065 -0.9817901 0.009984433 0.3913862 -0.9201927 -0.007886946 -0.05079132 -0.9983627 0.02630972 -0.1635381 -0.9865258 -0.004709482 -0.03629797 -0.9989107 0.02932345 -0.02712947 -0.9992624 0.0271784 -0.01792663 -0.9994983 0.02611368 -0.01261085 -0.9995986 0.02537238 -0.008256494 -0.9996616 0.02466833 -0.00467348 -0.9996947 0.02426797 -0.001961171 -0.9997113 0.02394747 0.02738332 -0.9993693 0.022614 -0.06035482 -0.9980701 0.01461547 -0.1015968 -0.9946655 0.01785224 -0.2206194 -0.9752206 0.01648581 -0.07936888 -0.9967232 0.01560169 -0.5530835 -0.8324543 0.0334475 0.7989003 -0.6004356 -0.03514838 -0.5552483 -0.8310078 0.03354775 -0.02422696 -0.9996691 0.008648157 -0.420864 -0.9066978 0.02779495 -0.1809475 -0.9833563 0.01638144 0.1691308 -0.9855923 0.001689553 0.4987661 -0.8666903 -0.008966267 -0.2141757 -0.9765658 0.02116799 0.6208494 -0.7837611 -0.01626849 0.4568684 -0.8894832 -0.009532868 -0.4211833 -0.9065136 0.02894598 -0.4206022 -0.9067803 0.0290426 -0.1228206 -0.9923007 0.01595616 -0.01678633 -0.9997377 0.01558214 0.182782 -0.9830654 0.01316565 0.07121974 -0.9974547 0.003463506 -0.008651077 0.9995253 -0.02957266 -0.00543332 -0.9996916 0.02423423 0.0380969 0.998641 -0.03556478 0.00772041 0.9995333 -0.02955609 -0.4697263 0.8828079 0.002774894 -0.06479322 -0.9977638 0.01640862 0.06860023 -0.9974628 0.01902699 0.162925 -0.9866255 -0.005073785 0.05929213 -0.9981175 0.01569128 0.4246254 -0.9053431 -0.006876945 -0.01318186 0.9994456 -0.03057456 -0.8199957 0.5712809 0.03528916 0.3545352 -0.9349954 -0.009405493 0.3004937 -0.9537764 -0.003755927 0.3240897 -0.9459647 0.01080673 0.3674373 -0.9299783 -0.0114234 0.1824379 -0.9832174 3.5044e-4 -0.0202772 -0.9994387 0.02667081 -0.0211721 0.9992348 -0.03288626 -0.007769167 0.9998221 -0.01719081 -0.8015249 0.5973313 0.02744221 -0.3862122 -0.921936 0.02956587 0.6242616 -0.7808043 -0.02534073 -0.007522881 -0.9996686 0.02461951 0.1877324 -0.982209 0.004723131 0.07114797 0.997298 -0.0182954 0.08309799 0.99611 -0.02932 0.07004833 0.9973909 -0.01745635 0.003389716 0.9995829 -0.02868199 -0.4635691 0.886002 -0.01021498 -0.5490705 0.8356352 0.01534354 -0.04720658 -0.9984799 0.02845126 -0.03684633 -0.9988703 0.03000921 -0.03571343 0.9987157 -0.03593719 -0.5746045 0.8183586 0.01091539 -0.6412988 0.7666001 0.03256124 -0.04223704 0.9985654 -0.03290921 0.285861 -0.9582575 -0.005106687 0.1736725 -0.9847857 0.005922436 8.66994e-4 0.9998368 -0.01804774 0.1507851 -0.9885663 -8.73e-4 -7.35188e-4 -0.9997994 0.02001637 -0.02061831 -0.9995872 0.02000999 0.003260135 -0.9997036 0.0241276 0.01850962 0.9993215 -0.03184306 0.02406519 0.9991732 -0.03277105 -0.06309759 0.9978171 -0.0194872 -0.02597856 -0.9993199 0.02617067 -0.2592687 0.9654796 -0.02508139 0.695313 -0.7181178 -0.02909934 -0.5547871 -0.8313037 0.03384524 -0.0091663 -0.999648 0.02490037 7.32128e-4 -0.9997165 0.0237987 0.001977384 -0.9997137 0.02384907 -0.08308172 0.9961128 -0.0292716 -0.06491535 0.9978086 -0.01280564 0.09860426 -0.9948363 0.02404135 0.02153497 -0.9994041 0.02697736 -0.3974555 0.9174488 -0.01780164 -0.3559615 0.9344428 -0.01040899 -0.328351 -0.9441634 0.02722203 -0.1302036 -0.991215 0.02323651 0.1187495 0.9923764 -0.03298252 0.112336 0.9932684 -0.028261 -0.01208359 -0.9996051 0.02537077 0.4880424 -0.8727034 -0.01426166 -0.3590776 -0.9330685 0.02113425 0.5057199 -0.8626289 -0.01090288 0.01764786 -0.9994944 0.02645057 -0.004253029 0.9995745 -0.02885794 0.6938328 -0.7198579 -0.02001839 -0.08640795 -0.9960836 0.01874244 -0.01625227 -0.9995276 0.02609038 0.006036221 -0.9996833 0.0244354 0.01115822 0.999481 -0.03021907 0.1814503 -0.9833796 0.00636065 -0.05836272 -0.9981809 0.01512563 -0.5539154 -0.8318839 0.0338658 -0.554825 -0.8312883 0.03360164 -0.1055865 -0.9941942 0.02072089 -0.002725958 -0.9997112 0.02387678 -0.1788437 -0.9838699 0.003866136 0.4710633 -0.8817639 -0.02433061 0.07972931 -0.9965625 0.02250564 0.01009082 -0.9996291 0.02529633 0.01262474 -0.9995989 0.02534955</float_array>
          <technique_common>
            <accessor source="#MRH-F-Distal-Visual_00_001-mesh-normals-array" count="2924" stride="3">
              <param name="X" type="float"/>
              <param name="Y" type="float"/>
              <param name="Z" type="float"/>
            </accessor>
          </technique_common>
        </source>
        <vertices id="MRH-F-Distal-Visual_00_001-mesh-vertices">
          <input semantic="POSITION" source="#MRH-F-Distal-Visual_00_001-mesh-positions"/>
        </vertices>
        <triangles material="black_spec_mag_tac_sensor-material" count="2926">
          <input semantic="VERTEX" source="#MRH-F-Distal-Visual_00_001-mesh-vertices" offset="0"/>
          <input semantic="NORMAL" source="#MRH-F-Distal-Visual_00_001-mesh-normals" offset="1"/>
          <p>0 0 1 0 2 0 3 1 4 1 5 1 6 2 7 2 8 2 6 3 9 3 7 3 7 4 9 4 10 4 7 5 10 5 8 5 11 6 12 6 13 6 13 7 12 7 14 7 15 8 16 8 2 8 17 9 18 9 19 9 1411 10 1429 10 22 10 1429 11 21 11 1430 11 24 12 25 12 26 12 26 13 25 13 27 13 28 14 29 14 24 14 1355 15 1448 15 30 15 1355 16 30 16 1371 16 30 17 1372 17 1371 17 1372 18 31 18 1398 18 1398 19 31 19 32 19 33 20 34 20 32 20 32 21 34 21 35 21 32 22 35 22 27 22 1412 23 38 23 1413 23 39 24 40 24 41 24 41 25 40 25 42 25 43 26 44 26 45 26 45 27 44 27 46 27 43 28 47 28 44 28 44 29 47 29 48 29 44 30 48 30 40 30 40 31 48 31 49 31 40 32 49 32 42 32 50 33 51 33 46 33 46 34 51 34 52 34 52 35 53 35 46 35 46 36 53 36 54 36 46 37 54 37 45 37 55 38 56 38 57 38 57 39 56 39 58 39 57 40 58 40 50 40 50 41 58 41 59 41 50 42 59 42 51 42 60 43 61 43 62 43 62 44 61 44 63 44 62 45 63 45 55 45 55 46 63 46 64 46 55 47 64 47 56 47 65 48 66 48 67 48 67 49 66 49 68 49 67 50 68 50 69 50 69 51 68 51 16 51 0 52 70 52 1 52 1 53 70 53 71 53 1 54 71 54 2 54 2 55 71 55 72 55 2 56 72 56 15 56 44 57 73 57 46 57 46 58 73 58 74 58 46 59 74 59 50 59 50 60 74 60 75 60 50 61 75 61 57 61 57 62 75 62 76 62 57 63 76 63 55 63 55 64 76 64 77 64 55 65 77 65 62 65 62 66 77 66 78 66 62 67 78 67 60 67 60 68 78 68 66 68 60 69 66 69 79 69 79 70 66 70 65 70 80 71 81 71 82 71 82 72 81 72 83 72 82 73 83 73 84 73 84 74 83 74 85 74 84 75 85 75 86 75 86 76 85 76 87 76 86 77 87 77 88 77 88 78 87 78 89 78 88 79 89 79 90 79 90 80 89 80 91 80 90 81 91 81 92 81 92 82 91 82 93 82 92 83 93 83 94 83 95 84 96 84 97 84 97 85 96 85 98 85 97 86 98 86 99 86 100 87 101 87 102 87 102 88 101 88 103 88 102 89 103 89 104 89 104 90 103 90 105 90 104 91 105 91 106 91 106 92 105 92 107 92 106 93 107 93 108 93 108 94 107 94 109 94 108 95 109 95 99 95 101 96 110 96 103 96 103 97 110 97 111 97 103 98 111 98 105 98 105 99 111 99 112 99 105 100 112 100 107 100 107 101 112 101 113 101 107 102 113 102 109 102 109 103 113 103 114 103 115 104 114 104 116 104 116 105 114 105 113 105 116 106 113 106 117 106 117 107 113 107 112 107 117 108 112 108 118 108 118 109 112 109 111 109 118 110 111 110 119 110 119 111 111 111 110 111 119 112 110 112 120 112 120 113 110 113 101 113 120 114 101 114 121 114 121 115 101 115 100 115 121 116 100 116 122 116 123 117 124 117 125 117 125 118 124 118 126 118 125 119 126 119 127 119 127 120 126 120 128 120 129 121 5 121 128 121 128 122 5 122 4 122 128 123 4 123 127 123 99 124 109 124 97 124 97 125 109 125 114 125 97 126 114 126 95 126 95 127 114 127 115 127 95 128 115 128 130 128 1378 129 1390 129 131 129 1378 130 131 130 1362 130 129 131 128 131 130 131 130 132 128 132 126 132 130 133 126 133 95 133 95 134 126 134 124 134 95 135 124 135 96 135 96 136 124 136 123 136 96 137 123 137 98 137 132 138 20 138 133 138 133 139 20 139 1411 139 133 140 22 140 8 140 8 141 22 141 23 141 8 142 23 142 6 142 9 143 134 143 10 143 10 144 134 144 135 144 10 145 135 145 8 145 8 146 135 146 136 146 8 147 136 147 133 147 133 148 136 148 1391 148 133 149 19 149 132 149 132 150 19 150 18 150 14 151 137 151 13 151 13 152 137 152 134 152 13 153 134 153 11 153 11 154 134 154 9 154 138 155 17 155 139 155 139 156 17 156 19 156 1399 157 1392 157 140 157 1392 158 19 158 1391 158 140 159 136 159 141 159 141 160 136 160 135 160 141 161 135 161 142 161 142 162 135 162 134 162 142 163 134 163 143 163 143 164 134 164 137 164 143 165 137 165 0 165 0 166 137 166 14 166 0 167 14 167 70 167 16 168 68 168 2 168 2 169 68 169 144 169 2 170 144 170 0 170 0 171 144 171 145 171 0 172 145 172 143 172 143 173 145 173 146 173 143 174 146 174 142 174 142 175 146 175 147 175 142 176 147 176 141 176 141 177 147 177 148 177 141 178 148 178 140 178 140 179 148 179 149 179 1399 180 1400 180 139 180 94 181 150 181 151 181 151 182 150 182 152 182 151 183 152 183 153 183 153 184 152 184 154 184 153 185 154 185 155 185 155 186 154 186 156 186 155 187 156 187 157 187 157 188 156 188 158 188 157 189 158 189 159 189 81 190 160 190 83 190 83 191 160 191 161 191 83 192 161 192 85 192 85 193 161 193 162 193 85 194 162 194 87 194 87 195 162 195 163 195 87 196 163 196 89 196 89 197 163 197 164 197 89 198 164 198 91 198 91 199 164 199 165 199 91 200 165 200 93 200 93 201 165 201 166 201 93 202 166 202 167 202 167 203 166 203 168 203 167 204 168 204 169 204 169 205 168 205 170 205 169 206 170 206 171 206 171 207 170 207 172 207 171 208 172 208 173 208 94 209 93 209 150 209 150 210 93 210 167 210 150 211 167 211 152 211 152 212 167 212 169 212 152 213 169 213 154 213 154 214 169 214 171 214 154 215 171 215 156 215 156 216 171 216 173 216 156 217 173 217 158 217 73 218 80 218 74 218 74 219 80 219 82 219 74 220 82 220 75 220 75 221 82 221 84 221 75 222 84 222 76 222 76 223 84 223 86 223 76 224 86 224 77 224 77 225 86 225 88 225 77 226 88 226 78 226 78 227 88 227 90 227 78 228 90 228 66 228 66 229 90 229 92 229 66 230 92 230 68 230 68 231 92 231 94 231 68 232 94 232 144 232 144 233 94 233 151 233 144 234 151 234 145 234 145 235 151 235 153 235 145 236 153 236 146 236 146 237 153 237 155 237 146 238 155 238 147 238 147 239 155 239 157 239 147 240 157 240 148 240 148 241 157 241 159 241 148 242 159 242 149 242 30 243 3 243 31 243 31 244 3 244 5 244 31 245 5 245 32 245 32 246 5 246 129 246 32 247 129 247 1361 247 1361 248 129 248 1362 248 33 249 131 249 174 249 1407 250 1390 250 115 250 1407 251 115 251 1393 251 115 252 1414 252 1393 252 1414 253 116 253 1415 253 116 254 1431 254 1415 254 1431 255 117 255 1432 255 117 256 1454 256 1432 256 1454 257 118 257 1455 257 118 258 1339 258 1455 258 1339 259 119 259 1464 259 119 260 1453 260 1464 260 120 261 1413 261 1453 261 36 262 120 262 121 262 36 263 121 263 179 263 179 264 121 264 122 264 179 265 122 265 180 265 180 266 122 266 181 266 28 267 138 267 29 267 29 268 138 268 139 268 1448 269 1460 269 30 269 1460 270 139 270 1400 270 30 271 149 271 3 271 3 272 149 272 159 272 3 273 159 273 4 273 4 274 159 274 158 274 4 275 158 275 127 275 127 276 158 276 173 276 127 277 173 277 125 277 125 278 173 278 172 278 125 279 172 279 123 279 123 280 172 280 170 280 123 281 170 281 98 281 98 282 170 282 168 282 98 283 168 283 99 283 99 284 168 284 166 284 99 285 166 285 108 285 108 286 166 286 165 286 108 287 165 287 106 287 106 288 165 288 164 288 106 289 164 289 104 289 104 290 164 290 163 290 104 291 163 291 102 291 102 292 163 292 162 292 102 293 162 293 100 293 100 294 162 294 161 294 100 295 161 295 122 295 122 296 161 296 160 296 122 297 160 297 181 297 181 298 160 298 81 298 181 299 81 299 182 299 182 300 81 300 80 300 182 301 80 301 183 301 183 302 80 302 73 302 183 303 73 303 184 303 184 304 73 304 44 304 184 305 44 305 185 305 185 306 44 306 40 306 180 307 181 307 186 307 187 308 188 308 189 308 190 309 191 309 192 309 193 310 194 310 195 310 196 311 197 311 198 311 199 312 200 312 201 312 1412 313 1433 313 37 313 1433 314 202 314 1386 314 1401 315 204 315 1423 315 1423 316 206 316 1449 316 1449 317 206 317 1462 317 1462 318 208 318 1333 318 1333 319 208 319 1346 319 1379 320 1394 320 212 320 211 321 1363 321 1394 321 1424 322 1402 322 213 322 214 323 213 323 215 323 1403 324 1402 324 187 324 1403 325 187 325 1404 325 199 326 218 326 1373 326 199 327 217 327 200 327 200 328 217 328 219 328 200 329 219 329 201 329 220 330 221 330 222 330 222 331 221 331 223 331 222 332 223 332 224 332 224 333 223 333 225 333 226 334 227 334 228 334 229 335 230 335 231 335 232 336 233 336 230 336 234 337 235 337 236 337 236 338 235 338 237 338 236 339 237 339 238 339 239 340 240 340 241 340 242 341 243 341 244 341 244 342 243 342 245 342 244 343 245 343 241 343 241 344 245 344 246 344 241 345 246 345 239 345 247 346 248 346 249 346 249 347 248 347 250 347 249 348 250 348 251 348 252 349 253 349 254 349 254 350 253 350 255 350 254 351 255 351 247 351 247 352 255 352 256 352 247 353 256 353 248 353 252 354 254 354 257 354 257 355 254 355 258 355 257 356 258 356 259 356 259 357 258 357 260 357 260 358 258 358 261 358 260 359 261 359 262 359 263 360 264 360 265 360 265 361 264 361 266 361 265 362 266 362 261 362 261 363 266 363 267 363 261 364 267 364 262 364 263 365 265 365 268 365 268 366 265 366 185 366 268 367 185 367 40 367 39 368 269 368 40 368 40 369 269 369 270 369 40 370 270 370 268 370 183 371 184 371 271 371 271 372 184 372 272 372 271 373 272 373 273 373 273 374 272 374 274 374 273 375 274 375 275 375 275 376 274 376 276 376 275 377 276 377 277 377 277 378 276 378 278 378 277 379 278 379 279 379 279 380 278 380 280 380 279 381 280 381 281 381 281 382 280 382 242 382 281 383 242 383 282 383 282 384 242 384 244 384 282 385 244 385 283 385 283 386 244 386 241 386 283 387 241 387 236 387 236 388 241 388 240 388 236 389 240 389 234 389 184 390 185 390 272 390 272 391 185 391 265 391 272 392 265 392 274 392 274 393 265 393 261 393 274 394 261 394 276 394 276 395 261 395 258 395 276 396 258 396 278 396 278 397 258 397 254 397 278 398 254 398 280 398 280 399 254 399 247 399 280 400 247 400 242 400 242 401 247 401 249 401 242 402 249 402 243 402 243 403 249 403 251 403 181 404 182 404 186 404 186 405 182 405 284 405 186 406 284 406 285 406 285 407 284 407 286 407 285 408 286 408 287 408 287 409 286 409 288 409 287 410 288 410 289 410 289 411 288 411 290 411 289 412 290 412 291 412 291 413 290 413 292 413 291 414 292 414 293 414 293 415 292 415 294 415 293 416 294 416 295 416 295 417 294 417 296 417 295 418 296 418 297 418 298 419 299 419 300 419 300 420 299 420 301 420 300 421 301 421 302 421 302 422 301 422 303 422 302 423 303 423 304 423 305 424 306 424 212 424 212 425 306 425 307 425 1346 426 212 426 1363 426 212 427 208 427 308 427 212 428 308 428 305 428 192 429 191 429 309 429 309 430 191 430 310 430 309 431 310 431 311 431 311 432 310 432 312 432 311 433 312 433 313 433 313 434 312 434 314 434 313 435 314 435 179 435 1386 436 204 436 1401 436 204 437 202 437 315 437 204 438 315 438 206 438 206 439 315 439 316 439 206 440 316 440 208 440 208 441 316 441 317 441 208 442 317 442 308 442 36 443 179 443 202 443 202 444 179 444 314 444 202 445 314 445 315 445 315 446 314 446 312 446 315 447 312 447 316 447 316 448 312 448 310 448 316 449 310 449 317 449 317 450 310 450 191 450 317 451 191 451 308 451 308 452 191 452 190 452 308 453 190 453 305 453 318 454 220 454 319 454 319 455 220 455 222 455 319 456 222 456 320 456 320 457 222 457 224 457 320 458 224 458 321 458 321 459 224 459 225 459 321 460 225 460 219 460 219 461 225 461 322 461 219 462 322 462 201 462 1373 463 1348 463 217 463 1348 464 216 464 1404 464 217 465 187 465 323 465 323 466 187 466 189 466 298 467 324 467 299 467 299 468 324 468 306 468 299 469 306 469 301 469 301 470 306 470 305 470 301 471 305 471 303 471 303 472 305 472 190 472 303 473 190 473 304 473 304 474 190 474 192 474 1379 475 212 475 1416 475 1416 476 307 476 1467 476 1467 477 307 477 1451 477 307 478 1450 478 1451 478 1450 479 188 479 1424 479 188 480 306 480 324 480 188 481 324 481 189 481 189 482 324 482 325 482 189 483 325 483 323 483 193 484 196 484 194 484 194 485 196 485 198 485 194 486 198 486 326 486 326 487 198 487 327 487 326 488 327 488 328 488 328 489 327 489 329 489 328 490 329 490 330 490 330 491 329 491 331 491 330 492 331 492 332 492 332 493 331 493 333 493 332 494 333 494 334 494 233 495 232 495 335 495 335 496 232 496 336 496 335 497 336 497 297 497 297 498 336 498 337 498 297 499 337 499 295 499 228 500 338 500 339 500 339 501 338 501 340 501 339 502 340 502 341 502 341 503 340 503 342 503 341 504 342 504 343 504 343 505 342 505 344 505 343 506 344 506 345 506 345 507 344 507 346 507 345 508 346 508 347 508 347 509 346 509 348 509 349 510 350 510 351 510 351 511 350 511 352 511 351 512 352 512 353 512 353 513 352 513 354 513 353 514 354 514 355 514 355 515 354 515 356 515 355 516 356 516 226 516 226 517 356 517 357 517 226 518 357 518 227 518 230 519 229 519 232 519 232 520 229 520 358 520 232 521 358 521 336 521 336 522 358 522 359 522 336 523 359 523 337 523 337 524 359 524 360 524 337 525 360 525 295 525 228 526 339 526 226 526 226 527 339 527 341 527 226 528 341 528 355 528 355 529 341 529 343 529 355 530 343 530 353 530 353 531 343 531 345 531 353 532 345 532 351 532 351 533 345 533 347 533 351 534 347 534 349 534 182 535 183 535 284 535 284 536 183 536 271 536 284 537 271 537 286 537 286 538 271 538 273 538 286 539 273 539 288 539 288 540 273 540 275 540 288 541 275 541 290 541 290 542 275 542 277 542 290 543 277 543 292 543 292 544 277 544 279 544 292 545 279 545 294 545 294 546 279 546 281 546 294 547 281 547 296 547 296 548 281 548 282 548 296 549 282 549 297 549 297 550 282 550 283 550 297 551 283 551 335 551 335 552 283 552 236 552 335 553 236 553 233 553 233 554 236 554 238 554 233 555 238 555 230 555 334 556 348 556 332 556 332 557 348 557 346 557 332 558 346 558 330 558 330 559 346 559 344 559 330 560 344 560 328 560 328 561 344 561 342 561 328 562 342 562 326 562 326 563 342 563 340 563 326 564 340 564 194 564 194 565 340 565 338 565 194 566 338 566 195 566 231 567 361 567 229 567 229 568 361 568 362 568 229 569 362 569 358 569 358 570 362 570 363 570 358 571 363 571 359 571 359 572 363 572 364 572 359 573 364 573 360 573 360 574 364 574 298 574 360 575 298 575 295 575 295 576 298 576 300 576 295 577 300 577 293 577 293 578 300 578 302 578 293 579 302 579 291 579 291 580 302 580 304 580 291 581 304 581 289 581 289 582 304 582 192 582 289 583 192 583 287 583 287 584 192 584 309 584 287 585 309 585 285 585 285 586 309 586 311 586 285 587 311 587 186 587 186 588 311 588 313 588 186 589 313 589 180 589 180 590 313 590 179 590 197 591 318 591 198 591 198 592 318 592 319 592 198 593 319 593 327 593 327 594 319 594 320 594 327 595 320 595 329 595 329 596 320 596 321 596 329 597 321 597 331 597 331 598 321 598 219 598 331 599 219 599 333 599 333 600 219 600 217 600 333 601 217 601 334 601 334 602 217 602 323 602 334 603 323 603 348 603 348 604 323 604 325 604 348 605 325 605 347 605 347 606 325 606 324 606 347 607 324 607 349 607 349 608 324 608 298 608 349 609 298 609 350 609 350 610 298 610 364 610 350 611 364 611 352 611 352 612 364 612 363 612 352 613 363 613 354 613 354 614 363 614 362 614 354 615 362 615 356 615 356 616 362 616 361 616 356 617 361 617 357 617 357 618 361 618 231 618 366 619 367 619 1439 619 368 620 369 620 370 620 371 621 372 621 373 621 374 622 375 622 376 622 377 623 378 623 379 623 380 624 381 624 382 624 1381 625 384 625 1334 625 1364 626 1383 626 387 626 1383 627 386 627 1384 627 387 628 388 628 389 628 1334 629 384 629 1350 629 1350 630 391 630 1468 630 1468 631 391 631 1322 631 1356 632 1376 632 395 632 394 633 1341 633 1376 633 1341 634 392 634 1342 634 1342 635 392 635 1322 635 365 636 397 636 366 636 366 637 397 637 398 637 366 638 398 638 393 638 399 639 400 639 365 639 365 640 400 640 401 640 365 641 401 641 397 641 381 642 380 642 402 642 404 643 1405 643 1389 643 406 644 407 644 408 644 377 645 379 645 409 645 409 646 379 646 410 646 409 647 410 647 411 647 411 648 410 648 412 648 411 649 412 649 413 649 414 650 415 650 416 650 416 651 415 651 417 651 416 652 417 652 376 652 376 653 417 653 418 653 376 654 418 654 374 654 419 655 420 655 421 655 421 656 420 656 422 656 421 657 422 657 423 657 423 658 422 658 424 658 424 659 422 659 425 659 424 660 425 660 426 660 427 661 428 661 429 661 429 662 428 662 430 662 430 663 428 663 431 663 431 664 428 664 432 664 431 665 432 665 433 665 433 666 432 666 434 666 434 667 432 667 435 667 434 668 435 668 436 668 437 669 438 669 439 669 439 670 438 670 440 670 439 671 440 671 435 671 435 672 440 672 441 672 435 673 441 673 436 673 372 674 439 674 373 674 373 675 439 675 435 675 373 676 435 676 442 676 442 677 435 677 432 677 442 678 432 678 443 678 443 679 432 679 428 679 443 680 428 680 425 680 425 681 428 681 427 681 425 682 427 682 426 682 426 683 427 683 429 683 444 684 371 684 445 684 445 685 371 685 373 685 445 686 373 686 446 686 446 687 373 687 442 687 446 688 442 688 447 688 447 689 442 689 443 689 447 690 443 690 448 690 448 691 443 691 425 691 448 692 425 692 449 692 449 693 425 693 422 693 449 694 422 694 414 694 414 695 422 695 420 695 414 696 420 696 415 696 415 697 420 697 419 697 1356 698 395 698 366 698 366 699 395 699 450 699 366 700 450 700 367 700 370 701 369 701 384 701 384 702 369 702 451 702 384 703 451 703 391 703 391 704 451 704 452 704 391 705 452 705 396 705 396 706 452 706 453 706 396 707 453 707 395 707 395 708 453 708 454 708 395 709 454 709 450 709 456 710 1469 710 1324 710 406 711 456 711 457 711 406 712 457 712 407 712 458 713 459 713 460 713 460 714 459 714 461 714 461 715 459 715 462 715 461 716 462 716 463 716 463 717 462 717 464 717 463 718 464 718 465 718 465 719 464 719 466 719 465 720 466 720 467 720 1421 721 404 721 1427 721 1427 722 404 722 1389 722 459 723 403 723 462 723 462 724 403 724 468 724 462 725 468 725 464 725 464 726 468 726 469 726 464 727 469 727 466 727 466 728 469 728 470 728 466 729 470 729 467 729 471 730 472 730 473 730 473 731 472 731 474 731 473 732 474 732 475 732 475 733 474 733 476 733 475 734 476 734 477 734 477 735 476 735 478 735 477 736 478 736 479 736 479 737 478 737 480 737 479 738 480 738 481 738 481 739 480 739 482 739 481 740 482 740 483 740 483 741 482 741 484 741 483 742 484 742 485 742 485 743 484 743 486 743 485 744 486 744 467 744 467 745 486 745 487 745 467 746 487 746 465 746 380 747 488 747 402 747 402 748 488 748 489 748 1385 749 1357 749 490 749 489 750 1335 750 1357 750 1335 751 399 751 1323 751 1323 752 365 752 1442 752 1442 753 365 753 1443 753 1443 754 365 754 1439 754 368 755 471 755 369 755 369 756 471 756 473 756 369 757 473 757 451 757 451 758 473 758 475 758 451 759 475 759 452 759 452 760 475 760 477 760 452 761 477 761 453 761 453 762 477 762 479 762 453 763 479 763 454 763 454 764 479 764 481 764 454 765 481 765 450 765 450 766 481 766 483 766 450 767 483 767 367 767 367 768 483 768 485 768 367 769 485 769 492 769 492 770 485 770 467 770 492 771 467 771 491 771 491 772 467 772 470 772 491 773 470 773 490 773 490 774 470 774 469 774 1385 775 1387 775 402 775 1387 776 468 776 1388 776 1388 777 468 777 1441 777 1441 778 403 778 1440 778 1440 779 403 779 1458 779 1458 780 403 780 1405 780 382 781 405 781 408 781 408 782 405 782 404 782 408 783 404 783 406 783 1470 784 1421 784 458 784 458 785 1469 785 1470 785 455 786 458 786 460 786 493 787 494 787 495 787 495 788 494 788 496 788 495 789 496 789 378 789 378 790 496 790 497 790 378 791 497 791 379 791 379 792 497 792 498 792 379 793 498 793 410 793 410 794 498 794 499 794 410 795 499 795 412 795 412 796 499 796 487 796 500 797 445 797 501 797 501 798 445 798 446 798 501 799 446 799 502 799 502 800 446 800 447 800 502 801 447 801 503 801 503 802 447 802 448 802 503 803 448 803 504 803 504 804 448 804 449 804 504 805 449 805 505 805 505 806 449 806 414 806 505 807 414 807 506 807 506 808 414 808 416 808 506 809 416 809 507 809 507 810 416 810 376 810 507 811 376 811 508 811 508 812 376 812 375 812 508 813 375 813 509 813 509 814 375 814 374 814 487 815 499 815 465 815 465 816 499 816 498 816 465 817 498 817 463 817 463 818 498 818 497 818 463 819 497 819 461 819 461 820 497 820 496 820 461 821 496 821 460 821 460 822 496 822 494 822 460 823 494 823 455 823 455 824 494 824 493 824 1324 825 1343 825 456 825 1343 826 493 826 1444 826 456 827 510 827 457 827 511 828 512 828 500 828 500 829 512 829 513 829 500 830 513 830 445 830 445 831 513 831 514 831 445 832 514 832 444 832 1381 833 1382 833 370 833 1382 834 385 834 1364 834 370 835 387 835 368 835 368 836 387 836 389 836 368 837 389 837 471 837 471 838 389 838 511 838 471 839 511 839 472 839 472 840 511 840 500 840 472 841 500 841 474 841 474 842 500 842 501 842 474 843 501 843 476 843 476 844 501 844 502 844 476 845 502 845 478 845 478 846 502 846 503 846 478 847 503 847 480 847 480 848 503 848 504 848 480 849 504 849 482 849 482 850 504 850 505 850 482 851 505 851 484 851 484 852 505 852 506 852 484 853 506 853 486 853 486 854 506 854 507 854 486 855 507 855 487 855 487 856 507 856 508 856 487 857 508 857 412 857 412 858 508 858 509 858 412 859 509 859 413 859 515 860 516 860 517 860 518 861 519 861 520 861 514 862 513 862 521 862 522 863 439 863 372 863 1395 864 1418 864 525 864 524 865 1445 865 1418 865 527 866 528 866 529 866 530 867 531 867 532 867 522 868 533 868 439 868 439 869 533 869 534 869 439 870 534 870 437 870 535 871 536 871 522 871 522 872 536 872 537 872 522 873 537 873 533 873 538 874 539 874 540 874 540 875 539 875 541 875 540 876 541 876 542 876 542 877 541 877 543 877 543 878 541 878 544 878 543 879 544 879 545 879 546 880 547 880 548 880 548 881 547 881 549 881 548 882 549 882 550 882 550 883 549 883 551 883 550 884 551 884 552 884 553 885 554 885 555 885 555 886 554 886 556 886 555 887 556 887 557 887 530 888 532 888 558 888 559 889 558 889 560 889 560 890 558 890 561 890 560 891 561 891 562 891 563 892 564 892 565 892 565 893 564 893 566 893 1325 894 569 894 1326 894 1395 895 525 895 1446 895 525 896 1377 896 1446 896 1377 897 571 897 1396 897 571 898 1417 898 1396 898 1417 899 573 899 1447 899 573 900 1457 900 1447 900 1457 901 575 901 1336 901 575 902 1347 902 1336 902 1347 903 577 903 1365 903 1365 904 577 904 1366 904 577 905 1406 905 1366 905 1406 906 580 906 1425 906 580 907 1452 907 1425 907 1452 908 582 908 1466 908 582 909 1327 909 1466 909 1327 910 584 910 1340 910 584 911 1426 911 1340 911 1426 912 388 912 1384 912 551 913 545 913 552 913 552 914 545 914 544 914 552 915 544 915 586 915 586 916 544 916 541 916 586 917 541 917 587 917 587 918 541 918 539 918 587 919 539 919 588 919 588 920 589 920 587 920 587 921 589 921 590 921 587 922 590 922 586 922 586 923 590 923 591 923 586 924 591 924 552 924 552 925 591 925 592 925 552 926 592 926 550 926 550 927 592 927 593 927 550 928 593 928 548 928 548 929 593 929 594 929 548 930 594 930 546 930 546 931 594 931 553 931 546 932 553 932 595 932 595 933 553 933 555 933 538 934 535 934 539 934 539 935 535 935 522 935 539 936 522 936 588 936 588 937 522 937 372 937 588 938 372 938 589 938 589 939 372 939 371 939 589 940 371 940 444 940 389 941 388 941 596 941 596 942 388 942 584 942 596 943 584 943 597 943 597 944 584 944 582 944 597 945 582 945 598 945 598 946 582 946 580 946 598 947 580 947 599 947 599 948 580 948 577 948 599 949 577 949 600 949 600 950 577 950 575 950 600 951 575 951 601 951 601 952 575 952 573 952 601 953 573 953 602 953 603 954 604 954 605 954 605 955 604 955 606 955 605 956 606 956 607 956 607 957 606 957 608 957 607 958 608 958 609 958 609 959 608 959 610 959 609 960 610 960 611 960 611 961 610 961 612 961 611 962 612 962 613 962 613 963 612 963 614 963 613 964 614 964 615 964 615 965 614 965 616 965 615 966 616 966 617 966 617 967 616 967 618 967 617 968 618 968 517 968 517 969 618 969 619 969 517 970 619 970 515 970 515 971 619 971 620 971 602 972 573 972 621 972 621 973 573 973 571 973 621 974 571 974 622 974 622 975 571 975 525 975 622 976 525 976 623 976 1459 977 1445 977 526 977 1459 978 624 978 1337 978 512 979 511 979 603 979 603 980 511 980 389 980 603 981 389 981 604 981 604 982 389 982 596 982 604 983 596 983 606 983 606 984 596 984 597 984 606 985 597 985 608 985 608 986 597 986 598 986 608 987 598 987 610 987 610 988 598 988 599 988 610 989 599 989 612 989 612 990 599 990 600 990 612 991 600 991 614 991 614 992 600 992 601 992 614 993 601 993 616 993 616 994 601 994 602 994 616 995 602 995 618 995 618 996 602 996 621 996 618 997 621 997 619 997 619 998 621 998 622 998 619 999 622 999 620 999 620 1000 622 1000 623 1000 518 1001 529 1001 519 1001 519 1002 529 1002 528 1002 519 1003 528 1003 625 1003 625 1004 528 1004 527 1004 625 1005 527 1005 626 1005 558 1006 532 1006 561 1006 561 1007 532 1007 627 1007 561 1008 627 1008 562 1008 562 1009 627 1009 628 1009 562 1010 628 1010 629 1010 629 1011 628 1011 630 1011 629 1012 630 1012 631 1012 631 1013 630 1013 632 1013 631 1014 632 1014 567 1014 567 1015 632 1015 633 1015 1325 1016 1353 1016 568 1016 1353 1017 633 1017 1358 1017 568 1018 634 1018 569 1018 444 1019 514 1019 589 1019 589 1020 514 1020 521 1020 589 1021 521 1021 590 1021 590 1022 521 1022 635 1022 590 1023 635 1023 591 1023 591 1024 635 1024 636 1024 591 1025 636 1025 592 1025 592 1026 636 1026 637 1026 592 1027 637 1027 593 1027 593 1028 637 1028 638 1028 593 1029 638 1029 594 1029 594 1030 638 1030 639 1030 594 1031 639 1031 553 1031 553 1032 639 1032 640 1032 553 1033 640 1033 554 1033 554 1034 640 1034 641 1034 554 1035 641 1035 556 1035 556 1036 641 1036 642 1036 557 1037 556 1037 531 1037 531 1038 556 1038 642 1038 531 1039 642 1039 532 1039 532 1040 642 1040 643 1040 532 1041 643 1041 627 1041 627 1042 643 1042 644 1042 627 1043 644 1043 628 1043 628 1044 644 1044 645 1044 628 1045 645 1045 630 1045 630 1046 645 1046 646 1046 630 1047 646 1047 632 1047 632 1048 646 1048 647 1048 632 1049 647 1049 633 1049 1359 1050 1328 1050 648 1050 1359 1051 634 1051 1358 1051 649 1052 529 1052 566 1052 566 1053 529 1053 518 1053 566 1054 518 1054 565 1054 565 1055 518 1055 520 1055 565 1056 520 1056 563 1056 563 1057 520 1057 650 1057 563 1058 650 1058 1375 1058 1375 1059 650 1059 652 1059 651 1060 652 1060 569 1060 652 1061 650 1061 1360 1061 650 1062 1326 1062 1360 1062 567 1063 650 1063 520 1063 567 1064 520 1064 631 1064 631 1065 520 1065 519 1065 631 1066 519 1066 629 1066 629 1067 519 1067 625 1067 629 1068 625 1068 562 1068 562 1069 625 1069 626 1069 562 1070 626 1070 560 1070 560 1071 626 1071 653 1071 560 1072 653 1072 559 1072 513 1073 512 1073 521 1073 521 1074 512 1074 603 1074 521 1075 603 1075 635 1075 635 1076 603 1076 605 1076 635 1077 605 1077 636 1077 636 1078 605 1078 607 1078 636 1079 607 1079 637 1079 637 1080 607 1080 609 1080 637 1081 609 1081 638 1081 638 1082 609 1082 611 1082 638 1083 611 1083 639 1083 639 1084 611 1084 613 1084 639 1085 613 1085 640 1085 640 1086 613 1086 615 1086 640 1087 615 1087 641 1087 641 1088 615 1088 617 1088 641 1089 617 1089 642 1089 642 1090 617 1090 517 1090 642 1091 517 1091 643 1091 643 1092 517 1092 516 1092 643 1093 516 1093 644 1093 644 1094 516 1094 515 1094 644 1095 515 1095 645 1095 645 1096 515 1096 620 1096 645 1097 620 1097 646 1097 646 1098 620 1098 623 1098 646 1099 623 1099 647 1099 1349 1100 1337 1100 624 1100 1349 1101 648 1101 1328 1101 654 1102 655 1102 656 1102 1367 1103 1380 1103 659 1103 1367 1104 660 1104 1368 1104 660 1105 659 1105 661 1105 660 1106 661 1106 662 1106 662 1107 661 1107 654 1107 654 1108 661 1108 663 1108 654 1109 663 1109 655 1109 664 1110 665 1110 656 1110 656 1111 665 1111 666 1111 656 1112 666 1112 654 1112 667 1113 668 1113 669 1113 669 1114 670 1114 667 1114 667 1115 670 1115 671 1115 667 1116 671 1116 672 1116 672 1117 671 1117 673 1117 672 1118 673 1118 664 1118 664 1119 673 1119 674 1119 664 1120 674 1120 665 1120 675 1121 676 1121 677 1121 677 1122 676 1122 678 1122 677 1123 678 1123 668 1123 668 1124 678 1124 679 1124 668 1125 679 1125 669 1125 677 1126 680 1126 675 1126 675 1127 680 1127 681 1127 675 1128 681 1128 682 1128 682 1129 681 1129 683 1129 682 1130 683 1130 684 1130 683 1131 685 1131 684 1131 684 1132 685 1132 686 1132 684 1133 686 1133 687 1133 687 1134 686 1134 688 1134 688 1135 686 1135 689 1135 688 1136 689 1136 690 1136 690 1137 689 1137 691 1137 690 1138 691 1138 692 1138 692 1139 691 1139 693 1139 692 1140 693 1140 694 1140 695 1141 696 1141 697 1141 697 1142 696 1142 698 1142 697 1143 698 1143 699 1143 699 1144 698 1144 700 1144 699 1145 700 1145 701 1145 701 1146 700 1146 702 1146 701 1147 702 1147 703 1147 703 1148 702 1148 704 1148 703 1149 704 1149 705 1149 705 1150 704 1150 694 1150 705 1151 694 1151 706 1151 706 1152 694 1152 693 1152 707 1153 708 1153 709 1153 709 1154 710 1154 707 1154 707 1155 710 1155 711 1155 707 1156 711 1156 695 1156 695 1157 711 1157 712 1157 695 1158 712 1158 696 1158 713 1159 714 1159 715 1159 716 1160 717 1160 715 1160 718 1161 719 1161 720 1161 722 1162 1370 1162 1369 1162 724 1163 725 1163 726 1163 726 1164 725 1164 727 1164 726 1165 727 1165 728 1165 728 1166 727 1166 729 1166 729 1167 727 1167 730 1167 729 1168 730 1168 731 1168 732 1169 733 1169 734 1169 734 1170 733 1170 735 1170 736 1171 737 1171 738 1171 738 1172 737 1172 739 1172 740 1173 741 1173 742 1173 742 1174 741 1174 743 1174 742 1175 743 1175 744 1175 744 1176 743 1176 745 1176 744 1177 745 1177 746 1177 746 1178 745 1178 747 1178 746 1179 747 1179 748 1179 748 1180 747 1180 749 1180 750 1181 751 1181 740 1181 751 1182 750 1182 752 1182 752 1183 750 1183 753 1183 752 1184 753 1184 754 1184 755 1185 756 1185 757 1185 757 1186 756 1186 758 1186 757 1187 758 1187 753 1187 753 1188 758 1188 759 1188 753 1189 759 1189 754 1189 760 1190 761 1190 762 1190 760 1191 762 1191 763 1191 761 1192 760 1192 764 1192 764 1193 760 1193 765 1193 764 1194 765 1194 766 1194 766 1195 765 1195 767 1195 766 1196 767 1196 768 1196 768 1197 767 1197 769 1197 768 1198 769 1198 770 1198 770 1199 769 1199 771 1199 770 1200 771 1200 772 1200 762 1201 755 1201 763 1201 763 1202 755 1202 757 1202 763 1203 757 1203 773 1203 773 1204 757 1204 753 1204 773 1205 753 1205 774 1205 774 1206 753 1206 775 1206 775 1207 753 1207 776 1207 776 1208 753 1208 750 1208 776 1209 750 1209 777 1209 740 1210 742 1210 750 1210 750 1211 742 1211 778 1211 750 1212 778 1212 777 1212 779 1213 780 1213 748 1213 748 1214 780 1214 781 1214 748 1215 781 1215 746 1215 746 1216 781 1216 782 1216 746 1217 782 1217 744 1217 744 1218 782 1218 783 1218 744 1219 783 1219 742 1219 742 1220 783 1220 784 1220 742 1221 784 1221 778 1221 739 1222 734 1222 738 1222 738 1223 734 1223 735 1223 738 1224 735 1224 785 1224 785 1225 735 1225 779 1225 785 1226 779 1226 738 1226 738 1227 779 1227 748 1227 738 1228 748 1228 736 1228 736 1229 748 1229 749 1229 786 1230 787 1230 788 1230 734 1231 731 1231 732 1231 732 1232 731 1232 730 1232 732 1233 730 1233 789 1233 789 1234 730 1234 727 1234 789 1235 727 1235 788 1235 788 1236 727 1236 725 1236 788 1237 725 1237 786 1237 786 1238 725 1238 724 1238 786 1239 724 1239 716 1239 1463 1240 1338 1240 792 1240 787 1241 786 1241 718 1241 718 1242 786 1242 716 1242 718 1243 716 1243 719 1243 719 1244 716 1244 715 1244 719 1245 715 1245 720 1245 720 1246 715 1246 714 1246 720 1247 714 1247 792 1247 792 1248 714 1248 713 1248 713 1249 790 1249 1463 1249 724 1250 793 1250 716 1250 716 1251 793 1251 794 1251 716 1252 794 1252 717 1252 717 1253 794 1253 723 1253 717 1254 723 1254 715 1254 715 1255 723 1255 722 1255 715 1256 722 1256 713 1256 713 1257 722 1257 1369 1257 713 1258 721 1258 790 1258 1430 1259 795 1259 1329 1259 1329 1260 1330 1260 23 1260 1330 1261 796 1261 1420 1261 23 1262 797 1262 6 1262 6 1263 797 1263 798 1263 6 1264 798 1264 9 1264 798 1265 799 1265 9 1265 9 1266 799 1266 800 1266 9 1267 800 1267 11 1267 11 1268 800 1268 12 1268 12 1269 800 1269 801 1269 12 1270 801 1270 14 1270 14 1271 801 1271 802 1271 14 1272 802 1272 70 1272 802 1273 803 1273 70 1273 70 1274 803 1274 804 1274 70 1275 804 1275 71 1275 71 1276 804 1276 805 1276 71 1277 805 1277 72 1277 72 1278 805 1278 806 1278 72 1279 806 1279 15 1279 15 1280 806 1280 16 1280 806 1281 807 1281 16 1281 16 1282 807 1282 808 1282 16 1283 808 1283 69 1283 69 1284 808 1284 809 1284 69 1285 809 1285 67 1285 67 1286 809 1286 810 1286 67 1287 810 1287 65 1287 65 1288 810 1288 811 1288 65 1289 811 1289 79 1289 79 1290 811 1290 60 1290 811 1291 812 1291 60 1291 60 1292 812 1292 813 1292 60 1293 813 1293 61 1293 61 1294 813 1294 814 1294 61 1295 814 1295 63 1295 63 1296 814 1296 815 1296 63 1297 815 1297 64 1297 64 1298 815 1298 816 1298 64 1299 816 1299 56 1299 43 1300 45 1300 817 1300 56 1301 816 1301 58 1301 58 1302 816 1302 818 1302 58 1303 818 1303 59 1303 59 1304 818 1304 819 1304 59 1305 819 1305 51 1305 51 1306 819 1306 820 1306 51 1307 820 1307 52 1307 52 1308 820 1308 821 1308 52 1309 821 1309 53 1309 53 1310 821 1310 822 1310 53 1311 822 1311 54 1311 54 1312 822 1312 823 1312 54 1313 823 1313 45 1313 45 1314 823 1314 824 1314 45 1315 824 1315 817 1315 43 1316 817 1316 47 1316 47 1317 817 1317 825 1317 47 1318 825 1318 48 1318 48 1319 825 1319 49 1319 49 1320 825 1320 826 1320 49 1321 826 1321 42 1321 42 1322 826 1322 827 1322 42 1323 827 1323 41 1323 41 1324 827 1324 828 1324 41 1325 828 1325 39 1325 829 1326 830 1326 831 1326 831 1327 830 1327 832 1327 832 1328 830 1328 833 1328 832 1329 833 1329 834 1329 834 1330 833 1330 835 1330 834 1331 835 1331 836 1331 829 1332 831 1332 837 1332 837 1333 831 1333 838 1333 837 1334 838 1334 839 1334 839 1335 838 1335 840 1335 839 1336 840 1336 841 1336 841 1337 840 1337 842 1337 841 1338 842 1338 843 1338 843 1339 842 1339 844 1339 844 1340 842 1340 845 1340 844 1341 845 1341 846 1341 846 1342 845 1342 847 1342 846 1343 847 1343 848 1343 848 1344 847 1344 849 1344 848 1345 849 1345 850 1345 849 1346 851 1346 850 1346 850 1347 851 1347 852 1347 850 1348 852 1348 853 1348 853 1349 852 1349 854 1349 853 1350 854 1350 855 1350 855 1351 854 1351 856 1351 856 1352 854 1352 857 1352 856 1353 857 1353 858 1353 857 1354 859 1354 858 1354 858 1355 859 1355 860 1355 858 1356 860 1356 861 1356 861 1357 860 1357 862 1357 861 1358 862 1358 863 1358 863 1359 862 1359 864 1359 863 1360 864 1360 865 1360 865 1361 864 1361 866 1361 865 1362 866 1362 867 1362 866 1363 868 1363 867 1363 867 1364 868 1364 869 1364 867 1365 869 1365 870 1365 870 1366 869 1366 871 1366 870 1367 871 1367 872 1367 872 1368 871 1368 873 1368 872 1369 873 1369 874 1369 873 1370 875 1370 874 1370 874 1371 875 1371 876 1371 874 1372 876 1372 877 1372 877 1373 876 1373 878 1373 877 1374 878 1374 879 1374 879 1375 878 1375 880 1375 879 1376 880 1376 881 1376 709 1377 708 1377 882 1377 882 1378 708 1378 883 1378 881 1379 880 1379 883 1379 883 1380 880 1380 884 1380 883 1381 884 1381 882 1381 885 1382 886 1382 887 1382 888 1383 889 1383 890 1383 891 1384 892 1384 893 1384 894 1385 891 1385 895 1385 892 1386 896 1386 893 1386 893 1387 896 1387 897 1387 893 1388 897 1388 898 1388 898 1389 897 1389 899 1389 900 1390 901 1390 902 1390 902 1391 901 1391 903 1391 904 1392 905 1392 903 1392 903 1393 905 1393 906 1393 903 1394 906 1394 902 1394 902 1395 906 1395 907 1395 902 1396 907 1396 900 1396 900 1397 907 1397 908 1397 907 1398 909 1398 908 1398 908 1399 909 1399 910 1399 908 1400 910 1400 911 1400 911 1401 910 1401 912 1401 890 1402 889 1402 913 1402 913 1403 889 1403 914 1403 913 1404 914 1404 915 1404 916 1405 917 1405 918 1405 918 1406 917 1406 919 1406 918 1407 919 1407 920 1407 920 1408 919 1408 921 1408 920 1409 921 1409 922 1409 922 1410 921 1410 923 1410 924 1411 925 1411 926 1411 926 1412 925 1412 927 1412 887 1413 886 1413 928 1413 928 1414 886 1414 929 1414 928 1415 929 1415 930 1415 930 1416 929 1416 931 1416 931 1417 929 1417 932 1417 931 1418 932 1418 933 1418 933 1419 932 1419 934 1419 933 1420 934 1420 924 1420 924 1421 934 1421 935 1421 924 1422 935 1422 925 1422 885 1423 887 1423 936 1423 936 1424 887 1424 937 1424 936 1425 937 1425 938 1425 938 1426 937 1426 770 1426 938 1427 770 1427 772 1427 939 1428 940 1428 924 1428 924 1429 940 1429 941 1429 924 1430 941 1430 933 1430 933 1431 941 1431 942 1431 933 1432 942 1432 931 1432 943 1433 944 1433 921 1433 921 1434 944 1434 926 1434 921 1435 926 1435 923 1435 923 1436 926 1436 927 1436 944 1437 945 1437 926 1437 926 1438 945 1438 946 1438 926 1439 946 1439 924 1439 924 1440 946 1440 947 1440 924 1441 947 1441 939 1441 943 1442 921 1442 948 1442 948 1443 921 1443 919 1443 948 1444 919 1444 949 1444 949 1445 919 1445 917 1445 949 1446 917 1446 950 1446 916 1447 888 1447 917 1447 917 1448 888 1448 890 1448 917 1449 890 1449 950 1449 950 1450 890 1450 913 1450 950 1451 913 1451 951 1451 914 1452 911 1452 915 1452 915 1453 911 1453 912 1453 915 1454 912 1454 913 1454 913 1455 912 1455 952 1455 913 1456 952 1456 951 1456 895 1457 953 1457 894 1457 894 1458 953 1458 954 1458 894 1459 954 1459 955 1459 955 1460 954 1460 956 1460 896 1461 957 1461 897 1461 897 1462 957 1462 958 1462 897 1463 958 1463 899 1463 899 1464 958 1464 904 1464 899 1465 904 1465 959 1465 959 1466 904 1466 903 1466 891 1467 894 1467 892 1467 892 1468 894 1468 955 1468 892 1469 955 1469 896 1469 896 1470 955 1470 956 1470 896 1471 956 1471 957 1471 957 1472 956 1472 960 1472 957 1473 960 1473 958 1473 958 1474 960 1474 961 1474 958 1475 961 1475 904 1475 904 1476 961 1476 962 1476 904 1477 962 1477 905 1477 905 1478 962 1478 963 1478 905 1479 963 1479 906 1479 906 1480 963 1480 964 1480 906 1481 964 1481 907 1481 965 1482 966 1482 195 1482 966 1483 967 1483 195 1483 195 1484 967 1484 968 1484 195 1485 968 1485 193 1485 230 1486 969 1486 231 1486 231 1487 969 1487 970 1487 231 1488 970 1488 357 1488 357 1489 970 1489 971 1489 357 1490 971 1490 227 1490 227 1491 971 1491 972 1491 227 1492 972 1492 228 1492 228 1493 972 1493 965 1493 228 1494 965 1494 338 1494 338 1495 965 1495 195 1495 235 1496 973 1496 237 1496 237 1497 973 1497 974 1497 237 1498 974 1498 238 1498 238 1499 974 1499 975 1499 238 1500 975 1500 230 1500 230 1501 975 1501 976 1501 230 1502 976 1502 969 1502 235 1503 234 1503 973 1503 973 1504 234 1504 240 1504 973 1505 240 1505 977 1505 977 1506 240 1506 239 1506 977 1507 239 1507 978 1507 978 1508 239 1508 246 1508 978 1509 246 1509 979 1509 979 1510 246 1510 245 1510 979 1511 245 1511 980 1511 980 1512 245 1512 243 1512 980 1513 243 1513 981 1513 248 1514 982 1514 250 1514 250 1515 982 1515 981 1515 250 1516 981 1516 251 1516 251 1517 981 1517 243 1517 256 1518 983 1518 248 1518 248 1519 983 1519 984 1519 248 1520 984 1520 982 1520 257 1521 985 1521 252 1521 252 1522 985 1522 986 1522 252 1523 986 1523 253 1523 253 1524 986 1524 987 1524 253 1525 987 1525 255 1525 255 1526 987 1526 988 1526 255 1527 988 1527 256 1527 256 1528 988 1528 989 1528 256 1529 989 1529 983 1529 259 1530 990 1530 257 1530 257 1531 990 1531 991 1531 257 1532 991 1532 985 1532 992 1533 993 1533 268 1533 259 1534 260 1534 990 1534 990 1535 260 1535 262 1535 990 1536 262 1536 994 1536 994 1537 262 1537 267 1537 994 1538 267 1538 995 1538 995 1539 267 1539 266 1539 995 1540 266 1540 996 1540 996 1541 266 1541 264 1541 996 1542 264 1542 993 1542 993 1543 264 1543 263 1543 993 1544 263 1544 268 1544 39 1545 828 1545 269 1545 269 1546 828 1546 992 1546 269 1547 992 1547 270 1547 270 1548 992 1548 268 1548 997 1549 998 1549 999 1549 1000 1550 967 1550 966 1550 1001 1551 1002 1551 997 1551 956 1552 954 1552 1003 1552 1004 1553 770 1553 937 1553 828 1554 1005 1554 1006 1554 887 1555 1007 1555 937 1555 937 1556 1007 1556 1008 1556 937 1557 1008 1557 1004 1557 828 1558 1006 1558 992 1558 992 1559 1006 1559 1009 1559 992 1560 1009 1560 993 1560 887 1561 928 1561 1007 1561 1007 1562 928 1562 930 1562 1007 1563 930 1563 1010 1563 1010 1564 930 1564 1011 1564 930 1565 931 1565 1011 1565 1011 1566 931 1566 942 1566 1011 1567 942 1567 941 1567 940 1568 1012 1568 941 1568 941 1569 1012 1569 1013 1569 941 1570 1013 1570 1011 1570 993 1571 1009 1571 996 1571 996 1572 1009 1572 1014 1572 996 1573 1014 1573 995 1573 995 1574 1014 1574 1015 1574 995 1575 1015 1575 994 1575 994 1576 1015 1576 1016 1576 994 1577 1016 1577 990 1577 990 1578 1016 1578 1017 1578 990 1579 1017 1579 991 1579 991 1580 1017 1580 1018 1580 991 1581 1018 1581 985 1581 985 1582 1018 1582 1019 1582 985 1583 1019 1583 986 1583 940 1584 939 1584 1012 1584 1012 1585 939 1585 947 1585 1012 1586 947 1586 1020 1586 1020 1587 947 1587 946 1587 1020 1588 946 1588 1021 1588 1021 1589 946 1589 945 1589 1022 1590 988 1590 1019 1590 1019 1591 988 1591 987 1591 1019 1592 987 1592 986 1592 944 1593 1023 1593 945 1593 945 1594 1023 1594 1024 1594 945 1595 1024 1595 1021 1595 982 1596 984 1596 1025 1596 1025 1597 984 1597 983 1597 1025 1598 983 1598 1022 1598 1022 1599 983 1599 989 1599 1022 1600 989 1600 988 1600 1025 1601 1026 1601 982 1601 982 1602 1026 1602 1027 1602 982 1603 1027 1603 981 1603 981 1604 1027 1604 1028 1604 981 1605 1028 1605 980 1605 944 1606 943 1606 1023 1606 1023 1607 943 1607 948 1607 1023 1608 948 1608 1029 1608 1029 1609 948 1609 949 1609 1029 1610 949 1610 1030 1610 1030 1611 949 1611 950 1611 1030 1612 950 1612 1031 1612 1031 1613 950 1613 951 1613 1031 1614 951 1614 1032 1614 1032 1615 951 1615 952 1615 1032 1616 952 1616 1033 1616 1033 1617 952 1617 912 1617 1033 1618 912 1618 1034 1618 1034 1619 912 1619 910 1619 1034 1620 910 1620 1035 1620 980 1621 1028 1621 979 1621 979 1622 1028 1622 1036 1622 979 1623 1036 1623 978 1623 978 1624 1036 1624 1037 1624 978 1625 1037 1625 977 1625 977 1626 1037 1626 1038 1626 977 1627 1038 1627 973 1627 973 1628 1038 1628 1039 1628 973 1629 1039 1629 974 1629 974 1630 1039 1630 1040 1630 974 1631 1040 1631 975 1631 975 1632 1040 1632 1041 1632 975 1633 1041 1633 976 1633 976 1634 1041 1634 1042 1634 976 1635 1042 1635 969 1635 969 1636 1042 1636 1043 1636 969 1637 1043 1637 970 1637 970 1638 1043 1638 1044 1638 970 1639 1044 1639 971 1639 971 1640 1044 1640 1045 1640 971 1641 1045 1641 972 1641 910 1642 909 1642 1035 1642 1035 1643 909 1643 907 1643 1035 1644 907 1644 1046 1644 1046 1645 907 1645 964 1645 1046 1646 964 1646 1047 1646 1047 1647 964 1647 963 1647 1047 1648 963 1648 1048 1648 1048 1649 963 1649 962 1649 1048 1650 962 1650 1049 1650 1049 1651 962 1651 961 1651 1049 1652 961 1652 1050 1652 1050 1653 961 1653 960 1653 1050 1654 960 1654 1051 1654 1051 1655 960 1655 956 1655 1051 1656 956 1656 1001 1656 1001 1657 956 1657 1003 1657 1001 1658 1003 1658 1002 1658 997 1659 999 1659 1001 1659 1001 1660 999 1660 1045 1660 1001 1661 1045 1661 1051 1661 1051 1662 1045 1662 1044 1662 1051 1663 1044 1663 1050 1663 1050 1664 1044 1664 1043 1664 1050 1665 1043 1665 1049 1665 1049 1666 1043 1666 1042 1666 1049 1667 1042 1667 1048 1667 1048 1668 1042 1668 1041 1668 1048 1669 1041 1669 1047 1669 1047 1670 1041 1670 1040 1670 1047 1671 1040 1671 1046 1671 1046 1672 1040 1672 1039 1672 1046 1673 1039 1673 1035 1673 1035 1674 1039 1674 1038 1674 1035 1675 1038 1675 1034 1675 1034 1676 1038 1676 1037 1676 1034 1677 1037 1677 1033 1677 1033 1678 1037 1678 1036 1678 1033 1679 1036 1679 1032 1679 1032 1680 1036 1680 1028 1680 1032 1681 1028 1681 1031 1681 1031 1682 1028 1682 1027 1682 1031 1683 1027 1683 1030 1683 1030 1684 1027 1684 1026 1684 1030 1685 1026 1685 1029 1685 1029 1686 1026 1686 1025 1686 1029 1687 1025 1687 1023 1687 1023 1688 1025 1688 1022 1688 1023 1689 1022 1689 1024 1689 1024 1690 1022 1690 1019 1690 1024 1691 1019 1691 1021 1691 1021 1692 1019 1692 1018 1692 1021 1693 1018 1693 1020 1693 1020 1694 1018 1694 1017 1694 1020 1695 1017 1695 1012 1695 1012 1696 1017 1696 1016 1696 1012 1697 1016 1697 1013 1697 1013 1698 1016 1698 1015 1698 1013 1699 1015 1699 1011 1699 1011 1700 1015 1700 1014 1700 1011 1701 1014 1701 1010 1701 1010 1702 1014 1702 1009 1702 1010 1703 1009 1703 1007 1703 1007 1704 1009 1704 1006 1704 1007 1705 1006 1705 1008 1705 1008 1706 1006 1706 1005 1706 1008 1707 1005 1707 1004 1707 972 1708 1045 1708 965 1708 965 1709 1045 1709 999 1709 965 1710 999 1710 966 1710 966 1711 999 1711 998 1711 966 1712 998 1712 1000 1712 1419 1713 1435 1713 1054 1713 1397 1714 1370 1714 723 1714 1351 1715 1058 1715 1352 1715 1419 1716 1054 1716 1456 1716 1420 1717 1059 1717 1436 1717 1060 1718 828 1718 827 1718 770 1719 1061 1719 1062 1719 1061 1720 1060 1720 1063 1720 1063 1721 1060 1721 827 1721 1063 1722 827 1722 1064 1722 1064 1723 827 1723 826 1723 826 1724 825 1724 1064 1724 1064 1725 825 1725 817 1725 1064 1726 817 1726 1065 1726 1065 1727 817 1727 824 1727 1065 1728 824 1728 1066 1728 1067 1729 761 1729 1068 1729 1068 1730 761 1730 764 1730 1068 1731 764 1731 1069 1731 1069 1732 764 1732 766 1732 1069 1733 766 1733 1062 1733 1062 1734 766 1734 768 1734 1062 1735 768 1735 770 1735 756 1736 755 1736 1067 1736 1067 1737 755 1737 762 1737 1067 1738 762 1738 761 1738 824 1739 823 1739 1066 1739 1066 1740 823 1740 822 1740 1066 1741 822 1741 1070 1741 1070 1742 822 1742 821 1742 1070 1743 821 1743 1071 1743 1067 1744 1072 1744 756 1744 756 1745 1072 1745 1073 1745 756 1746 1073 1746 758 1746 758 1747 1073 1747 759 1747 759 1748 1073 1748 754 1748 754 1749 1073 1749 1074 1749 754 1750 1074 1750 1075 1750 821 1751 820 1751 1071 1751 1071 1752 820 1752 819 1752 1071 1753 819 1753 1076 1753 1076 1754 819 1754 818 1754 1076 1755 818 1755 1077 1755 1077 1756 818 1756 816 1756 1077 1757 816 1757 1078 1757 1078 1758 816 1758 815 1758 1078 1759 815 1759 1079 1759 1079 1760 815 1760 814 1760 1079 1761 814 1761 1080 1761 1080 1762 814 1762 813 1762 1080 1763 813 1763 1081 1763 1081 1764 813 1764 812 1764 1081 1765 812 1765 1082 1765 1061 1766 1063 1766 1062 1766 1062 1767 1063 1767 1064 1767 1062 1768 1064 1768 1069 1768 1069 1769 1064 1769 1065 1769 1069 1770 1065 1770 1068 1770 1068 1771 1065 1771 1066 1771 1068 1772 1066 1772 1067 1772 1067 1773 1066 1773 1070 1773 1067 1774 1070 1774 1072 1774 1072 1775 1070 1775 1071 1775 1072 1776 1071 1776 1073 1776 1073 1777 1071 1777 1076 1777 1073 1778 1076 1778 1074 1778 1074 1779 1076 1779 1077 1779 1074 1780 1077 1780 1075 1780 1075 1781 1077 1781 1078 1781 1075 1782 1078 1782 1083 1782 1083 1783 1078 1783 1079 1783 1083 1784 1079 1784 1084 1784 1084 1785 1079 1785 1080 1785 1084 1786 1080 1786 1085 1786 1085 1787 1080 1787 1081 1787 1085 1788 1081 1788 1086 1788 1086 1789 1081 1789 1082 1789 1086 1790 1082 1790 1087 1790 1087 1791 745 1791 1086 1791 1086 1792 745 1792 743 1792 1086 1793 743 1793 1085 1793 1085 1794 743 1794 741 1794 1085 1795 741 1795 1084 1795 1084 1796 741 1796 740 1796 1084 1797 740 1797 1083 1797 1083 1798 740 1798 751 1798 1083 1799 751 1799 1075 1799 1075 1800 751 1800 752 1800 1075 1801 752 1801 754 1801 736 1802 749 1802 1087 1802 1087 1803 749 1803 747 1803 1087 1804 747 1804 745 1804 1088 1805 811 1805 810 1805 1088 1806 810 1806 1089 1806 1089 1807 810 1807 809 1807 1089 1808 809 1808 1090 1808 809 1809 808 1809 1090 1809 1090 1810 808 1810 807 1810 1090 1811 807 1811 1091 1811 1091 1812 807 1812 806 1812 1091 1813 806 1813 1092 1813 806 1814 805 1814 1092 1814 1092 1815 805 1815 804 1815 1092 1816 804 1816 1093 1816 1093 1817 804 1817 803 1817 1093 1818 803 1818 1094 1818 803 1819 802 1819 1094 1819 1094 1820 802 1820 801 1820 1094 1821 801 1821 1095 1821 1095 1822 801 1822 800 1822 1095 1823 800 1823 1096 1823 1096 1824 800 1824 799 1824 1096 1825 799 1825 1097 1825 1097 1826 799 1826 798 1826 1097 1827 798 1827 1098 1827 1098 1828 798 1828 797 1828 1098 1829 797 1829 1056 1829 1354 1830 1436 1830 1059 1830 1354 1831 1057 1831 1351 1831 1054 1832 1352 1832 1456 1832 1056 1833 1054 1833 1099 1833 1056 1834 1099 1834 1098 1834 1098 1835 1099 1835 1100 1835 1098 1836 1100 1836 1097 1836 1097 1837 1100 1837 1101 1837 1097 1838 1101 1838 1096 1838 1096 1839 1101 1839 1102 1839 1096 1840 1102 1840 1095 1840 1095 1841 1102 1841 1103 1841 1095 1842 1103 1842 1094 1842 1094 1843 1103 1843 1104 1843 1094 1844 1104 1844 1093 1844 1093 1845 1104 1845 1105 1845 1093 1846 1105 1846 1092 1846 1092 1847 1105 1847 1106 1847 1092 1848 1106 1848 1091 1848 1091 1849 1106 1849 1107 1849 1091 1850 1107 1850 1090 1850 1090 1851 1107 1851 1108 1851 1090 1852 1108 1852 1089 1852 1089 1853 1108 1853 1109 1853 1089 1854 1109 1854 1088 1854 812 1855 811 1855 1082 1855 1082 1856 811 1856 1088 1856 1082 1857 1088 1857 1087 1857 1087 1858 1088 1858 1109 1858 1087 1859 1109 1859 736 1859 736 1860 1109 1860 1108 1860 736 1861 1108 1861 737 1861 737 1862 1108 1862 1107 1862 737 1863 1107 1863 739 1863 739 1864 1107 1864 1106 1864 739 1865 1106 1865 734 1865 734 1866 1106 1866 1105 1866 734 1867 1105 1867 731 1867 731 1868 1105 1868 1104 1868 731 1869 1104 1869 729 1869 729 1870 1104 1870 1103 1870 729 1871 1103 1871 728 1871 728 1872 1103 1872 1102 1872 728 1873 1102 1873 726 1873 726 1874 1102 1874 1101 1874 726 1875 1101 1875 724 1875 724 1876 1101 1876 1100 1876 724 1877 1100 1877 793 1877 793 1878 1100 1878 1099 1878 793 1879 1099 1879 794 1879 794 1880 1099 1880 1054 1880 794 1881 1054 1881 723 1881 1408 1882 1435 1882 1053 1882 1053 1883 1397 1883 1408 1883 1465 1884 1331 1884 1112 1884 1331 1885 1113 1885 1344 1885 791 1886 1345 1886 1338 1886 1115 1887 772 1887 771 1887 1116 1888 1115 1888 1117 1888 1115 1889 771 1889 1117 1889 1117 1890 771 1890 769 1890 1117 1891 769 1891 1118 1891 1118 1892 769 1892 767 1892 1118 1893 767 1893 1119 1893 1119 1894 767 1894 765 1894 1119 1895 765 1895 1120 1895 765 1896 760 1896 1120 1896 1120 1897 760 1897 763 1897 1120 1898 763 1898 1121 1898 1121 1899 763 1899 773 1899 1121 1900 773 1900 1122 1900 1122 1901 773 1901 774 1901 1122 1902 774 1902 1123 1902 1123 1903 774 1903 775 1903 1123 1904 775 1904 1124 1904 775 1905 776 1905 1124 1905 1124 1906 776 1906 777 1906 1124 1907 777 1907 1125 1907 1125 1908 777 1908 778 1908 709 1909 1126 1909 710 1909 710 1910 1126 1910 1127 1910 710 1911 1127 1911 711 1911 711 1912 1127 1912 1128 1912 711 1913 1128 1913 712 1913 712 1914 1128 1914 1129 1914 712 1915 1129 1915 696 1915 696 1916 1129 1916 1130 1916 696 1917 1130 1917 698 1917 698 1918 1130 1918 1131 1918 698 1919 1131 1919 700 1919 700 1920 1131 1920 1132 1920 700 1921 1132 1921 702 1921 702 1922 1132 1922 1133 1922 702 1923 1133 1923 704 1923 704 1924 1133 1924 1134 1924 704 1925 1134 1925 694 1925 694 1926 1134 1926 1135 1926 694 1927 1135 1927 692 1927 692 1928 1135 1928 690 1928 784 1929 1136 1929 778 1929 778 1930 1136 1930 1137 1930 778 1931 1137 1931 1125 1931 690 1932 1135 1932 688 1932 688 1933 1135 1933 1138 1933 688 1934 1138 1934 1139 1934 682 1935 684 1935 1139 1935 1139 1936 684 1936 687 1936 1139 1937 687 1937 688 1937 1139 1938 1140 1938 682 1938 682 1939 1140 1939 1141 1939 682 1940 1141 1940 675 1940 675 1941 1141 1941 1142 1941 679 1942 678 1942 1142 1942 1142 1943 678 1943 676 1943 1142 1944 676 1944 675 1944 1142 1945 1143 1945 679 1945 679 1946 1143 1946 1144 1946 679 1947 1144 1947 669 1947 669 1948 1144 1948 1145 1948 669 1949 1145 1949 670 1949 670 1950 1145 1950 671 1950 671 1951 1145 1951 1146 1951 671 1952 1146 1952 673 1952 784 1953 783 1953 1136 1953 1136 1954 783 1954 782 1954 1136 1955 782 1955 1147 1955 1147 1956 782 1956 781 1956 1147 1957 781 1957 1148 1957 1148 1958 781 1958 780 1958 1148 1959 780 1959 1149 1959 1149 1960 780 1960 779 1960 1149 1961 779 1961 1150 1961 1150 1962 779 1962 735 1962 1150 1963 735 1963 1151 1963 1151 1964 735 1964 733 1964 1151 1965 733 1965 1152 1965 1152 1966 733 1966 732 1966 1152 1967 732 1967 1153 1967 1153 1968 732 1968 789 1968 1153 1969 789 1969 1154 1969 1154 1970 789 1970 788 1970 1154 1971 788 1971 1155 1971 1155 1972 788 1972 787 1972 1155 1973 787 1973 1156 1973 1156 1974 787 1974 718 1974 1156 1975 718 1975 1157 1975 1157 1976 718 1976 720 1976 1157 1977 720 1977 1158 1977 1158 1978 720 1978 792 1978 1158 1979 792 1979 1159 1979 1374 1980 1345 1980 1114 1980 1114 1981 1332 1981 1374 1981 1332 1982 1461 1982 1159 1982 1461 1983 1110 1983 1465 1983 1159 1984 1112 1984 1158 1984 1158 1985 1112 1985 1161 1985 1158 1986 1161 1986 1157 1986 1157 1987 1161 1987 1162 1987 1157 1988 1162 1988 1156 1988 1156 1989 1162 1989 1163 1989 1156 1990 1163 1990 1155 1990 1155 1991 1163 1991 1164 1991 1155 1992 1164 1992 1154 1992 1154 1993 1164 1993 1146 1993 1154 1994 1146 1994 1153 1994 1153 1995 1146 1995 1145 1995 1153 1996 1145 1996 1152 1996 1152 1997 1145 1997 1144 1997 1152 1998 1144 1998 1151 1998 1151 1999 1144 1999 1143 1999 1151 2000 1143 2000 1150 2000 1150 2001 1143 2001 1142 2001 1150 2002 1142 2002 1149 2002 1149 2003 1142 2003 1141 2003 1149 2004 1141 2004 1148 2004 1148 2005 1141 2005 1140 2005 1148 2006 1140 2006 1147 2006 1147 2007 1140 2007 1139 2007 1147 2008 1139 2008 1136 2008 1136 2009 1139 2009 1138 2009 1136 2010 1138 2010 1137 2010 1137 2011 1138 2011 1135 2011 1137 2012 1135 2012 1125 2012 1125 2013 1135 2013 1134 2013 1125 2014 1134 2014 1124 2014 1124 2015 1134 2015 1133 2015 1124 2016 1133 2016 1123 2016 1123 2017 1133 2017 1132 2017 1123 2018 1132 2018 1122 2018 1122 2019 1132 2019 1131 2019 1122 2020 1131 2020 1121 2020 1121 2021 1131 2021 1130 2021 1121 2022 1130 2022 1120 2022 1120 2023 1130 2023 1129 2023 1120 2024 1129 2024 1119 2024 1119 2025 1129 2025 1128 2025 1119 2026 1128 2026 1118 2026 1118 2027 1128 2027 1127 2027 1118 2028 1127 2028 1117 2028 1117 2029 1127 2029 1126 2029 1117 2030 1126 2030 1116 2030 1116 2031 1126 2031 709 2031 673 2032 1146 2032 674 2032 674 2033 1146 2033 1164 2033 674 2034 1164 2034 665 2034 665 2035 1164 2035 1163 2035 665 2036 1163 2036 666 2036 666 2037 1163 2037 1162 2037 666 2038 1162 2038 654 2038 654 2039 1162 2039 1161 2039 654 2040 1161 2040 662 2040 662 2041 1161 2041 1112 2041 662 2042 1112 2042 660 2042 1428 2043 1344 2043 1113 2043 1428 2044 657 2044 1368 2044 1165 2045 1166 2045 1167 2045 1167 2046 1166 2046 1168 2046 834 2047 836 2047 1169 2047 1170 2048 709 2048 882 2048 1171 2049 1170 2049 1172 2049 772 2050 1173 2050 938 2050 938 2051 1173 2051 1174 2051 938 2052 1174 2052 936 2052 936 2053 1174 2053 1175 2053 929 2054 886 2054 1175 2054 1175 2055 886 2055 885 2055 1175 2056 885 2056 936 2056 1175 2057 1176 2057 929 2057 929 2058 1176 2058 1177 2058 929 2059 1177 2059 932 2059 932 2060 1177 2060 1178 2060 932 2061 1178 2061 934 2061 934 2062 1178 2062 1179 2062 934 2063 1179 2063 935 2063 1170 2064 882 2064 1172 2064 1172 2065 882 2065 884 2065 1172 2066 884 2066 1180 2066 1180 2067 884 2067 880 2067 1180 2068 880 2068 1181 2068 1181 2069 880 2069 878 2069 1181 2070 878 2070 1182 2070 1182 2071 878 2071 876 2071 1182 2072 876 2072 1183 2072 1183 2073 876 2073 875 2073 1183 2074 875 2074 1184 2074 1184 2075 875 2075 873 2075 1184 2076 873 2076 1185 2076 1185 2077 873 2077 871 2077 1185 2078 871 2078 1186 2078 935 2079 1179 2079 925 2079 925 2080 1179 2080 1187 2080 925 2081 1187 2081 927 2081 927 2082 1187 2082 1188 2082 927 2083 1188 2083 923 2083 923 2084 1188 2084 1189 2084 923 2085 1189 2085 922 2085 871 2086 869 2086 1186 2086 1186 2087 869 2087 868 2087 1186 2088 868 2088 1190 2088 1190 2089 868 2089 866 2089 1190 2090 866 2090 1191 2090 1191 2091 866 2091 864 2091 1191 2092 864 2092 1192 2092 864 2093 862 2093 1192 2093 1192 2094 862 2094 860 2094 1192 2095 860 2095 1193 2095 1193 2096 860 2096 859 2096 1193 2097 859 2097 1194 2097 859 2098 857 2098 1194 2098 1194 2099 857 2099 854 2099 1194 2100 854 2100 1195 2100 1195 2101 854 2101 852 2101 1195 2102 852 2102 1196 2102 1196 2103 852 2103 851 2103 1196 2104 851 2104 1197 2104 922 2105 1189 2105 920 2105 920 2106 1189 2106 1198 2106 920 2107 1198 2107 918 2107 918 2108 1198 2108 1199 2108 918 2109 1199 2109 916 2109 916 2110 1199 2110 1200 2110 916 2111 1200 2111 888 2111 888 2112 1200 2112 1201 2112 888 2113 1201 2113 889 2113 889 2114 1201 2114 1202 2114 889 2115 1202 2115 914 2115 914 2116 1202 2116 1203 2116 914 2117 1203 2117 911 2117 911 2118 1203 2118 1204 2118 911 2119 1204 2119 908 2119 908 2120 1204 2120 1205 2120 908 2121 1205 2121 900 2121 900 2122 1205 2122 1206 2122 900 2123 1206 2123 901 2123 901 2124 1206 2124 1207 2124 901 2125 1207 2125 903 2125 903 2126 1207 2126 1208 2126 903 2127 1208 2127 959 2127 851 2128 849 2128 1197 2128 1197 2129 849 2129 847 2129 1197 2130 847 2130 1209 2130 1209 2131 847 2131 845 2131 1209 2132 845 2132 1210 2132 1210 2133 845 2133 842 2133 1210 2134 842 2134 1211 2134 1211 2135 842 2135 840 2135 1211 2136 840 2136 1212 2136 1212 2137 840 2137 838 2137 1212 2138 838 2138 1213 2138 1213 2139 838 2139 831 2139 1213 2140 831 2140 1214 2140 1214 2141 831 2141 832 2141 1214 2142 832 2142 1215 2142 1215 2143 832 2143 834 2143 1215 2144 834 2144 1216 2144 1216 2145 834 2145 1169 2145 1216 2146 1169 2146 1217 2146 1217 2147 1165 2147 1216 2147 1216 2148 1165 2148 1167 2148 1216 2149 1167 2149 1215 2149 1215 2150 1167 2150 1218 2150 1215 2151 1218 2151 1214 2151 1214 2152 1218 2152 1219 2152 1214 2153 1219 2153 1213 2153 1213 2154 1219 2154 1208 2154 1213 2155 1208 2155 1212 2155 1212 2156 1208 2156 1207 2156 1212 2157 1207 2157 1211 2157 1211 2158 1207 2158 1206 2158 1211 2159 1206 2159 1210 2159 1210 2160 1206 2160 1205 2160 1210 2161 1205 2161 1209 2161 1209 2162 1205 2162 1204 2162 1209 2163 1204 2163 1197 2163 1197 2164 1204 2164 1203 2164 1197 2165 1203 2165 1196 2165 1196 2166 1203 2166 1202 2166 1196 2167 1202 2167 1195 2167 1195 2168 1202 2168 1201 2168 1195 2169 1201 2169 1194 2169 1194 2170 1201 2170 1200 2170 1194 2171 1200 2171 1193 2171 1193 2172 1200 2172 1199 2172 1193 2173 1199 2173 1192 2173 1192 2174 1199 2174 1198 2174 1192 2175 1198 2175 1191 2175 1191 2176 1198 2176 1189 2176 1191 2177 1189 2177 1190 2177 1190 2178 1189 2178 1188 2178 1190 2179 1188 2179 1186 2179 1186 2180 1188 2180 1187 2180 1186 2181 1187 2181 1185 2181 1185 2182 1187 2182 1179 2182 1185 2183 1179 2183 1184 2183 1184 2184 1179 2184 1178 2184 1184 2185 1178 2185 1183 2185 1183 2186 1178 2186 1177 2186 1183 2187 1177 2187 1182 2187 1182 2188 1177 2188 1176 2188 1182 2189 1176 2189 1181 2189 1181 2190 1176 2190 1175 2190 1181 2191 1175 2191 1180 2191 1180 2192 1175 2192 1174 2192 1180 2193 1174 2193 1172 2193 1172 2194 1174 2194 1173 2194 1172 2195 1173 2195 1171 2195 1171 2196 1173 2196 772 2196 959 2197 1208 2197 899 2197 899 2198 1208 2198 1219 2198 899 2199 1219 2199 898 2199 898 2200 1219 2200 1218 2200 898 2201 1218 2201 893 2201 893 2202 1218 2202 1167 2202 893 2203 1167 2203 891 2203 891 2204 1167 2204 1168 2204 891 2205 1168 2205 895 2205 1437 2206 1444 2206 493 2206 1380 2207 1221 2207 1409 2207 1222 2208 708 2208 707 2208 1223 2209 438 2209 1224 2209 1224 2210 438 2210 437 2210 1224 2211 437 2211 1225 2211 436 2212 441 2212 1223 2212 1223 2213 441 2213 440 2213 1223 2214 440 2214 438 2214 1222 2215 707 2215 1226 2215 1226 2216 707 2216 695 2216 1226 2217 695 2217 1227 2217 1227 2218 695 2218 697 2218 1227 2219 697 2219 1228 2219 1228 2220 697 2220 699 2220 1228 2221 699 2221 1229 2221 1229 2222 699 2222 701 2222 1229 2223 701 2223 1230 2223 1230 2224 701 2224 703 2224 1230 2225 703 2225 1231 2225 1231 2226 703 2226 705 2226 1231 2227 705 2227 1232 2227 1232 2228 705 2228 706 2228 1232 2229 706 2229 1233 2229 1233 2230 706 2230 693 2230 1233 2231 693 2231 1234 2231 1234 2232 693 2232 691 2232 1234 2233 691 2233 1235 2233 1223 2234 1236 2234 436 2234 436 2235 1236 2235 1237 2235 436 2236 1237 2236 434 2236 434 2237 1237 2237 1238 2237 434 2238 1238 2238 433 2238 433 2239 1238 2239 1239 2239 433 2240 1239 2240 431 2240 431 2241 1239 2241 1240 2241 431 2242 1240 2242 430 2242 430 2243 1240 2243 1241 2243 430 2244 1241 2244 429 2244 429 2245 1241 2245 1242 2245 429 2246 1242 2246 426 2246 426 2247 1242 2247 1243 2247 421 2248 423 2248 1243 2248 1243 2249 423 2249 424 2249 1243 2250 424 2250 426 2250 691 2251 689 2251 1235 2251 1235 2252 689 2252 686 2252 1235 2253 686 2253 1244 2253 1244 2254 686 2254 685 2254 1244 2255 685 2255 683 2255 681 2256 1245 2256 683 2256 683 2257 1245 2257 1246 2257 683 2258 1246 2258 1244 2258 1243 2259 1247 2259 421 2259 421 2260 1247 2260 1248 2260 421 2261 1248 2261 419 2261 419 2262 1248 2262 1249 2262 419 2263 1249 2263 415 2263 415 2264 1249 2264 1250 2264 415 2265 1250 2265 417 2265 417 2266 1250 2266 1251 2266 417 2267 1251 2267 418 2267 418 2268 1251 2268 1252 2268 418 2269 1252 2269 374 2269 374 2270 1252 2270 1253 2270 374 2271 1253 2271 509 2271 509 2272 1253 2272 1254 2272 509 2273 1254 2273 413 2273 413 2274 1254 2274 1255 2274 413 2275 1255 2275 411 2275 411 2276 1255 2276 1256 2276 411 2277 1256 2277 409 2277 409 2278 1256 2278 1257 2278 409 2279 1257 2279 377 2279 681 2280 680 2280 1245 2280 1245 2281 680 2281 677 2281 1245 2282 677 2282 1258 2282 1258 2283 677 2283 668 2283 1258 2284 668 2284 1259 2284 1259 2285 668 2285 667 2285 1259 2286 667 2286 1260 2286 1260 2287 667 2287 672 2287 1260 2288 672 2288 1261 2288 1261 2289 672 2289 664 2289 1261 2290 664 2290 1262 2290 1262 2291 664 2291 656 2291 1262 2292 656 2292 1263 2292 1263 2293 656 2293 655 2293 1263 2294 655 2294 1264 2294 1264 2295 655 2295 663 2295 1264 2296 663 2296 1265 2296 1265 2297 663 2297 661 2297 1265 2298 661 2298 1266 2298 1266 2299 661 2299 659 2299 1266 2300 659 2300 1267 2300 1434 2301 1409 2301 1221 2301 1434 2302 1268 2302 1410 2302 1269 2303 1410 2303 1422 2303 1267 2304 1269 2304 1270 2304 1267 2305 1270 2305 1266 2305 1266 2306 1270 2306 1257 2306 1266 2307 1257 2307 1265 2307 1265 2308 1257 2308 1256 2308 1265 2309 1256 2309 1264 2309 1264 2310 1256 2310 1255 2310 1264 2311 1255 2311 1263 2311 1263 2312 1255 2312 1254 2312 1263 2313 1254 2313 1262 2313 1262 2314 1254 2314 1253 2314 1262 2315 1253 2315 1261 2315 1261 2316 1253 2316 1252 2316 1261 2317 1252 2317 1260 2317 1260 2318 1252 2318 1251 2318 1260 2319 1251 2319 1259 2319 1259 2320 1251 2320 1250 2320 1259 2321 1250 2321 1258 2321 1258 2322 1250 2322 1249 2322 1258 2323 1249 2323 1245 2323 1245 2324 1249 2324 1248 2324 1245 2325 1248 2325 1246 2325 1246 2326 1248 2326 1247 2326 1246 2327 1247 2327 1244 2327 1244 2328 1247 2328 1243 2328 1244 2329 1243 2329 1235 2329 1235 2330 1243 2330 1242 2330 1235 2331 1242 2331 1234 2331 1234 2332 1242 2332 1241 2332 1234 2333 1241 2333 1233 2333 1233 2334 1241 2334 1240 2334 1233 2335 1240 2335 1232 2335 1232 2336 1240 2336 1239 2336 1232 2337 1239 2337 1231 2337 1231 2338 1239 2338 1238 2338 1231 2339 1238 2339 1230 2339 1230 2340 1238 2340 1237 2340 1230 2341 1237 2341 1229 2341 1229 2342 1237 2342 1236 2342 1229 2343 1236 2343 1228 2343 1228 2344 1236 2344 1223 2344 1228 2345 1223 2345 1227 2345 1227 2346 1223 2346 1224 2346 1227 2347 1224 2347 1226 2347 1226 2348 1224 2348 1225 2348 1226 2349 1225 2349 1222 2349 377 2350 1257 2350 378 2350 378 2351 1257 2351 1270 2351 378 2352 1270 2352 495 2352 495 2353 1270 2353 1269 2353 495 2354 1269 2354 493 2354 1438 2355 1422 2355 1268 2355 1268 2356 1437 2356 1438 2356 1271 2357 835 2357 833 2357 1272 2358 1273 2358 1274 2358 649 2359 1273 2359 529 2359 529 2360 1273 2360 1272 2360 529 2361 1272 2361 1275 2361 1276 2362 437 2362 534 2362 1276 2363 534 2363 1277 2363 1277 2364 534 2364 533 2364 1277 2365 533 2365 1278 2365 1278 2366 533 2366 537 2366 1278 2367 537 2367 1279 2367 1280 2368 867 2368 1281 2368 1281 2369 867 2369 870 2369 1281 2370 870 2370 1282 2370 1282 2371 870 2371 872 2371 1282 2372 872 2372 1283 2372 1283 2373 872 2373 874 2373 1283 2374 874 2374 1284 2374 1284 2375 874 2375 877 2375 1284 2376 877 2376 1285 2376 1285 2377 877 2377 879 2377 1285 2378 879 2378 1286 2378 1286 2379 879 2379 881 2379 1286 2380 881 2380 1287 2380 1287 2381 881 2381 883 2381 1287 2382 883 2382 1288 2382 1288 2383 883 2383 708 2383 1288 2384 708 2384 1289 2384 861 2385 863 2385 1280 2385 1280 2386 863 2386 865 2386 1280 2387 865 2387 867 2387 1280 2388 1290 2388 861 2388 861 2389 1290 2389 1291 2389 861 2390 1291 2390 858 2390 858 2391 1291 2391 1292 2391 858 2392 1292 2392 856 2392 856 2393 1292 2393 855 2393 855 2394 1292 2394 1293 2394 855 2395 1293 2395 853 2395 853 2396 1293 2396 1294 2396 853 2397 1294 2397 850 2397 850 2398 1294 2398 1295 2398 850 2399 1295 2399 848 2399 537 2400 536 2400 1279 2400 1279 2401 536 2401 535 2401 1279 2402 535 2402 1296 2402 1296 2403 535 2403 538 2403 1296 2404 538 2404 1297 2404 1297 2405 538 2405 540 2405 1297 2406 540 2406 1298 2406 1298 2407 540 2407 542 2407 1298 2408 542 2408 1299 2408 1299 2409 542 2409 543 2409 1299 2410 543 2410 1300 2410 1300 2411 543 2411 545 2411 1300 2412 545 2412 1301 2412 1301 2413 545 2413 551 2413 1301 2414 551 2414 1302 2414 1302 2415 551 2415 549 2415 1302 2416 549 2416 1303 2416 1303 2417 549 2417 547 2417 1303 2418 547 2418 1304 2418 1304 2419 547 2419 546 2419 1304 2420 546 2420 1305 2420 1305 2421 546 2421 595 2421 1305 2422 595 2422 1306 2422 1306 2423 595 2423 555 2423 1306 2424 555 2424 1307 2424 1307 2425 555 2425 557 2425 1307 2426 557 2426 1308 2426 1308 2427 557 2427 531 2427 1308 2428 531 2428 1309 2428 1309 2429 531 2429 530 2429 1309 2430 530 2430 1310 2430 1310 2431 530 2431 558 2431 1310 2432 558 2432 1311 2432 1311 2433 558 2433 559 2433 1311 2434 559 2434 1312 2434 1312 2435 559 2435 653 2435 1312 2436 653 2436 1313 2436 1313 2437 653 2437 626 2437 1313 2438 626 2438 1275 2438 1275 2439 626 2439 527 2439 1275 2440 527 2440 529 2440 1274 2441 1314 2441 1272 2441 1272 2442 1314 2442 1315 2442 1272 2443 1315 2443 1275 2443 1275 2444 1315 2444 1316 2444 1275 2445 1316 2445 1313 2445 1313 2446 1316 2446 1317 2446 1313 2447 1317 2447 1312 2447 1312 2448 1317 2448 1318 2448 1312 2449 1318 2449 1311 2449 1311 2450 1318 2450 1319 2450 1311 2451 1319 2451 1310 2451 1310 2452 1319 2452 1320 2452 1310 2453 1320 2453 1309 2453 1309 2454 1320 2454 1321 2454 1309 2455 1321 2455 1308 2455 1308 2456 1321 2456 1295 2456 1308 2457 1295 2457 1307 2457 1307 2458 1295 2458 1294 2458 1307 2459 1294 2459 1306 2459 1306 2460 1294 2460 1293 2460 1306 2461 1293 2461 1305 2461 1305 2462 1293 2462 1292 2462 1305 2463 1292 2463 1304 2463 1304 2464 1292 2464 1291 2464 1304 2465 1291 2465 1303 2465 1303 2466 1291 2466 1290 2466 1303 2467 1290 2467 1302 2467 1302 2468 1290 2468 1280 2468 1302 2469 1280 2469 1301 2469 1301 2470 1280 2470 1281 2470 1301 2471 1281 2471 1300 2471 1300 2472 1281 2472 1282 2472 1300 2473 1282 2473 1299 2473 1299 2474 1282 2474 1283 2474 1299 2475 1283 2475 1298 2475 1298 2476 1283 2476 1284 2476 1298 2477 1284 2477 1297 2477 1297 2478 1284 2478 1285 2478 1297 2479 1285 2479 1296 2479 1296 2480 1285 2480 1286 2480 1296 2481 1286 2481 1279 2481 1279 2482 1286 2482 1287 2482 1279 2483 1287 2483 1278 2483 1278 2484 1287 2484 1288 2484 1278 2485 1288 2485 1277 2485 1277 2486 1288 2486 1289 2486 1277 2487 1289 2487 1276 2487 848 2488 1295 2488 846 2488 846 2489 1295 2489 1321 2489 846 2490 1321 2490 844 2490 844 2491 1321 2491 1320 2491 844 2492 1320 2492 843 2492 843 2493 1320 2493 1319 2493 843 2494 1319 2494 841 2494 841 2495 1319 2495 1318 2495 841 2496 1318 2496 839 2496 839 2497 1318 2497 1317 2497 839 2498 1317 2498 837 2498 837 2499 1317 2499 1316 2499 837 2500 1316 2500 829 2500 829 2501 1316 2501 1315 2501 829 2502 1315 2502 830 2502 830 2503 1315 2503 1314 2503 830 2504 1314 2504 833 2504 833 2505 1314 2505 1274 2505 833 2506 1274 2506 1271 2506 1217 2507 223 2507 1165 2507 1165 2508 223 2508 221 2508 1165 2509 221 2509 1166 2509 1166 2510 221 2510 220 2510 796 2511 795 2511 1053 2511 197 2512 953 2512 318 2512 318 2513 953 2513 895 2513 318 2514 895 2514 220 2514 220 2515 895 2515 1168 2515 220 2516 1168 2516 1166 2516 1169 2517 322 2517 1217 2517 1217 2518 322 2518 225 2518 1217 2519 225 2519 223 2519 132 2520 795 2520 20 2520 20 2521 795 2521 21 2521 193 2522 968 2522 196 2522 196 2523 968 2523 197 2523 382 2524 408 2524 26 2524 26 2525 657 2525 24 2525 24 2526 657 2526 1113 2526 24 2527 1113 2527 28 2527 28 2528 1113 2528 1111 2528 28 2529 1111 2529 138 2529 138 2530 1111 2530 1110 2530 138 2531 1110 2531 17 2531 17 2532 1110 2532 1160 2532 17 2533 1160 2533 18 2533 1053 2534 795 2534 1055 2534 1160 2535 1114 2535 18 2535 18 2536 1114 2536 791 2536 18 2537 791 2537 132 2537 132 2538 791 2538 790 2538 132 2539 790 2539 795 2539 795 2540 790 2540 721 2540 795 2541 721 2541 1055 2541 997 2542 1002 2542 197 2542 1052 2543 1058 2543 1057 2543 1002 2544 1003 2544 197 2544 197 2545 1003 2545 954 2545 197 2546 954 2546 953 2546 1052 2547 1057 2547 1053 2547 1053 2548 1057 2548 1059 2548 1053 2549 1059 2549 796 2549 1169 2550 836 2550 322 2550 322 2551 836 2551 649 2551 322 2552 649 2552 566 2552 998 2553 997 2553 1000 2553 1000 2554 997 2554 197 2554 1000 2555 197 2555 967 2555 967 2556 197 2556 968 2556 1268 2557 1221 2557 1220 2557 1220 2558 1221 2558 658 2558 1220 2559 658 2559 510 2559 510 2560 658 2560 657 2560 510 2561 657 2561 457 2561 457 2562 657 2562 26 2562 457 2563 26 2563 407 2563 407 2564 26 2564 408 2564 1274 2565 1273 2565 1271 2565 1271 2566 1273 2566 649 2566 1271 2567 649 2567 835 2567 835 2568 649 2568 836 2568 34 2569 380 2569 35 2569 35 2570 380 2570 382 2570 35 2571 382 2571 27 2571 27 2572 382 2572 26 2572 566 2573 564 2573 322 2573 322 2574 564 2574 563 2574 322 2562 563 2562 201 2562 201 2575 563 2575 651 2575 201 2576 651 2576 199 2576 199 2577 651 2577 569 2577 199 2578 569 2578 218 2578 218 2579 569 2579 634 2579 218 2580 634 2580 216 2580 634 2581 648 2581 216 2581 216 2582 648 2582 624 2582 216 2583 624 2583 215 2583 215 2584 624 2584 526 2584 175 2585 398 2585 174 2585 174 2586 398 2586 397 2586 174 2587 397 2587 401 2587 401 2588 400 2588 174 2588 174 2589 400 2589 399 2589 174 2590 399 2590 33 2590 33 2591 399 2591 489 2591 33 2592 489 2592 34 2592 34 2593 489 2593 488 2593 34 2594 488 2594 380 2594 526 2595 524 2595 215 2595 215 2596 524 2596 523 2596 215 2597 523 2597 214 2597 214 2598 523 2598 570 2598 214 2599 570 2599 210 2599 178 2600 390 2600 177 2600 177 2601 390 2601 392 2601 177 2602 392 2602 176 2602 176 2603 392 2603 394 2603 176 2604 394 2604 175 2604 175 2605 394 2605 393 2605 175 2606 393 2606 398 2606 570 2607 572 2607 210 2607 210 2608 572 2608 574 2608 210 2609 574 2609 211 2609 211 2610 574 2610 576 2610 211 2611 576 2611 209 2611 209 2612 576 2612 578 2612 209 2613 578 2613 207 2613 578 2614 579 2614 207 2614 207 2615 579 2615 581 2615 207 2616 581 2616 205 2616 205 2617 581 2617 583 2617 205 2618 583 2618 203 2618 203 2619 583 2619 585 2619 203 2580 585 2580 37 2580 37 2620 585 2620 386 2620 37 2621 386 2621 38 2621 38 2622 386 2622 385 2622 38 2623 385 2623 178 2623 178 2624 385 2624 383 2624 178 2625 383 2625 390 2625 406 2626 1470 2626 1469 2626 1461 2627 1112 2627 1159 2627 177 2628 1455 2628 178 2628 38 2629 1464 2629 1453 2629 1452 2630 583 2630 581 2630 1467 2631 213 2631 214 2631 213 2632 1451 2632 1450 2632 1449 2633 207 2633 205 2633 139 2634 1448 2634 29 2634 574 2635 1447 2635 1457 2635 525 2636 1459 2636 623 2636 491 2637 1443 2637 492 2637 381 2638 1441 2638 1440 2638 1440 2639 382 2639 381 2639 492 2640 1439 2640 367 2640 365 2641 366 2641 1439 2641 1220 2642 1444 2642 1437 2642 493 2643 1438 2643 1437 2643 177 2644 1432 2644 1454 2644 176 2645 1432 2645 177 2645 22 2646 1430 2646 23 2646 581 2647 1425 2647 1452 2647 213 2648 1450 2648 1424 2648 205 2649 1423 2649 1449 2649 493 2650 1422 2650 1438 2650 458 2651 1427 2651 459 2651 404 2652 1470 2652 406 2652 797 2653 1420 2653 1436 2653 1052 2654 1435 2654 1419 2654 1419 2655 1058 2655 1052 2655 525 2656 1418 2656 1445 2656 572 2657 1447 2657 574 2657 214 2658 1416 2658 1467 2658 176 2659 1415 2659 1431 2659 175 2660 1415 2660 176 2660 38 2661 1453 2661 1413 2661 36 2662 1412 2662 1413 2662 202 2663 1412 2663 36 2663 21 2664 1411 2664 20 2664 1267 2665 1434 2665 1410 2665 1268 2666 1422 2666 1410 2666 659 2667 1434 2667 1267 2667 723 2668 1435 2668 1408 2668 579 2669 1425 2669 581 2669 1458 2670 405 2670 382 2670 1403 2671 216 2671 215 2671 187 2672 1424 2672 188 2672 215 2673 1402 2673 1403 2673 1401 2674 205 2674 203 2674 30 2675 1400 2675 149 2675 149 2676 1399 2676 140 2676 723 2677 1408 2677 1397 2677 572 2678 1396 2678 1417 2678 523 2679 1418 2679 1395 2679 523 2680 1446 2680 570 2680 1407 2681 175 2681 174 2681 175 2682 1393 2682 1414 2682 19 2683 1399 2683 139 2683 140 2684 1391 2684 136 2684 131 2685 1407 2685 174 2685 403 2686 1389 2686 1405 2686 1427 2687 403 2687 459 2687 402 2688 1441 2688 381 2688 402 2689 1387 2689 1388 2689 1433 2690 203 2690 37 2690 203 2691 1386 2691 1401 2691 490 2692 1387 2692 1385 2692 1426 2693 386 2693 585 2693 387 2694 1384 2694 388 2694 383 2695 1382 2695 1381 2695 659 2696 1380 2696 1409 2696 210 2697 1394 2697 1379 2697 210 2698 1416 2698 214 2698 115 2699 1378 2699 130 2699 570 2700 1446 2700 1377 2700 570 2701 1396 2701 572 2701 25 2702 1398 2702 27 2702 25 2703 1371 2703 1372 2703 1055 2704 1370 2704 1397 2704 721 2705 1369 2705 1370 2705 660 2706 1428 2706 1368 2706 658 2707 1367 2707 657 2707 657 2708 1367 2708 1368 2708 579 2709 1366 2709 1406 2709 578 2710 1366 2710 579 2710 385 2711 1383 2711 1364 2711 370 2712 1364 2712 387 2712 212 2713 1394 2713 1363 2713 1378 2714 129 2714 130 2714 33 2715 1362 2715 131 2715 651 2716 1375 2716 652 2716 569 2717 652 2717 1360 2717 633 2718 1359 2718 1358 2718 402 2719 1357 2719 1385 2719 393 2720 1376 2720 1356 2720 393 2721 1356 2721 366 2721 721 2722 713 2722 1369 2722 792 2723 713 2723 1463 2723 19 2724 133 2724 1391 2724 22 2725 133 2725 1411 2725 29 2726 1355 2726 24 2726 1355 2727 25 2727 24 2727 797 2728 1354 2728 1056 2728 568 2729 1358 2729 634 2729 1058 2730 1456 2730 1352 2730 1056 2731 1351 2731 1352 2731 1056 2732 1354 2732 1351 2732 390 2733 1350 2733 1468 2733 218 2734 1348 2734 1373 2734 217 2735 1404 2735 187 2735 576 2736 1365 2736 578 2736 209 2737 1346 2737 1363 2737 1159 2738 1345 2738 1374 2738 1112 2739 1428 2739 660 2739 456 2740 1444 2740 510 2740 395 2741 1376 2741 1341 2741 395 2742 1342 2742 396 2742 585 2743 1340 2743 1426 2743 651 2744 563 2744 1375 2744 178 2745 1455 2745 1339 2745 178 2746 1464 2746 38 2746 790 2747 1338 2747 1463 2747 792 2748 1338 2748 1345 2748 623 2749 1459 2749 1337 2749 647 2750 1337 2750 1349 2750 574 2751 1336 2751 576 2751 576 2752 1336 2752 1347 2752 490 2753 1357 2753 1335 2753 383 2754 1381 2754 1334 2754 1334 2755 390 2755 383 2755 207 2756 1462 2756 1333 2756 1333 2757 209 2757 207 2757 27 2758 1398 2758 32 2758 33 2759 32 2759 1361 2759 1159 2760 1374 2760 1332 2760 1160 2761 1461 2761 1332 2761 1111 2762 1465 2762 1110 2762 1112 2763 1331 2763 1344 2763 1330 2764 797 2764 23 2764 23 2765 1430 2765 1329 2765 796 2766 1329 2766 795 2766 217 2767 199 2767 1373 2767 633 2768 1328 2768 1359 2768 647 2769 1349 2769 1328 2769 583 2770 1466 2770 1327 2770 1327 2771 585 2771 583 2771 569 2772 1360 2772 1326 2772 567 2773 1325 2773 1326 2773 633 2774 1325 2774 567 2774 455 2775 1324 2775 1469 2775 493 2776 1324 2776 455 2776 490 2777 1323 2777 491 2777 491 2778 1323 2778 1442 2778 1468 2779 392 2779 390 2779 396 2780 1322 2780 391 2780 30 2781 31 2781 1372 2781 1412 2782 37 2782 38 2782 115 2783 116 2783 1414 2783 116 2784 117 2784 1431 2784 117 2785 118 2785 1454 2785 118 2786 119 2786 1339 2786 119 2787 120 2787 1453 2787 120 2788 36 2788 1413 2788 1423 2789 204 2789 206 2789 1462 2790 206 2790 208 2790 211 2791 209 2791 1363 2791 1346 2792 208 2792 212 2792 1386 2793 202 2793 204 2793 1416 2794 212 2794 307 2794 307 2795 306 2795 1450 2795 1450 2796 306 2796 188 2796 1381 2797 370 2797 384 2797 1350 2798 384 2798 391 2798 394 2799 392 2799 1341 2799 404 2800 405 2800 1405 2800 456 2801 406 2801 1469 2801 489 2802 399 2802 1335 2802 1323 2803 399 2803 365 2803 1387 2804 469 2804 468 2804 1441 2805 468 2805 403 2805 458 2806 455 2806 1469 2806 524 2807 526 2807 1445 2807 1325 2808 568 2808 569 2808 525 2809 571 2809 1377 2809 571 2810 573 2810 1417 2810 573 2811 575 2811 1457 2811 575 2812 577 2812 1347 2812 577 2813 580 2813 1406 2813 580 2814 582 2814 1452 2814 582 2815 584 2815 1327 2815 584 2816 388 2816 1426 2816 1459 2817 526 2817 624 2817 1359 2818 648 2818 634 2818 650 2819 567 2819 1326 2819 1349 2820 624 2820 648 2820 1367 2821 659 2821 660 2821 722 2822 723 2822 1370 2822 1430 2823 21 2823 795 2823 1351 2824 1057 2824 1058 2824 1420 2825 796 2825 1059 2825 1354 2826 1059 2826 1057 2826 1054 2827 1056 2827 1352 2827 1053 2828 1055 2828 1397 2828 1331 2829 1111 2829 1113 2829 791 2830 1114 2830 1345 2830 1114 2831 1160 2831 1332 2831 1428 2832 1113 2832 657 2832 1380 2833 658 2833 1221 2833 1434 2834 1221 2834 1268 2834 1269 2835 1267 2835 1410 2835 1268 2836 1220 2836 1437 2836 1461 2837 1465 2837 1112 2837 177 2838 1454 2838 1455 2838 1452 2839 1466 2839 583 2839 1467 2840 1451 2840 213 2840 1449 2841 1462 2841 207 2841 139 2842 1460 2842 1448 2842 525 2843 1445 2843 1459 2843 491 2844 1442 2844 1443 2844 1440 2845 1458 2845 382 2845 492 2846 1443 2846 1439 2846 1220 2847 510 2847 1444 2847 176 2848 1431 2848 1432 2848 22 2849 1429 2849 1430 2849 493 2850 1269 2850 1422 2850 458 2851 1421 2851 1427 2851 404 2852 1421 2852 1470 2852 1052 2853 1053 2853 1435 2853 1419 2854 1456 2854 1058 2854 572 2855 1417 2855 1447 2855 175 2856 1414 2856 1415 2856 202 2857 1433 2857 1412 2857 21 2858 1429 2858 1411 2858 659 2859 1409 2859 1434 2859 723 2860 1054 2860 1435 2860 579 2861 1406 2861 1425 2861 1458 2862 1405 2862 405 2862 1403 2863 1404 2863 216 2863 187 2864 1402 2864 1424 2864 215 2865 213 2865 1402 2865 1401 2866 1423 2866 205 2866 30 2867 1460 2867 1400 2867 149 2868 1400 2868 1399 2868 523 2869 524 2869 1418 2869 523 2870 1395 2870 1446 2870 1407 2871 1393 2871 175 2871 19 2872 1392 2872 1399 2872 140 2873 1392 2873 1391 2873 131 2874 1390 2874 1407 2874 1427 2875 1389 2875 403 2875 402 2876 1388 2876 1441 2876 1433 2877 1386 2877 203 2877 490 2878 469 2878 1387 2878 1426 2879 1384 2879 386 2879 387 2880 1383 2880 1384 2880 383 2881 385 2881 1382 2881 210 2882 211 2882 1394 2882 210 2883 1379 2883 1416 2883 115 2884 1390 2884 1378 2884 570 2885 1377 2885 1396 2885 25 2886 1372 2886 1398 2886 1055 2887 721 2887 1370 2887 658 2888 1380 2888 1367 2888 578 2889 1365 2889 1366 2889 385 2890 386 2890 1383 2890 370 2891 1382 2891 1364 2891 1378 2892 1362 2892 129 2892 33 2893 1361 2893 1362 2893 402 2894 489 2894 1357 2894 393 2895 394 2895 1376 2895 29 2896 1448 2896 1355 2896 1355 2897 1371 2897 25 2897 797 2898 1436 2898 1354 2898 568 2899 1353 2899 1358 2899 218 2900 216 2900 1348 2900 217 2901 1348 2901 1404 2901 576 2902 1347 2902 1365 2902 1159 2903 792 2903 1345 2903 1112 2904 1344 2904 1428 2904 456 2905 1343 2905 1444 2905 395 2906 1341 2906 1342 2906 178 2907 1339 2907 1464 2907 790 2908 791 2908 1338 2908 647 2909 623 2909 1337 2909 574 2910 1457 2910 1336 2910 1334 2911 1350 2911 390 2911 1333 2912 1346 2912 209 2912 1160 2913 1110 2913 1461 2913 1111 2914 1331 2914 1465 2914 1330 2915 1420 2915 797 2915 796 2916 1330 2916 1329 2916 633 2917 647 2917 1328 2917 1327 2918 1340 2918 585 2918 633 2919 1353 2919 1325 2919 493 2920 1343 2920 1324 2920 490 2921 1335 2921 1323 2921 1468 2922 1322 2922 392 2922 396 2923 1342 2923 1322 2923</p>
        </triangles>
      </mesh>
    </geometry>
    <geometry id="MRH-F-Distal-Visual_00-mesh" name="MRH-F-Distal-Visual,00">
      <mesh>
        <source id="MRH-F-Distal-Visual_00-mesh-positions">
          <float_array id="MRH-F-Distal-Visual_00-mesh-positions-array" count="5373">0.007019817 -0.006897807 0.008119285 0.00718522 -0.006712377 0.007897138 0.00723344 -0.006927192 0.008255481 0.007399976 -0.006741583 0.008034288 0.006861746 -0.006975769 0.007934868 0.006800472 -0.007140815 0.007750213 0.006966948 -0.006954967 0.007529258 0.00702697 -0.006791651 0.007711529 0.007028341 -0.006790101 0.007713854 0.006633937 -0.007326602 0.007971167 0.006695151 -0.007161438 0.008155822 0.006853222 -0.007083356 0.008340358 0.007066965 -0.007112741 0.008476614 0.007613539 -0.006712198 0.007898151 0.007545769 -0.006663084 0.007838428 0.007489562 -0.00665915 0.007553696 0.007653176 -0.006706058 0.007609546 0.007149994 -0.006830811 0.00739485 0.007296085 -0.006792724 0.007353663 0.00731039 -0.00665915 0.007553696 0.007399976 -0.006785333 0.007345616 0.007503867 -0.006792724 0.007353663 0.007649958 -0.006830811 0.00739485 0.007693767 -0.006850063 0.007415711 0.007833003 -0.006954967 0.007529258 0.007106184 -0.006850063 0.007415711 0.007146775 -0.006706058 0.007609546 0.007254183 -0.006663084 0.007838428 0.007348418 -0.006636142 0.007806301 0.007451534 -0.006636142 0.007806301 0.007772982 -0.006791651 0.007711529 0.007771611 -0.006790101 0.007713854 0.007999479 -0.007140815 0.007750213 0.008166015 -0.007326602 0.007971167 0.007938206 -0.006975769 0.007934868 0.008104801 -0.007161438 0.008155822 0.007780134 -0.006897807 0.008119285 0.007946729 -0.007083356 0.008340358 0.007566452 -0.006927192 0.008255481 0.007732987 -0.007112741 0.008476614 0.008177995 -0.00726366 0.008274257 0.008195579 -0.007299005 0.008315145 0.008019804 -0.00719279 0.008469343 0.008243501 -0.007438004 0.008097946 0.00777173 -0.007167041 0.008541345 0.008005619 -0.007164657 0.008436203 0.008261978 -0.007476449 0.008141696 0.007780969 -0.007185757 0.008563637 0.007799983 -0.007273614 0.008668363 0.008049964 -0.007324934 0.008625268 0.00823301 -0.007465124 0.008507668 0.008299946 -0.007656633 0.008346974 0.006584405 -0.00735259 0.008377254 0.006597042 -0.007316291 0.008335173 0.006774246 -0.007206499 0.008485615 0.006646394 -0.00738579 0.008574187 0.006566941 -0.007465124 0.008507668 0.006499946 -0.007656633 0.008346974 0.006517231 -0.007534623 0.008207976 0.007008612 -0.007214128 0.008597493 0.006999969 -0.007273614 0.008668363 0.006764054 -0.007235407 0.008519649 0.006749987 -0.007324934 0.008625268 0.006530344 -0.007495224 0.008163094 0.007015168 -0.007194936 0.008574545 -0.003999948 -1.88666e-4 0.01287895 -0.003999948 -4.44475e-4 0.01259493 -0.003999948 -8.0703e-4 0.01247388 -0.003999948 -5.51543e-4 0.01416242 -0.003999948 -5.83379e-4 0.01408642 -0.003999948 -0.00124669 0.01315546 -0.003999948 -5.81895e-4 0.01400405 -0.003999948 -5.47344e-4 0.0139293 -0.003999948 -4.85586e-4 0.01387476 -0.003999948 -0.001372933 0.01290208 -0.003999948 -2.18076e-4 0.01361763 -0.003999948 -1.06046e-4 0.01325219 -0.003999948 -0.001601994 0.01252293 -0.003999948 -0.001603543 0.01239669 -0.003999948 -0.001898705 0.01231086 0.007799983 -0.007905185 0.00942105 0.006999969 -0.007905185 0.00942105 0.003999948 -0.001372933 0.01290208 0.003999948 -0.00124669 0.01315546 0.004997372 -1.07138e-4 0.01317209 0.004999995 -1.39404e-4 0.01299923 0.004999995 9.29602e-4 0.0145477 0.003999948 1.06664e-4 0.01511579 0.003999948 -6.94783e-4 0.01395493 0.004382669 1.69307e-4 0.01507258 0.004258692 -6.59396e-4 0.01394623 0.004499971 2.16917e-4 0.01503968 0.004499971 -5.61413e-4 0.01391226 0.004707098 3.47697e-4 0.01494944 0.004750847 -3.84767e-4 0.01380622 0.004866003 5.18133e-4 0.01483172 0.004866003 -2.69643e-4 0.01369065 0.00492388 6.14677e-4 0.01476508 0.004946887 -1.68405e-4 0.0135231 0.004983186 -1.16904e-4 0.01335287 0.006966948 -0.007880687 0.006554126 0.006633937 -0.008559584 0.006629645 0.006633937 -0.00791043 0.007392108 0.006633937 -0.010378 0.003084778 0.006966948 -0.00982511 0.002920448 0.006966948 -0.009792327 0.003028571 0.006633937 -0.01004862 0.004030406 0.006966948 -0.009311676 0.004284262 0.006633937 -0.009633243 0.004941582 0.006966948 -0.009120047 0.004678308 0.006633937 -0.009135484 0.005810499 0.006966948 -0.008670747 0.005466222 0.006966948 -0.008103549 0.006276488 0.006966948 -0.01010447 0.001720786 0.006633937 -0.01061862 0.002112746 0.006966948 -0.01019471 0.00106281 0.006633937 -0.01076841 0.001122653 0.006966948 -0.01024281 3.83387e-4 0.006633937 -0.01082605 1.22963e-4 0.006966948 -0.01021623 -8.31033e-4 0.006633937 -0.01079112 -8.77798e-4 0.006966948 -0.01020485 -9.60622e-4 0.006966948 -0.009991347 -0.002288043 0.006633937 -0.01066386 -0.001871049 0.006633937 -0.01044541 -0.002848267 0.006633937 -0.00870794 -0.006433546 0.006966948 -0.008348584 -0.005946695 0.006633937 -0.009265124 -0.005601465 0.006966948 -0.009055137 -0.004802763 0.006633937 -0.009742975 -0.004721522 0.006966948 -0.009223937 -0.00446999 0.006633937 -0.01013755 -0.003801167 0.006966948 -0.009605884 -0.003576159 0.006966948 -0.009888887 -0.002696514 0.006633937 -0.005791306 -0.009147644 0.006966948 -0.005482792 -0.008660316 0.006633937 -0.006611704 -0.008573412 0.006966948 -0.006519138 -0.007909655 0.006633937 -0.007375538 -0.007925927 0.006966948 -0.006982624 -0.007503628 0.006633937 -0.00807631 -0.007210552 0.006966948 -0.007498383 -0.006988286 0.006966948 -0.008244037 -0.006090819 0.006633937 -1.00282e-4 -0.01082628 0.006966948 -3.37964e-4 -0.01024442 0.006633937 -0.001100063 -0.01077073 0.006966948 -0.001675963 -0.01011204 0.006633937 -0.002090513 -0.01062303 0.006966948 -0.001979112 -0.01005709 0.006633937 -0.003063023 -0.01038444 0.006966948 -0.002985119 -0.009805679 0.006633937 -0.004009366 -0.01005703 0.006966948 -0.003795742 -0.009521245 0.006633937 -0.004921376 -0.009643554 0.006966948 -0.004242956 -0.00933057 0.006966948 -0.005427718 -0.008694887 0.006633937 0.003822386 -0.01012957 0.006966948 0.003618717 -0.00958991 0.006633937 0.002870142 -0.01043939 0.006966948 0.002332329 -0.009981095 0.006633937 0.001893341 -0.01065993 0.006966948 0.00179249 -0.01009202 0.006633937 9.00403e-4 -0.01078927 0.006966948 0.001005828 -0.0102005 0.006966948 -9.49397e-5 -0.01024955 0.007649958 0.002290725 -0.009802877 0.007649958 0.003554105 -0.009418666 0.007833003 0.003618717 -0.00958991 0.007833003 -0.003795742 -0.009521245 0.007833003 -0.004242956 -0.00933057 0.007649958 -0.004167199 -0.009163975 0.007833003 -0.008244037 -0.006090819 0.007833003 -0.008348584 -0.005946695 0.007649958 -0.008199512 -0.00584048 0.007833003 -0.009888887 -0.002696514 0.007833003 -0.009991347 -0.002288043 0.007649958 -0.009812951 -0.002247214 0.007833003 -0.01019471 0.00106281 0.007833003 -0.01010447 0.001720786 0.007649958 -0.009924054 0.00169003 0.007149994 -0.009145379 0.004207789 0.007149994 -0.009617507 0.00297451 0.007399976 -0.009553492 0.002954721 0.007149994 -3.3193e-4 -0.0100615 0.007149994 -0.001646041 -0.009931445 0.007149994 -0.002931833 -0.00963056 0.007149994 -0.005330801 -0.008539676 0.007149994 -0.007364451 -0.006863534 0.007149994 -0.00889343 -0.004716992 0.007149994 -0.009434342 -0.003512322 0.007149994 -0.01002264 -9.4347e-4 0.007149994 -0.007739961 0.006437122 0.007149994 -0.009924054 0.00169003 0.007149994 -0.01005989 3.76541e-4 0.007149994 -0.009812951 -0.002247214 0.007149994 -0.008199512 -0.00584048 0.007149994 -0.00640273 -0.007768452 0.007149994 -0.004167199 -0.009163975 0.007149994 0.003554105 -0.009418666 0.007149994 0.002290725 -0.009802877 0.007399976 -0.007688462 0.006394267 0.007399976 -0.009858012 0.001678824 0.007399976 9.81329e-4 -0.00995171 0.007399976 -3.29721e-4 -0.009994506 0.007149994 9.87903e-4 -0.01001834 0.007399976 0.002275466 -0.00973761 0.007649958 -0.008515954 0.005368649 0.007649958 -0.007739961 0.006437122 0.007649958 -0.009145379 0.004207789 0.007399976 -0.00845927 0.005332887 0.007149994 -0.008515954 0.005368649 0.007399976 -0.009084522 0.004179775 0.007649958 -0.009617507 0.00297451 0.007833003 -0.009792327 0.003028571 0.007833003 -0.00982511 0.002920448 0.007649958 -3.3193e-4 -0.0100615 0.007649958 9.87903e-4 -0.01001834 0.007296025 0.003534317 -0.009366214 0.007399976 0.003530502 -0.009356021 0.007503926 0.003534317 -0.009366214 0.007833003 -0.007880687 0.006554126 0.007833003 -0.009311676 0.004284262 0.007833003 -0.009120047 0.004678308 0.007833003 -0.008670747 0.005466222 0.007833003 -0.008103549 0.006276488 0.007399976 -0.009992957 3.74036e-4 0.007649958 -0.01005989 3.76541e-4 0.007833003 -0.01024281 3.83387e-4 0.007649958 -0.01002264 -9.4347e-4 0.007833003 -0.01020485 -9.60622e-4 0.007833003 -0.01021623 -8.31033e-4 0.007399976 -0.009955942 -9.37192e-4 0.007399976 -0.009747624 -0.002232253 0.007399976 -0.009371578 -0.003488957 0.007649958 -0.009434342 -0.003512322 0.007833003 -0.009605884 -0.003576159 0.007649958 -0.00889343 -0.004716992 0.007833003 -0.009055137 -0.004802763 0.007833003 -0.009223937 -0.00446999 0.007399976 -0.008834242 -0.00468558 0.007399976 -0.008144974 -0.005801618 0.007399976 -0.007315456 -0.006817817 0.007649958 -0.007364451 -0.006863534 0.007833003 -0.007498383 -0.006988286 0.007649958 -0.00640273 -0.007768452 0.007833003 -0.006519138 -0.007909655 0.007833003 -0.006982624 -0.007503628 0.007399976 -0.006360113 -0.007716715 0.007649958 -0.005330801 -0.008539676 0.007833003 -0.005427718 -0.008694887 0.007833003 -0.005482792 -0.008660316 0.007399976 -0.005295336 -0.008482813 0.007399976 -0.004139423 -0.009103 0.007399976 -0.002912282 -0.009566485 0.007649958 -0.002931833 -0.00963056 0.007833003 -0.002985119 -0.009805679 0.007649958 -0.001646041 -0.009931445 0.007833003 -0.001675963 -0.01011204 0.007833003 -0.001979112 -0.01005709 0.007399976 -0.001635074 -0.009865403 0.007833003 -3.37964e-4 -0.01024442 0.007833003 0.002332329 -0.009981095 0.007833003 0.00179249 -0.01009202 0.007833003 0.001005828 -0.0102005 0.007833003 -9.49397e-5 -0.01024955 0.008166015 -0.00791043 0.007392108 0.008166015 -0.008559584 0.006629645 0.008166015 0.003822386 -0.01012957 0.008166015 0.002870142 -0.01043939 0.008166015 0.001893341 -0.01065993 0.008166015 9.00403e-4 -0.01078927 0.008166015 -1.00282e-4 -0.01082628 0.008166015 -0.002090513 -0.01062303 0.008166015 -0.001100063 -0.01077073 0.008166015 -0.003063023 -0.01038444 0.008166015 -0.004009366 -0.01005703 0.008166015 -0.004921376 -0.009643554 0.008166015 -0.005791306 -0.009147644 0.008166015 -0.006611704 -0.008573412 0.008166015 -0.007375538 -0.007925927 0.008166015 -0.00807631 -0.007210552 0.008166015 -0.00870794 -0.006433546 0.008166015 -0.009265124 -0.005601465 0.008166015 -0.009742975 -0.004721522 0.008166015 -0.01079112 -8.77798e-4 0.008166015 -0.01066386 -0.001871049 0.008166015 -0.01044541 -0.002848267 0.008166015 -0.01013755 -0.003801167 0.008166015 -0.01082605 1.22963e-4 0.008166015 -0.01076841 0.001122653 0.008166015 -0.01061862 0.002112746 0.008166015 -0.010378 0.003084778 0.008166015 -0.009633243 0.004941582 0.008166015 -0.01004862 0.004030406 0.008166015 -0.009135484 0.005810499 0.008265912 -0.008086621 0.007556796 0.008265912 -0.008750259 0.006777346 0.008265912 -0.009338974 0.0059399 0.008265912 -0.009847819 0.005051672 0.008265912 -0.01027244 0.00412023 0.008265912 -0.0106092 0.003153502 0.008265912 -0.01085513 0.002159833 0.008265912 -0.01100826 0.001147627 0.008265912 -0.01106721 1.25702e-4 0.008265912 -0.0110315 -8.97352e-4 0.008265912 -0.01090145 -0.001912713 0.008265912 -0.01067805 -0.002911686 0.008265912 -0.01036339 -0.003885805 0.008265912 -0.009960055 -0.004826664 0.008265912 -0.009471476 -0.005726277 0.008265912 -0.008901894 -0.006576836 0.008265912 -0.008256196 -0.007371187 0.008265912 -0.007539868 -0.008102476 0.008265912 -0.006758987 -0.008764445 0.008265912 -0.00592035 -0.009351432 0.008265912 -0.005031049 -0.009858369 0.008265912 -0.004098653 -0.01028108 0.008265912 -0.00313127 -0.01061576 0.008265912 -0.002137064 -0.01085966 0.008265912 -0.00112456 -0.01101064 0.008265912 -1.02516e-4 -0.01106745 0.008265912 9.20461e-4 -0.0110296 0.008265912 0.001935541 -0.01089739 0.008265912 0.002934098 -0.01067197 0.008265912 0.003907501 -0.01035523 0.008299946 -0.008275747 0.007733523 0.008299946 -0.008954882 0.006935834 0.008299946 -0.009557366 0.006078839 0.008299946 -0.01007813 0.005169808 0.008299946 -0.01051265 0.004216551 0.008299946 -0.01085728 0.003227233 0.008299946 -0.01110899 0.002210319 0.008299946 -0.01126569 0.001174509 0.008299946 -0.01132601 1.28642e-4 0.008299946 -0.01128947 -9.18336e-4 0.008299946 -0.01115632 -0.001957416 0.008299946 -0.01092779 -0.002979815 0.008299946 -0.01060575 -0.003976702 0.008299946 -0.01019293 -0.004939556 0.008299946 -0.009692966 -0.005860149 0.008299946 -0.009110093 -0.006730675 0.008299946 -0.008449256 -0.007543563 0.008299946 -0.007716178 -0.008291959 0.008299946 -0.006917059 -0.008969366 0.008299946 -0.006058752 -0.009570062 0.008299946 -0.005148649 -0.01008892 0.008299946 -0.004194498 -0.01052147 0.008299946 -0.003204464 -0.01086401 0.008299946 -0.002187013 -0.01111364 0.008299946 -0.001150906 -0.01126813 0.008299946 -1.04913e-4 -0.01132631 0.008299946 9.41985e-4 -0.01128751 0.008299946 0.001980781 -0.0111522 0.008299946 0.003002703 -0.01092153 0.008299946 0.003998875 -0.01059734 0.008282184 -0.008185446 0.00918281 0.00823301 -0.008097171 0.009260892 0.008094072 -0.007979393 0.00936073 0.008049964 -0.007957279 0.00937891 0.00794363 -0.007921636 0.009407877 0.007965445 -0.007927179 0.009403407 0.00822395 -0.008085787 0.009270787 0.008211314 -0.008071243 0.009283304 0.008112311 -0.007990121 0.009351849 0.008287727 -0.008201956 0.00916785 0.008299946 -0.008282721 0.009093165 0.00846529 -0.008838057 0.008762776 0.008499979 -0.008841097 0.008762896 0.008499979 -0.008825778 0.008830368 0.008470535 -0.008821606 0.008834481 0.00844407 -0.00883311 0.008762538 0.008399486 -0.008811712 0.008782625 0.008386671 -0.00880593 0.008761167 0.008399963 -0.008814334 0.008761584 0.008299946 -0.008641362 0.008753061 0.008326768 -0.008741199 0.008758008 0.008314669 -0.008694171 0.008806586 0.008329093 -0.008745133 0.008758187 0.008326768 -0.008711576 0.008824229 0.008357882 -0.008740246 0.008853256 0.008499979 -0.00878185 0.008895397 0.008399963 -0.008763015 0.008876323 0.008428871 -0.008791983 0.008863747 0.00836873 -0.008778929 0.00881505 0.00844556 -0.008809745 0.008846223 0.008499979 -0.008823931 0.008834719 0.008771061 -0.008791983 0.008863747 0.00879997 -0.008763015 0.008876323 0.008699953 -0.00878185 0.008895397 0.008754372 -0.008809745 0.008846223 0.008800446 -0.008811712 0.008782625 0.008831262 -0.008778929 0.00881505 0.008699953 -0.008841097 0.008762896 0.008755862 -0.00883311 0.008762538 0.008729398 -0.008821606 0.008834481 0.008873164 -0.008741199 0.008758008 0.008899986 -0.008641362 0.008753061 0.008885264 -0.008694171 0.008806586 0.008873164 -0.008711576 0.008824229 0.00887084 -0.008745133 0.008758187 0.00879997 -0.008814334 0.008761584 0.008813261 -0.00880593 0.008761167 0.008842051 -0.008740246 0.008853256 0.008699953 -0.008823931 0.008834719 0.008699953 -0.008825778 0.008830368 0.006499946 -0.008275747 0.007733523 0.006534039 0.003907501 -0.01035523 0.006534039 0.002934098 -0.01067197 0.006534039 0.001935541 -0.01089739 0.006534039 9.20461e-4 -0.0110296 0.006534039 -1.02516e-4 -0.01106745 0.006534039 -0.00112456 -0.01101064 0.006534039 -0.002137064 -0.01085966 0.006534039 -0.00313127 -0.01061576 0.006534039 -0.004098653 -0.01028108 0.006534039 -0.005031049 -0.009858369 0.006534039 -0.00592035 -0.009351432 0.006534039 -0.006758987 -0.008764445 0.006534039 -0.007539868 -0.008102476 0.006534039 -0.008256196 -0.007371187 0.006534039 -0.008901894 -0.006576836 0.006534039 -0.009471476 -0.005726277 0.006534039 -0.009960055 -0.004826664 0.006534039 -0.01036339 -0.003885805 0.006534039 -0.01067805 -0.002911686 0.006534039 -0.01090145 -0.001912713 0.006534039 -0.0110315 -8.97352e-4 0.006534039 -0.01106721 1.25702e-4 0.006534039 -0.01100826 0.001147627 0.006534039 -0.01085513 0.002159833 0.006534039 -0.0106092 0.003153502 0.006534039 -0.01027244 0.00412023 0.006534039 -0.009847819 0.005051672 0.006534039 -0.009338974 0.0059399 0.006534039 -0.008750259 0.006777346 0.006534039 -0.008086621 0.007556796 0.006499946 0.003998875 -0.01059734 0.006499946 0.003002703 -0.01092153 0.006499946 0.001980781 -0.0111522 0.006499946 9.41985e-4 -0.01128751 0.006499946 -1.04913e-4 -0.01132631 0.006499946 -0.001150906 -0.01126813 0.006499946 -0.002187013 -0.01111364 0.006499946 -0.003204464 -0.01086401 0.006499946 -0.004194498 -0.01052147 0.006499946 -0.005148649 -0.01008892 0.006499946 -0.006058752 -0.009570062 0.006499946 -0.006917059 -0.008969366 0.006499946 -0.007716178 -0.008291959 0.006499946 -0.008449256 -0.007543563 0.006499946 -0.009110093 -0.006730675 0.006499946 -0.009692966 -0.005860149 0.006499946 -0.01019293 -0.004939556 0.006499946 -0.01060575 -0.003976702 0.006499946 -0.01092779 -0.002979815 0.006499946 -0.01115632 -0.001957416 0.006499946 -0.01128947 -9.18336e-4 0.006499946 -0.01132601 1.28642e-4 0.006499946 -0.01126569 0.001174509 0.006499946 -0.01110899 0.002210319 0.006499946 -0.01085728 0.003227233 0.006499946 -0.01051265 0.004216551 0.006499946 -0.01007813 0.005169808 0.006499946 -0.009557366 0.006078839 0.006499946 -0.008954882 0.006935834 0.006499946 -0.008282721 0.009093165 0.006520986 -0.008176982 0.00919038 0.006528079 -0.008160769 0.009204924 0.006595373 -0.008064031 0.009289503 0.006609261 -0.008050143 0.009301364 0.006867349 -0.007919192 0.009409844 0.00673443 -0.007964491 0.009373009 0.006715357 -0.007974207 0.009365022 0.006646394 -0.008018434 0.009328186 0.006889581 -0.007914841 0.009413361 0.008681714 0.01162362 0.007390677 0.008681714 0.01162362 -0.002414345 0.00863707 0.01166474 -0.002414345 0.00863707 0.01166474 0.007390677 0.008582115 0.01169067 -0.002414345 0.008582115 0.01169067 0.007390677 -0.004799962 -0.001603543 0.01239669 -0.004799962 -0.001898705 0.01231086 0.003999948 -0.001601994 0.01252293 0.003999948 -0.00178796 0.01237142 0.003999948 -0.001972377 0.01227998 -0.004799962 -0.002411365 0.01222079 0.003999948 -0.002411365 0.01222079 -0.004799962 -0.002188503 0.0122258 -0.004799962 -0.001972377 0.01227998 -0.004186153 -5.36508e-4 0.01415342 -0.004184126 -5.68258e-4 0.01407825 -0.004176259 -5.67814e-4 0.01399707 -0.004163801 -5.35252e-4 0.01392328 -0.004227459 -5.29044e-4 0.01414883 -0.004224836 -5.60777e-4 0.01407414 -0.004482269 -4.47463e-4 0.01409494 -0.00447452 -4.80026e-4 0.01402521 -0.004499971 -4.39326e-4 0.0140891 -0.004693329 -3.51573e-4 0.01392805 -0.00421524 -5.60858e-4 0.0139935 -0.004453539 -4.86154e-4 0.013951 -0.004661679 -3.68734e-4 0.01386511 -0.004715859 -3.34423e-4 0.01391291 -0.004683077 -3.53192e-4 0.01385164 -0.004852414 -2.07618e-4 0.01377975 -0.004812896 -2.39418e-4 0.01373183 -0.00487864 -1.77048e-4 0.01374042 -0.00483787 -2.1235e-4 0.01369625 -0.004952132 -6.96819e-5 0.01356363 -0.004908442 -1.1904e-4 0.01353538 -0.004959523 -5.55844e-5 0.01353329 -0.004915654 -1.07094e-4 0.01350766 -0.004708349 -3.14239e-4 0.01398837 -0.004731774 -2.96155e-4 0.0139718 -0.004873216 -1.60297e-4 0.0138266 -0.004900157 -1.26947e-4 0.01378387 -0.00497353 -7.49301e-6 0.01359224 -0.004980444 8.54873e-6 0.0135594 -0.004999995 8.85007e-5 0.01332932 -0.004984736 1.24512e-5 0.01332074 -0.004973173 -1.08628e-5 0.01331806 -0.004941403 -5.20205e-5 0.01331341 -0.004899978 -8.36019e-5 0.01330983 -0.0042001 -5.29274e-4 0.01392024 -0.004422426 -4.6493e-4 0.01388347 -0.004617512 -3.63468e-4 0.01380783 -0.004637598 -3.50029e-4 0.01379585 -0.00475943 -2.51826e-4 0.01368874 -0.004782795 -2.28566e-4 0.01365667 -0.004848122 -1.49219e-4 0.01351106 -0.004854619 -1.39239e-4 0.0134859 -0.004876494 -9.50991e-5 0.01330852 -0.0041489 -4.75988e-4 0.01386922 -0.004181921 -4.71231e-4 0.01386642 -0.004385828 -4.19529e-4 0.01383262 -0.004566669 -3.36465e-4 0.01376378 -0.004585385 -3.25343e-4 0.01375287 -0.004698574 -2.43332e-4 0.01365572 -0.004720091 -2.23725e-4 0.01362657 -0.004778861 -1.56339e-4 0.01349389 -0.004784345 -1.47813e-4 0.01347082 -0.004799962 -1.10226e-4 0.01330679 -0.004799962 -1.06046e-4 0.01325219 -0.004799962 -1.23182e-4 0.01306021 -0.004799962 -1.88666e-4 0.01287895 -0.004799962 -2.98173e-4 0.0127204 -0.004799962 -8.0703e-4 0.01247388 -0.004799962 -6.17911e-4 0.01251095 -0.004799962 -4.44475e-4 0.01259493 0.008647441 0.01163893 0.007464647 0.00856769 0.01168179 0.00745964 0.008615255 0.0116685 0.007446765 0.008547961 0.01164984 0.0075199 0.008574604 0.0116465 0.007516264 0.008525371 0.01159888 0.007563889 0.008592128 0.01163023 0.00752592 -0.003999948 1.06664e-4 0.01511579 -0.00492388 6.14677e-4 0.01476508 -0.00492388 7.21851e-4 0.01486909 -0.004999995 9.29602e-4 0.0145477 -0.003999948 3.86721e-4 0.01538747 -0.004382669 1.69307e-4 0.01507258 -0.004382669 4.28045e-4 0.01532357 -0.004499971 2.16917e-4 0.01503968 -0.004707098 5.45727e-4 0.01514154 -0.004707098 3.47697e-4 0.01494944 -0.004866003 5.18133e-4 0.01483172 -0.003999948 7.49426e-4 0.0155313 -0.003999948 0.001139521 0.0155254 -0.004382669 7.63141e-4 0.01545643 -0.004382669 0.001123547 0.01545095 -0.004707098 8.02199e-4 0.01524323 -0.004707098 0.001078009 0.015239 -0.00492388 8.60652e-4 0.0149241 -0.00492388 0.001009941 0.01492184 -0.003999948 0.001497685 0.0153706 -0.004382669 0.001454472 0.01530796 -0.004707098 0.001331329 0.01512956 -0.00492388 0.001146972 0.01486259 -0.004343271 0.006435334 0.01176279 -0.004553735 0.006435334 0.0115863 -0.004377007 0.006423592 0.01182121 -0.004610478 0.00642085 0.01163494 -0.004406809 0.006389856 0.01187276 -0.004658937 0.006379544 0.01167654 -0.003999948 0.006348967 0.01202148 -0.004429101 0.00633794 0.01191145 -0.004692196 0.006317317 0.0117051 -0.003999948 0.006435334 0.01185685 -0.003999948 0.006425023 0.01192021 -0.003999948 0.006412446 0.01194983 -0.003999948 0.00639522 0.01197701 -0.004799962 0.006617784 0.01084434 -0.004799962 0.006624102 0.01083236 -0.004899978 0.006600439 0.01081979 -0.00474435 0.006424129 0.01145565 -0.004803657 0.00637561 0.01147973 -0.004772603 0.006428778 0.01140218 -0.004834234 0.006378352 0.01142114 -0.004854023 0.006468236 0.01117509 -0.004922628 0.006410658 0.01117265 -0.004874229 0.006494879 0.01107919 -0.004944682 0.006434857 0.01106792 -0.004842042 0.006305992 0.01149141 -0.004873156 0.006306588 0.01142776 -0.004960238 0.006330609 0.0111581 -0.004980206 0.006351888 0.01104456 -0.004784166 0.006518959 0.01107579 -0.004999995 0.006447672 0.01073813 -0.004973173 0.006535887 0.01078528 -0.004768192 0.006491839 0.01116484 -0.004698514 0.00644946 0.01137411 -0.0046736 0.006443679 0.01142305 0.008899986 0.007614552 0.009659588 0.008899986 0.007876515 0.009482026 0.008873164 0.007676482 0.009738087 0.008873164 0.007926523 0.009568631 0.00879997 0.007721781 0.009795606 0.00879997 0.00796312 0.00963205 0.008699953 0.007738411 0.009816646 0.008699953 0.007976531 0.009655237 0.008873164 0.006869971 0.01032292 0.00879997 0.006910502 0.01038384 0.00879997 -0.008022189 0.009551167 0.008699953 -0.008039414 0.009571671 0.00879997 -0.007229566 0.01016432 0.008699953 -0.007245063 0.01018613 0.00879997 -0.006390273 0.0107119 0.008699953 -0.006403982 0.01073491 0.00879997 -0.005509734 0.01119029 0.008699953 -0.005521535 0.01121437 0.00879997 -0.00459361 0.0115965 0.008699953 -0.004603505 0.01162141 0.00879997 -0.003647863 0.01192784 0.008699953 -0.003655672 0.01195347 0.00879997 -0.002678573 0.01218217 0.008699953 -0.002684295 0.01220834 0.00879997 -0.001691937 0.01235789 0.008699953 -0.001695573 0.01238441 0.00879997 -6.9448e-4 0.01245385 0.008699953 -6.95972e-4 0.01248055 0.00879997 3.07516e-4 0.01246941 0.008699953 3.08177e-4 0.01249617 0.00879997 0.001307487 0.01240444 0.008699953 0.001310288 0.01243108 0.00879997 0.00229907 0.01225948 0.008699953 0.002304017 0.01228576 0.00879997 0.003275811 0.01203531 0.008699953 0.003282845 0.01206117 0.00879997 0.004231393 0.01173353 0.008699953 0.004240453 0.01175874 0.00879997 0.005159676 0.01135593 0.008699953 0.005170762 0.01138037 0.00879997 0.006054639 0.01090508 0.008699953 0.006067633 0.01092851 0.008699953 0.006925344 0.01040619 0.008873164 0.006019115 0.01084113 0.008873164 0.005129396 0.01128929 0.008873164 0.004206538 0.01166462 0.008873164 0.003256559 0.01196467 0.008873164 0.002285599 0.01218748 0.008873164 0.001299798 0.01233166 0.008873164 3.05711e-4 0.01239621 0.008873164 -6.90404e-4 0.01238071 0.008873164 -0.001682043 0.01228535 0.008873164 -0.002662837 0.01211065 0.008873164 -0.003626465 0.0118578 0.008873164 -0.004566669 0.01152843 0.008873164 -0.005477368 0.01112461 0.008873164 -0.006352782 0.01064902 0.008873164 -0.007187128 0.01010465 0.008873164 -0.007975101 0.009495079 0.008899986 0.006814539 0.01023966 0.008899986 0.005970537 0.01075369 0.008899986 0.005088031 0.01119828 0.008899986 0.004172623 0.01157057 0.008899986 0.003230333 0.01186817 0.008899986 0.002267122 0.01208925 0.008899986 0.001289367 0.01223218 0.008899986 3.03246e-4 0.01229625 0.008899986 -6.84836e-4 0.01228088 0.008899986 -0.001668453 0.01218628 0.008899986 -0.002641379 0.01201301 0.008899986 -0.003597199 0.0117622 0.008899986 -0.004529833 0.01143544 0.008899986 -0.005433201 0.0110349 0.008899986 -0.006301522 0.01056313 0.008899986 -0.007129132 0.01002317 0.008899986 -0.007910788 0.009418547 0.008315205 -0.008334279 0.00914973 0.008326768 -0.008350074 0.009167075 0.008358538 -0.008377969 0.009197711 0.008399963 -0.008399367 0.009221196 0.008423447 -0.008407175 0.009229719 0.008499979 -0.008417427 0.009240984 0.008345305 -0.008285641 0.009281575 0.008408486 -0.008303582 0.009323179 0.008482873 -0.008301138 0.009345591 0.008302927 -0.008249998 0.009227037 0.008297264 -0.008232772 0.009242594 0.008475065 -0.008277356 0.009366631 0.008401572 -0.008282482 0.009342014 0.008393526 -0.008134722 0.009490787 0.008328855 -0.008155584 0.009452998 0.008375823 -0.00811398 0.00950855 0.008313059 -0.008137106 0.009468913 0.008237242 -0.007998466 0.009605884 0.00818932 -0.008034706 0.009555876 0.008211672 -0.007983207 0.00961858 0.008166551 -0.008021175 0.009567141 0.008339166 -0.008266806 0.009298443 0.008273959 -0.008153617 0.009397923 0.008259773 -0.008137166 0.009412169 0.008148789 -0.008045852 0.009489953 0.008128345 -0.008033812 0.009500086 0.008237123 -0.008129119 0.009333968 0.00822401 -0.008114039 0.009347021 0.008121728 -0.008030176 0.009418308 0.008102834 -0.008019149 0.009427547 0.008031666 -0.007909178 0.009679555 0.008001089 -0.00790131 0.009685993 0.008006155 -0.007955729 0.00962156 0.007978916 -0.007948815 0.009627282 0.007984578 -0.007975518 0.009548604 0.0079602 -0.007969379 0.00955367 0.007970273 -0.007965505 0.009471893 0.007947802 -0.007959842 0.009476542 0.007799983 -0.007942974 0.009490251 0.007799983 -0.00795108 0.009568691 0.007799983 -0.007928252 0.00964415 0.007799983 -0.007878065 0.009704887 0.006999969 -0.007878065 0.009704887 0.006999969 -0.007928252 0.00964415 0.006999969 -0.00795108 0.009568691 0.006999969 -0.007942974 0.009490251 0.006862461 -0.007940292 0.009634256 0.006876885 -0.007961809 0.009559929 0.006886422 -0.007952809 0.009482264 0.006863534 -0.007957279 0.009478628 0.006726562 -0.00800383 0.009440302 0.006706893 -0.008013784 0.009432017 0.006834805 -0.007945716 0.009629786 0.00685209 -0.007966578 0.009555935 0.006669044 -0.008002519 0.009582817 0.006703555 -0.008017182 0.009514033 0.006645262 -0.008014678 0.009572625 0.006682217 -0.00802803 0.009504914 0.006512701 -0.008110404 0.009491741 0.006563305 -0.008113324 0.009432673 0.006495356 -0.008127987 0.009476721 0.006547749 -0.008129 0.009419202 0.006411254 -0.008251011 0.00936985 0.006472289 -0.008238732 0.009323418 0.006402432 -0.008271694 0.009351551 0.006464421 -0.00825721 0.009307026 0.006299972 -0.008417427 0.009240984 0.006329417 -0.008265256 0.00937736 0.006339311 -0.008242011 0.009397804 0.006433546 -0.008103668 0.009517371 0.006452977 -0.008083879 0.00953412 0.006601512 -0.007975876 0.009624719 0.006628215 -0.007962107 0.009636104 0.006814301 -0.007897794 0.009688854 0.006845414 -0.007891654 0.009693861 0.006376504 -0.008407175 0.009229719 0.006399989 -0.008399367 0.009221196 0.006441414 -0.008377969 0.009197711 0.006473183 -0.008350074 0.009167075 0.00659722 -0.008092164 0.009365797 0.006582856 -0.008106529 0.009353518 0.006513297 -0.008207082 0.009265542 0.006506025 -0.00822395 0.009250462 0.006484746 -0.008334279 0.00914973 0.006299972 -0.00878185 0.008895397 0.006399989 -0.008763015 0.008876323 0.006499946 -0.008641362 0.008753061 0.006485283 -0.008694171 0.008806586 0.006473183 -0.008711576 0.008824229 0.00644207 -0.008740246 0.008853256 0.003999948 -0.002718031 0.01220089 -0.004799962 -0.002718031 0.01220089 0.003999948 -0.001695573 0.01238441 0.003999948 -8.0703e-4 0.01247388 0.003999948 -3.84767e-4 0.01380622 0.003999948 -4.67078e-4 0.01258069 0.003999948 -2.14797e-4 0.0128324 0.003999948 -1.07138e-4 0.01317209 0.003999948 -1.68405e-4 0.0135231 0.004999995 -8.0703e-4 0.01247388 0.004999995 -4.67078e-4 0.01258069 0.004999995 -2.14797e-4 0.0128324 0.004707098 5.45727e-4 0.01514154 0.00492388 7.21851e-4 0.01486909 0.00492388 0.001146972 0.01486259 0.00492388 0.001009941 0.01492184 0.00492388 8.60652e-4 0.0149241 0.004707098 8.02199e-4 0.01524323 0.004707098 0.001078009 0.015239 0.004707098 0.001331329 0.01512956 0.004382669 4.28045e-4 0.01532357 0.004382669 7.63141e-4 0.01545643 0.004382669 0.001123547 0.01545095 0.004382669 0.001454472 0.01530796 0.003999948 3.86721e-4 0.01538747 0.003999948 7.49426e-4 0.0155313 0.003999948 0.001139521 0.0155254 0.003999948 0.001497685 0.0153706 0.004999995 3.08177e-4 0.01249617 0.004999995 0.006067633 0.01092851 0.004999995 0.007101595 0.01028668 0.004999995 0.002304017 0.01228576 0.004999995 0.004240453 0.01175874 0.003999948 0.006348967 0.01202148 0.004406511 0.006435334 0.01185685 0.004266142 0.006422758 0.01192671 0.004211187 0.006412088 0.01195049 0.00400573 0.006351053 0.01201999 0.006633937 0.008422672 -0.008393645 0.006559252 0.008063256 -0.008701086 0.006499946 0.007094025 -0.009429454 0.006513237 0.007603526 -0.009063601 0.006792068 0.00884819 -0.007940351 0.006966948 0.009249269 -0.007465243 0.007833003 0.009249269 -0.007465243 0.007814586 0.00930351 -0.007413268 0.007728815 0.009475409 -0.007244527 0.007612824 0.009602785 -0.007115483 0.007708847 0.009503662 -0.007216215 0.007321357 0.009669899 -0.007045924 0.007416009 0.009679496 -0.00703597 0.007508933 0.009660601 -0.00705564 0.007039248 0.009422659 -0.007296979 0.00711596 0.009534657 -0.007184922 0.007206439 0.009616851 -0.007100999 0.008166015 0.008422672 -0.008393645 0.008007884 0.00884819 -0.007940351 0.008299946 0.007094025 -0.009429454 0.008295238 0.007411062 -0.009206056 0.008254706 0.00796175 -0.008783996 0.008299946 -0.008686184 0.00840646 0.008299946 -0.008785426 0.008071303 0.008299946 -0.008936405 0.007756054 0.008299946 -0.009135425 0.00746876 0.008299946 4.78757e-4 -0.01179027 0.008299946 0.001896977 -0.0116465 0.008299946 0.003287553 -0.01133275 0.008299946 0.004630148 -0.01085358 0.008299946 0.005905151 -0.01021605 0.008299946 -0.009969413 0.006312668 0.008299946 -0.0106579 0.005064427 0.008299946 -0.01119083 0.003742218 0.008299946 -0.01156044 0.002365469 0.008299946 -0.0117613 9.54192e-4 0.008299946 -0.01179057 -4.71034e-4 0.008299946 -0.008510529 -0.008173704 0.008299946 -0.007462799 -0.009140372 0.008299946 -0.006306111 -0.009973585 0.008299946 -0.005057394 -0.01066124 0.008299946 -0.003734886 -0.01119327 0.008299946 -0.01164776 -0.001889348 0.008299946 -0.01133489 -0.003280162 0.008299946 -0.01085662 -0.004623055 0.008299946 -0.01021993 -0.005898475 0.008299946 -0.009434103 -0.007087826 0.008299946 -0.0023579 -0.01156198 0.008299946 -9.46488e-4 -0.01176196 0.008326768 -0.008784055 0.008427143 0.008399963 -0.00885564 0.008442223 0.008499979 -0.008881866 0.008447766 0.008326768 -0.008878707 0.008107185 0.008326768 -0.009022891 0.007806301 0.008326768 -0.009212851 0.00753206 0.008358538 -0.009244918 0.007558286 0.008399963 -0.008947074 0.008133471 0.008399963 -0.009086191 0.007843077 0.008399963 -0.009269535 0.007578372 0.008499979 -0.008972048 0.008143126 0.008499979 -0.009109377 0.007856547 0.008499979 -0.009290277 0.00759536 0.008699953 -0.009290277 0.00759536 0.00879997 -0.009269535 0.007578372 0.00879997 -0.009086191 0.007843077 0.008873164 -0.008784055 0.008427143 0.008899986 -0.008686184 0.00840646 0.008873164 -0.008878707 0.008107185 0.008899986 -0.008785426 0.008071303 0.008873164 -0.009022891 0.007806301 0.008899986 -0.008936405 0.007756054 0.008873164 -0.009212851 0.00753206 0.008899986 -0.009135425 0.00746876 0.00879997 -0.00885564 0.008442223 0.00879997 -0.008947074 0.008133471 0.008699953 -0.009109377 0.007856547 0.008699953 -0.008972048 0.008143126 0.008699953 -0.008881866 0.008447766 0.008899986 0.01099997 -0.004270792 0.008899986 0.01099997 0.007678747 0.008899986 0.01064521 -0.005091071 0.008899986 0.01022934 -0.005882143 0.008899986 -0.00974971 0.00664699 0.008899986 -0.008977353 -0.007658123 0.008899986 -0.008278191 -0.008408963 0.008899986 -0.007516384 -0.009096324 0.008899986 -0.006697833 -0.009714841 0.008899986 -0.005828619 -0.01025992 0.008899986 -0.01029026 0.005774915 0.008899986 -0.01075303 0.004859209 0.008899986 -0.01113444 0.003906786 0.008899986 -0.01143175 0.002924799 0.008899986 -0.01164263 0.0019207 0.008899986 -0.01176542 9.02098e-4 0.008899986 -0.01179933 -1.23337e-4 0.008899986 -0.01174402 -0.001147806 0.008899986 -0.01159989 -0.002163648 0.008899986 -0.01136809 -0.003163099 0.008899986 -0.01105034 -0.004138648 0.008899986 -0.01064908 -0.005082905 0.008899986 -0.004915356 -0.01072746 0.008899986 -0.0039649 -0.01111388 0.008899986 -0.002984464 -0.01141631 0.008899986 -0.0101673 -0.005988776 0.008899986 -0.009608626 -0.006849348 0.008899986 -0.001981496 -0.01163238 0.008899986 -9.63574e-4 -0.01176059 0.008899986 6.16693e-5 -0.01179981 0.008899986 0.005935549 -0.01019847 0.008899986 0.009679675 -0.006748497 0.008899986 0.009056866 -0.007563829 0.008899986 0.001086413 -0.01174986 0.008899986 0.002102971 -0.01161104 0.008899986 0.003103673 -0.01138448 0.008899986 0.004080832 -0.01107186 0.008899986 0.005027174 -0.01067548 0.008899986 0.008365631 -0.008322 0.008899986 0.006798982 -0.009644329 0.008899986 0.007611095 -0.009017229 0.008732855 0.0115534 0.007423102 0.008857071 0.01128971 -0.003617525 0.008753418 0.01152116 -0.002982199 0.008697271 0.01160359 -0.00264734 0.008844554 0.01132827 0.007527112 0.008641064 0.01165372 -0.002659261 0.008569896 0.01167905 -0.002669394 0.008709311 0.01157051 -0.003002107 0.008582711 0.01161038 -0.003032743 0.008650064 0.01160144 -0.00301969 0.008681118 0.01158857 -0.003011345 -0.004834651 -0.008838057 0.008762776 -0.004799962 -0.008841097 0.008762896 -0.004799962 -0.008825778 0.008830368 -0.004829406 -0.008821606 0.008834481 -0.004855871 -0.00883311 0.008762538 -0.004900455 -0.008811712 0.008782625 -0.00491327 -0.00880593 0.008761167 -0.004899978 -0.008814334 0.008761584 -0.004999995 -0.008641362 0.008753061 -0.004973173 -0.008741199 0.008758008 -0.004985272 -0.008694171 0.008806586 -0.004970848 -0.008745133 0.008758187 -0.004973173 -0.008711576 0.008824229 -0.004942059 -0.008740246 0.008853256 -0.004799962 -0.00878185 0.008895397 -0.004899978 -0.008763015 0.008876323 -0.00487107 -0.008791983 0.008863747 -0.004931271 -0.008778929 0.00881505 -0.004854381 -0.008809745 0.008846223 -0.004799962 -0.008823931 0.008834719 0.00637108 -0.008791983 0.008863747 0.006354391 -0.008809745 0.008846223 0.006400465 -0.008811712 0.008782625 0.006431221 -0.008778929 0.00881505 0.006299972 -0.008841097 0.008762896 0.006355881 -0.00883311 0.008762538 0.006329417 -0.008821606 0.008834481 0.006473183 -0.008741199 0.008758008 0.006470859 -0.008745133 0.008758187 0.006399989 -0.008814334 0.008761584 0.00641328 -0.00880593 0.008761167 0.006299972 -0.008823931 0.008834719 0.006299972 -0.008825778 0.008830368 0.006499946 0.005935549 -0.01019847 0.006499946 0.005027174 -0.01067548 0.006499946 -0.004915356 -0.01072746 0.006499946 -0.0039649 -0.01111388 0.006499946 -0.002984464 -0.01141631 0.006499946 -0.001981496 -0.01163238 0.006499946 -9.63574e-4 -0.01176059 0.006499946 6.16693e-5 -0.01179981 0.006499946 0.001086413 -0.01174986 0.006499946 0.002102971 -0.01161104 0.006499946 0.003103673 -0.01138448 0.006499946 0.004080832 -0.01107186 0.006499946 -0.008713304 0.008293032 0.006499946 -0.008880555 0.007858455 0.006499946 -0.009135425 0.00746876 0.006499946 -0.00974971 0.00664699 0.006499946 -0.01029026 0.005774915 0.006499946 -0.01075303 0.004859209 0.006499946 -0.01113444 0.003906786 0.006499946 -0.01143175 0.002924799 0.006499946 -0.01164263 0.0019207 0.006499946 -0.01176542 9.02098e-4 0.006499946 -0.01179933 -1.23337e-4 0.006499946 -0.01174402 -0.001147806 0.006499946 -0.01159989 -0.002163648 0.006499946 -0.01136809 -0.003163099 0.006499946 -0.01105034 -0.004138648 0.006499946 -0.01064908 -0.005082905 0.006499946 -0.0101673 -0.005988776 0.006499946 -0.009608626 -0.006849348 0.006499946 -0.008977353 -0.007658123 0.006499946 -0.008278191 -0.008408963 0.006499946 -0.007516384 -0.009096324 0.006499946 -0.006697833 -0.009714841 0.006499946 -0.005828619 -0.01025992 0.007369101 0.0119822 0 0.007754862 0.01190298 -9.25527e-4 0.007398545 0.01197654 -3.40307e-4 0.00748676 0.01195925 -6.85517e-4 0.008137226 0.01181256 -0.001851022 0.007799863 0.01189297 -0.001347184 0.007581949 0.01193988 -9.29523e-4 0.007369101 0.0119822 0.007225036 0.007716536 0.01191133 0.007265388 -0.004899978 -0.001887321 0.0122866 -0.004899978 -0.001600146 0.0123701 -0.004973173 -0.001856327 0.01222032 -0.004973173 -0.001590728 0.01229751 -0.004999995 -0.001814007 0.01212972 -0.004999995 -0.001577913 0.01219832 -0.004999995 -0.0021618 0.01202756 -0.004999995 -0.002429187 0.0120216 -0.004973173 -0.002175152 0.01212668 -0.004973173 -0.002420246 0.0121212 -0.004899978 -0.002184927 0.01219922 -0.004899978 -0.002413749 0.01219415 -0.004899978 -0.00271219 0.01217472 -0.004973173 -0.002696275 0.01210325 -0.004999995 -0.00267452 0.01200568 -0.004899978 -0.008022189 0.009551167 -0.004799962 -0.008039414 0.009571671 -0.004973173 -0.007975101 0.009495079 -0.004999995 -0.007910788 0.009418547 -0.004799962 -0.007245063 0.01018613 -0.004899978 -0.007229566 0.01016432 -0.004799962 -0.006403982 0.01073491 -0.004899978 -0.006390273 0.0107119 -0.004799962 -0.005521535 0.01121437 -0.004899978 -0.005509734 0.01119029 -0.004799962 -0.004603505 0.01162141 -0.004899978 -0.00459361 0.0115965 -0.004799962 -0.003655672 0.01195347 -0.004899978 -0.003647863 0.01192784 -0.004973173 -0.007187128 0.01010465 -0.004973173 -0.006352782 0.01064902 -0.004973173 -0.005477368 0.01112461 -0.004973173 -0.004566669 0.01152843 -0.004973173 -0.003626465 0.0118578 -0.004999995 -0.007129132 0.01002317 -0.004999995 -0.006301522 0.01056313 -0.004999995 -0.005433201 0.0110349 -0.004999995 -0.004529833 0.01143544 -0.004999995 -0.003597199 0.0117622 -0.004999995 0.007876515 0.009482026 -0.004999995 0.007614552 0.009659588 -0.004984736 0.007914781 0.009548306 -0.004973173 0.007676482 0.009738087 -0.004973173 0.007926523 0.009568631 -0.004899978 0.007721781 0.009795606 -0.004799962 0.007738411 0.009816646 -0.004799962 0.007976531 0.009655237 -0.004876494 0.007968902 0.009642064 -0.004899978 0.00796312 0.00963205 -0.004941403 0.007947266 0.009604513 -0.004799962 0.007123529 0.01027154 -0.004899978 0.007108271 0.01024949 -0.004973173 0.007066547 0.01018935 -0.004999995 0.007009565 0.01010721 -0.004999995 0.006691038 0.01038926 -0.004973173 0.006765723 0.01045572 -0.004899978 0.00682044 0.01050442 -0.004799962 0.006840407 0.01052224 -0.004899978 -9.70206e-5 0.01305443 -0.004973173 -2.55461e-5 0.01303857 -0.004973173 -9.97608e-5 0.01283317 -0.004999995 7.20899e-5 0.01301699 -0.004999995 -1.08559e-5 0.0127874 -0.004999995 -1.49566e-4 0.01258653 -0.004973173 -2.23869e-4 0.01265347 -0.004999995 -3.34881e-4 0.01242768 -0.004973173 -3.89678e-4 0.01251131 -0.004999995 -5.54567e-4 0.01232123 -0.004973173 -5.86239e-4 0.01241606 -0.004999995 -7.94118e-4 0.01227432 -0.004973173 -8.00574e-4 0.0123741 -0.004899978 -1.64844e-4 0.01286667 -0.004899978 -2.78264e-4 0.01270246 -0.004899978 -4.29792e-4 0.01257252 -0.004899978 -6.09424e-4 0.0124855 -0.004899978 -8.05301e-4 0.01244717 -0.004999995 0.01099997 0.007678747 -0.004984736 0.01103824 0.007745027 -0.004973173 0.01104998 0.007765352 -0.004941403 0.01107066 0.007801175 -0.004899978 0.01108658 0.007828712 -0.004876494 0.01109236 0.007838726 -0.004799962 0.01109999 0.007851958 -0.004501223 0.01186525 0.007279038 -0.004832029 0.01155465 0.007422506 -0.004796862 0.01157462 0.007497668 -0.00486654 0.01149904 0.007448196 -0.004999876 0.01101309 0.007672667 -0.004972636 0.0110625 0.007758975 -0.004799902 0.01111042 0.007845878 -0.004899501 0.01109814 0.007822275 -0.004737794 0.01157075 0.00755912 -0.004665613 0.01154375 0.007595717 -0.004447162 0.0118944 0.007265627 -0.004425048 0.01189041 0.007335484 -0.004393815 0.01186287 0.007395923 -0.004357755 0.01181548 0.007438838 -0.003999948 0.01199996 0.00721687 -0.003999948 0.01198792 0.007285237 -0.003999948 0.01195317 0.007345378 -0.003999948 0.01189994 0.007390081 0.0072757 0.01199555 0.007218897 0.007181525 0.01199996 0.00721687 0.007270872 0.01198381 0.007287383 0.007181525 0.01198792 0.007285237 0.007264316 0.01194936 0.007347524 0.007181525 0.01195317 0.007345378 0.007256865 0.01189643 0.007392108 0.007181525 0.01189994 0.007390081 0.007359504 0.01197153 0.007293701 0.007346451 0.01193803 0.007353901 0.00733155 0.01188576 0.007398247 0.007705628 0.01190108 0.007334113 0.007690906 0.01186788 0.007394313 0.007674038 0.0118159 0.0074386 0.008697688 0.01157343 0.007498264 0.00863856 0.01156961 0.007559716 0.00856626 0.01154273 0.007596313 0.008873164 0.01104998 0.007765352 0.00879997 0.01108658 0.007828712 0.008699953 0.01109999 0.007851958 0.004722893 0.006435334 0.0115863 0.004999995 0.007123529 0.01027154 0.004999637 0.006907999 0.01045089 0.004995107 0.006727755 0.01066422 0.004982888 0.006617724 0.01084446 0.004976034 0.006587088 0.01090621 0.004926562 0.006491899 0.01116466 0.00484687 0.006448209 0.01138395 0.006473183 -0.009212851 0.00753206 0.006473183 -0.009832322 0.006703317 0.006399989 -0.009269535 0.007578372 0.006399989 -0.009892821 0.006744563 0.006299972 -0.009290277 0.00759536 0.006299972 -0.009914934 0.006759643 0.006299972 -0.01046466 0.005872786 0.006399989 -0.0104413 0.005859673 0.006299972 -0.01093524 0.004941582 0.006399989 -0.01091086 0.004930555 0.006299972 -0.01132321 0.003972947 0.006399989 -0.01129788 0.003964126 0.006299972 -0.01162552 0.002974331 0.006399989 -0.01159954 0.002967715 0.006299972 -0.01183992 0.001953244 0.006399989 -0.01181352 0.001948893 0.006299972 -0.01196485 9.17388e-4 0.006399989 -0.01193815 9.15339e-4 0.006299972 -0.0119993 -1.25427e-4 0.006399989 -0.01197254 -1.25147e-4 0.006299972 -0.01194304 -0.001167237 0.006399989 -0.01191639 -0.001164674 0.006299972 -0.01179653 -0.002200305 0.006399989 -0.01177018 -0.002195417 0.006299972 -0.01156079 -0.003216743 0.006399989 -0.01153498 -0.003209531 0.006299972 -0.01123768 -0.004208803 0.006399989 -0.01121258 -0.004199385 0.006299972 -0.01082956 -0.005169093 0.006399989 -0.01080542 -0.00515753 0.006299972 -0.01033961 -0.006090283 0.006399989 -0.01031655 -0.006076693 0.006299972 -0.009771466 -0.006965398 0.006399989 -0.00974965 -0.006949841 0.006299972 -0.009129464 -0.007787883 0.006399989 -0.009109079 -0.007770538 0.006299972 -0.0084185 -0.008551537 0.006399989 -0.008399665 -0.008532404 0.006299972 -0.007643818 -0.009250462 0.006399989 -0.007626712 -0.009229838 0.006299972 -0.00681138 -0.009879469 0.006399989 -0.006796121 -0.009857416 0.006299972 -0.005927383 -0.01043385 0.006399989 -0.005914151 -0.01041054 0.006299972 -0.004998624 -0.01090931 0.006399989 -0.004987478 -0.01088494 0.006299972 -0.004032075 -0.01130229 0.006399989 -0.004023075 -0.01127701 0.006299972 -0.003035068 -0.01160979 0.006399989 -0.003028273 -0.01158386 0.006299972 -0.002015113 -0.01182955 0.006399989 -0.002010583 -0.01180315 0.006299972 -9.79906e-4 -0.01195991 0.006399989 -9.77718e-4 -0.0119332 0.006299972 6.27146e-5 -0.01199978 0.006399989 6.25745e-5 -0.01197302 0.006299972 0.001104831 -0.011949 0.006399989 0.001102387 -0.01192229 0.006299972 0.002138614 -0.01180785 0.006399989 0.002133846 -0.01178151 0.006299972 0.003156244 -0.01157742 0.006399989 0.003149211 -0.01155161 0.006299972 0.004150032 -0.01125949 0.006399989 0.004140734 -0.01123434 0.006299972 0.005112409 -0.01085644 0.006399989 0.005100965 -0.01083219 0.006299972 0.006036162 -0.01037132 0.006399989 0.006022691 -0.01034814 0.006299972 0.007214248 -0.009589254 0.006399989 0.007198154 -0.009567856 0.006473183 -0.01037746 0.00582385 0.006473183 -0.01084411 0.004900395 0.006473183 -0.01122885 0.003939867 0.006473183 -0.01152861 0.002949535 0.006473183 -0.01174128 0.001936972 0.006473183 -0.01186513 9.09743e-4 0.006473183 -0.01189935 -1.24382e-4 0.006473183 -0.01184356 -0.001157522 0.006473183 -0.01169824 -0.002181947 0.006473183 -0.01146447 -0.003189921 0.006473183 -0.01114404 -0.004173755 0.006473183 -0.01073932 -0.005125999 0.006473183 -0.01025348 -0.0060395 0.006473183 -0.009690046 -0.006907343 0.006473183 -0.009053409 -0.007722973 0.006473183 -0.008348345 -0.00848025 0.006473183 -0.007580101 -0.009173393 0.006473183 -0.006754577 -0.009797155 0.006473183 -0.005878031 -0.01034688 0.006473183 -0.00495702 -0.01081836 0.006473183 -0.003998517 -0.01120805 0.006473183 -0.003009796 -0.01151305 0.006473183 -0.001998305 -0.01173096 0.006473183 -9.7174e-4 -0.01186025 0.006473183 6.2192e-5 -0.01189982 0.006473183 0.001095652 -0.0118494 0.006473183 0.002120792 -0.01170945 0.006473183 0.003129959 -0.01148098 0.006473183 0.004115402 -0.01116567 0.006473183 0.005069792 -0.01076596 0.006473183 0.005985856 -0.0102849 0.006473183 0.007154107 -0.009509325 0.006317257 0.007740139 -0.009169995 0.00637114 0.008175611 -0.008783996 0.006451427 0.008155882 -0.008778929 0.006460726 0.008529484 -0.008440792 0.006530404 0.008508265 -0.008443355 0.006517946 0.008116185 -0.008749604 0.006590783 0.008471012 -0.008426904 0.006315886 0.007720768 -0.009186327 0.006406724 0.007702887 -0.009172737 0.006477713 0.007660746 -0.00912863 0.006722092 0.009210705 -0.007691681 0.006793737 0.009370148 -0.007496595 0.00686407 0.009346365 -0.007504105 0.006749331 0.008899867 -0.007970988 0.006688833 0.008939683 -0.007984757 0.006618857 0.008962273 -0.00797975 0.006924629 0.009304106 -0.007493078 0.007875323 0.009304106 -0.007493078 0.007935822 0.009346365 -0.007504105 0.007856667 0.009356021 -0.007436096 0.008006215 0.009370148 -0.007496595 0.007914364 0.00939691 -0.007442772 0.007765889 0.009520351 -0.00725001 0.007744193 0.009547352 -0.007218658 0.007638394 0.009641766 -0.007106959 0.007522404 0.009696781 -0.0070405 0.007418036 0.009714722 -0.007018566 0.007311582 0.009705662 -0.007029712 0.007183015 0.009655177 -0.007090866 0.007082939 0.009576916 -0.007184028 0.00699979 0.009469985 -0.007307946 0.007811009 0.009556889 -0.007242977 0.007786452 0.009583115 -0.0072093 0.007667303 0.009674966 -0.007089436 0.007537126 0.009728491 -0.007018148 0.007420182 0.009745895 -0.006994605 0.007300972 0.009737074 -0.007006525 0.007156789 0.009688019 -0.00707215 0.007044136 0.009611904 -0.007172107 0.00695008 0.009507894 -0.007305145 0.007980406 0.00942105 -0.007432579 0.007860362 0.009581923 -0.007223963 0.007832407 0.009608268 -0.007188856 0.007697939 0.009700536 -0.007063865 0.007552504 0.00975424 -0.006989538 0.007422447 0.009771764 -0.006965041 0.007289886 0.009762883 -0.006977438 0.007129013 0.009713649 -0.007045865 0.007002353 0.009637176 -0.007150053 0.006894946 0.00953263 -0.007288873 0.008339226 0.008529484 -0.008440792 0.008286476 0.008515238 -0.008444547 0.008111119 0.008939683 -0.007984757 0.00805062 0.008899867 -0.007970988 0.008077859 0.009210705 -0.007691681 0.008181095 0.008962273 -0.00797975 0.008237659 0.008491396 -0.008437454 0.008196473 0.008459746 -0.00842005 0.008209168 0.008471012 -0.008426904 0.008359611 0.007493734 -0.009305536 0.008315324 0.007455885 -0.009260714 0.008281946 0.008003175 -0.008824884 0.008422076 0.007519483 -0.009334444 0.008494317 0.007529675 -0.009343624 0.008499979 0.007214248 -0.009589254 0.008315205 0.00714004 -0.009490609 0.008358538 0.007179021 -0.009542465 0.008423447 0.007205069 -0.009577095 0.008326113 0.008038103 -0.00885576 0.008382618 0.008063018 -0.008873522 0.008482635 0.007740437 -0.009169757 0.00844562 0.008075296 -0.008876264 0.008358538 0.005975961 -0.01033848 0.008423447 -0.01012551 0.006411492 0.008499979 0.006036162 -0.01037132 0.008423447 0.005997657 -0.01037603 0.008499979 0.006005227 -0.0103892 0.008499979 0.004708647 -0.01103758 0.008423447 0.004702627 -0.01102358 0.008499979 0.004150032 -0.01125949 0.008423447 0.003339052 -0.01151019 0.008499979 0.003343284 -0.01152485 0.008423447 0.00192672 -0.01182883 0.008499979 0.002138614 -0.01180785 0.008499979 -0.002015113 -0.01182955 0.008423447 -0.002394795 -0.01174306 0.008423447 -9.61309e-4 -0.01194614 0.008499979 0.001929163 -0.01184386 0.008499979 4.86872e-4 -0.01199007 0.008423447 4.86254e-4 -0.01197487 0.008499979 6.27146e-5 -0.01199978 0.008499979 -9.6253e-4 -0.01196128 0.008499979 -0.005927383 -0.01043385 0.008423447 -0.006404876 -0.01012974 0.008423447 -0.005136609 -0.01082819 0.008499979 -0.002397835 -0.01175796 0.008499979 -0.003798186 -0.01138299 0.008423447 -0.003793418 -0.01136857 0.008499979 -0.004032075 -0.01130229 0.008499979 -0.005143165 -0.0108419 0.008499979 -0.006412982 -0.01014262 0.008499979 -0.00758928 -0.009295284 0.008423447 -0.007579624 -0.009283483 0.008499979 -0.007643818 -0.009250462 0.008423447 -0.008643805 -0.008301734 0.008499979 -0.008654773 -0.008312284 0.008499979 -0.009129464 -0.007787883 0.008423447 -0.009581804 -0.00719881 0.008499979 -0.009593963 -0.00720793 0.008423447 -0.01037997 -0.005990862 0.008499979 -0.01033961 -0.006090283 0.008499979 -0.01179653 -0.002200305 0.008423447 -0.01183015 -0.001918971 0.008423447 -0.01151239 -0.003331482 0.008499979 -0.01039314 -0.005998432 0.008499979 -0.01104062 -0.004701375 0.008423447 -0.01102662 -0.004695415 0.008499979 -0.01123768 -0.004208803 0.008499979 -0.011527 -0.003335714 0.008499979 -0.01183992 0.001953244 0.008423447 -0.01174145 0.002402484 0.008423447 -0.01194548 9.69133e-4 0.008499979 -0.01184517 -0.001921355 0.008499979 -0.01199042 -4.79018e-4 0.008423447 -0.01197516 -4.7841e-4 0.008499979 -0.0119993 -1.25427e-4 0.008499979 -0.01196068 9.70364e-4 0.008499979 -0.01175636 0.002405583 0.008499979 -0.01138049 0.003805696 0.008423447 -0.01136606 0.003800868 0.008499979 -0.01132321 0.003972947 0.008423447 -0.01082479 0.005143702 0.008499979 -0.01013839 0.006419658 0.008499979 -0.01046466 0.005872786 0.008499979 -0.01083856 0.005150258 0.008358538 0.00468564 -0.0109837 0.008358538 0.003326952 -0.01146858 0.008358538 0.001919746 -0.01178604 0.008358538 4.84495e-4 -0.01193153 0.008358538 -9.57831e-4 -0.01190292 0.008358538 -0.002386152 -0.01170057 0.008358538 -0.003779649 -0.01132744 0.008358538 -0.005118012 -0.01078897 0.008358538 -0.00638169 -0.01009309 0.008358538 -0.007552206 -0.009249866 0.008358538 -0.008612513 -0.008271694 0.008358538 -0.009547114 -0.007172763 0.008358538 -0.01034241 -0.005969166 0.008358538 -0.01098674 -0.004678428 0.008358538 -0.01147073 -0.003319442 0.008358538 -0.01178735 -0.001911997 0.008358538 -0.01193189 -4.7668e-4 0.008358538 -0.01190227 9.65628e-4 0.008358538 -0.01169902 0.002393841 0.008358538 -0.01132494 0.0037871 0.008358538 -0.01078563 0.005125105 0.008358538 -0.01008892 0.006388306 0.008315205 0.005943477 -0.01028233 0.008315205 0.004660189 -0.01092398 0.008315205 0.003308892 -0.01140624 0.008315205 0.001909315 -0.01172202 0.008315205 4.81863e-4 -0.01186674 0.008315205 -9.52627e-4 -0.01183825 0.008315205 -0.002373158 -0.01163697 0.008315205 -0.003759145 -0.01126587 0.008315205 -0.005090236 -0.01073038 0.008315205 -0.006347 -0.01003825 0.008315205 -0.007511198 -0.009199619 0.008315205 -0.008565723 -0.008226752 0.008315205 -0.009495258 -0.007133781 0.008315205 -0.01028621 -0.005936741 0.008315205 -0.01092708 -0.004653036 0.008315205 -0.01140844 -0.003301382 0.008315205 -0.01172327 -0.001901626 0.008315205 -0.01186704 -4.7409e-4 0.008315205 -0.0118376 9.60381e-4 0.008315205 -0.01163542 0.002380788 0.008315205 -0.01126343 0.003766536 0.008315205 -0.01072704 0.00509727 0.008315205 -0.01003408 0.006353616 0.008873164 -0.009832322 0.006703317 0.00879997 -0.009892821 0.006744563 0.008699953 -0.009914934 0.006759643 0.008699953 -0.01046466 0.005872786 0.00879997 -0.0104413 0.005859673 0.008699953 -0.01093524 0.004941582 0.00879997 -0.01091086 0.004930555 0.008699953 -0.01132321 0.003972947 0.00879997 -0.01129788 0.003964126 0.008699953 -0.01162552 0.002974331 0.00879997 -0.01159954 0.002967715 0.008699953 -0.01183992 0.001953244 0.00879997 -0.01181352 0.001948893 0.008699953 -0.01196485 9.17388e-4 0.00879997 -0.01193815 9.15339e-4 0.008699953 -0.0119993 -1.25427e-4 0.00879997 -0.01197254 -1.25147e-4 0.008699953 -0.01194304 -0.001167237 0.00879997 -0.01191639 -0.001164674 0.008699953 -0.01179653 -0.002200305 0.00879997 -0.01177018 -0.002195417 0.008699953 -0.01156079 -0.003216743 0.00879997 -0.01153498 -0.003209531 0.008699953 -0.01123768 -0.004208803 0.00879997 -0.01121258 -0.004199385 0.008699953 -0.01082956 -0.005169093 0.00879997 -0.01080542 -0.00515753 0.008699953 -0.01033961 -0.006090283 0.00879997 -0.01031655 -0.006076693 0.008699953 -0.009771466 -0.006965398 0.00879997 -0.00974965 -0.006949841 0.008699953 -0.009129464 -0.007787883 0.00879997 -0.009109079 -0.007770538 0.008699953 -0.0084185 -0.008551537 0.00879997 -0.008399665 -0.008532404 0.008699953 -0.007643818 -0.009250462 0.00879997 -0.007626712 -0.009229838 0.008699953 -0.00681138 -0.009879469 0.00879997 -0.006796121 -0.009857416 0.008699953 -0.005927383 -0.01043385 0.00879997 -0.005914151 -0.01041054 0.008699953 -0.004998624 -0.01090931 0.00879997 -0.004987478 -0.01088494 0.008699953 -0.004032075 -0.01130229 0.00879997 -0.004023075 -0.01127701 0.008699953 -0.003035068 -0.01160979 0.00879997 -0.003028273 -0.01158386 0.008699953 -0.002015113 -0.01182955 0.00879997 -0.002010583 -0.01180315 0.008699953 -9.79906e-4 -0.01195991 0.00879997 -9.77718e-4 -0.0119332 0.008699953 6.27146e-5 -0.01199978 0.00879997 6.25745e-5 -0.01197302 0.008699953 0.001104831 -0.011949 0.00879997 0.001102387 -0.01192229 0.008699953 0.002138614 -0.01180785 0.00879997 0.002133846 -0.01178151 0.008699953 0.003156244 -0.01157742 0.00879997 0.003149211 -0.01155161 0.008699953 0.004150032 -0.01125949 0.00879997 0.004140734 -0.01123434 0.008699953 0.005112409 -0.01085644 0.00879997 0.005100965 -0.01083219 0.008699953 0.006036162 -0.01037132 0.00879997 0.006022691 -0.01034814 0.008699953 0.006914258 -0.009807765 0.00879997 0.00689882 -0.00978589 0.008699953 0.00774008 -0.009170055 0.00879997 0.007722795 -0.00914961 0.008699953 0.00850737 -0.008463025 0.00879997 0.008488416 -0.00844413 0.008699953 0.009210407 -0.007692039 0.00879997 0.009189844 -0.007674872 0.008699953 0.009843766 -0.006862878 0.00879997 0.009821772 -0.00684756 0.008699953 0.01040273 -0.005981862 0.00879997 0.01037949 -0.005968511 0.008699953 0.01082563 -0.005177378 0.00879997 0.01080143 -0.005165815 0.008699953 0.01118642 -0.004343211 0.00879997 0.01116144 -0.004333496 0.008873164 -0.01037746 0.00582385 0.008873164 -0.01084411 0.004900395 0.008873164 -0.01122885 0.003939867 0.008873164 -0.01152861 0.002949535 0.008873164 -0.01174128 0.001936972 0.008873164 -0.01186513 9.09743e-4 0.008873164 -0.01189935 -1.24382e-4 0.008873164 -0.01184356 -0.001157522 0.008873164 -0.01169824 -0.002181947 0.008873164 -0.01146447 -0.003189921 0.008873164 -0.01114404 -0.004173755 0.008873164 -0.01073932 -0.005125999 0.008873164 -0.01025348 -0.0060395 0.008873164 -0.009690046 -0.006907343 0.008873164 -0.009053409 -0.007722973 0.008873164 -0.008348345 -0.00848025 0.008873164 -0.007580101 -0.009173393 0.008873164 -0.006754577 -0.009797155 0.008873164 -0.005878031 -0.01034688 0.008873164 -0.00495702 -0.01081836 0.008873164 -0.003998517 -0.01120805 0.008873164 -0.003009796 -0.01151305 0.008873164 -0.001998305 -0.01173096 0.008873164 -9.7174e-4 -0.01186025 0.008873164 6.2192e-5 -0.01189982 0.008873164 0.001095652 -0.0118494 0.008873164 0.002120792 -0.01170945 0.008873164 0.003129959 -0.01148098 0.008873164 0.004115402 -0.01116567 0.008873164 0.005069792 -0.01076596 0.008873164 0.005985856 -0.0102849 0.008873164 0.00685662 -0.009726047 0.008873164 0.007675588 -0.009093642 0.008873164 0.008436501 -0.008392512 0.008873164 0.009133636 -0.007627964 0.008873164 0.00976175 -0.006805717 0.008873164 0.01031601 -0.005932033 0.008873164 0.01073539 -0.005134224 0.008873164 0.01109319 -0.004306972 0.008694529 0.01128119 -0.004090785 0.00866568 0.01142215 -0.003678858 0.008748769 0.01140713 -0.003665924 0.008816719 0.01136016 -0.003644168 0.008456289 0.01165479 -0.002857327 0.008367717 0.01168465 -0.002732694 0.007928431 0.0118187 -0.002077937 0.007891893 0.01182883 -0.002019286 0.007581174 0.01190966 -0.001469612 0.007379353 0.01195704 -0.001013994 0.007291018 0.01197665 -7.47837e-4 0.007208943 0.01199424 -3.71244e-4 0.007181525 0.01199996 0 -0.004794538 0.01128119 -0.004090726 -0.004799962 0.01118642 -0.004343211 -0.004899978 0.01116144 -0.004333496 -0.004006803 0.01199996 -2.10246e-5 -0.004288017 0.01195663 -9.63248e-4 -0.004308104 0.01195132 -9.57752e-4 -0.004246473 0.01196038 -9.73986e-4 -0.004267394 0.01195967 -9.6868e-4 -0.004464089 0.01184904 -0.001897215 -0.004505217 0.01184606 -0.0018875 -0.004503071 0.011819 -0.002076268 -0.004703283 0.0116648 -0.002773642 -0.004498839 0.01186668 -0.00158286 -0.004544496 0.01183438 -0.001876771 -0.00458014 0.01181447 -0.001865565 -0.004758596 0.01163887 -0.002757608 -0.004802286 0.01159685 -0.002739846 -0.004787206 0.01160186 -0.002892792 -0.004831254 0.01155585 -0.002873837 -0.004729688 0.01163047 -0.00290966 -0.004847526 0.01141053 -0.003655612 -0.004915356 0.01136386 -0.003633975 -0.004955828 0.01129376 -0.003607451 -0.004864871 0.0115019 -0.003040492 -0.004764676 0.01142543 -0.003668606 -0.004999995 0.01099997 -0.004270792 -0.004973173 0.01109319 -0.004306972 -0.004665017 0.01163864 -0.002922534 -0.00464183 0.01167201 -0.002786278 -0.004973173 0.01073539 -0.005134224 -0.004899978 0.01080143 -0.005165815 -0.004799962 0.01082563 -0.005177378 -0.004799962 0.01040273 -0.005981862 -0.004899978 0.01037949 -0.005968511 -0.004799962 0.009843766 -0.006862878 -0.004899978 0.009821772 -0.00684756 -0.004799962 0.009210407 -0.007692039 -0.004899978 0.009189844 -0.007674872 -0.004799962 0.00850737 -0.008463025 -0.004899978 0.008488416 -0.00844413 -0.004799962 0.00774008 -0.009170055 -0.004899978 0.007722795 -0.00914961 -0.004799962 0.006914258 -0.009807765 -0.004899978 0.00689882 -0.00978589 -0.004799962 0.006036162 -0.01037132 -0.004899978 0.006022691 -0.01034814 -0.004799962 0.005112409 -0.01085644 -0.004899978 0.005100965 -0.01083219 -0.004799962 0.004150032 -0.01125949 -0.004899978 0.004140734 -0.01123434 -0.004799962 0.003156244 -0.01157742 -0.004899978 0.003149211 -0.01155161 -0.004799962 0.002138614 -0.01180785 -0.004899978 0.002133846 -0.01178151 -0.004799962 0.001104831 -0.011949 -0.004899978 0.001102387 -0.01192229 -0.004799962 6.27146e-5 -0.01199978 -0.004899978 6.25745e-5 -0.01197302 -0.004799962 -9.79906e-4 -0.01195991 -0.004899978 -9.77718e-4 -0.0119332 -0.004799962 -0.002015113 -0.01182955 -0.004899978 -0.002010583 -0.01180315 -0.004799962 -0.003035068 -0.01160979 -0.004899978 -0.003028273 -0.01158386 -0.004799962 -0.004032075 -0.01130229 -0.004899978 -0.004023075 -0.01127701 -0.004799962 -0.004998624 -0.01090931 -0.004899978 -0.004987478 -0.01088494 -0.004799962 -0.005927383 -0.01043385 -0.004899978 -0.005914151 -0.01041054 -0.004799962 -0.00681138 -0.009879469 -0.004899978 -0.006796121 -0.009857416 -0.004799962 -0.007643818 -0.009250462 -0.004899978 -0.007626712 -0.009229838 -0.004799962 -0.0084185 -0.008551537 -0.004899978 -0.008399665 -0.008532404 -0.004799962 -0.009129464 -0.007787883 -0.004899978 -0.009109079 -0.007770538 -0.004799962 -0.009771466 -0.006965398 -0.004899978 -0.00974965 -0.006949841 -0.004799962 -0.01033961 -0.006090283 -0.004899978 -0.01031655 -0.006076693 -0.004799962 -0.01082956 -0.005169093 -0.004899978 -0.01080542 -0.00515753 -0.004799962 -0.01123768 -0.004208803 -0.004899978 -0.01121258 -0.004199385 -0.004799962 -0.01156079 -0.003216743 -0.004899978 -0.01153498 -0.003209531 -0.004799962 -0.01179653 -0.002200305 -0.004899978 -0.01177018 -0.002195417 -0.004799962 -0.01194304 -0.001167237 -0.004899978 -0.01191639 -0.001164674 -0.004799962 -0.0119993 -1.25427e-4 -0.004899978 -0.01197254 -1.25147e-4 -0.004799962 -0.01196485 9.17388e-4 -0.004899978 -0.01193815 9.15339e-4 -0.004799962 -0.01183992 0.001953244 -0.004899978 -0.01181352 0.001948893 -0.004799962 -0.01162552 0.002974331 -0.004899978 -0.01159954 0.002967715 -0.004799962 -0.01132321 0.003972947 -0.004899978 -0.01129788 0.003964126 -0.004799962 -0.01093524 0.004941582 -0.004899978 -0.01091086 0.004930555 -0.004799962 -0.01046466 0.005872786 -0.004899978 -0.0104413 0.005859673 -0.004799962 -0.009914934 0.006759643 -0.004899978 -0.009892821 0.006744563 -0.004799962 -0.009290277 0.00759536 -0.004899978 -0.009269535 0.007578372 -0.004973173 0.01031601 -0.005932033 -0.004973173 0.00976175 -0.006805717 -0.004973173 0.009133636 -0.007627964 -0.004973173 0.008436501 -0.008392512 -0.004973173 0.007675588 -0.009093642 -0.004973173 0.00685662 -0.009726047 -0.004973173 0.005985856 -0.0102849 -0.004973173 0.005069792 -0.01076596 -0.004973173 0.004115402 -0.01116567 -0.004973173 0.003129959 -0.01148098 -0.004973173 0.002120792 -0.01170945 -0.004973173 0.001095652 -0.0118494 -0.004973173 6.2192e-5 -0.01189982 -0.004973173 -9.7174e-4 -0.01186025 -0.004973173 -0.001998305 -0.01173096 -0.004973173 -0.003009796 -0.01151305 -0.004973173 -0.003998517 -0.01120805 -0.004973173 -0.00495702 -0.01081836 -0.004973173 -0.005878031 -0.01034688 -0.004973173 -0.006754577 -0.009797155 -0.004973173 -0.007580101 -0.009173393 -0.004973173 -0.008348345 -0.00848025 -0.004973173 -0.009053409 -0.007722973 -0.004973173 -0.009690046 -0.006907343 -0.004973173 -0.01025348 -0.0060395 -0.004973173 -0.01073932 -0.005125999 -0.004973173 -0.01114404 -0.004173755 -0.004973173 -0.01146447 -0.003189921 -0.004973173 -0.01169824 -0.002181947 -0.004973173 -0.01184356 -0.001157522 -0.004973173 -0.01189935 -1.24382e-4 -0.004973173 -0.01186513 9.09743e-4 -0.004973173 -0.01174128 0.001936972 -0.004973173 -0.01152861 0.002949535 -0.004973173 -0.01122885 0.003939867 -0.004973173 -0.01084411 0.004900395 -0.004973173 -0.01037746 0.00582385 -0.004973173 -0.009832322 0.006703317 -0.004973173 -0.009212851 0.00753206 -0.004999995 0.01064521 -0.005091071 -0.004999995 0.01022934 -0.005882143 -0.004999995 0.009679675 -0.006748497 -0.004999995 0.009056866 -0.007563829 -0.004999995 0.008365631 -0.008322 -0.004999995 0.007611095 -0.009017229 -0.004999995 0.006798982 -0.009644329 -0.004999995 0.005935549 -0.01019847 -0.004999995 0.005027174 -0.01067548 -0.004999995 0.004080832 -0.01107186 -0.004999995 0.003103673 -0.01138448 -0.004999995 0.002102971 -0.01161104 -0.004999995 0.001086413 -0.01174986 -0.004999995 6.16693e-5 -0.01179981 -0.004999995 -9.63574e-4 -0.01176059 -0.004999995 -0.001981496 -0.01163238 -0.004999995 -0.002984464 -0.01141631 -0.004999995 -0.0039649 -0.01111388 -0.004999995 -0.004915356 -0.01072746 -0.004999995 -0.005828619 -0.01025992 -0.004999995 -0.006697833 -0.009714841 -0.004999995 -0.007516384 -0.009096324 -0.004999995 -0.008278191 -0.008408963 -0.004999995 -0.008977353 -0.007658123 -0.004999995 -0.009608626 -0.006849348 -0.004999995 -0.0101673 -0.005988776 -0.004999995 -0.01064908 -0.005082905 -0.004999995 -0.01105034 -0.004138648 -0.004999995 -0.01136809 -0.003163099 -0.004999995 -0.01159989 -0.002163648 -0.004999995 -0.01174402 -0.001147806 -0.004999995 -0.01179933 -1.23337e-4 -0.004999995 -0.01176542 9.02098e-4 -0.004999995 -0.01164263 0.0019207 -0.004999995 -0.01143175 0.002924799 -0.004999995 -0.01113444 0.003906786 -0.004999995 -0.01075303 0.004859209 -0.004999995 -0.01029026 0.005774915 -0.004999995 -0.00974971 0.00664699 -0.004999995 -0.009135425 0.00746876 -0.004999995 -0.008686184 0.00840646 -0.004973173 -0.008784055 0.008427143 -0.004899978 -0.00885564 0.008442223 -0.004799962 -0.008881866 0.008447766 -0.004999995 -0.008785426 0.008071303 -0.004973173 -0.008878707 0.008107185 -0.004999995 -0.008936405 0.007756054 -0.004973173 -0.009022891 0.007806301 -0.004899978 -0.008947074 0.008133471 -0.004899978 -0.009086191 0.007843077 -0.004799962 -0.008972048 0.008143126 -0.004799962 -0.009109377 0.007856547 0.006399989 -0.009034693 0.007937371 0.006473183 -0.008809924 0.008318841 0.006473183 -0.008969545 0.007903993 0.006399989 -0.008880674 0.008337736 0.006299972 -0.009058535 0.00794959 0.006299972 -0.008906543 0.008344709 -0.003999948 0.01199996 0 -0.003999948 6.03647e-4 0.01547348 -0.004535317 0.003852188 0.0135315 -0.001325845 3.86721e-4 0.01538747 -0.002284586 4.64494e-4 0.01541835 0.004962503 0.004085123 0.01261264 0.004965007 0.004367649 0.01243972 0.004963636 0.004832267 0.01215583 0.004961371 0.005059897 0.01201683 -0.004129052 6.41004e-4 0.0154612 -0.004581511 9.26604e-4 0.01532363 0.002199411 0.006446957 0.01139479 -5.6209e-5 0.006435334 0.0115863 7.59761e-4 0.006438851 0.01151746 8.24426e-4 2.75553e-4 0.01527965</float_array>
          <technique_common>
            <accessor source="#MRH-F-Distal-Visual_00-mesh-positions-array" count="1791" stride="3">
              <param name="X" type="float"/>
              <param name="Y" type="float"/>
              <param name="Z" type="float"/>
            </accessor>
          </technique_common>
        </source>
        <source id="MRH-F-Distal-Visual_00-mesh-normals">
          <float_array id="MRH-F-Distal-Visual_00-mesh-normals-array" count="10170">0.2204163 -0.8232376 -0.5231602 0.2221801 -0.8227824 -0.5231303 0.8323804 -0.520911 0.1891951 0.8339728 -0.5181543 0.1897515 0.74475 -0.6673435 5.16778e-4 0.6054847 -0.7722491 -0.1924047 0.6067104 -0.7713528 -0.1921391 0.8324851 -0.5206016 0.189585 0.832174 -0.5211391 0.1894745 0.6056554 -0.7721748 -0.1921662 0.605356 -0.7723926 -0.1922336 0.2210898 -0.8225902 -0.523894 0.2209693 -0.8226203 -0.5238973 -0.1915113 -0.8535451 -0.4845454 -0.2888203 -0.9563772 0.04388338 0.3478792 -0.7910228 0.5032525 -0.1014453 -0.830697 0.5474042 -0.3478795 -0.7910234 0.5032513 -0.3871106 -0.7946798 0.4675784 -0.5281828 -0.7307293 0.4325016 -0.7203825 -0.6203556 0.3101744 0.7215048 -0.6165964 0.3150236 0.7144611 -0.6248711 0.3147724 0.6425592 -0.7568378 0.1196419 0.5244065 -0.8469938 -0.08717572 0.2888211 -0.9563772 0.043877 0.1065393 -0.8930572 -0.437148 0.1014455 -0.830698 0.5474026 0 -0.8550723 0.5185088 0 -0.995857 0.09093379 -0.288825 -0.9563756 0.04388427 -0.1065403 -0.8930572 -0.4371479 0.1946458 -0.851883 -0.4862186 0.5260328 -0.8455101 -0.09166365 -0.7159279 -0.6203873 0.3202608 -0.6425597 -0.7568252 0.1197196 -0.5244064 -0.8469935 -0.08717823 -0.5274372 -0.8442056 -0.09553575 0.5281801 -0.7307308 0.4325023 0.3871103 -0.7946792 0.4675797 0.2888225 -0.9563764 0.04388505 0 -0.9958576 0.0909276 0 -0.9076203 -0.4197924 -0.8323641 -0.5209283 0.1892191 -0.8322951 -0.5208131 0.1898388 -0.6054728 -0.7722626 -0.1923883 -0.6055394 -0.7723037 -0.1920132 -0.2210083 -0.8225805 -0.5239434 -0.2210521 -0.8226301 -0.5238472 -0.2209721 -0.822617 -0.5239014 -0.2209213 -0.8225619 -0.5240094 -0.6053633 -0.772385 -0.1922414 -0.8329946 -0.5192483 0.1910536 -0.8333487 -0.5198263 0.1879114 -0.744849 -0.667233 4.41e-4 -0.6052861 -0.7723472 -0.1926363 -0.6712573 -0.6789075 -0.2974866 -0.8758594 -0.4657807 0.1261686 -0.2340004 -0.8092518 -0.5388465 -0.2340469 -0.8077863 -0.5410206 -0.8736127 -0.466915 0.1370816 -0.91941 -0.3907494 0.04472494 -0.9170917 -0.3951107 0.05320262 -0.2449703 -0.7902248 -0.5617245 -0.2453711 -0.7886885 -0.5637052 -0.668456 -0.6833485 -0.293601 -0.6383771 -0.7344334 -0.2303962 -0.6385363 -0.7320997 -0.2372794 -0.258648 -0.7625802 -0.5929357 -0.2573654 -0.7611503 -0.5953263 -0.7035353 -0.603473 -0.3753111 -0.7002925 -0.6020861 -0.3835136 -0.956791 -0.2845827 -0.05969798 -0.9555543 -0.2854578 -0.07368814 0.6879432 -0.6389419 -0.34422 0.7913132 -0.5112136 -0.3353865 0.9625107 -0.2515664 -0.1014274 0.2574217 -0.7554178 -0.6025596 0.2587547 -0.7536273 -0.6042286 0.9598575 -0.2626561 -0.09841507 0.9428806 -0.3327336 -0.01626455 0.9402242 -0.3403936 -0.01051938 0.2511779 -0.7757541 -0.5788916 0.252074 -0.774134 -0.580668 0.6874227 -0.6425212 -0.3385508 0.7023287 -0.5864949 -0.4034329 0.591029 -0.7440517 -0.3115637 0.2386288 -0.8023752 -0.5470378 0.2409991 -0.8009938 -0.5480225 0.6500232 -0.7162694 -0.2538265 0.6560915 -0.7104771 -0.2544925 0.8897377 -0.4447513 0.1027771 0.8955252 -0.43292 0.1030286 -1 0 0 -1 2.19106e-5 0 -1 9.92465e-7 0 -1 4.65534e-7 0 -1 -1.28062e-7 0 -1 -5.45464e-7 0 -1 1.53092e-6 0 0 -0.7660427 -0.6427899 2.38152e-6 -0.7660398 -0.6427932 0 -0.7660449 -0.6427873 0 -0.7660447 -0.6427873 0 -0.7660508 -0.6427801 -4.73357e-6 -0.7660188 -0.6428182 -1.73135e-6 -0.7660561 -0.6427737 -9.6502e-6 -0.7660465 -0.6427852 1.9899e-6 -0.7660418 -0.642791 -4.64974e-6 -0.7660512 -0.6427797 0 -0.7660448 -0.6427873 0 -0.8950666 0.4459326 0 -0.8950663 0.4459332 0.9993577 -0.02948999 0.02036237 0.1950954 -0.8071253 0.5572133 0.1295359 -0.8054366 0.5783532 0.4422577 -0.7449637 0.4994371 0.3826318 -0.760313 0.5248973 0.6087616 -0.6528811 0.4507278 0.6340257 -0.6398602 0.43427 0.793345 -0.4983203 0.3496864 0.8124344 -0.4798163 0.3312503 0.8968715 -0.3639776 0.251281 0.9103438 -0.3422542 0.2326722 0.9807596 -0.1564173 0.1168087 0.9707199 -0.1872908 0.1504165 0.9924477 -0.09884613 0.07264286 0.8530442 -0.3784653 0.3592768 0.8644582 -0.3701276 0.340173 0.9048508 -0.3241617 0.2759788 0.8655115 -0.3527164 0.3556418 0.8660216 -0.4784885 0.1451049 0.8640462 -0.475397 0.1655956 0.8734947 -0.4546614 0.1740412 0.8616015 -0.4618613 0.2105402 0.8659767 -0.449733 0.2186887 0.8657935 -0.4341998 0.2487416 0.8650557 -0.4358036 0.2485033 0.8665367 -0.408308 0.287052 0.865773 -0.4099665 0.2869928 0.8659927 -0.3899618 0.313028 0.8656345 -0.4876282 0.1135595 0.8720089 -0.4751485 0.1176199 0.8605524 -0.5046392 0.06920212 0.8657931 -0.4947728 0.07484936 0.8659063 -0.4989585 0.03530853 0.8623965 -0.5053933 0.02915257 0.8704384 -0.4921596 -0.01076823 0.8657935 -0.5000967 -0.01746237 0.866021 -0.4980943 -0.04370105 0.8617588 -0.5008795 -0.08057045 0.8790636 -0.4728395 -0.06058108 0.8616304 -0.4953092 -0.1107334 0.8632436 -0.4194369 -0.2808618 0.8737959 -0.4137359 -0.2555455 0.8617727 -0.4457949 -0.2421053 0.8659901 -0.4459605 -0.2262312 0.8657935 -0.4599214 -0.197165 0.8662217 -0.4594696 -0.1963363 0.8653855 -0.4768413 -0.1540465 0.8658055 -0.4763298 -0.153267 0.8659793 -0.4850648 -0.1216233 0.8657927 -0.2869363 -0.4099642 0.8715291 -0.2876387 -0.397116 0.8619635 -0.327833 -0.3867099 0.8659286 -0.3295708 -0.3762325 0.8657933 -0.3574672 -0.3501703 0.86178 -0.3585668 -0.3588386 0.8703734 -0.3820756 -0.3105937 0.8656737 -0.3850537 -0.3199102 0.866019 -0.4047237 -0.2936152 0.8625961 -0.02807396 -0.5051138 0.873946 -0.04785072 -0.4836618 0.8621041 -0.07474589 -0.5011885 0.8660023 -0.08916753 -0.4920257 0.8657935 -0.119224 -0.4859912 0.8673714 -0.1206691 -0.4828105 0.8643795 -0.164412 -0.475202 0.8658363 -0.1656423 -0.4721125 0.8657926 -0.2066075 -0.4557592 0.8570979 -0.2020674 -0.4738693 0.8770437 -0.2379308 -0.4173526 0.8637594 -0.2382253 -0.4440365 0.8660255 -0.2661105 -0.4233027 0.8657935 0.1548264 -0.4758471 0.872606 0.1420958 -0.4672982 0.8616915 0.1117491 -0.4949747 0.8659468 0.1006717 -0.4898993 0.8657936 0.06463062 -0.4962101 0.8629909 0.06901848 -0.500483 0.8688604 0.0183115 -0.4947183 0.8657124 0.02227497 -0.5000459 0.866011 -0.01056391 -0.4999133 -0.7063486 0.2059367 -0.6772457 -0.7070073 -0.2773991 -0.6505309 -0.7070948 -0.5723625 -0.4152328 -0.7070335 -0.6859462 -0.1719925 -0.7069216 -0.7007341 0.09609162 0.2582968 -0.9022233 0.3453638 0.7063434 -0.06969183 -0.7044303 0.7070688 -0.1260985 -0.6958109 0.7067931 -0.2342055 -0.6675263 0.7071077 -0.376329 -0.5986444 0.7065335 -0.5443277 -0.4522365 0.7070471 -0.6306608 -0.319924 0.7067464 -0.6734626 -0.2166974 0.7070972 -0.7044102 -0.06180632 0.7423527 -0.485926 0.4612898 0.7060493 -0.5079252 0.4934638 0.5437299 -0.6086691 0.5778235 0.755522 -0.5691035 0.3245119 0.7070258 -0.6359847 0.3092541 0.706348 -0.6610846 0.2530608 0.7063422 -0.6610919 0.2530578 0.7071012 -0.6766782 0.2052184 0.7069181 -0.7007375 0.09609246 0.7069116 -0.7055376 0.04992735 0.7064808 -0.7075629 -0.01548099 0.706345 -0.6988835 -0.1124215 0.7070314 -0.6859486 -0.171992 0.7489314 -0.6093471 -0.2603804 0.7063454 -0.6022503 -0.3719823 0.7070943 -0.5723596 -0.4152374 0.7724316 -0.4489116 -0.4492526 0.7069441 -0.4660376 -0.5320142 0.7064164 -0.4151989 -0.573224 0.7063461 -0.3346524 -0.6237652 0.7070052 -0.2773993 -0.6505331 0.7421085 -0.1625239 -0.6502776 0.7063437 0.2059362 -0.6772511 0.706346 0.2059388 -0.6772478 0.7069755 0.1423574 -0.6927627 0.766438 0.0877462 -0.6362966 0.1042532 -0.7213008 0.684731 -0.2583 -0.9396653 0.2242997 0.2582975 -0.9396662 0.2242991 0.2582976 -0.9396662 0.2242987 0.7191441 -0.6758729 0.1613309 0.7064645 -0.6893036 0.1605259 0.2582961 0.03154295 -0.9655508 0.7065934 0.03148937 -0.7069188 0.7063438 0.1155182 -0.6983796 0.2582976 0.1576542 -0.9531147 0.2582976 0.2810542 -0.9242786 -0.2582992 -0.7816741 0.567686 -0.2583023 -0.8492528 0.4604886 -0.2583005 -0.7816721 0.5676881 0.2582966 -0.7816743 0.5676867 0.2580763 -0.6920799 0.6741084 0.3576376 -0.6772885 0.642943 0.7070509 -0.5514736 0.4426692 0.7374023 -0.546531 0.3969153 0.2583028 -0.7816738 0.5676846 0.2583014 -0.8492525 0.4604896 -0.2582973 -0.8492548 0.4604877 -0.2582955 -0.902224 0.3453628 -0.7063456 -0.6610879 0.2530587 -0.7071028 -0.6766787 0.2052114 -0.2583027 0.03154253 -0.9655491 -0.2582922 0.03154283 -0.9655519 -0.2583027 0.1576552 -0.9531131 0.3580712 0.2912851 -0.8870953 0.1043081 0.289338 -0.9515269 -0.1043081 0.2893396 -0.9515265 0.7070818 -0.01493746 -0.706974 0.7303573 0.02230226 -0.6827012 0.2582986 0.03154265 -0.9655501 0.2583023 0.1576544 -0.9531134 -0.2582972 0.1576537 -0.9531149 -0.2580752 0.2929271 -0.920647 -0.3576942 0.2716785 -0.893446 -0.7063462 -0.5133818 0.4873543 -0.7426458 -0.478595 0.4684275 -0.5437296 -0.6086741 0.5778184 -0.2582979 -0.7006422 0.6651186 -0.3580183 -0.662835 0.6576266 -0.1042528 -0.7213038 0.6847279 -0.706347 -0.661086 0.2530599 -0.7070276 -0.6359823 0.3092548 -0.741088 -0.5902259 0.3200345 -0.7067598 -0.6145633 0.350432 -0.7063452 -0.5727574 0.4159633 -0.7471631 -0.5444843 0.3811615 -0.7070536 -0.5514708 0.4426684 -0.7064646 -0.6893036 0.1605253 -0.7191452 -0.6758717 0.1613312 -0.2582962 -0.9396665 0.2242991 -0.2582988 -0.9022212 0.3453674 0.2582964 -0.9022231 0.3453645 0.2582982 -0.8492552 0.4604865 0.7063441 -0.6222778 0.3374142 0.706694 -0.5796108 0.4057524 0.7454693 -0.6630043 0.06856209 0.2582955 -0.9609413 0.09937363 0.2582986 -0.9609405 0.09937399 -0.2582975 -0.9609408 0.09937429 -0.258299 -0.9609405 0.09937423 -0.706344 -0.7041139 0.07281345 -0.7767211 -0.6282736 0.04445981 -0.7071003 -0.7044076 -0.06179982 0.7208217 -0.6928445 -0.01955795 0.2583002 -0.96568 -0.02726101 0.2582961 -0.9656811 -0.02726149 -0.2583003 -0.96568 -0.02726274 -0.2582964 -0.9656811 -0.02725976 -0.7208195 -0.6928469 -0.01955789 -0.7064895 -0.7075542 -0.01548117 0.7063435 -0.6988852 -0.1124208 0.2582972 -0.9538044 -0.1534269 0.2583014 -0.9538034 -0.1534256 -0.2582994 -0.9538038 -0.1534271 -0.2583004 -0.9538037 -0.1534261 -0.7063449 -0.6988839 -0.1124206 -0.7063452 -0.6988834 -0.1124212 0.7404172 -0.6439351 -0.1926917 0.2582979 -0.9255155 -0.2769538 0.2582983 -0.925516 -0.276952 -0.2582982 -0.9255155 -0.2769532 -0.2582986 -0.9255155 -0.2769533 -0.7063453 -0.6781554 -0.2029327 -0.7538123 -0.6255076 -0.2012645 -0.7070492 -0.630658 -0.3199249 0.7063449 -0.6457595 -0.2899511 0.2582971 -0.8813026 -0.3957126 0.2583 -0.8813007 -0.3957148 -0.2582984 -0.8813021 -0.395713 -0.2582964 -0.8813036 -0.395711 -0.7382678 -0.6153255 -0.2762883 -0.7067105 -0.650594 -0.2780069 0.7063435 -0.6022524 -0.3719823 0.2582978 -0.8219246 -0.5076634 0.2582986 -0.8219237 -0.5076646 -0.2582995 -0.8219224 -0.5076661 -0.2582974 -0.8219251 -0.507663 -0.7063436 -0.6022528 -0.3719817 -0.706347 -0.6022487 -0.3719818 0.7251895 -0.5334139 -0.4353961 0.2583006 -0.7484033 -0.6108793 0.2582973 -0.7484021 -0.6108821 -0.2583008 -0.7484012 -0.6108818 -0.258297 -0.7484045 -0.6108792 -0.7063436 -0.5483817 -0.4476118 -0.7277315 -0.5275454 -0.4382954 -0.706946 -0.4660332 -0.5320156 0.7063464 -0.4850714 -0.5155392 0.2582991 -0.6620059 -0.7035835 0.2582978 -0.6620024 -0.7035874 -0.2582967 -0.6620041 -0.7035861 -0.2582995 -0.6620063 -0.7035831 -0.7452258 -0.4569393 -0.4856388 -0.7068843 -0.4999681 -0.5003465 -0.7071059 -0.3763348 -0.598643 0.7140845 -0.4088582 -0.5682592 0.2582987 -0.5642153 -0.784183 0.2582976 -0.5642138 -0.7841844 -0.2582984 -0.5642149 -0.7841833 -0.2582975 -0.564216 -0.7841829 -0.7140867 -0.4088566 -0.5682574 -0.7064179 -0.415197 -0.5732237 0.7063413 -0.3346536 -0.6237701 0.2582994 -0.456718 -0.8512873 0.2582978 -0.4567138 -0.85129 -0.2582994 -0.4567167 -0.8512881 -0.2582974 -0.4567179 -0.851288 -0.7063454 -0.3346509 -0.6237668 -0.7063446 -0.3346511 -0.6237676 0.7427079 -0.2366092 -0.6264193 0.2583048 -0.3413593 -0.9037436 0.2583021 -0.3413605 -0.903744 -0.2582993 -0.3413602 -0.9037449 -0.2583077 -0.3413589 -0.9037429 -0.7063429 -0.2501264 -0.6622059 -0.7602382 -0.2150747 -0.6130096 -0.7070698 -0.1260994 -0.6958098 0.7063464 -0.1612957 -0.6892449 0.2582939 -0.2201306 -0.9406523 0.2583022 -0.2201294 -0.9406504 -0.2582935 -0.2201294 -0.9406528 -0.2583026 -0.220131 -0.9406498 -0.7347034 -0.1545798 -0.6605423 -0.7066538 -0.1715616 -0.6864452 0.7063464 -0.06969153 -0.7044273 0.2583038 -0.09511226 -0.9613704 0.2582972 -0.0951119 -0.9613721 -0.2583033 -0.09511137 -0.9613705 -0.2582977 -0.09511172 -0.961372 -0.7063449 -0.06969153 -0.7044289 -0.7063468 -0.06969171 -0.704427 -0.7063431 0.2059379 -0.6772511 -0.7069759 0.1423599 -0.6927616 -0.7443093 0.108985 -0.6588825 -0.7068417 0.09663283 -0.7007403 -0.7063446 0.02311217 -0.7074908 -0.735044 0.03017163 -0.6773478 -0.7070828 -0.01493102 -0.7069732 -0.8655098 -0.3527198 0.3556427 -0.9048483 -0.3241692 0.2759785 -0.8655586 0.1456981 -0.4791456 -0.8751149 0.1497265 -0.4601697 -0.8583756 0.103265 -0.5025214 -0.8657931 0.110201 -0.4881168 -0.8658621 0.06834316 -0.4955928 -0.8635216 0.06513661 -0.5000879 -0.8685046 0.02205783 -0.4951903 -0.8657945 0.01850968 -0.5000573 -0.8660108 -0.01055628 -0.4999139 -0.866002 -0.08916777 -0.492026 -0.8577606 -0.05060958 -0.5115521 -0.88277 -0.02607285 -0.4690815 -0.8621037 -0.07474553 -0.501189 -0.865748 -0.1213524 -0.4855453 -0.8674728 -0.1185289 -0.4831584 -0.8641855 -0.1665851 -0.4747979 -0.865794 -0.1636145 -0.4728966 -0.8659638 -0.1961651 -0.4600284 -0.8615792 -0.209589 -0.4623352 -0.8731745 -0.2304269 -0.4294995 -0.8647323 -0.2487378 -0.4363114 -0.8660258 -0.2661093 -0.4233028 -0.8656013 -0.2937348 -0.4055299 -0.8732869 -0.2793691 -0.3991529 -0.8596339 -0.3366526 -0.3843107 -0.8657934 -0.3235848 -0.3816998 -0.8658879 -0.3535883 -0.3538553 -0.8628166 -0.3611211 -0.3537503 -0.8696227 -0.3797526 -0.3155065 -0.8657929 -0.3882912 -0.3156467 -0.8660194 -0.4047258 -0.2936114 -0.8601441 -0.4339489 -0.2680307 -0.8806075 -0.3937273 -0.2636461 -0.8617724 -0.4457953 -0.2421052 -0.8660206 -0.4980951 -0.04370099 -0.8638195 -0.4997168 -0.06402379 -0.8735883 -0.4804891 -0.07729071 -0.8616304 -0.4953091 -0.1107341 -0.8659787 -0.4850661 -0.1216216 -0.8657925 -0.4761722 -0.1538299 -0.8653633 -0.4770575 -0.1535014 -0.8662208 -0.459241 -0.1968739 -0.8657813 -0.4601708 -0.196636 -0.8659894 -0.445962 -0.226231 -0.865644 -0.5005403 -0.01095211 -0.8715684 -0.4899755 -0.01710826 -0.8608757 -0.5075463 0.03591609 -0.8657927 -0.4995725 0.02881592 -0.8659109 -0.4955604 0.06795763 -0.8622671 -0.5007563 0.07575476 -0.8707262 -0.4789518 0.1115397 -0.8657928 -0.4857417 0.1202412 -0.8660228 -0.4784881 0.1450989 -0.865976 -0.4497342 0.2186885 -0.8623033 -0.4729273 0.1810324 -0.8785258 -0.4511103 0.1571369 -0.8616014 -0.4618611 0.2105408 -0.8658124 -0.434669 0.2478546 -0.8651071 -0.4352284 0.2493315 -0.8665254 -0.4088979 0.2862453 -0.8657936 -0.4093611 0.2877931 -0.8659921 -0.3899635 0.3130275 -0.8546565 -0.3798497 0.3539442 -0.8648846 -0.3640568 0.345597 -0.9084585 -0.2943286 0.2967724 -0.9530934 -0.2126095 0.2154302 -0.9236361 -0.2638236 0.2780169 -0.9237351 -0.2916526 0.2482991 -0.9237353 -0.2916514 0.2482995 -0.9237331 -0.3133512 0.2202914 -0.9237361 -0.3133428 0.2202906 -0.9237346 -0.3323598 0.1903982 -0.9237362 -0.3323543 0.1903997 -0.9237339 -0.3485307 0.1588774 -0.9237366 -0.3485234 0.1588783 -0.9237333 -0.3617204 0.1259971 -0.9237356 -0.3617143 0.1259975 -0.9237335 -0.3718132 0.09203952 -0.9237368 -0.3718057 0.09203815 -0.9237343 -0.3787248 0.05729341 -0.9237355 -0.3787219 0.05729371 -0.9237344 -0.3823981 0.02205783 -0.923739 -0.3823871 0.0220583 -0.9237343 -0.3828005 -0.01336705 -0.9237364 -0.3827957 -0.01336705 -0.9237335 -0.3799307 -0.04867589 -0.9237378 -0.37992 -0.04867744 -0.9237342 -0.3738064 -0.08357024 -0.9237375 -0.3737981 -0.08357 -0.9237319 -0.3644924 -0.1177489 -0.9237371 -0.3644792 -0.1177486 -0.923735 -0.3520462 -0.1509207 -0.9237349 -0.3520469 -0.1509208 -0.9237357 -0.3365948 -0.1828013 -0.9237359 -0.3365944 -0.1828008 -0.9237333 -0.3182736 -0.2131166 -0.9237355 -0.3182672 -0.2131172 -0.9237354 -0.2972154 -0.2416114 -0.9237347 -0.2972172 -0.2416115 -0.9237338 -0.2736261 -0.2680386 -0.9237354 -0.2736208 -0.2680386 -0.9237343 -0.2476917 -0.292171 -0.9237356 -0.2476841 -0.2921733 -0.9237344 -0.2196368 -0.3138067 -0.923736 -0.219632 -0.3138053 -0.9237346 -0.189704 -0.3327566 -0.9237372 -0.1896965 -0.3327533 -0.9237339 -0.1581501 -0.3488614 -0.9237362 -0.1581424 -0.3488587 -0.9237347 -0.1252425 -0.3619785 -0.9237349 -0.1252366 -0.3619801 -0.9237342 -0.09126013 -0.3720038 -0.9237347 -0.09125912 -0.3720026 -0.9237351 -0.05650156 -0.3788421 -0.9237346 -0.05650061 -0.3788432 -0.9237362 -0.02125626 -0.3824393 -0.9237346 -0.02125549 -0.3824428 -0.9237351 0.01416838 -0.3827698 -0.9237346 0.01416909 -0.382771 -0.9237342 0.04947257 -0.379826 -0.9237357 0.04947203 -0.3798224 -0.9237351 0.08435434 -0.373628 -0.9237337 0.0843532 -0.3736318 -0.9237351 0.1185127 -0.3642367 -0.9237349 0.1185104 -0.3642377 -0.9904249 -0.0971651 0.09806931 -0.9914411 -0.09361088 0.09100353 -0.9914273 -0.09948694 0.08470237 -0.9914262 -0.0994969 0.08470302 -0.9914273 -0.1068875 0.07514804 -0.9914265 -0.1068937 0.07514858 -0.9914269 -0.1133763 0.06495118 -0.9914265 -0.11338 0.06495076 -0.9914273 -0.1188889 0.05419802 -0.9914257 -0.1189023 0.0541976 -0.991427 -0.1233901 0.04298192 -0.9914268 -0.1233928 0.04298114 -0.9914273 -0.1268322 0.03139716 -0.9914261 -0.1268408 0.03139758 -0.9914273 -0.1291893 0.01954436 -0.9914253 -0.129205 0.01954454 -0.9914276 -0.130441 0.007524371 -0.991427 -0.1304454 0.007524847 -0.9914273 -0.1305809 -0.004559993 -0.9914253 -0.1305952 -0.004559516 -0.991428 -0.1295955 -0.01660513 -0.9914256 -0.1296137 -0.01660501 -0.9914274 -0.1275113 -0.0285083 -0.991426 -0.127522 -0.02850848 -0.991427 -0.1243352 -0.04016762 -0.9914264 -0.1243401 -0.04016774 -0.9914267 -0.1200941 -0.05148375 -0.9914274 -0.1200886 -0.05148369 -0.9914278 -0.1148143 -0.06235897 -0.9914259 -0.1148312 -0.06235885 -0.991427 -0.1085687 -0.07270115 -0.9914262 -0.1085763 -0.07270079 -0.9914267 -0.1013911 -0.08242082 -0.991427 -0.1013875 -0.08242124 -0.9914271 -0.09333807 -0.0914359 -0.9914265 -0.09334367 -0.09143579 -0.9914269 -0.08449232 -0.09966844 -0.991427 -0.08449244 -0.09966868 -0.9914271 -0.07492095 -0.107048 -0.9914266 -0.07492566 -0.107049 -0.9914269 -0.06471109 -0.1135134 -0.9914266 -0.06471526 -0.1135137 -0.9914268 -0.0539481 -0.1190066 -0.9914268 -0.05394887 -0.1190063 -0.991427 -0.04272204 -0.1234813 -0.9914267 -0.04272329 -0.1234825 -0.991427 -0.03113019 -0.1269003 -0.9914268 -0.03113257 -0.1269007 -0.9914268 -0.01927214 -0.1292346 -0.9914267 -0.01927405 -0.1292351 -0.9914268 -0.007250726 -0.1304617 -0.9914267 -0.007251322 -0.130464 -0.9914268 0.004832983 -0.1305736 -0.9914265 0.0048334 -0.1305759 -0.9914267 0.01687616 -0.1295703 -0.9914269 0.01687616 -0.1295682 -0.9914268 0.02877485 -0.127456 -0.9914268 0.02877497 -0.1274555 -0.991427 0.0404275 -0.1242515 -0.9914265 0.04043066 -0.1242535 -0.9227823 -0.2951735 -0.2476802 -0.5448577 -0.6423528 -0.5389925 -0.1451936 -0.7579255 -0.6359778 -0.2587794 -0.7508296 -0.6076911 -0.3092619 -0.735458 -0.6028755 -0.4172984 -0.6961635 -0.5841391 -0.8570982 -0.3946318 -0.3311321 -0.8355122 -0.4214056 -0.3526144 -0.7070798 -0.5474663 -0.4475699 -0.7312742 -0.5331596 -0.4254161 -0.6065475 -0.6116179 -0.5079604 -0.9698982 -0.1984659 -0.1410984 -0.9657863 -0.2091545 -0.1533342 -0.9938687 -0.08470135 -0.0710693 -0.0856688 -0.9716612 0.2203081 -0.2227624 -0.9465782 0.2331669 -0.5330382 -0.8410319 0.09238928 -0.9659134 -0.2586857 0.009646594 -0.8362177 -0.4831719 0.2593938 -0.8848087 -0.4272944 0.1858308 -0.7747619 -0.5743319 0.2643618 -0.2569941 -0.5892302 0.7660039 -0.5860261 -0.7338832 0.3434953 -0.5550903 -0.6577774 0.5091207 -0.8210248 -0.5005282 0.2745724 -0.1111169 -0.8066339 0.5805126 -0.3144446 -0.9140728 0.2561163 -0.3188109 -0.9106758 0.2627342 -0.3918969 -0.9140578 0.1044757 -0.1049159 -0.9676392 0.2294933 -0.07413953 -0.9152153 0.3960865 -0.06815898 -0.8199421 0.5683743 -0.7249772 -0.6814487 0.1001787 -0.6281325 -0.7590005 0.1713707 -0.4705778 -0.8029724 0.3657756 -0.4705719 -0.8029609 0.3658085 -0.1662299 -0.7674529 0.6191799 0.2569846 -0.5892112 0.7660217 0.4705776 -0.802968 0.3657857 0.1393908 -0.9685669 0.20603 0.9659215 -0.2586555 0.009649336 0.8848096 -0.4272949 0.1858256 0.8361392 -0.4833209 0.2593694 0.5330153 -0.8410515 0.09234273 0.7097303 -0.6598024 0.2468681 0.6969282 -0.7145469 0.06094235 0.8078491 -0.5365096 0.2440026 0.7850474 -0.5322461 0.3168827 0.06815963 -0.8199288 0.5683934 0.07413953 -0.9152153 0.3960865 0.1065342 -0.9696831 0.2199209 0.3918958 -0.91406 0.1044608 0.320133 -0.9109589 0.2601323 0.3120535 -0.9135893 0.2607244 0.1111096 -0.8066566 0.5804823 0.6061686 -0.6381154 0.4747299 0.5242451 -0.7202978 0.4542449 0.4705917 -0.8029538 0.3657986 0.1662299 -0.7674529 0.6191799 0.9956682 -0.06543964 0.06604886 0.9237343 0.118513 -0.3642384 0.9237342 0.1185121 -0.364239 0.9237335 0.08435338 -0.373632 0.923734 0.08435434 -0.3736308 0.9237346 0.04947227 -0.3798252 0.923734 0.04947316 -0.3798262 0.9237346 0.01416921 -0.3827713 0.923734 0.0141682 -0.3827725 0.9237355 -0.02125626 -0.3824408 0.923734 -0.02125656 -0.3824443 0.9237344 -0.05650025 -0.3788435 0.923734 -0.05649971 -0.3788447 0.9237335 -0.09126091 -0.3720052 0.923734 -0.09126073 -0.3720042 0.9237346 -0.1252387 -0.3619802 0.9237338 -0.1252417 -0.3619812 0.9237327 -0.1581485 -0.3488652 0.9237357 -0.1581481 -0.3488577 0.9237347 -0.1897016 -0.3327575 0.923736 -0.1897015 -0.3327538 0.9237353 -0.2196346 -0.3138052 0.9237334 -0.2196373 -0.3138092 0.923734 -0.2476884 -0.2921747 0.9237351 -0.2476865 -0.2921729 0.9237344 -0.2736229 -0.2680401 0.9237333 -0.2736272 -0.2680392 0.9237343 -0.2972185 -0.2416115 0.9237334 -0.2972202 -0.2416129 0.9237352 -0.3182674 -0.2131179 0.923734 -0.3182708 -0.2131186 0.9237349 -0.3365969 -0.1828015 0.9237343 -0.3365986 -0.1828016 0.9237348 -0.3520466 -0.1509217 0.9237337 -0.3520496 -0.1509213 0.9237353 -0.3644835 -0.1177493 0.9237337 -0.3644879 -0.1177489 0.9237352 -0.3738036 -0.08357125 0.923734 -0.373807 -0.08356964 0.9237344 -0.3799278 -0.04867768 0.9237329 -0.3799318 -0.04867631 0.9237347 -0.3827994 -0.01336616 0.9237334 -0.3828027 -0.01336789 0.9237342 -0.3823985 0.02205866 0.9237329 -0.3824015 0.02205812 0.9237351 -0.3787229 0.05729281 0.9237335 -0.3787268 0.05729424 0.9237362 -0.3718071 0.09203881 0.9237328 -0.3718152 0.09203964 0.9237354 -0.3617145 0.1259983 0.9237334 -0.3617203 0.1259972 0.9237348 -0.348528 0.1588786 0.9237331 -0.3485325 0.1588785 0.9237352 -0.3323572 0.1903995 0.9237333 -0.3323624 0.1903996 0.9237362 -0.313342 0.2202917 0.9237331 -0.3133499 0.2202929 0.923735 -0.291652 0.2482999 0.9237332 -0.2916578 0.2482998 0.9238102 -0.2712194 0.2702125 0.9264615 -0.2650477 0.2672432 0.9914271 0.04042696 -0.1242506 0.9914269 0.04042702 -0.1242511 0.9914271 0.02877342 -0.1274544 0.991427 0.02877503 -0.1274539 0.991427 0.01687687 -0.1295677 0.991427 0.01687538 -0.1295673 0.9914269 0.004833877 -0.1305736 0.991427 0.00483334 -0.1305723 0.991427 -0.007250785 -0.1304608 0.9914269 -0.007251501 -0.1304613 0.9914271 -0.01927286 -0.129232 0.9914268 -0.01927417 -0.1292342 0.9914271 -0.03113007 -0.1268986 0.991427 -0.0311309 -0.126899 0.991427 -0.0427215 -0.1234804 0.991427 -0.04272305 -0.12348 0.9914271 -0.05394643 -0.1190052 0.991427 -0.05394887 -0.1190047 0.9914269 -0.06471234 -0.1135125 0.991427 -0.06471312 -0.1135114 0.9914273 -0.07492095 -0.1070467 0.9914269 -0.0749228 -0.1070482 0.9914271 -0.08449208 -0.09966683 0.9914267 -0.08449637 -0.0996679 0.9914273 -0.0933361 -0.09143435 0.9914269 -0.09334063 -0.09143483 0.9914271 -0.1013878 -0.08241987 0.9914271 -0.1013875 -0.08241993 0.9914271 -0.1085691 -0.07270038 0.9914267 -0.1085726 -0.07269978 0.9914273 -0.1148204 -0.06235766 0.991427 -0.1148215 -0.06235849 0.9914275 -0.1200879 -0.05148309 0.9914266 -0.1200951 -0.05148285 0.9914269 -0.1243355 -0.04016715 0.9914268 -0.1243366 -0.04016727 0.9914274 -0.1275113 -0.02850812 0.9914269 -0.1275152 -0.02850782 0.9914276 -0.1295986 -0.0166049 0.9914268 -0.1296039 -0.01660484 0.9914277 -0.1305776 -0.004559576 0.9914267 -0.1305851 -0.004559755 0.9914271 -0.1304443 0.007524609 0.991427 -0.1304454 0.007524251 0.991427 -0.1291924 0.0195443 0.9914267 -0.1291952 0.01954418 0.9914276 -0.126829 0.03139698 0.9914265 -0.1268373 0.03139674 0.9914274 -0.1233868 0.04298108 0.9914267 -0.1233929 0.04298096 0.991427 -0.1188922 0.05419731 0.991427 -0.1188924 0.05419695 0.9914274 -0.1133728 0.06495028 0.9914265 -0.1133801 0.06494998 0.9914272 -0.1068882 0.0751475 0.9914268 -0.106893 0.07514703 0.991427 -0.09949022 0.08470129 0.9914269 -0.09949016 0.08470183 0.9913576 -0.08630889 0.0987969 0.9765903 -0.1509652 0.1532356 0.9894244 -0.1111125 -0.09323924 0.9657833 -0.2092653 -0.1532016 0.9509612 -0.24383 -0.1903154 0.8858679 -0.3521956 -0.3019874 0.7933474 -0.4690113 -0.3881088 0.7954521 -0.4670878 -0.3861154 0.402402 -0.6997752 -0.5902435 0.5502753 -0.6401089 -0.5361509 0.6087561 -0.610144 -0.5070902 0.6407367 -0.5881344 -0.4935125 0.745389 -0.5106729 -0.4284955 0.2431167 -0.7553726 -0.6085282 0.2587807 -0.7507251 -0.6078194 0.1110732 -0.7613047 -0.6388098 0.6779705 0.7350892 0 0.4260268 0.9047107 0 0.4260457 0.9047018 0 0 -0.2791631 0.9602438 0 -0.279163 0.9602438 0 -0.85589 0.517158 0 -0.8558898 0.5171584 0 -0.6316826 0.7752271 0.001892089 -0.5815002 0.8135441 -6.30278e-4 -0.4443033 0.8958762 0 -0.02229857 0.9997515 -0.002822041 -0.1335611 0.9910367 0 -0.2431617 0.9699859 0 -0.386875 0.9221322 0 -0.3868737 0.9221328 -0.09275835 -0.9183199 0.3848175 -0.08103024 -0.99655 -0.01795035 -0.05577421 -0.9063653 -0.4187973 -0.02142322 -0.6615823 -0.7495665 -0.09244626 -0.918066 0.385498 -0.2048485 -0.9035491 0.3763456 -0.204145 -0.9035303 0.376773 -0.352387 -0.865676 0.3555679 -0.3504859 -0.8628925 0.3641102 -0.480578 -0.8137928 0.3267813 -0.5730608 -0.7753352 0.265437 -0.07909834 -0.9967806 -0.01311659 -0.1783659 -0.983703 -0.02267765 -0.1739853 -0.9845484 -0.01984375 -0.3013036 -0.9528813 -0.03511935 -0.2981957 -0.9544886 -0.005560636 -0.4836629 -0.8728525 -0.06479972 -0.4888399 -0.872336 -0.008107006 -0.5753034 -0.8151739 -0.06721282 -0.5656378 -0.8230999 -0.05060213 -0.6247938 -0.7747339 -0.0970574 -0.645334 -0.7634645 -0.02580809 -0.691493 -0.7160584 -0.09538239 -0.6910388 -0.7201362 -0.06220382 -0.7194277 -0.6846944 -0.1166943 -0.7601114 -0.6483951 -0.04259663 -0.7732802 -0.6256935 -0.1026915 -0.7761296 -0.6268239 -0.06866586 -0.5951566 -0.7411763 0.3105584 -0.6954848 -0.675514 0.2449117 -0.6882601 -0.6789513 0.2555841 -0.7730453 -0.6065647 0.1856893 -0.7764984 -0.5816077 0.2424515 -0.8494067 -0.5095539 0.1373435 -0.8446015 -0.508315 0.1681199 -0.8944749 -0.4420604 0.06706196 -0.9123971 -0.3818154 0.1474739 -0.9403022 -0.3387499 0.03286886 -0.9390625 -0.336088 0.07215791 -0.953145 -0.3015586 -0.02402359 -0.978106 -0.2016311 0.05151438 -0.8967571 -0.441154 -0.03478747 -0.7781872 -0.6229056 -0.08008497 -0.7933493 -0.6051286 -0.06645649 -0.6079367 -0.7813675 -0.1409888 -0.05216789 -0.9103116 -0.410623 -0.1226047 -0.9001367 -0.4179978 -0.1142656 -0.9034796 -0.4131198 -0.2015679 -0.8836214 -0.4225915 -0.1995479 -0.9047822 -0.376231 -0.3123835 -0.85559 -0.4127742 -0.3292814 -0.882786 -0.3350564 -0.3806685 -0.8468636 -0.3713673 -0.3680518 -0.8618365 -0.3489639 -0.3954055 -0.8406587 -0.3700643 -0.4325249 -0.8534973 -0.2906283 -0.4501994 -0.8343714 -0.3180328 -0.452483 -0.8455252 -0.2834544 -0.455316 -0.842213 -0.2887294 -0.5068687 -0.8318739 -0.2259869 -0.5070364 -0.8315228 -0.2269008 -0.5112639 -0.8360165 -0.199213 -0.5001945 -0.8543384 -0.1411081 -0.4413739 -0.8820192 -0.1650193 -0.01576203 -0.6716364 -0.7407133 -0.04736512 -0.6666069 -0.7439031 -0.03413611 -0.6737697 -0.7381526 -0.06996345 -0.6664238 -0.7422833 -0.06775939 -0.719222 -0.6914684 -0.09607654 -0.7068471 -0.7008114 -0.1221025 -0.7774503 -0.6169782 -0.1377251 -0.7659786 -0.62794 -0.1205893 -0.790508 -0.6004628 -0.1156644 -0.7941698 -0.5965871 -0.1640185 -0.8397418 -0.5176212 -0.1549438 -0.8499653 -0.5035389 -0.1579069 -0.8692148 -0.4685415 -0.1357434 -0.8942815 -0.4264203 -0.1869437 -0.9068331 -0.3777644 -0.1757596 -0.9298697 -0.3231888 -0.1793053 -0.9359921 -0.302933 -0.1644246 -0.9617601 -0.2190479 -0.1942632 -0.9600211 -0.2015473 -0.02920931 -0.9556763 -0.2929671 -0.04389643 -0.9404405 -0.3371123 -0.01010334 -0.9748874 -0.2224694 -0.01785123 -0.6929246 -0.7207891 -0.03704434 -0.6868229 -0.7258803 -0.05157047 -0.6809432 -0.7305183 -0.0420441 -0.6903571 -0.7222461 -0.02733582 -0.7222708 -0.69107 -0.007115483 -0.76829 -0.6400625 -4.45728e-4 -0.82961 -0.5583432 0.001349866 -0.8913844 -0.4532464 0 -0.9970874 -0.07626837 0 -0.9960389 0.08891874 -0.03093361 -0.9758931 0.2160459 0 -0.9404986 0.3397976 0 -0.8228635 0.5682392 -0.03093254 -0.7426829 0.6689285 0 -0.192234 0.9813491 -0.03093844 -0.3165699 0.9480646 0 -0.4359597 0.8999662 0 -0.6508984 0.7591649 0 -0.09647542 0.9953354 0 -0.0964753 0.9953354 0.6693234 0.7256821 0.1593478 0.3103836 0.9324517 0.1849213 0.3578086 0.7715269 0.5260411 0.1649374 0.9086741 0.3835454 0.1808454 0.5954086 0.7828049 0.1493394 0.6174333 0.7723172 0.4296024 0.7548938 0.4955575 0.4260293 0.7607938 0.4895833 0.6070485 0.7729387 0.1845474 0.4236954 0.8997035 0.1049571 0 -0.8229382 0.5681309 0 -0.8229382 0.568131 0 -0.8229381 0.5681311 0 -0.8229383 0.568131 -0.9800477 -0.1383959 0.1426643 -0.1914817 -0.6834043 0.704481 -0.1914796 -0.6834048 0.7044811 -0.4354068 -0.6268234 0.6461529 -0.5520017 -0.5435084 0.6323708 -0.6013253 -0.5563368 0.5734958 -0.8264377 -0.3920292 0.4041211 -0.864506 -0.1996003 0.4612907 -0.7876005 -0.4290425 0.442276 -0.1914815 0.01490181 0.9813832 -0.1914798 0.01490259 0.9813835 -0.5481225 0.01269948 0.8363017 -0.5481271 0.01270139 0.8362987 -0.8264392 0.008549094 0.5629613 -0.8264379 0.008547008 0.5629632 -0.9800477 0.003017902 0.1987398 -0.1914815 0.389327 0.900977 -0.1914851 0.3893274 0.900976 -0.5481226 0.3317708 0.7677823 -0.5481289 0.3317689 0.7677788 -0.8264377 0.2233352 0.5168387 -0.8264394 0.2233301 0.5168381 -0.9800473 0.07884478 0.1824579 -0.1914634 -0.3617908 0.9123865 -0.1914837 -0.3617892 0.912383 -0.5481243 -0.3083071 0.7775003 -0.5481273 -0.3083046 0.7774991 -0.8264371 -0.2075387 0.5233827 -0.8264366 -0.2075415 0.5233826 -0.9800479 -0.07326531 0.1847654 -0.1116119 0.9847981 0.1330997 -0.1267377 0.9813853 0.1442932 -0.3171756 0.8668595 0.3846482 -0.3571758 0.8367836 0.4149924 -0.2060432 0.6403975 0.73989 -0.4844368 0.6473351 0.5884543 -0.5337858 0.5714557 0.6233068 -0.04390591 0.9861016 0.1602372 -0.04824274 0.9843342 0.1695844 -0.1057759 0.9148288 0.3897432 -0.1397342 0.8633852 0.4848096 -0.1465169 0.8360902 0.5286645 -0.1903929 0.6800971 0.7079679 -0.2588582 0.8536071 0.4520481 -0.4280459 0.8393889 0.3349673 -0.664728 0.5745834 0.4774836 -0.5018453 0.7894557 0.3534277 -0.5094493 0.7912176 0.3382843 -0.539777 0.7794172 0.3180406 -0.5359693 0.7782189 0.3272803 -0.6170405 0.7219073 0.3132267 -0.6139938 0.7176349 0.3286515 -0.6462303 0.7024451 0.2982571 -0.7288873 0.4827518 0.4854629 -0.7628667 0.4906991 0.4210095 -0.7928843 0.4661825 0.392439 -0.8098239 0.4713876 0.349255 -0.8795997 0.355877 0.3156836 -0.8890261 0.3682261 0.2721071 -0.917118 0.3302059 0.2232906 -0.2499672 0.8842487 0.394488 -0.9658634 0.2229365 0.131937 -0.9184428 0.3339351 0.2120149 -0.7066224 0.6407069 0.300299 -0.6403387 0.6871422 0.3432231 -0.2247411 0.8945479 0.3863618 -0.2352382 0.9225518 0.3058778 -0.215596 0.9226512 0.3197395 -0.2296361 0.9417153 0.245845 -0.1711207 0.9530193 0.2499443 -0.1970917 0.9621534 0.1881901 -0.1733141 0.9639025 0.2021239 -0.1929942 0.9677731 0.1617665 -0.1272998 0.9814074 0.1436461 0.9657551 0.1455593 0.2147777 0.9657585 0.1455375 0.2147777 0.706193 0.3971863 0.5861184 0.7061852 0.3971975 0.58612 0.2582014 0.5419683 0.7997515 0.2581975 0.5419662 0.7997543 0.9658734 0.1520451 0.2096921 0.7068166 0.4152637 0.5726835 0.2586312 -0.6504836 0.7141296 0.2586253 -0.5910597 0.7640428 0.2586334 -0.5910564 0.7640426 0.2586245 -0.527822 0.8090225 0.2586094 -0.5278183 0.8090298 0.2586089 -0.4611705 0.8487892 0.2586401 -0.4611672 0.8487816 0.2586092 -0.3915435 0.8830714 0.2586307 -0.3915384 0.8830673 0.2586097 -0.3193871 0.911654 0.2586326 -0.3193866 0.9116476 0.2586256 -0.2451727 0.9343464 0.2586277 -0.2451718 0.934346 0.2586093 -0.1693764 0.9510167 0.2586213 -0.1693746 0.9510139 0.2586257 -0.09248387 0.9615402 0.2586317 -0.09248399 0.9615386 0.2586094 -0.01499569 0.9658657 0.258629 -0.01499569 0.9658604 0.2586094 0.06258767 0.9639524 0.2586249 0.06258857 0.9639481 0.2586257 0.1397696 0.9558123 0.2585983 0.1397699 0.9558197 0.2586092 0.2160498 0.9415115 0.2586357 0.2160435 0.9415057 0.2586424 0.2909267 0.9211221 0.2586181 0.2909317 0.9211273 0.2586092 0.3639404 0.8948009 0.2586531 0.3639346 0.8947907 0.258643 0.4345872 0.8626923 0.2586169 0.4345957 0.8626958 0.2586246 0.5024507 0.8250192 0.2586355 0.5024433 0.8250203 0.2586252 0.5670556 0.7820236 0.2586472 0.5670506 0.78202 0.7068319 0.4152492 0.5726753 0.7068258 0.3679448 0.6041638 0.7068158 0.3679451 0.6041754 0.7068265 0.3182543 0.631752 0.7068252 0.3182516 0.6317548 0.706826 0.2665156 0.6552607 0.7068203 0.2665098 0.6552692 0.7068176 0.2130565 0.6745486 0.7068237 0.21305 0.6745443 0.7068176 0.158217 0.6894753 0.7068195 0.1582104 0.6894749 0.7068178 0.1023558 0.6999514 0.7068292 0.102351 0.6999406 0.706818 0.04583472 0.7059091 0.7068181 0.04583299 0.7059091 0.7068268 -0.01098191 0.7073014 0.7068416 -0.01098066 0.7072867 0.7068443 -0.06772571 0.7041197 0.7068165 -0.06772571 0.7041475 0.7068354 -0.1240325 0.6964192 0.7068237 -0.1240314 0.6964313 0.706827 -0.1795395 0.6842231 0.7068275 -0.1795384 0.6842228 0.7068263 -0.2338913 0.6676014 0.7068142 -0.2338916 0.6676139 0.7068258 -0.2867303 0.6466708 0.7068146 -0.2867273 0.6466843 0.7068262 -0.3377148 0.6215671 0.7068291 -0.3377112 0.6215656 0.7068184 -0.3865252 0.5924578 0.7068336 -0.386511 0.5924488 0.7068266 -0.4328343 0.5595093 0.7068166 -0.4328372 0.5595198 0.258625 -0.65049 0.714126 0.6103352 -0.5334237 0.5856194 0.7069401 -0.4712114 0.5274425 0.7945498 -0.4088932 0.4488843 0.8982921 -0.2958914 0.3248382 0.9658749 0.1520438 0.2096866 0.9658744 0.1347194 0.2212179 0.965872 0.134728 0.2212231 0.9658735 0.1165246 0.231323 0.9658724 0.1165372 0.2313215 0.9658746 0.09757584 0.2399273 0.965872 0.09759438 0.2399308 0.9658728 0.07800811 0.2469908 0.9658725 0.07801181 0.2469909 0.9658738 0.05793035 0.2524516 0.9658729 0.0579307 0.2524553 0.9658715 0.03747797 0.2562961 0.9658737 0.03747677 0.2562882 0.9658751 0.01678222 0.2584643 0.9658727 0.01678252 0.2584734 0.9658704 -0.00402069 0.258995 0.9658724 -0.004021286 0.2589876 0.9658715 -0.02479851 0.2578319 0.9658743 -0.02480006 0.2578215 0.9658727 -0.04541534 0.2550046 0.9658746 -0.04541629 0.2549975 0.9658741 -0.06573587 0.2505316 0.9658726 -0.06574118 0.2505363 0.965873 -0.08563727 0.2444498 0.9658737 -0.0856415 0.2444457 0.9658733 -0.1049816 0.2367861 0.9658737 -0.1049889 0.2367813 0.9658729 -0.1236486 0.2275979 0.9658743 -0.1236599 0.227586 0.9658731 -0.1415257 0.2169324 0.9658728 -0.1415308 0.2169305 0.9658752 -0.1584759 0.2048676 0.9658723 -0.1584913 0.204869 0.9659151 -0.1703417 0.1949147 0.9814383 -0.1291477 0.1417733 -0.9807785 -0.1342614 0.1415891 -0.9814573 -0.1315006 0.1394605 -0.8968298 -0.3045494 0.3208521 -0.8983992 -0.3022034 0.3186721 -0.7932873 -0.4189625 0.4417754 -0.794726 -0.41747 0.4406014 -0.6086952 -0.5461371 0.5755211 -0.6105512 -0.544974 0.574657 -0.4422004 -0.6171869 0.6507989 -0.2588236 -0.6720122 0.6938372 -0.1950333 -0.6748949 0.7116733 -0.7906054 -0.4699862 0.3924996 -0.4419015 -0.6353073 0.6333308 -0.1950499 -0.6716307 0.7147501 -0.6085882 -0.5525498 0.5694816 -0.8926257 -0.3682485 0.2600238 -0.9510812 -0.3088741 -0.00642848 -0.9734948 -0.2162308 0.07451242 -0.975351 -0.2083628 0.07263123 -0.1927849 -0.6725934 0.7144593 -0.1890504 -0.6852128 0.70338 -0.1879219 -0.6864148 0.70251 -0.1819137 -0.7026759 0.6878619 -0.1756362 -0.7033104 0.6888443 -0.1637374 -0.7179931 0.6765176 -0.1612809 -0.7194433 0.6755662 -0.1471732 -0.7347511 0.6621789 -0.1399606 -0.7336086 0.6650033 -0.1201299 -0.7460308 0.6549862 -0.1173067 -0.7467864 0.6546367 -0.5513448 -0.6029594 0.5765925 -0.5377546 -0.6517294 0.5348541 -0.5364837 -0.6536151 0.5338283 -0.5128054 -0.7126864 0.4786531 -0.5075415 -0.7150625 0.4807155 -0.4639384 -0.7715824 0.4352261 -0.4619537 -0.7731661 0.4345263 -0.4113708 -0.8252548 0.3869479 -0.406504 -0.826206 0.3900491 -0.3388827 -0.8709005 0.3559367 -0.3368973 -0.871744 0.3557564 -0.8291082 -0.4190664 0.3700852 -0.8052196 -0.5195717 0.2857742 -0.8039064 -0.5223477 0.2844073 -0.7637471 -0.614316 0.1982581 -0.7600069 -0.6181315 0.200756 -0.6941047 -0.7083578 0.1282496 -0.6926077 -0.709932 0.1276372 -0.6112645 -0.7895287 0.05477529 -0.6087293 -0.7913292 0.05698317 -0.5059283 -0.8625717 0.002623319 -0.5047946 -0.863236 0.002465248 -0.5956326 -0.7224581 -0.3511072 -0.7173263 -0.6369585 -0.2823598 -0.7181072 -0.6356768 -0.2832617 -0.8183665 -0.53933 -0.1984933 -0.8192801 -0.5381032 -0.1980531 -0.8394085 -0.5137841 -0.1772548 -0.9027734 -0.4104872 -0.1284548 -0.9042518 -0.4149529 -0.100713 -0.9499283 -0.3123669 -0.007953584 -0.4159106 -0.7546593 -0.5074524 -0.5352032 -0.7551936 -0.3784708 -0.5954519 -0.7226035 -0.3511145 -0.06181991 -0.7649153 0.6411575 -0.06003671 -0.7649452 0.6412912 -0.1738008 -0.9362543 0.3053213 -0.1726332 -0.9364275 0.3054529 -0.2589744 -0.9627593 -0.07763278 -0.258435 -0.9629098 -0.07756483 -0.1218261 -0.9872954 -0.1020115 -0.1221274 -0.9872037 -0.1025375 -0.08167803 -0.9539588 0.2886027 -0.08237761 -0.954236 0.2874853 -0.02840417 -0.7705868 0.636702 -0.02946454 -0.7717362 0.63526 -0.09433555 -0.7593935 0.6437565 -0.08963555 -0.7571072 0.6471122 -0.2627817 -0.9099852 0.3207381 -0.2598087 -0.9098337 0.3235772 -0.389686 -0.9196243 -0.04935681 -0.3884469 -0.9202238 -0.04793119 -0.4566531 -0.7897943 -0.4095032 -0.3040466 -0.8404551 -0.4485432 -0.304307 -0.8403592 -0.4485462 -0.1428728 -0.8687977 -0.4741078 -0.1429969 -0.8686822 -0.4742819 0 -0.7709006 0.6369556 0 -0.9571588 0.2895639 0 -0.9571548 0.2895766 0 -0.9947041 -0.1027802 0 -0.9947012 -0.1028086 0 -0.8776999 -0.4792108 0 -0.8776994 -0.4792115 0.06275999 -0.9552627 0.2890235 0.09329736 -0.9903661 -0.1023262 0.1092949 -0.8724406 -0.4763426 0.1093808 -0.872505 -0.4762047 0.2390181 -0.8548743 -0.4605001 0.239291 -0.8548541 -0.4603958 0.3957054 -0.8124397 -0.4282045 0.3958318 -0.8125286 -0.4279189 0.5405173 -0.7526334 -0.3760107 0.540507 -0.7526378 -0.3760166 0.06240212 -0.9555142 0.2882683 0.1366671 -0.9442806 0.2994268 0.1358259 -0.9445396 0.2989922 0.2268107 -0.9219614 0.3139172 0.2265548 -0.9231863 0.3104839 0.3075755 -0.8873333 0.3435653 0.3062763 -0.8882822 0.3422713 0.3816044 -0.8448653 0.3749408 0.3828271 -0.8465715 0.369811 0.4416321 -0.7940885 0.4175941 0.4407266 -0.7955968 0.4156752 0.4923541 -0.7378402 0.4617135 0.4953615 -0.7390702 0.4565 0.526432 -0.6775754 0.5135768 0.526324 -0.6791723 0.5115741 0.1920151 -0.675284 0.7121248 0.1847897 -0.6935392 0.6963163 0.1846765 -0.6920669 0.6978095 0.1755533 -0.711405 0.6805028 0.1711371 -0.7083441 0.6848071 0.1544944 -0.726019 0.6700955 0.1553507 -0.7239411 0.6721425 0.1358566 -0.7422598 0.6561962 0.1331149 -0.7377799 0.6617865 0.1070762 -0.7519463 0.6504702 0.1087135 -0.7502587 0.6521453 0.08002018 -0.7638584 0.640404 0.0798636 -0.7602989 0.6446453 0.04734051 -0.7675677 0.6392173 0.04850727 -0.7669869 0.6398267 0.02181899 -0.7715065 0.6358473 0.02230679 -0.7707107 0.6367949 0.1950566 -0.6761423 0.7104819 0.4416064 -0.6451402 0.6235206 0.5546355 -0.5996789 0.5768576 0.6066631 -0.5939633 0.5283632 0.7885749 -0.4884984 0.3735222 0.09312027 -0.9903506 -0.1026375 0.2036385 -0.9751439 -0.08732557 0.2032416 -0.9752045 -0.08757269 0.3375216 -0.939188 -0.06328582 0.3371737 -0.9392015 -0.06491982 0.4592465 -0.8881341 -0.01762133 0.4585039 -0.8885043 -0.01828837 0.5697203 -0.8211997 0.03240281 0.5697807 -0.821286 0.02897 0.6609613 -0.7437527 0.09981012 0.6601167 -0.7446957 0.09835773 0.7365226 -0.6547166 0.1699433 0.7378436 -0.6545807 0.1646541 0.7887239 -0.5607171 0.2520139 0.7883083 -0.5623873 0.2495807 0.8260278 -0.4444509 0.3466143 0.8895728 -0.3895478 0.2385641 0.6288592 -0.7017638 -0.3347592 0.6773004 -0.6383282 -0.3657886 0.7308307 -0.6260819 -0.2718601 0.780139 -0.5806052 -0.2329828 0.7795122 -0.5811043 -0.2338345 0.8685122 -0.473928 -0.1451855 0.8682352 -0.4729972 -0.1498047 0.9320854 -0.3591294 -0.0473597 0.9312572 -0.3608981 -0.05012738 0.9696862 -0.2379514 0.05556857 0.9706922 -0.235807 0.04638755 0.1950337 -0.6748964 0.7116719 0.2588267 -0.6720092 0.693839 0.98146 -0.1318892 0.1390733 0.9807803 -0.1338632 0.1419535 0.8983933 -0.3023614 0.318539 0.8968299 -0.3044049 0.3209891 0.7947205 -0.4176649 0.4404264 0.7932966 -0.4187729 0.4419388 0.610576 -0.5451328 0.5744799 0.6086814 -0.5459565 0.5757069 0.4422119 -0.6171694 0.6508076 0 -0.06486874 0.9978938 0 -0.06486892 0.9978939 -1 -1.94404e-6 0 1 0 0 1 -7.27288e-7 0 1 2.30322e-6 0 1 -4.07974e-7 0 1 3.68813e-7 0 0.02892386 -0.4322362 -0.9012964 0.0434255 -0.4209905 -0.9060251 0.02457702 -0.7943282 -0.6069917 0 -0.7085323 -0.7056784 0 -0.5146963 -0.8573726 0.0218299 -0.9848739 -0.171892 0 -0.957148 -0.2895992 0 -0.8558918 -0.5171551 0.02145761 -0.95305 0.3020519 0 -0.9830185 0.183507 0 -0.9985449 -0.05392724 0 -0.2997786 0.9540088 0 -0.2997789 0.9540087 0 -0.7062381 0.7079744 0 -0.706238 0.7079746 0 -0.911283 0.4117808 0.6013253 -0.5563368 0.5734958 0.8934161 -0.3127943 0.3224399 0.9800473 0.07884478 0.1824579 0.980048 -0.1383948 0.1426632 0.8264365 -0.2075392 0.5233836 0.8264381 0.008546411 0.5629628 0.826439 0.008549094 0.5629615 0.8264412 0.2233324 0.5168343 0.8264368 0.223334 0.5168408 0.1914821 -0.6834043 0.7044809 0.4354072 -0.6268223 0.6461536 0.5520017 -0.5435084 0.6323708 0.5481273 -0.3083046 0.7774991 0.5481244 -0.3083063 0.7775004 0.5481213 0.01269841 0.8363025 0.5481241 0.0127002 0.8363006 0.5481278 0.3317685 0.7677798 0.5481212 0.3317718 0.767783 0.1914795 -0.6834047 0.7044811 0.191482 -0.361791 0.9123826 0.1914829 -0.3617908 0.9123825 0.191482 0.01490235 0.981383 0.1914795 0.01490223 0.9813836 0.1914818 0.389327 0.9009768 0.1914845 0.3893271 0.9009763 0.9800477 0.003017902 0.1987398 0.7875999 -0.4290431 0.4422765 0.8312813 -0.3194069 0.4549181 0.8264379 -0.2075399 0.5233809 0.9800478 -0.07326561 0.1847662 1 2.54773e-7 0 1 2.499e-7 0 1 3.87479e-7 0 0 0.6927703 0.7211584 0.001919388 0.8452053 0.5344386 0 0.9841558 0.1773062 1.47374e-4 0.9870513 0.160405 -6.83238e-5 0.9124299 0.4092333 7.42066e-6 0.9199901 0.3919419 -2.11029e-5 0.7516323 0.6595824 -0.002720177 0.5782411 0.8158615 0.9069314 0.1487328 -0.3941499 0.9238778 0.1366684 -0.3574517 0.9914451 0.04608058 -0.1221198 0.9956983 0.0355122 -0.08557879 0.968518 0.08696633 -0.2332593 0.8660263 0.1765251 -0.4678006 0.8660265 0.1765241 -0.4678006 0.8660247 0.176526 -0.4678031 -0.8481364 0.1870306 -0.4956654 -0.7071068 0.2508486 -0.6611165 -0.7459579 0.2382812 -0.6219075 -0.3583679 0.3302987 -0.8731983 -0.525516 0.2999345 -0.7961609 -0.6368044 0.2732111 -0.7209965 0.1045229 0.351404 -0.9303711 0.06290543 0.3521735 -0.9338185 -0.1045467 0.3513187 -0.9304006 -0.1255883 0.3501862 -0.9282226 -0.3237094 0.3341249 -0.8851965 0.7071025 0.2496466 -0.6615759 0.793303 0.2201875 -0.567616 0.6470893 0.2699938 -0.713007 0.3583662 0.3284447 -0.8738981 0.4775559 0.3128011 -0.8210334 0.2743181 0.3391644 -0.8998428 -0.8660255 0.1765249 -0.4678021 -0.8660266 0.1765238 -0.4678003 -0.8660241 0.1765259 -0.4678043 -0.9914448 0.04608374 -0.1221215 -0.9976882 0.02858406 -0.06165432 -0.980637 0.06840461 -0.1834996 -0.9238776 0.1360649 -0.3576822 -0.9159852 0.1416498 -0.3753752 -1 1.2957e-6 0 -1 -9.39971e-7 0 -1 9.05649e-7 0 -1 -3.43974e-7 0 -1 9.35758e-7 0 -1 1.65095e-7 0 -1 6.23662e-7 0 -1 1.39229e-6 0 -1 -1.84098e-6 0 -1 -1.83784e-6 0 -1 -4.04522e-6 0 -1 1.98454e-6 0 -1 3.5779e-6 0 -1 -8.95739e-7 0 -1 1.40141e-6 0 -1 -9.11607e-7 0 -1 9.47253e-7 0 -1 2.51864e-7 0 -1 -7.82732e-7 0 -0.9657244 -0.2574223 0.03332161 -0.7256283 -0.6827746 0.08533763 -0.8595183 -0.506878 0.06559747 -0.2264238 -0.9689506 0.09933382 -0.3915554 -0.9125415 0.1181207 -0.5324842 -0.8394381 0.1086483 -0.08670747 -0.9879932 0.1278718 -0.9657167 -0.2574513 0.03332102 -0.9657204 -0.2489116 0.07366949 -0.96572 -0.2489129 0.07367128 -0.9657201 -0.2341036 0.1121612 -0.9657194 -0.2341079 0.11216 -0.9657217 -0.2133794 0.1478209 -0.9657207 -0.2133854 0.1478182 -0.7924138 -0.5014287 0.3473464 -0.7055233 -0.7041193 0.08033096 -0.7059817 -0.6791107 0.2009937 -0.7059931 -0.6790986 0.200995 -0.7059907 -0.6387001 0.3060054 -0.7059934 -0.6386961 0.3060078 -0.7050044 -0.5709002 0.4207633 -0.6075439 -0.6529265 0.4523024 -0.2576351 -0.9604938 0.1052418 -0.2580507 -0.9264065 0.2741916 -0.2580561 -0.9264044 0.2741938 -0.2580528 -0.8712916 0.4174444 -0.2580564 -0.871293 0.4174392 -0.2580546 -0.7941801 0.5501689 -0.2580519 -0.7941865 0.550161 0 -0.8218387 0.5697203 0 -0.9752413 0.2211436 0 -0.9752452 0.2211263 0 -0.9176106 0.3974809 0 -0.8218459 0.5697099 0.2580519 -0.7941852 0.5501629 0.9657204 -0.2574368 0.03332114 0.9657219 -0.2489058 0.07366901 0.9657193 -0.2489153 0.07367175 0.965723 -0.2340922 0.1121604 0.9657177 -0.2341141 0.112161 0.9657232 -0.2133727 0.1478202 0.9657179 -0.2133975 0.1478188 0.9657229 -0.2574279 0.03332149 0.8595969 -0.506744 0.06560349 0.7058441 -0.702934 0.08756673 0.7059863 -0.6791043 0.2009994 0.7059931 -0.6790998 0.2009908 0.7059836 -0.638708 0.3060055 0.7059934 -0.638697 0.3060061 0.7059842 -0.5821776 0.4033059 0.7059873 -0.5821791 0.4032984 0.7259513 -0.6835047 0.07626295 0.5324709 -0.8394469 0.1086455 0.3915445 -0.9125466 0.1181174 0.258053 -0.7941879 0.5501585 0.2580528 -0.8712916 0.4174444 0.2580641 -0.8712884 0.4174441 0.258057 -0.9264048 0.2741912 0.2580555 -0.9264044 0.2741943 0.2575821 -0.960745 0.1030555 0.1407355 -0.9818575 0.12708 1 0 0 1 -6.17524e-7 0 1 6.11285e-7 0 1 -2.2629e-7 0 1 0 0 1 1.41136e-7 0 1 0 0 1 2.48406e-7 0 1 1.33675e-7 0 1 0 0 1 6.01432e-7 0 1 1.51066e-7 0 1 -1.54107e-7 0 1 -2.34833e-7 0 1 6.38685e-7 0 1 -1.63505e-7 0 1 0 0 1 0 0 1 2.6091e-7 0 1 0 0 1 2.11811e-7 0 1 0 0 1 0 0 1 -8.65552e-7 0 1 3.37149e-7 0 1 -2.5494e-7 0 1 -8.94573e-7 0 1 -5.34309e-7 0 1 -8.71549e-7 0 1 2.33712e-7 0 1 1.83784e-7 0 1 9.71519e-7 0 1 1.08153e-6 0 1 -6.6657e-7 0 1 -3.87564e-6 0 1 5.83217e-6 0 1 1.96301e-7 0 1 -1.75723e-6 0 0.913199 0.4075138 5.40944e-4 0.8080841 0.5890672 0 0.8187682 0.5741244 -1.62383e-4 0.8460776 0.5329523 0.01070243 0.8959258 0.4442036 -5.29496e-4 0.9860057 0.1667107 5.32009e-4 0.9892179 0.1464517 0 0.341902 0.937874 -0.05912107 0.6778376 0.7349939 -0.01789176 0.752053 0.6581259 -0.03587108 0.670563 0.7404063 -0.0463016 0.6683209 0.7435297 -0.02260208 0.4257861 0.9041908 -0.03384411 0.1633425 0.970474 -0.1774813 0.3482479 0.9289011 -0.125961 0.408012 0.9049242 -0.1209898 0.558744 0.8245531 -0.08898067 -0.08567076 -0.9716598 0.2203131 -0.222781 -0.9465734 0.2331687 -0.5329684 -0.8410773 0.09237718 -0.9659188 -0.2586656 0.00964123 -0.836068 -0.4834238 0.2594068 -0.884809 -0.4272946 0.1858291 -0.7747686 -0.5743216 0.2643641 -0.2569962 -0.5892211 0.7660101 -0.5860374 -0.7338711 0.3435019 -0.5550951 -0.6577699 0.5091251 -0.8210278 -0.50053 0.27456 -0.1111152 -0.8066404 0.580504 -0.318809 -0.9106808 0.2627188 -0.3919009 -0.9140534 0.1044995 -0.104916 -0.9676452 0.2294678 -0.07413434 -0.9152276 0.396059 -0.7249832 -0.6814422 0.1001796 -0.6281563 -0.7589792 0.1713772 -0.4705829 -0.8029677 0.3657795 -0.1662346 -0.7674378 0.6191974 0.4705826 -0.8029633 0.3657895 0.1393964 -0.9685644 0.2060382 0.9659188 -0.2586656 0.009649336 0.8362088 -0.4831566 0.2594505 0.5330132 -0.8410483 0.09238493 0.7097394 -0.6597913 0.2468713 0.8078442 -0.5365175 0.2440018 0.7850348 -0.5322678 0.3168776 0.06815826 -0.8199369 0.5683819 0.07413607 -0.9152235 0.3960682 0.1065313 -0.9696847 0.219915 0.3918858 -0.9140647 0.1044581 0.320129 -0.9109612 0.260129 0.3120394 -0.9135975 0.2607127 0.6061705 -0.6380979 0.4747509 0.5242406 -0.7203153 0.454222 0.4705848 -0.8029603 0.3657932 0.1662361 -0.7674328 0.6192033 1 -2.02461e-7 0 1 -4.47294e-7 0 1 -4.47706e-7 0 1 9.57466e-7 0 1 9.01954e-7 0 1 -5.93423e-7 0 1 9.05525e-7 0 1 -4.72718e-7 0 1 2.35183e-7 0 1 9.29416e-7 0 1 -9.44437e-7 0 1 -9.46396e-7 0 1 9.42967e-7 0 1 -7.39632e-7 0 1 1.77605e-6 0 1 1.91793e-6 0 1 -1.91589e-6 0 1 1.79271e-6 0 1 -1.91243e-6 0 1 1.79663e-6 0 1 -3.60384e-6 0 1 1.90126e-6 0 1 1.8936e-6 0 1 1.85006e-6 0 1 -1.86435e-6 0 1 1.88033e-6 0 1 -1.89807e-6 0 1 1.80515e-6 0 1 -9.69669e-7 0 1 -9.59244e-7 0 0.2045474 0.9788556 0.0014292 0.2092083 0.9778612 0.0044052 0.2346697 0.9720732 0.001982629 0.2089118 0.9779341 -9.00531e-4 0.2088041 0.9779497 0.003917574 0.2012512 0.9795398 0 0.1998633 0.9798238 -6.8543e-5 0.2303095 0.9731175 8.08885e-5 0.2469566 0.9690262 8.93332e-4 0.2642615 0.9644511 0 -0.2559313 -0.2698665 0.9282625 -0.2559486 -0.2698616 0.9282591 -0.7028688 -0.1985784 0.6830389 -0.7028692 -0.1985726 0.6830402 -0.965144 -0.07306462 0.2513141 -0.9651448 -0.07306051 0.2513121 -0.2586116 -0.3737133 0.8907629 -0.1409429 -0.2407363 0.9603026 -0.9655206 -0.005806922 0.260262 -0.9655197 -0.005803227 0.2602658 -0.7048909 -0.01581227 0.7091395 -0.7048895 -0.01581561 0.7091407 -0.9651739 -0.07369673 0.2510146 -0.9651717 -0.073704 0.2510206 -0.7030172 -0.2003497 0.6823686 -0.7030146 -0.2003505 0.6823711 -0.2560721 -0.2723259 0.9275051 -0.257322 -0.02154409 0.9660856 -0.2573052 -0.02154898 0.9660899 -0.255958 -0.06270754 0.964652 -0.2559461 -0.0627076 0.9646551 -0.7028692 -0.04614341 0.7098209 -0.7028688 -0.04614275 0.7098213 -0.965144 -0.01697748 0.261168 -0.9651457 -0.01698112 0.2611619 -0.6103335 -0.533429 0.5856165 -0.2586393 -0.6504826 0.7141276 -0.8982913 -0.2958908 0.3248409 -0.7945459 -0.4088883 0.4488955 -0.9814411 -0.1291315 0.1417692 -0.2586176 -0.6504885 0.7141301 -0.2586308 -0.5910569 0.7640432 -0.2586278 -0.5910598 0.7640419 -0.2586149 -0.5278152 0.8090301 -0.2586205 -0.5278172 0.8090269 -0.2586307 -0.4611682 0.848784 -0.2586185 -0.461169 0.8487873 -0.2586307 -0.3915416 0.8830659 -0.2586089 -0.391543 0.8830717 -0.2586312 -0.3193873 0.9116477 -0.2586109 -0.3193897 0.9116528 -0.2586476 -0.2464603 0.9340015 -0.2586406 -0.2464627 0.9340029 -0.7069373 -0.4712163 0.527442 -0.7068235 -0.4328368 0.5595113 -0.7068171 -0.4328358 0.5595203 -0.7068238 -0.3865229 0.5924526 -0.7068236 -0.3865211 0.5924543 -0.7068244 -0.337714 0.6215694 -0.7068297 -0.3377089 0.6215662 -0.7068249 -0.2867255 0.6466738 -0.7068105 -0.2867339 0.6466859 -0.7068246 -0.2338885 0.6676042 -0.7068153 -0.2338907 0.6676132 -0.7068415 -0.1804816 0.6839603 -0.706834 -0.1804825 0.6839677 -0.9659131 -0.1703579 0.1949108 -0.9658746 -0.1584846 0.2048636 -0.9658753 -0.158478 0.2048651 -0.9658727 -0.1415282 0.2169324 -0.9658761 -0.1415206 0.2169224 -0.9658734 -0.1236596 0.2275894 -0.965876 -0.1236488 0.2275844 -0.965875 -0.1049843 0.2367781 -0.9658746 -0.1049859 0.2367793 -0.965875 -0.0856381 0.2444415 -0.9658749 -0.08563739 0.2444425 -0.9658793 -0.06608343 0.2504202 -0.9658788 -0.06607913 0.2504234 -0.9806888 0.1097115 0.1619037 -0.965321 0.1323322 0.2250413 -0.8964177 0.2486413 0.3668962 -0.2581969 0.5419661 0.7997545 -0.1948769 0.5308719 0.8247413 -0.4414075 0.5033852 0.7428074 -0.7061779 0.3972024 0.5861255 -0.6087279 0.4073386 0.6808272 -0.7925895 0.3420627 0.5047724 -0.2587171 0.5745097 0.7765334 -0.2587097 0.5745076 0.7765374 -0.7069352 0.4206598 0.5685842 -0.7069377 0.4206583 0.5685822 -0.9658962 0.1539996 0.2081553 -0.965897 0.1539965 0.2081542 -0.9654692 0.17272 0.195031 -0.9654677 0.172727 0.195032 -0.7046216 0.4704462 0.5312145 -0.7046051 0.4704619 0.5312225 -0.2571384 0.640703 0.7234498 -0.2571198 0.6407017 0.7234575 -0.96547 0.2136643 0.1490482 -0.9654682 0.2136721 0.149048 -0.7046159 0.5819815 0.4059728 -0.7046146 0.5819846 0.4059707 -0.2571181 0.7925969 0.5528839 -0.2571312 0.7925931 0.5528831 -0.9807826 0.1088363 0.1619263 -0.9720813 0.1298194 0.1954609 -0.9950532 0.05643945 0.0817539 -0.7742786 0.354741 0.5240722 -0.8585286 0.2899637 0.4229064 -0.9223244 0.2203717 0.3174181 -0.831471 0.3162155 0.4567974 -0.5555717 0.4718596 0.6846084 -0.5684038 0.466125 0.677971 -0.1950886 0.5587608 0.8060563 -0.2199653 0.5542164 0.8027825 -0.4422795 -0.7375219 0.5103433 -0.09350544 -0.8193337 0.5656403 -0.1950659 -0.7976042 0.5707688 -0.2067039 -0.796855 0.5677109 -0.3582772 -0.7727096 0.5239822 -0.9951142 -0.08125007 0.05609256 -0.9788479 -0.1589372 0.1288247 -0.9468234 -0.2424119 0.2115709 -0.9807313 -0.1665191 0.1021649 -0.887427 -0.3777948 0.2640919 -0.8968719 -0.363578 0.2518568 -0.8082285 -0.4853779 0.3334294 -0.7933475 -0.4990245 0.3486751 -0.720199 -0.570915 0.3941694 -0.6087641 -0.652994 0.450561 -0.6094881 -0.6524193 0.4504147 -0.491201 -0.7168114 0.4948768 -0.7041519 -0.6678008 0.2412722 -0.7893005 -0.6131614 0.03221535 -0.9802663 -0.1974094 0.0103715 -0.8968331 -0.4404162 -0.04152166 -0.194966 -0.9779533 -0.07480555 -0.419236 -0.8089119 -0.4121928 -0.1697801 -0.9815785 0.08762776 -0.9650257 -0.2617943 0.01375389 -0.9653878 -0.245298 0.08862996 -0.9653831 -0.245317 0.08862924 -0.9653838 -0.2146314 0.1482145 -0.965384 -0.21463 0.1482158 -0.9653844 -0.1697728 0.1980158 -0.9653834 -0.1697789 0.1980153 -0.9653834 -0.1137068 0.2347459 -0.9653845 -0.1137155 0.2347376 -0.9653839 -0.05013793 0.2559689 -0.9653835 -0.05014365 0.2559694 -0.7041516 -0.6678016 0.2412708 -0.7041569 -0.5842697 0.4034749 -0.7041575 -0.5842705 0.4034727 -0.7041576 -0.4621665 0.5390402 -0.7041618 -0.4621646 0.5390362 -0.7041578 -0.3095483 0.6390162 -0.7041612 -0.3095532 0.63901 -0.7041678 -0.136492 0.6967911 -0.7041656 -0.1364903 0.6967935 -0.6066578 -0.7949374 -0.006419003 -0.7022301 -0.7109696 0.03735303 -0.2555168 -0.9654731 0.05072385 -0.2568131 -0.9089555 0.3284008 -0.2568199 -0.9089539 0.3284002 -0.2568181 -0.7952643 0.5491807 -0.2568091 -0.7952657 0.5491825 -0.2568081 -0.6290676 0.7337054 -0.2568317 -0.6290643 0.7337 -0.2568285 -0.4213345 0.8697795 -0.2568005 -0.4213407 0.8697848 -0.2568079 -0.1857869 0.9484372 -0.2568172 -0.1857874 0.9484345 -0.2586999 -0.09319084 0.961452 -0.2587044 -0.09319013 0.9614508 -0.7069227 -0.06823676 0.7039916 -0.7069211 -0.06823444 0.7039934 -0.9658946 -0.02498012 0.2577279 -0.9658923 -0.02498179 0.2577363 -0.9807851 0.09754723 0.1689533 -0.980786 0.09754472 0.1689491 -0.8968806 0.2211357 0.38302 -0.8968755 0.2211373 0.383031 -0.7933497 0.304384 0.5272066 -0.7933546 0.304384 0.527199 -0.6087629 0.3966715 0.6870658 -0.6087482 0.3966842 0.6870716 -0.4422817 0.4484508 0.7767103 -0.4423204 0.4484123 0.7767105 -0.1950744 0.4903998 0.8493846 -0.1951039 0.4903903 0.8493832 -0.6551421 0.7477151 0.108217 -0.9423766 0.3130747 0.1179439 -0.1951006 0.491387 0.8488079 -0.2363962 0.7646679 0.5994999 -0.4423298 0.4487766 0.7764946 -0.6087462 0.4034167 0.6831421 -0.6280898 0.7053587 0.3285915 -0.7933446 0.3014249 0.5289117 -0.9643528 0.1161427 0.2377703 -0.8746651 0.4788039 -0.07554954 -0.8968198 0.2291602 0.3784177 -0.7836408 0.5839893 0.2118107 -0.7897875 0.47139 0.392463 -0.6005808 0.5172818 0.6096903 -0.6900915 0.51775 0.5056765 -0.2170283 0.5305644 0.8193901 -0.2564365 0.5416659 0.8005238 -0.4297239 0.8834636 0.1866269 -0.5150311 0.7841656 0.3461607 -0.3942542 0.7423848 0.5416904 -0.434023 0.7711886 0.465717 -0.1404163 0.6037024 0.7847463 -0.1570177 0.6211518 0.7677995 -0.2088401 0.9630917 0.1698238 -0.2082585 0.9705193 0.1213299 -0.1382248 0.8576998 0.4952222 -0.1397159 0.8719442 0.4692472 -0.04906499 0.64202 0.7651163 -0.04983782 0.649277 0.7589173 0.04272925 0.9842606 0.17148 0.0410571 0.9839797 0.1734884 0.02796298 0.8662958 0.4987481 0.02688837 0.865703 0.4998354 0.009839773 0.6430659 0.7657477 0.00946784 0.6427621 0.7660073 0.1280287 0.9770898 0.1700122 0.1227189 0.9767434 0.1758197 0.08390122 0.8627672 0.4985916 0.08037471 0.8613434 0.5016248 0.02955102 0.6420866 0.7660625 0.02829414 0.6413056 0.7667638 0.1774972 0.9687777 0.1731026 0.1766859 0.9684948 0.1754988 0.1161153 0.8576106 0.5010204 0.1155502 0.856983 0.5022233 0.04039961 0.6403806 0.7669945 0.04019892 0.6400656 0.7672681 0.2203469 0.9605403 0.1697342 0.2181462 0.9595133 0.1781762 0.1444386 0.853986 0.4998455 0.1427708 0.8516541 0.5042834 0.05031388 0.6396171 0.7670453 0.04968798 0.6383762 0.7681191 0.752126 0.6329848 0.1834032 0.7255374 0.65869 0.1993062 0.5144007 0.6693641 0.5360446 0.492991 0.6804591 0.542158 0.1836439 0.5826587 0.7916969 0.1755467 0.5850814 0.791747 0.6965432 0.497376 0.5171505 0.5927737 0.5338386 0.6030222 0.2583468 0.5344429 0.8047534 0.213654 0.5360456 0.816705 0.9312531 0.3547167 0.08333027 0.5663423 0.4224681 0.707656 0.8187654 0.5192793 0.2448928 0.9659246 0.1294192 0.2241438 0.9659254 0.1294097 0.224146 0.7071062 0.3535503 0.612375 0.7071067 0.3535533 0.6123727 0.2588167 0.4829643 0.8365162 0.2588373 0.4829596 0.8365126 0 0.3966674 0.9179626 0 0.3966671 0.9179626 0 0.01518303 0.9998848 1.13601e-6 -0.3686124 0.9295832 0 -0.3686143 0.9295825 -3.62876e-7 -0.6962881 0.7177625 0 -0.6962884 0.7177621 0 1 3.19875e-6 0 1 0 0 1 -5.57299e-6 0 0.6396966 0.7686275 8.78398e-4 0.6629948 0.7486236 -5.68104e-4 0.763841 0.6454043 0.001142382 0.8201692 0.57212 -8.59125e-5 0.8534927 0.5211047 0 0.8839588 0.4675649 2.52878e-7 0.8957983 0.4444611 4.03481e-4 0.9197211 0.3925721 0 0.9986951 0.05107074 -0.001608371 0.9565326 0.2916213 -0.004272043 0.9798231 0.1998211 0.003396451 0.9381743 0.3461464 -0.001803219 0.9929856 0.1182221 3.40007e-4 0.9806852 0.1955926 -2.11698e-4 0.9979983 0.0632416 0 -0.2551425 0.9669035 -0.002204954 -0.6305759 0.7761245 -0.00260514 -0.6344963 0.7729216 -0.004691481 -0.652002 0.7582027 -0.003836214 -0.6453225 0.7639006 -0.003165066 -0.6398411 0.7685009 0 -0.6733967 0.7392813 -0.001817226 -0.6881097 0.7256045 0.002725303 -0.6118741 0.7909505 -0.006928563 -0.6665734 0.7454074 -0.005737423 -0.6589149 0.7521955 -0.004860341 -0.5968965 0.8023036 0 -0.6052352 0.7960468 0.004207551 -0.609014 0.7931483 0.008653521 -0.6119547 0.7908455 0.01391321 -0.6152702 0.7881936 0.02098381 -0.6181008 0.7858187 0.004384934 -0.6118702 0.7909462 -5.05714e-4 -0.6448636 0.7642975 0.001271069 -0.6493372 0.7604996 0.004357993 -0.6550807 0.7555465 0 -0.6881111 0.7256054 0.0503751 -0.6725411 0.7383433 0.02725297 -0.6662905 0.7451941 0.01438283 -0.6604237 0.7507555 0.001074016 -0.09574091 0.9954057 -0.00120759 -0.01997351 0.9997998 0 -0.01552402 0.9998796 0 0.06479299 0.9978987 -0.01090234 0.1048208 0.9944314 0 0.1446918 0.9894768 0 0.223656 0.9746682 -0.01090258 0.2626134 0.9648396 0 0.5947569 0.8039057 0 0.3011778 0.9535681 0 0.3767549 0.926313 -0.01090282 0.4136375 0.9103765 0 0.4499011 0.8930785 0 0.5273978 0.8496185 -0.002802014 0.5201398 0.8540767 5.48964e-4 0.5690236 0.822321 0.001980602 0.5870248 0.8095666 0 0.5947571 0.8039055 -0.001817882 -0.626056 0.7797761 0 -0.6057934 0.7956221 0 -0.546406 0.8375205 0 -0.5464065 0.8375201 0 -0.4774094 0.878681 0 -0.4053311 0.91417 0 -0.4053307 0.9141702 0 -0.3306366 0.9437581 0 -0.3306366 0.9437581 0 -0.2551426 0.9669035 2.84791e-4 -0.2538071 0.9672548 -2.6808e-4 -0.1803711 0.9835987 7.22961e-4 -0.1753402 0.9845076 0 -0.1393453 0.9902439 0 -0.1001703 0.9949703 0 -0.1001702 0.9949704 0 0.5609902 0.8278225 0 0.5609885 0.8278237 0.8314667 0.3131922 0.4588834 0.9999197 0.007201015 0.01043254 0.9999213 0.007119119 0.01033401 0.9805993 0.1090621 0.1628817 0.9546564 0.1690623 0.2450493 0.8901109 0.2589973 0.3749974 0.9807851 0.1103156 0.1609071 0.9995526 0.008759617 0.02860337 0.9914087 0.07030302 0.1103017 0.7890923 0.3486528 0.5057418 0.5753756 0.4652149 0.6726947 0.5555727 0.4717395 0.6846903 0.3372234 0.5350703 0.7745839 0.002992987 0.568134 0.8229307 0.1950892 0.5570598 0.8072327 0.1115429 0.5598906 0.8210242 0.2394675 0.550094 0.8000326 0 0.5681312 0.822938 0 0.5681312 0.8229382 0.9658648 -0.2074888 0.1550924 0.7067775 -0.5666394 0.4235391 0.2585881 -0.773735 0.5783309 0.2585834 -0.7737393 0.5783272 0.2585915 -0.8210465 0.5089334 0.2585946 -0.8210461 0.5089325 0.258597 -0.86215 0.4356893 0.2585824 -0.8621563 0.4356853 0.2585926 -0.8967399 0.3591482 0.2585973 -0.8967395 0.3591459 0.2585975 -0.9245465 0.2798947 0.2585915 -0.9245487 0.2798933 0.2585913 -0.9453666 0.198526 0.2585977 -0.9453661 0.1985204 0.2586004 -0.9590361 0.1156535 0.2585853 -0.9590404 0.1156521 0.2585849 -0.9654616 0.03190445 0.2585905 -0.96546 0.03190863 0.2585875 -0.9645828 -0.05208349 0.2585878 -0.9645829 -0.05208009 0.2585901 -0.9564121 -0.1356734 0.2585898 -0.9564121 -0.1356735 0.2585908 -0.9410114 -0.2182396 0.2585919 -0.9410102 -0.2182428 0.2585918 -0.9184966 -0.2991564 0.2585905 -0.9184959 -0.2991595 0.2585931 -0.8890373 -0.3778126 0.2585902 -0.8890383 -0.3778123 0.2585912 -0.8528572 -0.4536135 0.2585911 -0.8528585 -0.4536113 0.2585924 -0.8102289 -0.525984 0.2585924 -0.810228 -0.5259853 0.2585963 -0.7614745 -0.5943775 0.2585898 -0.7614782 -0.5943756 0.2585968 -0.7069626 -0.6582794 0.2585831 -0.7069684 -0.6582785 0.258587 -0.6471157 -0.7171988 0.2585877 -0.6471114 -0.7172024 0.2585876 -0.5823652 -0.7707032 0.2585803 -0.582368 -0.7707036 0.2585875 -0.5132175 -0.8183767 0.2585926 -0.5132177 -0.8183751 0.2585877 -0.4401885 -0.8598642 0.2585932 -0.4401859 -0.8598641 0.2585874 -0.3638327 -0.8948511 0.2585707 -0.3638314 -0.8948564 0.2585879 -0.2847204 -0.9230746 0.2585893 -0.2847208 -0.9230741 0.2585878 -0.2034621 -0.9443175 0.2585932 -0.2034604 -0.9443165 0.2585721 -0.1206625 -0.9584264 0.2586015 -0.1206625 -0.9584184 0.2585721 -0.03695112 -0.9652851 0.2585825 -0.03695112 -0.9652823 0.2585878 0.04703903 -0.9648419 0.2586008 0.04703807 -0.9648385 0.2585878 0.1306737 -0.9571086 0.2585953 0.1306737 -0.9571065 0.2585878 0.2133201 -0.9421395 0.258591 0.2133207 -0.9421386 0.2586036 0.2943519 -0.9200441 0.2585911 0.2943547 -0.9200467 0.258588 0.3731591 -0.891002 0.2585944 0.3731623 -0.8909988 0.2585877 0.449152 -0.8552163 0.2586089 0.4491477 -0.8552122 0.2584048 0.5342757 -0.8048456 0.2583982 0.5342799 -0.804845 0.7067711 -0.566648 0.4235385 0.7067739 -0.6012918 0.3727184 0.7067707 -0.6012983 0.3727139 0.7067767 -0.6313932 0.3190757 0.7067667 -0.6314047 0.3190752 0.7067729 -0.6567271 0.2630239 0.7067682 -0.6567333 0.2630213 0.7067698 -0.6770963 0.2049809 0.7067676 -0.6770987 0.2049804 0.7067732 -0.6923394 0.1453887 0.7067702 -0.6923425 0.1453886 0.7067745 -0.7023503 0.08469849 0.7067756 -0.7023494 0.08469748 0.7067737 -0.7070538 0.0233668 0.7067728 -0.7070547 0.02336633 0.7067697 -0.7064148 -0.03814136 0.7067716 -0.7064129 -0.03814226 0.7067774 -0.7004238 -0.09935992 0.7067708 -0.7004304 -0.09935981 0.7067725 -0.6891497 -0.1598293 0.7067655 -0.6891571 -0.1598284 0.7067726 -0.6726601 -0.2190911 0.7067704 -0.6726634 -0.2190883 0.7067731 -0.6510856 -0.2766938 0.7067727 -0.6510863 -0.2766931 0.7067755 -0.6245864 -0.3322051 0.7067694 -0.6245934 -0.3322049 0.7067725 -0.5933714 -0.3852053 0.7067674 -0.5933762 -0.385207 0.7067798 -0.5576583 -0.4352925 0.7067641 -0.5576777 -0.4352932 0.7067739 -0.5177437 -0.4820915 0.7067708 -0.5177487 -0.4820907 0.7067775 -0.4739063 -0.5252413 0.7067652 -0.4739195 -0.5252459 0.7067845 -0.4264869 -0.5644153 0.7067655 -0.426504 -0.5644262 0.7067762 -0.3758494 -0.5993369 0.706766 -0.3758602 -0.5993421 0.7067669 -0.3223736 -0.6297268 0.7067726 -0.3223715 -0.6297215 0.7067756 -0.2664465 -0.6553431 0.7067743 -0.2664517 -0.6553424 0.7067757 -0.2085138 -0.6760106 0.7067743 -0.2085167 -0.676011 0.7067669 -0.1490062 -0.6915763 0.7067703 -0.1490058 -0.691573 0.7067756 -0.08836591 -0.7018973 0.7067693 -0.08836716 -0.7019034 0.7067839 -0.02706062 -0.7069118 0.7067652 -0.02706164 -0.7069305 0.7067755 0.03444814 -0.7065988 0.7067644 0.03444933 -0.7066097 0.7067671 0.09569835 -0.7009438 0.7067683 0.0957002 -0.7009423 0.7067841 0.156221 -0.6899647 0.7067732 0.1562255 -0.6899749 0.7067758 0.2155676 -0.6737942 0.7067725 0.2155719 -0.6737963 0.7067668 0.2732881 -0.6525292 0.7067818 0.2732815 -0.6525158 0.7067679 0.328934 -0.6263238 0.7067712 0.3289395 -0.6263172 0.7064889 0.3914157 -0.5896331 0.7064907 0.3914145 -0.5896318 0.9658635 -0.2074962 0.1550905 0.9658638 -0.2201827 0.1364797 0.9658644 -0.2201795 0.1364805 0.9658638 -0.2312057 0.1168382 0.9658644 -0.2312033 0.1168382 0.9658655 -0.2404747 0.09631192 0.9658638 -0.2404804 0.09631371 0.9658637 -0.2479388 0.07505941 0.9658632 -0.2479408 0.07505846 0.9658641 -0.25352 0.05323714 0.9658641 -0.2535196 0.05323815 0.9658646 -0.2571842 0.03101456 0.9658641 -0.2571862 0.03101432 0.965864 -0.2589085 0.008556365 0.9658617 -0.2589171 0.008556008 0.9658672 -0.2586614 -0.01396638 0.9658631 -0.2586766 -0.01396697 0.9658629 -0.2564864 -0.03638309 0.9658643 -0.2564809 -0.03638333 0.9658651 -0.252348 -0.05852568 0.9658651 -0.2523478 -0.0585249 0.9658663 -0.2463051 -0.08022558 0.9658636 -0.246316 -0.08022552 0.9658646 -0.2384116 -0.1013185 0.9658643 -0.2384131 -0.1013188 0.9658632 -0.2287155 -0.1216453 0.9658643 -0.2287104 -0.1216464 0.9658631 -0.2172847 -0.1410526 0.965864 -0.2172804 -0.141053 0.9658656 -0.2041984 -0.1593943 0.9658647 -0.2042037 -0.1593937 0.9658638 -0.18959 -0.1765302 0.9658632 -0.18959 -0.1765332 0.9658642 -0.1735374 -0.1923312 0.9658635 -0.1735405 -0.1923316 0.9658652 -0.1561676 -0.2066792 0.9658636 -0.1561768 -0.2066794 0.965866 -0.1376227 -0.2194603 0.9658634 -0.1376348 -0.2194644 0.9658643 -0.1180455 -0.2305897 0.9658645 -0.1180431 -0.2305895 0.9658631 -0.09757119 -0.2399759 0.9658648 -0.09756487 -0.2399715 0.9658632 -0.07635563 -0.2475445 0.9658641 -0.07635569 -0.247541 0.9658654 -0.05456465 -0.2532331 0.9658633 -0.05456084 -0.2532417 0.9658654 -0.03235763 -0.2570154 0.9658637 -0.03235739 -0.2570222 0.9658654 -0.00990951 -0.2588546 0.9658636 -0.009909152 -0.2588617 0.9658656 0.01261395 -0.258737 0.9658643 0.01261395 -0.2587414 0.9658656 0.03504192 -0.2566632 0.9658645 0.03504371 -0.2566667 0.9658632 0.05720722 -0.2526572 0.9658637 0.05720525 -0.2526555 0.9658632 0.07893908 -0.2467327 0.9658635 0.07893621 -0.2467324 0.9658631 0.1000739 -0.238943 0.9658629 0.1000748 -0.2389435 0.9658635 0.1204482 -0.229347 0.9658649 0.120449 -0.2293406 0.9658131 0.1433779 -0.2159814 0.965812 0.143379 -0.2159851 0.2031589 0.6353327 -0.7450363 0.2065894 0.6537171 -0.7279937 0.1735039 0.6584698 -0.7323346 0.5795363 0.4901215 -0.6510903 0.5077535 0.5202218 -0.6866991 0.853228 0.243979 -0.4609514 0.7739232 0.3110775 -0.5516102 0.233716 0.616491 -0.7518748 0.2370418 0.6240003 -0.7446038 0.6497287 0.4612588 -0.6042293 0.5795933 0.4904372 -0.6508019 0.9226961 0.1951996 -0.3324591 0.8569781 0.263459 -0.4429197 0.2587881 0.5963203 -0.7598888 0.2322766 0.5975719 -0.7674342 0.7071011 0.4299165 -0.561409 0.6491262 0.453261 -0.6108925 0.9659007 0.1499533 -0.2110685 0.9236471 0.2073481 -0.3223088 0.1766741 0.7292668 -0.6610267 0.7709872 0.3075579 -0.5576621 0.7723123 0.3062486 -0.5565479 0.5057768 0.5336779 -0.6777742 0.511331 0.530753 -0.6759008 0.1719306 0.6872185 -0.7058121 0.1825104 0.6848238 -0.705483 0.7723335 0.3159859 -0.551048 0.7737736 0.314439 -0.5499113 0.5076988 0.5568757 -0.6573672 0.5137361 0.5534357 -0.6555793 0.2206733 0.7034438 -0.6756257 0.1817157 0.7115513 -0.6787298 -0.7616949 0.2945035 -0.5771384 -0.5044871 0.5501868 -0.6654227 -0.1761892 0.7281909 -0.6623409 -0.7460265 0.3528209 -0.5647671 -0.7060083 0.2844082 -0.6485865 -0.6105405 0.4216383 -0.670419 -0.5516245 0.3632726 -0.7508286 -0.5511522 0.4050188 -0.7295143 -0.4844149 0.3468618 -0.8031371 -0.4261791 0.4503268 -0.7845874 -0.2919385 0.3823648 -0.8766808 -0.2700065 0.4555652 -0.848267 -0.1064563 0.4174937 -0.9024224 -0.1102645 0.4444234 -0.8890049 0.05020171 0.4392545 -0.896959 0.0578159 0.426368 -0.9027003 0.2072733 0.4512694 -0.8679826 0.2644569 0.3935331 -0.8804512 0.3638199 0.4387153 -0.8216837 0.4572536 0.3748433 -0.806481 0.5058245 0.4117681 -0.7580162 0.6129137 0.3463902 -0.7101765 0.6410822 0.3799323 -0.6668322 0.7626524 0.2963497 -0.5749246 -0.4880145 0.5816988 -0.6507445 -0.463972 0.5392546 -0.7028047 -0.3873177 0.6114971 -0.6899685 -0.3510381 0.5760069 -0.7382333 -0.3480676 0.5993868 -0.720822 -0.3071075 0.5631332 -0.7671806 -0.264751 0.620129 -0.7384762 -0.1817402 0.5779933 -0.7955465 -0.1660581 0.6191901 -0.7674818 -0.06563031 0.5957455 -0.8004874 -0.06742805 0.6109988 -0.7887548 0.0309202 0.6077918 -0.7934942 0.03537374 0.6004846 -0.7988536 0.1280499 0.6159393 -0.7773172 0.1634719 0.583617 -0.7954044 0.2261688 0.6122516 -0.7576251 0.287239 0.5779193 -0.7638738 0.3182328 0.6016399 -0.7326373 0.392971 0.5686905 -0.7226098 0.4107208 0.5899758 -0.6951526 0.5046455 0.5504774 -0.6650621 -0.1684418 0.7376531 -0.6538312 -0.1627213 0.7274186 -0.6666214 -0.1288647 0.7479884 -0.6510816 -0.1195824 0.7388602 -0.6631634 -0.1177616 0.7467825 -0.6545596 -0.105458 0.7358989 -0.6688284 -0.08686006 0.7545902 -0.6504223 -0.06129097 0.7415773 -0.6680618 -0.05431574 0.7559812 -0.6523361 -0.02165228 0.7483119 -0.6629936 -0.02224189 0.7537738 -0.6567574 0.01003903 0.7527033 -0.6582835 0.01178872 0.7500985 -0.6612212 0.04096293 0.7550117 -0.6544306 0.05550062 0.7438648 -0.6660218 0.0732221 0.7519133 -0.6551831 0.09862035 0.7414041 -0.6637726 0.1047942 0.7461144 -0.6575193 0.1363058 0.7377521 -0.6611676 0.1373884 0.7390674 -0.6594724 0.1776365 0.7312923 -0.6585263 -0.1396557 0.7004777 -0.6998767 -0.7737014 0.3142642 -0.5501129 -0.1766798 0.7292609 -0.6610316 -0.5079202 0.5573722 -0.656775 -0.2206748 0.7034392 -0.67563 -0.1817145 0.7115666 -0.678714 -0.1722326 0.6880122 -0.7049647 -0.3930677 0.5960862 -0.7001279 -0.5072467 0.5372613 -0.6738332 -0.5135373 0.5529196 -0.6561702 -0.7724148 0.3161485 -0.5508407 -0.7982605 0.2744971 -0.5361264 -0.7720555 0.3101834 -0.5547221 -0.6847556 0.3967696 -0.6112968 -0.5843576 0.4798423 -0.6544293 -0.7970174 0.345757 -0.4951922 -0.1832372 0.6019592 -0.777219 -0.8314459 0.3272048 -0.4490376 -0.7978453 0.3643168 -0.4803293 -0.5555679 0.501276 -0.6633752 -0.4618853 0.5539244 -0.6926975 -0.1839236 0.6193507 -0.7632673 -0.2225469 0.6211448 -0.7514334 -0.1580402 0.6408774 -0.7511988 -0.8923702 0.1790996 -0.4142449 -0.9013836 0.2347801 -0.3638488 -0.9598302 0.1226882 -0.2523363 -0.9617561 0.1615008 -0.2212301 -0.9806262 0.1028506 -0.166716 -0.8065235 0.3004201 -0.5091834 -0.7139163 0.384936 -0.5849341 -0.718894 0.4159279 -0.5569519 -0.5262407 0.5221441 -0.6711456 -0.5260881 0.5181383 -0.6743621 -0.1950874 0.5986596 -0.7768833 -0.1293118 0.6703476 -0.7306932 -0.1611544 0.6609724 -0.7329016 -0.3905081 0.5884977 -0.7079364 -0.4614646 0.5513591 -0.6950206 -0.5859946 0.4848227 -0.6492745 -0.6884536 0.408017 -0.599628 -0.8310127 0.3069421 -0.4639016 -0.6079617 -0.6459627 0.4616435 -0.1947906 0.5424661 -0.8171826 -0.2204798 0.5382432 -0.813439 -0.5548695 0.459081 -0.6938044 -0.1950785 0.4920873 -0.848407 -0.1947462 0.4386654 -0.8772951 -0.1947396 0.4386722 -0.8772931 -0.1950226 0.3621336 -0.9114964 -0.4301282 0.3034356 -0.850245 -0.1949898 0.3064213 -0.9317108 -0.1947516 0.2158754 -0.9568018 -0.3438634 0.2147726 -0.9141284 -0.3899205 -0.1291736 -0.9117435 -0.1950952 0.1662397 -0.9665932 -0.1947305 0.098921 -0.9758559 -0.1947478 0.09892302 -0.9758523 -0.1950404 0.02246356 -0.980538 -0.39928 -0.01820337 -0.9166484 -0.1949394 -0.0368067 -0.9801244 -0.1949328 -0.1218056 -0.9732238 -0.4261552 -0.436394 -0.7924342 -0.1950643 -0.1803644 -0.9640636 -0.1947305 -0.2536924 -0.947481 -0.1947662 -0.2536947 -0.9474731 -0.1950799 -0.3200106 -0.9271122 -0.339164 -0.3511236 -0.8727429 -0.1948574 -0.3754394 -0.9061324 -0.1949783 -0.4527215 -0.8700729 -0.1950455 -0.5044476 -0.8411242 -0.1947311 -0.5733069 -0.7958638 -0.1947258 -0.5733132 -0.7958606 -0.1950896 -0.6225177 -0.7578997 -0.2439262 -0.6575963 -0.7127884 -0.1947814 -0.6672074 -0.7189539 -0.1950104 -0.7270998 -0.658253 -0.4361407 -0.6854912 -0.582995 -0.1949998 -0.7655369 -0.6131302 -0.1947529 -0.8183454 -0.5407238 -0.2717332 -0.8005682 -0.5340898 -0.3539199 -0.9124785 -0.2052412 -0.1950925 -0.8472771 -0.4940246 -0.1947555 -0.8775778 -0.4380954 -0.194742 -0.8775827 -0.4380916 -0.1950534 -0.9106539 -0.3642302 -0.4210397 -0.8544742 -0.3043016 -0.1949592 -0.9310119 -0.3085575 -0.1948764 -0.954312 -0.2265215 -0.4077293 -0.9039909 0.1286757 -0.1950663 -0.9662177 -0.1684413 -0.1947404 -0.9759181 -0.09828525 -0.1947468 -0.9759173 -0.0982809 -0.1950682 -0.9804787 -0.02470016 -0.3790949 -0.9251632 0.01897799 -0.1948963 -0.9802146 0.03456741 -0.1949282 -0.9735003 0.1195837 -0.1950592 -0.9644723 0.1781718 -0.1947482 -0.9473114 0.2543119 -0.1947448 -0.9473131 0.2543073 -0.1950881 -0.9278362 0.3179006 -0.3057494 -0.8830763 0.3559405 -0.2583696 -0.7834786 0.5651605 -0.1946913 -0.7927501 0.5776181 -0.1950283 -0.8422704 0.5025381 -0.433152 -0.7892384 0.4352954 -0.1949898 -0.8710966 0.4507435 -0.1948282 -0.9069889 0.373381 -0.5548475 0.4590936 -0.6938136 -0.5548703 0.3720639 -0.7441018 -0.5548449 0.3720773 -0.7441141 -0.5548467 0.2796303 -0.783551 -0.5548681 0.2796191 -0.7835399 -0.5548694 0.1830999 -0.8115383 -0.5548657 0.1830999 -0.8115409 -0.5548694 0.08390247 -0.8276959 -0.5548597 0.08390361 -0.8277022 -0.5548693 -0.01651811 -0.8317735 -0.5548744 -0.01651841 -0.8317701 -0.5548693 -0.1166992 -0.823712 -0.5548617 -0.1166992 -0.8237171 -0.554847 -0.2151796 -0.8036434 -0.554871 -0.2151756 -0.8036279 -0.5548707 -0.3105059 -0.7718189 -0.5548589 -0.3105186 -0.7718225 -0.5548471 -0.4013234 -0.7287553 -0.554868 -0.4013169 -0.728743 -0.5548812 -0.4862599 -0.6750246 -0.5548675 -0.4862685 -0.6750296 -0.5548698 -0.564116 -0.6114677 -0.5548624 -0.5641226 -0.6114683 -0.5548579 -0.6337413 -0.538985 -0.5548645 -0.6337392 -0.5389806 -0.5548673 -0.6941076 -0.4586251 -0.5548638 -0.6941049 -0.4586334 -0.5548602 -0.7443509 -0.3715804 -0.5548613 -0.7443497 -0.3715811 -0.5548703 -0.7837178 -0.2791155 -0.5548684 -0.7837212 -0.2791097 -0.5548701 -0.8116571 -0.1825703 -0.5548602 -0.8116644 -0.1825686 -0.5548676 -0.8277518 -0.08336049 -0.5548579 -0.8277583 -0.08336049 -0.5548638 -0.8317663 0.01706296 -0.554857 -0.8317708 0.01706194 -0.5548624 -0.8236401 0.1172391 -0.5548614 -0.8236405 0.1172403 -0.5548675 -0.8034878 0.2157071 -0.5548678 -0.8034895 0.2157002 -0.5548648 -0.7716175 0.3110171 -0.5548651 -0.7716166 0.3110187 -0.5548608 -0.7284849 0.4017951 -0.5548709 -0.7284771 0.4017955 -0.5548608 -0.6747151 0.4867126 -0.7928261 -0.4942658 0.3565505 -0.8309934 0.3069761 -0.4639135 -0.8310092 0.2487721 -0.4975301 -0.8310062 0.2487784 -0.4975321 -0.8310125 0.1869685 -0.5238904 -0.8309959 0.1869757 -0.523914 -0.8310086 0.1224243 -0.5426205 -0.8309916 0.1224375 -0.5426437 -0.8309983 0.05610132 -0.5534387 -0.8310044 0.05610191 -0.5534297 -0.8309983 -0.01104491 -0.5561652 -0.831004 -0.01104408 -0.556157 -0.8310086 -0.07802534 -0.5507602 -0.8310042 -0.07803255 -0.5507658 -0.8310084 -0.1438725 -0.537332 -0.8310016 -0.1438782 -0.5373412 -0.8309941 -0.2076231 -0.516083 -0.831012 -0.207619 -0.5160557 -0.8310089 -0.2683315 -0.4872603 -0.8309976 -0.2683477 -0.4872704 -0.8310106 -0.3251256 -0.4513477 -0.8309975 -0.3251451 -0.451358 -0.8310059 -0.3771843 -0.4088536 -0.8309938 -0.3772069 -0.4088574 -0.8310025 -0.4237441 -0.360383 -0.8309991 -0.4237484 -0.3603855 -0.831006 -0.4640995 -0.3066609 -0.830998 -0.4641192 -0.3066524 -0.8310126 -0.4976829 -0.2484552 -0.8310036 -0.4976994 -0.2484519 -0.8309997 -0.5240334 -0.1866245 -0.8310013 -0.5240307 -0.1866251 -0.8310102 -0.5426966 -0.122076 -0.8310033 -0.5427085 -0.1220701 -0.8310075 -0.5534617 -0.05573946 -0.8310058 -0.5534642 -0.05573815 -0.8310048 -0.5561483 0.01140975 -0.8310031 -0.5561508 0.01140898 -0.8310081 -0.5507094 0.07838892 -0.8310025 -0.5507177 0.07839071 -0.8310066 -0.5372394 0.1442292 -0.8309956 -0.5372572 0.1442256 -0.831005 -0.5159301 0.2079585 -0.8309976 -0.5159417 0.2079593 -0.831008 -0.487079 0.2686631 -0.8310015 -0.4870961 0.2686524 -0.831062 -0.4524593 0.323445 -0.9658538 -0.2080255 0.1544405 -0.9807183 -0.1584891 0.1143371 -0.9807202 -0.1711098 0.09438931 -0.9807136 -0.1711483 0.09438818 -0.9807167 -0.1812643 0.07306349 -0.9807163 -0.1812657 0.07306379 -0.9807197 -0.1887354 0.05067259 -0.9807152 -0.1887592 0.05067193 -0.9807201 -0.1934673 0.02754086 -0.9807131 -0.1935026 0.02754127 -0.9807214 -0.1953703 0.004008829 -0.980714 -0.1954078 0.004008114 -0.9807199 -0.1944355 -0.01958298 -0.9807115 -0.1944776 -0.01958256 -0.9807204 -0.1906521 -0.04288887 -0.9807131 -0.1906895 -0.04288798 -0.9807186 -0.1840977 -0.06556785 -0.9807143 -0.184121 -0.06556779 -0.9807192 -0.1748436 -0.08729076 -0.9807119 -0.1748839 -0.08729088 -0.9807175 -0.1630502 -0.1077398 -0.9807159 -0.1630605 -0.1077389 -0.9807181 -0.1488637 -0.1266154 -0.9807161 -0.148878 -0.1266148 -0.9807166 -0.1325182 -0.1436454 -0.9807162 -0.1325258 -0.1436404 -0.980718 -0.1142194 -0.1585754 -0.9807147 -0.1142445 -0.1585773 -0.9807167 -0.09427636 -0.1711927 -0.9807163 -0.09428143 -0.1711916 -0.9807156 -0.07294344 -0.181318 -0.9807164 -0.07294726 -0.1813125 -0.9807156 -0.05054688 -0.1887912 -0.9807162 -0.0505504 -0.1887863 -0.9807167 -0.02741229 -0.193503 -0.9807166 -0.02741569 -0.1935032 -0.9807167 -0.003880023 -0.1953967 -0.9807176 -0.003880381 -0.1953921 -0.9807155 0.01971012 -0.194445 -0.9807173 0.01971137 -0.194436 -0.9807156 0.04301172 -0.1906493 -0.9807181 0.0430122 -0.1906357 -0.9807162 0.06568574 -0.1840681 -0.9807165 0.06568783 -0.1840659 -0.9807174 0.08739674 -0.174801 -0.9807155 0.08741408 -0.1748027 -0.9807152 0.1078508 -0.1629906 -0.9807167 0.1078479 -0.1629838 0 -0.8220269 0.5694487 0 -0.8220219 0.5694559 0 -0.9018368 0.4320769 0 -0.9018381 0.4320741 0 -0.9588814 0.2838074 0 -0.9588842 0.2837975 0 -0.9917274 0.1283623 0 -0.9917279 0.1283588 0.9658665 -0.2074806 0.1550926 0.7067751 -0.5666459 0.4235344 0.2585837 -0.7737386 0.5783279 0.2585919 -0.8210503 0.5089272 0.2585951 -0.8621522 0.4356862 0.2585839 -0.8621546 0.435688 0.2585906 -0.8967415 0.3591454 0.2585948 -0.8967416 0.3591424 0.2585955 -0.9245478 0.2798925 0.2585926 -0.924548 0.2798945 0.2585954 -0.945367 0.1985186 0.2585983 -0.9590368 0.1156526 0.2585874 -0.9590397 0.115653 0.2585828 -0.9654622 0.03190416 0.2585882 -0.9654605 0.03190833 0.2585854 -0.9645834 -0.05208307 0.2585904 -0.9645822 -0.05208057 0.2585922 -0.9564113 -0.1356744 0.2585894 -0.9564122 -0.1356734 0.2585887 -0.9410124 -0.2182379 0.2585914 -0.9410105 -0.2182424 0.2585958 -0.9184939 -0.299161 0.2585878 -0.9184975 -0.2991566 0.258592 -0.8890367 -0.3778149 0.2585915 -0.852858 -0.4536121 0.2585927 -0.8102276 -0.5259859 0.2585947 -0.7614781 -0.5943737 0.2585904 -0.7614768 -0.5943771 0.2585952 -0.7069668 -0.6582755 0.2585842 -0.7069657 -0.658281 0.2585873 -0.6471129 -0.7172012 0.2585811 -0.5823643 -0.7707059 0.258593 -0.5132156 -0.8183763 0.2585887 -0.4401818 -0.8598675 0.2585927 -0.4401897 -0.8598623 0.2585711 -0.3638284 -0.8948576 0.2585893 -0.284721 -0.923074 0.2585879 -0.20346 -0.9443179 0.258593 -0.2034637 -0.9443157 0.258572 -0.1206635 -0.9584262 0.2585721 -0.0369516 -0.965285 0.2585825 -0.03695088 -0.9652823 0.2585878 0.04703849 -0.9648419 0.2586008 0.04703783 -0.9648384 0.2585878 0.1306727 -0.9571087 0.2585952 0.1306743 -0.9571065 0.2585911 0.2133194 -0.9421389 0.2586033 0.2943558 -0.9200429 0.2585877 0.3731628 -0.8910006 0.2585946 0.3731605 -0.8909996 0.2585883 0.4491487 -0.8552179 0.2586088 0.4491485 -0.8552118 0.2586038 0.5217378 -0.8129661 0.2585936 0.5217427 -0.8129662 0.2586033 0.5903872 -0.76457 0.2585923 0.5903866 -0.7645742 0.2585726 0.6545742 -0.7104033 0.2586054 0.6545727 -0.7103928 0.2585946 0.7138106 -0.6508482 0.2585819 0.7138069 -0.6508572 0.2585868 0.7676517 -0.586382 0.2585923 0.7676466 -0.5863863 0.2585937 0.8156847 -0.5174822 0.2585957 0.8156835 -0.517483 0.2586532 0.8550307 -0.4494677 0.258656 0.8550278 -0.4494714 0.258654 0.8865943 -0.3834692 0.2586415 0.8865984 -0.3834683 0.7067784 -0.5666379 0.4235396 0.706778 -0.6012868 0.3727185 0.7067799 -0.6012857 0.3727167 0.7067737 -0.6313989 0.3190712 0.706775 -0.6313941 0.3190779 0.7067692 -0.6567321 0.2630214 0.7067751 -0.6567256 0.2630217 0.7067701 -0.6770966 0.204979 0.7067794 -0.6770857 0.2049828 0.7067773 -0.692335 0.1453896 0.7067767 -0.6923358 0.1453889 0.7067704 -0.7023547 0.08469694 0.7067899 -0.702335 0.08469814 0.7067695 -0.707058 0.02336663 0.70678 -0.7070475 0.02336764 0.7067571 -0.7064275 -0.03814172 0.7067833 -0.7064012 -0.03814184 0.7067648 -0.7004367 -0.0993582 0.7067812 -0.7004199 -0.09936022 0.7067644 -0.6891587 -0.1598265 0.706779 -0.6891428 -0.1598304 0.7067648 -0.6726695 -0.2190876 0.7067779 -0.6726551 -0.2190896 0.7067695 -0.6510908 -0.2766904 0.7067778 -0.6510809 -0.2766929 0.7067683 -0.624597 -0.3322007 0.7067735 -0.6245895 -0.3322036 0.7067695 -0.5933774 -0.3852016 0.7067698 -0.593374 -0.3852062 0.7067741 -0.5576707 -0.4352858 0.7067747 -0.5576617 -0.4352965 0.7067719 -0.5177506 -0.482087 0.7067747 -0.517743 -0.4820912 0.7067759 -0.4739136 -0.5252369 0.7067729 -0.4739055 -0.5252484 0.7067862 -0.4264879 -0.5644125 0.7067708 -0.426494 -0.5644272 0.7067769 -0.375854 -0.5993332 0.7067723 -0.3758466 -0.5993432 0.7067686 -0.3223744 -0.6297246 0.7067746 -0.3223708 -0.6297196 0.7067762 -0.2664552 -0.655339 0.7067776 -0.2664445 -0.6553417 0.706777 -0.2085185 -0.6760076 0.7067773 -0.2085117 -0.6760094 0.7067688 -0.1490087 -0.6915739 0.7067729 -0.1490021 -0.6915711 0.7067778 -0.08836621 -0.7018951 0.7067716 -0.08836692 -0.7019011 0.7067862 -0.02705967 -0.7069095 0.7067674 -0.0270617 -0.7069283 0.7067778 0.0344488 -0.7065965 0.7067667 0.03444784 -0.7066075 0.7067692 0.09569966 -0.7009415 0.7067705 0.09569787 -0.7009403 0.7067861 0.1562235 -0.6899621 0.7067759 0.1562218 -0.6899729 0.7067777 0.2155682 -0.6737921 0.7067753 0.215568 -0.6737947 0.7067682 0.2732928 -0.6525257 0.7067846 0.2732768 -0.6525147 0.7067679 0.3289425 -0.6263195 0.7067766 0.3289272 -0.6263177 0.7067697 0.3820984 -0.5953803 0.7067744 0.3820943 -0.5953772 0.7067662 0.4323807 -0.5599362 0.7067711 0.4323669 -0.5599406 0.7067768 0.4793766 -0.5202544 0.7067713 0.4793745 -0.5202639 0.7067738 0.5227608 -0.4766467 0.7067818 0.5227481 -0.4766488 0.7067706 0.5621914 -0.4294371 0.7067761 0.5621814 -0.4294413 0.7067735 0.5973657 -0.3789795 0.7067734 0.5973618 -0.3789859 0.7068462 0.6261294 -0.3291361 0.7068581 0.6261148 -0.3291382 0.7068523 0.6492371 -0.2808044 0.7068573 0.6492292 -0.2808098 0.9658623 -0.2075023 0.1550903 0.9658612 -0.2201943 0.1364801 0.9658657 -0.2311976 0.1168384 0.9658641 -0.2312043 0.1168381 0.9658656 -0.2404736 0.09631389 0.9658639 -0.2479383 0.07505851 0.9658663 -0.2535121 0.05323725 0.965865 -0.2535166 0.05323821 0.965862 -0.2571941 0.03101426 0.9658661 -0.2589006 0.008556425 0.9658589 -0.2589276 0.008555948 0.9658714 -0.2586455 -0.01396644 0.9658587 -0.2586927 -0.01396685 0.9658671 -0.2564705 -0.03638321 0.9658607 -0.2564942 -0.03638321 0.9658672 -0.25234 -0.0585258 0.9658607 -0.2523652 -0.0585246 0.9658704 -0.2462891 -0.08022594 0.9658607 -0.2463273 -0.08022528 0.9658628 -0.2384197 -0.1013184 0.9658618 -0.2384232 -0.1013186 0.9658629 -0.2287164 -0.1216462 0.9658649 -0.2172766 -0.1410529 0.9658629 -0.2172855 -0.1410528 0.9658641 -0.2042066 -0.159394 0.9658638 -0.2042083 -0.1593936 0.9658653 -0.1895818 -0.1765304 0.9658614 -0.1895993 -0.1765328 0.9658637 -0.1735395 -0.1923316 0.9658632 -0.1561799 -0.2066793 0.9658625 -0.1376421 -0.2194642 0.9658652 -0.1180371 -0.2305899 0.965864 -0.1180484 -0.2305893 0.9658634 -0.09756702 -0.239976 0.9658644 -0.0975691 -0.2399714 0.9658635 -0.0763514 -0.2475445 0.965864 -0.0763567 -0.2475409 0.9658657 -0.05455619 -0.2532331 0.9658631 -0.05456292 -0.2532417 0.9658656 -0.03235554 -0.2570155 0.9658637 -0.03236168 -0.2570221 0.9658656 -0.009908437 -0.2588547 0.9658636 -0.009910225 -0.2588617 0.9658656 0.01261341 -0.258737 0.9658643 0.01261609 -0.2587414 0.9658656 0.03504085 -0.2566632 0.9658633 0.05720514 -0.2526572 0.9658635 0.05720955 -0.2526555 0.9658632 0.07893943 -0.2467324 0.9658635 0.1000697 -0.2389431 0.9658628 0.1000769 -0.2389435 0.965863 0.1204524 -0.2293469 0.9658653 0.1204458 -0.2293407 0.9658649 0.1399109 -0.2180136 0.965862 0.1399276 -0.2180163 0.9658653 0.1583234 -0.2050321 0.9658632 0.1583312 -0.2050357 0.9658659 0.1755316 -0.1905043 0.9658624 0.1755433 -0.1905112 0.9658648 0.191419 -0.1745399 0.9658629 0.1914286 -0.1745395 0.9658647 0.2058571 -0.1572524 0.9658625 0.2058685 -0.1572509 0.9658649 0.2187393 -0.1387744 0.9658619 0.2187536 -0.1387723 0.9658817 0.2292382 -0.1205096 0.9658778 0.2292541 -0.1205107 0.9658803 0.237707 -0.1028147 0.9658765 0.2377216 -0.102815 0.2147576 0.9285691 -0.3027188 0.209441 0.9456678 -0.2486907 0.7622906 0.6381483 -0.1080738 0.8699675 0.4928515 -0.01594102 0.5710547 0.8035898 -0.16775 0.5953725 0.787979 -0.1569095 0.4210727 0.8843349 -0.2016176 0.1763443 0.9497356 -0.2586602 0.2587823 0.9061453 -0.3345632 0.3145579 0.8983884 -0.3065155 0.7056961 0.6807462 -0.1964122 0.603893 0.7558674 -0.2529382 0.9633573 0.2670117 -0.02544885 0.880928 0.451336 -0.1423431 0.0918864 0.9790652 -0.1816267 0.0825963 0.9808757 -0.1762402 0.04277926 0.9979532 -0.04753476 0.1361597 0.9845432 -0.1101602 0.1402216 0.9848136 -0.1023727 0.128198 0.9875444 -0.09122186 0.119297 0.9897871 -0.07803738 0.119238 0.9897873 -0.07812416 0.1070154 0.9926843 -0.05590671 0.1072584 0.9926751 -0.05560463 0.1007581 0.9941174 -0.03972876 0.100943 0.9941102 -0.03943914 0.09655892 0.9950032 -0.02539801 0.09679377 0.9949854 -0.02520245 0.09411305 0.9955257 -0.008452475 0.09420907 0.9955171 -0.008389353 -0.2587842 0.9061435 -0.3345668 -0.2471129 0.968547 0.02919059 -0.04283773 0.9986112 -0.03067457 -0.06156164 0.9925466 -0.1051743 -0.09504413 0.9906518 -0.09785592 -0.1051011 0.9842172 -0.1423745 -0.2492324 0.9582252 -0.1403132 -0.2668313 0.9625 -0.04893684 -0.1867585 0.9792558 -0.07860869 -0.4917924 0.8704996 -0.0192542 -0.5025719 0.8617703 -0.06909042 -0.6937913 0.7201701 -0.002953231 -0.7021309 0.7105507 -0.04615098 -0.731655 0.6798347 -0.05005902 -0.1461239 0.9892645 -0.001883268 -0.16545 0.9830738 -0.07869094 -0.2964722 0.9540073 -0.04443442 -0.3139945 0.9414979 -0.1224309 -0.4436762 0.8916528 -0.0900377 -0.4519724 0.8818193 -0.1345952 -0.4736793 0.8698073 -0.1380699 -0.4799317 0.8591639 -0.1774913 -0.5930553 0.7907974 -0.1514093 -0.8673269 0.4976412 -0.009867191 -0.6364279 0.7515062 -0.1737758 -0.7348188 0.6746401 -0.07001662 -0.3696453 0.886941 -0.2769445 -0.9648722 0.2579115 -0.0500347 -0.8780559 0.4653481 -0.1116652 -0.7062994 0.6757282 -0.2110278 -0.6011337 0.7640398 -0.2342684 -0.2159578 0.9217654 -0.3220416 -0.2085379 0.9465371 -0.2461294 -0.1698374 0.953301 -0.2497454 -0.1634497 0.963683 -0.2111859 -0.1567628 0.9651104 -0.2097317 -0.1500403 0.9735684 -0.1721992 -0.9658808 0.2377053 -0.1028134 -0.7068511 0.6492382 -0.2808049 -0.2586383 0.8865997 -0.3834674 -0.258657 0.8865927 -0.3834709 -0.2586577 0.8550296 -0.4494671 -0.2586503 0.8550295 -0.4494716 -0.2585955 0.8156818 -0.5174857 -0.2585976 0.8156805 -0.5174868 -0.2585945 0.7676496 -0.5863814 -0.2585878 0.7676492 -0.5863848 -0.2585954 0.7138085 -0.6508501 -0.2585864 0.7138084 -0.6508538 -0.2585878 0.6545742 -0.7103977 -0.2585927 0.6545734 -0.7103968 -0.2586035 0.5903877 -0.7645695 -0.2585908 0.5903885 -0.7645732 -0.2585883 0.5217405 -0.8129692 -0.2586071 0.5217393 -0.8129642 -0.2586035 0.4491501 -0.8552126 -0.2585905 0.4491481 -0.8552176 -0.2585875 0.3731626 -0.8910007 -0.2585936 0.3731612 -0.8909996 -0.2586036 0.2943519 -0.9200441 -0.2585933 0.2943543 -0.9200463 -0.2585878 0.2133181 -0.94214 -0.2585892 0.2133211 -0.9421389 -0.2585878 0.1306738 -0.9571086 -0.2585996 0.1306728 -0.9571055 -0.2586035 0.04703825 -0.9648377 -0.2585864 0.04703801 -0.9648422 -0.2585721 -0.03695136 -0.965285 -0.2585831 -0.03695088 -0.9652821 -0.2585877 -0.120662 -0.9584223 -0.2585915 -0.1206611 -0.9584213 -0.2585878 -0.20346 -0.9443179 -0.2585953 -0.2034598 -0.944316 -0.2586033 -0.2847209 -0.9230701 -0.2585825 -0.2847205 -0.923076 -0.2585876 -0.3638309 -0.8948517 -0.2585756 -0.3638312 -0.8948551 -0.2585875 -0.4401882 -0.8598645 -0.2585917 -0.4401866 -0.859864 -0.2585873 -0.513217 -0.818377 -0.2585887 -0.5132169 -0.8183767 -0.258588 -0.5823661 -0.7707024 -0.2585739 -0.5823662 -0.770707 -0.2585719 -0.6471161 -0.7172039 -0.2586013 -0.6471107 -0.7171983 -0.2585881 -0.7069662 -0.6582788 -0.2585947 -0.7069656 -0.658277 -0.2585967 -0.7614754 -0.5943762 -0.2585889 -0.7614761 -0.5943787 -0.2585867 -0.8102327 -0.525981 -0.258597 -0.8102273 -0.5259843 -0.2585915 -0.8528581 -0.4536119 -0.2585944 -0.8528544 -0.453617 -0.2585968 -0.8890357 -0.3778141 -0.258588 -0.8890392 -0.3778119 -0.2585919 -0.9184957 -0.2991588 -0.2585914 -0.9184958 -0.2991586 -0.2585926 -0.9410104 -0.2182415 -0.2585896 -0.9410114 -0.2182405 -0.2585933 -0.9564109 -0.1356753 -0.2585865 -0.9564133 -0.1356716 -0.2585886 -0.9645826 -0.05208182 -0.2585878 -0.9645827 -0.052082 -0.258588 -0.9654606 0.03190648 -0.2585866 -0.9654611 0.03190642 -0.2585836 -0.9590407 0.115652 -0.2585991 -0.9590366 0.1156523 -0.2585972 -0.9453659 0.1985219 -0.2585908 -0.9453673 0.1985232 -0.2585896 -0.9245493 0.279893 -0.2585966 -0.9245476 0.2798921 -0.2586004 -0.896738 0.3591474 -0.2585892 -0.8967416 0.3591465 -0.2585875 -0.8621549 0.4356854 -0.2585914 -0.8621519 0.4356888 -0.2585918 -0.8210474 0.5089318 -0.258591 -0.8210482 0.5089307 -0.2585881 -0.773735 0.5783309 -0.2585853 -0.7737374 0.5783287 -0.7068503 0.6492373 -0.280809 -0.7068505 0.6261246 -0.329136 -0.706847 0.626127 -0.3291388 -0.7067649 0.597374 -0.3789826 -0.7067716 0.5973653 -0.3789839 -0.7067696 0.5621907 -0.4294397 -0.7067722 0.5621846 -0.4294433 -0.7067732 0.5227602 -0.4766483 -0.7067751 0.522755 -0.476651 -0.706771 0.4793785 -0.5202606 -0.706773 0.4793743 -0.5202618 -0.7067662 0.4323765 -0.5599394 -0.706771 0.4323707 -0.559938 -0.7067756 0.3820967 -0.5953742 -0.7067696 0.3820975 -0.5953808 -0.706766 0.3289416 -0.626322 -0.7067769 0.328931 -0.6263153 -0.7067755 0.2732849 -0.6525211 -0.7067772 0.2732821 -0.6525204 -0.7067753 0.2155717 -0.6737934 -0.7067766 0.2155668 -0.6737936 -0.7067753 0.1562249 -0.6899728 -0.7067816 0.1562212 -0.6899672 -0.706767 0.09569936 -0.7009437 -0.7067682 0.09569919 -0.7009425 -0.7067754 0.03444921 -0.7065988 -0.7067674 0.03444808 -0.7066068 -0.706784 -0.02706062 -0.7069118 -0.7067632 -0.0270617 -0.7069325 -0.706767 -0.08836799 -0.7019057 -0.7067708 -0.08836644 -0.701902 -0.7067668 -0.1490083 -0.6915759 -0.7067666 -0.149005 -0.6915769 -0.7067669 -0.2085183 -0.6760183 -0.7067838 -0.208511 -0.6760029 -0.7067835 -0.2664473 -0.6553342 -0.7067686 -0.2664518 -0.6553485 -0.7067672 -0.3223738 -0.6297265 -0.7067742 -0.3223705 -0.6297202 -0.7067666 -0.3758576 -0.5993431 -0.7067739 -0.3758525 -0.5993376 -0.7067748 -0.4264954 -0.5644211 -0.7067707 -0.4264962 -0.5644257 -0.7067719 -0.4739124 -0.5252434 -0.7067716 -0.4739124 -0.5252438 -0.7067705 -0.5177496 -0.4820902 -0.7067747 -0.5177445 -0.4820894 -0.7067728 -0.5576697 -0.4352893 -0.706773 -0.5576653 -0.4352946 -0.7067692 -0.5933771 -0.3852025 -0.7067694 -0.5933731 -0.3852083 -0.7067659 -0.6245986 -0.3322026 -0.7067759 -0.624586 -0.3322052 -0.7067715 -0.6510887 -0.2766906 -0.7067707 -0.6510879 -0.2766944 -0.706772 -0.6726619 -0.2190878 -0.7067678 -0.6726654 -0.2190905 -0.7067693 -0.6891528 -0.15983 -0.7067732 -0.6891492 -0.1598285 -0.7067729 -0.7004283 -0.09935939 -0.7067744 -0.7004268 -0.09936022 -0.7067717 -0.7064127 -0.03814125 -0.7067734 -0.7064111 -0.03814262 -0.7067661 -0.7070614 0.02336674 -0.7067784 -0.7070491 0.02336627 -0.7067738 -0.7023512 0.0846976 -0.7067741 -0.7023509 0.08469814 -0.7067674 -0.6923455 0.1453875 -0.70677 -0.6923426 0.1453885 -0.7067688 -0.6770972 0.2049812 -0.7067691 -0.6770973 0.2049801 -0.7067692 -0.6567321 0.2630214 -0.7067717 -0.6567285 0.2630239 -0.7067692 -0.6314024 0.319074 -0.7067734 -0.6313964 0.3190767 -0.7067703 -0.6012971 0.3727165 -0.7067741 -0.6012923 0.3727172 -0.7067772 -0.5666392 0.4235399 -0.7067745 -0.5666425 0.4235401 -0.9658799 0.2377089 -0.102813 -0.9658788 0.2292507 -0.1205087 -0.9658818 0.2292384 -0.1205077 -0.9658656 0.2187375 -0.1387712 -0.9658648 0.2187412 -0.138771 -0.9658646 0.205862 -0.157247 -0.9658654 0.2058553 -0.1572504 -0.965864 0.1914247 -0.1745384 -0.9658666 0.1914141 -0.1745347 -0.965864 0.1755402 -0.1905055 -0.9658659 0.1755306 -0.1905047 -0.9658666 0.1583193 -0.2050288 -0.9658648 0.1583241 -0.2050334 -0.9658635 0.1399217 -0.2180129 -0.9658652 0.1399111 -0.218012 -0.9658643 0.1204483 -0.2293432 -0.9658659 0.1204447 -0.2293387 -0.9658629 0.1000757 -0.238943 -0.9658654 0.1000699 -0.2389355 -0.9658653 0.07893788 -0.2467247 -0.965864 0.07893586 -0.2467303 -0.9658643 0.05720728 -0.2526532 -0.9658654 0.0572049 -0.2526491 -0.9658655 0.03504252 -0.2566633 -0.9658668 0.03504204 -0.2566582 -0.9658655 0.01261365 -0.258737 -0.9658663 0.0126149 -0.2587338 -0.9658643 -0.00990957 -0.258859 -0.9658675 -0.009908795 -0.2588475 -0.9658666 -0.03235661 -0.2570113 -0.9658646 -0.03235757 -0.2570189 -0.9658655 -0.05456137 -0.2532331 -0.9658648 -0.05455952 -0.2532364 -0.9658641 -0.07635575 -0.2475404 -0.9658656 -0.07635092 -0.2475367 -0.9658655 -0.09756547 -0.2399683 -0.9658659 -0.09756261 -0.2399683 -0.9658641 -0.1180476 -0.2305892 -0.9658658 -0.1180421 -0.2305847 -0.9658664 -0.137627 -0.2194563 -0.965865 -0.1376255 -0.2194632 -0.9658641 -0.1561744 -0.2066789 -0.9658665 -0.1561646 -0.2066754 -0.9658655 -0.1735333 -0.192328 -0.9658661 -0.1735305 -0.1923277 -0.9658651 -0.189586 -0.1765275 -0.9658648 -0.1895847 -0.17653 -0.9658647 -0.2042067 -0.1593904 -0.9658655 -0.2042011 -0.1593921 -0.9658656 -0.2172759 -0.1410502 -0.9658665 -0.2172709 -0.1410506 -0.9658637 -0.2287147 -0.1216433 -0.9658657 -0.2287054 -0.121645 -0.9658644 -0.2384131 -0.1013171 -0.9658653 -0.2384095 -0.1013168 -0.9658638 -0.2463151 -0.08022451 -0.9658676 -0.2463001 -0.08022427 -0.9658654 -0.2523472 -0.05852389 -0.9658672 -0.2523402 -0.05852466 -0.9658674 -0.2564699 -0.03638261 -0.9658651 -0.2564781 -0.03638297 -0.9658625 -0.2586787 -0.01396644 -0.9658687 -0.2586554 -0.01396638 -0.9658644 -0.2589071 0.008555829 -0.9658659 -0.2589015 0.008556604 -0.9658648 -0.2571837 0.03101342 -0.965866 -0.2571792 0.0310139 -0.9658658 -0.2535138 0.05323708 -0.9658654 -0.253515 0.05323678 -0.9658663 -0.2479287 0.07505792 -0.9658665 -0.2479279 0.07505828 -0.9658647 -0.2404782 0.09631121 -0.9658683 -0.2404637 0.09631121 -0.9658667 -0.2311947 0.1168354 -0.9658643 -0.2312047 0.1168367 -0.9658638 -0.2201837 0.1364782 -0.9658671 -0.2201695 0.1364782 -0.9658637 -0.207497 0.155089 -0.9658668 -0.2074832 0.1550882 -0.9657228 -0.2574282 0.03332078 -0.7256404 -0.6827615 0.08533984 -0.8594918 -0.5069215 0.06560951 -0.2264592 -0.9689398 0.09935742 -0.3915506 -0.9125437 0.1181192 -0.5324962 -0.8394297 0.1086535 -0.08670991 -0.9879926 0.1278754 -0.9657199 -0.257439 0.03332114 -0.965722 -0.2489057 0.07366806 -0.9657217 -0.2489067 0.07366979 -0.9657218 -0.2340977 0.1121599 -0.965721 -0.2341017 0.1121585 -0.9657235 -0.2133734 0.147818 -0.9657213 -0.2133838 0.1478167 -0.7055133 -0.7041293 0.08032983 -0.7059822 -0.6791112 0.2009905 -0.7059877 -0.6791036 0.2009969 -0.705993 -0.6386956 0.3060097 -0.7059841 -0.6387082 0.3060038 -0.7059802 -0.5821839 0.4033038 -0.7059829 -0.5821842 0.4032987 -0.2576318 -0.9604953 0.105237 -0.2580525 -0.9264063 0.2741902 -0.2580571 -0.9264037 0.2741948 -0.2580536 -0.8712941 0.4174388 -0.258062 -0.8712885 0.4174448 -0.2580542 -0.7941856 0.5501611 -0.2580561 -0.7941814 0.5501663 0 -0.8218448 0.5697115 0 -0.9752379 0.2211584 0 -0.9752461 0.2211224 0 -0.9176639 0.3973574 0 -0.8218366 0.5697234 0.2574532 -0.8086208 0.5290089 0.9655584 -0.2570583 0.04022473 0.9655605 -0.2428269 0.09342384 0.9655578 -0.2428368 0.09342592 0.9655597 -0.2177258 0.1424429 0.9655609 -0.2177235 0.1424385 0.9655596 -0.257054 0.04022461 0.8590282 -0.5057705 0.07916337 0.7049703 -0.7010982 0.1071369 0.7051187 -0.6617978 0.2546199 0.7051153 -0.6618036 0.2546143 0.7051143 -0.5933924 0.3882002 0.7051093 -0.5933954 0.3882048 0.7251201 -0.681687 0.09748655 0.5315313 -0.8368548 0.1309534 0.3907342 -0.9094364 0.1423109 0.2574716 -0.8086175 0.5290048 0.2574589 -0.9018464 0.3469696 0.2574623 -0.901844 0.3469734 0.2570121 -0.9571065 0.1337614 0.1404059 -0.9781906 0.1530669 0.09421259 0.9955522 0 0.04718697 0.9988853 -0.001230895 0.141056 0.9900017 0 0 0.9848076 0.1736493 0 0.8660234 0.5000036 0 0.6427985 0.7660354 0 0.6427801 0.7660509 -1 2.15199e-6 0 -1 4.62141e-6 0 -1 -3.4484e-6 0 -1 1.64883e-6 0 -1 0 0 -1 7.00737e-7 0 -1 1.24203e-7 0 -1 -2.38357e-6 0 -1 0 0 -1 -5.91009e-7 0 -1 1.54953e-6 0 -1 -5.90483e-7 0 -1 -2.59533e-6 0 -1 0 0 -1 5.00496e-7 0 -1 7.49384e-6 0 -1 1.2958e-7 0 -1 8.07354e-7 0 -1 -2.47095e-6 0 -1 1.04996e-6 0 -1 -5.97908e-7 0 -1 6.05677e-7 0 -1 -7.05111e-7 0 -1 1.12443e-6 0 -1 -9.41475e-7 0 -1 9.88087e-7 0 -1 -1.39152e-6 0 -1 1.15838e-6 0 -1 -9.73747e-7 0 -1 1.12525e-6 0 -1 1.3095e-6 0 -1 3.87355e-7 0 -1 -6.20015e-7 0 -1 6.12137e-7 0 -1 -6.91853e-7 0 -1 -6.05562e-7 0 -1 7.49514e-7 0 -1 -5.74447e-6 0 -1 -7.20193e-7 0 -1 4.49903e-7 0 -1 5.95205e-7 0 -1 -1.98924e-5 0 -1 -4.85759e-7 0 -1 -8.26242e-7 0 -1 -2.18429e-7 0 -1 5.80638e-7 0 -1 3.33639e-6 0 -1 1.00599e-6 0 -1 2.02167e-6 0 -1 -2.57084e-6 0 -1 -1.41139e-6 0 0 0.5 0.8660255 0 0.5000001 0.8660254 0 0.499989 0.8660318 0 0.4999988 0.8660261 -1.09846e-6 0.5000014 0.8660247 7.59062e-6 0.4999788 0.8660376 0 0.4999992 0.866026 0 0.5000028 0.8660238 0 0.4999997 0.8660258 0 0.5 0.8660255 0 0.5000189 0.8660145 0 0.4999846 0.8660344 -0.4043269 0.9146144 -5.07466e-4 -0.9889053 0.1485477 0 -0.9226086 0.3856841 0.006432354 -0.9999209 7.41542e-4 -0.01256811 -0.9643598 0.2645944 -7.95896e-5 -0.8497571 0.5271745 9.68932e-6 -0.7015821 0.7125881 9.05918e-4 -0.817079 0.5765259 3.51756e-6 -0.8485061 0.5291856 -4.16802e-6 -0.5596762 0.8286728 0.008000493 -0.6845209 0.7289934 -7.21576e-5 -0.4744571 0.8802788 8.98542e-6 -0.2297534 0.9732489 0 -0.04036504 0.9991127 0.0120179 -0.1712394 0.9852218 0.003922283 0 -0.8220263 0.5694496 -7.58804e-4 -0.83683 0.5474625 5.06067e-4 -0.9018368 0.4320766 -0.001011729 -0.9333074 0.3590771 5.06067e-4 -0.9588835 0.2838 -7.58756e-4 -0.9879764 0.1546036 0 -0.9917281 0.128357 0.007859945 0.5400961 -0.8415668 -0.004005551 0.6443596 -0.7647122 0 -0.8009788 0.5986926 0 -0.8009783 0.5986934 0 -0.8499574 0.5268515 0 -0.8499568 0.5268524 0 -0.8925108 0.451026 0 -0.8925099 0.4510281 0 -0.9283158 0.3717927 0 -0.928315 0.3717949 0 -0.9571031 0.2897475 0 -0.9786543 0.2055135 0 -0.9928072 0.1197242 0 -0.9928076 0.1197217 0 -0.9994544 0.03303009 0 -0.9985455 -0.0539152 0 -0.9985456 -0.0539152 0 -0.990088 -0.1404485 0 -0.9900878 -0.1404509 0 -0.9741445 -0.2259262 0 -0.9741451 -0.2259238 0 -0.9508368 -0.3096926 0 -0.9203409 -0.3911172 0 -0.9203414 -0.3911162 0 -0.8828873 -0.4695851 0 -0.8828868 -0.4695861 0 -0.838758 -0.5445044 0 -0.8387592 -0.5445027 0 -0.7882887 -0.6153056 0 -0.7882893 -0.6153048 0 -0.7318598 -0.6814553 0 -0.7318592 -0.681456 0 -0.6698977 -0.7424535 0 -0.669897 -0.7424541 0 -0.6028713 -0.7978385 0 -0.5312865 -0.8471924 0 -0.4556855 -0.8901409 0 -0.3766404 -0.9263595 0 -0.2947466 -0.9555755 0 -0.2947466 -0.9555755 0 -0.2106245 -0.9775671 0 -0.2106246 -0.977567 0 -0.124911 -0.992168 0 -0.124911 -0.992168 0 -0.03825223 -0.9992682 0 0.04869472 -0.9988138 0 0.04869478 -0.9988138 0 0.1352749 -0.9908081 0 0.135275 -0.9908081 0 0.2208305 -0.9753122 0 0.2208305 -0.9753122 0 0.3047187 -0.9524425 0 0.3863018 -0.9223725 0 0.386302 -0.9223724 0 0.4649649 -0.8853291 0 0.4649649 -0.8853291 0 0.553062 -0.8331401 -0.01096576 0.622695 -0.7823879 4.4463e-7 0.6111778 -0.7914934 -3.92036e-7 0.6776213 -0.7354111 -0.001789629 0.6634752 -0.7481963 0.002590239 0.7389401 -0.6737663 -0.005542874 0.6969066 -0.7171405 0.009223461 0.8360753 -0.5485374 3.50277e-5 0.7946785 -0.6070307 0.03739899 0.7803929 -0.6241701 0.02478188 0.7875585 -0.6157414 0.0126422 0.7952835 -0.6061059 0.006652474 0.802125 -0.597119 -0.02789568 0.8440748 -0.5354994 0.03664809 0.8224489 -0.5676572 0.02114212 0.8296118 -0.5579403 -0.004356682 0.8163527 -0.5775375 -0.005602002 0.809526 -0.5870572 -0.007214725 0.8014189 -0.5980601 -0.009753644 0.7899283 -0.6131217 0.005212187 0.8443922 -0.5357002 -0.002908885 0.7747668 -0.6322406 -1.87536e-6 0.7946782 -0.6070311 8.29938e-7 0.7573028 -0.6530641 -0.00139153 0.729318 -0.6841735 9.32568e-5 0.6776191 -0.7354131 0.08516526 0.6620185 -0.7446331 -0.002203881 0.6918394 -0.7220481 0.003667712 0.7389363 -0.6737654 0.02609223 0.7332834 -0.6794223 -1.5374e-5 0.757301 -0.6530661 0 0.5401141 -0.8415918 -0.08041369 0.5512728 -0.8304409 0.05192112 0.6103529 -0.7904263 0.03644353 0.6144193 -0.7881377 -2.29784e-5 0.6363 -0.7714418 0.0546596 0.04862189 -0.9973205 -0.1066195 0.1002771 -0.9892304 0.03677082 0.1351835 -0.9901381 0 0.1694989 -0.9855304 0 0.220831 -0.9753121 -0.04219394 0.2285144 -0.9726258 0.03434997 0.3045394 -0.9518802 0 0.312417 -0.9499452 0 0.3863018 -0.9223726 0.09575265 0.3675333 -0.9250679 -0.1356828 0.4606662 -0.8771412 0.01104104 0.4472052 -0.8943634 0 0.5017385 -0.8650194 0.04099535 -0.2944994 -0.9547721 -0.1078774 -0.2571336 -0.9603359 0.05300194 -0.2103289 -0.976193 0 -0.183899 -0.9829452 0 -0.1249105 -0.992168 -0.003772377 -0.1241898 -0.9922513 0.003739476 -0.03825199 -0.9992612 0 -0.03752648 -0.9992957 0 0.02290403 -0.9997377 0.01431149 -0.6028088 -0.7977573 -0.09631621 -0.5817817 -0.807622 0.05622565 -0.5304452 -0.8458526 0 -0.5143287 -0.8575932 0 -0.4556837 -0.8901419 0.03463739 -0.4613131 -0.886561 -0.03990846 -0.3763392 -0.9256221 0 -0.3827853 -0.9238374 0 -0.3262849 -0.9452716 0 -0.8387584 -0.5445041 -0.06519687 -0.8301054 -0.5537819 0.04647773 -0.7874375 -0.6146398 0 -0.7805195 -0.6251316 0 -0.731861 -0.6814541 0.07289797 -0.7393609 -0.6693515 -0.09617793 -0.6667906 -0.739013 0 -0.6802327 -0.7329963 0 -0.6347281 -0.7727357 0.05077308 -0.9972577 -0.05384629 -0.1086512 -0.989077 -0.09960806 0.04480838 -0.9890935 -0.1403079 0 -0.9851405 -0.1717509 0 -0.9741445 -0.225926 -0.02688175 -0.9726157 -0.2308599 0.02370071 -0.9505701 -0.3096042 0 -0.949228 -0.314589 0 -0.9203412 -0.3911164 0.1108463 -0.9227706 -0.3690631 -0.1640521 -0.8709262 -0.4632218 0.03443157 -0.8941814 -0.446379 0 -0.863884 -0.5036908 0.03191775 -0.956615 0.2896017 -0.1048018 -0.9604843 0.2578497 0.05584001 -0.9771278 0.2051905 0 -0.9833627 0.181653 0 -0.9928071 0.1197251 0.01155102 -0.9924739 0.1219103 -0.01213771 -0.9993807 0.03302806 0 -0.9993789 0.03524208 0 -0.9996828 -0.02518647 0 -0.8009786 0.5986931 -0.08809077 -0.8078594 0.5827548 0.05389606 -0.8487197 0.5260896 0 -0.8587654 0.5123691 0 -0.892511 0.4510257 0.04993677 -0.8870378 0.4589884 -0.06088495 -0.926593 0.3711044 0 -0.9247096 0.3806735 0 -0.9460188 0.324112 0.004386961 0.9461728 -0.3236325 -0.005379736 0.9716046 -0.2365496 -0.004204988 0.9686825 -0.2482669 -0.006495535 0.8453944 -0.534103 0 0.8412601 -0.5406306 0 0.8851497 -0.4653065 0 0.8851516 -0.4653029 0 0.9178295 -0.3969748 0 0.9178279 -0.3969788 0 0.9362097 -0.3514419 0 0.9362122 -0.3514353 0 0.9461293 -0.3237894 -0.001487314 0.9600172 -0.2799371 0 0.9999995 -0.001114189 2.69888e-5 0.9998804 -0.01546967 -7.79667e-4 0.9991469 -0.04129087 0.003407835 0.9927058 -0.1205147 -0.002215921 0.9945253 -0.1044737 0.009648263 0.985807 -0.1676057 -0.00790596 0.9987994 -0.04834634 -0.004879176 0.9971695 -0.07502895 6.07725e-4 0.9614855 -0.2748553 3.44686e-5 0.9712991 -0.237862 -1.27167e-4 0.9796721 -0.2006052 -4.10537e-6 0.9792411 -0.2026988 3.84126e-7 0.9853143 -0.1707512 -1.18895e-4 0.9893616 -0.1454772 3.67014e-7 -0.6962882 0.7177624 0 0.9986941 0.05108934 -2.11718e-4 0.9979982 0.06324273 -0.5481164 0.01269954 0.8363057 0.9806078 0.1090203 0.1628593 0.9914083 0.07031732 0.1102957 0.9807854 0.1103141 0.1609064 0.9995526 0.008745491 0.02860528 0 -0.3686114 0.9295836 0 -0.6962879 0.7177626 -0.5555607 0.4718635 0.6846146 -0.1914805 -0.3617919 0.9123826 0 -0.3686107 0.9295839 -0.5481293 0.01270127 0.8362972 -0.1914834 -0.3617903 0.9123825 3.40102e-4 0.9806856 0.1955907 0.9546588 0.169055 0.245045 -0.5684068 0.4661244 0.6779689 0 -0.6962882 0.7177624 0.9995527 0.008752703 0.02859729 0.9914076 0.07031905 0.1103008 0 0.9986941 0.05109 -2.11769e-4 0.9979981 0.06324374 0.980605 0.1090433 0.1628608 -1.10959e-6 -0.3686131 0.929583 -0.1914931 -0.3617898 0.9123807 0 -0.3686102 0.9295841</float_array>
          <technique_common>
            <accessor source="#MRH-F-Distal-Visual_00-mesh-normals-array" count="3390" stride="3">
              <param name="X" type="float"/>
              <param name="Y" type="float"/>
              <param name="Z" type="float"/>
            </accessor>
          </technique_common>
        </source>
        <vertices id="MRH-F-Distal-Visual_00-mesh-vertices">
          <input semantic="POSITION" source="#MRH-F-Distal-Visual_00-mesh-positions"/>
        </vertices>
        <triangles material="Material_001-material" count="3578">
          <input semantic="VERTEX" source="#MRH-F-Distal-Visual_00-mesh-vertices" offset="0"/>
          <input semantic="NORMAL" source="#MRH-F-Distal-Visual_00-mesh-normals" offset="1"/>
          <p>0 0 1 0 2 0 2 1 1 1 3 1 4 2 5 2 6 2 6 3 7 3 4 3 4 4 7 4 8 4 4 5 8 5 0 5 0 6 8 6 1 6 9 7 5 7 10 7 10 8 5 8 4 8 10 9 4 9 11 9 11 10 4 10 0 10 11 11 0 11 12 11 12 12 0 12 2 12 13 13 3 13 14 13 15 14 16 14 14 14 17 15 18 15 19 15 20 16 21 16 15 16 15 17 21 17 22 17 15 18 22 18 16 18 16 19 22 19 23 19 16 20 23 20 24 20 6 21 25 21 7 21 7 22 25 22 26 22 7 23 26 23 8 23 8 24 26 24 27 24 27 25 26 25 28 25 27 26 28 26 3 26 18 27 20 27 19 27 19 28 20 28 15 28 19 29 15 29 29 29 29 30 15 30 14 30 29 31 14 31 3 31 3 32 1 32 27 32 27 33 1 33 8 33 24 34 30 34 16 34 16 35 30 35 31 35 16 36 31 36 14 36 14 37 31 37 13 37 25 38 17 38 26 38 26 39 17 39 19 39 26 40 19 40 28 40 28 41 19 41 29 41 28 42 29 42 3 42 32 43 33 43 34 43 34 44 33 44 35 44 34 45 35 45 36 45 36 46 35 46 37 46 36 47 37 47 38 47 38 48 37 48 39 48 38 49 3 49 36 49 36 50 3 50 13 50 36 51 13 51 34 51 24 52 32 52 30 52 30 53 32 53 34 53 30 54 34 54 31 54 31 55 34 55 13 55 40 56 41 56 42 56 35 57 33 57 43 57 44 58 39 58 45 58 45 59 39 59 37 59 35 60 43 60 40 60 40 61 43 61 46 61 40 62 46 62 41 62 47 63 44 63 42 63 42 64 44 64 45 64 42 65 45 65 40 65 40 66 45 66 37 66 40 67 37 67 35 67 48 68 47 68 49 68 49 69 47 69 42 69 49 70 42 70 50 70 50 71 42 71 41 71 50 72 41 72 51 72 51 73 41 73 46 73 52 74 53 74 54 74 55 75 56 75 52 75 56 76 57 76 58 76 59 77 60 77 61 77 61 78 60 78 62 78 56 79 58 79 52 79 52 80 58 80 63 80 52 81 63 81 53 81 64 82 59 82 54 82 54 83 59 83 61 83 54 84 61 84 52 84 52 85 61 85 62 85 52 86 62 86 55 86 12 87 64 87 11 87 11 88 64 88 54 88 11 89 54 89 10 89 10 90 54 90 53 90 10 91 53 91 9 91 9 92 53 92 63 92 65 93 66 93 67 93 68 94 69 94 70 94 70 93 69 93 71 93 71 93 72 93 70 93 70 95 72 95 73 95 70 93 73 93 74 93 74 96 73 96 75 96 74 93 75 93 76 93 76 97 65 97 74 97 74 93 65 93 67 93 74 98 67 98 77 98 77 93 67 93 78 93 77 99 78 99 79 99 2 100 3 100 38 100 60 101 39 101 44 101 80 102 81 102 48 102 48 103 81 103 60 103 48 104 60 104 47 104 47 105 60 105 44 105 60 106 59 106 39 106 39 107 59 107 64 107 39 108 64 108 38 108 38 109 64 109 12 109 38 110 12 110 2 110 82 111 83 111 74 111 74 112 83 112 70 112 84 113 85 113 86 113 87 114 88 114 89 114 89 115 88 115 90 115 89 116 90 116 91 116 91 117 90 117 92 117 91 118 92 118 93 118 93 119 92 119 94 119 93 120 94 120 95 120 95 121 94 121 96 121 95 122 96 122 97 122 97 123 96 123 98 123 97 124 98 124 86 124 86 125 98 125 99 125 86 126 99 126 84 126 100 127 6 127 101 127 101 128 6 128 5 128 101 129 5 129 102 129 102 130 5 130 9 130 103 131 104 131 105 131 103 132 105 132 106 132 106 133 105 133 107 133 106 134 107 134 108 134 108 135 107 135 109 135 108 136 109 136 110 136 110 137 109 137 111 137 110 138 111 138 101 138 101 139 111 139 112 139 101 140 112 140 100 140 104 141 103 141 113 141 113 142 103 142 114 142 113 143 114 143 115 143 115 144 114 144 116 144 115 145 116 145 117 145 117 146 116 146 118 146 117 147 118 147 119 147 119 148 118 148 120 148 119 149 120 149 121 149 121 150 120 150 122 150 122 151 120 151 123 151 122 152 123 152 124 152 125 153 126 153 127 153 127 154 126 154 128 154 127 155 128 155 129 155 129 156 128 156 130 156 129 157 130 157 131 157 131 158 130 158 132 158 131 159 132 159 124 159 124 160 132 160 133 160 124 161 133 161 122 161 134 162 135 162 136 162 136 163 135 163 137 163 136 164 137 164 138 164 138 165 137 165 139 165 138 166 139 166 140 166 140 167 139 167 141 167 140 168 141 168 125 168 125 169 141 169 142 169 125 170 142 170 126 170 143 171 144 171 145 171 145 172 144 172 146 172 145 173 146 173 147 173 147 174 146 174 148 174 147 175 148 175 149 175 149 176 148 176 150 176 149 177 150 177 151 177 151 178 150 178 152 178 151 179 152 179 153 179 153 180 152 180 154 180 153 181 154 181 134 181 134 182 154 182 155 182 134 183 155 183 135 183 156 184 157 184 158 184 158 185 157 185 159 185 158 186 159 186 160 186 160 187 159 187 161 187 160 188 161 188 162 188 162 189 161 189 163 189 162 190 163 190 143 190 143 191 163 191 164 191 143 192 164 192 144 192 165 193 166 193 167 193 168 194 169 194 170 194 171 195 172 195 173 195 174 196 175 196 176 196 177 197 178 197 179 197 180 198 181 198 182 198 146 199 144 199 183 199 148 200 146 200 184 200 152 201 150 201 185 201 135 202 155 202 186 202 142 203 141 203 187 203 130 204 128 204 188 204 133 205 132 205 189 205 119 206 121 206 190 206 6 207 100 207 25 207 25 208 100 208 191 208 25 209 191 209 17 209 111 210 109 210 180 210 180 211 109 211 107 211 180 212 107 212 181 212 181 213 107 213 105 213 181 214 105 214 104 214 192 215 113 215 115 215 115 216 117 216 193 216 193 217 117 217 119 217 121 218 122 218 194 218 194 219 122 219 133 219 130 220 188 220 132 220 128 221 126 221 195 221 195 222 126 222 142 222 141 223 139 223 196 223 196 224 139 224 137 224 196 225 137 225 135 225 155 226 154 226 197 226 197 227 154 227 152 227 148 228 184 228 150 228 157 229 198 229 159 229 159 230 198 230 199 230 159 231 199 231 161 231 161 232 199 232 163 232 200 233 20 233 18 233 179 234 182 234 201 234 201 235 182 235 181 235 201 236 181 236 192 236 192 237 181 237 104 237 192 238 104 238 113 238 202 239 203 239 183 239 164 240 163 240 204 240 204 241 163 241 199 241 204 242 199 242 205 242 205 243 199 243 198 243 206 244 207 244 200 244 208 245 206 245 209 245 209 246 206 246 200 246 209 247 200 247 191 247 191 248 200 248 18 248 191 249 18 249 17 249 100 250 112 250 191 250 191 251 112 251 210 251 191 252 210 252 209 252 209 253 210 253 211 253 209 254 211 254 208 254 208 255 211 255 212 255 208 256 212 256 213 256 213 257 212 257 214 257 215 258 203 258 216 258 216 259 203 259 202 259 216 260 202 260 165 260 198 261 217 261 205 261 205 262 217 262 218 262 205 263 218 263 219 263 144 264 164 264 183 264 183 265 164 265 204 265 183 266 204 266 202 266 202 267 204 267 205 267 202 268 205 268 165 268 165 269 205 269 219 269 165 270 219 270 166 270 207 271 220 271 24 271 24 272 23 272 207 272 207 273 23 273 22 273 207 274 22 274 200 274 200 275 22 275 21 275 200 276 21 276 20 276 213 277 221 277 208 277 208 278 221 278 222 278 208 279 222 279 206 279 206 280 222 280 223 280 206 281 223 281 207 281 207 282 223 282 224 282 207 283 224 283 220 283 178 284 214 284 179 284 179 285 214 285 212 285 179 286 212 286 182 286 182 287 212 287 211 287 182 288 211 288 180 288 180 289 211 289 210 289 180 290 210 290 111 290 111 291 210 291 112 291 115 292 193 292 192 292 192 293 193 293 225 293 192 294 225 294 201 294 201 295 225 295 226 295 201 296 226 296 179 296 179 297 226 297 227 297 179 298 227 298 177 298 228 299 229 299 230 299 119 300 190 300 193 300 193 301 190 301 231 301 193 302 231 302 225 302 225 303 231 303 228 303 225 304 228 304 226 304 226 305 228 305 230 305 226 306 230 306 227 306 121 307 194 307 190 307 190 308 194 308 232 308 190 309 232 309 231 309 231 310 232 310 176 310 231 311 176 311 228 311 228 312 176 312 175 312 228 313 175 313 229 313 133 314 189 314 194 314 194 315 189 315 233 315 194 316 233 316 232 316 232 317 233 317 234 317 232 318 234 318 176 318 176 319 234 319 235 319 176 320 235 320 174 320 236 321 237 321 238 321 132 322 188 322 189 322 189 323 188 323 239 323 189 324 239 324 233 324 233 325 239 325 236 325 233 326 236 326 234 326 234 327 236 327 238 327 234 328 238 328 235 328 128 329 195 329 188 329 188 330 195 330 240 330 188 331 240 331 239 331 239 332 240 332 173 332 239 333 173 333 236 333 236 334 173 334 172 334 236 335 172 335 237 335 142 336 187 336 195 336 195 337 187 337 241 337 195 338 241 338 240 338 240 339 241 339 242 339 240 340 242 340 173 340 173 341 242 341 243 341 173 342 243 342 171 342 244 343 245 343 246 343 141 344 196 344 187 344 187 345 196 345 247 345 187 346 247 346 241 346 241 347 247 347 244 347 241 348 244 348 242 348 242 349 244 349 246 349 242 350 246 350 243 350 248 351 249 351 250 351 135 352 186 352 196 352 196 353 186 353 251 353 196 354 251 354 247 354 247 355 251 355 248 355 247 356 248 356 244 356 244 357 248 357 250 357 244 358 250 358 245 358 155 359 197 359 186 359 186 360 197 360 252 360 186 361 252 361 251 361 251 362 252 362 170 362 251 363 170 363 248 363 248 364 170 364 169 364 248 365 169 365 249 365 152 366 185 366 197 366 197 367 185 367 253 367 197 368 253 368 252 368 252 369 253 369 254 369 252 370 254 370 170 370 170 371 254 371 255 371 170 372 255 372 168 372 256 373 257 373 258 373 150 374 184 374 185 374 185 375 184 375 259 375 185 376 259 376 253 376 253 377 259 377 256 377 253 378 256 378 254 378 254 379 256 379 258 379 254 380 258 380 255 380 146 381 183 381 184 381 184 382 183 382 203 382 184 383 203 383 259 383 259 384 203 384 215 384 259 385 215 385 256 385 256 386 215 386 260 386 256 387 260 387 257 387 167 388 261 388 165 388 165 389 261 389 262 389 165 390 262 390 216 390 216 391 262 391 263 391 216 392 263 392 215 392 215 393 263 393 264 393 215 394 264 394 260 394 33 395 32 395 265 395 265 396 32 396 266 396 167 397 267 397 261 397 261 398 267 398 268 398 261 399 268 399 262 399 262 400 268 400 269 400 262 401 269 401 263 401 263 402 269 402 270 402 263 403 270 403 264 403 264 404 270 404 271 404 264 405 271 405 260 405 272 406 258 406 257 406 260 407 271 407 257 407 257 408 271 408 273 408 257 409 273 409 272 409 258 410 272 410 255 410 255 411 272 411 274 411 255 412 274 412 168 412 168 413 274 413 275 413 168 414 275 414 169 414 169 415 275 415 276 415 169 416 276 416 249 416 249 417 276 417 277 417 249 418 277 418 250 418 250 419 277 419 245 419 245 420 277 420 278 420 245 421 278 421 246 421 246 422 278 422 279 422 246 423 279 423 243 423 243 424 279 424 280 424 243 425 280 425 171 425 171 426 280 426 281 426 171 427 281 427 172 427 172 428 281 428 237 428 237 429 281 429 282 429 237 430 282 430 283 430 284 431 230 431 229 431 284 432 229 432 285 432 285 433 229 433 175 433 285 434 175 434 286 434 286 435 175 435 174 435 286 436 174 436 287 436 287 437 174 437 235 437 287 438 235 438 283 438 283 439 235 439 238 439 283 440 238 440 237 440 230 441 284 441 227 441 227 442 284 442 288 442 227 443 288 443 177 443 177 444 288 444 289 444 177 445 289 445 178 445 178 446 289 446 290 446 178 447 290 447 214 447 214 448 290 448 291 448 214 449 291 449 213 449 292 450 222 450 221 450 213 451 291 451 221 451 221 452 291 452 293 452 221 453 293 453 292 453 222 454 292 454 223 454 223 455 292 455 294 455 223 456 294 456 224 456 224 457 294 457 266 457 224 458 266 458 220 458 220 459 266 459 32 459 220 460 32 460 24 460 43 461 33 461 265 461 46 462 43 462 295 462 295 463 43 463 265 463 295 464 265 464 296 464 296 465 265 465 266 465 296 466 266 466 297 466 297 467 266 467 294 467 297 468 294 468 298 468 298 469 294 469 292 469 298 470 292 470 299 470 299 471 292 471 293 471 299 472 293 472 300 472 300 473 293 473 291 473 300 474 291 474 301 474 301 475 291 475 290 475 301 476 290 476 302 476 302 477 290 477 289 477 302 478 289 478 303 478 303 479 289 479 288 479 303 480 288 480 304 480 304 481 288 481 284 481 304 482 284 482 305 482 305 483 284 483 285 483 305 484 285 484 306 484 306 485 285 485 286 485 306 486 286 486 307 486 307 487 286 487 287 487 307 488 287 488 308 488 308 489 287 489 283 489 308 490 283 490 309 490 309 491 283 491 282 491 309 492 282 492 310 492 310 493 282 493 281 493 310 494 281 494 311 494 311 495 281 495 280 495 311 496 280 496 312 496 312 497 280 497 279 497 312 498 279 498 313 498 313 499 279 499 278 499 313 500 278 500 314 500 314 501 278 501 277 501 314 502 277 502 315 502 315 503 277 503 276 503 315 504 276 504 316 504 316 505 276 505 275 505 316 506 275 506 317 506 317 507 275 507 274 507 317 508 274 508 318 508 318 509 274 509 272 509 318 510 272 510 319 510 319 511 272 511 273 511 319 512 273 512 320 512 320 513 273 513 271 513 320 514 271 514 321 514 321 515 271 515 270 515 321 516 270 516 322 516 322 517 270 517 269 517 322 518 269 518 323 518 323 519 269 519 268 519 323 520 268 520 324 520 324 521 268 521 267 521 51 522 46 522 325 522 325 523 46 523 295 523 325 524 295 524 326 524 326 525 295 525 296 525 326 526 296 526 327 526 327 527 296 527 297 527 327 528 297 528 328 528 328 529 297 529 298 529 328 530 298 530 329 530 329 531 298 531 299 531 329 532 299 532 330 532 330 533 299 533 300 533 330 534 300 534 331 534 331 535 300 535 301 535 331 536 301 536 332 536 332 537 301 537 302 537 332 538 302 538 333 538 333 539 302 539 303 539 333 540 303 540 334 540 334 541 303 541 304 541 334 542 304 542 335 542 335 543 304 543 305 543 335 544 305 544 336 544 336 545 305 545 306 545 336 546 306 546 337 546 337 547 306 547 307 547 337 548 307 548 338 548 338 549 307 549 308 549 338 550 308 550 339 550 339 551 308 551 309 551 339 552 309 552 340 552 340 553 309 553 310 553 340 554 310 554 341 554 341 555 310 555 311 555 341 556 311 556 342 556 342 557 311 557 312 557 342 558 312 558 343 558 343 559 312 559 313 559 343 560 313 560 344 560 344 561 313 561 314 561 344 562 314 562 345 562 345 563 314 563 315 563 345 564 315 564 346 564 346 565 315 565 316 565 346 566 316 566 347 566 347 567 316 567 317 567 347 568 317 568 348 568 348 569 317 569 318 569 348 570 318 570 349 570 349 571 318 571 319 571 349 572 319 572 350 572 350 573 319 573 320 573 350 574 320 574 351 574 351 575 320 575 321 575 351 576 321 576 352 576 352 577 321 577 322 577 352 578 322 578 353 578 353 579 322 579 323 579 353 580 323 580 354 580 354 581 323 581 324 581 355 582 356 582 50 582 357 583 358 583 49 583 80 584 48 584 359 584 359 585 48 585 49 585 359 586 49 586 360 586 360 587 49 587 358 587 356 588 361 588 50 588 50 589 361 589 362 589 50 590 362 590 49 590 49 591 362 591 363 591 49 592 363 592 357 592 355 593 50 593 364 593 364 594 50 594 51 594 364 595 51 595 365 595 366 596 367 596 368 596 369 597 370 597 366 597 371 598 372 598 373 598 374 599 375 599 376 599 376 600 375 600 377 600 376 601 377 601 378 601 378 602 377 602 379 602 380 603 381 603 382 603 382 604 381 604 379 604 382 605 379 605 383 605 383 606 379 606 377 606 380 607 384 607 369 607 369 608 384 608 371 608 369 609 371 609 370 609 370 610 371 610 373 610 366 611 368 611 369 611 369 612 368 612 385 612 369 613 385 613 380 613 377 614 372 614 383 614 383 615 372 615 371 615 383 616 371 616 382 616 382 617 371 617 384 617 382 618 384 618 380 618 386 619 387 619 388 619 389 620 390 620 391 620 392 621 393 621 394 621 395 622 396 622 397 622 398 623 399 623 397 623 397 624 399 624 395 624 400 625 401 625 390 625 390 626 401 626 399 626 390 627 399 627 391 627 391 628 399 628 398 628 391 629 398 629 402 629 388 630 403 630 394 630 394 631 403 631 404 631 394 632 404 632 392 632 400 633 390 633 393 633 393 634 390 634 389 634 393 635 389 635 394 635 394 636 389 636 388 636 402 637 387 637 391 637 391 638 387 638 386 638 391 639 386 639 389 639 389 640 386 640 388 640 58 641 57 641 405 641 406 642 156 642 407 642 407 643 156 643 158 643 407 644 158 644 408 644 408 645 158 645 160 645 408 646 160 646 409 646 409 647 160 647 162 647 409 648 162 648 410 648 410 649 162 649 143 649 410 650 143 650 411 650 411 651 143 651 145 651 411 652 145 652 412 652 412 653 145 653 147 653 412 654 147 654 413 654 413 655 147 655 149 655 413 656 149 656 414 656 414 657 149 657 151 657 414 658 151 658 415 658 415 659 151 659 153 659 415 660 153 660 416 660 416 661 153 661 134 661 416 662 134 662 417 662 417 663 134 663 136 663 417 664 136 664 418 664 418 665 136 665 138 665 418 666 138 666 419 666 419 667 138 667 140 667 419 668 140 668 420 668 420 669 140 669 125 669 420 670 125 670 421 670 421 671 125 671 127 671 421 672 127 672 422 672 422 673 127 673 129 673 422 674 129 674 423 674 423 675 129 675 131 675 423 676 131 676 424 676 424 677 131 677 124 677 424 678 124 678 425 678 425 679 124 679 123 679 425 680 123 680 426 680 426 681 123 681 120 681 426 682 120 682 427 682 427 683 120 683 118 683 427 684 118 684 428 684 428 685 118 685 116 685 428 686 116 686 429 686 429 687 116 687 114 687 429 688 114 688 430 688 430 689 114 689 103 689 430 690 103 690 431 690 431 691 103 691 106 691 431 692 106 692 432 692 432 693 106 693 108 693 432 694 108 694 433 694 433 695 108 695 110 695 433 696 110 696 434 696 434 697 110 697 101 697 434 698 101 698 435 698 435 699 101 699 102 699 435 700 102 700 63 700 63 701 102 701 9 701 436 702 406 702 437 702 437 703 406 703 407 703 437 704 407 704 438 704 438 705 407 705 408 705 438 706 408 706 439 706 439 707 408 707 409 707 439 708 409 708 440 708 440 709 409 709 410 709 440 710 410 710 441 710 441 711 410 711 411 711 441 712 411 712 442 712 442 713 411 713 412 713 442 714 412 714 443 714 443 715 412 715 413 715 443 716 413 716 444 716 444 717 413 717 414 717 444 718 414 718 445 718 445 719 414 719 415 719 445 720 415 720 446 720 446 721 415 721 416 721 446 722 416 722 447 722 447 723 416 723 417 723 447 724 417 724 448 724 448 725 417 725 418 725 448 726 418 726 449 726 449 727 418 727 419 727 449 728 419 728 450 728 450 729 419 729 420 729 450 730 420 730 451 730 451 731 420 731 421 731 451 732 421 732 452 732 452 733 421 733 422 733 452 734 422 734 453 734 453 735 422 735 423 735 453 736 423 736 454 736 454 737 423 737 424 737 454 738 424 738 455 738 455 739 424 739 425 739 455 740 425 740 456 740 456 741 425 741 426 741 456 742 426 742 457 742 457 743 426 743 427 743 457 744 427 744 458 744 458 745 427 745 428 745 458 746 428 746 459 746 459 747 428 747 429 747 459 748 429 748 460 748 460 749 429 749 430 749 460 750 430 750 461 750 461 751 430 751 431 751 461 752 431 752 462 752 462 753 431 753 432 753 462 754 432 754 463 754 463 755 432 755 433 755 463 756 433 756 464 756 464 757 433 757 434 757 464 758 434 758 405 758 405 759 434 759 435 759 405 760 435 760 58 760 58 761 435 761 63 761 465 762 57 762 466 762 466 763 57 763 56 763 466 764 56 764 467 764 467 765 56 765 468 765 468 766 56 766 55 766 468 767 55 767 469 767 470 768 471 768 62 768 62 769 471 769 472 769 62 770 472 770 55 770 55 771 472 771 473 771 55 772 473 772 469 772 470 773 62 773 474 773 474 774 62 774 60 774 474 775 60 775 81 775 475 776 476 776 477 776 475 776 477 776 478 776 478 777 477 777 479 777 478 778 479 778 480 778 481 779 482 779 78 779 78 780 482 780 79 780 82 781 74 781 483 781 483 782 74 782 77 782 483 783 77 783 484 783 484 784 77 784 79 784 484 785 79 785 485 785 486 786 487 786 488 786 488 787 487 787 485 787 488 788 485 788 489 788 489 789 485 789 79 789 489 790 79 790 482 790 69 791 68 791 490 791 71 792 69 792 491 792 72 793 71 793 492 793 73 794 72 794 493 794 69 795 490 795 491 795 491 796 490 796 494 796 491 797 494 797 495 797 495 798 494 798 496 798 495 799 496 799 497 799 497 800 496 800 498 800 497 801 498 801 499 801 71 802 491 802 492 802 492 803 491 803 495 803 492 804 495 804 500 804 500 805 495 805 497 805 500 806 497 806 501 806 501 807 497 807 499 807 501 808 499 808 502 808 502 809 499 809 503 809 502 810 503 810 504 810 504 811 503 811 505 811 504 812 505 812 506 812 506 813 505 813 507 813 506 814 507 814 508 814 508 815 507 815 509 815 508 816 509 816 510 816 510 817 509 817 511 817 510 818 511 818 512 818 498 819 513 819 499 819 499 820 513 820 514 820 499 821 514 821 503 821 503 822 514 822 515 822 503 823 515 823 505 823 505 824 515 824 516 824 505 825 516 825 507 825 507 826 516 826 517 826 507 827 517 827 509 827 509 828 517 828 518 828 509 829 518 829 511 829 511 830 518 830 519 830 519 831 520 831 511 831 511 832 520 832 521 832 511 833 521 833 512 833 512 834 521 834 522 834 512 835 522 835 523 835 72 836 492 836 493 836 493 837 492 837 500 837 493 838 500 838 524 838 524 839 500 839 501 839 524 840 501 840 525 840 525 841 501 841 502 841 525 842 502 842 526 842 526 843 502 843 504 843 526 844 504 844 527 844 527 845 504 845 506 845 527 846 506 846 528 846 528 847 506 847 508 847 528 848 508 848 529 848 529 849 508 849 510 849 529 850 510 850 530 850 530 851 510 851 512 851 530 852 512 852 531 852 531 853 512 853 523 853 531 854 523 854 532 854 73 855 493 855 533 855 533 856 493 856 524 856 533 857 524 857 534 857 534 858 524 858 525 858 534 859 525 859 535 859 535 860 525 860 526 860 535 861 526 861 536 861 536 862 526 862 527 862 536 863 527 863 537 863 537 864 527 864 528 864 537 865 528 865 538 865 538 866 528 866 529 866 538 867 529 867 539 867 539 868 529 868 530 868 539 869 530 869 540 869 540 870 530 870 531 870 540 871 531 871 541 871 541 872 531 872 532 872 541 873 532 873 542 873 75 874 540 874 76 874 76 875 540 875 541 875 76 876 541 876 542 876 73 877 533 877 75 877 75 878 533 878 534 878 534 879 535 879 75 879 75 880 535 880 536 880 75 881 536 881 537 881 537 882 538 882 75 882 75 883 538 883 539 883 75 884 539 884 540 884 542 885 543 885 76 885 76 886 543 886 544 886 76 887 544 887 65 887 544 888 545 888 65 888 65 889 545 889 546 889 65 890 546 890 66 890 547 891 67 891 548 891 548 892 67 892 66 892 548 893 66 893 549 893 549 894 66 894 546 894 547 895 481 895 67 895 67 896 481 896 78 896 550 897 475 897 478 897 480 898 551 898 552 898 552 899 551 899 553 899 552 900 553 900 554 900 554 901 553 901 555 901 555 902 556 902 554 902 554 903 556 903 550 903 554 904 550 904 552 904 552 905 550 905 478 905 552 906 478 906 480 906 87 907 557 907 88 907 88 908 557 908 68 908 88 909 68 909 83 909 83 910 68 910 70 910 558 911 559 911 560 911 557 912 561 912 562 912 562 913 561 913 563 913 562 914 563 914 564 914 564 915 563 915 565 915 564 916 565 916 566 916 559 917 558 917 565 917 565 918 558 918 567 918 565 919 567 919 566 919 568 920 569 920 570 920 570 921 569 921 571 921 570 922 571 922 1786 922 1786 923 571 923 573 923 572 924 573 924 574 924 574 925 573 925 575 925 574 926 575 926 560 926 569 927 576 927 571 927 571 928 576 928 577 928 571 929 577 929 573 929 573 930 577 930 578 930 573 931 578 931 575 931 575 932 578 932 579 932 575 933 579 933 560 933 1777 934 568 934 1785 934 1785 935 568 935 570 935 563 936 570 936 565 936 565 937 570 937 572 937 565 938 572 938 559 938 559 939 572 939 574 939 559 940 574 940 560 940 580 941 581 941 582 941 582 942 581 942 583 942 582 943 583 943 584 943 584 944 583 944 585 944 586 945 584 945 587 945 587 946 584 946 585 946 587 947 585 947 588 947 589 948 580 948 590 948 590 949 580 949 582 949 590 950 582 950 591 950 591 951 582 951 584 951 591 952 584 952 592 952 592 953 584 953 586 953 593 954 594 954 595 954 585 955 583 955 596 955 588 956 585 956 597 956 585 957 596 957 597 957 597 958 596 958 598 958 597 959 598 959 599 959 599 960 598 960 600 960 599 961 600 961 601 961 601 962 600 962 602 962 601 963 602 963 603 963 588 964 597 964 604 964 604 965 597 965 599 965 604 966 599 966 605 966 605 967 599 967 601 967 605 968 601 968 606 968 606 969 601 969 603 969 606 970 603 970 607 970 593 971 595 971 608 971 609 972 607 972 610 972 610 973 607 973 603 973 610 974 603 974 595 974 595 975 603 975 602 975 595 976 602 976 608 976 608 977 602 977 600 977 608 978 600 978 611 978 611 979 600 979 598 979 611 980 598 980 612 980 612 981 598 981 596 981 612 982 596 982 613 982 613 983 596 983 583 983 613 984 583 984 581 984 614 985 615 985 616 985 616 986 615 986 617 986 616 987 617 987 618 987 618 988 617 988 619 988 618 989 619 989 620 989 620 990 619 990 621 990 614 991 616 991 622 991 616 992 618 992 623 992 388 993 624 993 625 993 625 994 624 994 626 994 625 995 626 995 627 995 627 996 626 996 628 996 627 997 628 997 629 997 629 998 628 998 630 998 629 999 630 999 631 999 631 1000 630 1000 632 1000 631 1001 632 1001 633 1001 633 1002 632 1002 634 1002 633 1003 634 1003 635 1003 635 1004 634 1004 636 1004 635 1005 636 1005 637 1005 637 1006 636 1006 638 1006 637 1007 638 1007 639 1007 639 1008 638 1008 640 1008 639 1009 640 1009 641 1009 641 1010 640 1010 642 1010 641 1011 642 1011 643 1011 643 1012 642 1012 644 1012 643 1013 644 1013 645 1013 645 1014 644 1014 646 1014 645 1015 646 1015 647 1015 647 1016 646 1016 648 1016 647 1017 648 1017 649 1017 649 1018 648 1018 650 1018 649 1019 650 1019 651 1019 651 1020 650 1020 652 1020 651 1021 652 1021 653 1021 653 1022 652 1022 654 1022 653 1023 654 1023 655 1023 655 1024 654 1024 623 1024 655 1025 623 1025 656 1025 656 1026 623 1026 618 1026 656 1027 618 1027 620 1027 616 1028 623 1028 622 1028 622 1029 623 1029 654 1029 622 1030 654 1030 657 1030 657 1031 654 1031 652 1031 657 1032 652 1032 658 1032 658 1033 652 1033 650 1033 658 1034 650 1034 659 1034 659 1035 650 1035 648 1035 659 1036 648 1036 660 1036 660 1037 648 1037 646 1037 660 1038 646 1038 661 1038 661 1039 646 1039 644 1039 661 1040 644 1040 662 1040 662 1041 644 1041 642 1041 662 1042 642 1042 663 1042 663 1043 642 1043 640 1043 663 1044 640 1044 664 1044 664 1045 640 1045 638 1045 664 1046 638 1046 665 1046 665 1047 638 1047 636 1047 665 1048 636 1048 666 1048 666 1049 636 1049 634 1049 666 1050 634 1050 667 1050 667 1051 634 1051 632 1051 667 1052 632 1052 668 1052 668 1053 632 1053 630 1053 668 1054 630 1054 669 1054 669 1055 630 1055 628 1055 669 1056 628 1056 670 1056 670 1057 628 1057 626 1057 670 1058 626 1058 671 1058 671 1059 626 1059 624 1059 671 1060 624 1060 672 1060 388 1061 387 1061 624 1061 624 1062 387 1062 402 1062 624 1063 402 1063 672 1063 672 1064 402 1064 398 1064 672 1065 398 1065 397 1065 614 1066 622 1066 673 1066 673 1067 622 1067 657 1067 673 1068 657 1068 674 1068 674 1069 657 1069 658 1069 674 1070 658 1070 675 1070 675 1071 658 1071 659 1071 675 1072 659 1072 676 1072 676 1073 659 1073 660 1073 676 1074 660 1074 677 1074 677 1075 660 1075 661 1075 677 1076 661 1076 678 1076 678 1077 661 1077 662 1077 678 1078 662 1078 679 1078 679 1079 662 1079 663 1079 679 1080 663 1080 680 1080 680 1081 663 1081 664 1081 680 1082 664 1082 681 1082 681 1083 664 1083 665 1083 681 1084 665 1084 682 1084 682 1085 665 1085 666 1085 682 1086 666 1086 683 1086 683 1087 666 1087 667 1087 683 1088 667 1088 684 1088 684 1089 667 1089 668 1089 684 1090 668 1090 685 1090 685 1091 668 1091 669 1091 685 1092 669 1092 686 1092 686 1093 669 1093 670 1093 686 1094 670 1094 687 1094 687 1095 670 1095 671 1095 687 1096 671 1096 688 1096 688 1097 671 1097 672 1097 688 1098 672 1098 689 1098 689 1099 672 1099 397 1099 689 1100 397 1100 396 1100 365 1101 374 1101 690 1101 690 1102 374 1102 376 1102 690 1103 376 1103 691 1103 691 1104 376 1104 378 1104 691 1105 378 1105 692 1105 692 1106 378 1106 379 1106 692 1107 379 1107 693 1107 693 1108 379 1108 381 1108 693 1109 381 1109 694 1109 694 1110 381 1110 380 1110 694 1111 380 1111 695 1111 691 1112 692 1112 696 1112 693 1113 694 1113 697 1113 694 1114 695 1114 698 1114 693 1115 697 1115 692 1115 699 1116 690 1116 691 1116 700 1117 364 1117 699 1117 699 1118 364 1118 365 1118 699 1119 365 1119 690 1119 694 1120 698 1120 697 1120 697 1121 698 1121 701 1121 697 1122 701 1122 702 1122 702 1123 701 1123 703 1123 702 1124 703 1124 704 1124 704 1125 703 1125 705 1125 704 1126 705 1126 706 1126 706 1127 705 1127 707 1127 706 1128 707 1128 708 1128 708 1129 707 1129 709 1129 708 1130 709 1130 710 1130 692 1131 697 1131 696 1131 696 1132 697 1132 702 1132 696 1133 702 1133 711 1133 711 1134 702 1134 704 1134 711 1135 704 1135 712 1135 712 1136 704 1136 706 1136 712 1137 706 1137 713 1137 713 1138 706 1138 708 1138 713 1139 708 1139 714 1139 714 1140 708 1140 710 1140 714 1141 710 1141 715 1141 691 1142 696 1142 699 1142 699 1143 696 1143 711 1143 699 1144 711 1144 700 1144 700 1145 711 1145 712 1145 700 1146 712 1146 716 1146 716 1147 712 1147 713 1147 716 1148 713 1148 717 1148 717 1149 713 1149 714 1149 717 1150 714 1150 718 1150 718 1151 714 1151 715 1151 718 1152 715 1152 719 1152 719 1153 363 1153 718 1153 718 1154 363 1154 362 1154 718 1155 362 1155 717 1155 717 1156 362 1156 361 1156 717 1157 361 1157 716 1157 716 1158 361 1158 356 1158 716 1159 356 1159 700 1159 700 1160 356 1160 355 1160 700 1161 355 1161 364 1161 360 1162 358 1162 719 1162 719 1163 358 1163 357 1163 719 1164 357 1164 363 1164 720 1165 721 1165 722 1165 722 1166 721 1166 723 1166 722 1167 723 1167 724 1167 724 1168 723 1168 725 1168 724 1169 725 1169 726 1169 726 1170 725 1170 727 1170 728 1171 727 1171 729 1171 729 1172 727 1172 725 1172 729 1173 725 1173 730 1173 730 1174 725 1174 723 1174 730 1175 723 1175 731 1175 731 1176 723 1176 721 1176 709 1177 720 1177 710 1177 710 1178 720 1178 722 1178 710 1179 722 1179 715 1179 715 1180 722 1180 724 1180 715 1181 724 1181 719 1181 719 1182 724 1182 726 1182 719 1183 726 1183 360 1183 360 1184 726 1184 727 1184 360 1185 727 1185 359 1185 359 1186 727 1186 728 1186 359 1187 728 1187 80 1187 731 1188 732 1188 733 1188 731 1188 733 1188 730 1188 730 1189 733 1189 734 1189 730 1190 734 1190 729 1190 729 1191 734 1191 735 1191 729 1192 735 1192 728 1192 728 1193 735 1193 81 1193 728 1194 81 1194 80 1194 734 1195 733 1195 736 1195 735 1196 734 1196 737 1196 81 1197 735 1197 738 1197 81 1198 738 1198 474 1198 474 1199 738 1199 739 1199 474 1200 739 1200 470 1200 470 1201 739 1201 740 1201 470 1202 740 1202 471 1202 471 1203 740 1203 741 1203 471 1204 741 1204 472 1204 734 1205 736 1205 737 1205 737 1206 736 1206 742 1206 737 1207 742 1207 743 1207 743 1208 742 1208 744 1208 743 1209 744 1209 745 1209 745 1210 744 1210 746 1210 745 1211 746 1211 747 1211 747 1212 746 1212 748 1212 747 1213 748 1213 749 1213 749 1214 748 1214 750 1214 749 1215 750 1215 751 1215 751 1216 750 1216 752 1216 751 1217 752 1217 753 1217 753 1218 752 1218 754 1218 753 1219 754 1219 755 1219 756 1220 754 1220 757 1220 757 1221 754 1221 752 1221 757 1222 752 1222 758 1222 758 1223 752 1223 750 1223 758 1224 750 1224 759 1224 759 1225 750 1225 748 1225 759 1226 748 1226 760 1226 760 1227 748 1227 746 1227 760 1228 746 1228 761 1228 761 1229 746 1229 744 1229 761 1230 744 1230 762 1230 762 1231 744 1231 742 1231 762 1232 742 1232 763 1232 763 1233 742 1233 736 1233 763 1234 736 1234 764 1234 764 1235 736 1235 733 1235 764 1236 733 1236 732 1236 756 1237 765 1237 754 1237 754 1238 765 1238 766 1238 754 1239 766 1239 755 1239 755 1240 766 1240 767 1240 755 1241 767 1241 768 1241 735 1242 737 1242 738 1242 738 1243 737 1243 743 1243 738 1244 743 1244 739 1244 739 1245 743 1245 745 1245 739 1246 745 1246 740 1246 740 1247 745 1247 747 1247 740 1248 747 1248 741 1248 741 1249 747 1249 749 1249 741 1250 749 1250 769 1250 769 1251 749 1251 751 1251 769 1252 751 1252 770 1252 770 1253 751 1253 753 1253 770 1254 753 1254 771 1254 771 1255 753 1255 755 1255 771 1256 755 1256 772 1256 772 1257 755 1257 768 1257 772 1258 768 1258 773 1258 472 1259 741 1259 473 1259 473 1260 741 1260 769 1260 473 1261 769 1261 469 1261 469 1262 769 1262 770 1262 469 1263 770 1263 468 1263 468 1264 770 1264 771 1264 468 1265 771 1265 467 1265 467 1266 771 1266 772 1266 467 1267 772 1267 466 1267 466 1268 772 1268 773 1268 466 1269 773 1269 465 1269 756 1270 774 1270 765 1270 765 1271 774 1271 775 1271 776 1272 465 1272 777 1272 777 1273 465 1273 773 1273 777 1274 773 1274 778 1274 778 1275 773 1275 768 1275 778 1276 768 1276 779 1276 779 1277 768 1277 767 1277 779 1278 767 1278 775 1278 775 1279 767 1279 766 1279 775 1280 766 1280 765 1280 780 1281 487 1281 781 1281 781 1282 487 1282 486 1282 780 93 484 93 487 93 487 1283 484 1283 485 1283 484 1284 782 1284 483 1284 483 1284 782 1284 783 1284 483 1285 783 1285 82 1285 784 1284 88 1284 83 1284 82 1286 783 1286 83 1286 83 1287 783 1287 785 1287 83 1284 785 1284 786 1284 786 1288 787 1288 83 1288 83 1284 787 1284 788 1284 83 1284 788 1284 784 1284 90 1289 88 1289 784 1289 90 1290 784 1290 92 1290 788 1291 96 1291 784 1291 784 1292 96 1292 94 1292 784 1293 94 1293 92 1293 787 1294 99 1294 788 1294 788 1295 99 1295 98 1295 788 1296 98 1296 96 1296 786 1297 85 1297 787 1297 787 1298 85 1298 84 1298 787 1299 84 1299 99 1299 783 1300 789 1300 785 1300 785 1301 789 1301 790 1301 785 1302 790 1302 786 1302 786 1303 790 1303 791 1303 786 1304 791 1304 85 1304 91 1305 93 1305 792 1305 95 1306 97 1306 793 1306 86 1307 794 1307 795 1307 793 1308 97 1308 86 1308 792 1309 796 1309 797 1309 797 1310 796 1310 795 1310 797 1311 795 1311 798 1311 798 1312 795 1312 794 1312 798 1313 794 1313 799 1313 87 1314 89 1314 800 1314 800 1315 89 1315 91 1315 91 1316 792 1316 800 1316 800 1317 792 1317 797 1317 800 1318 797 1318 801 1318 801 1319 797 1319 798 1319 801 1320 798 1320 802 1320 802 1321 798 1321 799 1321 802 1322 799 1322 803 1322 87 1323 800 1323 804 1323 804 1324 800 1324 801 1324 804 1325 801 1325 805 1325 805 1326 801 1326 802 1326 805 1327 802 1327 806 1327 806 1328 802 1328 803 1328 806 1329 803 1329 807 1329 796 1330 86 1330 795 1330 93 1331 95 1331 792 1331 792 1332 95 1332 793 1332 792 1333 793 1333 796 1333 796 1334 793 1334 86 1334 790 1335 789 1335 808 1335 790 1284 808 1284 791 1284 809 1284 810 1284 86 1284 791 1284 808 1284 85 1284 85 1336 808 1336 811 1336 85 1284 811 1284 86 1284 86 1284 811 1284 812 1284 86 1337 812 1337 809 1337 592 1338 586 1338 813 1338 592 1339 813 1339 591 1339 814 1340 589 1340 815 1340 815 1341 589 1341 590 1341 815 1342 590 1342 816 1342 816 1343 590 1343 591 1343 816 1344 591 1344 817 1344 817 1345 591 1345 813 1345 818 1346 156 1346 819 1346 819 1347 156 1347 406 1347 436 1348 820 1348 406 1348 406 1349 820 1349 821 1349 406 1350 821 1350 819 1350 156 1351 818 1351 157 1351 157 1352 818 1352 822 1352 157 1353 822 1353 823 1353 824 1354 167 1354 825 1354 825 1355 167 1355 166 1355 825 1356 166 1356 826 1356 219 1357 827 1357 166 1357 166 1358 827 1358 828 1358 166 1359 828 1359 826 1359 217 1360 829 1360 218 1360 218 1361 829 1361 830 1361 218 1362 830 1362 219 1362 219 1363 830 1363 831 1363 219 1364 831 1364 827 1364 198 1365 157 1365 823 1365 823 1366 832 1366 198 1366 198 1367 832 1367 833 1367 198 1368 833 1368 217 1368 217 1369 833 1369 834 1369 217 1370 834 1370 829 1370 835 1371 267 1371 836 1371 836 1372 267 1372 167 1372 836 1373 167 1373 824 1373 354 1374 324 1374 837 1374 837 1375 324 1375 838 1375 838 1376 324 1376 839 1376 839 1377 324 1377 267 1377 839 1378 267 1378 835 1378 374 93 365 93 840 93 840 93 365 93 51 93 840 1379 51 1379 841 1379 841 93 51 93 325 93 841 1380 325 1380 842 1380 842 93 325 93 326 93 842 93 326 93 843 93 844 93 351 93 845 93 845 1381 351 1381 352 1381 845 1382 352 1382 846 1382 846 1383 352 1383 353 1383 846 1384 353 1384 847 1384 847 93 353 93 354 93 847 1385 354 1385 848 1385 848 93 354 93 837 93 843 1386 326 1386 849 1386 849 1387 326 1387 327 1387 849 93 327 93 850 93 850 93 327 93 328 93 850 93 328 93 851 93 328 93 329 93 851 93 851 93 329 93 330 93 851 93 330 93 852 93 852 93 330 93 331 93 852 93 331 93 853 93 853 93 331 93 332 93 853 93 332 93 854 93 855 93 342 93 856 93 856 93 342 93 343 93 856 93 343 93 857 93 857 1388 343 1388 344 1388 857 93 344 93 858 93 858 93 344 93 345 93 858 93 345 93 859 93 332 1389 333 1389 854 1389 854 93 333 93 334 93 854 93 334 93 860 93 860 93 334 93 335 93 860 93 335 93 861 93 861 93 335 93 336 93 861 93 336 93 862 93 336 1390 337 1390 862 1390 862 1391 337 1391 338 1391 862 93 338 93 863 93 863 93 338 93 339 93 863 93 339 93 864 93 864 93 339 93 340 93 864 93 340 93 855 93 855 93 340 93 341 93 855 93 341 93 342 93 345 93 346 93 859 93 859 1392 346 1392 347 1392 859 1393 347 1393 865 1393 865 1394 347 1394 348 1394 865 93 348 93 866 93 866 1395 348 1395 349 1395 866 93 349 93 844 93 844 1396 349 1396 350 1396 844 1397 350 1397 351 1397 375 1398 374 1398 840 1398 372 1399 377 1399 867 1399 867 1400 377 1400 375 1400 366 1401 370 1401 868 1401 868 1402 370 1402 373 1402 868 1403 373 1403 372 1403 869 1404 367 1404 366 1404 375 1405 840 1405 867 1405 867 1406 840 1406 841 1406 867 1407 841 1407 870 1407 870 1408 841 1408 842 1408 870 1409 842 1409 871 1409 842 1410 843 1410 871 1410 871 1411 843 1411 872 1411 871 1412 872 1412 873 1412 372 1413 867 1413 868 1413 868 1414 867 1414 870 1414 868 1415 870 1415 874 1415 874 1416 870 1416 871 1416 874 1417 871 1417 875 1417 875 1418 871 1418 873 1418 875 1419 873 1419 876 1419 366 1420 868 1420 869 1420 869 1421 868 1421 874 1421 869 1422 874 1422 877 1422 877 1423 874 1423 875 1423 877 1424 875 1424 878 1424 878 1425 875 1425 876 1425 878 1426 876 1426 879 1426 388 1427 380 1427 385 1427 367 1428 392 1428 368 1428 368 1429 392 1429 404 1429 368 1430 404 1430 385 1430 385 1430 404 1430 403 1430 385 1431 403 1431 388 1431 880 1432 881 1432 882 1432 396 1433 883 1433 884 1433 884 1434 883 1434 885 1434 884 1435 885 1435 886 1435 886 1436 885 1436 887 1436 886 1437 887 1437 888 1437 888 1438 887 1438 889 1438 888 1439 889 1439 890 1439 396 1440 395 1440 883 1440 883 1441 395 1441 399 1441 399 1442 891 1442 883 1442 883 1443 891 1443 892 1443 883 1444 892 1444 885 1444 885 1445 892 1445 882 1445 885 1446 882 1446 887 1446 887 1447 882 1447 881 1447 887 1448 881 1448 889 1448 399 1449 401 1449 891 1449 891 1450 401 1450 400 1450 891 1451 400 1451 393 1451 880 1452 882 1452 893 1452 893 1453 882 1453 892 1453 893 1454 892 1454 894 1454 894 1455 892 1455 891 1455 894 1456 891 1456 895 1456 895 1457 891 1457 393 1457 895 1458 393 1458 392 1458 689 1284 396 1284 884 1284 896 1459 897 1459 884 1459 884 1284 886 1284 896 1284 896 1460 886 1460 888 1460 896 1284 888 1284 898 1284 898 1461 888 1461 890 1461 898 1284 890 1284 899 1284 899 1462 890 1462 900 1462 901 1284 902 1284 899 1284 897 1463 615 1463 884 1463 884 1464 615 1464 614 1464 884 1465 614 1465 673 1465 902 1466 903 1466 899 1466 899 1467 903 1467 904 1467 899 1468 904 1468 905 1468 900 1469 906 1469 899 1469 899 1284 906 1284 907 1284 899 1470 907 1470 908 1470 908 1284 909 1284 899 1284 899 1471 909 1471 910 1471 899 1472 910 1472 911 1472 911 1473 912 1473 899 1473 899 1474 912 1474 913 1474 899 1475 913 1475 914 1475 914 1284 915 1284 899 1284 899 1284 915 1284 916 1284 899 1476 916 1476 917 1476 905 1284 918 1284 899 1284 899 1477 918 1477 919 1477 899 1478 919 1478 920 1478 673 1284 674 1284 884 1284 884 1479 674 1479 675 1479 884 1480 675 1480 676 1480 917 1481 921 1481 899 1481 899 1284 921 1284 922 1284 899 1284 922 1284 901 1284 920 1482 923 1482 899 1482 899 1483 923 1483 924 1483 899 1484 924 1484 925 1484 899 1284 926 1284 927 1284 927 1284 926 1284 928 1284 688 1485 689 1485 678 1485 678 1284 689 1284 884 1284 678 1284 884 1284 677 1284 677 1486 884 1486 676 1486 925 1284 929 1284 899 1284 899 1487 929 1487 930 1487 899 1488 930 1488 931 1488 931 1284 932 1284 899 1284 899 1489 932 1489 933 1489 899 1490 933 1490 926 1490 928 1284 926 1284 934 1284 934 1284 926 1284 935 1284 934 1284 935 1284 936 1284 678 1491 679 1491 688 1491 688 1284 679 1284 680 1284 688 1492 680 1492 681 1492 685 1284 686 1284 684 1284 684 1493 686 1493 687 1493 684 1494 687 1494 688 1494 681 1284 682 1284 688 1284 688 1495 682 1495 683 1495 688 1496 683 1496 684 1496 937 1497 938 1497 939 1497 475 1498 937 1498 476 1498 476 1499 937 1499 939 1499 476 1500 939 1500 940 1500 937 1501 941 1501 938 1501 938 1502 941 1502 897 1502 938 1503 897 1503 896 1503 942 1504 943 1504 479 1504 477 1505 476 1505 940 1505 939 1506 944 1506 940 1506 940 1507 944 1507 942 1507 940 1508 942 1508 477 1508 477 1509 942 1509 479 1509 945 1510 943 1510 946 1510 946 1511 943 1511 942 1511 946 1512 942 1512 947 1512 947 1513 942 1513 944 1513 948 1514 949 1514 950 1514 951 1515 952 1515 948 1515 953 1516 954 1516 955 1516 956 1517 957 1517 958 1517 958 1518 957 1518 959 1518 958 1519 959 1519 960 1519 960 1520 959 1520 961 1520 962 1521 963 1521 964 1521 964 1522 963 1522 961 1522 964 1523 961 1523 965 1523 965 1524 961 1524 959 1524 962 1525 966 1525 951 1525 951 608 966 608 953 608 951 1526 953 1526 952 1526 952 1527 953 1527 955 1527 948 1528 950 1528 951 1528 951 1529 950 1529 967 1529 951 613 967 613 962 613 959 1530 954 1530 965 1530 965 1531 954 1531 953 1531 965 1532 953 1532 964 1532 964 617 953 617 966 617 964 1533 966 1533 962 1533 968 619 775 619 774 619 969 1534 970 1534 971 1534 972 1535 973 1535 974 1535 975 1536 776 1536 777 1536 778 623 976 623 777 623 777 1537 976 1537 975 1537 977 1538 978 1538 970 1538 970 1539 978 1539 976 1539 970 627 976 627 971 627 971 1540 976 1540 778 1540 971 1541 778 1541 779 1541 774 1542 979 1542 974 1542 974 1543 979 1543 980 1543 974 1544 980 1544 972 1544 977 1545 970 1545 973 1545 973 1546 970 1546 969 1546 973 1547 969 1547 974 1547 974 636 969 636 774 636 779 1548 775 1548 971 1548 971 1549 775 1549 968 1549 971 1550 968 1550 969 1550 969 1551 968 1551 774 1551 820 1284 436 1284 981 1284 981 1552 436 1552 982 1552 445 1553 983 1553 444 1553 444 1284 983 1284 984 1284 444 1554 984 1554 443 1554 443 1555 984 1555 985 1555 443 1284 985 1284 442 1284 442 1284 985 1284 986 1284 442 1284 986 1284 441 1284 441 1284 986 1284 987 1284 441 1556 987 1556 440 1556 440 1557 987 1557 988 1557 440 1558 988 1558 439 1558 439 1559 988 1559 989 1559 439 1284 989 1284 438 1284 438 1560 989 1560 990 1560 438 1284 990 1284 437 1284 437 1284 990 1284 991 1284 437 1284 991 1284 436 1284 436 1561 991 1561 992 1561 436 1562 992 1562 982 1562 465 1563 776 1563 57 1563 57 1564 776 1564 993 1564 57 1565 993 1565 405 1565 405 1284 993 1284 994 1284 405 1284 994 1284 464 1284 464 1284 994 1284 995 1284 464 1284 995 1284 463 1284 463 1284 995 1284 996 1284 463 1284 996 1284 462 1284 462 1566 996 1566 997 1566 462 1284 997 1284 461 1284 997 1284 998 1284 461 1284 461 1284 998 1284 999 1284 461 1284 999 1284 460 1284 460 1567 999 1567 1000 1567 460 1284 1000 1284 459 1284 459 1568 1000 1568 1001 1568 459 1569 1001 1569 458 1569 458 1570 1001 1570 1002 1570 458 1571 1002 1571 457 1571 457 1284 1002 1284 1003 1284 457 1572 1003 1572 456 1572 456 1573 1003 1573 1004 1573 456 1284 1004 1284 455 1284 455 1574 1004 1574 1005 1574 455 1284 1005 1284 454 1284 454 1284 1005 1284 1006 1284 454 1284 1006 1284 453 1284 453 1284 1006 1284 1007 1284 453 1284 1007 1284 452 1284 452 1284 1007 1284 1008 1284 452 1575 1008 1575 451 1575 451 1284 1008 1284 1009 1284 451 1576 1009 1576 450 1576 450 1284 1009 1284 1010 1284 450 1577 1010 1577 449 1577 449 1284 1010 1284 1011 1284 449 1578 1011 1578 448 1578 448 1579 1011 1579 1012 1579 448 1284 1012 1284 447 1284 447 1284 1012 1284 1013 1284 447 1580 1013 1580 446 1580 446 1284 1013 1284 1014 1284 446 1284 1014 1284 445 1284 445 1284 1014 1284 1015 1284 445 1581 1015 1581 983 1581 1016 1582 1017 1582 1018 1582 1018 1583 1017 1583 1019 1583 1020 1584 1021 1584 1017 1584 1017 1585 1021 1585 1022 1585 1017 1586 1022 1586 1019 1586 1016 1587 1023 1587 1017 1587 1017 1588 1023 1588 1024 1588 1017 1589 1024 1589 1020 1589 1020 1590 1024 1590 480 1590 1020 1591 480 1591 479 1591 482 1592 481 1592 1025 1592 1025 1593 481 1593 1026 1593 1025 1594 1026 1594 1027 1594 1027 1595 1026 1595 1028 1595 1027 1596 1028 1596 1029 1596 1029 1597 1028 1597 1030 1597 489 1598 482 1598 1025 1598 489 1599 1025 1599 488 1599 1031 1600 1032 1600 1033 1600 1033 1601 1032 1601 1034 1601 1033 1602 1034 1602 1035 1602 1035 1603 1034 1603 1036 1603 1029 1604 1031 1604 1027 1604 1027 1605 1031 1605 1033 1605 1027 1606 1033 1606 1025 1606 1025 1607 1033 1607 1035 1607 1025 1608 1035 1608 488 1608 488 1609 1035 1609 1036 1609 488 1610 1036 1610 486 1610 781 1611 486 1611 1037 1611 1037 1612 486 1612 1036 1612 1037 1613 1036 1613 1038 1613 1038 1614 1036 1614 1034 1614 1038 1615 1034 1615 1039 1615 1039 1616 1034 1616 1032 1616 961 1617 963 1617 1040 1617 963 1618 962 1618 1041 1618 958 1619 960 1619 1042 1619 1042 1620 960 1620 961 1620 1043 1621 956 1621 958 1621 963 1622 1041 1622 1040 1622 1040 1623 1041 1623 1044 1623 1040 1624 1044 1624 1045 1624 1045 1625 1044 1625 1046 1625 1045 1626 1046 1626 1047 1626 1047 1627 1046 1627 1048 1627 1047 1628 1048 1628 1049 1628 1049 1629 1048 1629 1050 1629 1049 1630 1050 1630 1051 1630 1051 1631 1050 1631 1052 1631 1051 1632 1052 1632 1053 1632 1053 1633 1052 1633 781 1633 1053 1634 781 1634 1037 1634 961 1635 1040 1635 1042 1635 1042 1636 1040 1636 1045 1636 1042 1637 1045 1637 1054 1637 1054 1638 1045 1638 1047 1638 1054 1639 1047 1639 1055 1639 1055 1640 1047 1640 1049 1640 1055 1641 1049 1641 1056 1641 1056 1642 1049 1642 1051 1642 1056 1643 1051 1643 1057 1643 1057 1644 1051 1644 1053 1644 1057 1645 1053 1645 1058 1645 1058 1646 1053 1646 1037 1646 1058 1647 1037 1647 1038 1647 958 1648 1042 1648 1043 1648 1043 1649 1042 1649 1054 1649 1043 1650 1054 1650 1059 1650 1059 1651 1054 1651 1055 1651 1059 1652 1055 1652 1060 1652 1060 1653 1055 1653 1056 1653 1060 1654 1056 1654 1061 1654 1061 1655 1056 1655 1057 1655 1061 1656 1057 1656 1062 1656 1062 1657 1057 1657 1058 1657 1062 1658 1058 1658 1063 1658 1063 1659 1058 1659 1038 1659 1063 1660 1038 1660 1039 1660 1064 1661 1065 1661 1066 1661 1066 1662 1065 1662 1067 1662 1066 1663 1067 1663 1068 1663 1069 1664 1070 1664 1071 1664 1071 1665 1072 1665 1069 1665 1069 1666 1072 1666 1073 1666 1069 1667 1073 1667 1067 1667 1067 1668 1073 1668 1074 1668 1067 1669 1074 1669 1068 1669 1075 1670 1070 1670 1076 1670 1076 1671 1070 1671 1069 1671 1076 1672 1069 1672 1077 1672 1077 1673 1069 1673 1067 1673 1077 1674 1067 1674 1078 1674 1078 1675 1067 1675 1065 1675 1078 1676 1079 1676 1077 1676 1077 1677 1079 1677 1080 1677 1077 1678 1080 1678 1076 1678 1076 1679 1080 1679 1081 1679 1076 1680 1081 1680 1075 1680 1075 1681 1081 1681 1082 1681 1079 1682 609 1682 1080 1682 1080 1683 609 1683 610 1683 1080 1684 610 1684 1081 1684 1081 1685 610 1685 595 1685 1081 1686 595 1686 1082 1686 1082 1687 595 1687 594 1687 579 1688 606 1688 560 1688 560 1689 606 1689 607 1689 560 1690 607 1690 609 1690 588 1691 604 1691 579 1691 579 1692 604 1692 605 1692 579 1693 605 1693 606 1693 579 1694 578 1694 588 1694 578 1695 577 1695 1778 1695 1778 1696 577 1696 587 1696 587 1697 577 1697 576 1697 587 1698 576 1698 586 1698 562 1699 564 1699 496 1699 68 1700 557 1700 490 1700 490 1701 557 1701 562 1701 490 1702 562 1702 494 1702 494 1703 562 1703 496 1703 560 1704 519 1704 518 1704 518 1705 517 1705 560 1705 560 1706 517 1706 516 1706 560 1707 516 1707 558 1707 558 1708 516 1708 515 1708 558 1709 515 1709 567 1709 567 1710 515 1710 514 1710 567 1711 514 1711 566 1711 566 1712 514 1712 513 1712 566 1713 513 1713 564 1713 564 1714 513 1714 498 1714 564 1715 498 1715 496 1715 1083 1716 1084 1716 1085 1716 522 1717 521 1717 1084 1717 520 1718 519 1718 1086 1718 520 1719 1086 1719 521 1719 542 1720 532 1720 543 1720 543 1721 532 1721 523 1721 543 1722 523 1722 544 1722 521 1723 1086 1723 1084 1723 1084 1724 1086 1724 1087 1724 1084 1725 1087 1725 1085 1725 1085 1726 1087 1726 1088 1726 1085 1727 1088 1727 1089 1727 1089 1728 1088 1728 1090 1728 1089 1729 1090 1729 1091 1729 1091 1730 1090 1730 1092 1730 1091 1731 1092 1731 1093 1731 1093 1732 1092 1732 1094 1732 1093 1733 1094 1733 1095 1733 1083 1734 1085 1734 1096 1734 1096 1735 1085 1735 1089 1735 1096 1736 1089 1736 1097 1736 1097 1737 1089 1737 1091 1737 1097 1738 1091 1738 1098 1738 1098 1739 1091 1739 1093 1739 1098 1740 1093 1740 1099 1740 1099 1741 1093 1741 1095 1741 1099 1742 1095 1742 1100 1742 522 1743 1084 1743 523 1743 523 1744 1084 1744 1083 1744 523 1745 1083 1745 544 1745 544 1746 1083 1746 1096 1746 544 1747 1096 1747 545 1747 545 1748 1096 1748 1097 1748 545 1749 1097 1749 546 1749 546 1750 1097 1750 1098 1750 546 1751 1098 1751 549 1751 549 1752 1098 1752 1099 1752 549 1753 1099 1753 548 1753 548 1754 1099 1754 1100 1754 548 1755 1100 1755 547 1755 481 1756 547 1756 1026 1756 1026 1757 547 1757 1100 1757 1026 1758 1100 1758 1028 1758 1028 1759 1100 1759 1095 1759 1028 1760 1095 1760 1030 1760 1030 1761 1095 1761 1094 1761 1064 1762 1066 1762 1101 1762 1101 1763 1066 1763 1102 1763 1102 1764 1066 1764 1103 1764 1103 1765 1066 1765 1068 1765 1103 1766 1068 1766 1104 1766 1104 1767 1068 1767 1074 1767 1104 1768 1074 1768 1105 1768 1105 1769 1074 1769 1073 1769 1105 1770 1073 1770 1106 1770 1073 1771 1072 1771 1106 1771 1106 1772 1072 1772 1071 1772 1106 1773 1071 1773 1107 1773 1108 1774 1109 1774 1110 1774 1111 1775 1112 1775 1113 1775 1107 1776 1114 1776 1106 1776 1106 1777 1114 1777 1115 1777 1106 1778 1115 1778 1105 1778 1105 1779 1115 1779 1104 1779 1104 1780 1115 1780 1113 1780 1104 1781 1113 1781 1103 1781 1112 1782 1101 1782 1113 1782 1113 1783 1101 1783 1102 1783 1113 1784 1102 1784 1103 1784 1109 1785 1111 1785 1110 1785 1110 1786 1111 1786 1113 1786 1110 1787 1113 1787 1116 1787 1116 1788 1113 1788 1115 1788 1116 1789 1115 1789 1117 1789 1117 1790 1115 1790 1114 1790 1118 1791 1108 1791 1119 1791 1119 1792 1108 1792 1110 1792 1119 1793 1110 1793 1120 1793 1120 1794 1110 1794 1116 1794 1120 1795 1116 1795 1121 1795 1121 1796 1116 1796 1117 1796 1122 1797 1118 1797 1123 1797 1123 1798 1118 1798 1119 1798 1123 1799 1119 1799 1124 1799 1124 1800 1119 1800 1120 1800 1124 1801 1120 1801 1125 1801 1125 1802 1120 1802 1121 1802 1126 1803 1127 1803 1128 1803 1128 1804 1127 1804 1129 1804 1128 1805 1129 1805 1130 1805 1130 1806 1129 1806 1131 1806 1130 1807 1131 1807 1132 1807 1132 1808 1131 1808 1133 1808 1023 1809 1126 1809 1134 1809 1134 1810 1126 1810 1128 1810 1134 1811 1128 1811 1135 1811 1135 1812 1128 1812 1130 1812 1135 1813 1130 1813 1136 1813 1136 1814 1130 1814 1132 1814 1024 1815 1023 1815 1137 1815 1137 1816 1023 1816 1134 1816 1137 1817 1134 1817 1138 1817 1138 1818 1134 1818 1135 1818 1138 1819 1135 1819 1139 1819 1139 1820 1135 1820 1136 1820 480 1821 1024 1821 551 1821 551 1822 1024 1822 1137 1822 551 1823 1137 1823 553 1823 553 1824 1137 1824 1138 1824 553 1825 1138 1825 555 1825 555 1826 1138 1826 1139 1826 937 1827 475 1827 1140 1827 1140 1828 475 1828 550 1828 1140 1829 550 1829 1141 1829 1141 1830 550 1830 556 1830 1141 1831 556 1831 1142 1831 1142 1832 556 1832 555 1832 1143 1833 1140 1833 1144 1833 1144 1834 1140 1834 1141 1834 1144 1835 1141 1835 1145 1835 1145 1836 1141 1836 1142 1836 1143 1837 897 1837 1140 1837 1140 1838 897 1838 941 1838 1140 1839 941 1839 937 1839 615 1840 897 1840 1143 1840 615 1841 1143 1841 617 1841 617 1842 1143 1842 1144 1842 617 1843 1144 1843 619 1843 619 1844 1144 1844 1145 1844 619 1845 1145 1845 621 1845 807 1846 576 1846 569 1846 807 1847 569 1847 806 1847 806 1848 569 1848 568 1848 806 1848 568 1848 805 1848 1780 1849 1777 1849 561 1849 1780 1850 561 1850 1779 1850 1779 1851 557 1851 1790 1851 1790 1852 557 1852 87 1852 814 1853 1146 1853 589 1853 589 1854 1146 1854 1788 1854 589 1855 581 1855 580 1855 1147 1856 1075 1856 1148 1856 1148 1857 1075 1857 1082 1857 1148 1858 1082 1858 1149 1858 1149 1859 1082 1859 594 1859 1149 1860 594 1860 1150 1860 1150 1861 594 1861 593 1861 1150 1862 593 1862 1151 1862 1151 1863 593 1863 608 1863 1789 1864 1788 1864 1146 1864 608 1865 611 1865 1151 1865 1151 1866 611 1866 612 1866 1151 1867 612 1867 1152 1867 1152 1868 612 1868 613 1868 1152 1869 613 1869 1787 1869 1787 1870 613 1870 1789 1870 780 1871 781 1871 1052 1871 762 1872 763 1872 1044 1872 762 1873 1044 1873 761 1873 758 1874 759 1874 1044 1874 1044 1875 759 1875 760 1875 1044 1876 760 1876 761 1876 962 1877 774 1877 1041 1877 1041 1878 774 1878 756 1878 1041 1879 756 1879 1044 1879 1044 1880 756 1880 757 1880 1044 1881 757 1881 758 1881 627 1882 764 1882 732 1882 732 1883 731 1883 627 1883 627 1884 731 1884 721 1884 627 1885 721 1885 720 1885 720 1886 709 1886 627 1886 627 1887 709 1887 707 1887 627 1888 707 1888 625 1888 707 1889 705 1889 625 1889 625 1890 705 1890 703 1890 625 1891 703 1891 701 1891 380 1892 388 1892 695 1892 695 1893 388 1893 625 1893 695 1894 625 1894 698 1894 698 1895 625 1895 701 1895 789 1896 639 1896 641 1896 789 1897 641 1897 808 1897 641 1898 643 1898 808 1898 808 1899 643 1899 645 1899 808 1900 645 1900 811 1900 645 1901 647 1901 811 1901 811 1902 647 1902 649 1902 811 1903 649 1903 812 1903 1070 1904 1075 1904 1147 1904 649 1905 651 1905 812 1905 812 1906 651 1906 653 1906 812 1907 653 1907 809 1907 809 1908 653 1908 655 1908 809 1909 655 1909 810 1909 810 1910 655 1910 656 1910 810 1911 656 1911 1147 1911 1147 1912 656 1912 620 1912 1147 1913 620 1913 1070 1913 763 1914 764 1914 1044 1914 1044 1915 764 1915 627 1915 1044 1916 627 1916 1046 1916 1046 1917 627 1917 629 1917 1046 1918 629 1918 1048 1918 1048 1918 629 1918 631 1918 1048 1919 631 1919 1050 1919 1050 1920 631 1920 633 1920 1050 1921 633 1921 1052 1921 1052 1922 633 1922 635 1922 1052 1923 635 1923 780 1923 780 1924 635 1924 637 1924 780 1925 637 1925 484 1925 484 1926 637 1926 639 1926 484 1927 639 1927 782 1927 782 1928 639 1928 789 1928 782 1929 789 1929 783 1929 621 1930 1071 1930 620 1930 620 1931 1071 1931 1070 1931 799 1932 794 1932 1153 1932 810 1933 1147 1933 1148 1933 810 1934 1148 1934 86 1934 1783 1935 1784 1935 794 1935 1784 1936 1151 1936 1152 1936 794 1937 1152 1937 1153 1937 86 1938 1148 1938 1781 1938 1148 1939 1782 1939 1781 1939 1149 1940 1783 1940 1782 1940 1153 1941 1146 1941 799 1941 799 1942 1146 1942 814 1942 799 1943 814 1943 803 1943 803 1944 814 1944 815 1944 813 1945 807 1945 817 1945 817 1946 807 1946 803 1946 817 1947 803 1947 816 1947 816 1948 803 1948 815 1948 586 1949 576 1949 813 1949 813 1950 576 1950 807 1950 995 1951 1154 1951 1155 1951 1154 1952 1156 1952 1157 1952 1156 1953 1158 1953 1159 1953 1156 1954 1159 1954 1157 1954 1157 1955 1159 1955 1160 1955 1157 1956 1160 1956 1161 1956 1161 1957 1160 1957 1162 1957 1161 1958 1162 1958 1163 1958 1163 1959 1162 1959 1164 1959 1163 1960 1164 1960 1165 1960 1165 1961 1164 1961 1166 1961 1165 1962 1166 1962 1167 1962 1167 1963 1166 1963 1168 1963 1167 1964 1168 1964 1169 1964 1169 1965 1168 1965 1170 1965 1169 1966 1170 1966 1171 1966 1171 1967 1170 1967 1172 1967 1171 1968 1172 1968 1173 1968 1173 1969 1172 1969 1174 1969 1173 1970 1174 1970 1175 1970 1175 1971 1174 1971 1176 1971 1175 1972 1176 1972 1177 1972 1177 1973 1176 1973 1178 1973 1177 1974 1178 1974 1179 1974 1179 1975 1178 1975 1180 1975 1179 1976 1180 1976 1181 1976 1181 1977 1180 1977 1182 1977 1181 1978 1182 1978 1183 1978 1183 1979 1182 1979 1184 1979 1183 1980 1184 1980 1185 1980 1185 1981 1184 1981 1186 1981 1185 1982 1186 1982 1187 1982 1187 1983 1186 1983 1188 1983 1187 1984 1188 1984 1189 1984 1189 1985 1188 1985 1190 1985 1189 1986 1190 1986 1191 1986 1191 1987 1190 1987 1192 1987 1191 1988 1192 1988 1193 1988 1193 1989 1192 1989 1194 1989 1193 1990 1194 1990 1195 1990 1195 1991 1194 1991 1196 1991 1195 1992 1196 1992 1197 1992 1197 1993 1196 1993 1198 1993 1197 1994 1198 1994 1199 1994 1199 1995 1198 1995 1200 1995 1199 1996 1200 1996 1201 1996 1201 1997 1200 1997 1202 1997 1201 1998 1202 1998 1203 1998 1203 1999 1202 1999 1204 1999 1203 2000 1204 2000 1205 2000 1205 2001 1204 2001 1206 2001 1205 2002 1206 2002 1207 2002 1207 2003 1206 2003 1208 2003 1207 2004 1208 2004 1209 2004 1209 2005 1208 2005 1210 2005 1209 2006 1210 2006 1211 2006 1211 2007 1210 2007 1212 2007 1211 2008 1212 2008 1213 2008 1213 2009 1212 2009 1214 2009 1213 2010 1214 2010 1215 2010 1215 2011 1214 2011 1216 2011 1215 2012 1216 2012 1217 2012 1217 2013 1216 2013 1218 2013 1217 2014 1218 2014 1219 2014 1219 2015 1218 2015 1220 2015 1219 2016 1220 2016 1221 2016 1221 2017 1220 2017 1222 2017 1221 2018 1222 2018 1223 2018 1154 2019 1157 2019 1155 2019 1155 2020 1157 2020 1161 2020 1155 2021 1161 2021 1224 2021 1224 2022 1161 2022 1163 2022 1224 2023 1163 2023 1225 2023 1225 2024 1163 2024 1165 2024 1225 2025 1165 2025 1226 2025 1226 2026 1165 2026 1167 2026 1226 2027 1167 2027 1227 2027 1227 2028 1167 2028 1169 2028 1227 2029 1169 2029 1228 2029 1228 2030 1169 2030 1171 2030 1228 2031 1171 2031 1229 2031 1229 2032 1171 2032 1173 2032 1229 2033 1173 2033 1230 2033 1230 2034 1173 2034 1175 2034 1230 2035 1175 2035 1231 2035 1231 2036 1175 2036 1177 2036 1231 2037 1177 2037 1232 2037 1232 2038 1177 2038 1179 2038 1232 2039 1179 2039 1233 2039 1233 2040 1179 2040 1181 2040 1233 2041 1181 2041 1234 2041 1234 2042 1181 2042 1183 2042 1234 2043 1183 2043 1235 2043 1235 2044 1183 2044 1185 2044 1235 2045 1185 2045 1236 2045 1236 2046 1185 2046 1187 2046 1236 2047 1187 2047 1237 2047 1237 2048 1187 2048 1189 2048 1237 2049 1189 2049 1238 2049 1238 2050 1189 2050 1191 2050 1238 2051 1191 2051 1239 2051 1239 2052 1191 2052 1193 2052 1239 2053 1193 2053 1240 2053 1240 2054 1193 2054 1195 2054 1240 2055 1195 2055 1241 2055 1241 2056 1195 2056 1197 2056 1241 2057 1197 2057 1242 2057 1242 2058 1197 2058 1199 2058 1242 2059 1199 2059 1243 2059 1243 2060 1199 2060 1201 2060 1243 2061 1201 2061 1244 2061 1244 2062 1201 2062 1203 2062 1244 2063 1203 2063 1245 2063 1245 2064 1203 2064 1205 2064 1245 2065 1205 2065 1246 2065 1246 2066 1205 2066 1207 2066 1246 2067 1207 2067 1247 2067 1247 2068 1207 2068 1209 2068 1247 2069 1209 2069 1248 2069 1248 2070 1209 2070 1211 2070 1248 2071 1211 2071 1249 2071 1249 2072 1211 2072 1213 2072 1249 2073 1213 2073 1250 2073 1250 2074 1213 2074 1215 2074 1250 2075 1215 2075 1251 2075 1251 2076 1215 2076 1217 2076 1251 2077 1217 2077 1252 2077 1252 2078 1217 2078 1219 2078 1252 2079 1219 2079 1253 2079 1253 2080 1219 2080 1221 2080 1253 2081 1221 2081 1254 2081 1254 2082 1221 2082 1223 2082 1254 2083 1223 2083 1255 2083 995 2084 1155 2084 996 2084 996 2085 1155 2085 1224 2085 996 2086 1224 2086 997 2086 997 2087 1224 2087 1225 2087 997 2088 1225 2088 998 2088 998 2089 1225 2089 1226 2089 998 2090 1226 2090 999 2090 999 2091 1226 2091 1227 2091 999 2092 1227 2092 1000 2092 1000 2093 1227 2093 1228 2093 1000 2094 1228 2094 1001 2094 1001 2095 1228 2095 1229 2095 1001 2096 1229 2096 1002 2096 1002 2097 1229 2097 1230 2097 1002 2098 1230 2098 1003 2098 1003 2099 1230 2099 1231 2099 1003 2100 1231 2100 1004 2100 1004 2101 1231 2101 1232 2101 1004 2102 1232 2102 1005 2102 1005 2103 1232 2103 1233 2103 1005 2104 1233 2104 1006 2104 1006 2105 1233 2105 1234 2105 1006 2106 1234 2106 1007 2106 1007 2107 1234 2107 1235 2107 1007 2108 1235 2108 1008 2108 1008 2109 1235 2109 1236 2109 1008 2110 1236 2110 1009 2110 1009 2111 1236 2111 1237 2111 1009 2112 1237 2112 1010 2112 1010 2113 1237 2113 1238 2113 1010 2114 1238 2114 1011 2114 1011 2115 1238 2115 1239 2115 1011 2116 1239 2116 1012 2116 1012 2117 1239 2117 1240 2117 1012 2118 1240 2118 1013 2118 1013 2119 1240 2119 1241 2119 1013 2120 1241 2120 1014 2120 1014 2121 1241 2121 1242 2121 1014 2122 1242 2122 1015 2122 1015 2123 1242 2123 1243 2123 1015 2124 1243 2124 983 2124 983 2125 1243 2125 1244 2125 983 2126 1244 2126 984 2126 984 2127 1244 2127 1245 2127 984 2128 1245 2128 985 2128 985 2129 1245 2129 1246 2129 985 2130 1246 2130 986 2130 986 2131 1246 2131 1247 2131 986 2132 1247 2132 987 2132 987 2133 1247 2133 1248 2133 987 2134 1248 2134 988 2134 988 2135 1248 2135 1249 2135 988 2136 1249 2136 989 2136 989 2137 1249 2137 1250 2137 989 2138 1250 2138 990 2138 990 2139 1250 2139 1251 2139 990 2140 1251 2140 991 2140 991 2141 1251 2141 1252 2141 991 2142 1252 2142 992 2142 992 2143 1252 2143 1253 2143 992 2144 1253 2144 982 2144 982 2145 1253 2145 1254 2145 982 2146 1254 2146 981 2146 981 2147 1254 2147 1255 2147 981 2148 1255 2148 820 2148 1256 2149 1257 2149 1258 2149 1257 2150 1259 2150 1258 2150 1258 2151 1259 2151 1260 2151 1258 2152 1260 2152 1261 2152 1261 2153 1260 2153 1262 2153 1261 2154 1262 2154 819 2154 819 2155 1262 2155 818 2155 1263 2156 1256 2156 1264 2156 1264 2157 1256 2157 1258 2157 1264 2158 1258 2158 1265 2158 1265 2159 1258 2159 1261 2159 1265 2160 1261 2160 821 2160 821 2161 1261 2161 819 2161 1222 2162 1263 2162 1223 2162 1223 2163 1263 2163 1264 2163 1223 2164 1264 2164 1255 2164 1255 2165 1264 2165 1265 2165 1255 2166 1265 2166 820 2166 820 2167 1265 2167 821 2167 1266 2168 1267 2168 1268 2168 822 2169 818 2169 1269 2169 1269 2170 818 2170 1262 2170 1269 2171 1262 2171 1270 2171 1270 2172 1262 2172 1260 2172 1270 2173 1260 2173 1271 2173 1271 2174 1260 2174 1259 2174 823 2175 822 2175 1272 2175 1272 2176 822 2176 1269 2176 1272 2177 1269 2177 1268 2177 1268 2178 1269 2178 1270 2178 1268 2179 1270 2179 1266 2179 1266 2180 1270 2180 1271 2180 1273 2181 824 2181 825 2181 1274 2182 1273 2182 1275 2182 1276 2183 1274 2183 1277 2183 1273 2184 825 2184 1275 2184 1275 2185 825 2185 826 2185 1275 2186 826 2186 1278 2186 1278 2187 826 2187 828 2187 1278 2188 828 2188 1279 2188 1279 2189 828 2189 827 2189 1279 2190 827 2190 1280 2190 1280 2191 827 2191 831 2191 1280 2192 831 2192 1281 2192 1281 2193 831 2193 830 2193 1281 2194 830 2194 1282 2194 1282 2195 830 2195 829 2195 1282 2196 829 2196 1283 2196 1283 2197 829 2197 834 2197 1283 2198 834 2198 1284 2198 1284 2199 834 2199 833 2199 1284 2200 833 2200 1285 2200 1285 2201 833 2201 832 2201 1285 2202 832 2202 1286 2202 1286 2203 832 2203 823 2203 1286 2204 823 2204 1272 2204 1274 2205 1275 2205 1277 2205 1277 2206 1275 2206 1278 2206 1277 2207 1278 2207 1287 2207 1287 2208 1278 2208 1279 2208 1287 2209 1279 2209 1288 2209 1288 2210 1279 2210 1280 2210 1288 2211 1280 2211 1289 2211 1289 2212 1280 2212 1281 2212 1289 2213 1281 2213 1290 2213 1290 2214 1281 2214 1282 2214 1290 2215 1282 2215 1291 2215 1291 2216 1282 2216 1283 2216 1291 2217 1283 2217 1292 2217 1292 2218 1283 2218 1284 2218 1292 2219 1284 2219 1293 2219 1293 2220 1284 2220 1285 2220 1293 2221 1285 2221 1294 2221 1294 2222 1285 2222 1286 2222 1294 2223 1286 2223 1295 2223 1295 2224 1286 2224 1272 2224 1295 2225 1272 2225 1268 2225 1276 2226 1277 2226 1296 2226 1296 2227 1277 2227 1287 2227 1296 2228 1287 2228 1297 2228 1297 2229 1287 2229 1288 2229 1297 2230 1288 2230 1298 2230 1298 2231 1288 2231 1289 2231 1298 2232 1289 2232 1299 2232 1299 2233 1289 2233 1290 2233 1299 2234 1290 2234 1300 2234 1300 2235 1290 2235 1291 2235 1300 2236 1291 2236 1301 2236 1301 2237 1291 2237 1292 2237 1301 2238 1292 2238 1302 2238 1302 2239 1292 2239 1293 2239 1302 2240 1293 2240 1303 2240 1303 2241 1293 2241 1294 2241 1303 2242 1294 2242 1304 2242 1304 2243 1294 2243 1295 2243 1304 2244 1295 2244 1305 2244 1305 2245 1295 2245 1268 2245 1305 2246 1268 2246 1267 2246 1306 2247 1307 2247 1308 2247 1309 2248 836 2248 824 2248 1274 2249 1276 2249 1310 2249 1273 2250 1274 2250 1308 2250 1274 2251 1310 2251 1308 2251 1308 2252 1310 2252 1311 2252 1308 2253 1311 2253 1306 2253 1307 2254 1312 2254 1308 2254 1308 2255 1312 2255 1309 2255 1308 2256 1309 2256 1273 2256 1273 2257 1309 2257 824 2257 835 2258 836 2258 1313 2258 1313 2259 836 2259 1309 2259 1313 2260 1309 2260 1314 2260 1314 2261 1309 2261 1312 2261 1315 2262 1316 2262 1317 2262 1318 2263 1319 2263 1320 2263 1321 2264 1316 2264 1322 2264 1322 2265 1316 2265 1315 2265 1322 2266 1315 2266 1323 2266 1324 2267 1325 2267 1318 2267 1319 2268 1318 2268 1326 2268 1326 2269 1318 2269 1325 2269 1326 2270 1325 2270 1327 2270 835 2271 1317 2271 839 2271 839 2272 1317 2272 1316 2272 839 2273 1316 2273 838 2273 838 2274 1316 2274 1321 2274 838 2275 1321 2275 837 2275 835 2276 1313 2276 1317 2276 1317 2277 1313 2277 1324 2277 1317 2278 1324 2278 1315 2278 1315 2279 1324 2279 1318 2279 1315 2280 1318 2280 1323 2280 1323 2281 1318 2281 1320 2281 1306 2282 1327 2282 1307 2282 1307 2283 1327 2283 1325 2283 1307 2284 1325 2284 1312 2284 1312 2285 1325 2285 1324 2285 1312 2286 1324 2286 1314 2286 1314 2287 1324 2287 1313 2287 1321 2288 1322 2288 1328 2288 1329 2289 876 2289 873 2289 1320 2290 1330 2290 1323 2290 1323 2291 1330 2291 1331 2291 1323 2292 1331 2292 1322 2292 1330 2293 1332 2293 1331 2293 1331 2294 1332 2294 1333 2294 1331 2295 1333 2295 1334 2295 1334 2296 1333 2296 1335 2296 1334 2297 1335 2297 1336 2297 1336 2298 1335 2298 1337 2298 1336 2299 1337 2299 1338 2299 1338 2300 1337 2300 1339 2300 1340 2301 1341 2301 1342 2301 1339 2302 1343 2302 1338 2302 1338 2303 1343 2303 1344 2303 1338 2304 1344 2304 1345 2304 1345 2305 1344 2305 1346 2305 1345 2306 1346 2306 1342 2306 1342 2307 1346 2307 1347 2307 1342 2308 1347 2308 1340 2308 1348 2309 1349 2309 1350 2309 1340 2310 1351 2310 1341 2310 1341 2311 1351 2311 1352 2311 1341 2312 1352 2312 1353 2312 1353 2313 1352 2313 1354 2313 1353 2314 1354 2314 1350 2314 1350 2315 1354 2315 1355 2315 1350 2316 1355 2316 1348 2316 1348 2317 1356 2317 1349 2317 1349 2318 1356 2318 1357 2318 1349 2319 1357 2319 1358 2319 1358 2320 1357 2320 1359 2320 1358 2321 1359 2321 1360 2321 1359 2322 1361 2322 1360 2322 1360 2323 1361 2323 1362 2323 1360 2324 1362 2324 1363 2324 1363 2325 1362 2325 1364 2325 1363 2326 1364 2326 1365 2326 1365 2327 1364 2327 1366 2327 1367 2328 1368 2328 1369 2328 1366 2329 1370 2329 1365 2329 1365 2330 1370 2330 1371 2330 1365 2331 1371 2331 1372 2331 1372 2332 1371 2332 1373 2332 1372 2333 1373 2333 1369 2333 1369 2334 1373 2334 1374 2334 1369 2335 1374 2335 1367 2335 1375 2336 1376 2336 1377 2336 1367 2337 1378 2337 1368 2337 1368 2338 1378 2338 1379 2338 1368 2339 1379 2339 1380 2339 1380 2340 1379 2340 1381 2340 1380 2341 1381 2341 1377 2341 1377 2342 1381 2342 1382 2342 1377 2343 1382 2343 1375 2343 1375 2344 1383 2344 1376 2344 1376 2345 1383 2345 1384 2345 1376 2346 1384 2346 1385 2346 1385 2347 1384 2347 1386 2347 1385 2348 1386 2348 1387 2348 879 2349 876 2349 1388 2349 1388 2350 876 2350 1329 2350 1388 2351 1329 2351 1389 2351 1389 2352 1329 2352 1387 2352 1389 2353 1387 2353 1390 2353 1390 2354 1387 2354 1386 2354 1322 2355 1331 2355 1328 2355 1328 2356 1331 2356 1334 2356 1328 2357 1334 2357 1391 2357 1391 2358 1334 2358 1336 2358 1391 2359 1336 2359 1392 2359 1392 2360 1336 2360 1338 2360 1392 2361 1338 2361 1393 2361 1393 2362 1338 2362 1345 2362 1393 2363 1345 2363 1394 2363 1394 2364 1345 2364 1342 2364 1394 2365 1342 2365 1395 2365 1395 2366 1342 2366 1341 2366 1395 2367 1341 2367 1396 2367 1396 2368 1341 2368 1353 2368 1396 2369 1353 2369 1397 2369 1397 2370 1353 2370 1350 2370 1397 2371 1350 2371 1398 2371 1398 2372 1350 2372 1349 2372 1398 2373 1349 2373 1399 2373 1399 2374 1349 2374 1358 2374 1399 2375 1358 2375 1400 2375 1400 2376 1358 2376 1360 2376 1400 2377 1360 2377 1401 2377 1401 2378 1360 2378 1363 2378 1401 2379 1363 2379 1402 2379 1402 2380 1363 2380 1365 2380 1402 2381 1365 2381 1403 2381 1403 2382 1365 2382 1372 2382 1403 2383 1372 2383 1404 2383 1404 2384 1372 2384 1369 2384 1404 2385 1369 2385 1405 2385 1405 2386 1369 2386 1368 2386 1405 2387 1368 2387 1406 2387 1406 2388 1368 2388 1380 2388 1406 2389 1380 2389 1407 2389 1407 2390 1380 2390 1377 2390 1407 2391 1377 2391 1408 2391 1408 2392 1377 2392 1376 2392 1408 2393 1376 2393 1409 2393 1409 2394 1376 2394 1385 2394 1409 2395 1385 2395 1410 2395 1410 2396 1385 2396 1387 2396 1410 2397 1387 2397 1411 2397 1411 2398 1387 2398 1329 2398 1411 2399 1329 2399 1412 2399 1412 2400 1329 2400 873 2400 1412 2401 873 2401 872 2401 1321 2402 1328 2402 1413 2402 1413 2403 1328 2403 1391 2403 1413 2404 1391 2404 1414 2404 1414 2405 1391 2405 1392 2405 1414 2406 1392 2406 1415 2406 1415 2407 1392 2407 1393 2407 1415 2408 1393 2408 1416 2408 1416 2409 1393 2409 1394 2409 1416 2410 1394 2410 1417 2410 1417 2411 1394 2411 1395 2411 1417 2412 1395 2412 1418 2412 1418 2413 1395 2413 1396 2413 1418 2414 1396 2414 1419 2414 1419 2415 1396 2415 1397 2415 1419 2416 1397 2416 1420 2416 1420 2417 1397 2417 1398 2417 1420 2418 1398 2418 1421 2418 1421 2419 1398 2419 1399 2419 1421 2420 1399 2420 1422 2420 1422 2421 1399 2421 1400 2421 1422 2422 1400 2422 1423 2422 1423 2423 1400 2423 1401 2423 1423 2424 1401 2424 1424 2424 1424 2425 1401 2425 1402 2425 1424 2426 1402 2426 1425 2426 1425 2427 1402 2427 1403 2427 1425 2428 1403 2428 1426 2428 1426 2429 1403 2429 1404 2429 1426 2430 1404 2430 1427 2430 1427 2431 1404 2431 1405 2431 1427 2432 1405 2432 1428 2432 1428 2433 1405 2433 1406 2433 1428 2434 1406 2434 1429 2434 1429 2435 1406 2435 1407 2435 1429 2436 1407 2436 1430 2436 1430 2437 1407 2437 1408 2437 1430 2438 1408 2438 1431 2438 1431 2439 1408 2439 1409 2439 1431 2440 1409 2440 1432 2440 1432 2441 1409 2441 1410 2441 1432 2442 1410 2442 1433 2442 1433 2443 1410 2443 1411 2443 1433 2444 1411 2444 1434 2444 1434 2445 1411 2445 1412 2445 1434 2446 1412 2446 1435 2446 1435 2447 1412 2447 872 2447 1435 2448 872 2448 843 2448 843 2449 849 2449 1435 2449 1435 2450 849 2450 850 2450 1435 2451 850 2451 1434 2451 1434 2452 850 2452 851 2452 1434 2453 851 2453 1433 2453 1433 2454 851 2454 852 2454 1433 2455 852 2455 1432 2455 1432 2456 852 2456 853 2456 1432 2457 853 2457 1431 2457 1431 2458 853 2458 854 2458 1431 2459 854 2459 1430 2459 1430 2460 854 2460 860 2460 1430 2461 860 2461 1429 2461 1429 2462 860 2462 861 2462 1429 2463 861 2463 1428 2463 1428 2464 861 2464 862 2464 1428 2465 862 2465 1427 2465 1427 2466 862 2466 863 2466 1427 2467 863 2467 1426 2467 1426 2468 863 2468 864 2468 1426 2469 864 2469 1425 2469 1425 2470 864 2470 855 2470 1425 2471 855 2471 1424 2471 1424 2472 855 2472 856 2472 1424 2473 856 2473 1423 2473 1423 2474 856 2474 857 2474 1423 2475 857 2475 1422 2475 1422 2476 857 2476 858 2476 1422 2477 858 2477 1421 2477 1421 2478 858 2478 859 2478 1421 2479 859 2479 1420 2479 1420 2480 859 2480 865 2480 1420 2481 865 2481 1419 2481 1419 2482 865 2482 866 2482 1419 2483 866 2483 1418 2483 1418 2484 866 2484 844 2484 1418 2485 844 2485 1417 2485 1417 2486 844 2486 845 2486 1417 2487 845 2487 1416 2487 1416 2488 845 2488 846 2488 1416 2489 846 2489 1415 2489 1415 2490 846 2490 847 2490 1415 2491 847 2491 1414 2491 1414 2492 847 2492 848 2492 1414 2493 848 2493 1413 2493 1413 2494 848 2494 837 2494 1413 2495 837 2495 1321 2495 879 2496 880 2496 878 2496 878 2497 880 2497 893 2497 878 2498 893 2498 877 2498 877 2499 893 2499 894 2499 877 2500 894 2500 869 2500 869 2501 894 2501 895 2501 869 2502 895 2502 367 2502 367 2503 895 2503 392 2503 890 2504 889 2504 1436 2504 889 2505 881 2505 1437 2505 881 1953 880 1953 1438 1953 881 2506 1438 2506 1437 2506 1437 1955 1438 1955 1439 1955 1437 2507 1439 2507 1440 2507 1440 2508 1439 2508 1441 2508 1440 2509 1441 2509 1442 2509 1442 2510 1441 2510 1443 2510 1442 2511 1443 2511 1444 2511 1444 2512 1443 2512 1445 2512 1444 2513 1445 2513 1446 2513 1446 1963 1445 1963 1447 1963 1446 2514 1447 2514 1448 2514 1448 2515 1447 2515 1449 2515 1448 2516 1449 2516 1450 2516 1450 2517 1449 2517 1451 2517 1450 2518 1451 2518 1452 2518 1452 2519 1451 2519 1453 2519 1452 2520 1453 2520 1454 2520 1454 2521 1453 2521 1455 2521 1454 2522 1455 2522 1456 2522 1456 2523 1455 2523 1457 2523 1456 2524 1457 2524 1458 2524 1458 2525 1457 2525 1459 2525 1458 2526 1459 2526 1460 2526 1460 1977 1459 1977 1461 1977 1460 2527 1461 2527 1462 2527 1462 1979 1461 1979 1463 1979 1462 2528 1463 2528 1464 2528 1464 1981 1463 1981 1465 1981 1464 2529 1465 2529 1466 2529 1466 2530 1465 2530 1467 2530 1466 2531 1467 2531 1468 2531 1468 2532 1467 2532 1469 2532 1468 2533 1469 2533 1470 2533 1470 1987 1469 1987 1471 1987 1470 2534 1471 2534 1472 2534 1472 1989 1471 1989 1473 1989 1472 2535 1473 2535 1474 2535 1474 1991 1473 1991 1475 1991 1474 2536 1475 2536 1476 2536 1476 2537 1475 2537 1477 2537 1476 2538 1477 2538 1478 2538 1478 1995 1477 1995 1479 1995 1478 2539 1479 2539 1480 2539 1480 1997 1479 1997 1481 1997 1480 2540 1481 2540 1482 2540 1482 2541 1481 2541 1483 2541 1482 2542 1483 2542 1484 2542 1484 2543 1483 2543 1485 2543 1484 2002 1485 2002 1486 2002 1486 2544 1485 2544 1487 2544 1486 2545 1487 2545 1488 2545 1488 2546 1487 2546 1489 2546 1488 2547 1489 2547 1490 2547 1490 2548 1489 2548 1491 2548 1490 2549 1491 2549 1492 2549 1492 2009 1491 2009 1493 2009 1492 2550 1493 2550 1494 2550 1494 2551 1493 2551 1495 2551 1494 2012 1495 2012 1496 2012 1496 2552 1495 2552 1497 2552 1496 2553 1497 2553 1498 2553 1498 2554 1497 2554 1499 2554 1498 2555 1499 2555 1500 2555 1500 2556 1499 2556 1501 2556 1500 2557 1501 2557 1502 2557 1502 2558 1501 2558 1503 2558 1502 2559 1503 2559 1504 2559 1504 2560 1503 2560 1505 2560 1504 2561 1505 2561 1506 2561 1506 2562 1505 2562 1507 2562 1506 2563 1507 2563 1508 2563 1508 2564 1507 2564 1509 2564 1508 2565 1509 2565 1510 2565 1510 2566 1509 2566 1511 2566 1510 2567 1511 2567 1512 2567 1512 2568 1511 2568 1513 2568 1512 2569 1513 2569 1514 2569 1514 2570 1513 2570 1515 2570 1514 2571 1515 2571 1516 2571 889 2572 1437 2572 1436 2572 1436 2573 1437 2573 1440 2573 1436 2574 1440 2574 1517 2574 1517 2575 1440 2575 1442 2575 1517 2576 1442 2576 1518 2576 1518 2577 1442 2577 1444 2577 1518 2578 1444 2578 1519 2578 1519 2579 1444 2579 1446 2579 1519 2580 1446 2580 1520 2580 1520 2581 1446 2581 1448 2581 1520 2582 1448 2582 1521 2582 1521 2583 1448 2583 1450 2583 1521 2584 1450 2584 1522 2584 1522 2585 1450 2585 1452 2585 1522 2586 1452 2586 1523 2586 1523 2587 1452 2587 1454 2587 1523 2588 1454 2588 1524 2588 1524 2589 1454 2589 1456 2589 1524 2590 1456 2590 1525 2590 1525 2591 1456 2591 1458 2591 1525 2592 1458 2592 1526 2592 1526 2593 1458 2593 1460 2593 1526 2594 1460 2594 1527 2594 1527 2595 1460 2595 1462 2595 1527 2596 1462 2596 1528 2596 1528 2597 1462 2597 1464 2597 1528 2598 1464 2598 1529 2598 1529 2599 1464 2599 1466 2599 1529 2600 1466 2600 1530 2600 1530 2601 1466 2601 1468 2601 1530 2602 1468 2602 1531 2602 1531 2603 1468 2603 1470 2603 1531 2604 1470 2604 1532 2604 1532 2605 1470 2605 1472 2605 1532 2606 1472 2606 1533 2606 1533 2607 1472 2607 1474 2607 1533 2608 1474 2608 1534 2608 1534 2609 1474 2609 1476 2609 1534 2610 1476 2610 1535 2610 1535 2611 1476 2611 1478 2611 1535 2612 1478 2612 1536 2612 1536 2613 1478 2613 1480 2613 1536 2614 1480 2614 1537 2614 1537 2615 1480 2615 1482 2615 1537 2616 1482 2616 1538 2616 1538 2617 1482 2617 1484 2617 1538 2618 1484 2618 1539 2618 1539 2619 1484 2619 1486 2619 1539 2620 1486 2620 1540 2620 1540 2621 1486 2621 1488 2621 1540 2622 1488 2622 1541 2622 1541 2623 1488 2623 1490 2623 1541 2624 1490 2624 1542 2624 1542 2625 1490 2625 1492 2625 1542 2626 1492 2626 1543 2626 1543 2627 1492 2627 1494 2627 1543 2628 1494 2628 1544 2628 1544 2629 1494 2629 1496 2629 1544 2630 1496 2630 1545 2630 1545 2631 1496 2631 1498 2631 1545 2632 1498 2632 1546 2632 1546 2633 1498 2633 1500 2633 1546 2634 1500 2634 1547 2634 1547 2635 1500 2635 1502 2635 1547 2636 1502 2636 1548 2636 1548 2637 1502 2637 1504 2637 1548 2638 1504 2638 1549 2638 1549 2639 1504 2639 1506 2639 1549 2640 1506 2640 1550 2640 1550 2641 1506 2641 1508 2641 1550 2642 1508 2642 1551 2642 1551 2643 1508 2643 1510 2643 1551 2644 1510 2644 1552 2644 1552 2645 1510 2645 1512 2645 1552 2646 1512 2646 1553 2646 1553 2647 1512 2647 1514 2647 1553 2648 1514 2648 1554 2648 1554 2649 1514 2649 1516 2649 1554 2650 1516 2650 1555 2650 890 2651 1436 2651 900 2651 900 2085 1436 2085 1517 2085 900 2652 1517 2652 906 2652 906 2653 1517 2653 1518 2653 906 2654 1518 2654 907 2654 907 2089 1518 2089 1519 2089 907 2655 1519 2655 908 2655 908 2091 1519 2091 1520 2091 908 2656 1520 2656 909 2656 909 2657 1520 2657 1521 2657 909 2658 1521 2658 910 2658 910 2095 1521 2095 1522 2095 910 2659 1522 2659 911 2659 911 2660 1522 2660 1523 2660 911 2661 1523 2661 912 2661 912 2662 1523 2662 1524 2662 912 2663 1524 2663 913 2663 913 2664 1524 2664 1525 2664 913 2665 1525 2665 914 2665 914 2666 1525 2666 1526 2666 914 2667 1526 2667 915 2667 915 2668 1526 2668 1527 2668 915 2669 1527 2669 916 2669 916 2670 1527 2670 1528 2670 916 2671 1528 2671 917 2671 917 2109 1528 2109 1529 2109 917 2672 1529 2672 921 2672 921 2673 1529 2673 1530 2673 921 2674 1530 2674 922 2674 922 2675 1530 2675 1531 2675 922 2676 1531 2676 901 2676 901 2677 1531 2677 1532 2677 901 2678 1532 2678 902 2678 902 2117 1532 2117 1533 2117 902 2679 1533 2679 903 2679 903 2119 1533 2119 1534 2119 903 2680 1534 2680 904 2680 904 2121 1534 2121 1535 2121 904 2681 1535 2681 905 2681 905 2682 1535 2682 1536 2682 905 2683 1536 2683 918 2683 918 2684 1536 2684 1537 2684 918 2685 1537 2685 919 2685 919 2686 1537 2686 1538 2686 919 2687 1538 2687 920 2687 920 2688 1538 2688 1539 2688 920 2689 1539 2689 923 2689 923 2690 1539 2690 1540 2690 923 2691 1540 2691 924 2691 924 2692 1540 2692 1541 2692 924 2693 1541 2693 925 2693 925 2694 1541 2694 1542 2694 925 2695 1542 2695 929 2695 929 2696 1542 2696 1543 2696 929 2138 1543 2138 930 2138 930 2697 1543 2697 1544 2697 930 2698 1544 2698 931 2698 931 2141 1544 2141 1545 2141 931 2699 1545 2699 932 2699 932 2700 1545 2700 1546 2700 932 2701 1546 2701 933 2701 933 2702 1546 2702 1547 2702 933 2703 1547 2703 926 2703 926 2704 1547 2704 1548 2704 926 2705 1548 2705 935 2705 935 2706 1548 2706 1549 2706 935 2707 1549 2707 936 2707 936 2708 1549 2708 1550 2708 936 2709 1550 2709 934 2709 934 2710 1550 2710 1551 2710 934 2711 1551 2711 928 2711 928 2712 1551 2712 1552 2712 928 2713 1552 2713 927 2713 927 2714 1552 2714 1553 2714 927 2715 1553 2715 899 2715 899 2716 1553 2716 1554 2716 899 2717 1554 2717 898 2717 898 2718 1554 2718 1555 2718 898 2719 1555 2719 896 2719 1556 2720 1557 2720 1558 2720 1558 2721 1557 2721 945 2721 939 2722 938 2722 944 2722 944 2723 938 2723 1559 2723 944 2724 1559 2724 947 2724 947 2725 1559 2725 1558 2725 947 2726 1558 2726 946 2726 946 2727 1558 2727 945 2727 1515 2728 1556 2728 1516 2728 1516 2729 1556 2729 1558 2729 1516 2730 1558 2730 1555 2730 1555 2731 1558 2731 1559 2731 1555 2732 1559 2732 896 2732 896 2733 1559 2733 938 2733 945 2734 1560 2734 943 2734 943 2735 1560 2735 1561 2735 943 2736 1561 2736 479 2736 479 2737 1561 2737 1562 2737 479 2738 1562 2738 1020 2738 1562 2739 1563 2739 1020 2739 1020 2740 1563 2740 1564 2740 1020 2741 1564 2741 1021 2741 1021 2742 1564 2742 1565 2742 1021 2743 1565 2743 1022 2743 1022 2744 1565 2744 1566 2744 1022 2745 1566 2745 1019 2745 1019 2746 1566 2746 1567 2746 1019 2747 1567 2747 1018 2747 1018 2748 1567 2748 1568 2748 1018 2749 1568 2749 1016 2749 1569 2750 1570 2750 1571 2750 1572 2751 1573 2751 1574 2751 1572 2752 1575 2752 1576 2752 1576 2753 1575 2753 1577 2753 1576 2754 1577 2754 1578 2754 1578 2755 1577 2755 1579 2755 1578 2756 1579 2756 1580 2756 1574 2757 1573 2757 1581 2757 1581 2758 1573 2758 1582 2758 1581 2759 1582 2759 1583 2759 1583 2760 1582 2760 1584 2760 1583 2761 1584 2761 1585 2761 1585 2762 1584 2762 1586 2762 1585 2763 1586 2763 1587 2763 1572 2764 1576 2764 1573 2764 1573 2765 1576 2765 1578 2765 1573 2766 1578 2766 1582 2766 1582 2767 1578 2767 1580 2767 1582 2768 1580 2768 1584 2768 1584 2769 1580 2769 1588 2769 1584 2770 1588 2770 1586 2770 1586 2771 1588 2771 1589 2771 1586 2772 1589 2772 1590 2772 1590 2773 1591 2773 1586 2773 1586 2774 1591 2774 1592 2774 1586 2775 1592 2775 1587 2775 1569 2776 1571 2776 1593 2776 1594 2777 1591 2777 1595 2777 1595 2778 1591 2778 1590 2778 1595 2779 1590 2779 1571 2779 1571 2780 1590 2780 1589 2780 1571 2781 1589 2781 1593 2781 1593 2782 1589 2782 1588 2782 1593 2783 1588 2783 1596 2783 1596 2784 1588 2784 1580 2784 1596 2785 1580 2785 1597 2785 1597 2786 1580 2786 1579 2786 1594 2787 1595 2787 1598 2787 1595 2788 1571 2788 1599 2788 1571 2789 1570 2789 1600 2789 1571 2790 1600 2790 1599 2790 1599 2791 1600 2791 1601 2791 1599 2792 1601 2792 1602 2792 1602 2793 1601 2793 1603 2793 1602 2794 1603 2794 1604 2794 1604 2795 1603 2795 1605 2795 1604 2796 1605 2796 1606 2796 1606 2797 1605 2797 1607 2797 1606 2798 1607 2798 1608 2798 1608 2799 1607 2799 1609 2799 1608 2800 1609 2800 1610 2800 1610 2801 1609 2801 1611 2801 1610 2802 1611 2802 1612 2802 1612 2803 1611 2803 1613 2803 1612 2804 1613 2804 1614 2804 1614 2805 1613 2805 1615 2805 1614 2806 1615 2806 1616 2806 1616 2807 1615 2807 1617 2807 1616 2808 1617 2808 1618 2808 1618 2809 1617 2809 1619 2809 1618 2810 1619 2810 1620 2810 1620 2811 1619 2811 1621 2811 1620 2812 1621 2812 1622 2812 1622 2813 1621 2813 1623 2813 1622 2814 1623 2814 1624 2814 1624 2815 1623 2815 1625 2815 1624 2816 1625 2816 1626 2816 1626 2817 1625 2817 1627 2817 1626 2818 1627 2818 1628 2818 1628 2819 1627 2819 1629 2819 1628 2820 1629 2820 1630 2820 1630 2821 1629 2821 1631 2821 1630 2822 1631 2822 1632 2822 1632 2823 1631 2823 1633 2823 1632 2824 1633 2824 1634 2824 1634 2825 1633 2825 1635 2825 1634 2826 1635 2826 1636 2826 1636 2827 1635 2827 1637 2827 1636 2828 1637 2828 1638 2828 1638 2829 1637 2829 1639 2829 1638 2830 1639 2830 1640 2830 1640 2831 1639 2831 1641 2831 1640 2832 1641 2832 1642 2832 1642 2833 1641 2833 1643 2833 1642 2834 1643 2834 1644 2834 1644 2835 1643 2835 1645 2835 1644 2836 1645 2836 1646 2836 1646 2837 1645 2837 1647 2837 1646 2838 1647 2838 1648 2838 1648 2839 1647 2839 1649 2839 1648 2840 1649 2840 1650 2840 1650 2841 1649 2841 1651 2841 1650 2842 1651 2842 1652 2842 1652 2843 1651 2843 1653 2843 1652 2844 1653 2844 1654 2844 1654 2845 1653 2845 1655 2845 1654 2846 1655 2846 1656 2846 1656 2847 1655 2847 1657 2847 1656 2848 1657 2848 1658 2848 1658 2849 1657 2849 1659 2849 1658 2850 1659 2850 1660 2850 1660 2851 1659 2851 1661 2851 1660 2852 1661 2852 1662 2852 1662 2853 1661 2853 1663 2853 1662 2854 1663 2854 1664 2854 1664 2855 1663 2855 1665 2855 1664 2856 1665 2856 1666 2856 1666 2857 1665 2857 1667 2857 1666 2858 1667 2858 1668 2858 1668 2859 1667 2859 1669 2859 1668 2860 1669 2860 1670 2860 1670 2861 1669 2861 1671 2861 1670 2862 1671 2862 1672 2862 1672 2863 1671 2863 1673 2863 1672 2864 1673 2864 1674 2864 1674 2865 1673 2865 1675 2865 1674 2866 1675 2866 1676 2866 1676 2867 1675 2867 1677 2867 1676 2868 1677 2868 1678 2868 1595 2869 1599 2869 1598 2869 1598 2870 1599 2870 1602 2870 1598 2871 1602 2871 1679 2871 1679 2872 1602 2872 1604 2872 1679 2873 1604 2873 1680 2873 1680 2874 1604 2874 1606 2874 1680 2875 1606 2875 1681 2875 1681 2876 1606 2876 1608 2876 1681 2877 1608 2877 1682 2877 1682 2878 1608 2878 1610 2878 1682 2879 1610 2879 1683 2879 1683 2880 1610 2880 1612 2880 1683 2881 1612 2881 1684 2881 1684 2882 1612 2882 1614 2882 1684 2883 1614 2883 1685 2883 1685 2884 1614 2884 1616 2884 1685 2885 1616 2885 1686 2885 1686 2886 1616 2886 1618 2886 1686 2887 1618 2887 1687 2887 1687 2888 1618 2888 1620 2888 1687 2889 1620 2889 1688 2889 1688 2890 1620 2890 1622 2890 1688 2891 1622 2891 1689 2891 1689 2892 1622 2892 1624 2892 1689 2893 1624 2893 1690 2893 1690 2894 1624 2894 1626 2894 1690 2895 1626 2895 1691 2895 1691 2896 1626 2896 1628 2896 1691 2897 1628 2897 1692 2897 1692 2898 1628 2898 1630 2898 1692 2899 1630 2899 1693 2899 1693 2900 1630 2900 1632 2900 1693 2901 1632 2901 1694 2901 1694 2902 1632 2902 1634 2902 1694 2903 1634 2903 1695 2903 1695 2904 1634 2904 1636 2904 1695 2905 1636 2905 1696 2905 1696 2906 1636 2906 1638 2906 1696 2907 1638 2907 1697 2907 1697 2908 1638 2908 1640 2908 1697 2909 1640 2909 1698 2909 1698 2910 1640 2910 1642 2910 1698 2911 1642 2911 1699 2911 1699 2912 1642 2912 1644 2912 1699 2913 1644 2913 1700 2913 1700 2914 1644 2914 1646 2914 1700 2915 1646 2915 1701 2915 1701 2916 1646 2916 1648 2916 1701 2917 1648 2917 1702 2917 1702 2918 1648 2918 1650 2918 1702 2919 1650 2919 1703 2919 1703 2920 1650 2920 1652 2920 1703 2921 1652 2921 1704 2921 1704 2922 1652 2922 1654 2922 1704 2923 1654 2923 1705 2923 1705 2924 1654 2924 1656 2924 1705 2925 1656 2925 1706 2925 1706 2926 1656 2926 1658 2926 1706 2927 1658 2927 1707 2927 1707 2928 1658 2928 1660 2928 1707 2929 1660 2929 1708 2929 1708 2930 1660 2930 1662 2930 1708 2931 1662 2931 1709 2931 1709 2932 1662 2932 1664 2932 1709 2933 1664 2933 1710 2933 1710 2934 1664 2934 1666 2934 1710 2935 1666 2935 1711 2935 1711 2936 1666 2936 1668 2936 1711 2937 1668 2937 1712 2937 1712 2938 1668 2938 1670 2938 1712 2939 1670 2939 1713 2939 1713 2940 1670 2940 1672 2940 1713 2941 1672 2941 1714 2941 1714 2942 1672 2942 1674 2942 1714 2943 1674 2943 1715 2943 1715 2944 1674 2944 1676 2944 1715 2945 1676 2945 1716 2945 1716 2946 1676 2946 1678 2946 1716 2947 1678 2947 1717 2947 1594 2948 1598 2948 1718 2948 1718 2949 1598 2949 1679 2949 1718 2950 1679 2950 1719 2950 1719 2951 1679 2951 1680 2951 1719 2952 1680 2952 1720 2952 1720 2953 1680 2953 1681 2953 1720 2954 1681 2954 1721 2954 1721 2955 1681 2955 1682 2955 1721 2956 1682 2956 1722 2956 1722 2957 1682 2957 1683 2957 1722 2958 1683 2958 1723 2958 1723 2959 1683 2959 1684 2959 1723 2960 1684 2960 1724 2960 1724 2961 1684 2961 1685 2961 1724 2962 1685 2962 1725 2962 1725 2963 1685 2963 1686 2963 1725 2964 1686 2964 1726 2964 1726 2965 1686 2965 1687 2965 1726 2966 1687 2966 1727 2966 1727 2967 1687 2967 1688 2967 1727 2968 1688 2968 1728 2968 1728 2969 1688 2969 1689 2969 1728 2970 1689 2970 1729 2970 1729 2971 1689 2971 1690 2971 1729 2972 1690 2972 1730 2972 1730 2973 1690 2973 1691 2973 1730 2974 1691 2974 1731 2974 1731 2975 1691 2975 1692 2975 1731 2976 1692 2976 1732 2976 1732 2977 1692 2977 1693 2977 1732 2978 1693 2978 1733 2978 1733 2979 1693 2979 1694 2979 1733 2980 1694 2980 1734 2980 1734 2981 1694 2981 1695 2981 1734 2982 1695 2982 1735 2982 1735 2983 1695 2983 1696 2983 1735 2984 1696 2984 1736 2984 1736 2985 1696 2985 1697 2985 1736 2986 1697 2986 1737 2986 1737 2987 1697 2987 1698 2987 1737 2988 1698 2988 1738 2988 1738 2989 1698 2989 1699 2989 1738 2990 1699 2990 1739 2990 1739 2991 1699 2991 1700 2991 1739 2992 1700 2992 1740 2992 1740 2993 1700 2993 1701 2993 1740 2994 1701 2994 1741 2994 1741 2995 1701 2995 1702 2995 1741 2996 1702 2996 1742 2996 1742 2997 1702 2997 1703 2997 1742 2998 1703 2998 1743 2998 1743 2999 1703 2999 1704 2999 1743 3000 1704 3000 1744 3000 1744 3001 1704 3001 1705 3001 1744 3002 1705 3002 1745 3002 1745 3003 1705 3003 1706 3003 1745 3004 1706 3004 1746 3004 1746 3005 1706 3005 1707 3005 1746 3006 1707 3006 1747 3006 1747 3007 1707 3007 1708 3007 1747 3008 1708 3008 1748 3008 1748 3009 1708 3009 1709 3009 1748 3010 1709 3010 1749 3010 1749 3011 1709 3011 1710 3011 1749 3012 1710 3012 1750 3012 1750 3013 1710 3013 1711 3013 1750 3014 1711 3014 1751 3014 1751 3015 1711 3015 1712 3015 1751 3016 1712 3016 1752 3016 1752 3017 1712 3017 1713 3017 1752 3018 1713 3018 1753 3018 1753 3019 1713 3019 1714 3019 1753 3020 1714 3020 1754 3020 1754 3021 1714 3021 1715 3021 1754 3022 1715 3022 1755 3022 1755 3023 1715 3023 1716 3023 1755 3024 1716 3024 1756 3024 1756 3025 1716 3025 1717 3025 1756 3026 1717 3026 1757 3026 957 3027 956 3027 1758 3027 954 3028 959 3028 1759 3028 1759 3029 959 3029 957 3029 948 3030 952 3030 1760 3030 1760 3031 952 3031 955 3031 1760 3032 955 3032 954 3032 1761 3033 949 3033 948 3033 957 3034 1758 3034 1759 3034 1759 3035 1758 3035 1762 3035 1759 3036 1762 3036 1763 3036 1763 3037 1762 3037 1764 3037 1763 3038 1764 3038 1765 3038 1765 3039 1764 3039 1757 3039 1765 3040 1757 3040 1717 3040 954 3041 1759 3041 1760 3041 1760 3042 1759 3042 1763 3042 1760 3043 1763 3043 1766 3043 1766 3044 1763 3044 1765 3044 1766 3045 1765 3045 1767 3045 1767 3046 1765 3046 1717 3046 1767 3047 1717 3047 1678 3047 948 3048 1760 3048 1761 3048 1761 3049 1760 3049 1766 3049 1761 3050 1766 3050 1768 3050 1768 3051 1766 3051 1767 3051 1768 3052 1767 3052 1769 3052 1769 3053 1767 3053 1678 3053 1769 3054 1678 3054 1677 3054 774 3055 962 3055 967 3055 949 3056 972 3056 950 3056 950 3057 972 3057 980 3057 950 3058 980 3058 967 3058 967 3058 980 3058 979 3058 967 3059 979 3059 774 3059 1158 3060 1156 3060 1770 3060 776 3061 1771 3061 993 3061 993 3062 1771 3062 1772 3062 993 3063 1772 3063 994 3063 994 3064 1772 3064 1154 3064 994 3065 1154 3065 995 3065 776 3066 975 3066 1771 3066 1771 3067 975 3067 976 3067 976 3068 1773 3068 1771 3068 1771 3069 1773 3069 1770 3069 1771 3070 1770 3070 1772 3070 1772 3071 1770 3071 1156 3071 1772 3072 1156 3072 1154 3072 976 3073 978 3073 1773 3073 1773 3074 978 3074 977 3074 1773 3075 977 3075 973 3075 1158 3076 1770 3076 1774 3076 1774 3077 1770 3077 1773 3077 1774 3078 1773 3078 1775 3078 1775 3079 1773 3079 973 3079 1775 3080 973 3080 972 3080 1568 3081 1127 3081 1016 3081 1016 3082 1127 3082 1126 3082 1016 3083 1126 3083 1023 3083 1127 3084 1122 3084 1123 3084 1127 3084 1123 3084 1129 3084 1129 3085 1123 3085 1124 3085 1129 3085 1124 3085 1131 3085 1131 3086 1124 3086 1125 3086 1131 3087 1125 3087 1133 3087 1757 3088 1764 3088 1730 3088 1743 93 1744 93 1757 93 1039 3089 1032 3089 1758 3089 1758 3090 1032 3090 1031 3090 1758 93 1031 93 1762 93 1594 93 1718 93 1092 93 1092 93 1090 93 1594 93 1594 3091 1090 3091 1088 3091 1594 3092 1088 3092 1101 3092 1101 3093 1088 3093 1087 3093 1757 3094 1736 3094 1737 3094 1764 3095 1762 3095 1730 3095 1730 3096 1762 3096 1031 3096 1730 3097 1031 3097 1729 3097 1729 3098 1031 3098 1029 3098 1729 3099 1029 3099 1728 3099 1092 3100 1724 3100 1094 3100 1094 3101 1724 3101 1725 3101 1094 3102 1725 3102 1726 3102 519 3103 560 3103 1086 3103 1086 93 560 93 609 93 1086 93 609 93 1087 93 1087 3104 609 3104 1079 3104 1087 3105 1079 3105 1078 3105 1060 93 1061 93 1758 93 1029 3106 1030 3106 1728 3106 1728 3107 1030 3107 1094 3107 1728 3108 1094 3108 1727 3108 1727 3109 1094 3109 1726 3109 1718 93 1719 93 1092 93 1092 3110 1719 3110 1720 3110 1092 3111 1720 3111 1721 3111 1737 93 1738 93 1757 93 1757 3112 1738 3112 1739 3112 1757 3113 1739 3113 1740 3113 1740 3114 1741 3114 1757 3114 1757 3115 1741 3115 1742 3115 1757 3116 1742 3116 1743 3116 1744 3117 1745 3117 1757 3117 1757 3118 1745 3118 1746 3118 1757 3119 1746 3119 1747 3119 1061 93 1062 93 1758 93 1758 3120 1062 3120 1063 3120 1758 3121 1063 3121 1039 3121 1721 3122 1722 3122 1092 3122 1092 3123 1722 3123 1723 3123 1092 3124 1723 3124 1724 3124 1078 93 1065 93 1087 93 1087 3125 1065 3125 1064 3125 1087 93 1064 93 1101 93 1730 3126 1731 3126 1757 3126 1757 3127 1731 3127 1732 3127 1757 3128 1732 3128 1733 3128 1747 3129 1748 3129 1749 3129 1752 93 1753 93 1747 93 1747 3130 1753 3130 1754 3130 1733 3131 1734 3131 1757 3131 1757 3132 1734 3132 1735 3132 1757 3133 1735 3133 1736 3133 1749 93 1750 93 1747 93 1747 3134 1750 3134 1751 3134 1747 3135 1751 3135 1752 3135 1754 93 1755 93 1747 93 1747 3136 1755 3136 1756 3136 1747 3137 1756 3137 1757 3137 956 93 1043 93 1758 93 1758 3138 1043 3138 1059 3138 1758 93 1059 93 1060 93 1071 3139 621 3139 1107 3139 1107 3140 621 3140 1145 3140 1107 3141 1145 3141 1114 3141 1136 3142 1145 3142 1139 3142 1139 3143 1145 3143 1142 3143 1139 3144 1142 3144 555 3144 1121 3145 1117 3145 1125 3145 1125 3146 1117 3146 1114 3146 1125 3147 1114 3147 1133 3147 1133 3148 1114 3148 1145 3148 1133 3149 1145 3149 1132 3149 1132 3150 1145 3150 1136 3150 1574 3151 1581 3151 1118 3151 1591 3152 1594 3152 1101 3152 1591 3153 1101 3153 1592 3153 1101 3154 1112 3154 1592 3154 1592 3155 1112 3155 1111 3155 1592 3156 1111 3156 1109 3156 1583 3157 1585 3157 1109 3157 1109 3158 1585 3158 1587 3158 1109 3159 1587 3159 1592 3159 1583 3160 1109 3160 1581 3160 1581 3161 1109 3161 1108 3161 1581 3162 1108 3162 1118 3162 1122 3163 1776 3163 1118 3163 1118 3164 1776 3164 1572 3164 1118 3165 1572 3165 1574 3165 1677 3166 1158 3166 1769 3166 1769 3167 1158 3167 1774 3167 1769 3168 1774 3168 1768 3168 1768 3169 1774 3169 1775 3169 1768 3170 1775 3170 1761 3170 1761 3171 1775 3171 972 3171 1761 3172 972 3172 949 3172 1263 3173 1613 3173 1611 3173 1263 3174 1611 3174 1256 3174 1158 3175 1677 3175 1159 3175 1159 3176 1677 3176 1675 3176 1159 3177 1675 3177 1160 3177 1160 3178 1675 3178 1673 3178 1160 3179 1673 3179 1162 3179 1162 3180 1673 3180 1671 3180 1162 3181 1671 3181 1164 3181 1164 3182 1671 3182 1669 3182 1164 3183 1669 3183 1166 3183 1166 3183 1669 3183 1667 3183 1166 3184 1667 3184 1168 3184 1168 3184 1667 3184 1665 3184 1168 3185 1665 3185 1170 3185 1170 3186 1665 3186 1663 3186 1170 3187 1663 3187 1172 3187 1172 3187 1663 3187 1661 3187 1172 3188 1661 3188 1174 3188 1174 3189 1661 3189 1659 3189 1174 3190 1659 3190 1176 3190 1176 3191 1659 3191 1657 3191 1176 3192 1657 3192 1178 3192 1178 3193 1657 3193 1655 3193 1178 3194 1655 3194 1180 3194 1180 3194 1655 3194 1653 3194 1180 3195 1653 3195 1182 3195 1182 3196 1653 3196 1651 3196 1182 3197 1651 3197 1184 3197 1184 3198 1651 3198 1649 3198 1184 3199 1649 3199 1186 3199 1186 3200 1649 3200 1647 3200 1186 3201 1647 3201 1188 3201 1188 3202 1647 3202 1645 3202 1188 3203 1645 3203 1190 3203 1190 3204 1645 3204 1643 3204 1190 3205 1643 3205 1192 3205 1192 3206 1643 3206 1641 3206 1192 3207 1641 3207 1194 3207 1194 3207 1641 3207 1639 3207 1194 3208 1639 3208 1196 3208 1196 3208 1639 3208 1637 3208 1196 3209 1637 3209 1198 3209 1198 3209 1637 3209 1635 3209 1198 3210 1635 3210 1200 3210 1200 3210 1635 3210 1633 3210 1200 3211 1633 3211 1202 3211 1202 3212 1633 3212 1631 3212 1202 3213 1631 3213 1204 3213 1204 3214 1631 3214 1629 3214 1204 3215 1629 3215 1206 3215 1206 3216 1629 3216 1627 3216 1206 3217 1627 3217 1208 3217 1208 3217 1627 3217 1625 3217 1208 3218 1625 3218 1210 3218 1210 3219 1625 3219 1623 3219 1210 3220 1623 3220 1212 3220 1212 3221 1623 3221 1621 3221 1212 3222 1621 3222 1214 3222 1214 3223 1621 3223 1619 3223 1214 3224 1619 3224 1216 3224 1216 3224 1619 3224 1617 3224 1216 3225 1617 3225 1218 3225 1218 3226 1617 3226 1615 3226 1218 3227 1615 3227 1220 3227 1220 3228 1615 3228 1613 3228 1220 3229 1613 3229 1222 3229 1222 3230 1613 3230 1263 3230 1611 3231 1609 3231 1256 3231 1256 3232 1609 3232 1607 3232 1256 3233 1607 3233 1257 3233 1257 3234 1607 3234 1605 3234 1257 3235 1605 3235 1259 3235 1300 3236 1301 3236 1511 3236 1507 3237 1310 3237 1509 3237 1509 3238 1310 3238 1276 3238 1509 3239 1276 3239 1296 3239 1296 3240 1297 3240 1509 3240 1509 3241 1297 3241 1298 3241 1509 3242 1298 3242 1511 3242 1511 3243 1298 3243 1299 3243 1511 3244 1299 3244 1300 3244 1302 3245 1303 3245 1601 3245 1601 3246 1303 3246 1304 3246 1304 3247 1305 3247 1601 3247 1601 3248 1305 3248 1267 3248 1601 3249 1267 3249 1603 3249 1603 3250 1267 3250 1266 3250 1603 3251 1266 3251 1605 3251 1605 3252 1266 3252 1271 3252 1605 3253 1271 3253 1259 3253 1505 3254 1503 3254 1326 3254 1326 3255 1327 3255 1505 3255 1505 3256 1327 3256 1306 3256 1505 3257 1306 3257 1507 3257 1507 3258 1306 3258 1311 3258 1507 3259 1311 3259 1310 3259 1499 3260 1330 3260 1501 3260 1501 3261 1330 3261 1320 3261 1501 3262 1320 3262 1503 3262 1503 3263 1320 3263 1319 3263 1503 3264 1319 3264 1326 3264 1487 3265 1344 3265 1489 3265 1489 3266 1344 3266 1343 3266 1489 3267 1343 3267 1491 3267 1491 3268 1343 3268 1339 3268 1491 3269 1339 3269 1493 3269 1493 3270 1339 3270 1337 3270 1493 3271 1337 3271 1495 3271 1495 3272 1337 3272 1335 3272 1495 3273 1335 3273 1497 3273 1497 3274 1335 3274 1333 3274 1497 3275 1333 3275 1499 3275 1499 3276 1333 3276 1332 3276 1499 3277 1332 3277 1330 3277 1479 3278 1352 3278 1481 3278 1481 3279 1352 3279 1351 3279 1481 3280 1351 3280 1483 3280 1483 3281 1351 3281 1340 3281 1483 3282 1340 3282 1485 3282 1485 3283 1340 3283 1347 3283 1485 3284 1347 3284 1487 3284 1487 3285 1347 3285 1346 3285 1487 3286 1346 3286 1344 3286 1471 3287 1357 3287 1473 3287 1473 3288 1357 3288 1356 3288 1473 3289 1356 3289 1475 3289 1475 3290 1356 3290 1348 3290 1475 3291 1348 3291 1477 3291 1477 3292 1348 3292 1355 3292 1477 3293 1355 3293 1479 3293 1479 3294 1355 3294 1354 3294 1479 3295 1354 3295 1352 3295 1463 3296 1366 3296 1465 3296 1465 3297 1366 3297 1364 3297 1465 3298 1364 3298 1467 3298 1467 3299 1364 3299 1362 3299 1467 3300 1362 3300 1469 3300 1469 3301 1362 3301 1361 3301 1469 3302 1361 3302 1471 3302 1471 3303 1361 3303 1359 3303 1471 3304 1359 3304 1357 3304 1451 3305 1379 3305 1453 3305 1453 3306 1379 3306 1378 3306 1453 3307 1378 3307 1455 3307 1455 3308 1378 3308 1367 3308 1455 3309 1367 3309 1457 3309 1457 3310 1367 3310 1374 3310 1457 3311 1374 3311 1459 3311 1459 3312 1374 3312 1373 3312 1459 3313 1373 3313 1461 3313 1461 3314 1373 3314 1371 3314 1461 3315 1371 3315 1463 3315 1463 3316 1371 3316 1370 3316 1463 3317 1370 3317 1366 3317 1443 3318 1384 3318 1445 3318 1445 3319 1384 3319 1383 3319 1445 3320 1383 3320 1447 3320 1447 3321 1383 3321 1375 3321 1447 3322 1375 3322 1449 3322 1449 3323 1375 3323 1382 3323 1449 3324 1382 3324 1451 3324 1451 3325 1382 3325 1381 3325 1451 3326 1381 3326 1379 3326 880 3327 879 3327 1438 3327 1438 3328 879 3328 1388 3328 1438 3329 1388 3329 1439 3329 1439 3330 1388 3330 1389 3330 1439 3331 1389 3331 1441 3331 1441 3332 1389 3332 1390 3332 1441 3333 1390 3333 1443 3333 1443 3334 1390 3334 1386 3334 1443 3335 1386 3335 1384 3335 1593 3336 1561 3336 1569 3336 1569 3337 1561 3337 1560 3337 1569 3338 1560 3338 945 3338 1301 3339 1302 3339 1511 3339 1511 3340 1302 3340 1601 3340 1511 3341 1601 3341 1513 3341 1513 3342 1601 3342 1600 3342 1513 3343 1600 3343 1515 3343 1515 3344 1600 3344 1570 3344 1515 3345 1570 3345 1556 3345 1556 3346 1570 3346 1569 3346 1556 3347 1569 3347 1557 3347 1557 3348 1569 3348 945 3348 1776 3349 1568 3349 1572 3349 1572 3350 1568 3350 1567 3350 1572 3351 1567 3351 1575 3351 1575 3352 1567 3352 1577 3352 1565 3353 1564 3353 1579 3353 1577 3354 1567 3354 1579 3354 1579 3355 1567 3355 1566 3355 1579 3356 1566 3356 1565 3356 1593 3357 1596 3357 1561 3357 1561 3358 1596 3358 1597 3358 1561 3359 1597 3359 1562 3359 1562 3360 1597 3360 1579 3360 1562 3361 1579 3361 1563 3361 1563 3362 1579 3362 1564 3362 1122 1854 1127 1854 1776 1854 1776 1854 1127 1854 1568 1854 804 3363 1790 3363 87 3363 613 3364 1788 3364 1789 3364 1787 3365 1146 3365 1153 3365 581 1854 589 1854 1788 1854 572 3366 1786 3366 573 3366 1150 3367 1784 3367 1783 3367 794 3368 1782 3368 1783 3368 794 3369 86 3369 1781 3369 794 3370 1781 3370 1782 3370 805 3371 1779 3371 804 3371 804 3372 1779 3372 1790 3372 588 3373 578 3373 1778 3373 561 3374 1785 3374 563 3374 568 3375 1780 3375 805 3375 572 3376 570 3376 1786 3376 563 3377 1785 3377 570 3377 1153 3378 1152 3378 1787 3378 794 3379 1784 3379 1152 3379 588 3380 1778 3380 587 3380 1779 3381 561 3381 557 3381 1148 3382 1149 3382 1782 3382 1149 3383 1150 3383 1783 3383 613 3384 581 3384 1788 3384 1787 3385 1789 3385 1146 3385 1150 3386 1151 3386 1784 3386 805 3387 1780 3387 1779 3387 561 3388 1777 3388 1785 3388 568 3389 1777 3389 1780 3389</p>
        </triangles>
      </mesh>
    </geometry>
    <geometry id="MRH-F-Distal-Sensor-Visual_00-mesh" name="MRH-F-Distal-Sensor-Visual,00">
      <mesh>
        <source id="MRH-F-Distal-Sensor-Visual_00-mesh-positions">
          <float_array id="MRH-F-Distal-Sensor-Visual_00-mesh-positions-array" count="4956">0.00437057 0.001206278 -0.0156008 0.004453539 0.001308441 -0.01553028 0.004099965 0.001472234 -0.01550972 0.004099965 0.00111407 -0.01566451 0.004246413 0.001138031 -0.01564794 0.004599988 0.001396119 -0.01539945 0.004482626 0.001428961 -0.01544708 0.00496602 0.001188158 -0.01509827 0.004807054 0.001305818 -0.01526868 0.004753232 0.001083135 -0.0154224 0.004453539 4.19114e-4 -0.01548665 0.004099965 3.6124e-4 -0.01552659 0.004099965 8.11834e-5 -0.01525491 0.004482626 1.43826e-4 -0.0152117 0.004599988 1.91436e-4 -0.01517879 0.004753232 5.83926e-4 -0.01537287 0.005099952 9.04121e-4 -0.01468676 0.005023837 0.00112152 -0.01500171 0.005023837 5.89197e-4 -0.0149042 0.004953503 8.30583e-4 -0.01520258 0.00496602 4.92652e-4 -0.01497083 0.004807054 3.22216e-4 -0.01508849 0.004599988 8.94382e-4 -0.01555275 0.00437057 7.68241e-4 -0.01563984 0.004099965 7.23946e-4 -0.01567041 5.93717e-4 3.28688e-4 -0.01550465 5.93717e-4 8.11834e-5 -0.01525491 5.93717e-4 0.001472234 -0.01550972 5.93717e-4 0.001152276 -0.01565551 5.93717e-4 7.23946e-4 -0.01567041 -5.93717e-4 0.001152276 -0.01565551 -5.93714e-4 0.001472234 -0.01550972 -0.004099965 0.001472234 -0.01550972 -0.004099965 3.6124e-4 -0.01552659 -0.004099965 8.11834e-5 -0.01525491 -5.93717e-4 8.11834e-5 -0.01525491 -0.004099965 0.00111407 -0.01566451 -0.004099965 7.23946e-4 -0.01567041 -5.93717e-4 7.23946e-4 -0.01567041 -5.93717e-4 3.28688e-4 -0.01550465 -0.005099952 9.04121e-4 -0.01468676 -0.005023837 5.89197e-4 -0.0149042 -0.004953503 8.30583e-4 -0.01520258 -0.00496602 4.92652e-4 -0.01497083 -0.004753232 5.83926e-4 -0.01537287 -0.004807054 3.22216e-4 -0.01508849 -0.004599988 1.91436e-4 -0.01517879 -0.005023837 0.00112152 -0.01500171 -0.004753232 0.001083135 -0.0154224 -0.004807054 0.001305818 -0.01526868 -0.00437057 0.001206278 -0.0156008 -0.004599988 8.94382e-4 -0.01555275 -0.004482626 0.001428961 -0.01544708 -0.004453539 0.001308441 -0.01553028 -0.004246413 0.001138031 -0.01564794 -0.00437057 7.68241e-4 -0.01563984 -0.004453539 4.19114e-4 -0.01548665 -0.004482626 1.43826e-4 -0.0152117 -0.008920192 -0.008909523 -0.008909523 -0.008787691 -0.008987426 -0.008987486 0.008920192 -0.008909523 -0.008909523 -0.0083431 -0.009239077 -0.009239494 0.006619513 -0.01008617 -0.01008629 0.007757663 -0.009548783 -0.009549379 0.008344113 -0.009238541 -0.009238958 -0.005413413 -0.01056605 -0.01056617 -0.005274355 -0.01061534 -0.01061546 0.006570696 -0.01010739 -0.01010751 -0.006544828 -0.0101186 -0.01011872 -0.007665634 -0.009595334 -0.00959593 5.6563e-4 -0.01148712 -0.011487 0.005274832 -0.01061522 -0.01061528 0 -0.01149523 -0.01149523 0.005434155 -0.0105586 -0.01055872 -0.003103613 -0.01121139 -0.01121127 -0.002265036 -0.01135051 -0.01135051 -0.00211203 -0.01137053 -0.01137042 -0.001210808 -0.01145642 -0.01145642 -5.65652e-4 -0.01148712 -0.011487 -0.004386246 -0.01089954 -0.01089948 -0.003347814 -0.01116126 -0.01116114 0.00112152 -0.01146215 -0.01146215 0.001612961 -0.01142466 -0.01142454 0.002218961 -0.01135671 -0.01135665 0.003103673 -0.01121139 -0.01121121 0.003338634 -0.01116323 -0.01116311 0.004362702 -0.01090633 -0.01090627 -3.23186e-4 0.001057446 -0.01568019 -3.25953e-4 0.001384377 -0.0155704 -5.49306e-7 0.001026868 -0.01568931 0 0.001348793 -0.01559495 -5.34052e-7 6.61207e-4 -0.01566451 -5.12908e-7 3.28776e-4 -0.01550942 3.25407e-4 0.001384258 -0.01557046 3.22639e-4 0.001057326 -0.01568025 3.16056e-4 6.79362e-4 -0.01566523 -0.004099965 -0.0018844 -0.01240766 -0.004365026 -0.001835942 -0.01241493 -0.004599988 -0.001703619 -0.01243382 -0.004813134 -0.001483619 -0.01246196 -0.00496602 -0.00121963 -0.01249057 -0.005099952 -5.80339e-4 -0.01253652 -0.005066215 -9.06803e-4 -0.01251715 0.004099965 -0.0018844 -0.01240766 0.004365086 -0.001835942 -0.01241493 0.004599988 -0.001703619 -0.01243382 0.004813492 -0.001483142 -0.01246201 0.00496602 -0.00121963 -0.01249057 0.005066215 -9.06846e-4 -0.01251715 0.005099952 -5.80339e-4 -0.01253652 0.01213514 0.006908535 -0.01052564 0.01213461 0.006908655 -0.01053696 0.01205259 0.006891131 -0.01054853 0.01213735 0.006908118 -0.0104776 0.01205772 0.006890892 -0.01048886 0.01188826 0.006890475 -0.01048916 0.01184713 0.006897747 -0.01054418 0.01172846 0.006937146 -0.01045835 0.01162987 0.006993353 -0.01048099 0.01165229 0.006979227 -0.01043033 0.01146733 0.007175624 -0.01035714 0.01151764 0.007103323 -0.01034623 0.01147001 0.007175087 -0.01029658 0.01272422 0.006766259 -0.01056975 0.01272141 0.006766796 -0.0106287 0.0125516 0.006881356 -0.01054507 0.01253062 0.006890118 -0.01054924 0.01245981 0.006913363 -0.01053398 0.0122931 0.006932795 -0.01052123 0.01231008 0.006932377 -0.0104615 0.01248282 0.006907105 -0.01047825 0.01263439 0.006837427 -0.01052379 0.01283609 0.006592512 -0.01073771 0.01275491 0.006730914 -0.01065146 0.01283884 0.006591975 -0.0106793 0.01281869 0.006637871 -0.01065081 0.01274633 0.006740868 -0.01064521 0.009205758 -0.007306218 -0.0102654 0.01005327 -0.006512999 -0.01078611 0.009362339 -0.007178127 -0.01029443 0.01312011 0.005725204 -0.01122415 0.01296061 0.006251633 -0.01088201 0.01321536 0.005374848 -0.01134073 0.01324564 0.005250036 -0.01139909 0.01334035 0.004806041 -0.01164734 0.01343512 0.004306912 -0.01178777 0.01351547 0.003749966 -0.01202899 0.01355314 0.00346601 -0.01206183 0.01360946 0.002846598 -0.0122742 0.0135979 0.003021597 -0.0121808 0.01363569 0.002477347 -0.01230305 0.0136395 0.002330422 -0.01238256 0.01364266 0.002323925 -0.01233291 0.01364928 0.00194931 -0.01244825 0.01364761 0.00151515 -0.0124582 0.01359438 7.66096e-4 -0.01252657 0.01358848 7.47663e-4 -0.01257777 0.01362317 0.00107789 -0.01250362 0.01361811 0.001060664 -0.01255524 0.01364737 0.001626253 -0.01249456 0.01359039 7.2915e-4 -0.01252877 0.01351654 1.79386e-4 -0.01254868 0.01344656 -1.95276e-4 -0.01259845 0.01333791 -7.21328e-4 -0.01252925 0.0119667 -0.004047214 -0.01193231 0.01237672 -0.00330466 -0.01215887 0.01224708 -0.003565311 -0.01203286 0.01245433 -0.00314933 -0.01220005 0.01267087 -0.002696871 -0.0122568 0.01286184 -0.002221643 -0.01240253 0.01302367 -0.001796901 -0.01242065 0.01293462 -0.002030074 -0.01243537 0.01308435 -0.001616418 -0.01244544 0.01322966 -0.001119732 -0.01255011 0.01329976 -8.56244e-4 -0.01257085 0.01208865 -0.003850698 -0.01194459 0.01175385 -0.004401981 -0.0117526 0.01150095 -0.004769206 -0.01166248 0.01145571 -0.004844963 -0.01157706 0.01085478 -0.005622982 -0.0112757 0.01081526 -0.005680918 -0.01119053 0.01081824 -0.005667209 -0.01125353 0.01055723 -0.005981981 -0.01103258 0.01010793 -0.006466507 -0.01075571 0.008604943 -0.007796466 -0.009898185 0.008474171 -0.007904589 -0.009747743 0.008467912 -0.007901072 -0.009814918 -0.00847423 -0.007904589 -0.009747743 -0.008467972 -0.007901072 -0.009814918 -0.0136137 0.002789199 -0.01228737 -0.01355499 0.003450095 -0.01206642 -0.01351553 0.003749966 -0.01202905 -0.01351821 0.003749966 -0.01197659 -0.01347386 0.004045367 -0.0119329 -0.01336187 0.004711449 -0.01163202 -0.01335805 0.004717111 -0.01168364 -0.01325505 0.00521028 -0.01141732 -0.01313018 0.005689322 -0.01124233 -0.01315116 0.005622446 -0.01122003 -0.01283615 0.006592452 -0.01073771 -0.0128799 0.006481766 -0.01074653 -0.0128389 0.006591916 -0.01067936 -0.01359903 8.49077e-4 -0.01257133 -0.01359039 7.29149e-4 -0.01252877 -0.01362401 0.001088738 -0.01250267 -0.01364737 0.001626312 -0.01249444 -0.01364773 0.00151968 -0.0124576 -0.01364946 0.00175631 -0.01247686 -0.01365286 0.001799166 -0.01242035 -0.01364976 0.001806378 -0.01246988 -0.01363623 0.002467036 -0.01230508 -0.01359796 0.003021538 -0.0121808 -0.01351827 1.90372e-4 -0.0125485 -0.0134713 -6.23509e-5 -0.01259982 -0.01334053 -7.10301e-4 -0.01252985 -0.01329988 -8.55744e-4 -0.01257097 -0.01325631 -0.001022398 -0.01255846 -0.01308792 -0.00160551 -0.01244688 -0.01295858 -0.001964747 -0.0124458 -0.01302903 -0.001781284 -0.01242291 -0.01284003 -0.002292096 -0.01233887 -0.01257157 -0.002903401 -0.01226085 -0.0126776 -0.002681612 -0.01226013 -0.01225513 -0.00355035 -0.01203727 -0.01237595 -0.003306388 -0.01215839 -0.01210355 -0.003812432 -0.01200938 -0.01081454 -0.005681633 -0.01119023 -0.01145535 -0.004844963 -0.01157706 -0.01150745 -0.00475949 -0.01166611 -0.01176303 -0.004387259 -0.01175814 -0.01208853 -0.003850817 -0.01194459 -0.008604943 -0.007796525 -0.009898126 -0.009362399 -0.007178008 -0.01029455 -0.01088947 -0.005580544 -0.01129645 -0.01085489 -0.005622684 -0.01127552 -0.01055711 -0.005981981 -0.01103258 -0.01019144 -0.006370365 -0.01087087 -0.01010698 -0.006467461 -0.01075518 -0.009958505 -0.006608366 -0.01072794 -0.009330332 -0.007197499 -0.01034194 -0.01272451 0.006765902 -0.01056993 -0.01272177 0.006766498 -0.01062893 -0.01282227 0.006630539 -0.0106554 -0.01213461 0.006908655 -0.01053696 -0.01224738 0.006930112 -0.01052302 -0.0121383 0.00690782 -0.01045089 -0.0123462 0.006931662 -0.01052194 -0.01236057 0.006930232 -0.01046293 -0.01237529 0.006929039 -0.01052367 -0.01252877 0.006891369 -0.01048862 -0.0125519 0.006881237 -0.01054495 -0.01263868 0.006834685 -0.01052564 -0.01260322 0.006855189 -0.01057189 -0.01189446 0.006889641 -0.01054948 -0.01146554 0.007184624 -0.01027208 -0.01146727 0.007175743 -0.01035702 -0.01152551 0.007093489 -0.01035296 -0.01149761 0.007127225 -0.01039046 -0.01164609 0.006983399 -0.01042753 -0.01162135 0.006999552 -0.01047688 -0.01179069 0.006912946 -0.01047438 -0.01167184 0.006965756 -0.01049941 -0.01187294 0.006892859 -0.01048761 -0.01195889 0.006884753 -0.01049292 0.005099952 7.30162e-4 -0.01252871 0.005099952 0.005109012 -0.01159965 0.005099952 0.005312085 -0.01164364 0.005099952 0.004630982 -0.01166427 0.005099952 0.003021001 -0.01218092 0.004599988 0.005942821 -0.01226055 0.004360139 0.005972504 -0.01236104 0.004099965 0.005980491 -0.01239734 0.004792571 0.005883634 -0.01212561 0.00496602 0.005759 -0.01194268 0.00507003 0.005561649 -0.01176637 6.25e-4 0.001486599 -0.01549983 6.25e-4 0.005999982 -0.02203744 3.23524e-4 0.005999982 -0.0222572 0.001082479 0.001863121 -0.01523989 0.001249969 0.00237745 -0.01488476 0.001249969 0.005999982 -0.020132 0.001207351 0.005999982 -0.02070146 0.001082479 0.005999982 -0.02123212 8.83883e-4 0.005999982 -0.0216878 0.001082479 0.002891778 -0.0145297 6.25e-4 0.003268301 -0.01426976 6.25e-4 0.005999982 -0.01822656 8.83883e-4 0.005999982 -0.0185762 0.001082479 0.005999982 -0.01903188 0.001207351 0.005999982 -0.01956254 -6.25e-4 0.003268301 -0.01426976 -3.23524e-4 0.005999982 -0.0180068 0 0.003406107 -0.01417464 0 0.005999982 -0.01793181 3.23524e-4 0.005999982 -0.0180068 -0.001082479 0.002891778 -0.0145297 -8.83883e-4 0.005999982 -0.0185762 -6.25e-4 0.005999982 -0.01822656 -0.001249969 0.00237745 -0.01488476 -0.001207351 0.005999982 -0.01956254 -0.001082479 0.005999982 -0.01903188 -0.001082479 0.001863121 -0.01523989 -0.001207351 0.005999982 -0.02070146 -0.001249969 0.005999982 -0.020132 0 0.005999982 -0.02233219 -3.23524e-4 0.005999982 -0.0222572 -6.25e-4 0.005999982 -0.02203744 -6.25e-4 0.001486599 -0.01549983 -8.83883e-4 0.005999982 -0.0216878 -0.001082479 0.005999982 -0.02123212 -0.004099965 0.005980491 -0.01239734 -0.005099952 0.005312085 -0.01164364 -0.00507003 0.005561649 -0.01176637 -0.005023837 0.005676388 -0.01185721 -0.004807054 0.005876839 -0.01211297 -0.004482626 0.005961239 -0.01231813 -0.005099952 7.30162e-4 -0.01252871 -0.005099952 0.003021001 -0.01218092 -0.005099952 0.005109012 -0.01159965 -0.005099952 0.004630982 -0.01166427 -0.01119214 0.007621228 -0.01003378 -0.01339596 -2.13177e-4 -0.0207929 -0.0131942 -0.00114113 -0.02033579 -0.01358926 -0.001342594 -0.01755547 -0.007580459 -0.006308853 -0.02618134 -0.008350849 -0.00619477 -0.02489888 -0.008994877 -0.004649043 -0.02730476 -0.01263642 0.008601963 -0.01466059 -0.01242876 0.008553624 -0.01685488 -0.01292204 0.008160769 -0.01461583 -0.01166701 0.008637905 -0.02132254 -0.01152735 0.008650243 -0.02198374 -0.011725 0.008207499 -0.02276372 -0.006809771 0.009304225 -0.03299421 -0.006389975 0.009344995 -0.03347158 -0.006798148 0.008990585 -0.03384882 -0.003656804 0.009493172 -0.03560531 -0.003023505 0.009495913 -0.03592735 -0.004378378 0.009371995 -0.03542101 -0.002797603 0.00951153 -0.03599023 -0.00943017 -0.008332252 -0.01078277 -0.007733881 -0.009286165 -0.0121423 -0.005984246 -0.01016497 -0.01228702 -0.004282474 -0.010885 -0.01142394 -0.003472626 -0.01097965 -0.01271617 0 -0.01113325 -0.01472538 0 0.00953108 -0.03649997 0 0.008718669 -0.03798544 -9.5794e-4 0.00952959 -0.03644323 -0.001618921 0.008854925 -0.03762102 -0.001434206 0.009527206 -0.03637117 -0.001893103 0.00952357 -0.03627264 -0.006059706 0.009373188 -0.03381508 -0.005289196 0.009426295 -0.03451699 -0.005635082 0.009202778 -0.03472775 -0.004482984 0.009465813 -0.03511714 -0.004090666 0.009480237 -0.03536415 -0.007538378 0.00922048 -0.0320459 -0.01014101 0.008830368 -0.02687418 -0.009540021 0.008926212 -0.02839773 -0.009569406 0.008734524 -0.02895951 -0.01099306 0.008589327 -0.0246244 -0.01145565 0.007377803 -0.02664911 -0.01062464 0.00875777 -0.02543258 -0.01120901 0.008682966 -0.02334296 -0.01115792 0.008688747 -0.02354443 -0.0107007 0.008747041 -0.02518457 -0.01229441 0.008603334 -0.01761662 -0.01208084 0.008610486 -0.01904869 -0.01237398 0.007800519 -0.02070409 -0.0118041 0.008627176 -0.02062755 -0.0129655 0.008578598 -0.009480893 -0.01283997 0.008599221 -0.01207673 -0.0130462 0.008452236 -0.00955379 -0.013332 0.007748544 -0.01219093 -0.01404362 0.006161332 -0.01099067 -0.01375412 0.007020056 -0.01046311 -0.01349872 0.007621943 -0.01003319 -0.01426833 0.004319369 -0.01478922 -0.01429462 0.005157589 -0.01149559 -0.01414799 0.005056619 -0.01434558 -0.01458847 0.003171682 -0.01219421 -0.01448827 0.004044771 -0.01193314 -0.01447367 0.004146993 -0.01189804 -0.01435953 0.003544926 -0.01516211 -0.01441675 0.002720057 -0.01540517 -0.01464682 0.002192556 -0.01240772 -0.01464962 0.001626372 -0.0124942 -0.01442652 0.001854538 -0.01543402 -0.01463377 0.001222431 -0.01254051 -0.01437479 9.8133e-4 -0.01534211 -0.01454406 3.01101e-4 -0.0125963 -0.01426935 1.10392e-4 -0.01516455 -0.01435863 -7.48052e-4 -0.01257777 -0.01433461 -8.55412e-4 -0.01257091 -0.01411414 -7.507e-4 -0.01490831 -0.01409882 -0.001738905 -0.01247954 -0.01390874 -0.001594722 -0.01457691 -0.01374351 -0.002749204 -0.01229631 -0.01335585 -0.003211677 -0.01372355 -0.01349425 -0.003333687 -0.01215094 -0.01263219 -0.00471127 -0.01267784 -0.0127803 -0.004690825 -0.01169413 -0.01333147 -0.003678262 -0.0120511 -0.01152712 -0.006453335 -0.01082205 -0.01216828 -0.005622863 -0.01127576 -0.01176041 -0.006078958 -0.0114988 -0.01220393 -0.005572855 -0.01130056 -0.01272809 -0.004776954 -0.01165926 -0.006043434 -0.009525477 -0.01693493 -0.004710435 -0.01034623 -0.01499366 -0.005181431 -0.01028031 -0.01417964 -0.001610398 -0.01063323 -0.0175634 -0.001341104 -0.01113551 -0.01429468 -0.00233376 -0.01059186 -0.01726436 -0.001941025 -0.01110619 -0.01403748 -0.003004252 -0.01053941 -0.01685345 -0.002495467 -0.01106899 -0.01368558 -0.003623068 -0.01047885 -0.01633501 -0.003005564 -0.01102608 -0.01324355 -0.004191339 -0.01041346 -0.01571363 -0.001867711 -0.00998193 -0.02079898 -0.002709388 -0.009928286 -0.02046179 -0.003491163 -0.009860217 -0.01999658 -0.004214227 -0.009781837 -0.01940733 -0.004879832 -0.009697198 -0.01869797 -0.00548917 -0.009610414 -0.01787251 -9.65021e-4 -0.01001709 -0.02100419 0 -0.01042878 -0.01914203 -8.32877e-4 -0.01066035 -0.01774609 -6.9454e-4 -0.01115471 -0.01445245 -0.002113819 -0.009155511 -0.02398389 -0.003068268 -0.009090602 -0.023611 -0.00395596 -0.009008288 -0.02309477 -0.004778146 -0.008913755 -0.02243852 -0.005536079 -0.008811831 -0.02164554 -0.00623089 -0.008707582 -0.02071928 -0.006863832 -0.008606016 -0.01966303 -0.009285151 -0.003776609 -0.02842068 -0.008435666 -0.003861665 -0.02986019 -0.002348721 -0.008120596 -0.02709329 -0.003409922 -0.008046984 -0.02668619 -0.004397451 -0.007953941 -0.02612096 -0.005312561 -0.007847368 -0.02540016 -0.006156504 -0.007732868 -0.02452659 -0.006930649 -0.0076164 -0.02350294 -0.007636189 -0.007503688 -0.02233177 -0.007436156 -0.008512079 -0.01848012 -0.008169114 -0.004749 -0.02869385 -0.007005393 -0.005678772 -0.02862739 -0.006734848 -0.006428301 -0.02729958 -0.006047368 -0.005794525 -0.0296176 -0.005812585 -0.006546735 -0.02825152 -0.005007684 -0.00590378 -0.0304318 -0.00481218 -0.006657838 -0.02903509 -0.003884673 -0.005999982 -0.03106832 -0.003732144 -0.006755292 -0.02964812 -0.002676784 -0.006076753 -0.03152519 -0.002571105 -0.006832778 -0.0300886 -0.00138241 -0.006127536 -0.03180068 0 -0.004650235 -0.0342288 -0.00143516 -0.00528413 -0.03319233 -0.002778053 -0.005235135 -0.0329073 -0.004030406 -0.005161404 -0.03243422 -0.005193889 -0.005069434 -0.03177475 -0.006270349 -0.004965722 -0.03093039 -0.007261514 -0.004856765 -0.02990293 -0.007501125 -0.00395596 -0.03111243 -0.00647968 -0.004053294 -0.03217595 -0.005369305 -0.004147171 -0.03304934 -0.004168093 -0.004231274 -0.0337311 -0.002874076 -0.004299223 -0.03421992 -0.001485347 -0.004344701 -0.03451418 0 -0.004600703 -0.03429597 0 -0.006067812 -0.03203129 0 -0.007302045 -0.02958738 -0.001327514 -0.006883919 -0.03035438 0 -0.008186399 -0.02742218 -0.001212477 -0.008168995 -0.02733951 0 -0.008440375 -0.02671837 -0.00109148 -0.009198129 -0.02421003 0 -0.009213447 -0.02428621 0 -0.009567797 -0.02299076 0 -0.01002973 -0.02107352 -0.008641541 0.009048581 -0.03032052 -0.009806632 0.008123159 -0.03011363 -0.008875787 0.008448004 -0.03154605 -0.01003319 0.007408916 -0.03120172 -0.00910139 0.007734179 -0.03270667 -0.01023977 0.006542146 -0.03216373 -0.009308516 0.006851553 -0.03373825 -0.01032793 0.006029009 -0.03255349 -0.009397029 0.006321728 -0.03415828 -0.01039838 0.00545454 -0.03283566 -0.009467542 0.005723714 -0.03446406 -0.01044386 0.004832386 -0.03296571 -0.009512484 0.005072832 -0.03460758 -0.01045 0.004194617 -0.0329582 -0.009518444 0.004405021 -0.03460174 -0.01039767 0.002918779 -0.03278869 -0.009468436 0.003070294 -0.03442698 -0.01029706 0.001660883 -0.03243553 -0.009373486 0.001756727 -0.03405904 -0.01016438 4.41687e-4 -0.03191196 -0.009249508 4.86906e-4 -0.03351211 -0.009994268 -7.20023e-4 -0.03122758 -0.009091198 -7.18665e-4 -0.03279638 -0.009788095 -0.001813232 -0.03040206 -0.008899927 -0.00184822 -0.03193271 -0.009550571 -0.002832114 -0.02945941 -0.008680224 -0.002895712 -0.03094649 -0.009463965 0.008938431 -0.02857285 -0.008905112 0.009026885 -0.02975767 -0.008240282 0.009126424 -0.03096503 -0.007874846 0.00873804 -0.03278809 -0.008090734 0.008024096 -0.03401237 -0.008289158 0.007126092 -0.03510504 -0.008373618 0.006580352 -0.03555166 -0.008440196 0.005959987 -0.03587788 -0.008480966 0.005281925 -0.03603255 -0.008485674 0.004585862 -0.0360279 -0.008439004 0.003195822 -0.03584897 -0.008351862 0.001830101 -0.03546887 -0.008238673 5.12976e-4 -0.03490209 -0.008094429 -7.33448e-4 -0.03415954 -0.007920622 -0.001896679 -0.03326308 -0.007721781 -0.002970576 -0.03223955 -0.006995677 0.008276104 -0.03512561 -0.007176756 0.007363736 -0.03626823 -0.00725311 0.006803274 -0.03673619 -0.007312178 0.006162464 -0.0370782 -0.007346093 0.005459487 -0.03724026 -0.007348775 0.004737555 -0.03723567 -0.007306516 0.00329715 -0.03705358 -0.007229268 0.001883983 -0.03666412 -0.007128953 5.23941e-4 -0.03608089 -0.00700134 -7.59454e-4 -0.03531587 -0.006847918 -0.001953065 -0.03439205 -0.006673038 -0.003050565 -0.03333717 -0.005888223 0.008057355 -0.0366618 -0.005963623 0.007562398 -0.03722691 -0.00602895 0.006989061 -0.03771102 -0.006078243 0.006330132 -0.03806424 -0.006104171 0.00560522 -0.03823 -0.006104826 0.004860699 -0.03822451 -0.006068289 0.003376066 -0.03804016 -0.006002843 0.001921355 -0.03764384 -0.005917549 5.23844e-4 -0.03704756 -0.005809247 -7.91764e-4 -0.03626441 -0.005679428 -0.002011716 -0.03531837 -0.005531907 -0.003129601 -0.0342381 -0.001613616 -8.77316e-4 -0.03785222 -0.001645803 4.97622e-4 -0.03866505 0 1.87448e-5 -0.03852045 0 -0.003168344 -0.03600543 -0.001532316 -0.003300547 -0.03574806 0 -0.002157509 -0.03697383 -0.00157541 -0.002145588 -0.03686976 0 -0.001638293 -0.03740513 0 -8.85648e-4 -0.03795862 -0.001698911 0.00661534 -0.03972309 -0.001685738 0.007307946 -0.03935933 0 0.007086575 -0.03962475 0 0.006634831 -0.03983545 0 0.006234943 -0.03994852 -0.001703321 0.00584954 -0.03988492 0 0.005865931 -0.03999567 -0.001701772 0.005062818 -0.0398736 0 0.005264043 -0.03999173 0 0.00375545 -0.03984075 -0.001690268 0.00349611 -0.03968638 0 0.003503143 -0.03979611 -0.001671135 0.001964449 -0.0392819 0 0.00180912 -0.03933691 0 4.93713e-4 -0.03877335 -0.004296123 -0.003201663 -0.03494113 -0.00441277 -0.002067089 -0.03604084 -0.004515707 -8.25457e-4 -0.03700399 -0.004601776 5.16729e-4 -0.03780114 -0.004669666 0.001945257 -0.03840732 -0.004721462 0.00343436 -0.03880816 -0.004751086 0.004955589 -0.03899407 -0.00475198 0.005718946 -0.0390011 -0.004734039 0.006462097 -0.03883439 -0.004695773 0.007136046 -0.03847402 -0.004643857 0.007720232 -0.03797864 -0.004583299 0.008222043 -0.0374 -0.002963662 -0.003260672 -0.03544485 -0.003045558 -0.00211358 -0.03655838 -0.003118038 -8.55614e-4 -0.03753364 -0.003178834 5.0664e-4 -0.03834062 -0.003226697 0.001958608 -0.0389536 -0.003263115 0.003473758 -0.03935712 -0.003284394 0.005022823 -0.03954386 -0.003286123 0.005800485 -0.03955298 -0.003275573 0.006557464 -0.03938776 -0.003249526 0.007242798 -0.03902399 -0.003213047 0.007835209 -0.03852212 -0.003170073 0.008342385 -0.03793519 -0.003123164 0.008779346 -0.03729522 -0.004517555 0.008656084 -0.03676927 -0.005806863 0.008487582 -0.03604567 -0.001666665 0.007905542 -0.03885531 -0.001643896 0.008416116 -0.03826504 0 0.007941007 -0.03895616 0 0.007329881 -0.03947222 -0.01409292 0.003195762 -0.01853901 -0.01371133 0.00316745 -0.02152073 -0.0141071 0.002285003 -0.01857787 -0.01371026 0.002682566 -0.02150923 -0.01405429 0.001364469 -0.01846969 -0.01365655 0.001709222 -0.02138668 -0.01394796 4.47045e-4 -0.01825851 -0.0135495 7.4034e-4 -0.02114504 -0.01379328 -4.58211e-4 -0.01795226 -0.01381498 0.006450235 -0.01332783 -0.01377761 0.005563735 -0.01722621 -0.01391416 0.004832446 -0.01777184 -0.01402205 0.004049718 -0.01823425 -0.01341867 0.006919741 -0.01598691 -0.01332479 0.006051898 -0.01989656 -0.01347875 0.005325496 -0.02054148 -0.01360481 0.004532039 -0.02109247 -0.01369082 0.003644645 -0.02145928 -0.01236093 0.008602261 -0.0171191 -0.01293855 0.007370531 -0.01844537 -0.01278758 0.006518602 -0.02235704 -0.01295965 0.005796134 -0.02309828 -0.0103349 -0.002785801 -0.02777945 -0.01103544 -0.002762913 -0.02590805 -0.01058763 -0.001797318 -0.02867233 -0.01130086 -0.001806139 -0.02674466 -0.0108062 -7.42444e-4 -0.02945417 -0.01152956 -7.90845e-4 -0.0274772 -0.01098597 3.73275e-4 -0.03010261 -0.01171714 2.77627e-4 -0.02808505 -0.01112562 0.001539587 -0.03059929 -0.01186209 0.00138992 -0.02855128 -0.01122987 0.002739489 -0.03093522 -0.01196837 0.002530634 -0.02886742 -0.01128369 0.003954112 -0.03109824 -0.01202297 0.003683149 -0.02902263 -0.01127839 0.004560768 -0.03110742 -0.01201933 0.004258275 -0.02903324 -0.01123565 0.005153298 -0.03099179 -0.01198178 0.004820942 -0.02893215 -0.01116895 0.005703568 -0.03073501 -0.0119217 0.005346775 -0.02870172 -0.01108515 0.006199598 -0.03037804 -0.01184535 0.005825638 -0.02837908 -0.01088708 0.007050395 -0.02949166 -0.0116623 0.006660819 -0.02757275 -0.01066744 0.00776571 -0.02848303 -0.01043432 0.008388876 -0.0274077 -0.01025164 0.008813202 -0.02656334 -0.01216465 0.006961405 -0.02460789 -0.01235455 0.006242036 -0.02544218 -0.01251906 0.005421876 -0.02616542 -0.01258635 0.004959881 -0.02645277 -0.01263839 0.004458129 -0.02665656 -0.01266974 0.003925085 -0.02674365 -0.01267141 0.003381192 -0.02673214 -0.01261675 0.002290487 -0.02658623 -0.01250952 0.001208782 -0.02629226 -0.01236069 1.50698e-4 -0.02586024 -0.01216691 -8.70147e-4 -0.02529776 -0.0119301 -0.00184524 -0.02462023 -0.01165431 -0.00276947 -0.02384644 -0.01333785 -0.002200245 -0.01707822 -0.01294618 -0.00203669 -0.01978582 -0.01304227 -0.003026545 -0.01653313 -0.01265555 -0.002895176 -0.0191577 -0.01232993 -0.004575252 -0.01528143 -0.01195818 -0.004492461 -0.01771646 -0.01147562 -0.005977988 -0.01387238 -0.0111258 -0.005926728 -0.01609629 -0.01050198 -0.00723052 -0.01235926 -0.01018071 -0.007199048 -0.01435863 -0.009142994 -0.00831294 -0.0125488 -0.010778 -0.007285952 -0.01028013 -0.009948194 -0.008077442 -0.009670674 -0.006991565 -0.009377598 -0.01473915 -0.006543874 -0.009446501 -0.0158891 -0.005605638 -0.01021885 -0.01327592 -0.01219362 -0.002811491 -0.02159589 -0.01134288 -0.003641188 -0.02299278 -0.01151508 -0.004456341 -0.01998114 -0.01099896 -0.004460453 -0.02207392 -0.01070952 -0.00591892 -0.01816856 -0.01022535 -0.005948126 -0.02008706 -0.009798645 -0.007206141 -0.01622664 -0.009354412 -0.007245957 -0.01796066 -0.008801221 -0.008326232 -0.01420491 -0.008403599 -0.00836724 -0.01574772 -0.01073682 -0.003660023 -0.02498555 -0.01005154 -0.003707289 -0.02679532 -0.01040804 -0.004498243 -0.02399319 -0.009740591 -0.004563271 -0.02573734 -0.009671866 -0.006008088 -0.02184969 -0.009047508 -0.006092429 -0.0234543 -0.008846819 -0.007312655 -0.01955795 -0.008274495 -0.007400512 -0.02101594 -0.007948994 -0.008430838 -0.01717388 -0.01310479 0.004990041 -0.02373629 -0.01316297 0.004544258 -0.02398806 -0.01320707 0.004065692 -0.02416539 -0.01323264 0.003561437 -0.0242393 -0.01323276 0.003047823 -0.02422749 -0.0131784 0.002017319 -0.02409243 -0.013071 9.93261e-4 -0.02382326 -0.0129193 -1.15558e-5 -0.02342921 -0.01272094 -9.8527e-4 -0.02291697 -0.01247775 -0.001920223 -0.02230024 -0.01232898 0.008163392 -0.009720563 -0.01219004 0.008181393 -0.01240295 -0.01207572 0.008179903 -0.01392161 -0.01181948 0.008168339 -0.01647639 -0.01148414 0.008159101 -0.01895487 -0.01129704 0.008159458 -0.0200951 -0.01092237 0.008170127 -0.02204108 -0.01048356 0.008197367 -0.02391552 -0.009972333 0.008246898 -0.02571862 -0.009809434 0.008265674 -0.02622783 -0.009283483 0.008331835 -0.02770143 -0.008997917 0.008369624 -0.02840846 -0.008693337 0.008410215 -0.02910149 -0.00832194 0.00845927 -0.02987134 -0.007776558 0.008528351 -0.03087401 -0.007187545 0.008596003 -0.03181082 -0.006552278 0.008659839 -0.03267753 -0.00586766 0.008715152 -0.03347069 -0.005171537 0.00875765 -0.03414577 -0.00502634 0.008764982 -0.03427141 -0.004459977 0.008789062 -0.03471571 -0.003708958 0.00881195 -0.03520023 -0.002943277 0.008827328 -0.03558337 -0.002690255 0.008831202 -0.0356872 -0.002122342 0.008838117 -0.03588199 -0.001282632 0.008844554 -0.03607887 -3.29732e-4 0.008847117 -0.03618025 0 0.008847057 -0.03618705 -0.01214265 0.008126139 -0.009742081 -0.01208364 0.008145272 -0.009730935 -0.01194632 0.008162617 -0.01238662 -0.01204288 0.008169472 -0.009716928 -0.01198828 0.008225202 -0.00968486 -0.01184898 0.008243381 -0.01238 -0.0122084 0.008122444 -0.009744107 -0.01223737 0.008126318 -0.009741842 0 0.008702456 -0.03598624 0 0.008748173 -0.03610581 -3.26235e-4 0.008748233 -0.03609907 0 0.008721888 -0.03585976 -3.21165e-4 0.008702576 -0.03597962 -3.15848e-4 0.008722007 -0.03585326 -0.001247882 0.00870037 -0.0358808 -0.001268386 0.008745849 -0.03599864 -0.002027928 0.008715212 -0.03556776 -0.001438975 0.008719086 -0.03571593 -0.001226484 0.00872004 -0.03575617 -0.002909421 0.008729815 -0.03550779 -0.002098202 0.008739829 -0.03580373 -0.002063751 0.008694946 -0.03568893 -0.00286132 0.008685946 -0.03539764 -0.00281167 0.008707284 -0.03528171 -0.003605604 0.008673191 -0.03502351 -0.003543794 0.008696138 -0.03491395 -0.003665924 0.00871551 -0.03512805 -0.005111277 0.008664965 -0.03408181 -0.004408001 0.008694231 -0.03464752 -0.003982543 0.008686721 -0.03464275 -0.004336357 0.008654177 -0.03454959 -0.004263758 0.00867927 -0.03444743 -0.005029737 0.008627653 -0.03399085 -0.004948258 0.008655548 -0.03389656 -0.00570929 0.008591294 -0.03332757 -0.005620479 0.008622586 -0.03324145 -0.006103098 0.00859183 -0.0326929 -0.006378829 0.008543252 -0.03254646 -0.006284236 0.008578538 -0.03246855 -0.007001757 0.008486926 -0.03169101 -0.006902933 0.008526265 -0.0316208 -0.007580339 0.008427083 -0.03076481 -0.007478415 0.008470535 -0.03070199 -0.00811696 0.008365988 -0.02977192 -0.008013069 0.008413434 -0.02971583 -0.008482933 0.008322596 -0.02900874 -0.008378028 0.008372902 -0.0289573 -0.005799531 0.00862509 -0.03341126 -0.0064767 0.008572936 -0.03262275 -0.007105648 0.008512377 -0.03176039 -0.007689118 0.008448243 -0.03082758 -0.008229672 0.008382678 -0.02982866 -0.00859797 0.008336186 -0.02906137 -0.009183347 0.008262336 -0.02766531 -0.008660197 0.00834167 -0.0283156 -0.009065151 0.00825411 -0.02761936 -0.008959412 0.008309245 -0.02757531 -0.009584844 0.008197546 -0.02615529 -0.009479105 0.00825721 -0.02611798 -0.009745895 0.008181929 -0.02564907 -0.009640336 0.008243024 -0.0256139 -0.01025193 0.008142709 -0.02385574 -0.01014727 0.008208394 -0.02382725 -0.01068663 0.008125305 -0.02199041 -0.01058346 0.00819534 -0.02196764 -0.01105821 0.008123517 -0.02005273 -0.01095676 0.008197307 -0.02003473 -0.01124393 0.00812745 -0.01891696 -0.01114344 0.008203148 -0.0189014 -0.009705305 0.008200645 -0.02619534 -0.009867012 0.00818336 -0.02568727 -0.01037454 0.008138656 -0.02388793 -0.01081025 0.008116126 -0.02201718 -0.0111823 0.008109688 -0.02007472 -0.01136815 0.008111417 -0.01893645 -0.01170158 0.008124172 -0.01646208 -0.01195669 0.008137881 -0.01391136 -0.01207065 0.008140027 -0.01239496 -0.01183235 0.008159875 -0.01390081 -0.0115773 0.008143901 -0.01644736 -0.01127958 0.008209645 -0.01797974 -0.01147854 0.00822246 -0.01643615 -0.01173472 0.008240103 -0.01389282 -0.01085239 0.009216845 -0.01400429 -0.01086384 0.009035587 -0.01559251 -0.01131612 0.008777379 -0.01370865 -0.0105676 0.009179949 -0.01660615 -0.004049658 0.009168386 -0.03319984 -0.00387448 0.009168505 -0.03334152 -0.003903448 0.009045183 -0.03370279 0 0.009162962 -0.03473269 -7.10507e-4 0.00916332 -0.03469276 -0.001450181 0.009163677 -0.03455936 -0.001938939 0.009164154 -0.0344156 -0.00269705 0.009145498 -0.03415709 -0.003373503 0.00916785 -0.03370344 -0.003289401 0.009167671 -0.03375816 -0.002627968 0.009165644 -0.03413045 -0.005020558 0.008910179 -0.03308367 -0.004689216 0.009165346 -0.03261196 -0.005914449 0.009141027 -0.03114539 -0.005456089 0.009153902 -0.03174948 -0.006054759 0.008743226 -0.03230059 -0.00529462 0.00915724 -0.031946 -0.004944622 0.009162664 -0.03234452 -0.007306873 0.009086072 -0.02878367 -0.006744027 0.009110093 -0.02984303 -0.006834805 0.00901544 -0.03004032 -0.006132185 0.009133517 -0.03083169 -0.007017731 0.008544921 -0.0313549 -0.007725477 0.008799314 -0.02898538 -0.008566141 0.008558809 -0.02776837 -0.007822692 0.009065449 -0.02765685 -0.008295655 0.009051501 -0.02646619 -0.008624315 0.009046316 -0.02553302 -0.009354591 0.008297502 -0.02638059 -0.008985102 0.009047269 -0.02438616 -0.01095974 0.009208858 -0.01291382 -0.01133561 0.008956313 -0.01099067 -0.01104456 0.00922513 -0.01135718 -0.01147121 0.008866906 -0.009314358 -0.01113849 0.009200096 -0.009122014 -0.009151458 0.009051084 -0.02380555 -0.009639382 0.008931875 -0.02260619 -0.009608089 0.009075164 -0.02200239 -0.01030862 0.008677601 -0.02102458 -0.01006877 0.009117841 -0.01978802 -0.01090866 0.008406996 -0.01927345 -0.01044982 0.009163975 -0.0174703 -0.01170122 0.00849688 -0.01166874 0.003373503 0.00916785 -0.03370344 0.00387448 0.009168505 -0.03334152 0.003903448 0.009045183 -0.03370279 0.004689216 0.009165346 -0.03261196 0.004944622 0.009162664 -0.03234452 0.005020558 0.008910179 -0.03308367 0.005456089 0.009153902 -0.03174948 0.005914449 0.009141027 -0.03114539 0.006054759 0.008743226 -0.03230059 0.01104456 0.00922513 -0.01135718 0.01095974 0.009208858 -0.01291382 0.01085239 0.009216845 -0.01400429 0.008378028 0.008372902 -0.0289573 0.008013069 0.008413434 -0.02971583 0.007725477 0.008799314 -0.02898538 3.15848e-4 0.008722007 -0.03585326 7.10507e-4 0.00916332 -0.03469276 0.001226484 0.00872004 -0.03575617 0.001438975 0.008719086 -0.03571593 0.001450181 0.009163677 -0.03455936 0.002027928 0.008715212 -0.03556776 0.001938939 0.009164154 -0.0344156 0.002627968 0.009165644 -0.03413045 0.00281167 0.008707284 -0.03528171 0.00269705 0.009145498 -0.03415709 0.003543794 0.008696138 -0.03491395 0.003982543 0.008686721 -0.03464275 0.006103098 0.00859183 -0.0326929 0.005620479 0.008622586 -0.03324145 0.004948258 0.008655548 -0.03389656 0.004263758 0.00867927 -0.03444743 0.006834805 0.00901544 -0.03004032 0.007478415 0.008470535 -0.03070199 0.007017731 0.008544921 -0.0313549 0.006902933 0.008526265 -0.0316208 0.006284236 0.008578538 -0.03246855 0.008660197 0.00834167 -0.0283156 0.008566141 0.008558809 -0.02776837 0.008959412 0.008309245 -0.02757531 0.009354591 0.008297502 -0.02638059 0.009479105 0.00825721 -0.02611798 0.008985102 0.009047269 -0.02438616 0.009640336 0.008243024 -0.0256139 0.01147854 0.00822246 -0.01643615 0.01114344 0.008203148 -0.0189014 0.01090866 0.008406996 -0.01927345 0.01095676 0.008197307 -0.02003473 0.01058346 0.00819534 -0.02196764 0.01198828 0.008225202 -0.00968486 0.01184898 0.008243381 -0.01238 0.01170122 0.00849688 -0.01166874 0.01173472 0.008240103 -0.01389282 0.01131612 0.008777379 -0.01370865 0.01086384 0.009035587 -0.01559251 0.01113849 0.009200096 -0.009122014 0.01169705 0.008608043 -0.009463846 0.01133561 0.008956313 -0.01099067 0.01014727 0.008208394 -0.02382725 0.009639382 0.008931875 -0.02260619 0.01030862 0.008677601 -0.02102458 0.01006877 0.009117841 -0.01978802 0.01044982 0.009163975 -0.0174703 0.009151458 0.009051084 -0.02380555 0.009608089 0.009075164 -0.02200239 0.00759983 0.009073793 -0.02816432 0.007822692 0.009065449 -0.02765685 0.008295655 0.009051501 -0.02646619 0.008624315 0.009046316 -0.02553302 0.006132185 0.009133517 -0.03083169 0.006744027 0.009110093 -0.02984303 0.007306873 0.009086072 -0.02878367 0.00529462 0.00915724 -0.031946 0.004049658 0.009168386 -0.03319984 0.003289401 0.009167671 -0.03375816 0.0105676 0.009179949 -0.01660615 0.0121656 0.008122861 -0.009743928 0.01220858 0.008122444 -0.009744107 0.01207065 0.008140027 -0.01239496 0.01226109 0.00813204 -0.009738504 0.01232898 0.008163392 -0.009720563 0.01219004 0.008181393 -0.01240295 0.01207536 0.008149325 -0.00972855 3.21165e-4 0.008702576 -0.03597962 0.001247882 0.00870037 -0.0358808 0.002063751 0.008694946 -0.03568893 3.26235e-4 0.008748233 -0.03609907 3.29732e-4 0.008847117 -0.03618025 0.001268386 0.008745849 -0.03599864 0.001282632 0.008844554 -0.03607887 0.002098202 0.008739829 -0.03580373 0.002122342 0.008838117 -0.03588199 0.00286132 0.008685946 -0.03539764 0.003605604 0.008673191 -0.03502351 0.004336357 0.008654177 -0.03454959 0.002690255 0.008831202 -0.0356872 0.002909421 0.008729815 -0.03550779 0.002943277 0.008827328 -0.03558337 0.003665924 0.00871551 -0.03512805 0.003708958 0.00881195 -0.03520023 0.004408001 0.008694231 -0.03464752 0.004459977 0.008789062 -0.03471571 0.005029737 0.008627653 -0.03399085 0.006378829 0.008543252 -0.03254646 0.00570929 0.008591294 -0.03332757 0.00502634 0.008764982 -0.03427141 0.005111277 0.008664965 -0.03408181 0.005171537 0.00875765 -0.03414577 0.005799531 0.00862509 -0.03341126 0.00586766 0.008715152 -0.03347069 0.0064767 0.008572936 -0.03262275 0.006552278 0.008659839 -0.03267753 0.007105648 0.008512377 -0.03176039 0.007187545 0.008596003 -0.03181082 0.007689118 0.008448243 -0.03082758 0.007776558 0.008528351 -0.03087401 0.008229672 0.008382678 -0.02982866 0.00832194 0.00845927 -0.02987134 0.00859797 0.008336186 -0.02906137 0.008693337 0.008410215 -0.02910149 0.007001757 0.008486926 -0.03169101 0.007580339 0.008427083 -0.03076481 0.00811696 0.008365988 -0.02977192 0.008482933 0.008322596 -0.02900874 0.009065151 0.00825411 -0.02761936 0.009584844 0.008197546 -0.02615529 0.009745895 0.008181929 -0.02564907 0.01025193 0.008142709 -0.02385574 0.01068663 0.008125305 -0.02199041 0.01105821 0.008123517 -0.02005273 0.01124393 0.00812745 -0.01891696 0.0115773 0.008143901 -0.01644736 0.01183235 0.008159875 -0.01390081 0.01194632 0.008162617 -0.01238662 0.01208406 0.008145034 -0.009731054 0.01195669 0.008137881 -0.01391136 0.01170158 0.008124172 -0.01646208 0.01136815 0.008111417 -0.01893645 0.0111823 0.008109688 -0.02007472 0.01081025 0.008116126 -0.02201718 0.01037454 0.008138656 -0.02388793 0.009867012 0.00818336 -0.02568727 0.009705305 0.008200645 -0.02619534 0.009183347 0.008262336 -0.02766531 0.008997917 0.008369624 -0.0284084 0.009283483 0.008331835 -0.02770143 0.009809434 0.008265674 -0.02622783 0.009972333 0.008246898 -0.02571862 0.01048356 0.008197367 -0.02391552 0.01092237 0.008170127 -0.02204108 0.01129704 0.008159458 -0.0200951 0.01148414 0.008159101 -0.01895487 0.01181948 0.008168339 -0.01647639 0.01207572 0.008179903 -0.01392161 0.01234352 0.008602499 -0.01725184 0.01278936 0.008601129 -0.01282519 0.01295125 0.008583307 -0.009875774 0.0129655 0.008578598 -0.009480893 0.01252055 0.008601307 -0.01578956 0.01214301 0.008607864 -0.01865458 0.01201677 0.008613705 -0.01943826 0.01177901 0.008629083 -0.0207585 0.01127177 0.00867623 -0.02308887 0.01031756 0.008803308 -0.02637237 0.01062357 0.008757948 -0.02543586 0.01072001 0.008744418 -0.02512061 0.01025134 0.00881344 -0.02656346 0.01015239 0.008828818 -0.02684187 0.00954926 0.008924782 -0.02837598 0.009463906 0.008938431 -0.02857285 0.008920073 0.00902456 -0.02972763 0.008259952 0.009123504 -0.03093236 0.007549881 0.00921905 -0.03202956 0.00682938 0.009302139 -0.03297096 0.006390154 0.009344935 -0.03347176 0.006115555 0.009368658 -0.03375905 0.005304515 0.009425401 -0.03450423 0.004489421 0.009465575 -0.03511279 0.004090666 0.009480237 -0.03536409 0.003683567 0.009492516 -0.03559136 0.002786099 0.009511828 -0.03599441 0.001918077 0.009523332 -0.03626644 0.001434206 0.009527385 -0.03637123 9.74955e-4 0.009529769 -0.03644132 0.008403539 -0.00836724 -0.01574802 0.008801102 -0.008326292 -0.01420527 0.007733821 -0.009286165 -0.01214265 0.009569227 0.008734524 -0.02895975 0.009806513 0.008123219 -0.03011387 0.008875608 0.008448064 -0.03154623 0.01003307 0.007408976 -0.03120201 0.01023966 0.006542205 -0.03216397 0.009308397 0.006851613 -0.03373843 0.01032781 0.006029069 -0.03255373 0.01039826 0.00545454 -0.03283596 0.009467422 0.005723714 -0.03446424 0.01044374 0.004832386 -0.03296595 0.01044988 0.004194617 -0.03295844 0.009518325 0.004405021 -0.03460198 0.01039749 0.002918779 -0.03278893 0.01029694 0.001660883 -0.03243583 0.009373366 0.001756727 -0.03405922 0.01016426 4.41692e-4 -0.0319122 0.009994149 -7.20025e-4 -0.03122782 0.009091079 -7.18669e-4 -0.03279656 0.001212477 -0.008168995 -0.02733951 0.00693053 -0.0076164 -0.02350306 0.007636129 -0.007503688 -0.02233201 0.006863772 -0.008606016 -0.01966321 0.008641421 0.00904864 -0.0303207 0.01343041 0.007763087 -0.00995171 0.01385211 0.006754815 -0.01063632 0.01407235 0.006061732 -0.01104593 0.01381486 0.006450355 -0.01332861 0.01449733 -1.60096e-5 -0.01259988 0.01446914 -1.85057e-4 -0.01259851 0.01426929 1.10492e-4 -0.0151655 6.94527e-4 -0.01115471 -0.01445245 0.004282414 -0.01088505 -0.01142406 0.009797811 -0.008208572 -0.009559571 0.00943011 -0.008332252 -0.01078331 0.0106011 -0.007465064 -0.01015084 0.01050186 -0.00723046 -0.01235985 0.01076066 -0.007303774 -0.01026749 0.0114755 -0.005977928 -0.01387298 0.01216769 -0.005623757 -0.01127529 0.0120899 -0.005731523 -0.01122093 0.01176035 -0.006078898 -0.01149946 0.01133453 -0.006679892 -0.01068377 0.01271539 -0.004797697 -0.01165074 0.01263213 -0.00471121 -0.01267856 0.01322531 -0.003890037 -0.01198434 0.01335579 -0.003211617 -0.01372438 0.01349425 -0.003333628 -0.012151 0.01390868 -0.001594662 -0.0145778 0.01403182 -0.001951515 -0.01244807 0.01366394 -0.002944409 -0.01225107 0.01411408 -7.50612e-4 -0.0149092 0.01433467 -8.5523e-4 -0.01257091 0.0143063 -9.76654e-4 -0.01256209 0.01408189 -0.00179398 -0.01247179 0.01461696 9.77758e-4 -0.01256197 0.01437467 9.81442e-4 -0.01534307 0.01464962 0.001626253 -0.0124945 0.01442641 0.001854658 -0.01543492 0.01465165 0.001895248 -0.01245659 0.01441669 0.002720177 -0.01540613 0.01464456 0.002267301 -0.0123943 0.01435941 0.003545105 -0.01516306 0.0146057 0.002966165 -0.01224595 0.01448827 0.00404495 -0.01193308 0.01450628 0.003912746 -0.01197707 0.01426821 0.004319548 -0.01479011 0.01413524 0.005832016 -0.01116895 0.01434254 0.00492084 -0.011599 0.01414787 0.005056738 -0.01434642 0.01349872 0.007621943 -0.01003319 0.01333189 0.007748663 -0.01219165 0.01292192 0.008160829 -0.01461648 0.01242864 0.008553743 -0.01685541 0.01293838 0.00737065 -0.01844596 0.01237386 0.007800579 -0.02070462 0.01172488 0.008207559 -0.02276414 0.01099288 0.008589386 -0.02462476 0.01145547 0.007377862 -0.02664953 0.01066726 0.007765769 -0.02848333 0.01043415 0.008388936 -0.027408 0.007874727 0.00873804 -0.03278827 0.006798028 0.008990585 -0.03384894 0.005634963 0.009202778 -0.03472781 0.004378318 0.009371995 -0.03542107 0.003023445 0.009495913 -0.03592735 0.001618921 0.008854925 -0.03762102 0.003123104 0.008779346 -0.03729522 0.002495408 -0.01106899 -0.01368558 0.001941025 -0.01110619 -0.01403754 0.00233376 -0.01059186 -0.01726436 0.001610338 -0.01063323 -0.0175634 0.001867711 -0.00998193 -0.02079898 9.65003e-4 -0.01001709 -0.02100419 0.00109148 -0.009198129 -0.02421003 0.001341104 -0.01113551 -0.01429468 8.32861e-4 -0.01066035 -0.01774609 0.007580339 -0.006308853 -0.02618151 0.008350729 -0.006194829 -0.02489912 0.008168995 -0.004749059 -0.02869403 0.008994758 -0.004649043 -0.027305 0.006734728 -0.006428301 -0.0272997 0.003005504 -0.01102608 -0.01324361 0.003004193 -0.01053941 -0.01685345 0.002709329 -0.009928286 -0.02046179 0.002113819 -0.009155511 -0.02398389 0.009285032 -0.003776609 -0.02842092 0.008435547 -0.003861665 -0.02986037 0.009550452 -0.002832114 -0.02945965 0.008680105 -0.002895712 -0.03094667 0.009787976 -0.001813232 -0.0304023 0.008899807 -0.00184822 -0.03193295 0.007005274 -0.005678772 -0.02862751 0.007261395 -0.004856765 -0.02990305 0.007501006 -0.003956019 -0.03111255 0.007721662 -0.002970576 -0.03223967 0.007920503 -0.001896679 -0.03326326 0.009249389 4.86907e-4 -0.03351229 0.009512305 0.005072832 -0.03460776 0.009468317 0.003070294 -0.03442716 0.009396851 0.006321728 -0.03415846 0.006847858 -0.001953065 -0.03439211 0.006672918 -0.003050565 -0.03333723 0.006479561 -0.004053294 -0.03217607 0.006270289 -0.004965722 -0.03093051 0.006047308 -0.005794525 -0.02961766 0.005812466 -0.006546735 -0.02825158 0.006156444 -0.007732927 -0.02452671 0.006230771 -0.008707582 -0.0207194 0.006043374 -0.009525477 -0.01693505 0.005679368 -0.002011716 -0.03531843 0.005531787 -0.003129601 -0.03423815 0.005369186 -0.004147171 -0.0330494 0.005193829 -0.005069434 -0.03177475 0.005007624 -0.00590378 -0.03043186 0.004812061 -0.006657838 -0.02903509 0.005312502 -0.007847368 -0.02540028 0.00553596 -0.008811831 -0.02164566 0.00548911 -0.009610414 -0.01787263 0.005181372 -0.01028037 -0.01417976 0.009101271 0.007734239 -0.03270685 0.004710376 -0.01034623 -0.01499378 0.004879772 -0.009697198 -0.01869803 0.004778087 -0.008913755 -0.02243858 0.004397392 -0.007954001 -0.02612096 0.003732085 -0.006755352 -0.02964812 0.003884613 -0.005999982 -0.03106832 0.004030346 -0.005161404 -0.03243422 0.004167973 -0.004231274 -0.03373116 0.004296064 -0.003201663 -0.03494113 0.00441271 -0.002067089 -0.0360409 0.004191279 -0.01041346 -0.01571369 0.004214167 -0.009781837 -0.01940739 0.0039559 -0.009008347 -0.02309477 0.003409862 -0.008046984 -0.02668625 0.002571046 -0.006832778 -0.0300886 0.002676725 -0.006076753 -0.03152525 0.002777993 -0.005235135 -0.0329073 0.002874016 -0.004299223 -0.03421992 0.002963602 -0.003260672 -0.03544485 0.003045499 -0.00211358 -0.03655838 0.003472626 -0.01097965 -0.01271623 0.003623008 -0.01047885 -0.01633507 0.003491103 -0.009860217 -0.01999658 0.003068208 -0.009090602 -0.023611 0.002348661 -0.008120596 -0.02709329 0.001327514 -0.006883919 -0.03035438 0.00138241 -0.006127536 -0.03180068 0.00143516 -0.00528413 -0.03319233 0.001485347 -0.004344701 -0.03451418 0.001532316 -0.003300547 -0.03574806 0.00157535 -0.002145588 -0.03686976 0.001613616 -8.77321e-4 -0.03785222 0.00809431 -7.33454e-4 -0.03415966 0.008238494 5.12974e-4 -0.03490221 0.007001221 -7.59461e-4 -0.03531599 0.007128834 5.23936e-4 -0.03608101 0.005809187 -7.91771e-4 -0.03626447 0.005917489 5.23839e-4 -0.03704762 0.004515647 -8.25463e-4 -0.03700405 0.004601716 5.16724e-4 -0.0378012 0.003117978 -8.5562e-4 -0.03753364 0.003178775 5.06635e-4 -0.03834062 0.001645743 4.97617e-4 -0.03866505 0.008351743 0.001830101 -0.03546905 0.008438885 0.003195822 -0.03584909 0.007229149 0.001883983 -0.03666418 0.007306396 0.00329715 -0.0370537 0.006002783 0.001921355 -0.0376439 0.00606817 0.003376066 -0.03804022 0.004669547 0.001945257 -0.03840732 0.004721403 0.00343436 -0.03880822 0.003226637 0.001958608 -0.0389536 0.003263056 0.003473758 -0.03935712 0.001671135 0.001964449 -0.0392819 0.001690268 0.00349611 -0.03968638 0.008485555 0.004585862 -0.03602808 0.008480846 0.005281925 -0.03603273 0.007348656 0.004737615 -0.03723579 0.007345974 0.005459487 -0.03724038 0.006104767 0.004860699 -0.03822457 0.006104111 0.00560522 -0.03823006 0.004751026 0.004955589 -0.03899407 0.00475192 0.005718946 -0.03900116 0.003284335 0.005022823 -0.03954392 0.003286063 0.005800485 -0.03955298 0.001701712 0.005062818 -0.0398736 0.001703262 0.00584954 -0.03988492 0.001698851 0.00661534 -0.03972309 0.008440077 0.005959987 -0.035878 0.008373498 0.006580352 -0.03555178 0.007312059 0.006162464 -0.03707832 0.007252991 0.006803333 -0.0367363 0.006078183 0.006330132 -0.0380643 0.006028831 0.006989061 -0.03771108 0.00473392 0.006462097 -0.03883445 0.004695713 0.007136046 -0.03847402 0.003275513 0.006557464 -0.03938782 0.003249466 0.007242798 -0.03902405 0.001685678 0.007307946 -0.03935933 0.008090615 0.008024096 -0.03401255 0.006995558 0.008276104 -0.03512567 0.005806744 0.008487582 -0.03604573 0.004517495 0.008656084 -0.03676933 0.008289039 0.007126092 -0.03510516 0.007176637 0.007363736 -0.03626829 0.005888104 0.008057355 -0.03666186 0.004583179 0.008222103 -0.03740006 0.003170013 0.008342385 -0.03793525 0.001643896 0.008416116 -0.03826504 0.005963504 0.007562458 -0.03722703 0.004643797 0.007720232 -0.0379787 0.003212988 0.007835209 -0.03852212 0.001666665 0.007905542 -0.03885531 0.01410698 0.002285063 -0.01857864 0.01405423 0.001364588 -0.01847046 0.0139479 4.47126e-4 -0.01825934 0.01379317 -4.58142e-4 -0.01795303 0.0135892 -0.001342594 -0.01755619 0.01319408 -0.001141071 -0.0203365 0.01339584 -2.13125e-4 -0.02079355 0.01354938 7.40404e-4 -0.02114576 0.01365643 0.001709282 -0.02138739 0.01371014 0.002682685 -0.02150994 0.01371121 0.003167569 -0.02152144 0.01409286 0.003195881 -0.01853984 0.01369071 0.003644764 -0.02145999 0.01402193 0.004049837 -0.01823508 0.0136047 0.004532158 -0.02109313 0.01316285 0.004544317 -0.02398866 0.01310467 0.00499016 -0.02373689 0.01258623 0.00495994 -0.02645325 0.01251888 0.005421996 -0.0261659 0.01192158 0.005346834 -0.02870213 0.01184517 0.005825698 -0.02837949 0.01116877 0.005703628 -0.03073537 0.01108497 0.006199657 -0.0303784 0.01341855 0.00691986 -0.01598763 0.01391404 0.004832625 -0.01777261 0.01347863 0.005325615 -0.02054214 0.01295948 0.005796253 -0.02309882 0.01235443 0.006242096 -0.02544265 0.01166212 0.006660878 -0.02757316 0.01088696 0.007050454 -0.02949202 0.01377749 0.005563855 -0.01722693 0.01332461 0.006052017 -0.01989716 0.01278746 0.006518661 -0.02235758 0.01216453 0.006961464 -0.02460837 0.01294612 -0.002036631 -0.01978647 0.01333773 -0.002200186 -0.01707899 0.01265543 -0.002895176 -0.0191583 0.01304215 -0.003026485 -0.01653391 0.01195806 -0.004492461 -0.017717 0.01232987 -0.004575252 -0.01528215 0.01112568 -0.005926728 -0.01609683 0.01018065 -0.007199048 -0.01435911 0.009142935 -0.00831294 -0.01254928 0.009798526 -0.007206141 -0.01622706 0.009354352 -0.007245957 -0.01796102 0.0107094 -0.00591892 -0.01816904 0.01022523 -0.005948126 -0.02008742 0.01151496 -0.004456341 -0.01998162 0.01099884 -0.004460453 -0.02207434 0.0121935 -0.002811491 -0.02159643 0.01263827 0.004458189 -0.02665704 0.01320695 0.004065811 -0.02416598 0.01266956 0.003925144 -0.02674412 0.01323252 0.003561496 -0.02423989 0.01267129 0.003381252 -0.02673268 0.01323264 0.003047943 -0.02422809 0.01261663 0.002290546 -0.02658677 0.01317828 0.002017378 -0.02409303 0.0125094 0.001208782 -0.02629274 0.01307088 9.93311e-4 -0.02382385 0.01236051 1.50724e-4 -0.02586072 0.01291918 -1.15176e-5 -0.02342981 0.01216679 -8.7013e-4 -0.02529823 0.01272082 -9.85242e-4 -0.0229175 0.01192992 -0.00184524 -0.02462071 0.01247763 -0.001920223 -0.02230077 0.01165419 -0.00276947 -0.02384686 0.01134276 -0.003641188 -0.0229932 0.01123547 0.005153357 -0.03099215 0.0119816 0.004821002 -0.02893257 0.01127827 0.004560828 -0.03110778 0.01201921 0.004258334 -0.02903366 0.01128357 0.003954172 -0.03109854 0.01202285 0.003683209 -0.02902305 0.01122975 0.002739489 -0.03093552 0.01196825 0.002530694 -0.02886784 0.01112544 0.001539647 -0.03059965 0.01186192 0.00138992 -0.02855169 0.01098585 3.73285e-4 -0.0301029 0.01171702 2.77644e-4 -0.02808547 0.01080602 -7.42441e-4 -0.02945446 0.01152938 -7.90836e-4 -0.02747756 0.01058751 -0.001797318 -0.02867263 0.01130068 -0.001806139 -0.02674502 0.01033478 -0.002785861 -0.02777981 0.01103532 -0.002762913 -0.02590847 0.01005142 -0.003707289 -0.02679562 0.0107367 -0.003660023 -0.0249859 0.009740471 -0.004563271 -0.02573764 0.01040792 -0.004498243 -0.02399355 0.009047389 -0.006092429 -0.02345454 0.009671747 -0.006008088 -0.02184998 0.008274376 -0.007400512 -0.02101618 0.0088467 -0.007312655 -0.01955825 0.007436037 -0.008512079 -0.01848036 0.007948875 -0.008430838 -0.01717418 0.006543755 -0.009446501 -0.01588934 0.006991505 -0.009377598 -0.01473933 0.005605578 -0.01021891 -0.0132761 0.005984187 -0.01016497 -0.01228719 -0.01180094 0.007042765 -0.01044785 0.01119214 0.007621228 -0.01003372 0.011801 0.007042706 -0.01044791 0.01144516 0.007219195 -0.0102657 -6.45586e-4 0.009076237 -0.03413468 -6.76711e-4 0.009190559 -0.03440284 -0.001379013 0.00919187 -0.03427654 -0.01039928 0.009257435 -0.009088933 -0.01030534 0.009284436 -0.01131582 -0.01055234 0.009378969 -0.01132917 -0.01063251 0.00934875 -0.009036183 -0.01081579 0.00935781 -0.01134389 -0.0108757 0.009340524 -0.009040951 -0.01106721 0.009256541 -0.00908941 -3.81175e-7 0.0088467 -0.03398758 0 0.009075403 -0.03417092 -6.24563e-4 0.008847653 -0.03395235 -0.00313121 0.009202539 -0.03351658 -0.002498686 0.009197235 -0.03387051 -0.001843154 0.00919348 -0.03414052 -0.003863871 0.009208619 -0.03298217 -0.003211975 0.009203255 -0.03346443 -0.004485189 0.009211421 -0.03241521 -0.005077421 0.00920999 -0.03176873 -0.005901336 0.009197294 -0.03068011 -0.00523597 0.009208619 -0.03157711 -0.006506502 0.009182155 -0.02971011 -0.007065296 0.00916624 -0.02866727 -0.007578969 0.009153127 -0.02755552 -0.008051335 0.009146153 -0.02637833 -0.008908927 0.009158432 -0.0237419 -0.008380234 0.009145915 -0.0254544 -0.009368538 0.00918895 -0.02195137 -0.009832978 0.009238839 -0.0197488 -0.01021718 0.009291052 -0.01744085 -0.01033598 0.009308695 -0.0165798 -0.01062285 0.00934869 -0.01398539 -0.001313388 0.009078621 -0.03401446 -0.001754641 0.009081423 -0.03388488 -0.002378702 0.009088039 -0.03362768 -0.002983331 0.009097516 -0.03328919 -0.003060758 0.009098887 -0.03323918 -0.003687858 0.009110391 -0.03277504 -0.00428915 0.009120523 -0.0322262 -0.004865407 0.009127318 -0.03159672 -0.005020141 0.009128272 -0.03140944 -0.005670845 0.009127199 -0.03053081 -0.00626564 0.009122192 -0.02957737 -0.006816565 0.009115993 -0.02854907 -0.007324457 0.009112358 -0.02745085 -0.007792949 0.009114325 -0.02628558 -0.008119642 0.009120583 -0.02536994 -0.008645951 0.00914371 -0.02367097 -0.009105026 0.009183764 -0.0218923 -0.009569287 0.009243667 -0.01970165 -0.00995332 0.009303987 -0.01740449 -0.01007217 0.009323835 -0.01654696 -0.01035922 0.00936836 -0.01396226 0 0.009189903 -0.03444081 -0.001268863 0.008850872 -0.03383553 -0.00169444 0.008854746 -0.0337097 -0.002296447 0.008863925 -0.03345948 -0.002880454 0.008877336 -0.03312945 -0.002955317 0.008879303 -0.03308063 -0.00356239 0.00889647 -0.03262662 -0.00414586 0.008913457 -0.03208816 -0.004706501 0.008927881 -0.0314688 -0.004857361 0.008930861 -0.03128415 -0.00549215 0.008938848 -0.03041714 -0.006074368 0.008943378 -0.02947396 -0.006614804 0.008946299 -0.02845489 -0.007114052 0.008951902 -0.0273652 -0.007575392 0.008962869 -0.02620762 -0.007897377 0.008975684 -0.0252974 -0.008416891 0.009009957 -0.02360737 -0.008870959 0.00906074 -0.02183711 -0.009330272 0.00913155 -0.01965594 -0.009710371 0.009200215 -0.01736831 -0.00982815 0.009222447 -0.01651418 -0.01011306 0.009271919 -0.01393932 -0.01025623 0.00928539 -0.01211827 0.01030534 0.009284436 -0.01131582 0.01055234 0.009378969 -0.01132917 0.01035922 0.00936836 -0.01396226 0.01081579 0.00935781 -0.01134389 0.01092529 0.009326279 -0.009049177 0.01068341 0.009355187 -0.009032487 0.01044702 0.009285688 -0.009072601 0.01039928 0.009257435 -0.009088933 6.24563e-4 0.008847653 -0.03395235 0.003211975 0.009203255 -0.03346443 0.00313121 0.009202539 -0.03351658 0.002498686 0.009197235 -0.03387051 0.001843154 0.00919348 -0.03414052 0.001379013 0.00919187 -0.03427654 6.76711e-4 0.009190559 -0.03440284 0.004485189 0.009211421 -0.03241521 0.003863871 0.009208619 -0.03298217 0.005077421 0.00920999 -0.03176873 0.00523597 0.009208619 -0.03157711 0.007065296 0.00916624 -0.02866727 0.006506502 0.009182155 -0.02971011 0.005901336 0.009197294 -0.03068011 0.008380234 0.009145915 -0.0254544 0.008051335 0.009146153 -0.02637833 0.007578969 0.009153127 -0.02755552 6.45586e-4 0.009076237 -0.03413468 0.001268863 0.008850872 -0.03383553 0.001313388 0.009078621 -0.03401446 0.00169444 0.008854746 -0.0337097 0.001754641 0.009081423 -0.03388488 0.002296447 0.008863925 -0.03345948 0.002378702 0.009088039 -0.03362768 0.002880454 0.008877336 -0.03312945 0.002983331 0.009097516 -0.03328919 0.002955317 0.008879303 -0.03308063 0.003060758 0.009098887 -0.03323918 0.00356239 0.00889647 -0.03262662 0.003687858 0.009110391 -0.03277504 0.00414586 0.008913457 -0.03208816 0.00428915 0.009120523 -0.0322262 0.004706501 0.008927881 -0.0314688 0.004865407 0.009127318 -0.03159672 0.004857361 0.008930861 -0.03128415 0.005020141 0.009128272 -0.03140944 0.00549215 0.008938848 -0.03041714 0.005670845 0.009127199 -0.03053081 0.006074368 0.008943378 -0.02947396 0.00626564 0.009122192 -0.02957737 0.006614804 0.008946299 -0.02845489 0.006816565 0.009115993 -0.02854907 0.007114052 0.008951902 -0.0273652 0.007324457 0.009112358 -0.02745085 0.007575392 0.008962869 -0.02620762 0.007792949 0.009114325 -0.02628558 0.007897377 0.008975684 -0.0252974 0.008119642 0.009120583 -0.02536994 0.008039951 0.008983075 -0.02486324 0.008645951 0.00914371 -0.02367097 0.008416891 0.009009957 -0.02360737 0.008870959 0.00906074 -0.02183711 0.009105026 0.009183764 -0.0218923 0.009330272 0.00913155 -0.01965594 0.009569287 0.009243667 -0.01970165 0.009710371 0.009200215 -0.01736831 0.00995332 0.009303987 -0.01740449 0.00982815 0.009222447 -0.01651418 0.01007217 0.009323835 -0.01654696 0.009916484 0.009238958 -0.01580798 0.01011306 0.009271919 -0.01393932 0.01062285 0.00934869 -0.01398539 0.01033598 0.009308695 -0.0165798 0.01021718 0.009291052 -0.01744085 0.009832978 0.009238839 -0.0197488 0.009368538 0.00918895 -0.02195137 0.008908927 0.009158432 -0.0237419 0.007699966 0.008627593 -0.02505499 0.007699966 0.008613228 -0.02521973 0.007439255 0.008559226 -0.02583652 0.007241249 0.008511066 -0.02638709 0.007700026 0.008529722 -0.02505505 0.008185565 0.008564591 -0.02339524 0.004523754 0.008476495 -0.03142082 0.005060017 0.008485674 -0.03071272 0.005312383 0.008488714 -0.03033989 0.004250526 0.008470416 -0.03174149 0.003931462 0.008462548 -0.03208291 0.003273367 0.008445918 -0.03267818 0.00254178 0.008429825 -0.03318178 0.00218898 0.008423626 -0.03337061 0.001741051 0.008417606 -0.03356266 0.001035869 0.008412361 -0.03376424 8.8366e-4 0.008411705 -0.03379303 0 0.008409678 -0.03386735 -8.84351e-4 0.008411705 -0.03379291 -0.001308202 0.00841391 -0.03370004 -0.001741707 0.008417665 -0.03356242 -0.002508759 0.008429169 -0.03320091 -0.002542316 0.008429825 -0.03318148 -0.003273844 0.008445978 -0.03267782 -0.003648817 0.008455336 -0.03235614 -0.003931879 0.008462548 -0.03208249 -0.004524111 0.008476555 -0.0314204 -0.004793703 0.008481621 -0.03107804 -0.005060315 0.008485674 -0.0307123 -0.005925953 0.008493661 -0.02931272 -0.005546569 0.00849092 -0.02996897 -0.006390154 0.00849682 -0.02840578 -0.007014214 0.008505344 -0.02697765 -0.007094085 0.008507132 -0.02677476 -0.008640468 0.008619666 -0.02151256 -0.008605897 0.008614659 -0.02166926 -0.008185625 0.008564591 -0.02339494 -0.008013665 0.008549928 -0.02401751 -0.007685661 0.008528947 -0.02509957 -0.008960843 0.008672535 -0.01992917 -0.009299218 0.008737385 -0.01792466 -0.009506285 0.0087803 -0.01641952 -0.009793639 0.008835554 -0.01365679 -0.009854257 0.008843958 -0.01288366 -0.01003199 0.008831977 -0.009334564 0.01003193 0.008831977 -0.009334564 0.009854197 0.008843958 -0.01288372 0.009719014 0.008822798 -0.01448881 0.009506285 0.0087803 -0.01641964 0.009173393 0.008712291 -0.01872211 0.008960843 0.008672535 -0.01992934 0.008605837 0.008614659 -0.0216695 0.008431673 0.008591353 -0.02242344 0.005546331 0.00849092 -0.02996939 0.006389975 0.00849682 -0.0284062 0.006468296 0.008497536 -0.02824091 0.007093906 0.008507132 -0.02677512 0.01000058 0.007219195 -0.0102657 -0.01000064 0.007219195 -0.0102657 0.009933412 0.004630982 -0.01166427 0.009947001 0.005208849 -0.01141792 0.009967267 0.005999982 -0.0110228 0.00997436 0.006264388 -0.01087468 0.009941518 0.004981994 -0.01151871 -0.009933471 0.004630982 -0.01166427 -0.009947061 0.005208849 -0.01141792 -0.009993731 0.006969153 -0.01043707 -0.009967327 0.005999982 -0.0110228 -0.009958505 0.005663514 -0.01119941 0.009719014 0.005999982 -0.01448863 0.00987482 0.005999982 -0.01259374 0.009897053 0.005943417 -0.01226228 0.009905755 0.005883634 -0.01212561 0.009915471 0.0057801 -0.01196813 0.009928762 0.005528628 -0.01174491 0.009936034 0.00521779 -0.01161772 0.009937047 0.005109012 -0.01159965 0.009936988 0.004882812 -0.01160061 0.009173393 0.005999982 -0.01872199 0.008431673 0.005999982 -0.0224235 0.007439255 0.005999982 -0.02583652 0.006468296 0.005999982 -0.02824091 0.005312383 0.005999982 -0.03033989 0.004250526 0.005999982 -0.03174149 0.003273606 0.005999982 -0.032678 0.00218898 0.005999982 -0.03337061 0.001035869 0.005999982 -0.03376424 0 0.005999982 -0.03386735 -0.00987488 0.005999982 -0.01259374 -0.003648817 0.005999982 -0.03235614 -0.001308202 0.005999982 -0.0337001 -0.002508759 0.005999982 -0.03320091 -0.007014214 0.005999982 -0.02697765 -0.005925953 0.005999982 -0.02931272 -0.004793703 0.005999982 -0.03107804 -0.009793698 0.005999982 -0.01365673 -0.009299218 0.005999982 -0.01792454 -0.008640468 0.005999982 -0.02151256 -0.008013665 0.005999982 -0.02401751 -0.009937405 0.004958927 -0.01159459 -0.009937107 0.005109012 -0.01159965 -0.009935021 0.005291461 -0.01163715 -0.009926378 0.005591154 -0.01178717 -0.009911894 0.005824446 -0.01202785 -0.009905815 0.005883634 -0.01212561 -0.009892523 0.005965232 -0.01233232</float_array>
          <technique_common>
            <accessor source="#MRH-F-Distal-Sensor-Visual_00-mesh-positions-array" count="1652" stride="3">
              <param name="X" type="float"/>
              <param name="Y" type="float"/>
              <param name="Z" type="float"/>
            </accessor>
          </technique_common>
        </source>
        <source id="MRH-F-Distal-Sensor-Visual_00-mesh-normals">
          <float_array id="MRH-F-Distal-Sensor-Visual_00-mesh-normals-array" count="9861">-0.1652744 -0.46592 0.8692542 -0.03877586 -0.3963676 0.9172728 -0.4405707 -0.4354657 0.785027 -0.1949418 -0.5248841 0.8285496 -0.1104116 -0.4207912 0.9004134 -0.7836571 -0.2133516 0.5834061 -0.191488 0.6834042 0.7044793 -0.1914817 0.6834043 0.704481 -0.4338174 0.6133429 0.6600098 -0.5402638 0.5329661 0.6512007 -0.9626371 0.04879093 0.266363 -0.9626375 0.04879093 0.2663618 -0.8797115 0.2464058 0.4066842 -0.8085647 0.3121716 0.4987708 -0.7783606 0.3815836 0.4985469 -0.5972684 0.5306128 0.6014323 -0.8829358 -0.1028431 0.4580915 -0.8065426 -0.1394588 0.5744914 -0.6954412 0.07099294 0.7150676 -0.6954356 0.07099384 0.7150729 -0.4646854 0.2608953 0.8461685 -0.4646729 0.2608988 0.8461744 -0.1631802 0.3636716 0.9171233 -0.1631553 0.3636726 0.9171274 -0.6043443 -0.3485338 0.7164441 -0.5213128 -0.3135239 0.7936849 -0.4681428 -0.212109 0.8578183 -0.4681425 -0.2121095 0.8578184 -0.3128031 -0.08427602 0.9460718 -0.3128131 -0.0842753 0.9460685 -0.1098331 -0.01509433 0.9938355 -0.1098169 -0.01509368 0.9938372 0 0.7102467 0.7039529 0 -0.3966655 0.9179633 -0.002185285 -0.4146108 0.9099963 0.002183437 -0.03481328 0.9993916 0 -0.01518541 0.9998847 0 0.3867909 0.9221675 0.002399861 0.3686105 0.9295809 -0.001968741 0.6962869 0.717761 0 -0.4146127 0.9099981 0 0.6962882 0.7177624 0.001969158 -0.3966645 0.9179617 -0.00239855 -0.01518541 0.9998819 0 -0.03481334 0.9993939 0 0.3686114 0.9295836 -0.002184629 0.3867901 0.9221652 0.00218445 0.710245 0.7039512 0.962637 0.0487926 0.266363 0.8797112 0.2464069 0.4066841 0.5972656 0.5306137 0.6014341 0.9626373 0.04878926 0.2663626 0.8203267 -0.1771242 0.5437749 0.8203267 -0.1771243 0.5437749 0.4681391 -0.2121092 0.8578203 0.6954373 0.0709936 0.7150713 0.6954398 0.07099413 0.7150688 0.8085649 0.3121708 0.4987709 0.7783591 0.3815839 0.4985488 0.1949418 -0.524884 0.8285496 0.5522091 -0.3791333 0.7425113 0.1104155 -0.4207905 0.9004131 0.3128031 -0.08426988 0.9460724 0.3128066 -0.084279 0.9460704 0.4646869 0.2608934 0.8461684 0.4646747 0.2608998 0.8461731 0.5402638 0.5329661 0.6512007 0.4338174 0.6133429 0.6600098 0.03876894 -0.396367 0.9172733 0.1098257 -0.01509529 0.9938363 0.1098268 -0.01509344 0.9938362 0.1631737 0.3636735 0.9171238 0.1631692 0.3636711 0.9171255 0.1914821 0.6834042 0.704481 0.191483 0.6834046 0.7044802 0.5522091 -0.3791319 0.742512 0.4681431 -0.2121108 0.8578177 0.1652666 -0.4659208 0.8692554 0 -0.707293 0.7069206 3.29123e-6 -0.7076712 0.706542 1.88976e-5 -0.7067865 0.707427 0 -0.7072843 0.7069292 0 -0.7075821 0.7066312 -2.3588e-5 -0.7068248 0.7073887 -6.42389e-7 -0.7071244 0.7070892 -4.65823e-5 -0.7073669 0.7068466 -3.11615e-5 -0.7072353 0.7069782 -1.0294e-6 -0.7068191 0.7073944 -1.66923e-4 -0.7065715 0.7076417 -1.88423e-4 -0.7064968 0.7077162 5.23773e-5 -0.7072082 0.7070054 3.84912e-5 -0.7072021 0.7070115 -1.54861e-4 -0.7065164 0.7076967 6.00561e-5 -0.7072553 0.7069582 -1.02707e-4 -0.7067871 0.7074264 1.45422e-4 -0.7074147 0.7067988 -1.21324e-5 -0.7069523 0.7072612 3.74757e-6 -0.7070665 0.7071471 -4.90181e-5 -0.7068092 0.7074043 1.68105e-4 -0.7074849 0.7067284 -2.61338e-4 -0.7064151 0.7077978 9.5087e-5 -0.7072287 0.7069849 -2.3091e-4 -0.706546 0.7076671 4.38765e-4 -0.7078197 0.7063931 -3.2769e-4 -0.7064221 0.7077908 0.1099129 -0.3156614 0.9424846 -0.003423213 -0.3184505 0.9479333 0.0415849 -0.2811075 0.9587749 0.03566092 0.4224618 0.9056789 0.007425725 0.3867803 0.9221421 0.005607724 0.7102354 0.7039419 -0.03663796 -0.3178078 0.9474471 -4.53064e-4 -0.2812846 0.9596243 -0.0318371 0.04011601 0.9986878 -0.06987082 -0.4135987 0.9077743 0.02506834 -0.318391 0.947628 -0.07872104 -0.03470534 0.9962924 0.01227694 0.03936582 0.9991495 -0.04490566 0.3864009 0.9212372 -0.0621562 -0.4138104 0.9082387 0.07878601 -0.03470516 0.9962873 0.02877777 0.005955159 0.9995681 -0.002781808 0.06764507 0.9977056 -0.001540601 0.06764537 0.9977083 -0.02211105 0.4226241 0.9060354 -0.007319927 0.4116135 0.9113292 -0.005488514 0.7231584 0.6906605 0 0.7102468 0.7039529 0.1337259 0.8155461 0.5630294 0.1950852 0.8043595 0.5612021 0.3864565 0.7603659 0.5220108 0.4422845 0.7380725 0.5095424 0.6121766 0.6507145 0.4492333 0.6087599 0.6530885 0.4504296 0.7958213 0.4981141 0.344312 0.9807854 0.1605464 0.1108373 0.7933508 0.5009766 0.3458569 0.8968771 0.3639672 0.2512755 0.9249645 0.3144358 0.2134734 0.9905719 0.1074827 0.08494025 0 0.8229382 0.568131 0 0.8229382 0.568131 0 0.8229382 0.568131 -0.1950926 0.8071252 0.5572143 -0.1328818 0.8115809 0.5689279 -0.4422832 0.7406871 0.5057353 -0.3857 0.7592625 0.5241717 -0.6087617 0.6528803 0.450729 -0.6125234 0.6507054 0.4487734 -0.7933531 0.5007686 0.3461529 -0.7961085 0.4980044 0.3438065 -0.8968766 0.363968 0.2512763 -0.9249588 0.3144462 0.2134826 -0.9807669 0.1570832 0.1158505 -0.9915215 0.1069349 0.07382565 -0.2116115 0.9771758 0.01866275 -0.2134234 0.976778 0.01885294 -0.2123146 0.9769683 0.0213446 -0.002720832 0.9999906 0.003396928 0.03429257 0.9937959 0.1058003 0.2668122 0.96103 -0.07233685 0.4454279 0.868611 0.2170464 0.4908148 0.870904 0.02503913 0.7014071 0.7034533 -0.1148115 0.7435659 0.5702946 0.3491047 0.822572 0.5677952 -0.03136801 0.552989 0.8329957 -0.01793015 0.4170879 0.8511242 -0.3187873 0.343714 0.9183784 0.1960664 0.113856 0.9931696 -0.02551597 0.149142 0.9876113 0.04879319 0.325825 0.9449887 -0.02888798 0.4427577 0.8895317 0.1126903 0.504802 0.816766 -0.2794071 -0.1405666 0.9899471 0.01567667 -0.1529319 0.986945 0.05051356 -0.1522053 0.9882176 0.01611101 0.852132 0.5221045 -0.03575074 0.7859156 0.5365141 -0.3073914 0.8229562 0.5643507 0.06520485 0.7569317 0.653491 0.002028942 0.713263 0.7003884 -0.0266838 0.5945613 -0.7752583 -0.21324 0.8743852 0.4213412 -0.2406703 0.932764 0.3581411 -0.04106545 0.9681655 0.2315247 0.09514135 0.9263831 0.3186368 -0.2007113 0.9119729 0.3304575 -0.243112 0.9830888 0.1633496 0.08278554 0.9263466 0.2541136 -0.2780438 0.9912005 0.1272404 0.03648954 0.9724406 0.1496778 -0.1787622 0.9825648 0.1336123 -0.1292842 0.9973501 0.07181024 -0.0116648 0.9922791 0.07806456 -0.096376 0.9968397 0.05632281 -0.05602228 0.9976346 0.03563648 -0.05878251 0.9971849 -0.005501329 0.07478004 0.9927736 -0.08536458 -0.08434164 0.9936887 -0.08914357 -0.0680918 0.995495 -0.04708164 -0.08229917 0.9917229 -0.03821837 -0.1225775 0.9998601 -0.003435671 -0.01637774 0.9916374 -0.1028683 -0.07793164 0.9876762 -0.1295287 -0.08785384 0.9417676 -0.1349872 -0.307981 0.9785791 -0.1924821 0.07303249 0.8133456 -0.5254123 -0.2498219 0.8939406 -0.4481306 -0.00701332 0.9032626 -0.424335 0.06369149 0.8271527 -0.4398047 -0.3498431 0.9329753 -0.3522037 0.07422751 0.934365 -0.3562294 -0.007918655 0.9181274 -0.337457 -0.2077616 0.884912 -0.3284109 -0.3302683 0.9612207 -0.2651753 0.07574337 0.9647178 -0.2599588 -0.04172563 0.96107 -0.2204084 -0.1666273 0.8227781 -0.5244422 -0.2190814 0.8478235 -0.5287833 -0.03979426 0.7642953 -0.5901508 -0.2599516 0.8109718 -0.5790638 -0.08372449 0.7449828 -0.643498 -0.1758155 0.7774595 -0.6255835 -0.06482452 0.7382088 -0.6655106 -0.1101968 0.7239614 -0.6803389 -0.1141006 0.6137905 -0.72623 -0.3095985 0.6850574 -0.7149747 -0.13967 0.6671486 -0.7419794 -0.06617641 0.6335293 -0.7737111 0.003462553 0.62849 -0.7777187 -0.01242047 0.566529 -0.8184823 -0.09556001 0 -0.9986303 -0.0523225 0 -0.9986293 -0.05234169 -0.968561 0.1519324 -0.1969932 -0.9893913 0.1363379 -0.05016767 -0.9865732 0.1554688 -0.0500285 -0.9884602 0.1396721 0.05863666 -0.9807255 0.188352 -0.05197304 -0.9724293 0.228422 -0.04695451 -0.9037612 0.3335913 -0.2682024 -0.9581466 0.2766707 -0.07354295 -0.9527571 0.3034979 0.01195687 -0.914557 0.3738198 -0.1544162 -0.9280905 0.3701202 -0.04073017 -0.9947704 -0.08941185 -0.04937112 -0.9751989 -0.03912109 -0.2178455 -0.9908229 -0.04115718 -0.1287479 -0.9991583 -0.01035106 -0.03969407 -0.9985772 -0.0113427 -0.05210447 -0.9980136 0.002961814 -0.06292945 -0.9976898 0.0349515 -0.05825334 -0.9659392 0.08106112 -0.2457451 -0.9975291 0.07004559 -0.005420327 -0.9758618 0.1421311 -0.165809 -0.9800441 -0.1255126 -0.1541439 -0.9585315 -0.1263824 -0.2554306 -0.9800576 -0.1923431 0.04991418 -0.957929 -0.2139321 -0.1913244 -0.9653872 -0.2560163 -0.04983317 -0.9619795 -0.2655161 0.06400632 -0.886018 -0.3200133 -0.3355051 -0.9264032 -0.3341224 -0.1736068 -0.9344338 -0.3532451 -0.04529172 -0.8487275 -0.4146086 -0.3282701 -0.8716592 -0.4159078 -0.2592893 -0.9017763 -0.4312835 0.0281825 -0.9026327 -0.4288799 0.03628033 -0.8429374 -0.5068685 -0.180391 -0.731764 -0.6521292 -0.1981138 -0.8124495 -0.5775935 -0.07944667 -0.7249481 -0.586959 -0.3604574 -0.8260893 -0.5475674 -0.1332156 -0.856356 -0.5062656 -0.1017331 -0.5664594 -0.8185279 -0.09558176 -0.6286486 -0.7775954 -0.01210075 -0.7955516 -0.6056914 -0.01534754 -0.743128 -0.6609014 -0.1047381 -0.7168853 -0.6843159 -0.1333689 -0.639236 -0.7172901 -0.2772586 -0.712706 -0.6983804 -0.06568986 -0.6710962 -0.7310207 -0.1234449 -0.6874677 -0.7261606 -0.008894264 -0.639051 -0.7597943 -0.1196939 -0.6040896 -0.7926349 -0.08249783 -0.8006412 0.5983045 -0.03170597 -0.7808294 0.6065853 -0.1495326 -0.9088258 0.4153103 -0.03940749 0.1889593 0.9818322 0.01732373 0.0178917 0.9626671 0.2700967 0.09748667 0.9940905 0.04775512 -0.08887946 0.9960393 0.002504765 -0.4667438 0.8837791 0.03293818 -0.5018587 0.8144487 -0.291224 -0.5929188 0.8050113 -0.02010238 -0.5573942 0.7643209 0.3242307 -0.1704366 0.8508359 -0.4970209 -0.2529686 0.9649884 -0.06931382 -0.2304162 0.9723739 0.03738212 0.07954293 0.9967499 0.01275599 -0.8162614 0.5760432 -0.04349207 -0.8147058 0.5725669 -0.0917707 -0.7052732 0.7010663 0.105337 -0.6788719 0.7271708 -0.1017625 -0.4537547 0.888844 0.06374126 -0.4389401 0.8495033 -0.2927044 -0.2799676 0.845816 0.4541074 -0.3364223 0.9391985 0.06874787 -0.09250593 0.9955304 -0.019023 0.1901207 0.9355789 0.2975673 -1 2.51118e-7 0 -1 8.32445e-7 0 -1 -1.83577e-6 0 -1 6.18563e-7 0 -1 0 0 -0.3833193 -0.5247347 0.7600789 -0.4422867 -0.5120574 0.7363286 -0.1314461 -0.5594172 0.8183975 -0.1950929 -0.5572144 0.8071251 -0.6006748 -0.4542177 0.6579332 -0.6087665 -0.4503636 0.6531279 -0.7871348 -0.3508036 0.5073024 -0.7933509 -0.3458603 0.5009742 -0.8968713 -0.2512787 0.3639795 -0.9271609 -0.2142906 0.307331 -0.98078 -0.1081361 0.1624103 -0.9924916 -0.06948816 0.1006576 -0.487523 0.7185162 0.4960401 -0.3829526 0.7599065 0.5252518 -0.3701185 0.7644809 0.5278081 -0.9659261 0.2129913 0.1470429 -0.9890726 0.1275252 0.07397854 -0.9238793 0.3149255 0.2174145 -0.7071076 0.5819045 0.4017289 -0.7858845 0.5147922 0.3425998 -0.6087653 0.6528784 0.450727 -0.7071075 -0.5819045 -0.4017289 -0.6196198 -0.6368696 -0.4587685 -0.7933523 -0.500974 -0.3458572 -0.9659259 -0.2129921 -0.1470429 -0.9304816 -0.293695 -0.2189689 -0.9914449 -0.1074146 -0.07415586 0.2588075 -0.7896344 -0.5563239 0.1305291 -0.8158975 -0.5632704 -0.2588186 -0.7948973 -0.5487726 -0.1338841 -0.8051586 -0.5777496 -0.3826829 -0.7602959 -0.5248847 0.7070828 -0.5771358 -0.4085929 0.608761 -0.652881 -0.4507288 0.3826829 -0.7602959 -0.5248847 0.9659008 -0.2088901 -0.1529723 0.9238789 -0.3149262 -0.2174149 0.7933523 -0.500974 -0.3458572 0.9659071 0.2165234 0.1419199 0.9914451 0.107414 0.07415533 0.9914449 -0.1074146 -0.07415586 -0.1313133 0.8158301 0.5631858 -0.1305186 0.8158987 0.5632711 0.131518 0.8157899 0.5631962 0.1305236 0.8159212 0.5632374 0.3703334 0.764406 0.5277659 0.3829479 0.759908 0.525253 0.4875291 0.7185137 0.4960377 0.6087653 0.6528784 0.450727 0.7070947 0.5850576 0.3971458 0.7933568 0.5009694 0.3458538 0.9238793 0.3149255 0.2174145 0 -0.5681098 0.8229528 0 -0.5681319 0.8229376 -9.25476e-7 -0.5681311 0.8229381 0 -0.568131 0.8229382 -2.27796e-6 -0.5681304 0.8229386 0 -0.5681311 0.8229382 0 -0.5681314 0.822938 -2.89363e-6 -0.5681312 0.8229381 2.93591e-7 -0.5681313 0.8229379 0 -0.5681312 0.8229382 0 -0.5681301 0.8229389 0 -0.5681318 0.8229376 9.25476e-7 -0.5681313 0.822938 0 -0.5681318 0.8229377 0 -0.5681226 0.8229441 0.9924914 -0.06948953 0.1006575 0.98078 -0.1081361 0.1624103 0.9495574 -0.1781625 0.2580674 0.8314698 -0.3156374 0.457199 0.8314689 -0.3156365 0.4572014 0.5555765 -0.4723812 0.6842448 0.5555678 -0.4723852 0.6842491 0.1950885 -0.5572146 0.807126 0.195093 -0.5572138 0.8071256 1 0 0 1 -4.48137e-6 0 1 4.63922e-7 0 -0.8369371 0.5458428 -0.03989732 -0.9467681 -0.2821553 -0.1549799 -0.6137462 -0.728681 -0.3038746 -0.8401569 0.5346067 -0.09128129 -0.774567 0.6139097 -0.1521872 -0.439644 0.8412256 -0.3147266 -0.2694243 0.8085305 -0.5231531 -0.1412475 0.9524719 -0.2699009 -0.5371016 -0.8359352 -0.1128469 -0.5156118 -0.84627 -0.1340578 -0.540435 -0.8368611 -0.08714079 -0.4571672 -0.8842787 -0.09512817 -0.3346589 -0.9358913 -0.1100507 -0.3469106 -0.9331278 -0.09447574 -0.2621716 -0.961822 -0.07851433 -0.1799455 -0.9778989 -0.1064586 -0.0158779 -0.9936534 -0.1113594 -0.02979224 0.8769661 -0.479628 -0.03481674 0.8754929 -0.481975 -0.074566 0.8827759 -0.4638391 -0.1055866 0.8821759 -0.4589305 -0.3615872 0.8716099 -0.3309848 -0.3264194 0.8648207 -0.3814913 -0.3259946 0.8658261 -0.379569 -0.2633826 0.8924708 -0.3662317 -0.2509816 0.87953 -0.4042713 -0.4918136 0.8152019 -0.3058846 -0.6555142 0.724524 -0.2129932 -0.7775736 0.6017519 -0.1824116 -0.7459059 0.6326884 -0.208158 -0.761355 0.627454 -0.1632181 -0.7667917 0.6171419 -0.1765404 -0.7653546 0.6196621 -0.1739289 -0.7009235 0.6924836 -0.1708005 -0.7281723 0.6570739 -0.1949849 -0.8285104 0.5467833 -0.1208251 -0.809752 0.5708162 -0.1359069 -0.8326178 0.5526854 -0.0358687 -0.8624956 0.5043908 -0.04112422 -0.9299414 0.3598761 -0.07548844 -0.9074561 0.4176616 -0.04563152 -0.868013 0.495082 -0.03804254 -0.9792674 0.1943046 -0.05728042 -0.9610425 0.2700249 -0.05902522 -0.9891506 0.1324971 -0.06344836 -0.9850292 0.1614804 -0.06034642 -0.978811 0.196433 -0.057819 -0.9878306 0.1442855 -0.05807179 -0.9939306 0.08832561 -0.06558012 -0.9952991 0.07311522 -0.06351381 -0.9971508 0.01624983 -0.07366377 -0.9971181 0.01369529 -0.07461941 -0.9964961 -0.03024017 -0.07798188 -0.9939733 -0.0679351 -0.08603489 -0.9922681 -0.09150719 -0.08384835 -0.985754 -0.1387007 -0.09513866 -0.9802953 -0.1748748 -0.09186887 -0.9686742 -0.223769 -0.1076936 -0.9734291 -0.2055053 -0.1010125 -0.9584315 -0.2663438 -0.1023237 -0.9559156 -0.2740454 -0.1054728 -0.9315094 -0.3472218 -0.1082928 -0.9164628 -0.3798047 -0.1258747 -0.9037567 -0.4132454 -0.1115889 -0.8592101 -0.4975953 -0.1189826 -0.8510156 -0.5089092 -0.1295526 -0.8853492 -0.4510103 -0.112901 -0.7638561 -0.6390522 -0.09020125 -0.7714728 -0.6199535 -0.1431346 -0.7717534 -0.6186891 -0.1470395 -0.805535 -0.5816081 -0.1133385 -0.8288129 -0.5479226 -0.1133579 -0.3663738 -0.9202523 -0.1374989 -0.3032798 -0.9477695 -0.09876489 -0.114755 -0.9832451 -0.141635 -0.1095356 -0.9835786 -0.1434406 -0.1601024 -0.9776394 -0.1363399 -0.1538028 -0.9782973 -0.1388493 -0.203455 -0.9704734 -0.1295662 -0.1966853 -0.9714497 -0.1326661 -0.2437505 -0.9621815 -0.1216247 -0.1361911 -0.973242 -0.1850733 -0.1327187 -0.9734603 -0.1864425 -0.1900081 -0.9655005 -0.1780609 -0.1858992 -0.9659549 -0.179924 -0.2413774 -0.9555866 -0.1690893 -0.2370601 -0.9562668 -0.171337 -0.2890354 -0.9440935 -0.158575 -0.284885 -0.9449342 -0.1610591 -0.3319488 -0.9317662 -0.1470439 -0.04855245 -0.9802801 -0.1915562 0.01052367 -0.9874631 -0.1574991 -0.02733492 -0.9887202 -0.1472586 -0.01286953 -0.9937546 -0.1108437 -0.0523743 -0.9926605 -0.109005 -0.1576652 -0.9587324 -0.2365881 -0.1561769 -0.9588122 -0.2372511 -0.2200707 -0.9486415 -0.2272627 -0.2183567 -0.948827 -0.2281396 -0.2795215 -0.9356779 -0.2153478 -0.2777843 -0.9359589 -0.216372 -0.3345189 -0.9206118 -0.2014228 -0.33292 -0.920952 -0.2025133 -0.3838999 -0.9044073 -0.1861943 -0.3825708 -0.9047522 -0.1872519 -0.4269089 -0.8880921 -0.1704158 -0.6588477 -0.6661846 -0.3494536 -0.1794998 -0.9373967 -0.2984415 -0.1802374 -0.937371 -0.2980775 -0.2508072 -0.9248302 -0.2859807 -0.2517045 -0.924745 -0.2854677 -0.3185946 -0.9085993 -0.2700829 -0.3195638 -0.9084505 -0.269438 -0.3810523 -0.8896666 -0.2515799 -0.3820185 -0.889465 -0.2508266 -0.4368595 -0.8692451 -0.231445 -0.4377814 -0.8690065 -0.2305976 -0.4852588 -0.8486123 -0.2106684 -0.4861223 -0.8483529 -0.2097201 -0.5274567 -0.8281939 -0.1894319 -0.6097682 -0.7294399 -0.3100004 -0.5780879 -0.7470042 -0.328328 -0.5415937 -0.7745047 -0.3268314 -0.469191 -0.8065372 -0.3596632 -0.4750627 -0.8027737 -0.3603746 -0.3933765 -0.8322548 -0.3906496 -0.3989325 -0.8290801 -0.3917643 -0.309939 -0.8540785 -0.4177172 -0.3147663 -0.8516212 -0.4191223 -0.22148 -0.8706341 -0.4392527 -0.2251778 -0.8689433 -0.4407182 -0.1312351 -0.8812338 -0.4540974 0.003286898 -0.855127 -0.5184084 -0.1416887 -0.8489313 -0.5091562 -0.1387706 -0.8503168 -0.5076456 -0.2393494 -0.8369629 -0.4921433 -0.2346315 -0.839372 -0.4903087 -0.3347392 -0.8185417 -0.4668397 -0.3286167 -0.8219884 -0.4651305 -0.4239858 -0.7944685 -0.4348055 -0.4169948 -0.7988609 -0.4335167 -0.5041492 -0.7663442 -0.3981837 -0.4968414 -0.7714843 -0.3974425 -0.5692922 -0.7383684 -0.3615502 -0.6665793 -0.6587628 -0.3488608 -0.5983946 -0.6976268 -0.3940063 -0.606759 -0.6903978 -0.3939474 -0.5259745 -0.7287406 -0.4385066 -0.5346063 -0.7220622 -0.4391153 -0.4420337 -0.7574074 -0.4805626 -0.4503799 -0.7516316 -0.4818797 -0.3484538 -0.7815071 -0.5175198 -0.3558231 -0.7769148 -0.5194163 -0.2485729 -0.7994174 -0.5469399 -0.2542846 -0.7961595 -0.5490623 -0.1467142 -0.8104588 -0.5671259 -0.1502551 -0.8085519 -0.5689175 -0.05569028 -0.8148536 -0.5769855 -0.07293254 -0.8027361 -0.5918577 -0.02067261 -0.8924301 -0.4507122 -0.0729146 -0.923291 -0.3771169 -0.03984433 -0.9197361 -0.3905102 -0.03663575 -0.9400137 -0.3391637 -0.0535885 -0.949199 -0.3100798 -0.0344879 -0.9524465 -0.3027483 -0.03192639 -0.964075 -0.2637047 -0.05397534 -0.9679812 -0.2451511 -0.02953177 -0.9717561 -0.2341325 -0.02733814 -0.9789514 -0.2022543 -0.6285141 0.7333274 -0.2592315 -0.6294896 0.7384951 -0.2415944 -0.6854544 0.665933 -0.2944242 -0.6861311 0.6715764 -0.279659 -0.7523283 0.5615873 -0.3444154 -0.7529898 0.5669914 -0.333957 -0.8091204 0.4371954 -0.3926633 -0.8083073 0.4427154 -0.3881271 -0.8445779 0.3159295 -0.4322924 -0.844471 0.3194471 -0.4299097 -0.868035 0.1615717 -0.4694786 -0.8681994 0.1632048 -0.4686089 -0.8699543 0.002606749 -0.4931254 -0.8701583 0.003517746 -0.4927598 -0.8598075 -0.1017776 -0.5003723 -0.8617862 -0.09749078 -0.4978154 -0.8426615 -0.2069296 -0.4970932 -0.846637 -0.1993862 -0.4934076 -0.8220804 -0.2978547 -0.4852489 -0.8277767 -0.2881547 -0.4814071 -0.7944425 -0.3904036 -0.4652378 -0.8017155 -0.3794434 -0.4618173 -0.7622967 -0.4753947 -0.4392082 -0.7706068 -0.464307 -0.4365595 -0.7282316 -0.5491406 -0.4100286 -0.7368823 -0.538856 -0.408214 -0.6293168 0.7449623 -0.2213408 -0.6117201 0.7562602 -0.2320972 -0.6434726 0.7148703 -0.2736849 -0.4617618 0.8679832 -0.1827058 -0.5785033 0.7707012 -0.2671211 -0.5700162 0.7728453 -0.278912 -0.6118497 0.7212716 -0.3246648 -0.6136723 0.7243507 -0.3142014 -0.6824911 0.6173746 -0.3912221 -0.6835801 0.6198893 -0.3852996 -0.7442466 0.4868313 -0.4572662 -0.7441353 0.4882609 -0.455921 -0.7840483 0.3534061 -0.510267 -0.7840262 0.3527395 -0.510762 -0.8098933 0.1790229 -0.5585908 -0.8094635 0.1764479 -0.5600314 -0.8102052 0.002164721 -0.5861424 -0.8100358 0.001573264 -0.5863783 -0.7987256 -0.1074643 -0.5920211 -0.8014106 -0.1027685 -0.5892196 -0.7808129 -0.2201924 -0.5846765 -0.7861173 -0.2117649 -0.580668 -0.7596632 -0.3183896 -0.567045 -0.7665832 -0.3082993 -0.5632956 -0.7315081 -0.4165274 -0.5398156 -0.7399936 -0.4053779 -0.5367292 -0.6992304 -0.505182 -0.5058341 -0.7087127 -0.4940075 -0.5036696 -0.6655225 -0.5808498 -0.4687145 -0.6751922 -0.5706059 -0.4674661 -0.533909 0.7988104 -0.277206 -0.4926658 0.814585 -0.3061562 -0.5305137 0.7696329 -0.3552752 -0.5324026 0.7711263 -0.3491585 -0.6006483 0.6677489 -0.4396967 -0.6010844 0.668262 -0.4383191 -0.6633288 0.5327312 -0.5255402 -0.6632747 0.5308554 -0.5275028 -0.7049185 0.3879228 -0.5938062 -0.704369 0.3836577 -0.5972195 -0.7310327 0.1932626 -0.6544011 -0.7294505 0.1868692 -0.6580136 -0.7287554 3.67768e-4 -0.684774 -0.728032 -0.001631379 -0.6855413 -0.7163946 -0.1127001 -0.6885329 -0.7197963 -0.1077995 -0.6857643 -0.6987053 -0.2328469 -0.6764563 -0.7053442 -0.2239212 -0.6725689 -0.6780908 -0.3389343 -0.652163 -0.6860913 -0.328892 -0.648929 -0.6508125 -0.4427487 -0.6167793 -0.660251 -0.4319079 -0.61443 -0.6199467 -0.5349541 -0.5740125 -0.6302551 -0.5242229 -0.5726857 -0.5881229 -0.6124225 -0.528252 -0.5984264 -0.6027154 -0.5278447 -0.5250253 0.7037141 -0.4786806 -0.522453 0.6747891 -0.5212509 -0.5637692 0.5732925 -0.5945588 -0.5631551 0.5695825 -0.5986921 -0.6038835 0.4179008 -0.6787369 -0.6023936 0.4116922 -0.6838359 -0.6279289 0.2034615 -0.751205 -0.62517 0.1951952 -0.7556861 -0.6230608 -0.002635598 -0.782169 -0.621948 -0.005224347 -0.7830412 -0.6108962 -0.1169055 -0.783032 -0.6148348 -0.1120886 -0.78065 -0.5948179 -0.2436445 -0.7660477 -0.6022971 -0.2349372 -0.7629172 -0.576186 -0.3576518 -0.7349116 -0.5847163 -0.3482744 -0.7326744 -0.5516244 -0.4668655 -0.6911925 -0.5613885 -0.4569492 -0.6899569 -0.524146 -0.5623482 -0.6395588 -0.5345817 -0.5526791 -0.6393499 -0.4960756 -0.6414866 -0.5851529 -0.506322 -0.6328629 -0.5857667 -0.07270312 -0.5088127 -0.8578018 -0.06146723 -0.690485 -0.7207304 -0.05251646 -0.6967514 -0.7153878 -0.05555105 -0.6379832 -0.7680439 -0.07049578 -0.6121848 -0.7875661 -0.05610179 -0.5915184 -0.8043374 -0.05864578 -0.5267893 -0.8479704 -0.0778321 0.464716 -0.8820325 -0.06465816 0.421882 -0.9043423 -0.06662541 0.2714813 -0.9601349 -0.08312451 0.2065449 -0.9748998 -0.06556808 0.1264801 -0.9897999 -0.06472742 -0.01451885 -0.9977974 -0.06848734 -0.006538808 -0.9976307 -0.05720609 -0.09940671 -0.9934011 -0.07222908 -0.118877 -0.9902784 -0.06307095 -0.1740212 -0.98272 -0.06157892 -0.255541 -0.9648352 -0.05599826 -0.2612002 -0.9636591 -0.06630903 -0.387777 -0.9193651 -0.06132763 -0.3930476 -0.9174707 -0.05911809 -0.4691891 -0.8811168 -0.400752 -0.6585655 -0.6369376 -0.3915027 -0.6656217 -0.635353 -0.4235923 -0.5768744 -0.6984165 -0.4140248 -0.5849154 -0.697465 -0.4452875 -0.4781662 -0.7570179 -0.4361748 -0.4865422 -0.7569863 -0.4642653 -0.364548 -0.8071943 -0.4561074 -0.3726302 -0.8081539 -0.4786548 -0.2437434 -0.8434919 -0.471212 -0.2515111 -0.8454002 -0.4883053 -0.1151949 -0.8650366 -0.4842863 -0.1195603 -0.8667019 -0.4937046 -0.008613526 -0.869587 -0.4949769 -0.005969405 -0.8688856 -0.4979442 0.2012789 -0.8435274 -0.5014863 0.2098999 -0.8393175 -0.4794302 0.4348351 -0.7622762 -0.4818266 0.4417573 -0.7567653 -0.4456976 0.6016657 -0.6628364 -0.4471081 0.6062035 -0.6577323 -0.4108817 0.7095761 -0.5724318 -0.4116299 0.7121203 -0.5687229 -0.2860571 -0.6778549 -0.6772623 -0.278769 -0.6830222 -0.6751064 -0.3021776 -0.5948621 -0.7448678 -0.2945555 -0.6008485 -0.7431138 -0.317429 -0.4937611 -0.8095918 -0.310084 -0.5000972 -0.8085487 -0.3307705 -0.3762694 -0.8654549 -0.3240506 -0.3825246 -0.865255 -0.3408454 -0.249573 -0.9063873 -0.3344806 -0.2558271 -0.9070146 -0.3470811 -0.1169656 -0.9305126 -0.3436166 -0.1204798 -0.9313496 -0.3505294 -0.01173388 -0.9364783 -0.3518858 -0.009059607 -0.9359991 -0.3548502 0.2040721 -0.9123793 -0.3587677 0.2125787 -0.9088984 -0.3422998 0.4506219 -0.8244821 -0.3453654 0.4577167 -0.8192791 -0.3175377 0.6242576 -0.7137733 -0.3196883 0.6291669 -0.7084833 -0.2918649 0.7341673 -0.6130361 -0.2932741 0.7372011 -0.6087076 -0.156474 0.8718274 -0.4641476 -0.1430836 0.8779247 -0.4569193 -0.1848546 0.8760249 -0.4454317 -0.241232 0.8667731 -0.4364764 -0.2419964 0.867086 -0.4354305 -0.3420712 0.8440999 -0.4128954 -0.3417422 0.8439617 -0.41345 -0.1683344 -0.6899863 -0.7039762 -0.1637661 -0.693117 -0.7019754 -0.1774261 -0.6060031 -0.7754227 -0.1726123 -0.6096863 -0.77362 -0.1859576 -0.5032426 -0.8438997 -0.181281 -0.5072056 -0.8425436 -0.1933805 -0.383177 -0.903205 -0.1890084 -0.3871948 -0.9024168 -0.1989003 -0.2525273 -0.946926 -0.1945317 -0.2567907 -0.9466868 -0.2018591 -0.1176805 -0.9723191 -0.199571 -0.1200015 -0.9725076 -0.2035777 -0.01452064 -0.9789511 -0.2048931 -0.01190245 -0.978712 -0.2070116 0.2034631 -0.9569478 -0.2107231 0.2112356 -0.9544504 -0.2009288 0.4584756 -0.8656949 -0.2040897 0.4650012 -0.8614646 -0.1869159 0.6368103 -0.7480208 -0.1893598 0.6414767 -0.7434048 -0.1720763 0.7483211 -0.6406288 -0.1738776 0.7513782 -0.6365512 -0.4211888 0.8424878 -0.3358785 -0.4181007 0.8378588 -0.3509766 -0.4395898 0.8110842 -0.3858798 -0.4408649 0.8117368 -0.3830425 -0.4858178 0.7454622 -0.4563631 -0.3800812 0.7811821 -0.4952704 -0.3797622 0.7800975 -0.497221 -0.2698619 0.8061465 -0.5265952 -0.2690275 0.8044955 -0.5295388 -0.1600486 0.8206521 -0.5485569 -0.1587968 0.8187829 -0.5517047 -0.05668538 0.8261078 -0.5606538 -0.02812379 0.7565681 -0.6533099 -0.05433112 0.7792744 -0.6243234 -0.0598061 0.6446567 -0.7621293 -0.05945402 0.6440605 -0.7626607 -0.06352394 0.5300154 -0.8456054 -0.9916695 0.02080613 -0.1271169 -0.9908469 -0.005454063 -0.1348806 -0.9869115 -0.07344245 -0.143569 -0.9870452 -0.07244521 -0.1431555 -0.977427 -0.1480004 -0.1507731 -0.9779707 -0.1453992 -0.1497743 -0.9637359 -0.2171568 -0.1551001 -0.9600431 0.2733142 -0.06013911 -0.9565741 0.2821155 -0.07332807 -0.9733644 0.2117546 -0.08787429 -0.9688054 0.2364013 -0.07436931 -0.9832456 0.1588431 -0.08942627 -0.9803599 0.1811725 -0.07791733 -0.9910021 0.09621727 -0.09304463 -0.9899812 0.112594 -0.08520406 -0.9948219 0.01453197 -0.1005905 -0.9949529 0.01963263 -0.09840375 -0.9913993 -0.07034093 -0.1103616 -0.9914645 -0.06977277 -0.110136 -0.9826346 -0.1430276 -0.118206 -0.9830206 -0.140979 -0.1174545 -0.9695029 -0.2115546 -0.1237296 -0.9706297 -0.2072131 -0.1222323 -0.9510954 -0.2814443 -0.1273058 -0.9234146 0.3813648 -0.04320091 -0.914911 0.3982142 -0.06605547 -0.9419972 0.3251998 -0.08298486 -0.9365423 0.3367949 -0.09725189 -0.9577397 0.2640157 -0.1141505 -0.9522443 0.2891061 -0.09822744 -0.9722082 0.202959 -0.1167002 -0.9687104 0.2256648 -0.103323 -0.9845018 0.1254619 -0.1225374 -0.9833012 0.1422268 -0.1135362 -0.9901161 0.05890601 -0.1272802 -0.782669 0.6162383 -0.08763426 -0.8429261 0.5244812 -0.1199801 -0.8575679 0.5044762 -0.1004048 -0.859741 0.5062929 -0.06717896 -0.8407195 0.5391126 -0.05048078 -0.8939273 0.441716 -0.07603269 -0.8864526 0.4540108 -0.08986681 -0.9157654 0.3869551 -0.1078876 -0.9080833 0.400541 -0.1222773 -0.9349902 0.3247779 -0.1425225 -0.9288947 0.3488268 -0.1243971 -0.9558785 0.2541635 -0.1473002 -0.822085 -0.4827859 -0.3018181 -0.8157106 -0.4921122 -0.3040426 -0.8537939 -0.4123815 -0.3177696 -0.8478907 -0.422273 -0.320573 -0.8823147 -0.3345826 -0.3310216 -0.8773618 -0.3442319 -0.3342766 -0.9056037 -0.2532737 -0.3401978 -0.9020221 -0.2614915 -0.3434799 -0.9220456 -0.1765555 -0.3444709 -0.9200589 -0.1819213 -0.3469818 -0.9352945 -0.08748167 -0.3428865 -0.9343547 -0.09065353 -0.3446204 -0.9421585 0.003150165 -0.3351533 -0.9417109 -2.43005e-4 -0.3364234 -0.9396128 0.129655 -0.3167296 -0.9394327 0.1203982 -0.3208901 -0.9227567 0.2490701 -0.2940819 -0.9238573 0.2371414 -0.3004193 -0.8977109 0.3470246 -0.2714575 -0.9005097 0.3324684 -0.2802628 -0.8586102 0.4519235 -0.2419793 -0.8607408 0.4384105 -0.2586925 -0.8071059 0.5501244 -0.2143437 -0.8106483 0.536319 -0.234971 -0.7593863 0.6207036 -0.1950888 -0.7582896 0.6237507 -0.1895573 -0.6967931 0.689974 -0.1959984 -0.807388 0.5705275 -0.1504098 -0.8050905 0.5764498 -0.1397677 -0.8339934 0.5285686 -0.1583361 -0.8197565 0.5458331 -0.1733947 -0.8615851 0.464599 -0.2044969 -0.8562692 0.4829105 -0.1833047 -0.9011064 0.374071 -0.2192674 -0.8977404 0.3915867 -0.201797 -0.9313772 0.2802823 -0.2323325 -0.9280709 0.2982705 -0.2229782 -0.9486866 0.1983716 -0.2462568 -0.9472617 0.213064 -0.2393721 -0.9601675 0.09907931 -0.2612698 -0.9601816 0.1102484 -0.2567036 -0.9618355 -0.002728402 -0.2736151 -0.9622184 0.001063823 -0.272277 -0.9556319 -0.08563411 -0.2818413 -0.9562481 -0.08305895 -0.2805193 -0.9428285 -0.1711452 -0.285979 -0.9442209 -0.1667128 -0.2839959 -0.9261465 -0.2467664 -0.2852352 -0.9289621 -0.2393837 -0.2823562 -0.9031609 -0.3255853 -0.2798119 -0.9071933 -0.3167943 -0.2768428 -0.8753733 -0.4006286 -0.270589 -0.8802661 -0.3915885 -0.267937 -0.8445959 -0.4687055 -0.2587915 -0.8499664 -0.4601267 -0.2565947 -0.68317 0.7010396 -0.2045049 -0.6718452 0.708276 -0.2167235 -0.6986859 0.6742317 -0.239269 -0.6971921 0.6828196 -0.2183589 -0.7518734 0.6039162 -0.2645216 -0.7505672 0.6131966 -0.2462496 -0.8114639 0.501478 -0.3000774 -0.8108785 0.510616 -0.2859153 -0.8604437 0.3853203 -0.3334143 -0.8586121 0.395325 -0.3263491 -0.8900744 0.2768573 -0.3621016 -0.889514 0.2846542 -0.3574028 -0.9098438 0.1418019 -0.38997 -0.9101327 0.1474474 -0.3871925 -0.9123221 0.001761496 -0.4094695 -0.9127119 0.004018008 -0.4085841 -0.9036077 -0.0960859 -0.4174453 -0.9049972 -0.0923264 -0.4152781 -0.8877837 -0.1939873 -0.4173839 -0.8906396 -0.1875064 -0.4142496 -0.868376 -0.2786408 -0.4102225 -0.872928 -0.2696062 -0.4065827 -0.8420651 -0.3659818 -0.3962118 -0.8481109 -0.3555761 -0.3927767 -0.8110209 -0.4473817 -0.3769545 -0.8180852 -0.4367721 -0.3741214 -0.7776237 -0.5191498 -0.3546615 -0.7851213 -0.5092149 -0.3525405 -0.9207931 -0.3571791 -0.1567267 -0.9235746 -0.3507925 -0.1547732 -0.8934627 -0.4216553 -0.1546981 -0.8966633 -0.4154682 -0.1529095 -0.8464761 -0.5107767 -0.150285 -0.8509453 -0.5042424 -0.1470775 -0.7772217 -0.6135596 -0.139539 -0.7817296 -0.6083886 -0.1369753 -0.7031469 -0.6996623 -0.1267173 -0.7074632 -0.6956792 -0.1246054 -0.6266947 -0.7710559 -0.1128127 -0.630783 -0.767982 -0.1109809 -0.5462747 -0.8318608 -0.09793728 -0.9651564 -0.2120665 -0.1532995 -0.9445778 -0.2883133 -0.1569981 -0.9528799 -0.2761338 -0.1255791 -0.9299423 -0.3443744 -0.1288945 -0.9187265 -0.3766918 -0.1185113 -0.9041215 -0.4077196 -0.127786 -0.855099 -0.5022771 -0.1285444 -0.8588612 -0.4965589 -0.1256451 -0.7854613 -0.6065914 -0.1228718 -0.7895417 -0.6017816 -0.1203449 -0.7345433 -0.6684721 -0.1165817 -0.7080386 -0.6958343 -0.1203992 -0.7014207 -0.7039082 -0.1119036 -0.6338946 -0.766313 -0.1046041 -0.636626 -0.7614547 -0.1220419 -0.5828034 -0.8080173 -0.08630347 -0.5604872 -0.8169142 -0.1360343 -0.4272168 -0.8971149 -0.1125646 -0.4239999 -0.8985412 -0.1133492 -0.3519058 -0.9322669 -0.08390963 -0.2189981 -0.9710088 -0.09582155 -0.2584566 -0.9616738 -0.0915634 -0.2916879 -0.9497843 -0.1132606 -0.3382415 -0.9362415 -0.09510284 -0.3974338 -0.9091141 -0.1247312 -0.4019578 -0.9072458 -0.123835 -0.8275428 -0.528174 -0.1902769 -0.8050454 -0.5593918 -0.1974406 -0.7474599 -0.6385797 -0.1830839 -0.7531552 -0.6326143 -0.1804339 -0.6760972 -0.7193049 -0.1596658 -0.6805648 -0.7154664 -0.1579222 -0.6042576 -0.7849611 -0.1367806 -0.6072767 -0.7828127 -0.1357178 -0.5237873 -0.8443788 -0.1125677 -0.7469522 -0.6089437 -0.2669271 -0.75303 -0.6019437 -0.2657247 -0.693632 -0.6791309 -0.2401164 -0.7011142 -0.6723465 -0.2374641 -0.625312 -0.7533161 -0.2037153 -0.630318 -0.7495238 -0.2022705 -0.5585918 -0.8117581 -0.1703649 -0.707956 -0.6361935 -0.3066859 -0.7148754 -0.6288806 -0.3057164 -0.6549685 -0.7045912 -0.2730706 -0.6635108 -0.6975386 -0.2705429 -0.588925 -0.7750412 -0.2290819 -0.2023105 -0.9050536 -0.374097 -0.2055932 -0.905048 -0.3723166 -0.2831552 -0.8900233 -0.3573259 -0.2869588 -0.8897729 -0.354907 -0.3598073 -0.8704482 -0.3359443 -0.3636829 -0.8699523 -0.3330435 -0.4300189 -0.8475005 -0.3111701 -0.4336171 -0.8468332 -0.3079766 -0.4922631 -0.8226806 -0.2843832 -0.4953738 -0.8219495 -0.2810764 -0.5458003 -0.7975513 -0.2569324 -0.5483351 -0.7968626 -0.2536509 -0.5943194 -0.7712893 -0.2278102 -0.5254457 -0.8293765 -0.1898458 -0.5608457 -0.8103232 -0.1697896 -0.05399507 -0.8391103 -0.541275 -0.03872704 -0.8860784 -0.4619147 -0.1335107 -0.8802791 -0.4552842 -0.1199968 -0.9149154 -0.385397 -0.1222756 -0.9150579 -0.3843408 -0.1067965 -0.9457362 -0.3068838 -0.1072815 -0.9457486 -0.306676 -0.09400057 -0.9654779 -0.2429327 -0.09294635 -0.9654776 -0.2433396 -0.08129239 -0.9784391 -0.1898648 -0.0789017 -0.9784757 -0.190683 -0.06852829 -0.9870157 -0.1452715 -0.06499642 -0.9870989 -0.1463261 -0.05620235 -0.9923816 -0.1096365 -0.09445959 -0.9896994 -0.1075764 -0.1042922 -0.9890199 -0.1047032 -0.133558 -0.9853329 -0.1062138 -0.1422741 -0.9842815 -0.1046332 -0.1703034 -0.9801636 -0.101372 -0.1983182 -0.9760243 -0.08970296 -0.2370704 -0.9633997 -0.1251347 -0.2800734 -0.9533147 -0.1129162 -0.3282657 -0.9326654 -0.1495891 -0.3693771 -0.9194095 -0.1350812 -0.4259385 -0.8883825 -0.1713274 -0.4622235 -0.8730671 -0.1552528 -0.4635369 -0.872416 -0.1549964 -0.492392 -0.859004 -0.1402229 -0.492898 -0.8587337 -0.1401004 -0.5158187 -0.8472864 -0.1266366 -0.5872539 -0.7950528 -0.1517362 -0.5846665 -0.7968074 -0.1525232 -0.6587791 -0.7307726 -0.1788336 -0.6540945 -0.734579 -0.1804281 -0.7305983 -0.6505756 -0.2073101 -0.7240847 -0.656968 -0.2099868 -0.7825944 -0.5786675 -0.2295432 -0.7773001 -0.5852374 -0.2308721 -0.951991 0.276095 -0.1322295 -0.9668572 0.2089883 -0.1466664 -0.9765549 0.1559713 -0.1483696 -0.9774805 0.1464289 -0.1519563 -0.9840674 0.06363689 -0.1660168 -0.9839401 0.07367384 -0.1625856 -0.9846695 -0.006375968 -0.1743139 -0.9848293 -0.003718733 -0.1734862 -0.9801804 -0.07702589 -0.1825199 -0.9804174 -0.07555329 -0.1818613 -0.9697944 -0.1542667 -0.1889466 -0.9705421 -0.151094 -0.1876659 -0.9553341 -0.2247442 -0.1919038 -0.957112 -0.2189126 -0.1897735 -0.9351587 -0.297787 -0.1918364 -0.9378383 -0.2907661 -0.1895111 -0.9102963 -0.3682218 -0.1891385 -0.9136503 -0.3609644 -0.1869435 -0.882044 -0.4335764 -0.184418 -0.885843 -0.4265995 -0.1824697 -0.8340262 -0.5229143 -0.175958 -0.8393446 -0.5155264 -0.1724336 -0.7648448 -0.6241343 -0.1595896 -0.7698778 -0.6185826 -0.1569837 -0.6921718 -0.7076836 -0.1417113 -0.6965224 -0.7037847 -0.1397986 -0.6180336 -0.7763955 -0.1234692 -0.6215619 -0.7737978 -0.1220575 -0.544297 -0.8322145 -0.1056407 -0.5250262 -0.8425253 -0.1204109 -0.4530237 -0.8860627 -0.09829723 -0.45332 -0.885917 -0.09824544 -0.3945529 -0.9151688 -0.08242636 -0.3626563 -0.9269895 -0.09576463 -0.8477771 0.5183549 -0.1121703 -0.8474174 0.518752 -0.1130499 -0.8800976 0.4557213 -0.1332162 -0.8694984 0.471266 -0.1479225 -0.9034007 0.3924323 -0.1728125 -0.8972927 0.4141295 -0.1528487 -0.9327137 0.3116168 -0.1814946 -0.9288217 0.3317637 -0.1649945 -0.9543513 0.2312713 -0.1890165 -0.9511311 0.2507435 -0.1802147 -0.966469 0.1627172 -0.1986477 -0.9650472 0.1781252 -0.1922374 -0.9744514 0.0801171 -0.2098231 -0.9743642 0.09085357 -0.2058162 -0.9754971 -0.004789471 -0.2199602 -0.9757503 -0.001526534 -0.2188813 -0.9702238 -0.08109086 -0.2282328 -0.9706152 -0.0790857 -0.2272701 -0.9587334 -0.1619489 -0.2336724 -0.9597535 -0.158172 -0.2320667 -0.9432736 -0.2345559 -0.2349867 -0.9455063 -0.2279562 -0.2324945 -0.9218159 -0.3101341 -0.232535 -0.9250954 -0.3022411 -0.2298886 -0.8956013 -0.3826343 -0.2269129 -0.8996486 -0.3744891 -0.2244779 -0.8661792 -0.449195 -0.2189921 -0.8706926 -0.441417 -0.2169 -0.8372751 -0.5048147 -0.2100774 -0.8116356 -0.5301603 -0.2453118 -0.8171192 -0.5224814 -0.2435764 -0.7817701 -0.554188 -0.285852 -0.7881754 -0.5459117 -0.2841829 -0.7429571 -0.5818517 -0.3308526 -0.7503681 -0.5731137 -0.3293761 -0.6934336 -0.6123918 -0.3796397 -0.7018392 -0.6034374 -0.3785302 -0.6316074 -0.6445267 -0.4308799 -0.6408383 -0.6357088 -0.4303496 -0.5565266 -0.676409 -0.4824409 -0.5661976 -0.668159 -0.4826841 -0.4684741 -0.7057676 -0.5314359 -0.4779465 -0.6985386 -0.5325515 -0.369473 -0.7303059 -0.5745809 -0.3779149 -0.72448 -0.5764626 -0.2633148 -0.7483003 -0.6088612 -0.2699133 -0.7440977 -0.6111183 -0.1550601 -0.7590994 -0.6322377 -0.1591677 -0.7565999 -0.6342101 -0.04236131 -0.7634605 -0.644464 -0.0377351 -0.7659355 -0.6418091 0.5548735 0.8312628 0.0334329 0.5525315 0.8327892 0.03422313 0.5559788 0.8299953 0.04467129 0.5651807 0.8239117 0.04171764 0.5559161 0.8296102 0.0520032 0.5761965 0.8147481 0.06467795 0.5659229 0.8208138 0.07743382 0.5520353 0.829326 0.08646088 0.593724 0.800943 0.07734632 0.5883047 0.8009007 0.111605 0.6151089 0.781925 0.1011663 0.5953501 0.7929354 0.1296607 0.6095241 0.7833767 0.121661 0.6234191 0.768139 0.1459842 0.6226902 0.7650333 0.1642594 0.6328133 0.757768 0.1591695 0.6430567 0.7432759 0.1844426 0.6479122 0.7331381 0.2066845 0.6516738 0.7303216 0.2048211 0.6609093 0.7132413 0.2334218 0.6628527 0.7046375 0.2532042 0.6769435 0.695069 0.2421291 0.6595141 0.7001884 0.2734546 0.6364513 0.7123117 0.2958748 0.7139046 0.6402608 0.2835602 0.6588642 0.6745067 0.3330748 0.6883131 0.654417 0.3129913 0.6665697 0.6510724 0.3630285 0.7091743 0.6133882 0.3476012 0.6401329 0.6520713 0.4062426 0.7375708 0.5506051 0.3909263 0.6873676 0.5961116 0.4149419 0.657566 0.5825634 0.4777311 0.6825094 0.5601032 0.4695374 0.6336814 0.5577241 0.5360894 0.6670309 0.525927 0.5277033 0.6127753 0.5320697 0.5843017 0.6276603 0.5213704 0.5781138 0.602963 0.5009496 0.6208745 0.5854638 0.5034561 0.6354244 0.5756868 0.472011 0.6676754 0.5621885 0.4748614 0.67709 0.5120028 0.4703846 0.718743 0.5417715 0.442405 0.7146758 0.4594367 0.4646865 0.7569574 0.4728891 0.4551557 0.7544594 0.4268068 0.4378589 0.7912746 0.3929369 0.4475905 0.8032829 0.3640576 0.4176149 0.8325021 0.33791 0.4269126 0.8387864 0.264341 0.4268879 0.8648066 0.2933977 0.3973785 0.8694874 0.1852181 0.4390701 0.8791541 0.2036785 0.4232469 0.8828235 0.1341543 0.4150936 0.8998334 0.09423899 0.4323746 0.8967561 0.05348926 0.4016039 0.9142501 0.01891428 0.4159122 0.9092081 -0.3065466 0.951807 -0.009629189 -0.7047426 0.7087566 -0.03165686 -0.05624687 0.9983707 0.009601891 0.3798618 0.9246808 0.0258966 0.007681906 0.9340026 0.3571839 -0.002753496 0.9883911 -0.1519069 -0.01845568 0.9883258 -0.1512328 0.1714649 0.6360239 0.7523786 0.08020436 0.6354969 0.7679265 0.08010405 0.6342575 0.7689609 0.01618003 0.6348637 0.7724549 0.01615208 0.6347959 0.7725111 -0.04884052 0.984501 -0.1684418 -0.03297406 0.9880661 -0.1504594 -0.01839762 0.9880622 -0.1529535 0.221391 0.7080617 0.6705481 0.2563381 0.639962 0.7243891 0.1714445 0.6392521 0.7496422 -0.04253256 0.9873347 -0.1528438 -0.06454747 0.9871283 -0.1463261 -0.06594198 0.9859738 -0.1533216 -0.08897149 0.985656 -0.1434099 -0.09222954 0.9838081 -0.1536732 0.2813212 0.6465886 0.709071 0.3308249 0.6467989 0.6871726 0.3289161 0.6553508 0.6799482 0.3946136 0.6567409 0.6426286 0.4107537 0.7174863 0.5625787 0.447803 0.6705688 0.5914473 0.3905214 0.668794 0.6326197 -0.1098928 0.9835106 -0.143633 -0.1338102 0.9768221 -0.1670734 -0.1293656 0.9803379 -0.1490036 -0.1471723 0.9796906 -0.1361861 -0.1568523 0.9757158 -0.1528925 -0.1808357 0.9746362 -0.1318442 -0.1947873 0.969136 -0.1511069 -0.2124047 0.9681466 -0.132577 -0.2514424 0.9550864 -0.1568015 -0.2431522 0.959892 -0.139586 -0.2561116 0.9587441 -0.1233562 -0.2764909 0.9502981 -0.1431308 -0.2916862 0.9488362 -0.1209508 -0.3139083 0.9391287 -0.1396387 -0.3263124 0.9377906 -0.1186131 -0.3498965 0.926858 -0.1360396 -0.358502 0.9258757 -0.1192919 -0.3754548 0.9174446 -0.1316407 0.4557549 0.6866084 0.566442 0.4834203 0.6875931 0.5417756 0.4730243 0.7057357 0.5274328 0.5094427 0.70799 0.4890995 0.4949724 0.7287133 0.4732646 0.5235081 0.7310512 0.4376112 0.5069214 0.7513371 0.4225202 0.5305555 0.7536481 0.3879764 0.5114744 0.7740378 0.3731749 0.5300083 0.7760775 0.3417528 0.5091097 0.795881 0.3276901 0.5219824 0.7974517 0.3026636 0.5064923 0.8112013 0.2922635 0.515011 0.8122367 0.2739258 0.4605186 0.8550524 0.2383446 -0.3797675 0.9169527 -0.1223701 -0.4219884 0.8968499 -0.1326129 -0.4159811 0.9002206 -0.1286962 -0.4214032 0.8995733 -0.1148366 -0.4521682 0.882448 -0.1297291 -0.4561254 0.8820706 -0.1179041 -0.4655842 0.8762424 -0.1242204 -0.469044 0.8758898 -0.1132027 -0.5024643 0.8553686 -0.1259933 -0.5066296 0.8551045 -0.1101034 -0.5390634 0.8335856 -0.1206061 -0.5428012 0.8334847 -0.1032962 -0.5718086 0.8128068 -0.1112664 -0.5743916 0.8128402 -0.09677392 -0.5883103 0.802302 -0.101009 0.4921426 0.8357783 0.2434549 0.5025029 0.836916 0.2169394 0.472122 0.8576877 0.2036488 0.4785049 0.858447 0.1846673 0.4689189 0.8649814 0.1786685 0.475216 0.8654742 0.1585069 0.4401976 0.8859268 0.1461504 0.4476719 0.8864189 0.117693 0.4126769 0.9045705 0.1070056 0.417384 0.9047147 0.08533477 0.3850212 0.9197067 0.07680284 0.3873364 0.9197255 0.06384098 0.3713032 0.9266213 0.0592184 0.3732111 0.9265531 0.04704338 0.3458803 0.9373481 0.04177737 0.3472159 0.9372864 0.0305832 0.3303508 0.943444 0.02796363 0.3306938 0.9434343 0.02394598 0.32586 0.9451346 0.02314871 0.3257157 0.9451276 0.02535951 0.1332951 0.9909844 0.013502 -0.1785607 0.9839252 -0.002753138 -0.1777633 0.9839628 -0.01475363 -0.1727576 0.9848532 -0.01480185 -0.1720999 0.9848224 -0.02250593 -0.1543506 0.9877792 -0.02164292 -0.1538544 0.987756 -0.02582561 -0.1245929 0.9919315 -0.02342081 -0.124834 0.9919361 -0.02189475 -0.106959 0.9940422 -0.02097392 -0.1076072 0.9940428 -0.01731348 -0.07143896 0.9973634 -0.01276022 -0.07311487 0.997311 -0.005003571 -0.03309428 0.999451 0.001591801 -0.0364775 0.9992293 0.01450544 0.004485547 0.9997226 0.02312576 9.50137e-4 0.9994104 0.03432327 0.01387047 0.9992814 0.03527849 0.01041632 0.9989043 0.04562723 0.04782962 0.9973118 0.05551105 0.04200667 0.9966378 0.07034641 0.07982796 0.9933958 0.08241605 0.07373499 0.992691 0.09553945 0.09558689 0.9901698 0.1021134 0.08976322 0.9894782 0.1134707 0.1189886 0.9850001 0.1249663 0.1115978 0.984196 0.1374927 0.1394934 0.9787439 0.1503399 0.1303262 0.9778593 0.1637265 0.1561414 0.9716153 0.1777179 0.1463686 0.9708265 0.1899267 0.170506 0.9637076 0.205415 0.1576164 0.9629103 0.2189996 0.1767487 0.9561551 0.2335114 0.1599058 0.955394 0.2482995 0.1741932 0.9494349 0.2612088 0.1522191 0.9487382 0.2769934 0.1623297 0.9437168 0.2881801 0.1347141 0.9431418 0.3038679 0.1409324 0.9394405 0.3123933 0.1076024 0.9389691 0.3267396 0.1110048 0.9364367 0.3328129 0.07394939 0.9361231 0.3438099 0.07545948 0.9346602 0.3474424 0.03536021 0.9344426 0.354354 0.03575366 0.9338599 0.3558477 0.007720053 0.9340296 0.3571124 -0.00279361 0.9884042 -0.1518206 -0.5896249 0.8023326 -0.0927633 -0.6385058 0.7641857 -0.09127372 -0.6142116 0.7844757 -0.08568674 -0.616455 0.7845638 -0.06665533 -0.6301897 0.7733828 -0.06884807 -0.6319192 0.7734865 -0.04895943 -0.6357082 0.7703308 -0.04965633 -0.6371404 0.7702423 -0.02790933 -0.5079017 0.8613158 -0.01308709 -0.710604 0.6996139 -0.07471501 -0.64848 0.7568355 -0.08169442 -0.2404224 0.9243184 -0.2963658 -0.007172286 0.9312051 -0.3644251 -0.01983064 0.9322515 -0.3612672 -0.04112929 0.9291771 -0.3673396 -0.06393671 0.9317767 -0.3573577 -0.07208555 0.9307439 -0.3584962 -0.1044019 0.9279657 -0.3577428 -0.0954129 0.9299929 -0.3549784 -0.1420803 0.9259831 -0.3498124 -0.2155427 0.9292563 -0.3000402 -0.2132449 0.9190149 -0.3315693 -0.2136857 0.9051087 -0.3675822 -0.1618846 0.9423893 -0.2927389 -0.1393253 0.9295086 -0.341471 -0.278457 0.9129885 -0.2981842 -0.370213 0.8912439 -0.261967 -0.3564459 0.8921322 -0.2775723 -0.355534 0.8919478 -0.2793294 -0.3272646 0.903991 -0.275133 -0.3027459 0.9109982 -0.2800487 -0.441365 0.8712499 -0.2147574 -0.4110479 0.8812085 -0.2334765 -0.3980305 0.8811828 -0.2551251 -0.4273116 0.86794 -0.2531504 -0.428571 0.8679386 -0.2510173 -0.5302887 0.8229888 -0.2036748 -0.5308296 0.8232424 -0.2012261 -0.5551288 0.8095387 -0.1909955 -0.5892581 0.786063 -0.1867623 -0.5897076 0.7858601 -0.1861959 -0.7083559 0.7043576 -0.0459603 -0.6899806 0.7236226 -0.01723927 -0.7011941 0.7126461 -0.02150541 -0.5842447 0.795934 -0.1585791 -0.6353461 0.7581151 -0.1469589 -0.6351795 0.758292 -0.1467657 -0.6840121 0.7189754 -0.1232964 -0.6849367 0.7174687 -0.1268879 -0.7227692 0.6833785 -0.1029493 -0.7199433 0.6851272 -0.1108267 -0.7296839 0.6764814 -0.09967106 -0.7298287 0.6734846 -0.11734 -0.7532135 0.6528435 -0.08040475 -0.7684957 0.6323313 -0.09783369 -0.7773095 0.6262469 -0.06003916 -0.7783334 0.6248812 -0.06099909 -0.8130679 0.5809201 -0.03811466 -0.5902813 0.7851133 -0.187524 -0.6899347 0.6891763 -0.2214186 -0.616415 0.7678484 -0.1744742 -0.6153025 0.7685898 -0.1751363 -0.6101661 0.7715919 -0.1798427 -0.6349644 0.7545966 -0.1655424 -0.6327926 0.7524706 -0.1826516 -0.6698291 0.726786 -0.1520237 -0.6751469 0.7177604 -0.1702845 -0.7181087 0.681829 -0.1393883 -0.7198864 0.6794752 -0.1416936 -0.7582864 0.6391975 -0.1281727 -0.7491793 0.65226 -0.1152716 -0.5163143 0.8243213 -0.2321941 -0.5405286 0.8129522 -0.2166515 -0.5408723 0.813736 -0.2128167 -0.5750678 0.7895026 -0.2144356 -0.5944585 0.7772314 -0.2062293 -0.41374 0.8653123 -0.2829379 -0.4297816 0.8645964 -0.2603094 -0.41791 0.8756788 -0.2419461 -0.5347054 0.794918 -0.2866982 -0.4737224 0.8480166 -0.2376026 -0.4792464 0.8466967 -0.2311445 -0.4740907 0.8510019 -0.2259067 -0.4835948 0.8507495 -0.2058184 -0.3858601 0.8756681 -0.2903747 -0.3547823 0.8926007 -0.2781972 -0.3440685 0.8868393 -0.308436 -0.2786363 0.9109496 -0.3041918 -0.2815082 0.9081044 -0.3099991 -0.2806304 0.9085181 -0.3095827 -0.1362512 0.9277009 -0.3475725 -0.1850458 0.9219142 -0.3403416 -0.1994682 0.924232 -0.3255887 -0.2241186 0.9167217 -0.3307452 -0.2507893 0.9113373 -0.3264492 -0.3746626 0.9266727 -0.03009557 -0.7077757 0.7034848 -0.06452006 -0.7222487 0.6897808 -0.05059111 -0.7449641 0.6652922 -0.04914247 -0.7622798 0.6466763 -0.02718979 -0.7714694 0.6357914 -0.02458149 0.2155424 0.9292549 -0.3000448 0.3027481 0.9109981 -0.2800467 0.370213 0.8912439 -0.261967 0.3746626 0.9266727 -0.03009557 0.5405275 0.8129528 -0.2166517 0.007175385 0.9312051 -0.3644251 0.019831 0.9322519 -0.3612663 0.0411306 0.9291768 -0.3673404 0.07127547 0.9324882 -0.3540984 0.06416308 0.9312745 -0.3586238 0.09615921 0.9287685 -0.3579701 0.1033483 0.9294579 -0.3541569 0.1427482 0.9259102 -0.349733 0.1850453 0.9219143 -0.3403416 0.1994688 0.9242316 -0.3255889 0.224119 0.9167215 -0.3307454 0.3661668 0.8824176 -0.2953998 0.359062 0.8946855 -0.2657301 0.3440697 0.8868392 -0.3084353 0.2812997 0.9083127 -0.309578 0.2811224 0.9081526 -0.3102083 0.2507893 0.9113373 -0.3264492 0.4938915 0.8339651 -0.2461172 0.4909142 0.8436719 -0.2173039 0.4737229 0.8480165 -0.2376025 0.5347054 0.794918 -0.2866982 0.4179093 0.8756788 -0.2419475 0.4297816 0.8645964 -0.2603094 0.4137398 0.8653117 -0.2829401 0.5944584 0.7772315 -0.2062292 0.5902809 0.7851134 -0.187525 0.6899423 0.6891701 -0.2214141 0.6164152 0.7678486 -0.1744732 0.615302 0.7685902 -0.175136 0.7425597 0.6613194 -0.1061217 0.7582864 0.6391975 -0.1281727 0.7235982 0.6757823 -0.1404424 0.8130655 0.580923 -0.03811508 0.7795924 0.6233867 -0.06020605 0.7771913 0.6263415 -0.06058228 0.772298 0.629924 -0.08216845 0.7477309 0.657965 -0.0893352 0.7206749 0.6929065 -0.02254527 0.6716012 0.7408457 0.009987354 0.7083567 0.7043569 -0.04595959 0.6593364 0.7344258 -0.1609173 0.6350851 0.758363 -0.1468083 0.6786471 0.7235803 -0.1259756 0.6278898 0.7609537 -0.1634129 0.6323364 0.7520179 -0.1860644 0.632793 0.7524703 -0.1826515 0.5842456 0.795933 -0.1585803 0.6357269 0.7578129 -0.1468704 0.5228058 0.8293154 -0.1972567 0.553053 0.8026294 -0.2234245 0.5420813 0.8165157 -0.1986208 0.5270664 0.8214018 -0.2179454 0.5308297 0.8232423 -0.2012265 0.5801734 0.7943447 -0.180043 0.5790264 0.7905198 -0.1995164 0.5897079 0.7858598 -0.1861961 0.4234775 0.8711358 -0.2485747 0.4177571 0.8677805 -0.2691399 0.4285712 0.8679383 -0.2510175 0.4110479 0.8812085 -0.2334765 0.4546508 0.8664404 -0.2063344 0.4715217 0.8509985 -0.2312336 0.4812585 0.8508511 -0.2108145 0.3496279 0.8970052 -0.270448 0.3480213 0.8903407 -0.2935554 0.3564457 0.8921319 -0.2775742 0.2722467 0.9170644 -0.2913326 0.279542 0.8961023 -0.3447567 0.2784589 0.9129873 -0.2981863 0.2132527 0.9190248 -0.331537 0.2136843 0.9051079 -0.3675854 0.1618874 0.9423925 -0.2927268 0.1364567 0.9276819 -0.3475428 0.1362547 0.927697 -0.3475816 0.7828058 0.6207278 -0.04372805 0.7656553 0.6428478 -0.02277535 0.7391064 0.67123 -0.05632257 0.7291962 0.6829051 -0.04374402 0.7077757 0.7034848 -0.06452006 0.710604 0.6996139 -0.07471501 0.64848 0.7568355 -0.08169442 0.7298287 0.6734846 -0.11734 0.7298098 0.6744182 -0.1119728 0.7251954 0.681043 -0.1013516 0.6877393 0.7150846 -0.1251744 0.7170269 0.6828005 -0.1402002 0.6931534 0.7033365 -0.1576583 0.009456753 0.9999365 0.006136536 -0.4244573 0.9050126 0.02807545 0.6486749 0.7605352 -0.02840965 0.002752006 0.9884057 -0.1518114 -0.007719635 0.9340032 0.3571814 0.002796411 0.9883897 -0.1519144 0.01821798 0.9883286 -0.151244 0.0186327 0.9880634 -0.1529173 0.03297406 0.9880661 -0.1504594 0.04522109 0.9853674 -0.1643356 -0.0161305 0.634863 0.7724564 -0.08031731 0.634261 0.7689357 -0.07999253 0.6354808 0.7679619 -0.1720792 0.6360127 0.7522478 -0.1708375 0.6392249 0.749804 0.04477095 0.9873362 -0.1521933 0.06350201 0.987155 -0.1466031 0.06694537 0.9859673 -0.1529275 0.08743995 0.9856953 -0.1440806 0.09368252 0.9837999 -0.1528441 0.1098928 0.9835106 -0.143633 0.1338091 0.9768223 -0.1670735 -0.2422567 0.6402019 0.7290084 -0.2408538 0.6889986 0.6835718 -0.2813221 0.6465858 0.7090732 -0.3323578 0.6467719 0.6864579 -0.3274211 0.6552805 0.6807371 -0.3965814 0.6567274 0.64143 -0.3886203 0.6686758 0.6339141 0.1293656 0.9803379 -0.1490036 0.1448911 0.9797985 -0.1378459 0.1589757 0.9756619 -0.1510311 0.1783856 0.9747937 -0.1339998 0.2606598 0.9492373 -0.1760829 0.2176385 0.9677249 -0.1270509 0.1970474 0.9690439 -0.1487494 -0.4400129 0.6705254 0.5973143 -0.4240303 0.7086896 0.5638773 -0.4557577 0.6866035 0.5664455 -0.4858729 0.6876304 0.5395294 -0.4706866 0.7055326 0.5297905 -0.5118799 0.708076 0.4864231 -0.4926734 0.7284584 0.4760478 -0.5256878 0.7311711 0.4347887 -0.5048675 0.7510794 0.4254276 -0.5325495 0.7537838 0.3849692 -0.5096037 0.7737814 0.3762532 -0.5317755 0.7762206 0.3386687 -0.5074562 0.7956377 0.3308306 -0.5235219 0.797595 0.2996118 -0.5050253 0.8109986 0.2953487 0.2431522 0.959892 -0.139586 0.2539035 0.9589726 -0.1261137 0.2785088 0.9501414 -0.1402301 0.2896934 0.94907 -0.1238701 0.3157226 0.9389672 -0.1366015 0.3245408 0.9380172 -0.1216433 0.3515099 0.9267008 -0.1329153 0.3569684 0.9260777 -0.1222849 0.3768867 0.9172896 -0.1285942 0.3797675 0.9169527 -0.1223701 0.4219864 0.8968506 -0.1326149 0.4159811 0.9002206 -0.1286962 0.4202733 0.8997265 -0.1177398 0.4531655 0.8823659 -0.1267743 0.4551883 0.8821729 -0.1207258 0.466485 0.8761607 -0.1213848 0.4682114 0.8759855 -0.1158779 0.5031816 0.855342 -0.1232817 0.5059641 0.8551622 -0.1126866 0.5396363 0.8335879 -0.1180002 0.5423179 0.8335118 -0.1055906 0.5722263 0.8128254 -0.1089595 0.5740559 0.812844 -0.09871435 0.5886182 0.8023185 -0.09906333 0.5905622 0.8023355 -0.08656847 0.6139129 0.7844431 -0.0880903 0.6163566 0.7845661 -0.06753331 0.6302716 0.7733939 -0.06796896 0.6318714 0.7734993 -0.04937201 0.6357527 0.7703206 -0.04924285 0.6371811 0.7702382 -0.02708327 0.4377554 0.898938 -0.0167573 0.2614277 0.9651964 -0.007176041 0.1787401 0.9838963 -3.18254e-5 0.1777324 0.9839619 -0.0151757 0.1727955 0.9848528 -0.01438152 0.1720224 0.9848153 -0.02339386 0.1544567 0.9877815 -0.02075803 0.1536764 0.9877435 -0.02732062 0.1248265 0.9919361 -0.02193433 0.1245253 0.99193 -0.02383887 0.1073039 0.9940441 -0.01903569 0.107199 0.9940441 -0.01961982 0.07193386 0.9973545 -0.01046681 0.07255005 0.9973357 -0.007619917 0.03377372 0.9994208 0.004180848 0.03575879 0.9992913 0.01176053 -0.003632128 0.9996598 0.02583038 -0.0018543 0.9995035 0.03145563 -0.01292121 0.9991894 0.03812664 -0.01141285 0.9990251 0.04264736 -0.0466808 0.9971994 0.05843323 -0.04322731 0.9967994 0.06724905 -0.07842636 0.9932526 0.08543199 -0.07516294 0.9928752 0.09246349 -0.09404206 0.9900017 0.1051332 -0.09137499 0.9896858 0.1103304 -0.1171985 0.9848236 0.1280117 -0.1134229 0.9844123 0.1344159 -0.1374717 0.9785716 0.1532942 -0.1323383 0.9780733 0.1608085 -0.1539177 0.9714595 0.1804882 -0.1486241 0.971032 0.1871038 -0.1680257 0.9635783 0.2080488 -0.159888 0.9630746 0.2166175 -0.1742761 0.9560738 0.2356922 -0.1620431 0.9555182 0.2464284 -0.1718926 0.9493947 0.2628737 -0.1540832 0.9488235 0.2756674 -0.1603442 0.943705 0.289328 -0.1361785 0.9431913 0.3030605 -0.1393916 0.9394513 0.3130516 -0.1086048 0.9389976 0.3263257 -0.1099616 0.9364508 0.3331192 -0.07455211 0.9361392 0.3436354 -0.07484173 0.9346687 0.347553 -0.03558474 0.93446 0.3542857 -0.03552532 0.9338523 0.3558903 -0.007682323 0.9340286 0.3571159 -0.01620537 0.6347945 0.7725111 -0.5150161 0.8122338 0.2739248 -0.4605099 0.8550573 0.2383435 -0.492147 0.8357765 0.2434524 -0.5036323 0.8370007 0.2139727 -0.4710912 0.8575371 0.2066475 -0.4794549 0.8585289 0.1818001 -0.4679989 0.8648807 0.181545 -0.4760592 0.8655083 0.1557669 -0.4394439 0.8858399 0.1489188 -0.4483277 0.8864296 0.1150867 -0.4121009 0.9045187 0.1096308 -0.4178636 0.9047066 0.08304327 -0.384607 0.9196846 0.07910674 -0.3876737 0.9197161 0.06190073 -0.3709958 0.9266182 0.06116288 -0.3734424 0.9265345 0.04554736 -0.3456961 0.937348 0.04327958 -0.347325 0.9372746 0.02969455 -0.3302692 0.9434456 0.02885526 -0.3307273 0.9434332 0.02351826 -0.3258339 0.945133 0.02357763 -0.325857 0.9451339 0.02322107 -0.1821573 0.982999 0.02305912 -0.5691056 0.8189326 0.07394814 -0.5537098 0.8317074 0.04084622 -0.5563601 0.8301798 0.03556776 -0.5531545 0.8323743 0.03425318 -0.5539904 0.831988 0.0298435 -0.5669094 0.8220643 0.05314141 -0.5603955 0.8266618 0.05086505 -0.5729539 0.8165899 0.07003474 -0.5876234 0.8044366 0.08706802 -0.5911582 0.8001837 0.101184 -0.5933805 0.7989822 0.09760671 -0.6048549 0.7875302 0.1180968 -0.6028395 0.7887252 0.1204039 -0.6354438 0.7567085 0.1536342 -0.6285753 0.7614827 0.1582317 -0.6684833 0.6996307 0.2522836 -0.661426 0.7113248 0.2377659 -0.6568472 0.7252961 0.2061486 -0.6489377 0.733854 0.200844 -0.6609246 0.7134166 0.2328422 -0.6634487 0.6988931 0.2671784 -0.6600086 0.6998112 0.2732272 -0.6645034 0.6973862 0.2684916 -0.6843854 0.6597793 0.3103352 -0.6833391 0.6604078 0.3113027 -0.6773946 0.6528973 0.3389126 -0.6784704 0.6530626 0.3364332 -0.6843134 0.6288417 0.369152 -0.6835228 0.6292792 0.3698706 -0.6746656 0.6072691 0.419584 -0.6861368 0.5979103 0.4143909 -0.6661095 0.5862354 0.4611142 -0.6720615 0.5606539 0.483736 -0.648746 0.5586844 0.516721 -0.6504648 0.5294897 0.5445514 -0.6226968 0.5312035 0.5745186 -0.6213478 0.5164839 0.5892127 -0.6040889 0.5022112 0.6187573 -0.5857806 0.5027413 0.6356983 -0.5782021 0.4723161 0.6652817 -0.562003 0.4753351 0.6769116 -0.5316397 0.4718612 0.7033536 -0.5202265 0.4490653 0.726433 -0.4709105 0.461739 0.7516918 -0.4637331 0.4517832 0.7621309 -0.4279702 0.438289 0.7904077 -0.3930557 0.4471145 0.8034898 -0.3649984 0.416256 0.8327709 -0.3380514 0.4262304 0.8390762 -0.2886843 0.4272738 0.8567955 -0.2679612 0.4094224 0.8721067 -0.2026165 0.4325262 0.87856 -0.188527 0.4216609 0.8869384 -0.1351137 0.4152339 0.899625 -0.09425443 0.4321261 0.8968741 -0.05445039 0.4011971 0.914372 -0.01891696 0.4159122 0.9092081 0.532266 -0.8387429 -0.1149054 0.6410298 0.7249004 -0.2521908 0.758183 0.5569856 -0.339007 0.8453702 0.315441 -0.4310989 0.8701048 0.002616107 -0.4928599 0.8452689 -0.205999 -0.4930365 0.7986348 -0.3879693 -0.4600679 0.03905677 -0.9250486 -0.3778354 0.4847871 -0.8489591 -0.2103573 0.4616682 0.8682523 -0.1816604 0.8621788 0.5059878 -0.02498221 0.9428557 0.3293864 -0.05027806 0.9817749 -0.1643894 -0.09536379 0.01587015 -0.993726 -0.110711 0.0130741 -0.9936938 -0.1113633 0.0313822 -0.9870314 -0.1574304 0.3286857 -0.9401745 -0.0896542 0.4608597 -0.8825211 -0.09362137 0.4362115 -0.8929666 -0.1110419 0.5510798 -0.8221867 -0.1425495 0.5632313 -0.8217933 -0.08617758 0.629607 -0.7688757 -0.111469 0.6292022 -0.7694228 -0.1099689 0.6664416 -0.7376542 -0.108268 0.7140507 -0.6909924 -0.112522 0.7702642 -0.623596 -0.1334962 0.7557284 -0.6494725 -0.08402401 0.7762573 -0.6010791 -0.190075 0.7899331 -0.6023747 -0.1146754 0.8481326 -0.5177505 -0.112275 0.8533007 -0.5042663 -0.1326411 0.8808631 -0.4596427 -0.1131767 0.9194535 -0.3756676 -0.1160995 0.9217811 -0.3665511 -0.1263327 0.9000535 -0.4211723 -0.1118828 0.9736835 -0.2050766 -0.09941869 0.9746446 -0.1997312 -0.1008738 0.9670749 -0.2333049 -0.1016618 0.9560849 -0.2737674 -0.1046583 0.9560139 -0.2740546 -0.1045548 0.9427351 -0.3157741 -0.1074119 0.9888914 -0.1154811 -0.09358507 0.9868186 -0.1369999 -0.08614146 0.9953805 -0.04111582 -0.08676022 0.9944552 -0.06740552 -0.08071935 0.9971451 0.003103196 -0.07544714 0.9970137 0.03086215 -0.07079046 0.9950683 0.07020252 -0.07007694 0.9861024 0.1544944 -0.06110322 0.9902338 0.122786 -0.0660364 0.9674478 0.2467189 -0.05634313 0.9806729 0.1861381 -0.06027662 0.8895512 0.4548947 -0.04206568 0.8608264 0.5069778 -0.04417395 0.8564784 0.5145527 -0.04099446 0.8617609 0.5037469 -0.06006121 0.8284786 0.5549606 -0.07511305 0.849996 0.5178951 -0.09639328 0.7901508 0.6054831 -0.09514182 0.8437836 0.5201783 -0.132075 0.8377679 0.5353416 -0.1074911 0.8086675 0.5716116 -0.1389862 0.8063155 0.568296 -0.1639972 0.7510653 0.6513419 -0.1079574 0.7654669 0.6194979 -0.1740201 0.6976402 0.6969317 -0.1660856 0.7267162 0.6589859 -0.1939619 0.7593752 0.620716 -0.195093 0.7539753 0.6347686 -0.1690859 0.6692151 0.7101634 -0.218676 0.6834843 0.7007945 -0.2042951 0.6880925 0.6971015 -0.2014403 0.4908546 0.7921048 -0.362811 0.4704045 0.8374769 -0.2781228 0.4225803 0.8423656 -0.3344342 0.4088641 0.828875 -0.3818331 0.3854705 0.8728023 -0.2993808 0.3261477 0.8656176 -0.3799129 0.3266884 0.8651907 -0.3804205 0.2678632 0.8123276 -0.5180476 0.2513986 0.8799843 -0.4030215 0.2634565 0.8925693 -0.3659383 0.1571668 0.8714054 -0.4647056 0.1431317 0.8777688 -0.4572037 0.03029268 0.874647 -0.4838131 0.07541418 0.8827218 -0.463805 0.1067348 0.8820877 -0.4588344 0.1226262 -0.9866316 -0.107336 0.1319181 -0.9858336 -0.1035846 0.1528882 -0.9786483 -0.1373776 0.1151689 -0.983047 -0.1426705 0.1323281 -0.9736989 -0.1854718 0.08142048 -0.9783146 -0.1904501 0.09286886 -0.9655703 -0.2430007 0.04956102 -0.9926256 -0.1106262 0.0560072 -0.9924818 -0.1088265 0.06478971 -0.9872401 -0.1454626 -0.02439069 -0.9884769 -0.1493937 0.06673073 -0.9771342 -0.2018806 0.544226 -0.7989676 -0.2558689 0.6166095 -0.7254102 -0.3058968 0.6070078 -0.7325213 -0.3081463 0.5500193 -0.7953264 -0.2548227 0.4908198 -0.8239624 -0.2831641 0.556748 -0.7578777 -0.3400783 0.03448659 -0.9524463 -0.3027487 0.1769827 -0.9793397 -0.0978319 0.1699311 -0.9802733 -0.1009346 0.1953728 -0.971926 -0.1311081 0.1608262 -0.9773491 -0.1375635 0.1852259 -0.9662953 -0.1787875 0.13651 -0.9730378 -0.1859101 0.1559915 -0.9589596 -0.2367764 0.09406346 -0.9653964 -0.2432323 0.1073157 -0.9456889 -0.3068482 0.05358767 -0.9491991 -0.3100796 0.0366345 -0.9400143 -0.3391623 0.08399337 -0.9903595 -0.1101515 0.09414899 -0.9898083 -0.1068434 0.1090119 -0.9838175 -0.142196 0.06869333 -0.9868982 -0.1459909 0.07874518 -0.9786205 -0.1900032 0.02666765 -0.9809209 -0.1925698 0.03036504 -0.9687248 -0.2462728 0.06743746 -0.969967 -0.2337012 0.03192573 -0.964075 -0.2637046 0.6630045 -0.663653 -0.3463954 0.6623815 -0.6614108 -0.3518332 0.6979671 -0.6095453 -0.3758946 0.6973057 -0.6063882 -0.3821754 0.7329428 -0.546147 -0.4056088 0.7322161 -0.5419303 -0.4125182 0.766919 -0.4725152 -0.4342402 0.583592 -0.7522933 -0.3057372 0.569285 -0.7383717 -0.3615548 0.6033188 -0.6950955 -0.3909587 0.6017963 -0.6930443 -0.3969016 0.63707 -0.6416599 -0.4271 0.6353755 -0.6386867 -0.4340245 0.6713166 -0.5778074 -0.4641904 0.6694414 -0.5737434 -0.4718759 0.8255528 -0.2961426 -0.4803773 0.8683355 0.1614795 -0.468954 0.8612667 -0.101511 -0.4979109 0.8106871 0.4360075 -0.390748 0.5917214 -0.6056583 -0.5320186 0.5948728 -0.6095814 -0.5239627 0.5599462 -0.6709305 -0.4861199 0.5627728 -0.6737545 -0.4788964 0.5290269 -0.7245042 -0.4418419 0.5315105 -0.7264168 -0.4356781 0.4994084 -0.7683615 -0.4002651 0.5015172 -0.7695728 -0.39527 0.471231 -0.8043448 -0.361899 0.4729533 -0.8050518 -0.3580598 0.428771 -0.8486227 -0.3098304 0.4969191 -0.8205574 -0.2824131 0.4364718 -0.8695239 -0.2311288 0.4866346 -0.8479721 -0.2100716 0.4273511 -0.8878223 -0.1707124 0.4990604 -0.6353315 -0.5893155 0.5033661 -0.6391308 -0.5814933 0.4712824 -0.7008526 -0.5354424 0.4751238 -0.7035733 -0.5284336 0.4445286 -0.7536542 -0.4841485 0.447841 -0.7554969 -0.4781872 0.4190776 -0.7961302 -0.4365212 0.4218439 -0.7972951 -0.4317039 0.3950167 -0.8303662 -0.3930062 0.3972273 -0.8310469 -0.389322 0.3588165 -0.8713921 -0.3345545 0.4349586 -0.8456103 -0.3094418 0.380743 -0.8898894 -0.2512603 0.4382002 -0.868701 -0.2309527 0.3843686 -0.9041277 -0.1865846 0.4254158 -0.8886965 -0.1709969 0.3705217 -0.9188408 -0.1358143 0.4929901 0.8146714 -0.3054033 0.5351551 0.798102 -0.2768435 0.5699318 0.7729352 -0.2788349 0.5790653 0.7703721 -0.2668527 0.6168511 0.7469386 -0.2481483 0.6426374 0.7159302 -0.2728759 0.6120452 0.7560675 -0.2318679 0.6949377 0.6589391 -0.2878556 0.3650012 -0.9209237 -0.1366521 0.3330612 -0.9312294 -0.1479261 0.3820162 -0.9050766 -0.1868153 0.3349562 -0.9203525 -0.2018804 0.382352 -0.8892208 -0.2511843 0.3183628 -0.9087733 -0.2697709 0.3647485 -0.8689225 -0.3345629 0.2824609 -0.8907774 -0.3559939 0.3135574 -0.8532293 -0.4167513 0.311098 -0.8525348 -0.4200031 0.333212 -0.8208847 -0.4638082 0.3300934 -0.8197277 -0.468065 0.3540096 -0.7801592 -0.5157799 0.3502253 -0.7783639 -0.521049 0.3758876 -0.72876 -0.5723787 0.3714808 -0.7261377 -0.5785551 0.3986222 -0.6639592 -0.63266 0.393644 -0.6603414 -0.6395263 0.3269237 -0.9332996 -0.1485694 0.2900226 -0.9436247 -0.1595603 0.3324021 -0.921252 -0.2019988 0.2798843 -0.9354564 -0.2158383 0.319811 -0.9082599 -0.2697868 0.2506511 -0.9249607 -0.2856953 0.2877084 -0.8889489 -0.3563622 0.2019122 -0.905611 -0.3729615 0.2244784 -0.8701564 -0.4386765 0.222145 -0.8694697 -0.441219 0.2384648 -0.8387521 -0.4895198 0.2354831 -0.8376475 -0.4928432 0.2532372 -0.7986623 -0.5459026 0.2495977 -0.7969943 -0.550001 0.2687319 -0.7474367 -0.6075537 0.2644788 -0.745056 -0.6123256 0.2848197 -0.6820989 -0.6735123 0.2800066 -0.678878 -0.6787643 0.3133243 -0.9438351 -0.104897 0.2858271 -0.9520129 -0.1094274 0.2800679 -0.953316 -0.1129189 0.2450729 -0.9616847 -0.1228898 0.2836934 -0.9454863 -0.1599183 0.242165 -0.9552055 -0.1701136 0.277352 -0.9362146 -0.2158195 0.2203302 -0.9484657 -0.2277445 0.2518717 -0.9246013 -0.2857854 0.1794131 -0.9374873 -0.2982089 0.2060242 -0.9044386 -0.3735568 0.1198405 -0.9152666 -0.3846107 0.1332357 -0.8810568 -0.4538583 0.1314939 -0.880487 -0.455469 0.1413396 -0.850089 -0.5073184 0.1391074 -0.8492012 -0.5094179 0.1498368 -0.8101841 -0.5667017 0.1471158 -0.8088813 -0.5692699 0.1587066 -0.7587884 -0.6317059 0.1555107 -0.7569764 -0.6346678 0.1678451 -0.6927868 -0.7013376 0.1642501 -0.6903884 -0.7045465 0.05864685 -0.5267893 -0.8479704 0.7976375 -0.3818861 -0.466838 0.7369015 -0.4140129 -0.5343871 0.7347285 -0.4079144 -0.5420147 0.6573566 -0.4403704 -0.6115197 0.6538327 -0.4343318 -0.6195634 0.5589511 -0.4648755 -0.6866328 0.5541723 -0.459007 -0.6944104 0.4435146 -0.4851401 -0.753614 0.4380297 -0.4796537 -0.760304 0.3164031 -0.4993304 -0.806572 0.3111504 -0.4946156 -0.8115053 0.1855618 -0.5069414 -0.8417704 0.1816905 -0.5035749 -0.8446307 0.07269752 -0.508813 -0.857802 0.05911511 -0.4691892 -0.8811169 0.7660736 -0.4672305 -0.441392 0.7050408 -0.5022284 -0.5006836 0.7029936 -0.4970222 -0.5086933 0.6268534 -0.5321761 -0.5690726 0.6234401 -0.5270763 -0.5775059 0.5317322 -0.5600351 -0.6353122 0.5270651 -0.555088 -0.6434903 0.4215345 -0.5832813 -0.6943282 0.4161332 -0.5786135 -0.7014553 0.3009797 -0.5999487 -0.7412644 0.2957727 -0.5958635 -0.746636 0.1769555 -0.6093693 -0.7728881 0.1730946 -0.6063937 -0.7760959 0.07049143 -0.6121851 -0.7875661 0.05610132 -0.5915184 -0.8043374 0.8441258 -0.2003006 -0.4973243 0.7846031 -0.2191486 -0.5799759 0.7824498 -0.2128001 -0.5852253 0.7038123 -0.2317941 -0.6715056 0.7003808 -0.224978 -0.6773859 0.6009459 -0.2427359 -0.7615402 0.5963152 -0.2358658 -0.7673171 0.4776387 -0.2508674 -0.8419779 0.4723329 -0.2444271 -0.8468512 0.3402542 -0.2554756 -0.9049637 0.3351513 -0.2499714 -0.9083985 0.1986624 -0.2566699 -0.9458615 0.1947968 -0.2526918 -0.9477347 0.8700023 0.003511548 -0.4930354 0.8100605 0.002162218 -0.5863426 0.8101555 0.001572608 -0.5862132 0.7281506 3.57944e-4 -0.6854172 0.7285971 -0.001626253 -0.6849406 0.6221007 -0.002643227 -0.7829329 0.6228578 -0.005217552 -0.7823178 0.4938424 -0.005975127 -0.8695309 0.4947892 -0.008614718 -0.8689705 0.3506401 -0.009066641 -0.9364665 0.3517392 -0.01173114 -0.9360246 0.2036437 -0.01190251 -0.9789728 0.2047997 -0.01451939 -0.9786962 0.0646606 0.4218822 -0.904342 0.8436947 0.319944 -0.4310627 0.7838384 0.3535095 -0.510518 0.7842081 0.3526498 -0.5105445 0.7032526 0.3885613 -0.595362 0.7059715 0.3830146 -0.5957382 0.6009392 0.4187424 -0.6808282 0.6052522 0.4108293 -0.6818278 0.4781054 0.4425059 -0.7586856 0.4830582 0.4340519 -0.76043 0.3413503 0.4582331 -0.820672 0.3462626 0.4500513 -0.8231379 0.2004284 0.4652437 -0.862193 0.2045586 0.4581758 -0.8650032 0.07782673 0.4647114 -0.8820354 0.06351763 0.5300154 -0.8456059 0.0675342 -0.01452171 -0.9976114 0.06481379 -0.006540477 -0.9978759 0.06556332 0.1264797 -0.9898002 0.8679021 0.1632955 -0.4691274 0.8092393 0.1791721 -0.5594901 0.8100723 0.1762946 -0.5591986 0.72897 0.1936371 -0.6565877 0.7314238 0.1864795 -0.6559303 0.6246708 0.2038959 -0.753799 0.6283181 0.1947325 -0.7531903 0.4975702 0.2102654 -0.8415536 0.5017542 0.2008852 -0.8413607 0.3546079 0.2128302 -0.9104705 0.3589201 0.2037942 -0.9108482 0.2068938 0.2113583 -0.9552605 0.2107998 0.2033122 -0.9561525 0.08312338 0.2065403 -0.9749009 0.06663143 0.27148 -0.9601348 0.0555306 -0.2555631 -0.9651964 0.06144797 -0.2611165 -0.9633496 0.06307202 -0.174021 -0.9827201 0.8603763 -0.09774959 -0.5001977 0.8008403 -0.1071748 -0.58921 0.7993675 -0.1030498 -0.5919396 0.719217 -0.1124208 -0.6856301 0.7170502 -0.1080755 -0.6885919 0.6143187 -0.1166712 -0.7803847 0.6114909 -0.1123278 -0.7832377 0.4879137 -0.1193994 -0.8646872 0.4847468 -0.1153684 -0.8670125 0.346844 -0.1203995 -0.9301631 0.3438951 -0.117065 -0.9316824 0.2017749 -0.1199797 -0.9720554 0.1996817 -0.1177176 -0.972764 0.07221961 -0.118877 -0.9902791 0.0572071 -0.09940671 -0.9934011 0.8244196 -0.2898566 -0.486123 0.7642964 -0.3165857 -0.5618048 0.7620844 -0.3101039 -0.5683864 0.683903 -0.3372005 -0.6469718 0.6804196 -0.3306444 -0.6539903 0.5828521 -0.3561886 -0.7303514 0.578184 -0.3497775 -0.7371289 0.4629016 -0.3715975 -0.8047593 0.4575714 -0.3656374 -0.810517 0.3299742 -0.3819586 -0.8632639 0.3249037 -0.3768973 -0.867402 0.1930734 -0.3870006 -0.9016392 0.1893423 -0.3834229 -0.903956 0.06146806 -0.3878261 -0.9196807 0.06670385 -0.3929118 -0.9171537 0.676618 0.6785967 -0.2858225 0.6194356 0.7167003 -0.3203753 0.6060813 0.7289671 -0.3182334 0.5354304 0.7672603 -0.3530241 0.5274789 0.7735448 -0.3512758 0.4420698 0.8101633 -0.3849803 0.4383659 0.812691 -0.3838863 0.3422589 0.8438221 -0.4133076 0.3415418 0.8442485 -0.4130298 0.240956 0.8672713 -0.4356384 0.2422678 0.8665746 -0.4362968 0.1847455 0.8760408 -0.4454456 0.1382607 0.955111 -0.2620058 0.747184 0.5716131 -0.3390788 0.6863229 0.6149299 -0.3883584 0.679777 0.6223657 -0.3880263 0.6016563 0.6672384 -0.4390929 0.6000701 0.6687896 -0.4389036 0.5250172 0.7037156 -0.4786873 0.4858095 0.7454663 -0.4563652 0.3790178 0.7814793 -0.4956165 0.3808069 0.7797918 -0.4969013 0.2682135 0.8064494 -0.5269736 0.2706642 0.8041697 -0.5291995 0.1582657 0.8208287 -0.5488098 0.1605771 0.8185771 -0.5514949 0.05668503 0.8261083 -0.5606531 0.03416007 0.8768438 -0.4795603 0.5224486 0.6747894 -0.5212551 0.4095711 0.7126867 -0.5694991 0.4129109 0.7089836 -0.5717054 0.2907468 0.737658 -0.609366 0.294378 0.7336727 -0.6124264 0.1714264 0.7516139 -0.6369377 0.1745199 0.7480407 -0.6402952 0.05551755 0.7562189 -0.6519592 0.03725719 0.7798857 -0.6248124 0.8067654 0.4439114 -0.3899646 0.7447851 0.4865002 -0.4567415 0.7435935 0.4885997 -0.4564418 0.6624042 0.5331729 -0.5262579 0.6641625 0.5304139 -0.5268294 0.561577 0.5740864 -0.595866 0.5652943 0.5687709 -0.5974463 0.4441047 0.606977 -0.6590523 0.4486489 0.6008559 -0.6615787 0.3163146 0.6297252 -0.7095007 0.3208784 0.6236463 -0.7128131 0.1862449 0.6417496 -0.7439559 0.1900157 0.6364879 -0.7475141 0.05942475 0.6446667 -0.7621507 0.05982303 0.6440471 -0.7626432 0.9914454 -0.06978809 -0.110299 0.9914172 -0.07032954 -0.110208 0.9829376 -0.1410942 -0.1180092 0.982717 -0.142925 -0.1176422 0.970407 -0.207565 -0.1233975 0.9697233 -0.2112415 -0.1225314 0.9525278 -0.2766942 -0.1270081 0.9514369 -0.2809492 -0.1258395 0.9450991 -0.2876069 -0.1551453 0.946243 -0.2829239 -0.1567746 0.9640874 -0.2166929 -0.1535574 0.9648098 -0.2125602 -0.1547906 0.9775748 -0.1478336 -0.149976 0.9778251 -0.1455773 -0.1505498 0.9869584 -0.07340323 -0.143266 0.9869978 -0.07248741 -0.1434608 0.9908456 -0.005455851 -0.1348897 0.9970449 0.01373153 -0.07558447 0.9949702 0.01449 -0.09911823 0.9948111 0.01968973 -0.0998156 0.9916685 0.02080398 -0.1271253 0.9901142 0.05892151 -0.1272886 0.9942429 0.08732759 -0.06209027 0.9915924 0.09479713 -0.0880807 0.989377 0.1142309 -0.08991509 0.985459 0.1234744 -0.1167252 0.9823331 0.1444053 -0.1190335 0.9765526 0.1559776 -0.1483781 0.9668533 0.2090008 -0.1466749 0.9556657 0.2291381 -0.1849299 0.9498026 0.2529643 -0.1840758 0.9331709 0.2778562 -0.2280089 0.9262812 0.3007419 -0.2270631 0.9026142 0.3301075 -0.2762551 0.8956296 0.349407 -0.2752499 0.91324 0.4047204 -0.04684138 0.9183862 0.3915624 -0.05697113 0.9078087 0.410964 -0.08361887 0.902511 0.4265775 -0.05920946 0.8749021 0.4716427 -0.1099975 0.8709902 0.4845339 -0.08125978 0.8450299 0.5217099 -0.1172323 0.8442095 0.5227109 -0.1186742 0.9882051 0.1428908 -0.05507272 0.9843529 0.1556733 -0.08255445 0.9791249 0.1848777 -0.08446741 0.9740555 0.1984959 -0.1086975 0.9667 0.2306253 -0.1109198 0.9587357 0.2483842 -0.1383157 0.948953 0.2822825 -0.14073 0.9368465 0.3046596 -0.1717594 0.9245192 0.339007 -0.1741794 0.9066965 0.3662751 -0.209151 0.8920259 0.3995399 -0.2113237 0.8673503 0.4307734 -0.2492743 0.8519536 0.4596192 -0.2508493 0.9793519 0.1940249 -0.0567829 0.9749807 0.2073532 -0.08010888 0.9669213 0.241603 -0.08180004 0.9604673 0.2577897 -0.1051049 0.9491605 0.296108 -0.1068393 0.9392321 0.3167154 -0.1324176 0.9242348 0.3575505 -0.1339695 0.9095249 0.3827887 -0.16198 0.8907412 0.4242537 -0.1630614 0.8697966 0.4539229 -0.1934111 0.8476933 0.4938533 -0.193714 0.8203825 0.5258377 -0.2246494 0.797136 0.5607058 -0.2240167 0.7432119 0.6345462 -0.2121021 0.7459055 0.6326902 -0.2081541 0.8018077 0.5754492 -0.1611299 0.7968059 0.5714952 -0.1961982 0.8529661 0.5036711 -0.1369834 0.8519954 0.4949528 -0.1706631 0.893858 0.4339153 -0.1128518 0.8957528 0.4206464 -0.1438181 0.9250079 0.3692887 -0.08936536 0.9285171 0.3524684 -0.1167134 0.9477069 0.3120453 -0.0669285 0.9517867 0.2932307 -0.09009933 0.9592069 0.2755043 -0.06340056 0.9545893 0.2922399 -0.05792397 0.8958544 -0.4165332 -0.1547415 0.8942399 -0.4206908 -0.1528214 0.8490386 -0.5064559 -0.150453 0.8482665 -0.5088074 -0.1468303 0.7796647 -0.6103903 -0.1398094 0.7791144 -0.6118074 -0.1366473 0.7053448 -0.6973924 -0.1270143 0.7050551 -0.6981807 -0.1242619 0.6286383 -0.7694295 -0.1131027 0.6286016 -0.7698162 -0.1106491 0.6512406 -0.7321787 -0.1994996 0.7099432 -0.6948468 -0.1147549 0.7869378 -0.6052148 -0.1201826 0.7878789 -0.6034238 -0.1229907 0.8563838 -0.5008344 -0.125586 0.8574499 -0.4982524 -0.1285468 0.9160108 -0.3804125 -0.1273208 0.9102105 -0.3989412 -0.1111881 0.9299396 -0.3443789 -0.1289014 0.9214566 -0.356304 -0.1548071 0.9228959 -0.351749 -0.1566395 0.6059558 -0.7838987 -0.1353533 0.6054359 -0.7839955 -0.1371081 0.6785178 -0.7175322 -0.1573565 0.6779759 -0.7174209 -0.1601749 0.7504445 -0.6360345 -0.1797035 0.7500208 -0.6353839 -0.1837287 0.8200325 -0.5357882 -0.2011908 0.9738785 0.09117794 -0.2079599 0.97496 0.07980936 -0.2075657 0.9756058 -0.00154215 -0.2195248 0.9756457 -0.004768311 -0.2193008 0.9704282 -0.07917636 -0.2280352 0.9704158 -0.08100181 -0.2274469 0.9593629 -0.1585076 -0.2334486 0.9591383 -0.1616131 -0.2322388 0.9447267 -0.2287977 -0.2348257 0.9440806 -0.2337237 -0.2325623 0.9239958 -0.3035239 -0.232605 0.9229418 -0.3088818 -0.2297188 0.8982955 -0.3760732 -0.2272314 0.8969648 -0.3811135 -0.2240687 0.8691616 -0.4431411 -0.219509 0.8677001 -0.4475575 -0.2163074 0.8372716 -0.5048176 -0.2100852 0.8206824 -0.5432225 -0.1771717 0.9387547 0.1300594 -0.3190992 0.9403278 0.1200066 -0.3184056 0.9418577 0.00313574 -0.3359974 0.9420194 -2.2912e-4 -0.3355585 0.9347306 -0.08765876 -0.3443759 0.9349408 -0.09047102 -0.3430755 0.9210377 -0.177134 -0.346862 0.9211094 -0.181329 -0.3444955 0.903932 -0.2545531 -0.3436709 0.9037591 -0.2602052 -0.339872 0.8801158 -0.3364909 -0.3349183 0.8796305 -0.3423315 -0.3302417 0.8512237 -0.4147033 -0.3216201 0.8505103 -0.4199963 -0.3165999 0.8193122 -0.4852694 -0.3053542 0.818504 -0.4897031 -0.3004031 0.7853584 -0.5483469 -0.2872768 0.7845731 -0.5518518 -0.2826743 0.7503107 -0.6041778 -0.2683342 0.749627 -0.6068216 -0.2642478 0.6963665 -0.6759086 -0.2412907 0.698243 -0.6757792 -0.236176 0.6270236 -0.7516858 -0.2044748 0.628458 -0.7513074 -0.2014392 0.5593042 -0.8112003 -0.1706839 0.5600423 -0.8109516 -0.169441 0.4927442 -0.858832 -0.1400384 0.4925556 -0.8588978 -0.1402987 0.4263653 -0.8975642 -0.1122106 0.4250007 -0.8980159 -0.1137631 0.9594559 0.1106508 -0.2592312 0.9609271 0.0986939 -0.2586092 0.9619796 0.001052618 -0.2731196 0.9620813 -0.002713263 -0.2727498 0.9559153 -0.0831905 -0.2816122 0.9559765 -0.0854997 -0.2807112 0.9436016 -0.1671522 -0.2857904 0.943472 -0.1707041 -0.2841142 0.9278168 -0.240431 -0.2852174 0.9273363 -0.245718 -0.2822594 0.9056269 -0.3183854 -0.2801261 0.9047722 -0.3240141 -0.2764092 0.8783896 -0.3935354 -0.2712226 0.8772781 -0.3987354 -0.2671952 0.8478934 -0.4622275 -0.2596588 0.8466745 -0.4666816 -0.2556378 0.8149638 -0.5245661 -0.2463019 0.8137658 -0.5281791 -0.2425119 0.780465 -0.5806058 -0.2318866 0.7793794 -0.5834125 -0.2284682 0.7267345 -0.6537503 -0.2108736 0.7278069 -0.654009 -0.2063237 0.6558775 -0.7328333 -0.1810528 0.6568427 -0.7326818 -0.1781435 0.585578 -0.7960754 -0.1528479 0.5862305 -0.7958757 -0.1513792 0.5158156 -0.8472881 -0.1266382 0.520204 -0.8457215 -0.1189243 0.4531516 -0.8859929 -0.09833842 0.4531561 -0.8859687 -0.09853482 0.3957906 -0.914642 -0.08234107 0.5173798 -0.8454651 -0.132314 0.5417861 -0.8357241 -0.08962756 0.5462735 -0.8318615 -0.09793853 0.5442949 -0.8322157 -0.1056423 0.6198594 -0.7752185 -0.121699 0.6195556 -0.7751306 -0.1237881 0.6943217 -0.7060458 -0.1393437 0.6941887 -0.7056246 -0.1421131 0.7672294 -0.6219937 -0.1564704 0.7673346 -0.6209568 -0.1600322 0.8364549 -0.520361 -0.1719523 0.8368154 -0.5183106 -0.1763357 0.8831414 -0.4322943 -0.182162 0.8847216 -0.4279791 -0.1846658 0.9112586 -0.3670395 -0.1867885 0.9126851 -0.3622165 -0.1892228 0.935934 -0.2968226 -0.1895365 0.9370733 -0.2917745 -0.1917321 0.9558714 -0.2241126 -0.1899564 0.9565883 -0.2195668 -0.1916492 0.970043 -0.1540261 -0.1878636 0.9703005 -0.1513416 -0.188713 0.9802802 -0.07696706 -0.1820081 0.9803192 -0.07561445 -0.1823645 0.9847537 -0.006364762 -0.1738386 0.9847466 -0.003731369 -0.1739544 0.9843927 0.06342083 -0.164161 0.9836287 0.07391715 -0.16435 0.9774779 0.1464372 -0.1519648 0.9673255 0.1615868 -0.1953748 0.9642085 0.1792953 -0.1953337 0.9498798 0.1970488 -0.2426936 0.9460982 0.2144136 -0.2427445 0.9252474 0.2358617 -0.2971307 0.9214047 0.2503656 -0.2972045 0.2613655 -0.9619099 -0.08011013 0.2324882 -0.956102 -0.1783769 0.2512069 -0.9640291 -0.0868504 0.2082602 -0.9730736 -0.09877079 0.2354088 -0.9640033 -0.1236143 0.2044977 -0.9700804 -0.1308622 0.236102 -0.9567157 -0.1701503 0.1905628 -0.9652102 -0.1790398 0.218047 -0.9490286 -0.2275969 0.1578205 -0.9586033 -0.2370076 0.1803272 -0.937271 -0.2983373 0.1067637 -0.9457901 -0.306729 0.1224427 -0.9146739 -0.3852008 0.06454223 -0.9188871 -0.3892055 0.01160627 -0.8862612 -0.4630404 0.03656548 -0.8920239 -0.4505068 0.04914438 -0.8549785 -0.5163301 0.0203284 -0.8401622 -0.5419542 0.05677711 -0.8148237 -0.5769218 0.05145853 -0.8038129 -0.5926524 0.03689342 -0.7635233 -0.6447256 0.04169327 -0.765815 -0.641708 0.05996561 -0.6966019 -0.7149476 0.0528528 -0.6908264 -0.7210865 0.05555206 -0.6379827 -0.7680444 0.6295803 0.7447975 -0.2211458 0.6646413 0.7168022 -0.2108237 0.6838735 0.6934745 -0.2267378 0.711759 0.6636069 -0.2302718 0.7402759 0.622321 -0.2543781 0.762055 0.594822 -0.2558494 0.8041651 0.5170744 -0.2931767 0.8182013 0.4950338 -0.2923839 0.8565943 0.3972347 -0.3293191 0.8624931 0.3834241 -0.3302904 0.8882696 0.2856311 -0.3597111 0.891354 0.2758867 -0.359687 0.909395 0.1477345 -0.3888126 0.9106057 0.1415259 -0.3882883 0.9124332 0.004006505 -0.4092065 0.9126042 0.001775145 -0.4088404 0.9040832 -0.09254544 -0.4172158 0.9045569 -0.09585833 -0.4154373 0.8890109 -0.1882605 -0.4173939 0.8894791 -0.1932176 -0.4141185 0.8705238 -0.2711189 -0.4107104 0.8708693 -0.2771161 -0.4059476 0.845079 -0.3577819 -0.3972829 0.8451911 -0.3637808 -0.3915554 0.8146269 -0.4394382 -0.3785197 0.8145498 -0.4447574 -0.3724239 0.7814753 -0.5120452 -0.3565194 0.7813039 -0.5163943 -0.3505727 0.746747 -0.5758595 -0.3327986 0.7465711 -0.5792082 -0.3273371 0.711456 -0.6313682 -0.3085527 0.7113347 -0.6338186 -0.3037712 0.657746 -0.7014117 -0.2745758 0.6605986 -0.7009269 -0.2689071 0.5905716 -0.7735174 -0.2299915 0.5925301 -0.7729562 -0.226819 0.5260114 -0.8289457 -0.1901605 0.5268139 -0.8286814 -0.1890881 0.46319 -0.8726323 -0.1548165 0.462612 -0.8728241 -0.155461 0.4008897 -0.9077928 -0.1232872 0.3986922 -0.9084749 -0.1253715 0.3382366 -0.9362432 -0.09510374 0.3519017 -0.9322681 -0.08391332 0.3409987 -0.933974 -0.1068302 0.3631966 -0.9268068 -0.09548509 -2.13099e-5 0.4126902 0.9108715 0.01989477 -0.5591344 0.8288384 0.03801876 -0.5475805 0.8358889 -0.02296906 -0.57464 0.818084 0.02929681 -0.4948197 0.8685017 -0.03061079 -0.5157149 0.8562133 0.03312957 -0.4195193 0.9071418 -0.001328766 -0.5510048 0.8345011 0.009509742 -0.5674096 0.8233809 0.003250837 -0.5742623 0.818665 1.63251e-5 -0.577843 0.816148 -3.79993e-4 -0.577389 0.8164691 0.01570916 -0.5935829 0.8046196 0.009468555 -0.5802992 0.8143484 0.002600789 -0.568709 0.8225347 -9.4947e-4 -0.5599624 0.8285175 -3.14563e-4 -0.5527603 0.8333404 0.001905381 -0.5537028 0.8327122 7.96234e-4 -0.5550041 0.8318474 -0.01999419 -0.2843414 0.9585146 0.009528815 -0.2135693 0.9768815 -0.009308218 -0.1822325 0.9832114 0.003131508 -0.1509677 0.9885337 8.50027e-4 -0.1385285 0.9903581 -0.02868443 -0.4434381 0.895846 0.01157021 -0.3716975 0.9282818 -0.002602994 -0.3474929 0.937679 -4.14682e-5 -0.3250505 0.9456967 -5.34013e-5 -0.3094264 0.9509235 0.01597613 -0.2611596 0.9651634 2.55028e-4 -0.134029 0.9909774 2.56666e-4 -0.1139448 0.9934871 -0.006032347 -0.09876096 0.9950929 0.008167803 -0.05966746 0.998185 -0.007711529 -0.03234374 0.9994471 0.009839355 0.01945102 0.9997624 -0.002774596 0.03576153 0.9993565 6.53677e-5 0.06359243 0.997976 6.83765e-5 0.07486402 0.9971938 0.004622936 0.1040855 0.9945576 -0.006246984 0.116713 0.9931461 0.006705343 0.1806996 0.9835155 -0.004499375 0.1915259 0.9814773 0.002535581 0.2424101 0.9701707 4.34079e-4 0.2466456 0.9691057 -3.96732e-4 0.2782126 0.9605196 -0.001837313 0.2816352 0.9595198 0.002081871 0.5495699 0.8354452 0.0232675 0.5314416 0.8467754 -0.003073096 0.5435399 0.8393778 0.002450823 0.4776607 0.8785411 -1.93497e-4 0.4793108 0.8776452 -1.91201e-4 0.444316 0.8958702 -1.83478e-4 0.4441425 0.8959563 -4.32275e-4 0.4102549 0.9119709 -7.35777e-4 0.4104712 0.9118734 4.178e-4 0.3409642 0.9400763 -0.03151893 0.3590046 0.9328034 0.004539132 0.3346444 0.9423336 -0.001935184 0.5937814 0.8046241 0.005387067 0.6136631 0.7895497 0.001725733 0.6243569 0.7811375 -0.007470071 0.6698898 0.7424231 0 0.6680554 0.7441117 0 0.6680557 0.7441114 -0.0434609 0.6565585 0.7530221 0.01897525 0.6669777 0.7448362 -0.01397937 0.6103514 0.7920075 0.00592029 0.6185138 0.7857517 -0.005457401 0.5528316 0.8332751 0.02947872 0.566453 0.8235667 -0.04900586 0.5167079 0.8547581 0.06262087 0.5134325 0.8558421 -0.04044401 0.4741817 0.8794976 0.004421174 0.4901507 0.8716266 5.73732e-6 0.4505479 0.8927524 6.43546e-4 0.2865669 0.9580602 0.003362953 0.2901813 0.9569659 -0.05150282 0.3785408 0.9241507 0.04394882 0.389049 0.9201682 -0.004558801 0.3472566 0.9377592 0.002581179 0.1242519 0.9922474 -0.002654314 0.195522 0.9806958 -0.02536326 0.1780217 0.9836997 0.02993822 0.2367434 0.9711109 -0.007691621 0.2165059 0.9762511 -2.02443e-4 0.2562104 0.9666211 0.005217969 -0.02271974 0.9997283 -0.007005453 -0.03725486 0.9992813 7.62163e-4 -0.07183855 0.997416 0.02147006 0.1421482 0.9896125 -0.003665208 0.1108654 0.9938288 7.08233e-4 0.07822859 0.9969353 3.61021e-6 0.07237493 0.9973775 3.18899e-5 0.04173368 0.9991288 -3.4014e-4 0.0412327 0.9991495 -7.90489e-6 0.007906496 0.9999688 -0.007430315 -0.2626635 0.9648589 0.00204724 -0.3152893 0.9489934 0.009850561 -0.3384017 0.9409502 -0.002142012 -0.1065422 0.994306 -7.23699e-5 -0.1034797 0.9946316 -6.95164e-5 -0.141901 0.9898809 7.21184e-4 -0.1394982 0.9902222 -9.56244e-4 -0.1698772 0.9854648 0.001126527 -0.1651716 0.9862642 -0.001499831 -0.2055679 0.9786418 -0.002782046 -0.2077617 0.9781755 0.005474209 -0.2727413 0.9620718 -0.01827681 -0.5946913 0.8037465 0.001679897 -0.5610025 0.8278124 -0.001447021 -0.5535263 0.8328305 -2.82655e-4 -0.5532777 0.8329969 6.62172e-4 -0.5521813 0.8337239 -0.02871447 -0.6017008 0.7982054 0.005507349 -0.5719957 0.8202382 -1.7286e-5 -0.5779035 0.8161052 -0.003991067 -0.5732608 0.8193633 -0.009583652 -0.5677425 0.8231505 -0.01740592 -0.5606985 0.8278371 -0.00416702 -0.3569726 0.9341056 0.005141079 -0.4258483 0.90478 -0.005201458 -0.4192687 0.9078473 0.001741468 -0.4717342 0.8817391 0.008698642 -0.4869933 0.8733624 -0.004375755 -0.5098342 0.8602616 -1.92244e-4 -0.5288202 0.8487339 0.001097023 -0.570714 0.8211482 -0.02997756 -0.5528194 0.8327618 -0.02748888 -0.5543053 0.8318594 0.8603542 0.5085888 -0.03358811 0.8271386 0.5582015 -0.06521356 0.07084 0.9205201 0.3842197 0.3559802 0.9341223 0.02634137 0.3693872 0.9289354 0.02514457 -0.08059221 0.996694 0.01030129 -0.03392571 0.9994025 0.006605446 -0.4008547 0.9161348 -0.003555715 -0.5009561 0.8653057 -0.01699906 -0.6156758 0.7878146 -0.01706993 0.04497909 0.6248503 0.779448 -0.06362068 0.9927705 -0.1017807 -0.05263775 0.9926527 -0.1089495 -0.05080658 0.994116 -0.09566718 -0.03657448 0.994035 -0.1027467 -0.03648817 0.9949685 -0.09330832 -0.02515083 0.9949412 -0.09725928 -0.02633047 0.9953575 -0.09257519 -0.01523059 0.9953255 -0.09536916 -0.01600039 0.9956654 -0.09162187 -0.0768913 0.9911445 -0.1082611 -0.06707924 0.992554 -0.1016716 -0.05993521 0.9925069 -0.1064801 -0.08799457 0.9902668 -0.1078366 -0.09688311 0.9902344 -0.1002476 -0.1060636 0.986958 -0.1210971 -0.1209573 0.9870169 -0.1056736 -0.1214395 0.9865836 -0.1091117 -0.1454135 0.9827433 -0.114327 -0.1510844 0.9826747 -0.1073498 -0.1766141 0.9777474 -0.1132142 -0.1604958 0.9812579 -0.1066488 -0.1514472 0.9813667 -0.1182507 -0.1953904 0.9742781 -0.1122711 -0.2020867 0.9740451 -0.1019668 -0.2237023 0.9666743 -0.1244911 -0.2355144 0.9663742 -0.1032175 -0.2582578 0.9581205 -0.1237261 -0.2672864 0.9578973 -0.1048367 -0.290318 0.9489938 -0.1229891 -0.2969745 0.9488864 -0.1068686 -0.3197121 0.9395369 -0.1226972 -0.3246017 0.9395389 -0.1090893 -0.3661922 0.9232825 -0.1159866 -0.3438705 0.9321936 -0.1129968 -0.3412011 0.9321416 -0.1212183 -0.3770062 0.9191682 -0.1140007 -0.3785715 0.919233 -0.1081407 -0.405072 0.9064542 -0.1194053 -0.4088392 0.9068269 -0.102546 -0.4385626 0.8916102 -0.1126677 -0.4425404 0.8921693 -0.09050953 -0.467512 0.8785691 -0.0977199 -0.46996 0.879024 -0.08033972 -0.4766682 0.8750919 -0.08367651 -0.4789953 0.8754206 -0.06482362 -0.4928275 0.8674752 -0.06788206 0.07179695 0.9219909 0.3804972 0.1117276 0.9220733 0.3705374 0.1132712 0.9238352 0.3656479 0.1505631 0.9235743 0.3526209 0.1509554 0.9273605 0.3423669 0.1888217 0.9271718 0.3235723 0.1874415 0.9325053 0.3087064 0.2017233 0.9325538 0.2994182 0.2063339 0.9333027 0.2938922 0.2187966 0.9330962 0.2854115 0.213216 0.9404184 0.2648625 0.2316028 0.9403513 0.2491982 0.2220613 0.9485384 0.2257516 0.2324458 0.9485507 0.2149896 0.2189757 0.9570286 0.1901214 0.2199984 0.9570415 0.1888716 0.2198613 0.9593641 0.1768657 0.2206719 0.9593701 0.175821 0.1986008 0.9688011 0.148264 0.2028831 0.9688975 0.1416906 0.1788879 0.9769222 0.1167143 0.1814267 0.9769898 0.1121409 0.1560755 0.9836784 0.08954048 0.1583693 0.9837373 0.08473622 0.1320221 0.9891582 0.06431436 0.1339483 0.989192 0.05964249 0.1073359 0.9933571 0.04148173 0.1082988 0.9933612 0.03879243 0.08872789 0.9957451 0.02488297 0.09013253 0.9957181 0.0205332 0.054955 0.998483 0.003415882 0.05654269 0.9983971 -0.00248903 0.02325814 0.9995933 -0.01650488 0.02351993 0.9995672 -0.01767534 -0.01312959 0.9994602 -0.03011751 -0.0140556 0.9995897 -0.02495676 -0.04428833 0.9984536 -0.03360122 -0.04524832 0.9986191 -0.02669292 -0.05355387 0.9980977 -0.03054702 -0.05469548 0.9982727 -0.02145135 -0.07210105 0.9970795 -0.02518236 -0.004659593 0.995743 -0.09205502 -0.004326522 0.9956591 -0.09297436 0.02274298 0.9202814 0.3905958 0.02307564 0.9206068 0.3898085 0.04455858 0.6255377 0.7789205 0.1404451 0.6253387 0.767611 0.141736 0.6284652 0.7648155 0.2227219 0.6287525 0.7450271 0.224973 0.6326259 0.7410612 0.3010488 0.6319948 0.7141094 0.3029863 0.6406748 0.7055034 0.3828301 0.6402828 0.6659423 0.3839071 0.6529155 0.6529293 0.4189977 0.6531937 0.6306973 0.4249176 0.6550478 0.624786 0.4575545 0.6543286 0.602078 0.4555192 0.6721998 0.583652 0.5053982 0.6720314 0.5412453 0.4999794 0.6926195 0.5199028 0.5357047 0.6926817 0.4829208 0.5267016 0.714738 0.460147 0.5406986 0.7149962 0.4431992 0.5422804 0.7210899 0.4312324 0.5563658 0.721072 0.4129315 0.5398431 0.7468146 0.3883782 0.5619744 0.7473459 0.354484 0.5425755 0.7719386 0.3312444 0.5579357 0.7723672 0.3035731 0.5368279 0.7950252 0.2824018 0.5491524 0.7953578 0.2565888 0.5263129 0.8166118 0.2369386 0.5357655 0.8167905 0.2140294 0.5118734 0.83639 0.1960549 0.5179739 0.8364354 0.1791058 0.5002419 0.8500145 0.1650255 0.5065694 0.84986 0.1453459 0.4734333 0.8714998 0.1278638 0.4798026 0.871166 0.1042082 0.447007 0.8900787 0.08913236 0.451007 0.8896721 0.07124918 0.4150408 0.9079571 0.0579223 0.4171941 0.9076557 0.04593807 0.3877708 0.921022 0.03677481 0.3883718 0.9209301 0.03248482 0.3801476 0.9244921 0.02832669 0.3803963 0.9244489 0.02632635 0.3627939 0.9316037 0.02225285 0.3628471 0.9315971 0.02165168 0.3561723 0.9341405 0.02286767 0.3547053 0.9347135 0.0222457 -0.07947224 0.9967886 -0.009839057 -0.0735529 0.9972525 -0.008804917 -0.4996563 0.8653238 -0.03947615 -0.4954162 0.8677942 -0.0386793 -0.3562017 0.9341416 0.02235835 0.5060564 0.8624128 -0.01229131 0.1190912 0.9928773 0.003463268 -0.2861713 0.9578193 0.02623361 -0.3562219 0.9341427 0.02198809 -0.5167111 0.8555554 0.0321666 -0.044923 0.6249427 0.7793771 0.05889469 0.9927416 -0.1048607 0.05676406 0.9927179 -0.1062503 0.04642254 0.9941173 -0.09785628 0.0397436 0.9940755 -0.1011652 0.0331605 0.9949752 -0.09447115 0.0274685 0.9949587 -0.09645116 0.02395445 0.9953612 -0.09317904 0.01661348 0.9953364 -0.09502464 0.01458597 0.9956717 -0.09178918 0.004711627 0.9956607 -0.09293895 0.004272222 0.9957453 -0.09204965 0.1209549 0.9870163 -0.1056827 0.1111748 0.9870297 -0.1158125 0.09134298 0.9902705 -0.1049808 0.08799433 0.9902668 -0.1078366 0.07209664 0.9914852 -0.1084393 0.0704711 0.9925509 -0.0993812 0.06461936 0.9925464 -0.1033258 0.1188706 0.9887381 -0.09092181 0.137584 0.9827086 -0.1239132 0.1459383 0.9827408 -0.1136771 0.2320236 0.9665225 -0.1095423 0.2274239 0.9666419 -0.1178222 0.1979636 0.9742065 -0.1083162 0.1953886 0.9742785 -0.1122711 0.1697643 0.9789206 -0.1135539 0.1633005 0.9811807 -0.1030409 0.1564806 0.9813319 -0.1118108 0.3226289 0.939562 -0.1146027 0.3218215 0.9395626 -0.1168464 0.294631 0.9489566 -0.1125786 0.2942221 0.9489659 -0.1135659 0.2733365 0.9550107 -0.1150729 0.266256 0.9579441 -0.1070088 0.2614094 0.958091 -0.1171621 -0.04455852 0.6255381 0.7789201 -0.1421847 0.6252794 0.7673391 -0.1400107 0.6284107 0.7651779 -0.2258471 0.6286752 0.7441509 -0.2218729 0.6325678 0.7420448 -0.3056639 0.6318223 0.7122993 -0.2984475 0.6405431 0.7075547 -0.3890571 0.6400316 0.6625664 -0.3778121 0.6527584 0.6566312 -0.4257777 0.6531079 0.6262295 -0.4181539 0.6550735 0.629306 -0.4648396 0.6540187 0.5968114 -0.4484467 0.671998 0.5893338 -0.5128691 0.6717509 0.5345242 -0.4927718 0.6923881 0.5270435 -0.542805 0.69247 0.4752348 -0.5198914 0.7144864 0.4682117 -0.5470978 0.7150132 0.4352474 -0.5359628 0.7209594 0.439274 -0.562287 0.7209513 0.4050464 -0.5342745 0.7464954 0.396605 -0.5670271 0.7472925 0.3464596 -0.5378248 0.7716572 0.3395434 -0.5620882 0.7723472 0.2958663 -0.5329357 0.7947941 0.2903133 -0.5526282 0.7953309 0.2491003 -0.523064 0.816442 0.244595 -0.5386303 0.8167417 0.2069075 -0.5091977 0.8362902 0.2033135 -0.5203648 0.8363739 0.1723349 -0.4979786 0.8499851 0.17188 -0.5047095 0.8499438 0.1512085 -0.5150355 0.8442873 0.1480453 -0.4745509 0.871478 0.1238054 -0.4812989 0.8710076 0.09847408 -0.4456666 0.8901472 0.0949707 -0.4520856 0.8895055 0.06632184 -0.4141202 0.9080442 0.06292974 -0.4178549 0.9075343 0.04217708 -0.3872346 0.9210879 0.04057788 -0.3887701 0.9208589 0.02960866 -0.3797829 0.924549 0.03121155 -0.3804371 0.9244406 0.02602243 -0.3796125 0.9247738 0.02623236 -0.3628392 0.9315984 0.02173185 -0.3628019 0.9316031 0.02214378 0.08056771 0.9967004 0.009854018 0.07950592 0.9967917 -0.009238481 0.07350051 0.9972509 -0.009403407 0.07226198 0.9971117 -0.0233761 0.05447107 0.9982448 -0.02324414 0.05388903 0.9981578 -0.02787512 0.04487901 0.9985611 -0.02935487 0.0447821 0.9985447 -0.03005105 0.01342672 0.9995046 -0.02846771 0.01394528 0.9995757 -0.02557283 -0.02451896 0.9994543 -0.02214044 -0.02210402 0.9996913 -0.01134836 -0.05789875 0.9982941 -0.007537007 -0.05340445 0.9985309 0.009173929 -0.09194773 0.9956522 0.01491433 -0.08670729 0.9957479 0.03111243 -0.1104989 0.9933394 0.03266149 -0.1049735 0.9933139 0.04804271 -0.136584 0.9891965 0.05324667 -0.1291356 0.9890611 0.07129037 -0.1615908 0.9837728 0.07797127 -0.1526011 0.9835361 0.09679776 -0.1852898 0.9770417 0.1051533 -0.1747043 0.9767525 0.12423 -0.2075257 0.9689337 0.1345387 -0.1936141 0.9686167 0.1558698 -0.2262095 0.9593595 0.1686968 -0.2141998 0.9592826 0.1841074 -0.2257863 0.9570713 0.181756 -0.2131075 0.9569007 0.1972975 -0.238795 0.9484539 0.2083558 -0.2159678 0.9484315 0.2320252 -0.2381625 0.9401937 0.2435456 -0.2073206 0.9403273 0.2698198 -0.2250986 0.9329062 0.2810989 -0.2006299 0.9333335 0.2977187 -0.207468 0.9324908 0.2956656 -0.1823748 0.9324261 0.3119633 -0.1941573 0.9270111 0.3208637 -0.1471279 0.9272873 0.3442261 -0.1545499 0.9234611 0.3511894 -0.1105772 0.9237954 0.3665717 -0.1144808 0.9220235 0.3698199 -0.07024765 0.9219564 0.3808698 -0.07241857 0.9204816 0.3840174 -0.02270126 0.9206043 0.3898364 -0.02311849 0.9202694 0.3906021 0.5012379 0.8652346 -0.01139318 0.4996915 0.865326 -0.03898179 0.4953722 0.8677973 -0.03917187 0.4929816 0.8675144 -0.06624245 0.4788026 0.875404 -0.06645351 0.4769816 0.8751522 -0.08122366 0.4696249 0.8789761 -0.08278602 0.4679898 0.8786748 -0.09442591 0.441967 0.8921167 -0.09377187 0.4393154 0.891745 -0.1085947 0.4079512 0.9067645 -0.1065557 0.4060801 0.9065805 -0.1149387 0.3774046 0.9191872 -0.1125203 0.3770063 0.9191682 -0.1140008 0.3583282 0.9261825 -0.1174174 0.3450475 0.9321945 -0.1093416 0.3430234 0.9321839 -0.1156203 -1.05484e-5 0.9961951 -0.08715122 -2.11614e-5 0.9961959 -0.08714276 1 2.67844e-4 -2.33001e-5 -0.8132793 0.5333077 0.2327225 -0.7496887 0.3474079 0.5632714 -0.7630591 0.3927398 0.5133188 -0.7825734 0.3950183 0.4811856 -0.746455 0.3846617 0.542992 -0.7263759 0.3565031 0.5876085 -0.7153139 0.3536278 0.6027216 -0.7045132 0.3265418 0.6301044 -0.691877 0.336384 0.6388677 -0.648352 0.3163084 0.6925234 -0.6378931 0.3295888 0.6960342 -0.5510007 0.2628559 0.7920258 -0.5665604 0.3537535 0.744223 -0.5259866 0.3052707 0.7938185 -0.4604237 0.2488318 0.8521108 -0.4765899 0.284208 0.8319182 -0.382345 0.2715607 0.8832142 -0.3740141 0.2595208 0.890372 -0.2656322 0.2817137 0.9219962 -0.2735399 0.2942194 0.9157571 -0.1809853 0.250794 0.9509715 -0.1741054 0.2449809 0.9537671 -0.08062374 0.2994071 0.950713 -0.05470508 0.2647772 0.9627568 0.05477082 0.2648667 0.9627284 0.08068859 0.2994934 0.9506804 0.2097369 0.2230755 0.9519706 0.1726698 0.2774695 0.9450905 0.2943106 0.2587446 0.9200177 0.2746177 0.28014 0.9198406 0.4159162 0.2495844 0.8744835 0.365665 0.3373398 0.8674625 0.4876914 0.2578737 0.8340615 0.4789948 0.2646769 0.836965 0.5259933 0.3052045 0.7938397 0.5414504 0.32339 0.776048 0.5793252 0.2842769 0.7639169 0.6220667 0.3171162 0.7158704 0.6692188 0.2887513 0.684667 0.6483347 0.3163608 0.6925157 0.7010037 0.3405301 0.6266045 0.7018257 0.3500966 0.6203814 0.7359342 0.358914 0.574092 0.7223156 0.3703075 0.5840656 0.7562664 0.358309 0.5474267 0.7858293 0.4215819 0.4524834 0.7832379 0.3557983 0.5098488 0.7708237 0.4258623 0.473785 0.7540146 0.3610275 0.5487451 0.8102353 0.4155821 0.4132922 0.7929437 0.4421041 0.4192663 0.819929 0.4486268 0.3555988 0.7932227 0.4904798 0.3608704 0.8260682 0.4632182 0.3209989 0.8231443 0.4665805 0.3236297 0.8132792 0.5097805 0.2805366 0.8200075 0.5486118 0.1631347 0.8136911 0.5520138 0.1821749 0.8283045 0.5243467 0.1974142 0.8212494 0.5287678 0.2143694 0.8266108 0.5072087 0.2438318 0.830878 0.5010015 0.2421557 0.8133144 0.5097004 0.2805802 0.8269983 0.5420341 0.1492409 0.8123104 0.5628573 0.1527858 0.8066012 0.5793154 0.1174229 0.808143 0.5772631 0.1169288 0.7971173 0.5966771 0.09263116 0.7952311 0.598968 0.09404772 0.7991391 0.5969154 0.07119625 0.7810899 0.6199545 0.07453382 0.788374 0.6127211 0.05513203 0.7676985 0.6395533 0.04013413 0.7666745 0.6407542 0.04054999 0.7788339 0.6253621 0.04837363 0.7855501 0.6161475 0.05721324 -0.7677456 0.6394673 0.04059946 -0.7658742 0.6417399 0.04008376 -0.7947431 0.6040746 0.05896985 -0.782628 0.6201082 0.05439895 -0.7927852 0.6049873 0.07404106 -0.789393 0.6096163 0.0722962 -0.7967023 0.5982636 0.08571076 -0.7952261 0.5989748 0.09404665 -0.7917457 0.6031566 0.09664899 -0.8143792 0.5681605 0.1182382 -0.807621 0.576689 0.1232004 -0.812321 0.5628414 0.1527886 -0.8241674 0.5461353 0.1499475 -0.8283274 0.5243073 0.1974228 -0.8255576 0.5297512 0.1944694 -0.817169 0.5501938 0.1718187 -0.7846406 0.3756863 0.4931523 -0.7848231 0.4539785 0.4218486 -0.7929583 0.4420699 0.4192747 -0.809388 0.4462171 0.3818134 -0.8157628 0.4433571 0.3714373 -0.8042052 0.4874807 0.3400242 -0.8231428 0.466585 0.3236271 -0.8195008 0.4843844 0.3062524 -0.8214273 0.4947853 0.2836279 -0.8176349 0.504643 0.2771441 -0.8229802 0.5042312 0.2616381 -0.8222455 0.5075714 0.2574561 -0.8228468 0.5197266 0.2297987 0 -0.4997653 0.8661609 1.10607e-6 -0.5000004 0.8660253 6.15043e-6 -0.4999929 0.8660295 8.27265e-4 -0.4986526 0.8668016 -8.39823e-5 -0.5003266 0.8658369 -5.45271e-5 -0.5002575 0.8658767 -0.001842796 -0.497574 0.8674196 6.48324e-4 -0.5011731 0.8653469 9.37901e-4 -0.501402 0.8652139 -7.56626e-4 -0.4994031 0.8663695 -1.01585e-4 -0.5000568 0.8659926 1.07263e-4 -0.5000011 0.8660248 5.51107e-5 -0.5000375 0.8660038 9.89347e-6 -0.5000184 0.8660148 -4.16117e-6 -0.5000059 0.8660221 7.62578e-6 -0.500057 0.8659926 -5.25274e-5 -0.5000605 0.8659905 -8.70894e-5 -0.5000627 0.8659892 0.007595479 -0.4827573 0.8757212 -1.07271e-4 -0.5000013 0.8660247 -8.76588e-5 -0.5004917 0.8657414 -0.001131951 -0.5017905 0.8649886 0.001427352 -0.4982027 0.8670594 5.45274e-5 -0.5002584 0.8658763 6.46449e-4 -0.5013013 0.8652725 -7.37885e-4 -0.4988108 0.8667106 -2.71147e-6 -0.4999947 0.8660286 -1.38293e-5 -0.5000204 0.8660137 -4.43852e-6 -0.4999991 0.8660259 3.20734e-6 -0.499994 0.8660289 -8.83374e-7 -0.5000799 0.8659793 9.95047e-5 -0.5000627 0.8659893 0.001116633 -0.4990423 0.866577 0 -0.5000134 0.8660178 -3.67479e-6 -0.4999946 0.8660286 1.75549e-6 -0.5000035 0.8660234 0 0.4960813 0.8682761 0 -0.3055554 0.9521744 -2.46663e-4 -0.483246 0.8754847 0.1650381 -0.3843416 0.9083194 0.07301765 -0.4455929 0.8922531 0.01576262 -0.5075307 0.8614895 -0.002463638 -0.5417953 0.840507 0.00856024 -0.5243485 0.8514608 0.00116086 -0.5458169 0.8379036 -3.83549e-4 -0.5495233 0.8354784 0.001395881 -0.5407371 0.8411905 0.004489421 -0.531675 0.8469367 0.02038156 -0.5012807 0.8650447 0.03355079 -0.5113728 0.8587038 -0.0556367 -0.4450153 0.893793 -0.02313673 -0.4880605 0.8725031 0 -0.573487 0.8192147 0.001572668 -0.5377753 0.8430867 0.02044743 -0.5595307 0.8285574 0.01365911 -0.5508226 0.8345106 0.001041233 -0.4844856 0.8747987 -1.60533e-4 -0.4060304 0.9138596 -0.002530932 -0.3815045 0.9243636 -0.002859711 -0.3829746 0.9237546 0.004921972 -0.3092443 0.9509699 0.02367419 -0.2562162 0.9663296 4.81153e-6 -0.3055688 0.95217 -1.72682e-6 -0.2191368 0.9756942 5.89219e-5 -0.07347875 0.9972969 0.001287043 -0.1033958 0.9946395 0.005624771 -0.150088 0.9886567 0.00509715 -0.1530008 0.988213 0.001861751 -0.1912078 0.9815479 -0.003653526 0.05963259 0.9982137 -0.00137645 0.08516436 0.996366 -2.56469e-4 0.1078355 0.9941688 7.07127e-4 0.09300118 0.9956658 -5.16852e-4 0.02170765 0.9997643 0.001981973 -0.005977213 0.9999803 2.3366e-6 -0.03620535 0.9993444 0 -0.05956029 0.9982248 0.02398222 0.2832239 0.958754 0.01235592 0.243972 0.9697036 0.001862227 0.1784473 0.9839477 2.03867e-4 0.1359272 0.9907189 -0.02215111 0.1480202 0.9887362 -0.01598978 0.1687663 0.9855264 -0.008816421 0.1951635 0.9807312 0 0.2292413 0.9733697 -1.76314e-4 0.1348789 0.9908621 -0.001175463 0.1618998 0.9868066 0.008809626 0.1951753 0.9807289 0.0159946 0.1687706 0.9855256 -0.01914882 0.2851283 0.9582981 0.01677292 0.1429442 0.9895887 -0.01210719 0.2429012 0.9699755 -0.004734098 0.196282 0.9805361 3.28338e-7 0.2292392 0.9733701 -1.32476e-7 0.3282957 0.9445751 -1.5087e-5 0.3288923 0.9443675 0 0.4647302 0.8854525 -4.94709e-7 0.4647026 0.8854669 1.27724e-6 0.419672 0.9076759 -0.002389132 0.3664984 0.9304157 0.00117582 0.4188992 0.9080321 1.31434e-5 0.3684663 0.9296411 0 0.6012955 0.7990268 1.18307e-6 0.4961197 0.8682541 -1.85954e-6 0.5439532 0.8391156 -2.71014e-7 0.5439256 0.8391335 3.20539e-7 0.6013014 0.7990224 2.28204e-4 0.1078396 0.9941683 0.001317262 0.08514291 0.9963679 6.70156e-4 0.09251224 0.9957114 -1.23652e-4 0.05924302 0.9982436 4.83401e-4 0.02082216 0.9997831 -0.001969933 -0.005977213 0.9999803 -2.4789e-6 -0.03664243 0.9993284 1.78264e-6 -0.07243323 0.9973734 1.50668e-6 -0.2187276 0.975786 -0.003304243 -0.1699522 0.9854469 -0.006231367 -0.1500875 0.9886532 -0.003977775 -0.1323047 0.9912012 -0.001335144 -0.1040114 0.9945753 -4.81056e-6 -0.3055554 0.9521744 0 -0.305578 0.9521671 -0.02398794 -0.2555563 0.9664965 -0.01336437 -0.2853485 0.9583307 9.37634e-4 -0.3375262 0.9413158 -5.45446e-4 -0.3921609 0.9198966 9.46608e-6 -0.3953842 0.9185159 0.009759247 -0.565108 0.8249594 -0.01224422 -0.6593409 0.7517445 0.00501734 -0.5171222 0.855897 0.05544972 -0.4628804 0.8846848 -0.03292268 -0.5355697 0.8438491 0.0746876 -0.4305134 0.8994888 -0.008560299 -0.5185345 0.8550139 0.07875192 -0.6928703 0.7167488 -0.06686884 -0.4514942 0.889765 -0.0803796 -0.2827493 0.9558202 -0.05866831 -0.4881472 0.8707872 -0.05248367 -0.5056191 0.861159 -0.04963243 -0.5106328 0.8583652 -0.0305044 -0.5092303 0.8600896 -0.01759076 -0.4988287 0.8665221 -3.48864e-5 -0.4835956 0.8752917 -0.009336113 -0.4777146 0.8784655 -0.1276561 -0.4017646 0.9068017 -0.03497487 -0.4738221 0.8799258 -0.9966356 0.001128494 0.08195382 -0.9977725 -4.34021e-4 0.06670838 -0.9987415 -0.004028975 0.04999369 -0.9982228 -0.01245212 0.05827796 -0.9984167 -0.009727478 0.05540508 -0.9976959 -0.01830995 0.065328 -0.998275 -0.009531915 0.05793404 -0.9984372 -0.004477322 0.05570524 -0.9984551 -0.003417849 0.05545967 -0.9985266 -0.001548588 0.0542429 -0.9984918 -8.78857e-4 0.05489432 -0.9984905 -1.86749e-4 0.05492484 -0.9984871 -3.05943e-4 0.05498528 -0.9984607 3.94605e-6 0.05546605 -0.9984831 3.41305e-4 0.05505818 -0.9964708 -3.76267e-7 0.08394086 -0.9939852 1.3269e-6 0.1095147 -0.991714 0.01288616 0.1278176 -0.9798429 0.007721483 0.1996212 -0.9804493 0.01077717 0.1964766 -0.9848517 6.97143e-7 0.173399 -0.9897099 0 0.1430891 -0.9486008 -3.72091e-4 0.3164751 -0.948597 3.07826e-7 0.3164868 -0.959768 0.01226145 0.2805263 -0.9601433 0.01365447 0.2791744 -0.9694008 4.46969e-7 0.2454836 -0.9743308 9.07097e-7 0.2251213 -0.9197404 1.37094e-6 0.3925274 -0.9271795 0.012452 0.3744105 -0.9348806 0.004101693 0.3549388 -0.9409925 -4.33409e-7 0.3384275 -0.8455647 1.25101e-6 0.5338731 -0.8759042 0.01051092 0.4823706 -0.8800171 0.003825247 0.4749269 -0.9036154 1.49355e-6 0.4283449 -0.8281179 1.21755e-6 0.5605541 -0.7972135 0.00959891 0.6036211 -0.797049 0.009746074 0.603836 -0.7611824 5.3183e-7 0.6485379 -0.7306067 9.84826e-7 0.6827986 -0.691965 0.01041972 0.7218559 -0.6708135 -6.70432e-6 0.7416261 -0.5381973 1.48077e-5 0.842819 -0.5671967 0.01837038 0.8233775 -0.4718687 7.57059e-7 0.8816688 -0.3941006 2.88753e-7 0.9190674 -0.3230238 0.01532799 0.9462668 -0.0838086 0 0.996482 -0.09905278 0.005629837 0.9950664 -0.1858466 1.6157e-7 0.9825788 -0.2748375 1.92761e-7 0.9614907 0 1 -1.94998e-6 0 1 7.3723e-7 0 1 1.3803e-7 0 1 -1.03453e-6 0 1 -1.20538e-7 0 1 0 0 1 0 0 1 1.3485e-7 0 1 0 0 1 -2.76174e-7 0 1 -5.40913e-7 0 1 2.33574e-7 0 1 -7.72222e-7 0 1 2.70806e-7 0 1 -2.43747e-7 0 1 0 0 1 -2.04419e-7 0 1 -1.35094e-7 0 1 3.53814e-7 0 1 2.02928e-6 0 1 -3.93131e-7 0 1 2.5969e-7 0 1 1.75335e-6 0 1 -1.11893e-6 0 1 1.41197e-6 0 1 -3.54876e-7 0 1 -1.29449e-7 0 1 -3.26865e-6 0 1 2.63574e-6 0 1 -2.18731e-7 0 1 3.09036e-7 0 1 2.58116e-7 0 1 0 0.998535 4.82194e-4 0.05410683 0.9984951 -3.44623e-5 0.05484372 0.9984439 -0.001672685 0.05574095 0.9985381 -4.64043e-4 0.05404949 0.9983784 -0.003694593 0.05680656 0.9985215 -0.00156033 0.05433803 0.9983129 -0.007605373 0.05756479 0.9984718 -0.005117416 0.05502796 0.9979602 -0.01492983 0.06206971 0.9977781 -0.01768732 0.06423437 0.9983791 -0.01027107 0.05597966 0.9987391 -0.004586577 0.04999113 0.9979648 -0.00104922 0.06375932 0.9977383 -3.81155e-4 0.06721818 0.9969416 7.39779e-4 0.07814711 0.9970934 -1.20344e-6 0.0761885 0.9946339 4.61902e-7 0.1034584 0.9932885 0.01167982 0.1150718 0.9906691 -1.00131e-6 0.1362892 0.9860504 0 0.1664468 0.9835005 0.01092046 0.1805755 0.9801359 0 0.1983274 0.9569991 -1.26488e-6 0.2900912 0.9639055 -1.10452e-6 0.266245 0.9700726 0.006119072 0.2427382 0.971607 0.001340329 0.236597 0.9765461 -5.41052e-7 0.2153087 0.9428185 0.02006888 0.3327021 0.9474439 0.00428617 0.3198933 0.9305349 -1.31415e-6 0.3662032 0.9163417 -1.39756e-6 0.4003973 0.9062925 0.01508468 0.4223819 0.890156 -1.07395e-6 0.455656 0.8416895 0.01086109 0.5398527 0.8367862 0.01674741 0.5472736 0.865764 -1.20289e-6 0.5004526 0.6950307 -1.176e-6 0.7189801 0.7454063 0.01162236 0.6665092 0.7448198 0.01116305 0.6671724 0.7857103 -1.47189e-6 0.6185947 0.8080288 -1.82185e-6 0.589143 0.5009366 -1.88387e-6 0.8654841 0.5953541 0.001799941 0.8034616 0.5672783 0.02130228 0.8232505 0.6511129 -7.49767e-7 0.758981 0.4263432 -2.09724e-6 0.9045615 0.3838666 0.01626986 0.9232454 0.3025913 -1.08869e-6 0.9531204 0.1268404 0 0.9919232 0.08390074 0.02360779 0.9961945 0.214003 -1.26168e-6 0.976833 0 0.995121 0.09866309 0 0.9951209 0.09866386 -0.004101753 0.9760735 0.2174028 -0.0119301 0.9312129 0.3642806 0.003234326 0.9813065 0.1924244 0.006552219 0.9631482 0.2688916 -5.83613e-5 0.9857664 0.1681211 2.57629e-5 0.9157658 0.4017126 -5.4752e-7 0.9161228 0.4008979 4.0185e-7 0.8264257 0.5630459 -7.38374e-4 0.8356004 0.5493375 9.89693e-4 0.6665174 0.7454889 0.001206457 0.6638781 0.7478399 -9.70642e-4 0.4410839 0.8974654 0.002417087 0.3786705 0.9255285 -0.001115143 0.2116995 0.9773343 0 0.1636817 0.9865132 0 -0.004092514 0.9999917 -0.006074011 -0.1339387 0.990971 0 -0.2451592 0.9694828 0.01150214 0.9911041 0.132591 3.32023e-4 0.9302052 0.3670396 -4.755e-4 0.7872934 0.6165785 0.007820308 0.8552407 0.5181722 -0.008448839 0.6227742 0.7823562 0.00137794 0.717965 0.6960778 -0.001165926 0.4412883 0.8973647 -7.01071e-4 0.4476967 0.8941853 4.1602e-4 0.2116983 0.977335 0 -0.2079802 0.9781332 0.005204737 -0.1339394 0.9909759 0 0.03408056 0.9994191 0 0.201146 0.9795613</float_array>
          <technique_common>
            <accessor source="#MRH-F-Distal-Sensor-Visual_00-mesh-normals-array" count="3287" stride="3">
              <param name="X" type="float"/>
              <param name="Y" type="float"/>
              <param name="Z" type="float"/>
            </accessor>
          </technique_common>
        </source>
        <vertices id="MRH-F-Distal-Sensor-Visual_00-mesh-vertices">
          <input semantic="POSITION" source="#MRH-F-Distal-Sensor-Visual_00-mesh-positions"/>
        </vertices>
        <triangles material="black_spec-material" count="3304">
          <input semantic="VERTEX" source="#MRH-F-Distal-Sensor-Visual_00-mesh-vertices" offset="0"/>
          <input semantic="NORMAL" source="#MRH-F-Distal-Sensor-Visual_00-mesh-normals" offset="1"/>
          <p>0 0 1 0 2 0 3 1 4 1 2 1 5 2 6 2 1 2 1 3 6 3 2 3 4 4 0 4 2 4 7 5 8 5 9 5 10 6 11 6 12 6 12 7 13 7 10 7 10 8 13 8 14 8 10 9 14 9 15 9 16 10 17 10 18 10 18 11 17 11 19 11 18 12 19 12 20 12 20 13 19 13 15 13 20 14 15 14 21 14 21 15 15 15 14 15 17 16 7 16 19 16 19 17 7 17 9 17 19 18 9 18 15 18 15 19 9 19 22 19 15 20 22 20 10 20 10 21 22 21 23 21 10 22 23 22 11 22 11 23 23 23 24 23 8 24 5 24 9 24 9 25 5 25 1 25 9 26 1 26 22 26 22 27 1 27 0 27 22 28 0 28 23 28 23 29 0 29 4 29 23 30 4 30 24 30 24 31 4 31 3 31 25 32 26 32 12 32 3 33 2 33 27 33 27 34 28 34 3 34 3 35 28 35 29 35 3 36 29 36 24 36 24 37 29 37 25 37 24 38 25 38 11 38 11 39 25 39 12 39 30 40 31 40 32 40 33 41 34 41 35 41 32 42 36 42 30 42 30 43 36 43 37 43 30 44 37 44 38 44 38 45 37 45 33 45 38 46 33 46 39 46 39 47 33 47 35 47 40 48 41 48 42 48 42 49 41 49 43 49 44 50 45 50 46 50 40 51 42 51 47 51 47 52 42 52 48 52 47 53 48 53 49 53 50 54 48 54 51 54 51 55 48 55 42 55 51 56 42 56 44 56 44 57 42 57 43 57 44 58 43 58 45 58 32 59 52 59 53 59 53 60 52 60 49 60 32 61 50 61 54 61 54 62 50 62 51 62 54 63 51 63 55 63 55 64 51 64 44 64 55 65 44 65 56 65 56 66 44 66 46 66 56 67 46 67 57 67 32 68 54 68 36 68 36 69 54 69 55 69 36 70 55 70 37 70 37 71 55 71 56 71 37 72 56 72 33 72 33 73 56 73 57 73 33 74 57 74 34 74 49 75 48 75 53 75 53 76 48 76 50 76 53 77 50 77 32 77 58 78 59 78 60 78 60 79 59 79 61 79 62 80 63 80 61 80 61 81 63 81 64 81 61 82 64 82 60 82 65 83 66 83 67 83 65 84 67 84 68 84 62 85 61 85 67 85 67 86 61 86 69 86 67 87 69 87 68 87 70 88 71 88 72 88 72 89 71 89 73 89 72 90 73 90 67 90 74 91 75 91 67 91 67 92 75 92 76 92 76 93 77 93 67 93 67 94 77 94 78 94 67 95 78 95 72 95 66 96 79 96 67 96 67 97 79 97 80 97 67 98 80 98 74 98 70 99 81 99 71 99 71 100 81 100 82 100 71 101 82 101 83 101 83 102 84 102 71 102 71 103 84 103 85 103 71 104 85 104 86 104 31 105 87 105 88 105 88 106 87 106 89 106 88 107 89 107 90 107 91 108 38 108 92 108 92 109 38 109 39 109 92 110 39 110 35 110 93 111 90 111 94 111 94 112 90 112 89 112 94 113 89 113 95 113 27 114 93 114 28 114 28 115 93 115 94 115 28 116 94 116 29 116 29 117 94 117 95 117 29 118 95 118 25 118 31 119 30 119 87 119 87 120 30 120 38 120 87 121 38 121 89 121 89 122 38 122 91 122 89 123 91 123 95 123 95 124 91 124 92 124 95 125 92 125 25 125 25 126 92 126 35 126 25 127 35 127 26 127 96 128 34 128 97 128 97 129 34 129 57 129 97 130 57 130 98 130 98 131 57 131 46 131 98 132 46 132 99 132 99 133 46 133 45 133 99 134 45 134 100 134 41 135 40 135 101 135 45 136 43 136 100 136 100 137 43 137 41 137 100 138 41 138 102 138 102 139 41 139 101 139 103 140 12 140 26 140 103 141 26 141 96 141 96 142 26 142 35 142 96 140 35 140 34 140 12 143 103 143 13 143 13 144 103 144 104 144 13 145 104 145 14 145 14 146 104 146 105 146 14 147 105 147 21 147 21 148 105 148 106 148 21 149 106 149 20 149 20 150 106 150 107 150 20 151 107 151 18 151 18 152 107 152 108 152 18 153 108 153 16 153 16 154 108 154 109 154 110 155 111 155 112 155 113 156 110 156 114 156 114 157 110 157 112 157 114 158 112 158 115 158 115 159 112 159 116 159 115 160 116 160 117 160 117 161 116 161 118 161 117 162 118 162 119 162 119 163 118 163 120 163 119 164 120 164 121 164 121 165 120 165 122 165 123 166 124 166 125 166 125 167 124 167 126 167 125 168 126 168 127 168 128 169 129 169 127 169 127 170 129 170 130 170 127 171 130 171 125 171 125 172 130 172 131 172 125 173 131 173 123 173 113 174 129 174 110 174 110 175 129 175 128 175 110 176 128 176 111 176 132 177 133 177 134 177 134 178 133 178 135 178 135 179 133 179 123 179 123 180 133 180 136 180 123 181 136 181 124 181 137 182 138 182 139 182 140 183 132 183 141 183 141 184 132 184 134 184 141 185 142 185 140 185 140 186 142 186 143 186 140 187 143 187 144 187 144 188 143 188 145 188 144 189 145 189 146 189 146 190 145 190 147 190 146 191 147 191 148 191 147 192 149 192 148 192 148 193 149 193 150 193 148 194 150 194 151 194 151 195 150 195 152 195 151 196 152 196 153 196 153 197 152 197 154 197 155 198 156 198 157 198 157 199 156 199 158 199 157 200 158 200 154 200 154 201 158 201 159 201 154 202 159 202 153 202 155 203 160 203 156 203 156 204 160 204 161 204 156 205 161 205 162 205 162 206 161 206 163 206 164 207 165 207 166 207 166 208 165 208 167 208 166 209 167 209 168 209 168 210 167 210 169 210 168 211 169 211 170 211 170 212 169 212 171 212 170 213 171 213 172 213 172 214 171 214 173 214 172 215 173 215 163 215 163 216 173 216 174 216 163 217 174 217 162 217 166 218 175 218 164 218 164 219 175 219 176 219 164 220 176 220 177 220 177 221 176 221 178 221 177 222 178 222 179 222 179 223 178 223 180 223 179 224 180 224 181 224 181 225 180 225 182 225 181 226 182 226 138 226 138 227 182 227 183 227 138 228 183 228 139 228 137 229 139 229 184 229 184 230 139 230 185 230 184 231 185 231 186 231 185 232 187 232 186 232 186 233 187 233 188 233 189 234 190 234 191 234 191 235 190 235 192 235 191 236 192 236 193 236 193 237 192 237 194 237 193 238 194 238 195 238 195 239 194 239 196 239 195 240 196 240 197 240 197 241 196 241 198 241 197 242 198 242 199 242 199 243 198 243 200 243 199 244 200 244 201 244 202 245 203 245 204 245 202 246 204 246 205 246 205 247 204 247 206 247 205 248 206 248 207 248 207 249 206 249 208 249 207 250 208 250 209 250 209 251 208 251 210 251 209 252 210 252 189 252 189 253 210 253 211 253 189 254 211 254 190 254 203 255 202 255 212 255 212 256 202 256 213 256 212 257 213 257 214 257 213 258 215 258 214 258 214 259 215 259 216 259 214 260 216 260 217 260 217 261 216 261 218 261 217 262 218 262 219 262 219 263 218 263 220 263 220 264 218 264 221 264 220 265 221 265 222 265 222 266 221 266 223 266 223 267 221 267 224 267 223 268 224 268 225 268 226 269 227 269 228 269 228 270 227 270 229 270 228 271 229 271 225 271 225 272 229 272 230 272 225 273 230 273 223 273 188 274 187 274 231 274 231 275 187 275 232 275 228 276 233 276 226 276 226 277 233 277 234 277 226 278 234 278 235 278 235 279 234 279 236 279 235 280 236 280 237 280 237 281 236 281 238 281 237 282 238 282 232 282 232 283 238 283 239 283 232 284 239 284 231 284 240 285 241 285 242 285 242 286 241 286 199 286 242 287 199 287 201 287 243 288 244 288 245 288 245 289 244 289 246 289 245 290 246 290 247 290 247 291 246 291 248 291 249 292 250 292 251 292 251 293 250 293 240 293 241 294 240 294 252 294 252 295 240 295 250 295 252 296 250 296 248 296 248 297 250 297 249 297 248 298 249 298 247 298 253 299 243 299 245 299 254 300 255 300 256 300 256 301 255 301 257 301 256 302 257 302 258 302 258 303 257 303 259 303 258 304 259 304 260 304 260 305 259 305 261 305 260 306 261 306 262 306 262 307 261 307 253 307 262 308 253 308 263 308 263 309 253 309 245 309 16 310 109 310 264 310 265 311 266 311 267 311 267 312 266 312 16 312 267 313 16 313 268 313 268 314 16 314 264 314 5 315 269 315 270 315 5 316 270 316 6 316 6 317 270 317 271 317 6 318 271 318 2 318 269 319 5 319 272 319 272 320 5 320 8 320 272 321 8 321 273 321 8 322 7 322 273 322 273 323 7 323 17 323 273 324 17 324 274 324 274 325 17 325 16 325 274 326 16 326 266 326 275 327 276 327 27 327 27 328 276 328 277 328 27 329 277 329 93 329 278 330 279 330 280 330 280 331 281 331 278 331 278 332 281 332 282 332 278 333 282 333 275 333 275 334 282 334 283 334 275 335 283 335 276 335 284 336 285 336 286 336 286 337 287 337 284 337 284 338 287 338 288 338 284 339 288 339 279 339 279 340 288 340 289 340 279 341 289 341 280 341 290 342 291 342 292 342 292 343 291 343 293 343 292 344 293 344 285 344 285 345 293 345 294 345 285 346 294 346 286 346 295 347 296 347 290 347 290 348 296 348 297 348 290 349 297 349 291 349 298 350 299 350 295 350 295 351 299 351 300 351 295 352 300 352 296 352 301 353 302 353 298 353 298 354 302 354 303 354 298 355 303 355 299 355 93 356 277 356 90 356 90 357 277 357 304 357 90 358 304 358 88 358 88 359 304 359 305 359 88 360 305 360 31 360 31 361 305 361 306 361 31 362 306 362 307 362 307 363 306 363 308 363 307 364 308 364 301 364 301 365 308 365 309 365 301 366 309 366 302 366 32 367 31 367 307 367 307 368 301 368 32 368 32 369 301 369 298 369 32 370 298 370 310 370 279 371 2 371 284 371 284 372 2 372 271 372 284 373 271 373 285 373 298 374 295 374 310 374 310 375 295 375 290 375 310 376 290 376 271 376 271 377 290 377 292 377 271 378 292 378 285 378 279 379 278 379 2 379 2 380 278 380 275 380 2 381 275 381 27 381 311 382 40 382 312 382 312 383 40 383 47 383 312 384 47 384 313 384 313 385 47 385 49 385 313 386 49 386 314 386 314 387 49 387 52 387 314 388 52 388 315 388 315 389 52 389 32 389 315 390 32 390 310 390 101 391 40 391 316 391 316 391 40 391 317 391 311 392 318 392 40 392 40 391 318 391 319 391 40 393 319 393 317 393 320 394 255 394 254 394 321 395 322 395 323 395 324 396 325 396 326 396 327 397 328 397 329 397 330 398 331 398 332 398 333 399 334 399 335 399 336 400 337 400 338 400 337 401 336 401 339 401 340 402 61 402 59 402 61 403 340 403 69 403 69 404 340 404 341 404 69 405 341 405 68 405 66 406 342 406 79 406 79 407 342 407 343 407 79 408 343 408 80 408 75 409 74 409 344 409 345 410 72 410 78 410 346 411 347 411 348 411 348 412 347 412 349 412 348 413 349 413 350 413 350 414 349 414 351 414 352 415 353 415 354 415 354 416 353 416 355 416 354 417 355 417 338 417 338 418 355 418 356 418 338 419 356 419 336 419 333 420 335 420 357 420 358 421 359 421 360 421 332 422 361 422 362 422 362 423 361 423 363 423 331 424 364 424 332 424 332 425 364 425 365 425 332 426 365 426 361 426 361 427 365 427 366 427 361 428 366 428 363 428 367 429 368 429 369 429 369 430 368 430 370 430 371 431 372 431 373 431 373 432 372 432 374 432 375 433 376 433 374 433 374 434 376 434 377 434 374 435 377 435 373 435 378 436 379 436 380 436 380 437 379 437 375 437 381 438 382 438 378 438 378 439 382 439 383 439 378 440 383 440 379 440 378 441 384 441 381 441 381 442 384 442 385 442 381 443 385 443 386 443 386 444 385 444 387 444 387 445 385 445 388 445 387 446 388 446 389 446 389 447 388 447 390 447 389 448 390 448 391 448 391 449 390 449 392 449 391 450 392 450 393 450 393 451 392 451 394 451 394 452 392 452 395 452 394 453 395 453 396 453 396 454 395 454 397 454 396 455 397 455 398 455 398 456 397 456 399 456 398 457 399 457 400 457 401 458 402 458 399 458 399 459 402 459 403 459 399 460 403 460 400 460 404 461 405 461 406 461 406 462 405 462 407 462 406 463 407 463 401 463 401 464 407 464 408 464 401 465 408 465 402 465 409 466 410 466 411 466 411 467 410 467 344 467 412 468 413 468 414 468 414 469 413 469 415 469 414 470 415 470 416 470 416 471 415 471 417 471 416 472 417 472 418 472 418 473 417 473 419 473 418 474 419 474 420 474 421 475 412 475 422 475 422 476 412 476 414 476 422 477 414 477 423 477 423 478 414 478 416 478 423 479 416 479 424 479 424 480 416 480 418 480 424 481 418 481 425 481 425 482 418 482 420 482 425 483 420 483 426 483 427 484 428 484 429 484 429 485 428 485 345 485 429 486 345 486 430 486 430 487 345 487 78 487 430 488 78 488 77 488 431 489 421 489 432 489 432 490 421 490 422 490 432 491 422 491 433 491 433 492 422 492 423 492 433 493 423 493 434 493 434 494 423 494 424 494 434 495 424 495 435 495 435 496 424 496 425 496 435 497 425 497 436 497 436 498 425 498 426 498 436 499 426 499 437 499 326 500 438 500 439 500 440 501 431 501 441 501 441 502 431 502 432 502 441 503 432 503 442 503 442 504 432 504 433 504 442 505 433 505 443 505 443 506 433 506 434 506 443 507 434 507 444 507 444 508 434 508 435 508 444 509 435 509 445 509 445 510 435 510 436 510 445 511 436 511 446 511 446 512 436 512 437 512 446 513 437 513 447 513 326 514 448 514 324 514 324 515 448 515 449 515 324 516 449 516 450 516 450 517 449 517 451 517 450 518 451 518 452 518 452 519 451 519 453 519 452 520 453 520 454 520 454 521 453 521 455 521 454 522 455 522 456 522 456 523 455 523 457 523 456 524 457 524 458 524 458 525 457 525 459 525 460 526 459 526 461 526 461 527 459 527 457 527 461 528 457 528 462 528 462 529 457 529 455 529 462 530 455 530 463 530 463 531 455 531 453 531 463 532 453 532 464 532 464 533 453 533 451 533 464 534 451 534 465 534 465 535 451 535 449 535 465 536 449 536 466 536 466 537 449 537 448 537 326 538 439 538 448 538 448 539 439 539 467 539 448 540 467 540 466 540 466 541 467 541 468 541 466 542 468 542 465 542 465 543 468 543 469 543 465 544 469 544 464 544 464 545 469 545 470 545 464 546 470 546 463 546 463 547 470 547 471 547 463 548 471 548 462 548 462 549 471 549 472 549 462 550 472 550 461 550 461 551 472 551 473 551 461 552 473 552 460 552 474 553 475 553 476 553 476 554 475 554 477 554 476 555 477 555 478 555 478 556 477 556 479 556 478 557 479 557 480 557 479 558 481 558 480 558 480 559 481 559 482 559 480 560 482 560 427 560 427 561 482 561 483 561 427 562 483 562 428 562 360 563 484 563 485 563 485 564 484 564 486 564 485 565 486 565 487 565 487 566 486 566 488 566 487 567 488 567 489 567 489 568 488 568 490 568 489 569 490 569 491 569 491 570 490 570 492 570 491 571 492 571 493 571 493 572 492 572 494 572 493 573 494 573 495 573 495 574 494 574 496 574 495 575 496 575 497 575 497 576 496 576 498 576 497 577 498 577 499 577 499 578 498 578 500 578 499 579 500 579 501 579 501 580 500 580 502 580 501 581 502 581 503 581 503 582 502 582 504 582 503 583 504 583 505 583 505 584 504 584 506 584 505 585 506 585 507 585 507 586 506 586 508 586 507 587 508 587 509 587 509 588 508 588 510 588 359 589 511 589 360 589 360 590 511 590 512 590 360 591 512 591 484 591 484 592 512 592 513 592 484 593 513 593 486 593 486 594 513 594 514 594 486 595 514 595 488 595 488 596 514 596 515 596 488 597 515 597 490 597 490 598 515 598 516 598 490 599 516 599 492 599 492 600 516 600 517 600 492 601 517 601 494 601 494 602 517 602 518 602 494 603 518 603 496 603 496 604 518 604 519 604 496 605 519 605 498 605 498 606 519 606 520 606 498 607 520 607 500 607 500 608 520 608 521 608 500 609 521 609 502 609 502 610 521 610 522 610 502 611 522 611 504 611 504 612 522 612 523 612 504 613 523 613 506 613 506 614 523 614 524 614 506 615 524 615 508 615 508 616 524 616 525 616 508 617 525 617 510 617 510 618 525 618 526 618 513 619 357 619 514 619 514 620 357 620 335 620 514 621 335 621 515 621 515 622 335 622 527 622 515 623 527 623 516 623 516 624 527 624 528 624 516 625 528 625 517 625 517 626 528 626 529 626 517 627 529 627 518 627 518 628 529 628 530 628 518 629 530 629 519 629 519 630 530 630 531 630 519 631 531 631 520 631 520 632 531 632 532 632 520 633 532 633 521 633 521 634 532 634 533 634 521 635 533 635 522 635 522 636 533 636 534 636 522 637 534 637 523 637 523 638 534 638 535 638 523 639 535 639 524 639 524 640 535 640 536 640 524 641 536 641 525 641 525 642 536 642 537 642 525 643 537 643 526 643 526 644 537 644 538 644 527 645 539 645 528 645 528 646 539 646 540 646 528 647 540 647 529 647 529 648 540 648 541 648 529 649 541 649 530 649 530 650 541 650 542 650 530 651 542 651 531 651 531 652 542 652 543 652 531 653 543 653 532 653 532 654 543 654 544 654 532 655 544 655 533 655 533 656 544 656 545 656 533 657 545 657 534 657 534 658 545 658 546 658 534 659 546 659 535 659 535 660 546 660 547 660 535 661 547 661 536 661 536 662 547 662 548 662 536 663 548 663 537 663 537 664 548 664 549 664 537 665 549 665 538 665 538 666 549 666 550 666 551 667 552 667 553 667 554 668 555 668 556 668 556 669 555 669 557 669 556 670 557 670 558 670 558 671 557 671 551 671 558 672 551 672 559 672 559 673 551 673 553 673 560 674 561 674 562 674 562 675 563 675 560 675 560 676 563 676 564 676 560 677 564 677 565 677 565 678 564 678 566 678 565 679 566 679 567 679 566 680 568 680 567 680 567 681 568 681 569 681 567 682 569 682 570 682 570 683 569 683 571 683 570 684 571 684 572 684 572 685 571 685 573 685 572 686 573 686 552 686 552 687 573 687 574 687 552 688 574 688 553 688 575 689 550 689 576 689 576 690 550 690 549 690 576 691 549 691 577 691 577 692 549 692 548 692 577 693 548 693 578 693 578 694 548 694 547 694 578 695 547 695 579 695 579 696 547 696 546 696 579 697 546 697 580 697 580 698 546 698 545 698 580 699 545 699 581 699 581 700 545 700 544 700 581 701 544 701 582 701 582 702 544 702 543 702 582 703 543 703 583 703 583 704 543 704 542 704 583 705 542 705 584 705 584 706 542 706 541 706 584 707 541 707 585 707 585 708 541 708 540 708 585 709 540 709 586 709 586 710 540 710 539 710 587 711 575 711 588 711 588 712 575 712 576 712 588 713 576 713 589 713 589 714 576 714 577 714 589 715 577 715 590 715 590 716 577 716 578 716 590 717 578 717 591 717 591 718 578 718 579 718 591 719 579 719 592 719 592 720 579 720 580 720 592 721 580 721 593 721 593 722 580 722 581 722 593 723 581 723 594 723 594 724 581 724 582 724 594 725 582 725 595 725 595 726 582 726 583 726 595 727 583 727 596 727 596 728 583 728 584 728 596 729 584 729 597 729 597 730 584 730 585 730 597 731 585 731 598 731 598 732 585 732 586 732 351 733 349 733 339 733 339 734 349 734 599 734 339 735 599 735 337 735 337 736 599 736 600 736 337 737 600 737 338 737 338 738 600 738 601 738 338 739 601 739 354 739 555 740 587 740 557 740 557 741 587 741 588 741 557 742 588 742 551 742 551 743 588 743 589 743 551 744 589 744 552 744 552 745 589 745 590 745 552 746 590 746 572 746 572 747 590 747 591 747 572 748 591 748 570 748 570 749 591 749 592 749 570 750 592 750 567 750 567 751 592 751 593 751 567 752 593 752 565 752 565 753 593 753 594 753 565 754 594 754 560 754 560 755 594 755 595 755 560 756 595 756 561 756 561 757 595 757 596 757 561 758 596 758 602 758 602 759 596 759 597 759 602 760 597 760 603 760 603 761 597 761 598 761 334 762 352 762 335 762 335 763 352 763 354 763 335 764 354 764 527 764 527 765 354 765 601 765 527 766 601 766 539 766 539 767 601 767 600 767 539 768 600 768 586 768 586 769 600 769 599 769 586 770 599 770 598 770 598 771 599 771 349 771 598 772 349 772 603 772 603 773 349 773 347 773 603 774 347 774 602 774 602 775 347 775 604 775 602 776 604 776 561 776 561 777 604 777 605 777 561 778 605 778 562 778 606 779 607 779 608 779 608 780 607 780 609 780 608 781 609 781 610 781 610 782 609 782 611 782 610 783 611 783 612 783 612 784 611 784 613 784 612 785 613 785 614 785 375 786 615 786 380 786 380 787 615 787 616 787 380 788 616 788 378 788 378 789 616 789 617 789 378 790 617 790 384 790 384 791 617 791 618 791 384 792 618 792 385 792 385 793 618 793 606 793 385 794 606 794 388 794 388 795 606 795 608 795 388 796 608 796 390 796 390 797 608 797 610 797 390 798 610 798 392 798 392 799 610 799 612 799 392 800 612 800 395 800 395 801 612 801 614 801 395 802 614 802 397 802 375 803 374 803 615 803 615 804 374 804 619 804 615 805 619 805 616 805 616 806 619 806 620 806 616 807 620 807 617 807 617 808 620 808 621 808 617 809 621 809 618 809 618 810 621 810 622 810 618 811 622 811 606 811 606 812 622 812 623 812 606 813 623 813 607 813 327 814 624 814 328 814 328 815 624 815 625 815 328 816 625 816 329 816 372 817 327 817 374 817 374 818 327 818 329 818 374 819 329 819 619 819 619 820 329 820 625 820 619 821 625 821 620 821 620 822 625 822 626 822 620 823 626 823 621 823 621 824 626 824 627 824 621 825 627 825 622 825 628 826 629 826 630 826 630 827 629 827 631 827 630 828 631 828 632 828 632 829 631 829 633 829 632 830 633 830 634 830 634 831 633 831 635 831 634 832 635 832 636 832 636 833 635 833 637 833 636 834 637 834 638 834 638 835 637 835 639 835 638 836 639 836 640 836 640 837 639 837 641 837 640 838 641 838 642 838 642 839 641 839 643 839 642 840 643 840 644 840 644 841 643 841 645 841 644 842 645 842 646 842 646 843 645 843 647 843 646 844 647 844 648 844 648 845 647 845 649 845 648 846 649 846 650 846 650 847 649 847 651 847 650 848 651 848 652 848 652 849 651 849 362 849 652 850 362 850 653 850 653 851 362 851 363 851 653 852 363 852 654 852 370 853 330 853 369 853 369 854 330 854 332 854 369 855 332 855 655 855 655 856 332 856 362 856 655 857 362 857 656 857 656 858 362 858 651 858 656 859 651 859 657 859 657 860 651 860 649 860 657 861 649 861 658 861 658 862 649 862 647 862 658 863 647 863 659 863 659 864 647 864 645 864 659 865 645 865 660 865 660 866 645 866 643 866 660 867 643 867 661 867 661 868 643 868 641 868 661 869 641 869 662 869 662 870 641 870 639 870 662 871 639 871 663 871 663 872 639 872 637 872 663 873 637 873 664 873 664 874 637 874 635 874 664 875 635 875 665 875 665 876 635 876 633 876 665 877 633 877 666 877 666 878 633 878 631 878 666 879 631 879 667 879 667 880 631 880 629 880 654 881 358 881 653 881 653 882 358 882 360 882 653 883 360 883 652 883 652 884 360 884 485 884 652 885 485 885 650 885 650 886 485 886 487 886 650 887 487 887 648 887 648 888 487 888 489 888 648 889 489 889 646 889 646 890 489 890 491 890 646 891 491 891 644 891 644 892 491 892 493 892 644 893 493 893 642 893 642 894 493 894 495 894 642 895 495 895 640 895 640 896 495 896 497 896 640 897 497 897 638 897 638 898 497 898 499 898 638 899 499 899 636 899 636 900 499 900 501 900 636 901 501 901 634 901 634 902 501 902 503 902 634 903 503 903 632 903 632 904 503 904 505 904 632 905 505 905 630 905 630 906 505 906 507 906 630 907 507 907 628 907 628 908 507 908 509 908 323 909 322 909 668 909 668 910 322 910 669 910 668 911 669 911 670 911 670 912 669 912 671 912 670 913 671 913 672 913 672 914 671 914 673 914 672 915 673 915 674 915 674 916 673 916 675 916 674 917 675 917 676 917 676 918 675 918 677 918 676 919 677 919 340 919 340 920 677 920 678 920 340 921 678 921 341 921 613 922 321 922 614 922 614 923 321 923 323 923 614 924 323 924 397 924 397 925 323 925 668 925 397 926 668 926 399 926 399 927 668 927 670 927 399 928 670 928 401 928 401 929 670 929 672 929 401 930 672 930 406 930 406 931 672 931 674 931 406 932 674 932 404 932 404 933 674 933 676 933 404 934 676 934 679 934 679 935 676 935 340 935 679 936 340 936 680 936 680 937 340 937 59 937 680 938 59 938 58 938 681 939 682 939 342 939 342 940 682 940 683 940 342 941 683 941 343 941 74 942 80 942 344 942 344 943 80 943 343 943 344 944 343 944 411 944 411 945 343 945 683 945 411 946 683 946 409 946 409 947 683 947 682 947 684 948 685 948 686 948 686 949 685 949 687 949 686 950 687 950 688 950 688 951 687 951 689 951 688 952 689 952 690 952 690 953 689 953 691 953 690 954 691 954 692 954 692 955 691 955 693 955 692 956 693 956 681 956 694 957 695 957 696 957 696 958 695 958 697 958 696 959 697 959 698 959 698 960 697 960 699 960 698 961 699 961 700 961 700 962 699 962 701 962 700 963 701 963 702 963 695 964 438 964 697 964 697 965 438 965 326 965 697 966 326 966 699 966 699 967 326 967 325 967 699 968 325 968 701 968 458 969 440 969 456 969 456 970 440 970 441 970 456 971 441 971 454 971 454 972 441 972 442 972 454 973 442 973 452 973 452 974 442 974 443 974 452 975 443 975 450 975 450 976 443 976 444 976 450 977 444 977 324 977 324 978 444 978 445 978 324 979 445 979 325 979 325 980 445 980 446 980 325 981 446 981 701 981 701 982 446 982 447 982 701 983 447 983 702 983 460 984 474 984 459 984 459 985 474 985 476 985 459 986 476 986 458 986 458 987 476 987 478 987 458 988 478 988 440 988 440 989 478 989 480 989 440 990 480 990 431 990 431 991 480 991 427 991 431 992 427 992 421 992 421 993 427 993 429 993 421 994 429 994 412 994 412 995 429 995 430 995 412 996 430 996 413 996 413 997 430 997 77 997 413 998 77 998 415 998 415 999 77 999 76 999 415 1000 76 1000 417 1000 417 1001 76 1001 75 1001 417 1002 75 1002 419 1002 419 1003 75 1003 344 1003 419 1004 344 1004 420 1004 420 1005 344 1005 410 1005 420 1006 410 1006 426 1006 426 1007 410 1007 409 1007 426 1008 409 1008 437 1008 437 1009 409 1009 682 1009 437 1010 682 1010 447 1010 447 1011 682 1011 681 1011 447 1012 681 1012 702 1012 702 1013 681 1013 693 1013 702 1014 693 1014 700 1014 700 1015 693 1015 691 1015 700 1016 691 1016 698 1016 698 1017 691 1017 689 1017 698 1018 689 1018 696 1018 696 1019 689 1019 687 1019 696 1020 687 1020 694 1020 694 1021 687 1021 685 1021 627 1022 703 1022 622 1022 622 1023 703 1023 704 1023 622 1024 704 1024 623 1024 623 1025 704 1025 705 1025 623 1026 705 1026 607 1026 607 1027 705 1027 706 1027 607 1028 706 1028 609 1028 609 1029 706 1029 707 1029 609 1030 707 1030 611 1030 611 1031 707 1031 708 1031 611 1032 708 1032 613 1032 613 1033 708 1033 709 1033 613 1034 709 1034 321 1034 321 1035 709 1035 710 1035 321 1036 710 1036 322 1036 322 1037 710 1037 711 1037 322 1038 711 1038 669 1038 669 1039 711 1039 712 1039 669 1040 712 1040 671 1040 671 1041 712 1041 684 1041 671 1042 684 1042 673 1042 673 1043 684 1043 686 1043 673 1044 686 1044 675 1044 675 1045 686 1045 688 1045 675 1046 688 1046 677 1046 677 1047 688 1047 690 1047 677 1048 690 1048 678 1048 678 1049 690 1049 692 1049 678 1050 692 1050 341 1050 341 1051 692 1051 681 1051 341 1052 681 1052 68 1052 68 1053 681 1053 342 1053 68 1054 342 1054 65 1054 65 1055 342 1055 66 1055 624 1056 367 1056 625 1056 625 1057 367 1057 369 1057 625 1058 369 1058 626 1058 626 1059 369 1059 655 1059 626 1060 655 1060 627 1060 627 1061 655 1061 656 1061 627 1062 656 1062 703 1062 703 1063 656 1063 657 1063 703 1064 657 1064 704 1064 704 1065 657 1065 658 1065 704 1066 658 1066 705 1066 705 1067 658 1067 659 1067 705 1068 659 1068 706 1068 706 1069 659 1069 660 1069 706 1070 660 1070 707 1070 707 1071 660 1071 661 1071 707 1072 661 1072 708 1072 708 1073 661 1073 662 1073 708 1074 662 1074 709 1074 709 1075 662 1075 663 1075 709 1076 663 1076 710 1076 710 1077 663 1077 664 1077 710 1078 664 1078 711 1078 711 1079 664 1079 665 1079 711 1080 665 1080 712 1080 712 1081 665 1081 666 1081 712 1082 666 1082 684 1082 684 1083 666 1083 667 1083 684 1084 667 1084 685 1084 685 1085 667 1085 629 1085 685 1086 629 1086 694 1086 694 1087 629 1087 628 1087 694 1088 628 1088 695 1088 695 1089 628 1089 509 1089 695 1090 509 1090 438 1090 438 1091 509 1091 510 1091 438 1092 510 1092 439 1092 439 1093 510 1093 526 1093 439 1094 526 1094 467 1094 467 1095 526 1095 538 1095 467 1096 538 1096 468 1096 468 1097 538 1097 550 1097 468 1098 550 1098 469 1098 469 1099 550 1099 575 1099 469 1100 575 1100 470 1100 470 1101 575 1101 587 1101 470 1102 587 1102 471 1102 471 1103 587 1103 555 1103 471 1104 555 1104 472 1104 472 1105 555 1105 554 1105 472 1106 554 1106 473 1106 371 1107 713 1107 372 1107 372 1108 713 1108 714 1108 372 1109 714 1109 327 1109 714 1110 715 1110 327 1110 327 1111 715 1111 716 1111 327 1112 716 1112 624 1112 624 1113 716 1113 367 1113 367 1114 716 1114 368 1114 368 1115 716 1115 717 1115 368 1116 717 1116 370 1116 370 1117 717 1117 718 1117 370 1118 718 1118 330 1118 330 1119 718 1119 719 1119 330 1120 719 1120 331 1120 331 1121 719 1121 364 1121 364 1122 719 1122 720 1122 364 1123 720 1123 365 1123 365 1124 720 1124 366 1124 366 1125 720 1125 721 1125 366 1126 721 1126 363 1126 363 1127 721 1127 654 1127 654 1128 721 1128 722 1128 654 1129 722 1129 358 1129 358 1130 722 1130 359 1130 359 1131 722 1131 723 1131 359 1132 723 1132 511 1132 511 1133 723 1133 724 1133 511 1134 724 1134 512 1134 512 1135 724 1135 725 1135 512 1136 725 1136 513 1136 725 1137 726 1137 513 1137 513 1138 726 1138 727 1138 513 1139 727 1139 357 1139 357 1140 727 1140 728 1140 357 1141 728 1141 333 1141 333 1142 728 1142 729 1142 333 1143 729 1143 334 1143 334 1144 729 1144 730 1144 334 1145 730 1145 352 1145 352 1146 730 1146 731 1146 352 1147 731 1147 353 1147 353 1148 731 1148 732 1148 353 1149 732 1149 355 1149 355 1150 732 1150 733 1150 355 1151 733 1151 356 1151 356 1152 733 1152 734 1152 356 1153 734 1153 336 1153 336 1154 734 1154 735 1154 336 1155 735 1155 339 1155 339 1156 735 1156 736 1156 339 1157 736 1157 351 1157 351 1158 736 1158 737 1158 351 1159 737 1159 350 1159 350 1160 737 1160 738 1160 350 1161 738 1161 348 1161 348 1162 738 1162 739 1162 348 1163 739 1163 346 1163 346 1164 739 1164 740 1164 741 1165 742 1165 743 1165 744 1166 745 1166 746 1166 741 1167 743 1167 747 1167 714 1168 713 1168 748 1168 749 1169 750 1169 751 1169 752 1170 753 1170 754 1170 754 1171 753 1171 755 1171 737 1172 756 1172 738 1172 738 1173 756 1173 751 1173 738 1174 751 1174 739 1174 739 1175 751 1175 750 1175 739 1176 750 1176 740 1176 757 1177 758 1177 755 1177 755 1178 758 1178 759 1178 755 1179 759 1179 754 1179 736 1180 760 1180 737 1180 737 1181 760 1181 761 1181 737 1182 761 1182 756 1182 755 1183 762 1183 757 1183 757 1184 762 1184 763 1184 757 1185 763 1185 764 1185 764 1186 763 1186 765 1186 764 1187 765 1187 766 1187 736 1188 735 1188 760 1188 760 1189 735 1189 734 1189 760 1190 734 1190 767 1190 767 1191 734 1191 733 1191 732 1192 768 1192 733 1192 733 1193 768 1193 769 1193 733 1194 769 1194 767 1194 766 1195 765 1195 770 1195 770 1196 765 1196 771 1196 770 1197 771 1197 772 1197 772 1198 771 1198 773 1198 772 1199 773 1199 774 1199 774 1200 773 1200 775 1200 774 1201 775 1201 776 1201 776 1202 775 1202 777 1202 777 1203 775 1203 778 1203 777 1204 778 1204 779 1204 779 1205 778 1205 780 1205 779 1206 780 1206 781 1206 781 1207 780 1207 782 1207 781 1208 782 1208 783 1208 783 1209 782 1209 784 1209 783 1210 784 1210 785 1210 785 1211 784 1211 786 1211 785 1212 786 1212 787 1212 732 1213 731 1213 768 1213 768 1214 731 1214 730 1214 768 1215 730 1215 788 1215 788 1216 730 1216 729 1216 788 1217 729 1217 789 1217 789 1218 729 1218 728 1218 789 1219 728 1219 790 1219 790 1220 728 1220 727 1220 790 1221 727 1221 791 1221 791 1222 727 1222 726 1222 791 1223 726 1223 792 1223 792 1224 726 1224 725 1224 792 1225 725 1225 793 1225 793 1226 725 1226 724 1226 793 1227 724 1227 794 1227 787 1228 786 1228 795 1228 795 1229 786 1229 796 1229 795 1230 796 1230 797 1230 797 1231 796 1231 798 1231 797 1232 798 1232 799 1232 799 1233 798 1233 800 1233 799 1234 800 1234 801 1234 801 1235 800 1235 802 1235 801 1236 802 1236 803 1236 803 1237 802 1237 804 1237 803 1238 804 1238 805 1238 805 1239 804 1239 806 1239 805 1240 806 1240 807 1240 807 1241 806 1241 808 1241 807 1242 808 1242 809 1242 724 1243 723 1243 794 1243 794 1244 723 1244 722 1244 794 1245 722 1245 810 1245 810 1246 722 1246 721 1246 810 1247 721 1247 811 1247 811 1248 721 1248 720 1248 811 1249 720 1249 812 1249 812 1250 720 1250 719 1250 812 1251 719 1251 813 1251 813 1252 719 1252 718 1252 813 1253 718 1253 814 1253 814 1254 718 1254 717 1254 814 1255 717 1255 815 1255 815 1256 717 1256 716 1256 815 1257 716 1257 816 1257 816 1258 716 1258 715 1258 816 1259 715 1259 817 1259 817 1260 715 1260 714 1260 817 1261 714 1261 818 1261 818 1262 714 1262 748 1262 748 1263 747 1263 818 1263 818 1264 747 1264 743 1264 818 1265 743 1265 817 1265 817 1266 743 1266 819 1266 817 1267 819 1267 816 1267 816 1268 819 1268 820 1268 816 1269 820 1269 815 1269 815 1270 820 1270 808 1270 815 1271 808 1271 814 1271 814 1272 808 1272 806 1272 814 1273 806 1273 813 1273 813 1274 806 1274 804 1274 813 1275 804 1275 812 1275 812 1276 804 1276 802 1276 812 1277 802 1277 811 1277 811 1278 802 1278 800 1278 811 1279 800 1279 810 1279 810 1280 800 1280 798 1280 810 1281 798 1281 794 1281 794 1282 798 1282 796 1282 794 1283 796 1283 793 1283 793 1284 796 1284 786 1284 793 1285 786 1285 792 1285 792 1286 786 1286 784 1286 792 1287 784 1287 791 1287 791 1288 784 1288 782 1288 791 1289 782 1289 790 1289 790 1290 782 1290 780 1290 790 1291 780 1291 789 1291 789 1292 780 1292 778 1292 789 1293 778 1293 788 1293 788 1294 778 1294 775 1294 788 1295 775 1295 768 1295 768 1296 775 1296 773 1296 768 1297 773 1297 769 1297 769 1298 773 1298 771 1298 769 1299 771 1299 767 1299 767 1300 771 1300 765 1300 767 1301 765 1301 760 1301 760 1302 765 1302 763 1302 760 1303 763 1303 761 1303 761 1304 763 1304 762 1304 761 1305 762 1305 756 1305 756 1306 762 1306 755 1306 756 1307 755 1307 751 1307 751 1308 755 1308 753 1308 751 1309 753 1309 749 1309 749 1310 753 1310 752 1310 809 1311 808 1311 821 1311 821 1312 808 1312 820 1312 821 1313 820 1313 822 1313 822 1314 820 1314 819 1314 822 1315 819 1315 823 1315 823 1316 819 1316 743 1316 823 1317 743 1317 746 1317 746 1318 743 1318 742 1318 746 1319 742 1319 744 1319 824 1320 825 1320 826 1320 825 1321 824 1321 827 1321 828 1322 829 1322 830 1322 831 1323 752 1323 754 1323 831 1324 754 1324 832 1324 832 1325 754 1325 759 1325 832 1326 759 1326 833 1326 833 1327 759 1327 758 1327 833 1328 758 1328 834 1328 834 1329 758 1329 757 1329 834 1330 757 1330 835 1330 829 1331 836 1331 830 1331 830 1332 836 1332 837 1332 830 1333 837 1333 835 1333 835 1334 837 1334 838 1334 835 1335 838 1335 834 1335 839 1336 840 1336 828 1336 841 1337 842 1337 843 1337 843 1338 842 1338 844 1338 843 1339 844 1339 839 1339 839 1340 844 1340 845 1340 839 1341 845 1341 840 1341 846 1342 847 1342 848 1342 848 1343 847 1343 849 1343 841 1344 843 1344 849 1344 849 1345 843 1345 850 1345 849 1346 850 1346 848 1346 851 1347 852 1347 853 1347 853 1348 852 1348 854 1348 854 1349 852 1349 855 1349 855 1350 852 1350 856 1350 855 1351 856 1351 857 1351 858 1352 859 1352 860 1352 860 1353 859 1353 861 1353 860 1354 861 1354 862 1354 863 1355 864 1355 865 1355 865 1356 864 1356 866 1356 865 1357 866 1357 867 1357 867 1358 866 1358 868 1358 867 1359 868 1359 869 1359 869 1360 868 1360 821 1360 869 1361 821 1361 827 1361 827 1362 821 1362 822 1362 827 1363 822 1363 825 1363 825 1364 822 1364 823 1364 825 1365 823 1365 826 1365 826 1366 823 1366 746 1366 826 1367 746 1367 870 1367 870 1368 746 1368 745 1368 852 1369 797 1369 856 1369 856 1370 797 1370 799 1370 856 1371 799 1371 857 1371 857 1372 799 1372 801 1372 857 1373 801 1373 863 1373 863 1374 801 1374 803 1374 863 1375 803 1375 864 1375 864 1376 803 1376 805 1376 864 1377 805 1377 866 1377 866 1378 805 1378 807 1378 866 1379 807 1379 868 1379 868 1380 807 1380 809 1380 868 1381 809 1381 821 1381 783 1382 785 1382 851 1382 851 1383 785 1383 787 1383 851 1384 787 1384 852 1384 852 1385 787 1385 795 1385 852 1386 795 1386 797 1386 777 1387 779 1387 843 1387 843 1388 779 1388 781 1388 843 1389 781 1389 850 1389 850 1390 781 1390 783 1390 850 1391 783 1391 848 1391 848 1392 783 1392 851 1392 848 1393 851 1393 846 1393 846 1394 851 1394 853 1394 777 1395 843 1395 776 1395 776 1396 843 1396 839 1396 776 1397 839 1397 774 1397 828 1398 830 1398 839 1398 839 1399 830 1399 772 1399 839 1400 772 1400 774 1400 757 1401 764 1401 835 1401 835 1402 764 1402 766 1402 835 1403 766 1403 830 1403 830 1404 766 1404 770 1404 830 1405 770 1405 772 1405 860 1406 824 1406 858 1406 858 1407 824 1407 826 1407 858 1408 826 1408 859 1408 859 1409 826 1409 870 1409 859 1410 870 1410 861 1410 861 1411 870 1411 745 1411 871 1412 872 1412 873 1412 874 1413 875 1413 876 1413 877 1414 878 1414 879 1414 880 1415 881 1415 882 1415 883 1416 884 1416 885 1416 752 1417 831 1417 886 1417 886 1418 831 1418 887 1418 886 1419 887 1419 888 1419 888 1420 887 1420 889 1420 889 1421 887 1421 890 1421 889 1422 890 1422 891 1422 891 1423 890 1423 892 1423 891 1424 892 1424 893 1424 894 1425 895 1425 896 1425 896 1426 895 1426 873 1426 896 1427 873 1427 897 1427 876 1428 879 1428 898 1428 898 1429 899 1429 876 1429 876 1430 899 1430 900 1430 876 1431 900 1431 873 1431 873 1432 900 1432 901 1432 873 1433 901 1433 897 1433 885 1434 884 1434 902 1434 902 1435 884 1435 903 1435 902 1436 903 1436 904 1436 904 1437 903 1437 905 1437 904 1438 905 1438 879 1438 879 1439 905 1439 906 1439 879 1440 906 1440 898 1440 907 1441 908 1441 909 1441 909 1442 908 1442 910 1442 909 1443 910 1443 911 1443 911 1444 910 1444 912 1444 911 1445 912 1445 913 1445 914 1446 915 1446 916 1446 916 1447 915 1447 917 1447 916 1448 917 1448 918 1448 919 1449 920 1449 921 1449 921 1450 920 1450 922 1450 921 1451 922 1451 923 1451 923 1452 922 1452 914 1452 923 1453 914 1453 924 1453 925 1454 926 1454 880 1454 880 1455 926 1455 927 1455 880 1456 927 1456 881 1456 928 1457 929 1457 930 1457 930 1458 929 1458 931 1458 930 1459 931 1459 932 1459 913 1460 912 1460 928 1460 928 1461 912 1461 933 1461 928 1462 933 1462 929 1462 929 1463 933 1463 934 1463 929 1464 934 1464 931 1464 935 1465 908 1465 885 1465 885 1466 908 1466 907 1466 885 1467 907 1467 883 1467 935 1468 936 1468 908 1468 908 1469 936 1469 937 1469 908 1470 937 1470 910 1470 910 1471 937 1471 938 1471 910 1472 938 1472 912 1472 879 1473 878 1473 904 1473 904 1474 878 1474 939 1474 904 1475 939 1475 902 1475 902 1476 939 1476 940 1476 902 1477 940 1477 885 1477 885 1478 940 1478 941 1478 885 1479 941 1479 935 1479 876 1480 875 1480 879 1480 879 1481 875 1481 942 1481 879 1482 942 1482 877 1482 873 1483 872 1483 876 1483 876 1484 872 1484 943 1484 876 1485 943 1485 874 1485 871 1486 873 1486 944 1486 944 1487 873 1487 895 1487 944 1488 895 1488 893 1488 893 1489 895 1489 894 1489 893 1490 894 1490 891 1490 926 1491 919 1491 927 1491 927 1492 919 1492 921 1492 927 1493 921 1493 881 1493 881 1494 921 1494 923 1494 881 1495 923 1495 882 1495 882 1496 923 1496 924 1496 882 1497 924 1497 945 1497 945 1498 924 1498 914 1498 945 1499 914 1499 932 1499 932 1500 914 1500 916 1500 932 1501 916 1501 930 1501 930 1502 916 1502 918 1502 930 1503 918 1503 928 1503 946 1504 947 1504 948 1504 949 1505 950 1505 951 1505 920 1506 919 1506 952 1506 749 1507 752 1507 886 1507 750 1508 749 1508 953 1508 749 1509 886 1509 953 1509 953 1510 886 1510 888 1510 953 1511 888 1511 954 1511 954 1512 888 1512 889 1512 954 1513 889 1513 955 1513 740 1514 956 1514 957 1514 957 1515 956 1515 958 1515 957 1516 958 1516 959 1516 959 1517 958 1517 960 1517 959 1518 960 1518 961 1518 889 1519 891 1519 955 1519 955 1520 891 1520 894 1520 955 1521 894 1521 962 1521 962 1522 894 1522 896 1522 962 1523 896 1523 963 1523 963 1524 896 1524 897 1524 963 1525 897 1525 964 1525 961 1526 960 1526 965 1526 965 1527 960 1527 966 1527 965 1528 966 1528 967 1528 967 1529 966 1529 968 1529 967 1530 968 1530 969 1530 969 1531 968 1531 970 1531 969 1532 970 1532 971 1532 897 1533 901 1533 964 1533 964 1534 901 1534 900 1534 964 1535 900 1535 972 1535 972 1536 900 1536 899 1536 898 1537 973 1537 899 1537 899 1538 973 1538 974 1538 899 1539 974 1539 972 1539 971 1540 970 1540 975 1540 975 1541 970 1541 976 1541 975 1542 976 1542 977 1542 977 1543 976 1543 978 1543 977 1544 978 1544 979 1544 979 1545 978 1545 980 1545 979 1546 980 1546 981 1546 981 1547 980 1547 982 1547 981 1548 982 1548 983 1548 983 1549 982 1549 984 1549 983 1550 984 1550 985 1550 985 1551 984 1551 986 1551 985 1552 986 1552 987 1552 987 1553 986 1553 988 1553 987 1554 988 1554 989 1554 898 1555 906 1555 973 1555 973 1556 906 1556 905 1556 973 1557 905 1557 990 1557 990 1558 905 1558 903 1558 990 1559 903 1559 991 1559 991 1560 903 1560 884 1560 991 1561 884 1561 992 1561 992 1562 884 1562 883 1562 992 1563 883 1563 993 1563 993 1564 883 1564 907 1564 993 1565 907 1565 994 1565 907 1566 909 1566 994 1566 994 1567 909 1567 911 1567 994 1568 911 1568 995 1568 995 1569 911 1569 913 1569 995 1570 913 1570 996 1570 996 1571 913 1571 928 1571 996 1572 928 1572 997 1572 997 1573 928 1573 918 1573 997 1574 918 1574 998 1574 998 1575 918 1575 917 1575 998 1576 917 1576 999 1576 999 1577 917 1577 915 1577 999 1578 915 1578 1000 1578 1000 1579 915 1579 914 1579 1000 1580 914 1580 1001 1580 1001 1581 914 1581 922 1581 1001 1582 922 1582 1002 1582 1002 1583 922 1583 920 1583 1002 1584 920 1584 1003 1584 1003 1585 920 1585 952 1585 1003 1586 952 1586 1004 1586 1004 1587 946 1587 1003 1587 1003 1588 946 1588 948 1588 1003 1589 948 1589 1002 1589 1002 1590 948 1590 1005 1590 1002 1591 1005 1591 1001 1591 1001 1592 1005 1592 1006 1592 1001 1593 1006 1593 1000 1593 1000 1594 1006 1594 1007 1594 1000 1595 1007 1595 999 1595 999 1596 1007 1596 1008 1596 999 1597 1008 1597 998 1597 998 1598 1008 1598 1009 1598 998 1599 1009 1599 997 1599 997 1600 1009 1600 1010 1600 997 1601 1010 1601 996 1601 996 1602 1010 1602 1011 1602 996 1603 1011 1603 995 1603 995 1604 1011 1604 1012 1604 995 1605 1012 1605 994 1605 994 1606 1012 1606 1013 1606 994 1607 1013 1607 993 1607 993 1608 1013 1608 988 1608 993 1609 988 1609 992 1609 992 1610 988 1610 986 1610 992 1611 986 1611 991 1611 991 1612 986 1612 984 1612 991 1613 984 1613 990 1613 990 1614 984 1614 982 1614 990 1615 982 1615 973 1615 973 1616 982 1616 980 1616 973 1617 980 1617 974 1617 974 1618 980 1618 978 1618 974 1619 978 1619 972 1619 972 1620 978 1620 976 1620 972 1621 976 1621 964 1621 964 1622 976 1622 970 1622 964 1623 970 1623 963 1623 963 1624 970 1624 968 1624 963 1625 968 1625 962 1625 962 1626 968 1626 966 1626 962 1627 966 1627 955 1627 955 1628 966 1628 960 1628 955 1629 960 1629 954 1629 954 1630 960 1630 958 1630 954 1631 958 1631 953 1631 953 1632 958 1632 956 1632 953 1633 956 1633 750 1633 750 1634 956 1634 740 1634 989 1635 988 1635 1014 1635 1014 1636 988 1636 1013 1636 1014 1637 1013 1637 1015 1637 1015 1638 1013 1638 1012 1638 1015 1639 1012 1639 1016 1639 1016 1640 1012 1640 1011 1640 1016 1641 1011 1641 1017 1641 1017 1642 1011 1642 1010 1642 1017 1643 1010 1643 1018 1643 1018 1644 1010 1644 1009 1644 1018 1645 1009 1645 1019 1645 1019 1646 1009 1646 1008 1646 1019 1647 1008 1647 1020 1647 1020 1648 1008 1648 1007 1648 1020 1649 1007 1649 1021 1649 1021 1650 1007 1650 1006 1650 1021 1651 1006 1651 1022 1651 1022 1652 1006 1652 1005 1652 1022 1653 1005 1653 1023 1653 1023 1654 1005 1654 948 1654 1023 1655 948 1655 951 1655 951 1656 948 1656 947 1656 951 1657 947 1657 949 1657 1021 1658 1022 1658 1024 1658 1025 1659 1023 1659 951 1659 1025 1660 951 1660 1026 1660 1026 1661 951 1661 950 1661 1026 1662 950 1662 1027 1662 1023 1663 1025 1663 1022 1663 1022 1664 1025 1664 1028 1664 1022 1665 1028 1665 1024 1665 1024 1666 1029 1666 1021 1666 1021 1667 1029 1667 1030 1667 1021 1668 1030 1668 1020 1668 1020 1669 1030 1669 1031 1669 1020 1670 1031 1670 1019 1670 1019 1671 1031 1671 1032 1671 1019 1672 1032 1672 1018 1672 1033 1673 1016 1673 1034 1673 1034 1674 1016 1674 1017 1674 1018 1675 1032 1675 1017 1675 1017 1676 1032 1676 1035 1676 1017 1677 1035 1677 1034 1677 1033 1678 1036 1678 1016 1678 1016 1679 1036 1679 1037 1679 1016 1680 1037 1680 1015 1680 1015 1681 1037 1681 1038 1681 1015 1682 1038 1682 1014 1682 1014 1683 1038 1683 1039 1683 1014 1684 1039 1684 989 1684 989 1685 1039 1685 1040 1685 989 1686 1040 1686 987 1686 987 1687 1040 1687 1041 1687 987 1688 1041 1688 985 1688 985 1689 1041 1689 983 1689 983 1690 1041 1690 1042 1690 983 1691 1042 1691 981 1691 981 1692 1042 1692 1043 1692 981 1693 1043 1693 979 1693 1043 1694 1044 1694 979 1694 979 1695 1044 1695 1045 1695 979 1696 1045 1696 977 1696 977 1697 1045 1697 1046 1697 977 1698 1046 1698 975 1698 975 1699 1046 1699 971 1699 971 1700 1046 1700 1047 1700 971 1701 1047 1701 969 1701 1047 1702 1048 1702 969 1702 969 1703 1048 1703 1049 1703 969 1704 1049 1704 967 1704 967 1705 1049 1705 1050 1705 967 1706 1050 1706 965 1706 965 1707 1050 1707 961 1707 961 1708 1050 1708 1051 1708 961 1709 1051 1709 959 1709 1051 1710 1052 1710 959 1710 959 1711 1052 1711 1053 1711 959 1712 1053 1712 957 1712 957 1713 1053 1713 346 1713 957 1714 346 1714 740 1714 1054 1715 1055 1715 1056 1715 1057 1716 1058 1716 1059 1716 1060 1717 1061 1717 1062 1717 1063 1718 1064 1718 1065 1718 1066 1719 1067 1719 1068 1719 1069 1720 1070 1720 1071 1720 1072 1721 1073 1721 1074 1721 1075 1722 477 1722 475 1722 1076 1723 1077 1723 1078 1723 1040 1724 1079 1724 1041 1724 1026 1725 1027 1725 1080 1725 1081 1726 1082 1726 1083 1726 1084 1727 1085 1727 1086 1727 70 1728 72 1728 1087 1728 1087 1729 72 1729 345 1729 1087 1730 345 1730 428 1730 71 1731 86 1731 1088 1731 63 1732 62 1732 1056 1732 1056 1733 62 1733 67 1733 60 1734 64 1734 1089 1734 1089 1735 64 1735 1090 1735 1089 1736 1090 1736 1091 1736 1091 1737 1090 1737 1092 1737 1091 1738 1092 1738 1093 1738 1093 1739 1092 1739 1094 1739 1095 1740 1096 1740 1097 1740 1097 1741 1096 1741 1098 1741 1095 1742 1097 1742 1099 1742 1099 1743 1097 1743 1100 1743 1099 1744 1100 1744 1101 1744 1101 1745 1100 1745 1102 1745 1101 1746 1102 1746 1103 1746 1104 1747 1105 1747 1102 1747 1102 1748 1105 1748 1106 1748 1102 1749 1106 1749 1103 1749 1086 1750 1085 1750 1107 1750 1085 1751 1108 1751 1107 1751 1107 1752 1108 1752 1109 1752 1107 1753 1109 1753 1104 1753 1104 1754 1109 1754 1110 1754 1104 1755 1110 1755 1105 1755 1084 1756 1086 1756 1111 1756 1111 1757 1086 1757 1112 1757 1111 1758 1112 1758 1113 1758 1113 1759 1112 1759 1114 1759 1113 1760 1114 1760 1115 1760 1116 1761 1117 1761 1115 1761 1118 1762 1119 1762 1117 1762 1120 1763 1121 1763 1122 1763 1122 1764 1121 1764 1119 1764 1123 1765 1124 1765 1125 1765 1125 1766 1124 1766 1120 1766 1080 1767 1126 1767 1127 1767 1026 1768 1080 1768 1025 1768 1080 1769 1127 1769 1025 1769 1025 1770 1127 1770 1128 1770 1025 1771 1128 1771 1028 1771 1028 1772 1128 1772 1129 1772 1028 1773 1129 1773 1024 1773 1029 1774 1130 1774 1030 1774 1030 1775 1130 1775 1131 1775 1030 1776 1131 1776 1031 1776 1031 1777 1131 1777 1032 1777 1131 1778 1132 1778 1032 1778 1032 1779 1132 1779 1133 1779 1032 1780 1133 1780 1035 1780 1035 1781 1133 1781 1034 1781 1134 1782 1135 1782 1136 1782 1134 1783 1136 1783 1033 1783 1038 1784 1037 1784 1136 1784 1136 1785 1037 1785 1036 1785 1136 1786 1036 1786 1033 1786 1043 1787 1137 1787 1044 1787 1044 1788 1137 1788 1138 1788 1044 1789 1138 1789 1045 1789 1045 1790 1138 1790 1046 1790 1138 1791 1139 1791 1046 1791 1046 1792 1139 1792 1140 1792 1046 1793 1140 1793 1047 1793 1141 1794 1049 1794 1140 1794 1140 1795 1049 1795 1048 1795 1140 1796 1048 1796 1047 1796 1051 1797 1050 1797 1142 1797 1142 1798 1050 1798 1143 1798 346 1799 1053 1799 1142 1799 1142 1800 1053 1800 1052 1800 1142 1801 1052 1801 1051 1801 83 1802 82 1802 1144 1802 1144 1803 82 1803 1145 1803 1144 1804 1145 1804 1146 1804 1146 1805 1145 1805 1147 1805 1146 1806 1147 1806 1148 1806 1148 1807 1147 1807 1149 1807 1148 1808 1149 1808 1150 1808 81 1809 70 1809 1151 1809 1151 1810 70 1810 1087 1810 1151 1811 1087 1811 1152 1811 1152 1812 1087 1812 428 1812 1152 1813 428 1813 483 1813 1077 1814 1153 1814 1154 1814 1154 1815 1153 1815 1155 1815 1154 1816 1155 1816 1156 1816 1077 1817 1076 1817 1153 1817 1153 1818 1076 1818 1157 1818 1153 1819 1157 1819 1155 1819 1150 1820 481 1820 479 1820 84 1821 83 1821 1158 1821 1158 1822 83 1822 1144 1822 1158 1823 1144 1823 1159 1823 1159 1824 1144 1824 1146 1824 1159 1825 1146 1825 1160 1825 1160 1826 1146 1826 1148 1826 1160 1827 1148 1827 1161 1827 1161 1828 1148 1828 1150 1828 1161 1829 1150 1829 1075 1829 1075 1830 1150 1830 479 1830 1075 1831 479 1831 477 1831 82 1832 81 1832 1145 1832 1145 1833 81 1833 1151 1833 1145 1834 1151 1834 1147 1834 1147 1835 1151 1835 1152 1835 1147 1836 1152 1836 1149 1836 1149 1837 1152 1837 483 1837 1149 1838 483 1838 1150 1838 1150 1839 483 1839 482 1839 1150 1840 482 1840 481 1840 1156 1841 1155 1841 1162 1841 1162 1842 1155 1842 1163 1842 1162 1843 1163 1843 1164 1843 1164 1844 1163 1844 1165 1844 1164 1845 1165 1845 1166 1845 1166 1846 1165 1846 1167 1846 1166 1847 1167 1847 1073 1847 1157 1848 1168 1848 1155 1848 1155 1849 1168 1849 1169 1849 1155 1850 1169 1850 1163 1850 1163 1851 1169 1851 1170 1851 1163 1852 1170 1852 1165 1852 1165 1853 1170 1853 1171 1853 1165 1854 1171 1854 1167 1854 1167 1855 1171 1855 1172 1855 1070 1856 1072 1856 1173 1856 1064 1857 1066 1857 1174 1857 1067 1858 1069 1858 1175 1858 1061 1859 1063 1859 1176 1859 1177 1860 1172 1860 1178 1860 1178 1861 1172 1861 1171 1861 1178 1862 1171 1862 1179 1862 1179 1863 1171 1863 1170 1863 1179 1864 1170 1864 1180 1864 1180 1865 1170 1865 1169 1865 1180 1866 1169 1866 1181 1866 1181 1867 1169 1867 1168 1867 1181 1868 1168 1868 1182 1868 1182 1869 1168 1869 1157 1869 1182 1870 1157 1870 1183 1870 1183 1871 1157 1871 1076 1871 1183 1872 1076 1872 1184 1872 1184 1873 1076 1873 1078 1873 1184 1874 1078 1874 1185 1874 1186 1875 1177 1875 1187 1875 1187 1876 1177 1876 1178 1876 1187 1877 1178 1877 1188 1877 1188 1878 1178 1878 1179 1878 1188 1879 1179 1879 1189 1879 1189 1880 1179 1880 1180 1880 1189 1881 1180 1881 1190 1881 1190 1882 1180 1882 1181 1882 1190 1883 1181 1883 1191 1883 1191 1884 1181 1884 1182 1884 1191 1885 1182 1885 1192 1885 1192 1886 1182 1886 1183 1886 1192 1887 1183 1887 1193 1887 1193 1888 1183 1888 1184 1888 1193 1889 1184 1889 1194 1889 1194 1890 1184 1890 1185 1890 1194 1891 1185 1891 1195 1891 1043 1892 1042 1892 1137 1892 1137 1893 1042 1893 1041 1893 1137 1894 1041 1894 1059 1894 1059 1895 1041 1895 1079 1895 1059 1896 1079 1896 1057 1896 1057 1897 1079 1897 1040 1897 1057 1898 1040 1898 1039 1898 1058 1899 1060 1899 1196 1899 1195 1900 1197 1900 1194 1900 1194 1901 1197 1901 1198 1901 1194 1902 1198 1902 1193 1902 1193 1903 1198 1903 1199 1903 1193 1904 1199 1904 1192 1904 1192 1905 1199 1905 1200 1905 1192 1906 1200 1906 1191 1906 1191 1907 1200 1907 1201 1907 1191 1908 1201 1908 1190 1908 1190 1909 1201 1909 1202 1909 1190 1910 1202 1910 1189 1910 1189 1911 1202 1911 1203 1911 1189 1912 1203 1912 1188 1912 1188 1913 1203 1913 1204 1913 1188 1914 1204 1914 1187 1914 1187 1915 1204 1915 1205 1915 1187 1916 1205 1916 1186 1916 1186 1917 1205 1917 1206 1917 1197 1918 1207 1918 1198 1918 1198 1919 1207 1919 1208 1919 1198 1920 1208 1920 1199 1920 1199 1921 1208 1921 1209 1921 1199 1922 1209 1922 1200 1922 1200 1923 1209 1923 1210 1923 1200 1924 1210 1924 1201 1924 1201 1925 1210 1925 1211 1925 1201 1926 1211 1926 1202 1926 1202 1927 1211 1927 1212 1927 1202 1928 1212 1928 1203 1928 1203 1929 1212 1929 1213 1929 1203 1930 1213 1930 1204 1930 1204 1931 1213 1931 1214 1931 1204 1932 1214 1932 1205 1932 1205 1933 1214 1933 1215 1933 1205 1934 1215 1934 1206 1934 1206 1935 1215 1935 1216 1935 1195 1936 1088 1936 1197 1936 1197 1937 1088 1937 1217 1937 1197 1938 1217 1938 1207 1938 1207 1939 1217 1939 1218 1939 1207 1940 1218 1940 1208 1940 1208 1941 1218 1941 1219 1941 1208 1942 1219 1942 1209 1942 1209 1943 1219 1943 1220 1943 1209 1944 1220 1944 1210 1944 1210 1945 1220 1945 1221 1945 1210 1946 1221 1946 1211 1946 1211 1947 1221 1947 1222 1947 1211 1948 1222 1948 1212 1948 1212 1949 1222 1949 1223 1949 1212 1950 1223 1950 1213 1950 1213 1951 1223 1951 1224 1951 1213 1952 1224 1952 1214 1952 1214 1953 1224 1953 1225 1953 1214 1954 1225 1954 1215 1954 1215 1955 1225 1955 1226 1955 1215 1956 1226 1956 1216 1956 1216 1957 1226 1957 1227 1957 1228 1958 559 1958 553 1958 1072 1959 1074 1959 1173 1959 1173 1960 1074 1960 1229 1960 1173 1961 1229 1961 1230 1961 1230 1962 1229 1962 1231 1962 1230 1963 1231 1963 1232 1963 1232 1964 1231 1964 1233 1964 1232 1965 1233 1965 1234 1965 1234 1966 1233 1966 1235 1966 1234 1967 1235 1967 1236 1967 1236 1968 1235 1968 1237 1968 1236 1969 1237 1969 1238 1969 1238 1970 1237 1970 1228 1970 1238 1971 1228 1971 1239 1971 1239 1972 1228 1972 553 1972 1239 1973 553 1973 574 1973 1073 1974 1167 1974 1074 1974 1074 1975 1167 1975 1172 1975 1074 1976 1172 1976 1229 1976 1229 1977 1172 1977 1177 1977 1229 1978 1177 1978 1231 1978 1231 1979 1177 1979 1186 1979 1231 1980 1186 1980 1233 1980 1233 1981 1186 1981 1206 1981 1233 1982 1206 1982 1235 1982 1235 1983 1206 1983 1216 1983 1235 1984 1216 1984 1237 1984 1237 1985 1216 1985 1227 1985 1237 1986 1227 1986 1228 1986 1228 1987 1227 1987 558 1987 1228 1988 558 1988 559 1988 1069 1989 1071 1989 1175 1989 1175 1990 1071 1990 1240 1990 1175 1991 1240 1991 1241 1991 1241 1992 1240 1992 1242 1992 1241 1993 1242 1993 1243 1993 1243 1994 1242 1994 1244 1994 1243 1995 1244 1995 1245 1995 1245 1996 1244 1996 1246 1996 1245 1997 1246 1997 1247 1997 1247 1998 1246 1998 1248 1998 1247 1999 1248 1999 1249 1999 1249 2000 1248 2000 1250 2000 1249 2001 1250 2001 1251 2001 1066 2002 1068 2002 1174 2002 1174 2003 1068 2003 1252 2003 1174 2004 1252 2004 1253 2004 1253 2005 1252 2005 1254 2005 1253 2006 1254 2006 1255 2006 1255 2007 1254 2007 1256 2007 1255 2008 1256 2008 1257 2008 1257 2009 1256 2009 1258 2009 1257 2010 1258 2010 1259 2010 1259 2011 1258 2011 1260 2011 1259 2012 1260 2012 1261 2012 1261 2013 1260 2013 1262 2013 1261 2014 1262 2014 1263 2014 1264 2015 563 2015 562 2015 1063 2016 1065 2016 1176 2016 1176 2017 1065 2017 1265 2017 1176 2018 1265 2018 1266 2018 1266 2019 1265 2019 1267 2019 1266 2020 1267 2020 1268 2020 1268 2021 1267 2021 1269 2021 1268 2022 1269 2022 1270 2022 1270 2023 1269 2023 1271 2023 1270 2024 1271 2024 1272 2024 1272 2025 1271 2025 1273 2025 1272 2026 1273 2026 1274 2026 1274 2027 1273 2027 1264 2027 1274 2028 1264 2028 1275 2028 1275 2029 1264 2029 562 2029 1275 2030 562 2030 605 2030 1262 2031 568 2031 1263 2031 1263 2032 568 2032 566 2032 1263 2033 566 2033 564 2033 1064 2034 1174 2034 1065 2034 1065 2035 1174 2035 1253 2035 1065 2036 1253 2036 1265 2036 1265 2037 1253 2037 1255 2037 1265 2038 1255 2038 1267 2038 1267 2039 1255 2039 1257 2039 1267 2040 1257 2040 1269 2040 1269 2041 1257 2041 1259 2041 1269 2042 1259 2042 1271 2042 1271 2043 1259 2043 1261 2043 1271 2044 1261 2044 1273 2044 1273 2045 1261 2045 1263 2045 1273 2046 1263 2046 1264 2046 1264 2047 1263 2047 564 2047 1264 2048 564 2048 563 2048 1250 2049 573 2049 1251 2049 1251 2050 573 2050 571 2050 1251 2051 571 2051 569 2051 1067 2052 1175 2052 1068 2052 1068 2053 1175 2053 1241 2053 1068 2054 1241 2054 1252 2054 1252 2055 1241 2055 1243 2055 1252 2056 1243 2056 1254 2056 1254 2057 1243 2057 1245 2057 1254 2058 1245 2058 1256 2058 1256 2059 1245 2059 1247 2059 1256 2060 1247 2060 1258 2060 1258 2061 1247 2061 1249 2061 1258 2062 1249 2062 1260 2062 1260 2063 1249 2063 1251 2063 1260 2064 1251 2064 1262 2064 1262 2065 1251 2065 569 2065 1262 2066 569 2066 568 2066 1070 2067 1173 2067 1071 2067 1071 2068 1173 2068 1230 2068 1071 2069 1230 2069 1240 2069 1240 2070 1230 2070 1232 2070 1240 2071 1232 2071 1242 2071 1242 2072 1232 2072 1234 2072 1242 2073 1234 2073 1244 2073 1244 2074 1234 2074 1236 2074 1244 2075 1236 2075 1246 2075 1246 2076 1236 2076 1238 2076 1246 2077 1238 2077 1248 2077 1248 2078 1238 2078 1239 2078 1248 2079 1239 2079 1250 2079 1250 2080 1239 2080 574 2080 1250 2081 574 2081 573 2081 1058 2082 1196 2082 1059 2082 1059 2083 1196 2083 1276 2083 1059 2084 1276 2084 1137 2084 1137 2085 1276 2085 1277 2085 1137 2086 1277 2086 1138 2086 1138 2087 1277 2087 1278 2087 1138 2088 1278 2088 1139 2088 1139 2089 1278 2089 1279 2089 1139 2090 1279 2090 1140 2090 1140 2091 1279 2091 1143 2091 1140 2092 1143 2092 1141 2092 1141 2093 1143 2093 1050 2093 1141 2094 1050 2094 1049 2094 1060 2095 1062 2095 1196 2095 1196 2096 1062 2096 1280 2096 1196 2097 1280 2097 1276 2097 1276 2098 1280 2098 1281 2098 1276 2099 1281 2099 1277 2099 1277 2100 1281 2100 1282 2100 1277 2101 1282 2101 1278 2101 1278 2102 1282 2102 1283 2102 1278 2103 1283 2103 1279 2103 1279 2104 1283 2104 1284 2104 1279 2105 1284 2105 1143 2105 1143 2106 1284 2106 1285 2106 1143 2107 1285 2107 1142 2107 1142 2108 1285 2108 347 2108 1142 2109 347 2109 346 2109 1281 2110 1286 2110 1282 2110 1282 2111 1286 2111 1287 2111 1282 2112 1287 2112 1283 2112 1283 2113 1287 2113 1288 2113 1283 2114 1288 2114 1284 2114 1284 2115 1288 2115 1289 2115 1284 2116 1289 2116 1285 2116 1285 2117 1289 2117 604 2117 1285 2118 604 2118 347 2118 1061 2119 1176 2119 1062 2119 1062 2120 1176 2120 1266 2120 1062 2121 1266 2121 1280 2121 1280 2122 1266 2122 1268 2122 1280 2123 1268 2123 1281 2123 1281 2124 1268 2124 1270 2124 1281 2125 1270 2125 1286 2125 1286 2126 1270 2126 1272 2126 1286 2127 1272 2127 1287 2127 1287 2128 1272 2128 1274 2128 1287 2129 1274 2129 1288 2129 1288 2130 1274 2130 1275 2130 1288 2131 1275 2131 1289 2131 1289 2132 1275 2132 605 2132 1289 2133 605 2133 604 2133 1290 2134 1114 2134 1291 2134 1291 2135 1114 2135 1112 2135 1291 2136 1112 2136 1292 2136 1292 2137 1112 2137 1086 2137 1292 2138 1086 2138 1293 2138 1293 2139 1086 2139 1107 2139 1293 2140 1107 2140 1294 2140 1294 2141 1107 2141 1104 2141 1294 2142 1295 2142 1293 2142 1293 2143 1295 2143 1296 2143 1293 2144 1296 2144 1292 2144 1292 2145 1296 2145 1297 2145 1292 2146 1297 2146 1291 2146 1291 2147 1297 2147 1298 2147 1291 2148 1298 2148 1290 2148 1290 2149 1298 2149 1299 2149 1290 2150 1299 2150 1300 2150 1115 2151 1114 2151 1116 2151 1116 2152 1114 2152 1290 2152 1116 2153 1290 2153 1301 2153 1301 2154 1290 2154 1300 2154 1301 2155 1300 2155 1302 2155 1117 2156 1116 2156 1118 2156 1118 2157 1116 2157 1301 2157 1118 2158 1301 2158 1303 2158 1303 2159 1301 2159 1302 2159 1303 2160 1302 2160 1304 2160 1304 2161 1302 2161 1305 2161 1304 2162 1305 2162 1306 2162 1306 2163 1305 2163 1307 2163 1306 2164 1307 2164 1308 2164 1308 2165 1307 2165 1309 2165 1308 2166 1309 2166 1310 2166 1310 2167 1309 2167 1311 2167 1310 2168 1311 2168 1312 2168 1126 2169 1081 2169 1127 2169 1127 2170 1081 2170 1083 2170 1127 2171 1083 2171 1128 2171 1128 2172 1083 2172 1313 2172 1128 2173 1313 2173 1129 2173 1129 2174 1313 2174 1130 2174 1129 2175 1130 2175 1024 2175 1024 2176 1130 2176 1029 2176 1119 2177 1118 2177 1122 2177 1122 2178 1118 2178 1303 2178 1122 2179 1303 2179 1314 2179 1314 2180 1303 2180 1304 2180 1314 2181 1304 2181 1315 2181 1315 2182 1304 2182 1306 2182 1315 2183 1306 2183 1316 2183 1316 2184 1306 2184 1308 2184 1316 2185 1308 2185 1317 2185 1317 2186 1308 2186 1310 2186 1317 2187 1310 2187 1318 2187 1318 2188 1310 2188 1312 2188 1318 2189 1312 2189 1319 2189 1120 2190 1122 2190 1125 2190 1125 2191 1122 2191 1314 2191 1125 2192 1314 2192 1320 2192 1320 2193 1314 2193 1315 2193 1320 2194 1315 2194 1321 2194 1321 2195 1315 2195 1316 2195 1321 2196 1316 2196 1322 2196 1322 2197 1316 2197 1317 2197 1322 2198 1317 2198 1323 2198 1323 2199 1317 2199 1318 2199 1323 2200 1318 2200 1134 2200 1134 2201 1318 2201 1319 2201 1134 2202 1319 2202 1135 2202 1033 2203 1034 2203 1134 2203 1134 2204 1034 2204 1133 2204 1134 2205 1133 2205 1323 2205 1323 2206 1133 2206 1132 2206 1323 2207 1132 2207 1322 2207 1322 2208 1132 2208 1131 2208 1322 2209 1131 2209 1321 2209 1321 2210 1131 2210 1130 2210 1321 2211 1130 2211 1320 2211 1320 2212 1130 2212 1313 2212 1320 2213 1313 2213 1125 2213 1125 2214 1313 2214 1083 2214 1125 2215 1083 2215 1123 2215 1123 2216 1083 2216 1082 2216 1324 2217 1325 2217 1326 2217 1326 2218 1325 2218 1327 2218 1326 2219 1327 2219 1328 2219 1328 2220 1327 2220 1329 2220 1328 2221 1329 2221 1330 2221 1330 2222 1329 2222 1094 2222 1330 2223 1094 2223 1331 2223 1331 2224 1094 2224 1092 2224 1331 2225 1092 2225 1332 2225 1332 2226 1092 2226 1090 2226 1098 2227 1093 2227 1097 2227 1097 2228 1093 2228 1094 2228 1097 2229 1094 2229 1100 2229 1100 2230 1094 2230 1329 2230 1100 2231 1329 2231 1102 2231 1102 2232 1329 2232 1327 2232 1102 2233 1327 2233 1104 2233 1104 2234 1327 2234 1325 2234 1104 2235 1325 2235 1294 2235 1294 2236 1325 2236 1324 2236 1294 2237 1324 2237 1295 2237 1055 2238 1054 2238 1333 2238 1333 2239 1054 2239 1334 2239 1333 2240 1334 2240 1335 2240 1335 2241 1334 2241 1336 2241 1335 2242 1336 2242 1337 2242 1337 2243 1336 2243 1338 2243 1337 2244 1338 2244 1339 2244 1340 2245 1341 2245 1342 2245 1342 2246 1341 2246 1343 2246 1342 2247 1343 2247 1344 2247 1344 2248 1343 2248 1345 2248 1344 2249 1345 2249 1346 2249 1346 2250 1345 2250 1347 2250 1346 2251 1347 2251 1348 2251 1348 2252 1347 2252 1349 2252 1348 2253 1349 2253 1350 2253 1350 2254 1349 2254 1351 2254 1350 2255 1351 2255 1352 2255 1352 2256 1351 2256 1353 2256 1352 2257 1353 2257 1354 2257 1354 2258 1353 2258 1355 2258 1354 2259 1355 2259 1356 2259 1356 2260 1355 2260 1339 2260 1356 2261 1339 2261 1357 2261 1357 2262 1339 2262 1338 2262 1358 2263 1359 2263 1360 2263 1360 2264 1359 2264 1361 2264 1360 2265 1361 2265 1362 2265 1362 2266 1361 2266 1363 2266 1362 2267 1363 2267 1364 2267 1364 2268 1363 2268 1365 2268 1364 2269 1365 2269 1366 2269 1366 2270 1365 2270 1367 2270 1366 2271 1367 2271 1368 2271 1368 2272 1367 2272 1369 2272 1368 2273 1369 2273 1370 2273 1370 2274 1369 2274 1371 2274 1370 2275 1371 2275 1372 2275 1372 2276 1371 2276 1373 2276 1372 2277 1373 2277 1374 2277 1374 2278 1373 2278 1375 2278 1374 2279 1375 2279 1376 2279 1376 2280 1375 2280 1377 2280 1376 2281 1377 2281 1378 2281 1378 2282 1377 2282 1379 2282 1378 2283 1379 2283 1380 2283 1380 2284 1379 2284 1381 2284 1380 2285 1381 2285 1382 2285 1382 2286 1381 2286 1383 2286 1382 2287 1383 2287 1384 2287 1384 2288 1383 2288 1385 2288 1384 2289 1385 2289 1386 2289 1386 2290 1385 2290 1387 2290 1386 2291 1387 2291 1388 2291 1388 2292 1387 2292 1389 2292 1359 2293 1340 2293 1361 2293 1361 2294 1340 2294 1342 2294 1361 2295 1342 2295 1363 2295 1363 2296 1342 2296 1344 2296 1363 2297 1344 2297 1365 2297 1365 2298 1344 2298 1346 2298 1365 2299 1346 2299 1367 2299 1367 2300 1346 2300 1348 2300 1367 2301 1348 2301 1369 2301 1369 2302 1348 2302 1350 2302 1369 2303 1350 2303 1371 2303 1371 2304 1350 2304 1352 2304 1371 2305 1352 2305 1373 2305 1373 2306 1352 2306 1354 2306 1373 2307 1354 2307 1375 2307 1375 2308 1354 2308 1356 2308 1375 2309 1356 2309 1377 2309 1377 2310 1356 2310 1357 2310 1377 2311 1357 2311 1379 2311 1379 2312 1357 2312 1338 2312 1379 2313 1338 2313 1381 2313 1381 2314 1338 2314 1336 2314 1381 2315 1336 2315 1383 2315 1383 2316 1336 2316 1334 2316 1383 2317 1334 2317 1385 2317 1385 2318 1334 2318 1054 2318 1385 2319 1054 2319 1387 2319 1387 2320 1054 2320 1056 2320 1387 2321 1056 2321 1389 2321 1389 2322 1056 2322 67 2322 1389 2323 67 2323 73 2323 64 2324 63 2324 1090 2324 1090 2325 63 2325 1056 2325 1090 2326 1056 2326 1332 2326 1332 2327 1056 2327 1055 2327 1332 2328 1055 2328 1331 2328 1331 2329 1055 2329 1333 2329 1331 2330 1333 2330 1330 2330 1330 2331 1333 2331 1335 2331 1330 2332 1335 2332 1328 2332 1328 2333 1335 2333 1337 2333 1328 2334 1337 2334 1326 2334 1326 2335 1337 2335 1339 2335 1326 2336 1339 2336 1324 2336 1324 2337 1339 2337 1355 2337 1324 2338 1355 2338 1295 2338 1295 2339 1355 2339 1353 2339 1295 2340 1353 2340 1296 2340 1296 2341 1353 2341 1351 2341 1296 2342 1351 2342 1297 2342 1297 2343 1351 2343 1349 2343 1297 2344 1349 2344 1298 2344 1298 2345 1349 2345 1347 2345 1298 2346 1347 2346 1299 2346 1299 2347 1347 2347 1345 2347 1299 2348 1345 2348 1300 2348 1300 2349 1345 2349 1343 2349 1300 2350 1343 2350 1302 2350 1302 2351 1343 2351 1341 2351 1302 2352 1341 2352 1305 2352 1305 2353 1341 2353 1340 2353 1305 2354 1340 2354 1307 2354 1307 2355 1340 2355 1359 2355 1307 2356 1359 2356 1309 2356 1309 2357 1359 2357 1358 2357 1309 2358 1358 2358 1311 2358 86 2359 85 2359 1088 2359 1088 2360 85 2360 84 2360 1088 2361 84 2361 1217 2361 1217 2362 84 2362 1158 2362 1217 2363 1158 2363 1218 2363 1218 2364 1158 2364 1159 2364 1218 2365 1159 2365 1219 2365 1219 2366 1159 2366 1160 2366 1219 2367 1160 2367 1220 2367 1220 2368 1160 2368 1161 2368 1220 2369 1161 2369 1221 2369 1221 2370 1161 2370 1075 2370 1221 2371 1075 2371 1222 2371 1222 2372 1075 2372 475 2372 1222 2373 475 2373 1223 2373 1223 2374 475 2374 474 2374 1223 2375 474 2375 1224 2375 1224 2376 474 2376 460 2376 1224 2377 460 2377 1225 2377 1225 2378 460 2378 473 2378 1225 2379 473 2379 1226 2379 1226 2380 473 2380 554 2380 1226 2381 554 2381 1227 2381 1227 2382 554 2382 556 2382 1227 2383 556 2383 558 2383 1039 2384 1038 2384 1057 2384 1057 2385 1038 2385 1136 2385 1057 2386 1136 2386 1058 2386 1058 2387 1136 2387 1135 2387 1058 2388 1135 2388 1060 2388 1060 2389 1135 2389 1319 2389 1060 2390 1319 2390 1061 2390 1061 2391 1319 2391 1312 2391 1061 2392 1312 2392 1063 2392 1063 2393 1312 2393 1311 2393 1063 2394 1311 2394 1064 2394 1064 2395 1311 2395 1358 2395 1064 2396 1358 2396 1066 2396 1066 2397 1358 2397 1360 2397 1066 2398 1360 2398 1067 2398 1067 2399 1360 2399 1362 2399 1067 2400 1362 2400 1069 2400 1069 2401 1362 2401 1364 2401 1069 2402 1364 2402 1070 2402 1070 2403 1364 2403 1366 2403 1070 2404 1366 2404 1072 2404 1072 2405 1366 2405 1368 2405 1072 2406 1368 2406 1073 2406 1073 2407 1368 2407 1370 2407 1073 2408 1370 2408 1166 2408 1166 2409 1370 2409 1372 2409 1166 2410 1372 2410 1164 2410 1164 2411 1372 2411 1374 2411 1164 2412 1374 2412 1162 2412 1162 2413 1374 2413 1376 2413 1162 2414 1376 2414 1156 2414 1156 2415 1376 2415 1378 2415 1156 2416 1378 2416 1154 2416 1154 2417 1378 2417 1380 2417 1154 2418 1380 2418 1077 2418 1077 2419 1380 2419 1382 2419 1077 2420 1382 2420 1078 2420 1078 2421 1382 2421 1384 2421 1078 2422 1384 2422 1185 2422 1185 2423 1384 2423 1386 2423 1185 2424 1386 2424 1195 2424 1195 2425 1386 2425 1388 2425 1195 2426 1388 2426 1088 2426 1088 2427 1388 2427 1389 2427 1088 2428 1389 2428 71 2428 71 2429 1389 2429 73 2429 177 2430 179 2430 1095 2430 241 2431 252 2431 377 2431 241 2432 377 2432 199 2432 199 2433 377 2433 376 2433 199 2434 376 2434 197 2434 197 2435 376 2435 375 2435 197 2436 375 2436 195 2436 244 2437 243 2437 1390 2437 252 2438 248 2438 377 2438 377 2439 248 2439 246 2439 377 2440 246 2440 320 2440 320 2441 246 2441 244 2441 320 2442 244 2442 255 2442 255 2443 244 2443 1390 2443 255 2444 1390 2444 257 2444 257 2445 1390 2445 259 2445 243 2446 253 2446 1390 2446 1390 2447 253 2447 261 2447 1390 2448 261 2448 259 2448 382 2449 381 2449 189 2449 189 2450 381 2450 386 2450 189 2451 386 2451 209 2451 209 2452 386 2452 387 2452 209 2453 387 2453 207 2453 375 2454 379 2454 195 2454 195 2455 379 2455 383 2455 195 2456 383 2456 193 2456 193 2457 383 2457 382 2457 193 2458 382 2458 191 2458 191 2459 382 2459 189 2459 207 2460 387 2460 205 2460 205 2461 387 2461 389 2461 205 2462 389 2462 202 2462 202 2463 389 2463 391 2463 202 2464 391 2464 213 2464 213 2465 391 2465 393 2465 213 2466 393 2466 215 2466 215 2467 393 2467 394 2467 215 2468 394 2468 216 2468 216 2469 394 2469 396 2469 216 2470 396 2470 218 2470 218 2471 396 2471 398 2471 218 2472 398 2472 221 2472 221 2473 398 2473 400 2473 221 2474 400 2474 224 2474 224 2475 400 2475 403 2475 224 2476 403 2476 225 2476 239 2477 238 2477 679 2477 679 2478 238 2478 236 2478 679 2479 236 2479 404 2479 404 2480 236 2480 234 2480 404 2481 234 2481 405 2481 405 2482 234 2482 233 2482 405 2483 233 2483 407 2483 407 2484 233 2484 228 2484 407 2485 228 2485 408 2485 408 2486 228 2486 225 2486 408 2487 225 2487 402 2487 402 2488 225 2488 403 2488 239 2489 679 2489 231 2489 231 2490 679 2490 680 2490 231 2491 680 2491 188 2491 188 2492 680 2492 58 2492 188 2493 58 2493 186 2493 186 2494 58 2494 60 2494 186 2495 60 2495 184 2495 184 2496 60 2496 1089 2496 184 2497 1089 2497 137 2497 137 2498 1089 2498 1091 2498 137 2499 1091 2499 138 2499 138 2500 1091 2500 1093 2500 138 2501 1093 2501 181 2501 181 2502 1093 2502 1098 2502 181 2503 1098 2503 179 2503 179 2504 1098 2504 1096 2504 179 2505 1096 2505 1095 2505 1103 2506 165 2506 1101 2506 1101 2507 165 2507 164 2507 177 2508 1095 2508 164 2508 164 2509 1095 2509 1099 2509 164 2510 1099 2510 1101 2510 173 2511 171 2511 1105 2511 1105 2512 171 2512 1106 2512 1106 2513 171 2513 169 2513 1106 2514 169 2514 1103 2514 1103 2515 169 2515 167 2515 1103 2516 167 2516 165 2516 162 2517 1084 2517 156 2517 156 2518 1084 2518 1111 2518 156 2519 1111 2519 158 2519 1105 2520 1110 2520 173 2520 173 2521 1110 2521 1109 2521 173 2522 1109 2522 174 2522 174 2523 1109 2523 1108 2523 174 2524 1108 2524 162 2524 162 2525 1108 2525 1085 2525 162 2526 1085 2526 1084 2526 148 2527 1121 2527 146 2527 146 2528 1121 2528 1120 2528 146 2529 1120 2529 144 2529 158 2530 1111 2530 159 2530 159 2531 1111 2531 1113 2531 159 2532 1113 2532 153 2532 153 2533 1113 2533 1115 2533 153 2534 1115 2534 151 2534 151 2535 1115 2535 1117 2535 151 2536 1117 2536 148 2536 148 2537 1117 2537 1119 2537 148 2538 1119 2538 1121 2538 1391 2539 120 2539 1392 2539 1392 2540 120 2540 118 2540 1392 2541 118 2541 116 2541 116 2542 112 2542 1392 2542 1392 2543 112 2543 111 2543 1392 2544 111 2544 1391 2544 1391 2545 111 2545 128 2545 1391 2546 128 2546 1126 2546 128 2547 127 2547 1126 2547 1126 2548 127 2548 126 2548 1126 2549 126 2549 124 2549 1120 2550 1124 2550 144 2550 144 2551 1124 2551 1123 2551 144 2552 1123 2552 140 2552 140 2553 1123 2553 1082 2553 140 2554 1082 2554 132 2554 132 2555 1082 2555 1081 2555 132 2556 1081 2556 133 2556 133 2557 1081 2557 1126 2557 133 2558 1126 2558 136 2558 136 2559 1126 2559 124 2559 122 2560 120 2560 1393 2560 1393 2561 120 2561 1391 2561 1394 2562 1395 2562 1396 2562 1397 2563 1398 2563 1399 2563 1397 2564 1399 2564 1400 2564 1400 2565 1399 2565 1401 2565 1400 2566 1401 2566 1402 2566 1402 2567 1401 2567 1403 2567 1403 2568 1401 2568 860 2568 1403 2569 860 2569 862 2569 1404 2570 1405 2570 1406 2570 836 2571 1407 2571 837 2571 837 2572 1407 2572 1408 2572 837 2573 1408 2573 838 2573 838 2574 1408 2574 1409 2574 838 2575 1409 2575 834 2575 834 2576 1409 2576 1396 2576 834 2577 1396 2577 833 2577 833 2578 1396 2578 1395 2578 833 2579 1395 2579 832 2579 829 2580 1410 2580 836 2580 836 2581 1410 2581 1411 2581 836 2582 1411 2582 1407 2582 829 2583 828 2583 1410 2583 1410 2584 828 2584 840 2584 1410 2585 840 2585 1412 2585 1412 2586 840 2586 845 2586 1412 2587 845 2587 1413 2587 1413 2588 845 2588 844 2588 1413 2589 844 2589 842 2589 841 2590 1414 2590 842 2590 842 2591 1414 2591 1415 2591 842 2592 1415 2592 1413 2592 841 2593 849 2593 1414 2593 1414 2594 849 2594 847 2594 1414 2595 847 2595 1416 2595 1416 2596 847 2596 846 2596 1416 2597 846 2597 1417 2597 1417 2598 846 2598 853 2598 1417 2599 853 2599 1418 2599 1418 2600 853 2600 854 2600 1418 2601 854 2601 1419 2601 1419 2602 854 2602 855 2602 857 2603 1420 2603 855 2603 855 2604 1420 2604 1421 2604 855 2605 1421 2605 1419 2605 857 2606 863 2606 1420 2606 1420 2607 863 2607 865 2607 1420 2608 865 2608 1422 2608 1422 2609 865 2609 867 2609 1422 2610 867 2610 1423 2610 1423 2611 867 2611 869 2611 1423 2612 869 2612 1424 2612 1424 2613 869 2613 827 2613 1424 2614 827 2614 1425 2614 1425 2615 827 2615 824 2615 1425 2616 824 2616 1426 2616 1394 2617 1396 2617 1427 2617 1427 2618 1396 2618 1409 2618 1427 2619 1409 2619 1428 2619 1428 2620 1409 2620 1408 2620 1428 2621 1408 2621 1429 2621 1429 2622 1408 2622 1407 2622 1429 2623 1407 2623 1430 2623 1430 2624 1407 2624 1411 2624 1430 2625 1411 2625 1431 2625 1431 2626 1411 2626 1410 2626 1431 2627 1410 2627 1432 2627 1432 2628 1410 2628 1412 2628 1432 2629 1412 2629 1433 2629 1433 2630 1412 2630 1413 2630 1433 2631 1413 2631 1434 2631 1434 2632 1413 2632 1415 2632 1434 2633 1415 2633 1435 2633 1435 2634 1415 2634 1414 2634 1435 2635 1414 2635 1436 2635 1436 2636 1414 2636 1416 2636 1436 2637 1416 2637 1437 2637 1437 2638 1416 2638 1417 2638 1437 2639 1417 2639 1438 2639 1438 2640 1417 2640 1418 2640 1438 2641 1418 2641 1439 2641 1439 2642 1418 2642 1419 2642 1439 2643 1419 2643 1440 2643 1440 2644 1419 2644 1421 2644 1440 2645 1421 2645 1441 2645 1441 2646 1421 2646 1420 2646 1441 2647 1420 2647 1442 2647 1442 2648 1420 2648 1422 2648 1442 2649 1422 2649 1443 2649 1443 2650 1422 2650 1423 2650 1443 2651 1423 2651 1444 2651 1444 2652 1423 2652 1424 2652 1444 2653 1424 2653 1445 2653 1445 2654 1424 2654 1425 2654 1445 2655 1425 2655 1446 2655 1446 2656 1425 2656 1426 2656 1446 2657 1426 2657 1447 2657 831 2658 832 2658 1448 2658 1448 2659 832 2659 1395 2659 1448 2660 1395 2660 1405 2660 1405 2661 1395 2661 1394 2661 1405 2662 1394 2662 1406 2662 1406 2663 1394 2663 1427 2663 1406 2664 1427 2664 1449 2664 1449 2665 1427 2665 1428 2665 1449 2666 1428 2666 1450 2666 1450 2667 1428 2667 1429 2667 1450 2668 1429 2668 1451 2668 1451 2669 1429 2669 1430 2669 1451 2670 1430 2670 1452 2670 1452 2671 1430 2671 1431 2671 1452 2672 1431 2672 1453 2672 1453 2673 1431 2673 1432 2673 1453 2674 1432 2674 1454 2674 1454 2675 1432 2675 1433 2675 1454 2676 1433 2676 1455 2676 1455 2677 1433 2677 1434 2677 1455 2678 1434 2678 1456 2678 1456 2679 1434 2679 1435 2679 1456 2680 1435 2680 1457 2680 1457 2681 1435 2681 1436 2681 1457 2682 1436 2682 1458 2682 1458 2683 1436 2683 1437 2683 1458 2684 1437 2684 1459 2684 1459 2685 1437 2685 1438 2685 1459 2686 1438 2686 1460 2686 1460 2687 1438 2687 1439 2687 1460 2688 1439 2688 1461 2688 1461 2689 1439 2689 1440 2689 1461 2690 1440 2690 1462 2690 1462 2691 1440 2691 1441 2691 1462 2692 1441 2692 1463 2692 1463 2693 1441 2693 1442 2693 1463 2694 1442 2694 1464 2694 1464 2695 1442 2695 1443 2695 1464 2696 1443 2696 1465 2696 1465 2697 1443 2697 1444 2697 1465 2698 1444 2698 1466 2698 1466 2699 1444 2699 1445 2699 1466 2700 1445 2700 1467 2700 1467 2701 1445 2701 1446 2701 1467 2702 1446 2702 1468 2702 1468 2703 1446 2703 1447 2703 1468 2704 1447 2704 1469 2704 1469 2705 1447 2705 1470 2705 1398 2706 1470 2706 1399 2706 1399 2707 1470 2707 1447 2707 1399 2708 1447 2708 1401 2708 1401 2709 1447 2709 1426 2709 1401 2710 1426 2710 860 2710 860 2711 1426 2711 824 2711 1471 2712 1472 2712 1473 2712 1474 2713 1475 2713 925 2713 1472 2714 1476 2714 1475 2714 1476 2715 1472 2715 1477 2715 1477 2716 1472 2716 1471 2716 1477 2717 1471 2717 1478 2717 1405 2718 1404 2718 1479 2718 1480 2719 944 2719 1481 2719 1481 2720 944 2720 893 2720 1481 2721 893 2721 1482 2721 1482 2722 893 2722 892 2722 1482 2723 892 2723 1483 2723 1483 2724 892 2724 890 2724 1483 2725 890 2725 1484 2725 1484 2726 890 2726 887 2726 1484 2727 887 2727 1485 2727 1485 2728 887 2728 831 2728 1485 2729 831 2729 1448 2729 875 2730 874 2730 1486 2730 1486 2731 874 2731 943 2731 1486 2732 943 2732 1487 2732 1487 2733 943 2733 872 2733 1487 2734 872 2734 1480 2734 1480 2735 872 2735 871 2735 1480 2736 871 2736 944 2736 875 2737 1486 2737 942 2737 942 2738 1486 2738 1488 2738 942 2739 1488 2739 1489 2739 1490 2740 940 2740 1491 2740 1491 2741 940 2741 939 2741 1491 2742 939 2742 1492 2742 1492 2743 939 2743 878 2743 1492 2744 878 2744 1489 2744 1489 2745 878 2745 877 2745 1489 2746 877 2746 942 2746 1493 2747 937 2747 1494 2747 1494 2748 937 2748 936 2748 1494 2749 936 2749 1495 2749 1495 2750 936 2750 935 2750 1495 2751 935 2751 1490 2751 1490 2752 935 2752 941 2752 1490 2753 941 2753 940 2753 1405 2754 1479 2754 1496 2754 1496 2755 1479 2755 1497 2755 1496 2756 1497 2756 1498 2756 1498 2757 1497 2757 1499 2757 1498 2758 1499 2758 1500 2758 1500 2759 1499 2759 1501 2759 1500 2760 1501 2760 1502 2760 1502 2761 1501 2761 1503 2761 1502 2762 1503 2762 1504 2762 1504 2763 1503 2763 1505 2763 1504 2764 1505 2764 1506 2764 1506 2765 1505 2765 1507 2765 1506 2766 1507 2766 1508 2766 1508 2767 1507 2767 1509 2767 1508 2768 1509 2768 1510 2768 1510 2769 1509 2769 1511 2769 1510 2770 1511 2770 1512 2770 1512 2771 1511 2771 1513 2771 1512 2772 1513 2772 1514 2772 1514 2773 1513 2773 1515 2773 1514 2774 1515 2774 1516 2774 1516 2775 1515 2775 1517 2775 1516 2776 1517 2776 1518 2776 1518 2777 1517 2777 1519 2777 1518 2778 1519 2778 1520 2778 1520 2779 1519 2779 1521 2779 1520 2780 1521 2780 1522 2780 1522 2781 1521 2781 1523 2781 1522 2782 1523 2782 1524 2782 1524 2783 1523 2783 1525 2783 1524 2784 1525 2784 1526 2784 1526 2785 1525 2785 1527 2785 1526 2786 1527 2786 1528 2786 1527 2787 1529 2787 1528 2787 1528 2788 1529 2788 1530 2788 1528 2789 1530 2789 1531 2789 1531 2790 1530 2790 1532 2790 1531 2791 1532 2791 1533 2791 1533 2792 1532 2792 1534 2792 1533 2793 1534 2793 1535 2793 1535 2794 1534 2794 1536 2794 1535 2795 1536 2795 1537 2795 1537 2796 1536 2796 1538 2796 1537 2797 1538 2797 1473 2797 1473 2798 1538 2798 1539 2798 1473 2799 1539 2799 1471 2799 1475 2800 1474 2800 1472 2800 1472 2801 1474 2801 1540 2801 1472 2802 1540 2802 1473 2802 1473 2803 1540 2803 1541 2803 1473 2804 1541 2804 1537 2804 1537 2805 1541 2805 1542 2805 1537 2806 1542 2806 1535 2806 1535 2807 1542 2807 1543 2807 1535 2808 1543 2808 1533 2808 1533 2809 1543 2809 1544 2809 1533 2810 1544 2810 1531 2810 1531 2811 1544 2811 1545 2811 1531 2812 1545 2812 1528 2812 1528 2813 1545 2813 1493 2813 1528 2814 1493 2814 1526 2814 1526 2815 1493 2815 1494 2815 1526 2816 1494 2816 1524 2816 1524 2817 1494 2817 1495 2817 1524 2818 1495 2818 1522 2818 1522 2819 1495 2819 1490 2819 1522 2820 1490 2820 1520 2820 1520 2821 1490 2821 1491 2821 1520 2822 1491 2822 1518 2822 1518 2823 1491 2823 1492 2823 1518 2824 1492 2824 1516 2824 1516 2825 1492 2825 1489 2825 1516 2826 1489 2826 1514 2826 1514 2827 1489 2827 1488 2827 1514 2828 1488 2828 1512 2828 1512 2829 1488 2829 1486 2829 1512 2830 1486 2830 1510 2830 1510 2831 1486 2831 1487 2831 1510 2832 1487 2832 1508 2832 1508 2833 1487 2833 1480 2833 1508 2834 1480 2834 1506 2834 1506 2835 1480 2835 1481 2835 1506 2836 1481 2836 1504 2836 1504 2837 1481 2837 1482 2837 1504 2838 1482 2838 1502 2838 1502 2839 1482 2839 1483 2839 1502 2840 1483 2840 1500 2840 1500 2841 1483 2841 1484 2841 1500 2842 1484 2842 1498 2842 1498 2843 1484 2843 1485 2843 1498 2844 1485 2844 1496 2844 1496 2845 1485 2845 1448 2845 1496 2846 1448 2846 1405 2846 925 2847 880 2847 1474 2847 1474 2848 880 2848 882 2848 1474 2849 882 2849 1540 2849 1540 2850 882 2850 945 2850 1540 2851 945 2851 1541 2851 1541 2852 945 2852 932 2852 1541 2853 932 2853 1542 2853 1542 2854 932 2854 931 2854 1542 2855 931 2855 1543 2855 1543 2856 931 2856 934 2856 1543 2857 934 2857 1544 2857 1544 2858 934 2858 933 2858 1544 2859 933 2859 1545 2859 1545 2860 933 2860 912 2860 1545 2861 912 2861 1493 2861 1493 2862 912 2862 938 2862 1493 2863 938 2863 937 2863 1546 2864 1547 2864 1548 2864 1548 2865 1547 2865 1549 2865 1550 2866 1547 2866 1546 2866 1551 2867 1529 2867 1527 2867 1552 2868 1553 2868 1515 2868 1515 2869 1553 2869 1554 2869 1515 2870 1554 2870 1517 2870 1515 2871 1513 2871 1552 2871 1552 2872 1513 2872 1511 2872 1552 2873 1511 2873 1555 2873 1555 2874 1511 2874 1509 2874 1555 2875 1509 2875 1556 2875 1556 2876 1509 2876 1507 2876 1556 2877 1507 2877 1557 2877 1557 2878 1507 2878 1558 2878 1507 2879 1505 2879 1558 2879 1558 2880 1505 2880 1503 2880 1558 2881 1503 2881 1559 2881 1559 2882 1503 2882 1501 2882 1559 2883 1501 2883 1560 2883 1560 2884 1501 2884 1499 2884 1560 2885 1499 2885 1561 2885 1561 2886 1499 2886 1497 2886 1561 2887 1497 2887 1562 2887 1562 2888 1497 2888 1479 2888 1562 2889 1479 2889 1563 2889 1563 2890 1479 2890 1404 2890 1563 2891 1404 2891 1406 2891 1563 2892 1406 2892 1564 2892 1564 2893 1406 2893 1565 2893 1565 2894 1406 2894 1449 2894 1565 2895 1449 2895 1566 2895 1566 2896 1449 2896 1450 2896 1566 2897 1450 2897 1567 2897 1567 2898 1450 2898 1451 2898 1567 2899 1451 2899 1568 2899 1451 2900 1452 2900 1568 2900 1568 2901 1452 2901 1453 2901 1568 2902 1453 2902 1569 2902 1569 2903 1453 2903 1454 2903 1569 2904 1454 2904 1570 2904 1570 2905 1454 2905 1571 2905 1454 2906 1455 2906 1571 2906 1571 2907 1455 2907 1456 2907 1571 2908 1456 2908 1572 2908 1572 2909 1456 2909 1573 2909 1573 2910 1456 2910 1457 2910 1573 2911 1457 2911 1574 2911 1575 2912 1576 2912 1459 2912 1459 2913 1576 2913 1574 2913 1459 2914 1574 2914 1458 2914 1458 2915 1574 2915 1457 2915 1575 2916 1459 2916 1577 2916 1577 2917 1459 2917 1460 2917 1577 2918 1460 2918 1578 2918 1578 2919 1460 2919 1461 2919 1578 2920 1461 2920 1579 2920 1579 2921 1461 2921 1462 2921 1579 2922 1462 2922 1463 2922 1580 2923 1581 2923 1465 2923 1465 2924 1581 2924 1582 2924 1465 2925 1582 2925 1464 2925 1464 2926 1582 2926 1583 2926 1464 2927 1583 2927 1463 2927 1463 2928 1583 2928 1584 2928 1463 2929 1584 2929 1579 2929 1580 2930 1465 2930 1585 2930 1585 2931 1465 2931 1466 2931 1585 2932 1466 2932 1586 2932 1586 2933 1466 2933 1467 2933 1586 2934 1467 2934 1587 2934 1587 2935 1467 2935 1468 2935 1587 2936 1468 2936 1588 2936 1588 2937 1468 2937 1469 2937 1588 2938 1469 2938 1589 2938 1397 2939 1590 2939 1398 2939 1398 2940 1590 2940 1589 2940 1398 2941 1589 2941 1470 2941 1470 2942 1589 2942 1469 2942 1591 2943 1478 2943 1592 2943 1592 2944 1478 2944 1471 2944 1592 2945 1471 2945 1593 2945 1593 2946 1471 2946 1539 2946 1593 2947 1539 2947 1594 2947 1594 2948 1539 2948 1538 2948 1538 2949 1536 2949 1594 2949 1594 2950 1536 2950 1534 2950 1594 2951 1534 2951 1595 2951 1595 2952 1534 2952 1532 2952 1595 2953 1532 2953 1596 2953 1596 2954 1532 2954 1530 2954 1596 2955 1530 2955 1597 2955 1529 2956 1551 2956 1530 2956 1530 2957 1551 2957 1598 2957 1530 2958 1598 2958 1597 2958 1554 2959 1599 2959 1517 2959 1517 2960 1599 2960 1600 2960 1517 2961 1600 2961 1519 2961 1519 2962 1600 2962 1601 2962 1519 2963 1601 2963 1521 2963 1521 2964 1601 2964 1602 2964 1521 2965 1602 2965 1523 2965 1523 2966 1602 2966 1549 2966 1523 2967 1549 2967 1525 2967 1525 2968 1549 2968 1547 2968 1525 2969 1547 2969 1527 2969 1527 2970 1547 2970 1550 2970 1527 2971 1550 2971 1551 2971 1603 2972 1393 2972 1391 2972 1027 2973 950 2973 1080 2973 1080 2974 950 2974 1126 2974 950 2975 949 2975 1126 2975 1126 2976 949 2976 947 2976 1126 2977 947 2977 1391 2977 1391 2978 947 2978 946 2978 1391 2979 946 2979 1004 2979 1004 2980 952 2980 1391 2980 1391 2981 952 2981 919 2981 1391 2982 919 2982 926 2982 1603 2983 1391 2983 1591 2983 1591 2984 1391 2984 1477 2984 1591 2985 1477 2985 1478 2985 1476 2986 1477 2986 1475 2986 1475 2987 1477 2987 1391 2987 1475 2988 1391 2988 925 2988 925 2989 1391 2989 926 2989 254 2990 1604 2990 320 2990 320 2991 1604 2991 1590 2991 320 2992 744 2992 742 2992 742 2993 741 2993 320 2993 320 2994 741 2994 747 2994 320 2995 747 2995 377 2995 747 2996 748 2996 377 2996 377 2997 748 2997 713 2997 377 2998 713 2998 373 2998 373 2999 713 2999 371 2999 1403 3000 862 3000 1590 3000 1590 3001 862 3001 861 3001 1590 3002 861 3002 320 3002 320 3003 861 3003 745 3003 320 3004 745 3004 744 3004 1397 3005 1400 3005 1590 3005 1590 3006 1400 3006 1402 3006 1590 3007 1402 3007 1403 3007 183 3008 182 3008 235 3008 1605 3009 267 3009 268 3009 114 3010 115 3010 1606 3010 114 3011 143 3011 142 3011 142 3012 141 3012 114 3012 114 3013 141 3013 134 3013 114 3014 134 3014 113 3014 113 3015 134 3015 135 3015 130 3016 129 3016 131 3016 131 3017 129 3017 113 3017 131 3018 113 3018 123 3018 123 3019 113 3019 135 3019 115 3020 117 3020 1606 3020 1606 3021 117 3021 119 3021 1606 3022 119 3022 1607 3022 1607 3023 119 3023 1608 3023 1393 3024 1603 3024 122 3024 122 3025 1603 3025 1608 3025 122 3026 1608 3026 121 3026 121 3027 1608 3027 119 3027 114 3028 1606 3028 143 3028 143 3029 1606 3029 1609 3029 143 3030 1609 3030 145 3030 145 3031 1609 3031 1605 3031 145 3032 1605 3032 147 3032 147 3033 1605 3033 149 3033 149 3034 1605 3034 268 3034 149 3035 268 3035 150 3035 155 3036 157 3036 264 3036 264 3037 157 3037 154 3037 264 3038 154 3038 268 3038 268 3039 154 3039 152 3039 268 3040 152 3040 150 3040 109 3041 108 3041 172 3041 172 3042 108 3042 107 3042 172 3043 107 3043 106 3043 172 3044 163 3044 109 3044 109 3045 163 3045 161 3045 109 3046 161 3046 264 3046 264 3047 161 3047 160 3047 264 3048 160 3048 155 3048 175 3049 166 3049 106 3049 166 3050 168 3050 106 3050 106 3051 168 3051 170 3051 106 3052 170 3052 172 3052 106 3053 105 3053 175 3053 175 3054 105 3054 104 3054 175 3055 104 3055 103 3055 103 3056 96 3056 230 3056 217 3057 219 3057 99 3057 99 3058 219 3058 220 3058 96 3059 97 3059 230 3059 230 3060 97 3060 98 3060 230 3061 98 3061 223 3061 223 3062 98 3062 99 3062 223 3063 99 3063 222 3063 222 3064 99 3064 220 3064 103 3065 230 3065 175 3065 175 3066 230 3066 229 3066 175 3067 229 3067 176 3067 235 3068 182 3068 226 3068 226 3069 182 3069 180 3069 226 3070 180 3070 227 3070 227 3071 180 3071 229 3071 229 3072 180 3072 178 3072 229 3073 178 3073 176 3073 232 3074 187 3074 185 3074 235 3075 237 3075 183 3075 183 3076 237 3076 232 3076 183 3077 232 3077 139 3077 139 3078 232 3078 185 3078 99 3079 100 3079 217 3079 217 3080 100 3080 102 3080 217 3081 102 3081 214 3081 214 3082 102 3082 101 3082 214 3083 101 3083 212 3083 212 3084 101 3084 316 3084 212 3085 316 3085 203 3085 203 3086 316 3086 204 3086 211 3087 210 3087 317 3087 317 3088 210 3088 208 3088 317 3089 208 3089 316 3089 316 3090 208 3090 206 3090 316 3091 206 3091 204 3091 317 3092 319 3092 211 3092 211 3093 319 3093 1610 3093 211 3094 1610 3094 190 3094 190 3095 1610 3095 192 3095 192 3096 1610 3096 194 3096 194 3097 1610 3097 1611 3097 194 3098 1611 3098 196 3098 1604 3099 254 3099 1612 3099 1612 3100 254 3100 256 3100 1612 3101 256 3101 1613 3101 1613 3102 256 3102 1614 3102 1614 3103 256 3103 258 3103 1614 3104 258 3104 1611 3104 200 3105 263 3105 201 3105 201 3106 263 3106 245 3106 251 3107 245 3107 249 3107 249 3108 245 3108 247 3108 251 3109 240 3109 245 3109 245 3110 240 3110 242 3110 245 3111 242 3111 201 3111 258 3112 260 3112 1611 3112 1611 3113 260 3113 262 3113 1611 3114 262 3114 196 3114 196 3115 262 3115 263 3115 196 3116 263 3116 198 3116 198 3117 263 3117 200 3117 1615 3118 1616 3118 1592 3118 1592 3119 1616 3119 1617 3119 1592 3120 1617 3120 1591 3120 1617 3121 1618 3121 1591 3121 1591 3122 1618 3122 1619 3122 1591 3123 1619 3123 1603 3123 1603 3124 1619 3124 1608 3124 1608 3125 1619 3125 1607 3125 1607 3126 1619 3126 1620 3126 1607 3127 1620 3127 1606 3127 1620 3128 1621 3128 1606 3128 1606 3129 1621 3129 1622 3129 1606 3130 1622 3130 1609 3130 1609 3131 1622 3131 1623 3131 1609 3132 1623 3132 1605 3132 1592 3133 1593 3133 1615 3133 1615 3134 1593 3134 1594 3134 1615 3135 1594 3135 1624 3135 1597 3136 1625 3136 1596 3136 1596 3137 1625 3137 1624 3137 1596 3138 1624 3138 1595 3138 1595 3139 1624 3139 1594 3139 1546 3140 1548 3140 1550 3140 1550 3141 1548 3141 1626 3141 1550 3142 1626 3142 1551 3142 1551 3143 1626 3143 1625 3143 1551 3144 1625 3144 1598 3144 1598 3145 1625 3145 1597 3145 1601 3146 1627 3146 1602 3146 1602 3147 1627 3147 1626 3147 1602 3148 1626 3148 1549 3148 1549 3149 1626 3149 1548 3149 1554 3150 1628 3150 1599 3150 1599 3151 1628 3151 1627 3151 1599 3152 1627 3152 1600 3152 1600 3153 1627 3153 1601 3153 1554 3154 1553 3154 1628 3154 1628 3155 1553 3155 1552 3155 1628 3156 1552 3156 1629 3156 1552 3157 1555 3157 1629 3157 1629 3158 1555 3158 1556 3158 1629 3159 1556 3159 1630 3159 1630 3160 1556 3160 1557 3160 1630 3161 1557 3161 1631 3161 1631 3162 1557 3162 1558 3162 1558 3163 1559 3163 1631 3163 1631 3164 1559 3164 1560 3164 1631 3165 1560 3165 1632 3165 1563 3166 1633 3166 1562 3166 1562 3167 1633 3167 1632 3167 1562 3168 1632 3168 1561 3168 1561 3169 1632 3169 1560 3169 286 3170 294 3170 1616 3170 1616 3171 294 3171 293 3171 1616 3172 293 3172 1634 3172 305 3173 304 3173 1635 3173 1633 3174 1636 3174 304 3174 304 3175 1636 3175 1637 3175 304 3176 1637 3176 1635 3176 1630 3177 1631 3177 304 3177 304 3176 1631 3176 1632 3176 304 3178 1632 3178 1633 3178 1630 3179 304 3179 1629 3179 1629 3180 304 3180 277 3180 1629 3181 277 3181 1628 3181 1628 3182 277 3182 276 3182 1628 3176 276 3176 1627 3176 1638 3176 306 3176 1639 3176 1639 3183 306 3183 305 3183 1639 3176 305 3176 1640 3176 1640 3176 305 3176 1635 3176 293 3176 291 3176 1634 3176 1634 3184 291 3184 297 3184 1634 3176 297 3176 1641 3176 1641 3185 297 3185 296 3185 1641 3186 296 3186 1642 3186 1627 3176 276 3176 1626 3176 1626 3187 276 3187 283 3187 1626 3176 283 3176 1625 3176 296 3176 300 3176 1642 3176 1642 3188 300 3188 299 3188 1642 3176 299 3176 1643 3176 283 3189 282 3189 1625 3189 1625 3190 282 3190 281 3190 1625 3191 281 3191 1624 3191 299 3192 303 3192 1643 3192 1643 3193 303 3193 302 3193 1643 3176 302 3176 1644 3176 1644 3194 302 3194 309 3194 1644 3176 309 3176 1638 3176 1638 3195 309 3195 308 3195 1638 3196 308 3196 306 3196 281 3197 280 3197 1624 3197 1624 3198 280 3198 289 3198 1624 3199 289 3199 1615 3199 1615 3200 289 3200 288 3200 1615 3176 288 3176 1616 3176 1616 3201 288 3201 287 3201 1616 3202 287 3202 286 3202 1610 3203 1645 3203 1611 3203 1611 3204 1645 3204 1646 3204 1611 3205 1646 3205 1614 3205 1614 3206 1646 3206 1647 3206 1614 3207 1647 3207 1613 3207 1613 3208 1647 3208 1648 3208 1613 3209 1648 3209 1612 3209 1612 3210 1648 3210 1649 3210 1612 3211 1649 3211 1604 3211 1604 3212 1649 3212 1590 3212 1590 3213 1649 3213 1650 3213 1590 3214 1650 3214 1589 3214 1650 3215 1651 3215 1589 3215 1589 3216 1651 3216 1634 3216 1589 3217 1634 3217 1588 3217 1588 3218 1634 3218 1641 3218 1588 3219 1641 3219 1587 3219 1587 3220 1641 3220 1642 3220 1587 3221 1642 3221 1586 3221 1586 3222 1642 3222 1585 3222 1585 3223 1642 3223 1643 3223 1585 3224 1643 3224 1580 3224 1584 3225 1583 3225 1644 3225 1644 3226 1583 3226 1582 3226 1644 3227 1582 3227 1643 3227 1643 3228 1582 3228 1581 3228 1643 3229 1581 3229 1580 3229 1584 3230 1644 3230 1579 3230 1579 3231 1644 3231 1638 3231 1579 3232 1638 3232 1578 3232 1578 3233 1638 3233 1577 3233 1577 3234 1638 3234 1639 3234 1577 3235 1639 3235 1575 3235 1640 3236 1574 3236 1639 3236 1639 3237 1574 3237 1576 3237 1639 3238 1576 3238 1575 3238 1570 3239 1571 3239 1635 3239 1635 3240 1571 3240 1572 3240 1635 3241 1572 3241 1640 3241 1640 3242 1572 3242 1573 3242 1640 3243 1573 3243 1574 3243 1637 3244 1567 3244 1568 3244 1637 3245 1568 3245 1635 3245 1635 3246 1568 3246 1569 3246 1635 3247 1569 3247 1570 3247 1567 3248 1637 3248 1566 3248 1566 3249 1637 3249 1636 3249 1566 3250 1636 3250 1565 3250 1633 3251 1563 3251 1636 3251 1636 3252 1563 3252 1564 3252 1636 3253 1564 3253 1565 3253 271 3254 1616 3254 310 3254 310 3255 1616 3255 1634 3255 310 3256 1634 3256 315 3256 315 3257 1634 3257 314 3257 271 3258 270 3258 1616 3258 1616 3259 270 3259 269 3259 1616 3260 269 3260 1617 3260 1617 3261 269 3261 272 3261 1617 3262 272 3262 1618 3262 1618 3263 272 3263 273 3263 1618 3264 273 3264 1619 3264 1619 3265 273 3265 274 3265 1619 3266 274 3266 1620 3266 1620 3267 274 3267 266 3267 1620 3268 266 3268 1621 3268 1621 3269 266 3269 265 3269 1621 3270 265 3270 1622 3270 1622 3271 265 3271 1623 3271 1623 3272 265 3272 267 3272 1623 3273 267 3273 1605 3273 1634 3274 1651 3274 314 3274 314 3275 1651 3275 1650 3275 314 3276 1650 3276 313 3276 313 3277 1650 3277 1649 3277 313 3278 1649 3278 312 3278 312 3279 1649 3279 1648 3279 312 3280 1648 3280 311 3280 311 3281 1648 3281 1647 3281 311 3282 1647 3282 318 3282 1610 3283 319 3283 1645 3283 1645 3284 319 3284 318 3284 1645 3285 318 3285 1646 3285 1646 3286 318 3286 1647 3286</p>
        </triangles>
      </mesh>
    </geometry>
  </library_geometries>
  <library_visual_scenes>
    <visual_scene id="Scene" name="Scene">
      <node id="MRH-F-Distal-Nail-Visual_00" name="MRH-F-Distal-Nail-Visual,00" type="NODE">
        <matrix sid="transform">1 0 0 0 0 1 0 0 0 0 1 0 0 0 0 1</matrix>
        <instance_geometry url="#MRH-F-Distal-Visual_00_001-mesh" name="MRH-F-Distal-Nail-Visual,00">
          <bind_material>
            <technique_common>
              <instance_material symbol="black_spec_mag_tac_sensor-material" target="#black_spec_mag_tac_sensor-material"/>
            </technique_common>
          </bind_material>
        </instance_geometry>
      </node>
      <node id="MRH-F-Distal-Visual_00" name="MRH-F-Distal-Visual,00" type="NODE">
        <matrix sid="transform">1 0 0 0 0 1 0 0 0 0 1 0 0 0 0 1</matrix>
        <instance_geometry url="#MRH-F-Distal-Visual_00-mesh" name="MRH-F-Distal-Visual,00">
          <bind_material>
            <technique_common>
              <instance_material symbol="Material_001-material" target="#Material_001-material"/>
            </technique_common>
          </bind_material>
        </instance_geometry>
      </node>
      <node id="MRH-F-Distal-Sensor-Visual_00" name="MRH-F-Distal-Sensor-Visual,00" type="NODE">
        <matrix sid="transform">-1 0 -3.25841e-7 0 0 1 0 0 3.25841e-7 0 -1 0 0 0 0 1</matrix>
        <instance_geometry url="#MRH-F-Distal-Sensor-Visual_00-mesh" name="MRH-F-Distal-Sensor-Visual,00">
          <bind_material>
            <technique_common>
              <instance_material symbol="black_spec-material" target="#black_spec-material"/>
            </technique_common>
          </bind_material>
        </instance_geometry>
      </node>
    </visual_scene>
  </library_visual_scenes>
  <scene>
    <instance_visual_scene url="#Scene"/>
  </scene>
</COLLADA>
