<?xml version="1.0" encoding="utf-8"?>
<!--
 Copyright (C) 2024-2025 Shadow Robot Company Ltd - All Rights Reserved. Proprietary and Confidential.
 Unauthorized copying of the content in this file, via any medium is strictly prohibited.
-->
<COLLADA xmlns="http://www.collada.org/2005/11/COLLADASchema" version="1.4.1" xmlns:xsi="http://www.w3.org/2001/XMLSchema-instance">
  <asset>
    <contributor>
      <author>Blender User</author>
      <authoring_tool>Blender 3.0.1</authoring_tool>
    </contributor>
    <created>2024-11-04T16:18:22</created>
    <modified>2024-11-04T16:18:22</modified>
    <unit name="meter" meter="1"/>
    <up_axis>Y_UP</up_axis>
  </asset>
  <library_effects>
    <effect id="black_spec-effect">
      <profile_COMMON>
        <technique sid="common">
          <lambert>
            <emission>
              <color sid="emission">0 0 0 1</color>
            </emission>
            <diffuse>
              <color sid="diffuse">0.21961 0.21961 0.21961 1</color>
            </diffuse>
            <index_of_refraction>
              <float sid="ior">1</float>
            </index_of_refraction>
          </lambert>
        </technique>
      </profile_COMMON>
    </effect>
  </library_effects>
  <library_images/>
  <library_materials>
    <material id="black_spec-material" name="black_spec">
      <instance_effect url="#black_spec-effect"/>
    </material>
  </library_materials>
  <library_geometries>
    <geometry id="MRH-F-J0Link-Visual_00-mesh" name="MRH-F-J0Link-Visual,00">
      <mesh>
        <source id="MRH-F-J0Link-Visual_00-mesh-positions">
          <float_array id="MRH-F-J0Link-Visual_00-mesh-positions-array" count="10398">0.01249998 0 0.03929996 0.01249998 0.002873837 0.03884482 0.01249998 0.005101323 0.04410588 0.01249998 -0.01769602 0.02308261 0.01249998 -0.0158745 0.03099995 0.01249998 -0.01875734 0.02697312 0.01249998 -0.01897364 0.03099995 0.01249998 -0.01009601 0.01390433 0.01249998 -0.01541107 0.0311138 0.01249998 -0.01326555 0.01639765 0.01249998 -0.01583755 0.01950371 0.01249998 -0.005466401 0.02247613 0.01249998 -0.007523834 0.02453356 0.01249998 -0.006471693 0.0121361 0.01249998 0.008507728 0.0423538 0.01249998 0.005466401 0.0375238 0.01249998 0.01135933 0.03979617 0.01249998 0.007523834 0.03546637 0.01249998 0.01347011 0.03659963 0.01249998 0.008844792 0.0328738 0.01249998 0.01470243 0.03297275 0.01249998 -0.01505321 0.03142946 0.01249998 -0.008844792 0.02712613 0.01249998 -0.009299993 0.02999997 0.01249998 0.01497596 0.02915197 0.01249998 0.009299993 0.02999997 0.01249998 0.01427286 0.02538651 0.01249998 0.008844792 0.02712613 0.01249998 0.01263898 0.02192193 0.01249998 0.007523834 0.02453356 0.01249998 0.01018089 0.01898407 0.01249998 0.005466401 0.02247613 0.01249998 0.007058799 0.0167647 0.01249998 0.002873837 0.02115517 0.01249998 0.006497085 0.01631957 0.01249998 0 0.02069997 0.01249998 0.00612837 0.01570504 0.01249998 -0.002873837 0.02115517 0.01249998 0.001362264 0.04493796 0.01249998 -0.002465605 0.04479593 0.01249998 -0.002873837 0.03884482 0.01249998 -0.006132721 0.04368901 0.01249998 -0.005466401 0.0375238 0.01249998 -0.00939989 0.04168933 0.01249998 -0.007523834 0.03546637 0.01249998 -0.01205408 0.03892737 0.01249998 -0.008844792 0.0328738 0.01249998 -0.01392215 0.03558325 0.01249998 -0.01488232 0.03187495 0.01249998 0.005999982 0.01160806 0.01249998 0.005999982 0.01499998 0.01249998 0.005833029 0.01167988 0.01249998 0.005536913 0.01175606 0.01249998 -0.002555787 0.01117265 0.01249998 0.001475214 0.01105731 0.01249998 0.005231618 0.01173442 0.01249998 0.005484163 0.01176059 0.01675415 -0.01896804 0.02889907 0.01680672 -0.01876467 0.0270192 0.01891446 -0.007727622 0.01264244 0.01923888 -0.00647366 0.01213687 0.01542633 0.00336802 0.01130086 0.01312333 0.004930853 0.01165097 0.01288527 0.005063414 0.01168709 0.0126335 0.00517106 0.0117172 0.01987385 -5.77177e-4 0.01100873 0.01970893 -1.34444e-4 0.01100045 0.01940083 2.26278e-4 0.01100134 0.01989042 -8.07185e-4 0.01101714 0.01765704 0.001667261 0.01107329 0.01931047 -0.006144821 0.01202106 0.01962023 -0.004330933 0.01150017 0.01980239 -0.002592742 0.01117771 0.01840651 -0.009203076 0.0133776 0.01801198 -0.01010102 0.01390743 0.01689285 -0.01248896 0.01568126 0.01690459 -0.01231592 0.01553213 0.01698905 -0.01197618 0.01524972 0.01725637 -0.01144963 0.01483732 0.0176441 -0.01080739 0.01437306 0.01777434 -0.01056951 0.01421117 0.01689285 -0.01416152 0.01733309 0.01689285 -0.01326555 0.01639765 0.01689285 -0.01729309 0.02212929 0.01689285 -0.01590913 0.01961249 0.01687294 -0.01837563 0.02516919 0.01689291 -0.01811277 0.02426183 0.01689285 -0.01769602 0.02308261 0.0163446 -0.01897364 0.03099995 0.01675128 -0.01897788 0.03091615 0.01674968 -0.01898354 0.03079068 0.01249998 0.005999982 0.00630474 0.01249998 0.005499958 0.005098998 0.01198643 0.005499958 0.006210863 -0.004957497 0.005500078 0.01255667 -0.00492841 0.005593478 0.01266771 -0.003642201 0.005499958 0.01299935 -0.005018889 0.005999982 0.01306945 -0.003004491 0.005999982 0.01367378 0.01195681 0.005999982 0.007282435 0.0115298 0.005499958 0.007022321 0.009803354 0.005999982 0.009994685 0.009866237 0.005499958 0.00921446 0.009453237 0.005499958 0.009637713 0.007049977 0.005999982 0.01209533 0.007014334 0.005499958 0.01153463 0.006798207 0.005499958 0.01166331 0.003865242 0.005999982 0.0134558 0.003727197 0.005499958 0.01297527 0.003642201 0.005499958 0.01299935 4.43956e-4 0.005999982 0.0139929 4.281e-4 0.005499958 0.01349318 0 0.005499958 0.01349997 -0.002897143 0.005499958 0.01318544 -0.02065694 -0.02418422 0.01045364 -0.02058941 -0.02439707 0.01050758 -0.02061367 -0.02420723 0.01047706 -0.02319461 -0.02403479 0.009337663 -0.0232557 -0.02439999 0.009386897 -0.0205211 -0.02439999 0.01053631 -0.02052778 -0.02418851 0.01050895 -0.02047246 -0.02403581 0.01048225 -0.02047467 -0.02402788 0.0104779 -0.02070713 -0.02398133 0.01035845 -0.02076411 -0.02389454 0.01028543 -0.02313566 -0.02389711 0.009290218 -0.02094578 -0.02370071 0.01004844 -0.02119916 -0.02353298 0.009707093 -0.02281183 -0.02353316 0.009029567 -0.02089488 -0.02374643 0.0101155 -0.02294373 -0.02363795 0.009135723 -0.02138429 -0.02345675 0.009449124 -0.02173197 -0.02339994 0.008942604 -0.02237045 -0.02339994 0.008674263 -0.0212391 -0.02351367 0.009652078 -0.02267581 -0.02346134 0.008920073 0.02058941 -0.02439707 0.01050758 0.02325534 -0.02437108 0.009386599 0.02318322 -0.02400356 0.009328484 0.02061367 -0.02420723 0.01047706 0.02070713 -0.02398133 0.01035845 0.02076411 -0.02389454 0.01028543 0.02313578 -0.02389734 0.009290337 0.02047467 -0.02402788 0.0104779 0.02047246 -0.02403581 0.01048225 0.02052778 -0.02418851 0.01050895 0.0205211 -0.02439999 0.01053631 0.0232557 -0.02439999 0.009386897 0.02281218 -0.0235334 0.009029865 0.02119916 -0.02353298 0.009707093 0.02290982 -0.02360701 0.009108424 0.02094578 -0.02370071 0.01004844 0.02089488 -0.02374643 0.0101155 0.02237045 -0.02339994 0.008674263 0.02173197 -0.02339994 0.008942604 0.02267581 -0.02346134 0.008920073 0.02138429 -0.02345675 0.009449124 0.0212391 -0.02351367 0.009652078 0.02053213 -0.02418118 0.01051551 0.0205146 -0.02410143 0.01051217 0.02048057 -0.02365523 0.01046633 0.0205211 -0.03459674 0.01053631 0.02047246 -0.03517156 0.01048225 0.0204944 -0.03507393 0.01050662 0.02047133 -0.03524982 0.01048099 -0.02052658 -0.02415734 0.01051473 -0.02048057 -0.02365523 0.01046633 -0.0204789 -0.02382105 0.01048684 -0.0204727 -0.02385503 0.01048171 -0.02048557 -0.02391225 0.01049673 -0.02052187 -0.02413612 0.0105139 -0.02047133 -0.03524982 0.01048099 -0.02047246 -0.03517156 0.01048225 -0.0205211 -0.03459674 0.01053631 -0.0188573 -0.02120149 0.01316815 -0.01943153 -0.02070569 0.01230502 -0.01942873 -0.03517156 0.01230949 -0.01834195 -0.001574635 0.01387697 -0.01838397 -8.28427e-4 0.01382124 -0.01942873 -8.28427e-4 0.01230949 0.02024245 -0.002660989 0.0109198 0.02005624 -0.004444897 0.01125806 0.02050745 -0.0235908 0.01041358 0.02050948 -8.28427e-4 0.01040959 0.02033245 -8.28427e-4 0.0107513 0.01973956 -0.006306529 0.01180458 0.01933479 -0.007930994 0.01245647 0.01881557 -0.00944525 0.0132277 0.01763987 -0.01175093 0.01475918 0.01804614 -0.01178723 0.01425957 0.01803624 -0.01109176 0.01427209 0.01816934 -0.01084762 0.01410228 0.01804614 -0.01839995 0.01425957 0.01801156 -0.01913821 0.01430314 0.01790857 -0.01986724 0.01443195 -0.01785659 -0.00469166 0.0144962 -0.01816254 -0.003153979 0.01411098 -0.01942992 -0.01009267 0.01230758 -0.01753902 -0.005806565 0.01487892 -0.01937878 -0.01004356 0.01238793 -0.0185948 -0.009408831 0.01353633 -0.01845628 -0.00931698 0.01372456 -0.01764136 -0.008877992 0.01475739 -0.01700538 -0.007190823 0.015486 -0.01677346 -0.008576333 0.01573687 -0.01632833 -0.008480429 0.01619821 -0.02144235 -0.01390826 0.008320093 -0.02131426 -0.01335424 0.008642971 -0.02155834 -8.28427e-4 0.008014798 -0.02107787 -0.01262664 0.009204447 -0.02073383 -0.01185888 0.009955227 -0.02062952 -0.0116651 0.01016962 -0.02006256 -0.01080352 0.01124686 -0.02060574 -8.28427e-4 0.01021778 -0.02177536 -0.02389997 0.007404804 -0.02175754 -0.02356898 0.007457017 -0.02275145 -8.28427e-4 0.003371953 -0.02170538 -0.02327531 0.007607519 -0.02162295 -0.02305203 0.007838726 -0.02157372 -0.01581501 0.007973313 -0.02156025 -0.0160197 0.008009552 -0.02158457 -0.01539999 0.007943809 -0.02156996 -0.0149188 0.007983505 -0.02227616 -8.28427e-4 0.005724549 -0.0215609 -0.01478826 0.008007884 -0.02152764 -0.01445275 0.008096873 -0.02156013 -0.0229609 0.00800991 -0.02151751 -0.02292442 0.008123755 -0.02154624 -0.01617771 0.008047223 -0.02147656 -0.01670193 0.008231461 -0.02088475 -0.01863265 0.009634673 -0.02103769 -0.01827633 0.00929594 -0.02126955 -0.02289998 0.008752346 -0.02108478 -0.01815509 0.009188592 -0.02144062 -0.02289998 0.008324503 -0.02129149 -0.01752805 0.00869888 -0.02144283 -0.01688927 0.008318901 -0.02045428 -0.01943182 0.01051771 -0.02099227 -0.02298516 0.009397983 -0.02023655 -0.01976031 0.01093077 -0.02087503 -0.02307051 0.009655654 -0.01959693 -0.02053886 0.01203989 -0.02063566 -0.02335101 0.01015716 -0.02059382 -0.02341967 0.01024168 -0.01335263 -0.03517156 0.01872712 -0.013574 -0.03416538 0.01856726 -0.01469093 -0.03517156 0.01769673 -0.01645517 -0.03517156 0.01606941 -0.0153923 -0.02239996 0.01709026 -0.01631689 -0.02232152 0.01620984 -0.0164563 -0.02229589 0.01606827 -0.01804018 -0.03517156 0.01426714 -0.01721274 -0.02209067 0.01525521 -0.0180189 -0.02173906 0.01429402 -0.01371151 -0.02239996 0.01846599 -0.01371151 -0.03249996 0.01846599 -0.013691 -0.03314548 0.01848119 0.02063566 -0.02335101 0.01015716 0.02087503 -0.02307051 0.009655654 0.02059382 -0.02341967 0.01024168 0.02099227 -0.02298516 0.009397983 0.02126955 -0.02289998 0.008752346 0.02148258 -8.28427e-4 0.008215606 0.02144062 -0.02289998 0.008324503 0.0222218 -8.28427e-4 0.005932152 0.02155572 -0.02295625 0.008021891 0.02165418 -0.02311879 0.007752001 0.0217269 -0.02336931 0.007545888 0.02176761 -0.02367979 0.007427573 0.02177536 -0.02389997 0.007404804 0.02177536 -0.03517156 0.007404804 0.0222218 -0.03517156 0.005932152 0.01418375 -0.02488553 0.01810574 0.01333469 -0.02519685 0.01873993 0.01452517 -0.03517156 0.01783305 0.01245623 -0.02536678 0.01933497 0.0115 -0.03249996 0.01991856 0.01185381 -0.02539998 0.01971 0.0115 -0.02539998 0.01991856 0.0114423 -0.03358143 0.01995176 0.01127088 -0.03464359 0.02004909 0.01258772 -0.03517156 0.01924961 0.01114112 -0.03517156 0.02012145 0.01931303 -0.03517156 0.01249021 0.01790624 -0.03517156 0.01443481 0.0178464 -0.02016359 0.01450878 0.01762467 -0.02093827 0.0147773 0.0173195 -0.02169013 0.01513385 0.01687479 -0.02249687 0.01562821 0.01631772 -0.02325141 0.01620894 0.0159977 -0.02360159 0.01652491 0.01526159 -0.0242446 0.01720702 0.01630449 -0.03517156 0.01622223 0.0145272 -0.02471399 0.01783138 0.01445007 -0.024755 0.01789397 0.02271902 -8.28427e-4 0.003584086 0.02271902 -0.03517156 0.003584086 0.02296882 -8.28427e-4 0.00119704 0.02296882 -0.03517156 0.00119704 0.02296847 -8.28427e-4 -0.001203 0.02296847 -0.03517156 -0.001203 0.02271807 -8.28427e-4 -0.003590047 0.02271807 -0.03517156 -0.003590047 0.02222025 -8.28427e-4 -0.005937933 0.02222025 -0.03517156 -0.005937933 0.02148044 -8.28427e-4 -0.008221209 0.02148044 -0.03517156 -0.008221209 0.02050679 -8.28427e-4 -0.01041495 0.02050679 -0.03517156 -0.01041495 0.01930975 -8.28427e-4 -0.01249521 0.01930975 -0.03517156 -0.01249521 0.01790249 -8.28427e-4 -0.01443952 0.01790249 -0.03517156 -0.01443952 0.01630026 -8.28427e-4 -0.01622653 0.01630026 -0.03517156 -0.01622653 0.01452052 -8.28427e-4 -0.0178368 0.01452052 -0.03517156 -0.0178368 0.01258271 -8.28427e-4 -0.01925289 0.01258271 -0.03517156 -0.01925289 0.01050782 -8.28427e-4 -0.02045935 0.01050782 -0.03517156 -0.02045935 0.008318543 -8.28427e-4 -0.02144294 0.008318543 -0.03517156 -0.02144294 0.006038665 -8.28427e-4 -0.02219307 0.006038665 -0.03517156 -0.02219307 0.003693044 -8.28427e-4 -0.02270156 0.003693044 -0.03517156 -0.02270156 0.001307189 -8.28427e-4 -0.0229628 0.001307189 -0.03517156 -0.0229628 -0.001092851 -8.28427e-4 -0.02297401 -0.001092851 -0.03517156 -0.02297401 -0.00348103 -8.28427e-4 -0.02273499 -0.00348103 -0.03517156 -0.02273499 -0.005831301 -8.28427e-4 -0.02224844 -0.005831301 -0.03517156 -0.02224844 -0.008118093 -8.28427e-4 -0.02151966 -0.008118093 -0.03517156 -0.02151966 -0.01031649 -8.28427e-4 -0.0205565 -0.01031649 -0.03517156 -0.0205565 -0.01240247 -8.28427e-4 -0.01936948 -0.01240247 -0.03517156 -0.01936948 -0.01435345 -8.28427e-4 -0.01797151 -0.01435345 -0.03517156 -0.01797151 -0.01614814 -8.28427e-4 -0.01637792 -0.01614814 -0.03517156 -0.01637792 -0.01776695 -8.28427e-4 -0.01460593 -0.01776695 -0.03517156 -0.01460593 -0.01919233 -8.28427e-4 -0.01267486 -0.01919233 -0.03517156 -0.01267486 -0.02040868 -8.28427e-4 -0.01060581 -0.02040868 -0.03517156 -0.01060581 -0.02140283 -8.28427e-4 -0.008421301 -0.02140283 -0.03517156 -0.008421301 -0.02216386 -8.28427e-4 -0.006145 -0.02216386 -0.03517156 -0.006145 -0.02268356 -8.28427e-4 -0.003801882 -0.02268356 -0.03517156 -0.003801882 -0.02295625 -8.28427e-4 -0.001417279 -0.02295625 -0.03517156 -0.001417279 -0.02297896 -8.28427e-4 9.82689e-4 -0.02297896 -0.03517156 9.82689e-4 -0.02275145 -0.03517156 0.003371953 -0.02235454 -0.03517156 0.005410432 -0.02177536 -0.03517156 0.007404804 0.02133828 -0.03593689 -0.00816679 0.01881796 -0.03658574 -0.01217699 0.01918196 -0.03593689 -0.01241254 0.02037101 -0.03593689 -0.01034599 0.01226222 -0.03658574 -0.01876252 0.01249939 -0.03593689 -0.01912546 0.01442444 -0.03593689 -0.01771873 0.003598988 -0.03658574 -0.02212333 0.003668606 -0.03593689 -0.02255129 0.005998671 -0.03593689 -0.0220462 -0.021739 -0.03556174 0.007392406 -0.0222066 -0.03593689 0.00537461 -0.02163124 -0.03593689 0.007355809 -0.02178519 -0.03658574 0.005272626 -0.0212208 -0.03658574 0.007216215 -0.02145624 -0.03628271 0.007296264 -0.02282685 -0.03593689 9.76185e-4 -0.02217197 -0.03658574 0.003286063 -0.02260082 -0.03593689 0.003349661 -0.02253341 -0.03593689 -0.003776669 -0.02237159 -0.03658574 -0.001381158 -0.02280431 -0.03593689 -0.001407921 -0.02238541 -0.03658574 -0.00113523 -0.0223937 -0.03658574 9.57661e-4 -0.02126115 -0.03593689 -0.008365511 -0.02159935 -0.03658574 -0.005988538 -0.02201718 -0.03593689 -0.00610435 -0.02169865 -0.03658574 -0.005618155 -0.02210587 -0.03658574 -0.003705024 -0.01906532 -0.03593689 -0.012591 -0.01988893 -0.03658574 -0.01033568 -0.02027362 -0.03593689 -0.01053559 -0.02012354 -0.03658574 -0.009871065 -0.02085769 -0.03658574 -0.008206784 -0.01604127 -0.03593689 -0.0162695 -0.01731449 -0.03658574 -0.01423394 -0.01764935 -0.03593689 -0.01450926 -0.01772457 -0.03658574 -0.01371985 -0.01870352 -0.03658574 -0.01235204 -0.01232039 -0.03593689 -0.01924127 -0.01398789 -0.03658574 -0.01751381 -0.01425844 -0.03593689 -0.0178526 -0.01459997 -0.03658574 -0.01700693 -0.01573687 -0.03658574 -0.01596075 -0.008064329 -0.03593689 -0.0213772 -0.01005369 -0.03658574 -0.02003294 -0.01024818 -0.03593689 -0.02042043 -0.0108776 -0.03658574 -0.01959776 -0.01208662 -0.03658574 -0.01887613 -0.003457963 -0.03593689 -0.02258455 -0.005682766 -0.03658574 -0.02168184 -0.005792737 -0.03593689 -0.02210122 -0.006709933 -0.03658574 -0.02138626 -0.007911324 -0.03658574 -0.02097153 -0.001065015 -0.03658574 -0.02238887 -0.002267599 -0.03658574 -0.02229917 -0.003392398 -0.03658574 -0.022156 -0.001085638 -0.03593689 -0.0228219 0.001298546 -0.03593689 -0.02281081 0.00127387 -0.03658574 -0.02237796 0.002267599 -0.03658574 -0.02229917 0.008106648 -0.03658574 -0.02089685 0.006709933 -0.03658574 -0.02138626 0.005884885 -0.03658574 -0.02162784 0.008263468 -0.03593689 -0.02130103 0.01043826 -0.03593689 -0.02032387 0.01024019 -0.03658574 -0.01993823 0.0108776 -0.03658574 -0.01959776 0.01588511 -0.03658574 -0.01581323 0.01459997 -0.03658574 -0.01700693 0.01415073 -0.03658574 -0.01738256 0.01619237 -0.03593689 -0.01611912 0.01778399 -0.03593689 -0.01434391 0.01744651 -0.03658574 -0.01407176 0.01772457 -0.03658574 -0.01371985 0.02093338 -0.03658574 -0.008011817 0.02012354 -0.03658574 -0.009871065 0.01998448 -0.03658574 -0.01014965 0.02207314 -0.03593689 -0.005898654 0.02256768 -0.03593689 -0.003566265 0.02281647 -0.03593689 -0.001195073 0.02281677 -0.03593689 0.001189112 0.02256864 -0.03593689 0.003560364 0.02207469 -0.03593689 0.005892872 0.021739 -0.03556174 0.007392406 0.02163124 -0.03593689 0.007355809 0.02145624 -0.03628271 0.007296264 0.0216543 -0.03658574 -0.005786716 0.02213943 -0.03658574 -0.003498613 0.02238351 -0.03658574 -0.001172363 0.0223838 -0.03658574 0.001166522 0.02214038 -0.03658574 0.003492832 0.02165579 -0.03658574 0.005781054 0.0212208 -0.03658574 0.007216215 -0.01151221 -0.03697651 0.01877498 -0.0118916 -0.03658574 0.01899963 -0.0128045 -0.03658574 0.01839673 -0.02110463 -0.03654021 0.007683336 -0.02114665 -0.03657174 0.007472932 -0.01641064 -0.04149997 0.006077826 -0.01729816 -0.04149997 0.002649962 -0.02110373 -0.03622317 0.008568108 -0.0210759 -0.03633791 0.008329093 -0.02108061 -0.03649711 0.007873058 -0.02127063 -0.035842 0.009156942 -0.02123099 -0.03591841 0.009055554 -0.02056431 -0.03635543 0.009480535 -0.02024048 -0.03658574 0.00962907 -0.01902168 -0.03658574 0.01185625 -0.01485127 -0.04149997 0.009256839 -0.01603603 -0.03658574 0.01566016 -0.01624566 -0.03658574 0.0154426 -0.01268386 -0.04149997 0.01205688 -0.01758068 -0.03658574 0.01390373 -0.01893389 -0.03658574 0.01199597 -0.008871555 -0.03875142 0.01820158 -0.009675562 -0.03835445 0.01823788 -0.009997189 -0.04149997 0.01436334 -0.01012212 -0.03808504 0.01830232 -0.01084929 -0.03756147 0.01849055 -0.01431679 -0.03658574 0.017246 -0.005865812 -0.03937864 0.01872396 -0.006810665 -0.03931778 0.01846623 -0.006901204 -0.04149997 0.01608175 -0.007742524 -0.03913748 0.01829123 -0.008022725 -0.03905928 0.01825553 -0.003949701 -0.03937864 0.01921963 -0.003522694 -0.04149997 0.01714175 -0.001985013 -0.03937864 0.01952064 0 -0.04149997 0.01749998 0 -0.03937864 0.01962131 0.001985013 -0.03937864 0.01952064 0.003522694 -0.04149997 0.01714175 0.003609716 -0.03937864 0.01928639 0.008219659 -0.03783279 0.01950603 0.007934272 -0.03803116 0.01940971 0.006901204 -0.04149997 0.01608175 0.007128059 -0.03850609 0.01921433 0.00627917 -0.0388844 0.01911038 0.005901575 -0.0390163 0.01909232 0.00497514 -0.03925114 0.01911187 0.004029035 -0.03936666 0.0192154 0.01024538 -0.03658574 0.0199356 0.009607732 -0.03658574 0.02025061 0.008946597 -0.03724449 0.01983076 0.009997189 -0.04149997 0.01436334 0.0128045 -0.03658574 0.01839673 0.01226711 -0.03658574 0.01875936 0.008418023 -0.03768455 0.01958268 0.01415526 -0.03658574 0.01737886 0.01268386 -0.04149997 0.01205688 0.01588922 -0.03658574 0.01580911 0.01902168 -0.03658574 0.01185625 0.01882112 -0.03658574 0.0121721 0.01485127 -0.04149997 0.009256839 0.01745021 -0.03658574 0.01406717 0.01624566 -0.03658574 0.0154426 0.0210759 -0.03633791 0.008329093 0.02110373 -0.03622317 0.008568108 0.02024048 -0.03658574 0.00962907 0.02056431 -0.03635543 0.009480535 0.02123099 -0.03591841 0.009055554 0.02127063 -0.035842 0.009156942 0.01641064 -0.04149997 0.006077826 0.02114665 -0.03657174 0.007472932 0.01729816 -0.04149997 0.002649962 0.02110463 -0.03654021 0.007683336 0.02108061 -0.03649711 0.007873058 0.01747751 -0.04149997 -8.8636e-4 0.0169413 -0.04149997 -0.004386365 0.01571154 -0.04149997 -0.00770688 0.01383852 -0.04149997 -0.01071184 0.01139897 -0.04149997 -0.01327824 0.008492767 -0.04149997 -0.01530104 0.005238831 -0.04149997 -0.0166974 0.001770436 -0.04149997 -0.01741021 -0.001770436 -0.04149997 -0.01741021 -0.005238831 -0.04149997 -0.0166974 -0.008492767 -0.04149997 -0.01530104 -0.01139897 -0.04149997 -0.01327824 -0.01383852 -0.04149997 -0.01071184 -0.01571154 -0.04149997 -0.00770688 -0.0169413 -0.04149997 -0.004386365 -0.01747751 -0.04149997 -8.8636e-4 0.02190673 -0.02339994 0.008505463 0.0232557 -0.0313667 0.009386897 0.02296108 -0.03269797 0.009510755 0.02319133 -0.03194624 0.009413957 0.02324384 -0.03160446 0.009391903 0.02344632 -0.0313667 0.009245753 0.02344632 -0.02439999 0.009245753 0.02355045 -0.0313667 0.009032666 0.02355045 -0.02439999 0.009032666 0.02354466 -0.0313667 0.008795559 0.02354466 -0.02439999 0.008795559 0.02343028 -0.0313667 0.008587777 0.02343028 -0.02439999 0.008587777 0.02323299 -0.0313667 0.00845611 0.02323299 -0.02439999 0.00845611 0.02207773 -0.03259187 0.0080356 0.02207773 -0.02389997 0.0080356 0.02278 -0.02393066 0.008291244 0.02296274 -0.0240035 0.008357763 0.02317637 -0.02420175 0.008435487 0.02254146 -0.02389997 0.0082044 0.02323269 -0.02438551 0.008455991 0.02176165 -0.0351575 0.007452964 0.02175414 -0.03512603 0.007492542 0.02179789 -0.02389997 0.007781922 0.02178502 -0.03450417 0.007752776 0.02175766 -0.02389997 0.007659554 0.02175772 -0.03480899 0.007659852 0.02174967 -0.02389997 0.007595539 0.02175116 -0.03492373 0.007614493 0.02175015 -0.03508287 0.007528305 0.02191293 -0.02389997 0.007936239 0.02188181 -0.03375399 0.007905364 0.02186805 -0.02389997 0.007889866 0.02186864 -0.03384435 0.007890582 0.02181708 -0.03422731 0.007818102 0.02197241 -0.0331816 0.007982432 -0.02190673 -0.02339994 0.008505463 -0.02178502 -0.03450417 0.007752776 -0.02179789 -0.02389997 0.007781922 -0.02175766 -0.02389997 0.007659554 -0.02207773 -0.03259187 0.0080356 -0.02207773 -0.02389997 0.0080356 -0.02191293 -0.02389997 0.007936239 -0.02181708 -0.03422731 0.007818102 -0.02186864 -0.03384435 0.007890582 -0.02186805 -0.02389997 0.007889866 -0.02188181 -0.03375399 0.007905364 -0.02197241 -0.0331816 0.007982432 -0.02176165 -0.0351575 0.007452964 -0.02175414 -0.03512603 0.007492542 -0.02175015 -0.03508287 0.007528305 -0.02174967 -0.02389997 0.007595539 -0.02175116 -0.03492373 0.007614493 -0.02175772 -0.03480899 0.007659852 -0.02278 -0.02393066 0.008291244 -0.02254146 -0.02389997 0.0082044 -0.02265888 -0.03197568 0.008247137 -0.02318525 -0.02421736 0.008438706 -0.02298927 -0.02401894 0.008367419 -0.02323299 -0.02439999 0.00845611 -0.02323299 -0.0313667 0.00845611 -0.02343028 -0.0313667 0.008587777 -0.02343028 -0.02439999 0.008587777 -0.02354466 -0.0313667 0.008795559 -0.02354466 -0.02439999 0.008795559 -0.02355045 -0.0313667 0.009032666 -0.02355045 -0.02439999 0.009032666 -0.02344632 -0.0313667 0.009245753 -0.02344632 -0.02439999 0.009245753 -0.0232557 -0.0313667 0.009386897 -0.02324384 -0.03160446 0.009391903 -0.02319133 -0.03194624 0.009413957 -0.02296108 -0.03269797 0.009510755 0.02344578 -0.02436554 0.009245336 0.02354979 -0.02436447 0.009032249 0.02354401 -0.02436816 0.008795201 0.02342975 -0.02437573 0.008587539 0.02333998 -0.02394384 0.009172677 0.02342653 -0.02393817 0.008960843 0.02342486 -0.02398777 0.008737325 0.02333515 -0.02408224 0.008549094 0.02303487 -0.02382808 0.008427441 0.02306723 -0.02368134 0.008562386 0.02305465 -0.02358716 0.008740723 0.02299916 -0.02356094 0.008933186 0.02280938 -0.02375733 0.00833702 0.02253305 -0.02374547 0.008227407 0.02251851 -0.02364999 0.008267343 0.0228123 -0.02360689 0.008438825 0.0225088 -0.02360606 0.008294105 0.0227884 -0.02349919 0.008583128 0.02242326 -0.02342444 0.008529067 0.02274084 -0.02344846 0.008750915 0.02245593 -0.02346694 0.008439302 0.02247095 -0.02349549 0.008398056 0.02205425 -0.02363467 0.008108198 0.02201819 -0.02350938 0.008213877 0.0219677 -0.02342814 0.008351683 0.02199727 -0.02346694 0.008272349 0.02207404 -0.02378988 0.008047342 0.02205717 -0.02364999 0.008099436 -0.02303838 -0.0235874 0.008960902 -0.02274084 -0.02344846 0.008750915 -0.02253305 -0.02374547 0.008227407 -0.02280938 -0.02375733 0.00833702 -0.02251851 -0.02364999 0.008267343 -0.0228123 -0.02360689 0.008438825 -0.02242326 -0.02342444 0.008529067 -0.02245593 -0.02346694 0.008439302 -0.0227884 -0.02349919 0.008583128 -0.02247095 -0.02349549 0.008398056 -0.0225088 -0.02360606 0.008294105 -0.02309602 -0.02360951 0.00876528 -0.02310693 -0.02370047 0.008581757 -0.0230692 -0.02384507 0.008441269 -0.02335596 -0.02397763 0.009183764 -0.02344489 -0.02397131 0.008971571 -0.02344256 -0.02401709 0.008745968 -0.0233494 -0.02410537 0.008554875 -0.02200239 -0.023476 0.008258223 -0.0220437 -0.02358764 0.008139789 -0.02206915 -0.0237345 0.008062481 -0.02205717 -0.02364999 0.008099436 -0.02194774 -0.02341216 0.008403539 -0.02199727 -0.02346694 0.008272349 -0.02133154 -0.02314996 0.008777856 -0.02150076 -0.02333301 0.008847475 -0.02119618 -0.02336102 0.009390175 -0.02080798 -0.02360802 0.01004987 -0.02065885 -0.02354514 0.01016807 -0.02050358 -0.02384889 0.01046073 -0.02059519 -0.02392035 0.01039612 -0.02076268 -0.02365791 0.0101245 -0.02070069 -0.02348703 0.01008749 -0.02093976 -0.02325731 0.009613096 -0.02105659 -0.02319306 0.009371936 -0.02106809 -0.02341353 0.009611845 -0.02147614 -0.02309131 0.008338272 -0.02150309 -0.02314996 0.008348762 -0.02157717 -0.0232535 0.008377492 -0.02172839 -0.02336192 0.008436203 -0.02167367 -0.02333301 0.008414983 -0.02175116 -0.02349513 0.007914721 -0.02178591 -0.02368497 0.007816255 -0.02190321 -0.02372103 0.007965147 -0.02177125 -0.02337545 0.00832808 -0.02153837 -0.02311134 0.008176565 -0.02182948 -0.02344363 0.008174002 -0.02162748 -0.02326977 0.008248329 -0.02169668 -0.02335172 0.008064746 -0.02187466 -0.02356302 0.008047938 -0.02173483 -0.02363163 0.007638037 -0.02169173 -0.02339416 0.007760167 -0.02162414 -0.02321422 0.007947027 0.02150076 -0.02333301 0.008847475 0.02133154 -0.02314996 0.008777856 0.02105659 -0.02319306 0.009371936 0.02050358 -0.02384889 0.01046073 0.02059519 -0.02392035 0.01039612 0.02076268 -0.02365791 0.0101245 0.02106809 -0.02341353 0.009611845 0.02080798 -0.02360802 0.01004987 0.02119618 -0.02336102 0.009390175 0.02093976 -0.02325731 0.009613096 0.02070069 -0.02348703 0.01008749 0.02065885 -0.02354514 0.01016807 0.02172839 -0.02336192 0.008436203 0.02167367 -0.02333301 0.008414983 0.02157717 -0.0232535 0.008377492 0.02147614 -0.02309131 0.008338272 0.02150309 -0.02314996 0.008348762 0.02171725 -0.02339452 0.008008658 0.02165251 -0.02329033 0.008182823 0.02179241 -0.02339249 0.008273124 0.0219087 -0.02378088 0.007948815 0.02174323 -0.02372139 0.007614076 0.0218864 -0.02361351 0.008014142 0.0217927 -0.02375686 0.007796883 0.02176547 -0.02355575 0.007874488 0.02184665 -0.02347928 0.008126854 0.02156937 -0.02313709 0.008094608 0.02164971 -0.02326798 0.007876992 0.0217095 -0.0234701 0.007710218 -0.02320784 -0.03289532 0.008919417 -0.0232324 -0.03288108 0.009063065 -0.02348124 -0.03205239 0.008883416 -0.02353602 -0.03165555 0.008824586 -0.02343666 -0.03165435 0.008617758 -0.02340227 -0.03205376 0.008679687 -0.02342826 -0.03162765 0.009257256 -0.02325588 -0.03164261 0.008476853 -0.02336466 -0.03199291 0.009289324 -0.02346783 -0.0320307 0.009100437 -0.02324599 -0.03203457 0.008528172 -0.02308547 -0.03288155 0.008710503 -0.02319109 -0.03289633 0.008873403 -0.02353298 -0.03164595 0.009053885 -0.02322661 -0.03286266 0.009158968 -0.023108 -0.03277373 0.009407877 -0.02313739 -0.03279131 0.00937283 -0.02320325 -0.03283798 0.0092507 -0.02296024 -0.03323507 0.008803963 -0.02305251 -0.0332514 0.009001255 -0.02306258 -0.03322321 0.009217619 -0.02298855 -0.03315579 0.009411692 -0.02284455 -0.0330621 0.009546577 -0.02269822 -0.03340989 0.009574353 -0.02281588 -0.03349798 0.009444415 -0.02287751 -0.03355967 0.009268701 -0.02287375 -0.03358548 0.00907427 -0.02280509 -0.03357148 0.008891105 -0.02127611 -0.03583562 0.009160339 -0.02053159 -0.03598523 0.01004755 -0.02185338 -0.03503084 0.009456872 -0.02047723 -0.03586423 0.01019811 -0.02215886 -0.03450071 0.009551465 -0.02024447 -0.03657907 0.009636044 -0.02031028 -0.03645658 0.00975728 -0.02252489 -0.03312271 0.008353412 -0.02310574 -0.03250592 0.008564531 -0.02226907 -0.03456503 0.009127438 -0.02127707 -0.03583568 0.009158015 -0.02191108 -0.03505724 0.009328007 -0.02192842 -0.03506147 0.00925827 -0.02225524 -0.0345602 0.009354352 -0.02227306 -0.03456979 0.0092417 -0.02188587 -0.03504693 0.009394705 -0.02221649 -0.03453677 0.009459435 -0.0219376 -0.03505963 0.009186923 -0.02159166 -0.03592389 0.007501602 -0.02171373 -0.03554832 0.00748676 -0.02170097 -0.03540229 0.008987426 -0.02154684 -0.03565901 0.008730232 -0.02140974 -0.03594303 0.008354425 -0.02137374 -0.03605031 0.008168101 -0.02135771 -0.03619945 0.007810771 -0.02137118 -0.03623992 0.007661879 -0.02140009 -0.03626954 0.007496953 -0.02170264 -0.03551822 0.007564485 -0.02169972 -0.0354771 0.007634639 -0.02171987 -0.03532534 0.007801711 -0.02174586 -0.03521615 0.007887542 -0.02183365 -0.03492689 0.008055806 -0.02192604 -0.03466534 0.008165061 -0.02157324 -0.03589463 0.007621705 -0.02156704 -0.03585457 0.007730126 -0.02159202 -0.03570717 0.007989346 -0.02162772 -0.03560119 0.008123338 -0.02175241 -0.03532081 0.008389174 -0.02188628 -0.03506785 0.008565604 -0.0221402 -0.03463989 0.008778929 -0.02209824 -0.03422117 0.00829178 -0.02247226 -0.03413188 0.00892806 -0.02231836 -0.03369039 0.008370697 0.02353602 -0.03165555 0.008824586 0.02353298 -0.03164595 0.009053885 0.02346783 -0.0320307 0.009100437 0.02343666 -0.03165435 0.008617758 0.02325588 -0.03164261 0.008476853 0.02342826 -0.03162765 0.009257256 0.02336466 -0.03199291 0.009289324 0.02324599 -0.03203457 0.008528172 0.02340227 -0.03205376 0.008679687 0.02348124 -0.03205239 0.008883416 0.023108 -0.03277373 0.009407877 0.02313739 -0.03279131 0.00937283 0.02320325 -0.03283798 0.0092507 0.02322661 -0.03286266 0.009158968 0.02308547 -0.03288155 0.008710503 0.02319109 -0.03289633 0.008873403 0.02320784 -0.03289532 0.008919417 0.0232324 -0.03288108 0.009063065 0.02252489 -0.03312271 0.008353412 0.02296024 -0.03323507 0.008803963 0.02280509 -0.03357148 0.008891105 0.02231836 -0.03369039 0.008370697 0.02127707 -0.03583568 0.009158015 0.02236282 -0.03440982 0.009099781 0.02247226 -0.03413188 0.00892806 0.02194386 -0.03505098 0.009186267 0.02171373 -0.03554832 0.00748676 0.02159166 -0.03592389 0.007501602 0.02140009 -0.03626954 0.007496953 0.02137118 -0.03623992 0.007661879 0.02135771 -0.03619945 0.007810771 0.02137374 -0.03605031 0.008168101 0.02140974 -0.03594303 0.008354425 0.02154684 -0.03565901 0.008730232 0.02170264 -0.03551822 0.007564485 0.02157324 -0.03589463 0.007621705 0.02169972 -0.0354771 0.007634639 0.02156704 -0.03585457 0.007730126 0.02171987 -0.03532534 0.007801711 0.02159202 -0.03570717 0.007989346 0.02174586 -0.03521615 0.007887542 0.02162772 -0.03560119 0.008123338 0.02183365 -0.03492689 0.008055806 0.02175241 -0.03532081 0.008389174 0.02192604 -0.03466534 0.008165061 0.02188628 -0.03506785 0.008565604 0.02170097 -0.03540229 0.008987426 0.02209824 -0.03422117 0.00829178 0.0221402 -0.03463989 0.008778929 0.02284455 -0.0330621 0.009546577 0.02298855 -0.03315579 0.009411692 0.02306258 -0.03322321 0.009217619 0.02305251 -0.0332514 0.009001255 0.02287375 -0.03358548 0.00907427 0.02287751 -0.03355967 0.009268701 0.02281588 -0.03349798 0.009444415 0.02269822 -0.03340989 0.009574353 0.02224832 -0.03433239 0.009568989 0.02191734 -0.0350486 0.009328961 0.02189195 -0.03503811 0.009396314 0.02235728 -0.03440403 0.009352445 0.0223146 -0.03437566 0.009469091 0.0219348 -0.03505289 0.009258449 0.02237373 -0.03441566 0.00922656 0.02185899 -0.03502166 0.009459078 0.02127611 -0.03583562 0.009160339 0.02053159 -0.03598523 0.01004755 0.02047806 -0.03530597 0.01046127 0.02048516 -0.03538006 0.01043343 0.02046 -0.03598099 0.01012635 0.0204429 -0.03606736 0.01006907 0.02024447 -0.03657907 0.009636044 0.01499998 -0.002814531 0.02837496 0.01499998 -0.001624941 0.02718538 0.01499998 0 0.02999997 0.01499998 0 0.02674996 0.01499998 0.001624941 0.02718538 0.01499998 -0.001624941 0.03281456 0.01499998 -0.002814531 0.03162497 0.01499998 -0.003249943 0.02999997 0.01499998 0.002814531 0.03162497 0.01499998 0.001624941 0.03281456 0.01499998 0 0.03324997 0.01499998 0.002814531 0.02837496 0.01499998 0.003249943 0.02999997 0.01669996 0 0.02674996 0.01669996 0.001624941 0.02718538 0.01669996 0.002814531 0.02837496 0.01669996 0.003249943 0.02999997 0.01669996 0.002814531 0.03162497 0.01669996 0.001624941 0.03281456 0.01669996 0 0.03324997 0.01669996 -0.001624941 0.03281456 0.01669996 -0.002814531 0.03162497 0.01669996 -0.003249943 0.02999997 0.01669996 -0.002814531 0.02837496 0.01669996 -0.001624941 0.02718538 -0.01699995 0 0.02199995 -0.01699995 -0.00259757 0.02243345 -0.01699995 0 0.02999997 -0.01699995 0.006697297 0.02562439 -0.01699995 0.004913687 0.02368682 -0.01699995 0.00259757 0.02243345 -0.01699995 0.007326185 0.03321355 -0.01699995 0.007972657 0.03066062 -0.01699995 0.00775516 0.02803611 -0.01699995 0.001316726 0.03789085 -0.01699995 0.003807544 0.03703576 -0.01699995 0.005885779 0.03541821 -0.01699995 -0.005885779 0.03541821 -0.01699995 -0.003807544 0.03703576 -0.01699995 -0.001316726 0.03789085 -0.01699995 -0.00775516 0.02803611 -0.01699995 -0.007972657 0.03066062 -0.01699995 -0.007326185 0.03321355 -0.01699995 -0.004913687 0.02368682 -0.01699995 -0.006697297 0.02562439 0.01699995 0.001774966 0.02692556 0.01699995 0.003074347 0.028225 0.01699995 0.003549993 0.02999997 0.01699995 0.003074347 0.03177499 0.01699995 0.001774966 0.03307437 0.01699995 0 0.03354996 0.01699995 -0.001774966 0.03307437 0.01699995 -0.003074347 0.03177499 0.01699995 -0.003549993 0.02999997 0.01699995 -0.003074347 0.028225 0.01699995 -0.001774966 0.02692556 0.01699995 0 0.02644997 -0.01649999 -0.00139904 0.02161592 -0.01649999 -0.002759933 0.02196055 -0.01649999 -0.004045546 0.02252447 -0.01649999 -0.00522077 0.0232923 -0.01649999 -0.0062536 0.02424305 -0.01649999 -0.0071159 0.02535092 -0.01649999 -0.007784068 0.02658557 -0.01649999 -0.008239865 0.02791333 -0.01649999 -0.008470952 0.02929806 -0.01649999 -0.008470952 0.03070187 -0.01649999 -0.008239865 0.03208661 -0.01649999 -0.007784068 0.03341436 -0.01649999 -0.0071159 0.03464901 -0.01649999 -0.0062536 0.03575688 -0.01649999 -0.00522077 0.03670769 -0.01649999 -0.004045546 0.03747552 -0.01649999 -0.002759933 0.03803944 -0.01649999 -0.00139904 0.03838402 -0.01649999 0 0.03849995 -0.01649999 0.00139904 0.03838402 -0.01649999 0.002759933 0.03803944 -0.01649999 0.004045546 0.03747552 -0.01649999 0.00522077 0.03670769 -0.01649999 0.0062536 0.03575688 -0.01649999 0.0071159 0.03464901 -0.01649999 0.007784068 0.03341436 -0.01649999 0.008239865 0.03208661 -0.01649999 0.008470952 0.03070187 -0.01649999 0.008470952 0.02929806 -0.01649999 0.008239865 0.02791333 -0.01649999 0.007784068 0.02658557 -0.01649999 0.0071159 0.02535092 -0.01649999 0.0062536 0.02424305 -0.01649999 0.00522077 0.0232923 -0.01649999 0.004045546 0.02252447 -0.01649999 0.002759933 0.02196055 -0.01649999 0.00139904 0.02161592 -0.01649999 0 0.02149999 0.01699995 -0.00259757 0.03756654 0.01699995 -0.004913687 0.03631311 0.01699995 0.00775516 0.03196388 0.01699995 0.006697297 0.03437554 0.01699995 0.005885779 0.02458173 0.01699995 0.007326185 0.02678638 0.01699995 0.007972657 0.02933931 0.01699995 0.004913687 0.03631311 0.01699995 0.00259757 0.03756654 0.01699995 0 0.03799998 0.01699995 0.001316726 0.02210909 0.01699995 0.003807544 0.02296417 0.01699995 -0.005885779 0.02458173 0.01699995 -0.003807544 0.02296417 0.01699995 -0.001316726 0.02210909 0.01699995 -0.006697297 0.03437554 0.01699995 -0.00775516 0.03196388 0.01699995 -0.007972657 0.02933931 0.01699995 -0.007326185 0.02678638 -0.01310664 -0.02019387 0.02913951 -0.01308339 -0.02038413 0.02882665 -0.01295506 -0.02059268 0.02854198 -0.01312899 -0.02012407 0.02923202 -0.0140804 -0.01952385 0.02984362 -0.01313525 -0.02010369 0.02925819 -0.01418286 -0.01959997 0.02967166 -0.01325225 -0.02035665 0.02862977 -0.01276165 -0.02106016 0.0277819 -0.01549994 -0.0191071 0.03029286 -0.01549994 -0.01923143 0.03014135 -0.01475441 -0.01930969 0.03006166 -0.0148077 -0.01939779 0.02988898 -0.01549994 -0.01932388 0.02996844 -0.01469886 -0.0191881 0.0302118 -0.01397293 -0.01941001 0.02998989 -0.01320701 -0.01982951 0.0295704 -0.01249998 -0.02239996 0.02558577 -0.01249998 -0.02239167 0.02559959 -0.01272428 -0.02126175 0.02710342 -0.0126506 -0.02138161 0.02726352 -0.01289272 -0.02091598 0.02756446 -0.01338189 -0.02027541 0.02841854 -0.01397532 -0.01981627 0.02903068 -0.01427572 -0.01963496 0.02948176 -0.0143547 -0.01962721 0.0292828 -0.01485657 -0.01944881 0.02970081 -0.01489913 -0.01946073 0.02950471 -0.01549994 -0.01938074 0.02978086 -0.01549994 -0.0194 0.02958577 -0.01282721 -0.01869285 0.03070706 -0.01303607 -0.01925486 0.0301451 -0.01776212 -0.01908516 0.0303148 -0.01739996 -0.0191071 0.03029286 -0.01892107 -0.01869285 0.03070706 -0.01299995 -0.002759933 0.03803944 -0.01299995 0 0.03849995 -0.01299995 -0.00522077 0.03670769 -0.01299995 -0.0071159 0.03464901 -0.01299995 -0.008239865 0.03208661 -0.01299995 -0.008470952 0.02929806 -0.01299995 -0.007784068 0.02658557 -0.01299995 -0.0062536 0.02424305 -0.01299995 -0.004045546 0.02252447 -0.01299995 -0.00139904 0.02161592 -0.01299995 0.00139904 0.02161592 -0.01299995 0.004045546 0.02252447 -0.01299995 0.0062536 0.02424305 -0.01299995 0.007784068 0.02658557 -0.01299995 0.008470952 0.02929806 -0.01299995 0.008239865 0.03208661 -0.01299995 0.0071159 0.03464901 -0.01299995 0.00522077 0.03670769 -0.01299995 0.002759933 0.03803944 -0.006973862 -0.02874815 0.03560787 -0.007871925 -0.02887427 0.03525459 -0.007317841 -0.02981168 0.03540122 -0.00920391 -0.02915412 0.03447091 -0.009514749 -0.02923899 0.03423309 -0.008744955 -0.03021305 0.03466737 -0.01217079 -0.03065353 0.03027129 -0.01249998 -0.03146445 0.02799999 -0.01140177 -0.03181362 0.03170037 -0.01204323 -0.03278148 0.02988082 -0.01008188 -0.03284543 0.03278315 -0.0107426 -0.03389793 0.03147536 -0.008356928 -0.03363496 0.03339999 -0.008796095 -0.03464394 0.03254073 -0.006417691 -0.03409498 0.03348273 -0.006499946 -0.03490591 0.03291487 -0.01104587 -0.02982246 0.03259903 -0.01016849 -0.0308634 0.03346931 -0.008998751 -0.03182893 0.03402632 -0.007621467 -0.03264892 0.03422969 -0.006136417 -0.03326392 0.03406465 -0.007831513 -0.03114026 0.0348562 -0.006818175 -0.0319761 0.03479039 -0.005753636 -0.03268045 0.03447318 -0.006697535 -0.03071761 0.03536045 -0.006031811 -0.03156173 0.03513371 -0.00534296 -0.03231573 0.03472852 -0.006210505 -0.02867424 0.03581494 -0.005919933 -0.02959293 0.03579932 -0.00560373 -0.03048795 0.0356329 -0.005270063 -0.03133612 0.03531998 -0.004927635 -0.03211569 0.03486865 -0.004499971 -0.0286082 0.03599995 -0.004499971 -0.02952092 0.03593015 -0.004499971 -0.03041243 0.03572225 -0.004499971 -0.03126192 0.03538119 -0.004499971 -0.03204965 0.03491491 -0.01261925 -0.02125012 0.02784681 -0.01253026 -0.0214672 0.02792102 -0.01252734 -0.02107298 0.02868866 -0.01276731 -0.01996165 0.02958756 -0.01242041 -0.02021521 0.02975034 -0.01275044 -0.02027386 0.02929466 -0.01274335 -0.02037483 0.02918112 -0.01269894 -0.02080041 0.02859824 -0.01247972 -0.02066028 0.02930545 -0.01246535 -0.02055537 0.02942842 -0.01223957 -0.02053666 0.03002446 -0.012331 -0.02089804 0.0296356 -0.01235961 -0.0210027 0.0294919 -0.01245957 -0.02137994 0.02880316 -0.01249998 -0.02169829 0.02799999 -0.0126143 -0.01939517 0.03014445 -0.01227581 -0.01964753 0.03028368 -0.01208758 -0.01996195 0.03053528 -0.01242417 -0.01884078 0.03068971 -0.01209551 -0.01909196 0.03080612 -0.01190197 -0.0194 0.03103482 -0.01266086 -0.01842701 0.03089737 -0.01263648 -0.01836973 0.0309233 -0.01892107 -0.01837062 0.03092294 -0.01258361 -0.01819288 0.03097826 -0.01892107 -0.01798576 0.03099995 -0.01256936 -0.01810562 0.03099274 -0.01256221 -0.01798576 0.03099995 -0.01269143 -0.018489 0.03086411 -0.01902216 -0.01835709 0.03092294 -0.01909655 -0.01828408 0.03093814 -0.01927959 -0.01859521 0.03070706 -0.01910769 -0.01867121 0.03070372 -0.01920366 -0.01886028 0.03039407 -0.01939678 -0.01879441 0.03034609 -0.01942807 -0.0188477 0.02999997 -0.006499946 -0.03508859 0.03278702 0.003999948 -0.03490591 0.03291487 0.003999948 -0.03508859 0.03278702 0.003963589 -0.03436374 0.03329455 0.003856301 -0.0338428 0.03365927 0.003685653 -0.03336882 0.03399121 0.002931058 -0.03237801 0.03468495 0.002371311 -0.0320993 0.0348801 0.003466069 -0.03296315 0.03427523 0.001999974 -0.03204965 0.03491491 0.003999948 -0.03651469 0.03150856 -0.006499946 -0.03651469 0.03150856 0.003999948 -0.03691697 0.03101104 -0.006499946 -0.03691697 0.03101104 0.003999948 -0.03759604 0.02992779 -0.006499946 -0.03759604 0.02992779 0.003999948 -0.03809392 0.02875012 -0.006499946 -0.03809392 0.02875012 0.003999948 -0.03827071 0.02813524 -0.006499946 -0.03827071 0.02813524 0.003999948 -0.03849995 0.02623379 -0.006499946 -0.03849995 0.02623379 -0.007345855 -0.04199999 -0.007916927 -0.004685938 -0.04199999 -0.009730458 -0.003090143 -0.04199999 -0.009510517 -0.001609623 -0.04199999 -0.01067936 0 -0.04199999 -0.00999999 0.001609623 -0.04199999 -0.01067936 0.003090143 -0.04199999 -0.009510517 0.004685938 -0.04199999 -0.009730458 0.005877852 -0.04199999 -0.008090138 0.007345855 -0.04199999 -0.007916927 0.008090138 -0.04199999 -0.005877852 0.009353041 -0.04199999 -0.005399942 0.009510517 -0.04199999 -0.003090143 0.01052922 -0.04199999 -0.002403199 0.00999999 -0.04199999 0 0.01076978 -0.04199999 8.07085e-4 0.009510517 -0.04199999 0.003090143 0.01005339 -0.04199999 0.003945648 0.008090138 -0.04199999 0.005877852 0.008443772 -0.04199999 0.006733655 0.005877852 -0.04199999 0.008090138 0.006083846 -0.04199999 0.008923351 0.003090143 -0.04199999 0.009510517 0.003183305 -0.04199999 0.01032018 0 -0.04199999 0.00999999 0 -0.04199999 0.0108 -0.003090143 -0.04199999 0.009510517 -0.003183305 -0.04199999 0.01032018 -0.005877852 -0.04199999 0.008090138 -0.006083846 -0.04199999 0.008923351 -0.008090138 -0.04199999 0.005877852 -0.008443772 -0.04199999 0.006733655 -0.009510517 -0.04199999 0.003090143 -0.01005339 -0.04199999 0.003945648 -0.00999999 -0.04199999 0 -0.01076978 -0.04199999 8.07085e-4 -0.009510517 -0.04199999 -0.003090143 -0.01052922 -0.04199999 -0.002403199 -0.008090138 -0.04199999 -0.005877852 -0.009353041 -0.04199999 -0.005399942 -0.005877852 -0.04199999 -0.008090138 0.008436679 -0.03653925 0.02224534 0.008435308 -0.03654074 0.02225768 0.008440256 -0.03654319 0.02205616 0.008459866 -0.03654545 0.02185821 0.008484899 -0.03650575 0.02186197 0.008460342 -0.03651309 0.02205771 0.008489966 -0.03647989 0.02186274 0.01649999 0 0.03849995 0.01649999 0.002759933 0.03803944 0.01649999 0.00522077 0.03670769 0.01649999 0.0071159 0.03464901 0.01649999 0.008239865 0.03208661 0.01649999 0.008470952 0.02929806 0.01649999 0.007784068 0.02658557 0.01649999 0.0062536 0.02424305 0.01649999 0.004045546 0.02252447 0.01649999 0.00139904 0.02161592 0.01649999 -0.00139904 0.02161592 0.01649999 -0.004045546 0.02252447 0.01649999 -0.0062536 0.02424305 0.01649999 -0.007784068 0.02658557 0.01649999 -0.008470952 0.02929806 0.01649999 -0.008239865 0.03208661 0.01649999 -0.0071159 0.03464901 0.01649999 -0.00522077 0.03670769 0.01649999 -0.002759933 0.03803944 0.01035225 -0.02383762 0.02814298 0.01026159 -0.02406013 0.0277819 0.01048171 -0.02368932 0.02823525 0.00999999 -0.02539998 0.02558577 0.01010727 -0.02460479 0.02664601 0.00999999 -0.02539163 0.02559959 0.01007235 -0.02469289 0.02675449 0.01144295 -0.02283567 0.02900481 0.0113393 -0.02286767 0.02920758 0.01121366 -0.02285283 0.02939957 0.010616 -0.02316534 0.02917796 0.01054656 -0.02336317 0.02889823 0.01049387 -0.02349793 0.02869224 0.01040166 -0.02372002 0.02833557 0.01107275 -0.02279186 0.02957069 0.01092392 -0.02268803 0.02971196 0.01070702 -0.02282953 0.0295704 0.01039421 -0.02391332 0.02756798 0.01061809 -0.02357608 0.02801758 0.01227742 -0.02217286 0.03022706 0.01232743 -0.02229499 0.03007662 0.01237547 -0.02238386 0.02990394 0.01241964 -0.02243602 0.02971589 0.01245802 -0.02244931 0.02951997 0.01299995 -0.02210706 0.03029286 0.01299995 -0.02223145 0.03014135 0.01299995 -0.02232384 0.02996844 0.01299995 -0.02238076 0.02978086 0.01299995 -0.02239996 0.02958577 -0.01739996 -0.01932388 0.02996844 -0.01739996 -0.0194 0.02958577 -0.01229554 -0.03253781 0.02914416 -0.01249998 -0.03164714 0.02787208 -0.009499967 -0.03462749 0.03212851 -0.01204323 -0.03296411 0.02975291 -0.0116961 -0.03336787 0.03032952 -0.0107426 -0.03408062 0.03134745 -0.008052885 -0.03497129 0.03261953 -0.008796095 -0.03482663 0.03241288 -0.01249998 -0.02239382 0.02560013 -0.01249998 -0.02239596 0.02560073 -0.01549994 -0.0194 0.02087461 -0.01412892 -0.01973158 0.02087461 -0.01399999 -0.01980191 0.02087461 -0.0129019 -0.02089995 0.02087461 -0.01249998 -0.02239996 0.02087461 -0.01354563 -0.02012389 0.02087461 -0.01317393 -0.02050542 0.02087461 -0.008052885 -0.03636097 0.03137373 -0.008052885 -0.03741472 0.02983337 -0.008052885 -0.0382955 0.02623379 -0.008052885 -0.0380721 0.02808666 -0.008796095 -0.03804326 0.02623379 -0.009499967 -0.03748989 0.0279442 -0.009499967 -0.03769612 0.02623379 -0.0107426 -0.03674262 0.02623379 -0.0107426 -0.03656369 0.02771759 -0.0116961 -0.03549998 0.02623379 -0.0116961 -0.0353567 0.02742218 -0.01204323 -0.03479605 0.02623379 -0.009499967 -0.03688305 0.02955657 -0.0107426 -0.03603726 0.02911633 -0.0116961 -0.03493505 0.02854251 -0.009499967 -0.0359103 0.03097856 -0.0107426 -0.03519344 0.03034985 -0.0116961 -0.0342592 0.02953052 -0.01249998 -0.03249996 0.02623379 -0.01229554 -0.0340529 0.02623379 -0.01229554 -0.03395104 0.02707827 -0.01229554 -0.03365147 0.02787435 -0.01229554 -0.03317117 0.02857637 -0.01249998 -0.03244268 0.02670913 -0.01249998 -0.032274 0.0271573 -0.01249998 -0.03200364 0.02755248 0.005552887 -0.03741472 0.02983337 0.005552887 -0.0380721 0.02808666 0.009795546 -0.03317117 0.02857637 0.00999999 -0.03200364 0.02755248 0.00999999 -0.03164714 0.02787208 0.00999999 -0.03249996 0.02623379 0.00999999 -0.03244268 0.02670913 0.009795546 -0.0340529 0.02623379 0.009795546 -0.03395104 0.02707827 0.00954324 -0.03479605 0.02623379 0.009196102 -0.0353567 0.02742218 0.009795546 -0.03253781 0.02914416 0.00954324 -0.03296411 0.02975291 0.009196102 -0.0342592 0.02953052 0.009196102 -0.03336787 0.03032952 0.008242607 -0.03519344 0.03034985 0.008242607 -0.03408062 0.03134745 0.006999969 -0.0359103 0.03097856 0.006296098 -0.03804326 0.02623379 0.006999969 -0.03748989 0.0279442 0.006999969 -0.03769612 0.02623379 0.008242607 -0.03656369 0.02771759 0.008242607 -0.03674262 0.02623379 0.009196102 -0.03549998 0.02623379 0.005552887 -0.0382955 0.02623379 0.006999969 -0.03688305 0.02955657 0.008242607 -0.03603726 0.02911633 0.009196102 -0.03493505 0.02854251 0.009795546 -0.03365147 0.02787435 0.00999999 -0.032274 0.0271573 0.005552887 -0.03636097 0.03137373 0.006999969 -0.03462749 0.03212851 0.006296098 -0.03482663 0.03241288 0.005552887 -0.03497129 0.03261953 0.006296098 -0.03464394 0.03254073 0.00954324 -0.03278148 0.02988082 0.008242607 -0.03389793 0.03147536 0.00999999 -0.03146445 0.02799999 0.00999999 -0.02539378 0.02560013 0.00999999 -0.02539598 0.02560073 0.00999999 -0.02469831 0.02799999 0.01003026 -0.02446722 0.02792102 0.01011925 -0.02425009 0.02784681 0.01339995 -0.02239996 0.02958577 0.01339995 -0.02232384 0.02996844 0.01339995 -0.02210706 0.03029286 0.00999999 -0.02539998 0.0225166 0.01017946 -0.02437788 0.0225166 0.0104019 -0.02389997 0.0225166 0.01067996 -0.02349799 0.0225166 0.01074194 -0.0234248 0.0225166 0.0115 -0.02280187 0.0225166 0.0117098 -0.02269154 0.0225166 0.01299995 -0.02239996 0.0225166 -0.01788282 -0.01937073 0.02960771 -0.01782751 -0.01929938 0.02999097 -0.0186932 -0.01918512 0.02974689 -0.01299995 0.005466401 0.02247613 -0.01299995 0.002873837 0.02115517 -0.01299995 0 0.02069997 -0.01299995 -0.002873837 0.02115517 -0.01299995 -0.005466401 0.02247613 -0.01299995 -0.007523834 0.02453356 -0.01299995 -0.008844792 0.02712613 -0.01299995 -0.009299993 0.02999997 -0.01299995 -0.008844792 0.0328738 -0.01299995 -0.007523834 0.03546637 -0.01299995 -0.005466401 0.0375238 -0.01299995 -0.002873837 0.03884482 -0.01299995 0 0.03929996 -0.01299995 0.002873837 0.03884482 -0.01299995 0.005466401 0.0375238 -0.01299995 0.007523834 0.03546637 -0.01299995 0.008844792 0.0328738 -0.01299995 0.009299993 0.02999997 -0.01299995 0.008844792 0.02712613 -0.01299995 0.007523834 0.02453356 -0.01144593 -0.01580893 0.03196907 -0.01145166 -0.01542639 0.03213387 -0.01158326 -0.0153355 0.03197365 -0.01147061 -0.01535791 0.03217363 -0.01158463 -0.01533287 0.03197407 -0.01160711 -0.01511025 0.03235626 -0.01189815 -0.01497709 0.03209775 -0.01176023 -0.01498627 0.03233689 -0.01190274 -0.01497387 0.03209984 -0.01193147 -0.01489609 0.03232282 -0.0123142 -0.01482087 0.03231108 -0.01199007 -0.0187816 0.03104728 -0.01188784 -0.01798576 0.03126162 -0.01220053 -0.01798576 0.03106766 -0.01220667 -0.01813513 0.03105807 -0.01228457 -0.01853013 0.03093212 -0.01221883 -0.01824349 0.03103876 -0.01231044 -0.01860445 0.03088897 -0.01196599 -0.01868516 0.03109925 -0.01190483 -0.01831591 0.03122705 -0.01189351 -0.01817703 0.03125011 -0.01166641 -0.01798576 0.03155553 -0.01167279 -0.01822549 0.03154271 -0.01168543 -0.01840001 0.03151696 -0.01175409 -0.01886826 0.03137308 -0.01178127 -0.01899224 0.03131401 -0.01097035 -0.01620382 0.03270465 -0.01155912 -0.01584315 0.03176403 -0.01166641 -0.0158745 0.03155553 -0.009313464 -0.01746547 0.03438985 -0.009481787 -0.0174055 0.03425949 -0.009833276 -0.01718074 0.03396284 -0.0101065 -0.01693964 0.03370666 -0.01036673 -0.01671409 0.0334388 -0.01047039 -0.01662528 0.03332483 -0.01085299 -0.01630187 0.032862 -0.008576214 -0.01748043 0.03488361 -0.008723556 -0.01750594 0.03479415 -0.008864939 -0.01751756 0.0347042 -0.005621969 -0.01665818 0.03592091 -0.006035745 -0.0169534 0.03585118 -0.005505323 -0.0165416 0.03593653 -0.004499971 -0.01528781 0.03599995 -0.004946589 -0.01584488 0.03598749 -0.005388855 -0.01640492 0.03595042 -0.006184577 -0.01702427 0.0358206 -0.006645917 -0.01714843 0.03570675 -0.00697267 -0.01719111 0.03560823 -0.007573068 -0.01728439 0.0353862 -0.01488703 -0.01139998 0.01877319 -0.0132358 -0.01139998 0.01877319 -0.01328819 -0.01139998 0.01877135 -0.01457941 -0.01139998 0.01874005 -0.01334017 -0.01139998 0.01876616 -0.01358157 -0.01139998 0.01874005 -0.01393008 -0.01095771 0.01833367 -0.01493722 -0.01007324 0.01754379 -0.01482468 -0.01018083 0.01763576 -0.01477307 -0.01014578 0.01762282 -0.01390236 -0.01093757 0.01832038 -0.01543015 -0.009575426 0.01712465 -0.01548635 -0.009336829 0.0169878 -0.01558822 -0.009406924 0.01698249 -0.01387447 -0.01091915 0.01830506 -0.01472055 -0.01011532 0.01760321 -0.01537787 -0.009281098 0.01696693 -0.01575684 -0.00862354 0.01652282 -0.01594966 -0.008710086 0.01652514 -0.01610803 -0.008829355 0.01645177 -0.01594424 -0.009014189 0.01663559 -0.01567912 -0.009308278 0.01689815 -0.01957315 -0.01746815 0.03099995 -0.01256221 -0.01596868 0.03099995 -0.02011638 -0.01667314 0.03099995 -0.02034556 -0.01596868 0.03099995 -0.02054744 -0.01596993 0.03098005 -0.02042979 -0.01682001 0.03093814 -0.01982384 -0.01770675 0.03093814 -0.02008533 -0.01795566 0.03070706 -0.02025276 -0.01811492 0.03034609 -0.02029752 -0.01815754 0.02999997 -0.02122455 -0.01657164 0.02999997 -0.0210219 -0.01709753 0.02999997 -0.02121323 -0.0165525 0.03018033 -0.02096593 -0.0170713 0.03034609 -0.02086144 -0.01597678 0.0308606 -0.02100723 -0.01621168 0.03071659 -0.02075666 -0.01697325 0.03070706 -0.02110731 -0.01637583 0.03055232 -0.02118015 -0.01649695 0.03035169 -0.02086162 -0.0159763 0.02912956 -0.01782751 -0.01148372 0.0188589 -0.01787328 -0.01142805 0.0185399 -0.01871335 -0.01169937 0.01908558 -0.01885414 -0.01167362 0.01877301 -0.01944935 -0.01207888 0.01950711 -0.01966905 -0.01210582 0.01920658 -0.02001434 -0.01254725 0.02007198 -0.0202946 -0.01263928 0.01978766 -0.02041941 -0.0130428 0.02073258 -0.02055025 -0.01293504 0.02013456 -0.02074307 -0.01320368 0.02046722 -0.02069234 -0.01352536 0.02145224 -0.02104532 -0.01375329 0.02120745 -0.02086687 -0.01398342 0.02222418 -0.0212385 -0.01427495 0.0220015 -0.02133417 -0.0146774 0.02269339 -0.02100694 -0.01477247 0.02385395 -0.02139359 -0.01517361 0.023678 -0.02098882 -0.01537454 0.02557021 -0.02137351 -0.0158593 0.02544331 -0.0209164 -0.01577687 0.02733725 -0.02129334 -0.01631748 0.02726095 -0.02123272 -0.01654464 0.02910465 -0.006801486 -0.01642847 0.03598529 -0.006706953 -0.01675683 0.03577363 -0.006341576 -0.01663839 0.03587716 -0.00572896 -0.01611137 0.03601616 -0.006021797 -0.01587826 0.03627318 -0.006090819 -0.01597261 0.03624683 -0.006914198 -0.01621645 0.03630763 -0.006508111 -0.0163207 0.03609657 -0.006654679 -0.0161274 0.03644001 -0.006415069 -0.01626664 0.0361303 -0.006570935 -0.01608228 0.03648149 -0.006160914 -0.01605397 0.03622114 -0.006338179 -0.01590311 0.03659778 -0.006272614 -0.01583409 0.03663229 -0.006207048 -0.0157538 0.03666859 -0.006225168 -0.01657569 0.03590667 -0.005905508 -0.0163232 0.03597974 -0.005816698 -0.01622533 0.03599828 -0.008682847 -0.01706659 0.03492766 -0.007657706 -0.01688396 0.03544342 -0.008863806 -0.01672917 0.03512239 -0.007793486 -0.01655197 0.03564858 -0.009085774 -0.01653039 0.03543186 -0.00795722 -0.01634502 0.03596657 0.01053607 -0.02225488 0.0301451 0.01032721 -0.02169287 0.03070706 0.01011425 -0.02239519 0.03014445 0.009924173 -0.02184075 0.03068971 0.009775817 -0.0226475 0.03028368 0.009595513 -0.02209192 0.03080612 0.009587585 -0.02296197 0.03053528 0.009401977 -0.02239996 0.03103482 0.01026731 -0.02296167 0.02958756 0.009920358 -0.02321523 0.02975034 0.009739577 -0.02353662 0.03002446 0.009975254 -0.02362746 0.02934527 0.01016032 -0.02404171 0.02820396 0.01022732 -0.02356022 0.02894753 0.01024568 -0.02334296 0.02921795 0.01000392 -0.02384591 0.02905559 0.01003664 -0.02428805 0.02828258 0.009991288 -0.02455651 0.0283724 0.009908378 -0.02417927 0.02920693 0.00985068 -0.02397036 0.02953815 0.009608745 -0.03058218 0.03047108 0.009425163 -0.03040134 0.03097754 0.008598029 -0.03152173 0.03224593 0.008473038 -0.02978605 0.03270095 0.007864415 -0.0295217 0.03344136 0.007017433 -0.03052675 0.03409081 0.006707608 -0.02915507 0.03446823 0.00572431 -0.02893656 0.03508019 0.005118966 -0.02987998 0.03527665 0.004475355 -0.02874833 0.03560739 0.003485381 -0.02865785 0.03586083 0.003232359 -0.02957504 0.0358318 0.001999974 -0.0286082 0.03599995 0.001999974 -0.02952092 0.03593015 0.002957701 -0.03046917 0.03565514 0.001999974 -0.03041243 0.03572225 0.002668261 -0.03131771 0.03533518 0.001999974 -0.03126192 0.03538119 0.004434883 -0.03078943 0.03527504 0.003696739 -0.03163218 0.03507542 0.005958378 -0.03147184 0.03445792 0.004750609 -0.03230047 0.03452062 0.008742749 -0.02992737 0.03230518 0.007864832 -0.03098165 0.03325033 0.006664752 -0.03195464 0.03387367 0.005234897 -0.0327714 0.03412717 0.007303476 -0.03253167 0.03316915 0.005669236 -0.03333163 0.03365623 0.009854495 -0.03092229 0.02951854 0.009168744 -0.03212887 0.03110915 0.007838726 -0.03318613 0.03236192 0.006029009 -0.03396314 0.0331217 -0.005269229 -0.01556003 0.03606528 -0.004804372 -0.01501107 0.03608852 -0.005540907 -0.01532965 0.03631919 -0.005054831 -0.01478326 0.0363385 -0.005709469 -0.01519787 0.03670066 -0.005207061 -0.01464486 0.03670561 -0.01328825 0.003269612 0.01429659 -0.01318639 0.003099679 0.01430308 -0.01278102 0.003333628 0.01435112 -0.01302063 0.003791391 0.014122 -0.01343053 0.003550112 0.0140683 -0.01298248 0.003701984 0.01423573 -0.01337414 0.003428041 0.01421397 -0.01288115 0.003505408 0.01434725 -0.01292628 0.003588974 0.01431602 -0.0129655 0.00366646 0.01426666 -0.01535063 0.00173217 0.01409399 -0.01545989 0.001890957 0.01407349 -0.01555281 0.002034008 0.01398134 -0.01561528 0.002139806 0.01383137 -0.01744639 2.25196e-4 0.01400154 -0.0175603 3.70924e-4 0.01396828 -0.01765811 4.9706e-4 0.0138691 -0.017726 5.85786e-4 0.013718 0.01491183 -0.02210325 0.02980828 0.01542806 -0.02184766 0.02999997 0.01474165 -0.02207505 0.03019702 0.01520365 -0.0218603 0.03039407 0.01453387 -0.02188456 0.03051543 0.01492106 -0.02169287 0.03070706 0.002542972 -0.03849995 0.02159339 0.00259298 -0.03849995 0.02149951 0.002667784 -0.0385124 0.02130353 0.002662718 -0.03849995 0.02124851 0.002702653 -0.03853869 0.02108979 0.002649366 -0.03849995 0.02099996 0.002704203 -0.03855448 0.02099996 0.003999948 -0.03849995 0.02137148 -0.006499946 -0.03849995 0.02074831 -0.004376709 -0.03849995 0.02129757 -0.002542972 -0.03849995 0.02159339 -0.002651154 -0.03849995 0.02132248 -0.0026564 -0.03849995 0.02103656 -0.002649366 -0.03849995 0.02099996 -0.002638161 -0.03850561 0.02139669 -0.002667784 -0.0385124 0.02130353 -0.002704203 -0.03855448 0.02099996 0 -0.03857481 0.02099996 -0.001244127 -0.03858417 0.02099996 0.008390367 -0.0365895 0.02221351 0.00834465 -0.03663802 0.02216714 0.0087924 -0.03640723 0.02099996 0.008752524 -0.03638255 0.02099996 0.008647203 -0.03638499 0.02118992 0.008702576 -0.03637337 0.02099996 0.008605539 -0.03637337 0.02116858 0.008801639 -0.03641712 0.02099996 0.008679151 -0.03641718 0.02120631 0.008812546 -0.03643339 0.02099996 0.008693993 -0.03646242 0.02121394 0.008822262 -0.0364651 0.02099996 0.008663296 -0.03654944 0.02119821 0.008779942 -0.03654962 0.02099996 0.008688271 -0.03651022 0.02121096 0.00878936 -0.03654229 0.02099996 0.00880891 -0.03651958 0.02099996 0.008813977 -0.03651052 0.02099996 0.008820056 -0.03649407 0.02099996 0.00850749 -0.0364601 0.02175784 0.008522748 -0.03644263 0.02166897 0.00854063 -0.03642201 0.0215646 0.008567273 -0.03639096 0.02139371 0.008582174 -0.03637337 0.02121567 0 -0.04149997 0.0108 0.003183305 -0.04149997 0.01032018 0.006083846 -0.04149997 0.008923351 0.008443772 -0.04149997 0.006733655 0.01005339 -0.04149997 0.003945648 0.01076978 -0.04149997 8.07085e-4 0.01052922 -0.04149997 -0.002403199 0.009353041 -0.04149997 -0.005399942 0.007345855 -0.04149997 -0.007916927 0.004685938 -0.04149997 -0.009730458 0.001609623 -0.04149997 -0.01067936 -0.001609623 -0.04149997 -0.01067936 -0.004685938 -0.04149997 -0.009730458 -0.007345855 -0.04149997 -0.007916927 -0.009353041 -0.04149997 -0.005399942 -0.01052922 -0.04149997 -0.002403199 -0.01076978 -0.04149997 8.07085e-4 -0.01005339 -0.04149997 0.003945648 -0.008443772 -0.04149997 0.006733655 -0.006083846 -0.04149997 0.008923351 -0.003183305 -0.04149997 0.01032018 0.009030401 -0.03637337 0.02099996 0.008938133 -0.03643882 0.02099996 0.008696794 -0.03637337 0.02163457 0.008582174 -0.03637337 0.02239185 0.01299995 0 0.03849995 0.01299995 0.002759933 0.03803944 0.01299995 0.00522077 0.03670769 0.01299995 0.0071159 0.03464901 0.01299995 0.008239865 0.03208661 0.01299995 0.008470952 0.02929806 0.01299995 0.007784068 0.02658557 0.01299995 0.0062536 0.02424305 0.01299995 0.004045546 0.02252447 0.01299995 0.00139904 0.02161592 0.01299995 -0.00139904 0.02161592 0.01299995 -0.004045546 0.02252447 0.01299995 -0.0062536 0.02424305 0.01299995 -0.007784068 0.02658557 0.01299995 -0.008470952 0.02929806 0.01299995 -0.008239865 0.03208661 0.01299995 -0.0071159 0.03464901 0.01299995 -0.00522077 0.03670769 0.01299995 -0.002759933 0.03803944 0.009700536 -0.02098578 0.03106766 0.00938785 -0.02098578 0.03126162 0.009410977 -0.02137005 0.03121459 0.009849071 -0.02169787 0.03082305 0.01006221 -0.02098578 0.03099995 0.009725391 -0.02128565 0.03102833 0.01009124 -0.021227 0.03097045 0.009741365 -0.02136904 0.0310027 0.01011002 -0.02129465 0.03095108 0.009824931 -0.02164155 0.03086447 0.0102086 -0.02152025 0.03084516 0.01023727 -0.02156817 0.03081285 0.009425818 -0.02147716 0.03118389 0.009503483 -0.0218299 0.03101778 0.009525895 -0.02190351 0.03096783 0.009322047 -0.02215057 0.03122293 0.009296536 -0.02205473 0.03128027 0.009208917 -0.02160352 0.03146857 0.009192228 -0.02146822 0.03150302 0.009166419 -0.02098578 0.03155553 -0.01739996 -0.0194 0.01931941 -0.01249998 -0.03249996 0.02087461 -0.01397323 -0.01983189 0.02060276 -0.01303136 -0.02089291 0.02007794 -0.01266044 -0.02158439 0.02035337 -0.01319378 -0.02158355 0.01913821 -0.01292228 -0.02239996 0.01933979 -0.01299285 -0.02195811 0.0192874 -0.01253014 -0.02239996 0.02045005 -0.01349455 -0.02133327 0.01891493 -0.01358646 -0.02043092 0.01966571 -0.01481556 -0.01962834 0.01995289 -0.01423531 -0.02027863 0.01917147 -0.01384764 -0.02125191 0.01864933 -0.007196485 -0.03845942 0.02045649 -0.007879614 -0.03833919 0.02024477 -0.0101152 -0.03728848 0.02032017 -0.009599149 -0.03763759 0.02015864 -0.009279787 -0.03781718 0.02011179 -0.008700668 -0.03808182 0.02010846 -0.008084118 -0.03828704 0.02019762 -0.01152026 -0.03578585 0.02124696 -0.01119333 -0.03623795 0.0210725 -0.01084464 -0.03663802 0.02079778 -0.01074409 -0.03674113 0.02070963 -0.01058071 -0.03689855 0.02058339 -0.01248455 -0.03293031 0.02089178 -0.01239633 -0.03361022 0.02098912 -0.01222956 -0.03428101 0.02116978 -0.0121293 -0.03457617 0.02125215 -0.01209717 -0.03466129 0.02127009 -0.01204359 -0.03479528 0.02129304 -0.01186507 -0.03518623 0.02132207 -0.01158201 -0.03568947 0.02126985 0.009956479 -0.03322094 0.02255415 0.00999999 -0.03249996 0.0225166 0.009536027 -0.03481346 0.02283143 0.009729504 -0.03428101 0.02274602 0.009827315 -0.03392904 0.02266418 0.008593678 -0.03635972 0.02240169 0.00893259 -0.03591597 0.02265065 0.008245527 -0.0367397 0.02206873 0.009237229 -0.03542762 0.02279615 0.00929141 -0.0353285 0.02281218 0.007879316 -0.03707718 0.02176439 0.007362246 -0.03746938 0.02146089 0.006577253 -0.03791826 0.02120316 0.007157981 -0.03760164 0.02137333 0.005960941 -0.03817051 0.02112567 0.00629723 -0.03804278 0.02115637 0.004309594 -0.03849196 0.02129161 0.005006372 -0.03841495 0.02116477 0.005685329 -0.03825837 0.02111905 0.01339995 -0.02239996 0.02228093 0.01090848 -0.02458357 0.02052688 0.0106917 -0.02495813 0.02065199 0.01161414 -0.02425193 0.02011632 0.01123285 -0.02433329 0.0203396 0.0104019 -0.02539998 0.02101665 0.01061564 -0.02539998 0.02069598 0.01151454 -0.02283185 0.02207124 0.01009857 -0.02539998 0.02175384 0.01023906 -0.02458435 0.02167272 0.01063919 -0.02389293 0.02144169 0.01242595 -0.02262836 0.0215224 0.01193928 -0.02327865 0.02067953 0.01123797 -0.02343094 0.02109599 0.01739996 -0.01340979 0.01611953 0.01739996 -0.01489627 0.01772844 0.01739996 -0.01839995 0.01611953 0.01739996 -0.01708459 0.0210219 0.01739996 -0.01839995 0.02417504 -0.01820772 -8.14394e-4 0.01396787 -0.01820737 -3.25936e-4 0.01390725 -0.01808488 1.83236e-4 0.01376128 -0.0178759 3.08174e-5 0.01397114 -0.01774162 -6.75685e-5 0.01400011 -0.01807475 -3.67474e-4 0.01397955 -0.0179277 -4.14948e-4 0.01400536 -0.01799482 1.17727e-4 0.01388841 -0.0182231 -6.10768e-5 0.01378041 -0.01831251 -2.94411e-4 0.01379543 -0.01798433 -8.03323e-4 0.01402014 -0.01585876 -0.008422076 0.01639598 -0.01597338 -0.008223414 0.01627498 -0.0160548 -0.008521974 0.01640087 -0.01617157 -0.008336961 0.01628214 -0.01621288 -0.008653521 0.01632249 -0.01647412 -0.01127076 0.01864349 -0.01637208 -0.01126134 0.0186342 -0.01633334 -0.01123148 0.01856338 -0.0162785 -0.01125407 0.01862698 -0.0159949 -0.0103293 0.01736146 -0.01628577 -0.009882211 0.01675856 -0.01618385 -0.01007264 0.01700973 -0.01539599 -0.01088958 0.01812297 -0.0156216 -0.01125377 0.01862668 -0.01485908 -0.01130777 0.01864546 -0.01700055 -0.0113334 0.01870602 -0.0165497 -0.0111382 0.01827025 -0.01580291 -0.01053255 0.01764309 -0.01570057 -0.01124823 0.0186212 -0.01713836 -0.01133131 0.01860111 -0.01703238 -0.01133751 0.01871013 -0.01678246 -0.01103073 0.01786309 -0.01732486 -0.01134818 0.01852846 -0.01692092 -0.01095479 0.01753354 -0.01785278 -0.01142561 0.01853895 -0.01909667 -0.01902228 0.01615846 -0.02011603 -0.01833647 0.01361036 -0.01963824 -0.01871514 0.01488578 -0.0179972 -0.01935511 0.01832413 -0.0185759 -0.01922321 0.01724499 -0.02094787 -0.0172472 0.01089137 -0.02066981 -0.01770389 0.01188957 -0.02052915 -0.01789158 0.01235651 -0.02027845 -0.01817744 0.01313644 -0.02121067 -0.01661604 0.009833514 -0.02107709 -0.01697432 0.01038712 -0.02104669 -0.01704359 0.01050847 -0.02132791 -0.01464426 0.009315311 -0.02136319 -0.01485872 0.009153008 -0.02139049 -0.01512503 0.009024798 -0.02139997 -0.01539999 0.008979976 -0.02139294 -0.01563715 0.009013354 -0.02137523 -0.0158444 0.00909686 -0.02130842 -0.01625096 0.009403944 -0.02133017 -0.01614391 0.009305119 -0.02078306 -0.01326572 0.01149612 -0.02085041 -0.01337647 0.01125377 -0.02107268 -0.01381522 0.010405 -0.02122533 -0.01423096 0.009770333 -0.02130812 -0.01454758 0.009405314 -0.01946866 -0.01197648 0.01530194 -0.01997512 -0.01233917 0.01400375 -0.02041679 -0.01277345 0.01271384 -0.01937919 -0.01192396 0.01551473 -0.01829218 -0.01150071 0.01778954 -0.01885277 -0.01167315 0.01668226 -0.009168624 -0.01655745 0.03533768 -0.008960306 -0.01676356 0.03504002 -0.009248197 -0.01657682 0.03524458 -0.009054362 -0.01678854 0.03495776 -0.009500443 -0.01659321 0.03492945 -0.009362161 -0.01681083 0.03467315 -0.009595155 -0.01657897 0.03480249 -0.00948137 -0.01679271 0.03455597 -0.009442031 -0.01707965 0.03436744 -0.009296953 -0.01711499 0.03448498 -0.008919179 -0.01712036 0.03476715 -0.008802771 -0.01709926 0.03484767 -0.009792864 -0.0164988 0.03452128 -0.009736478 -0.01668792 0.03429079 -0.00973457 -0.01680076 0.03418874 -0.009750366 -0.01692247 0.03409874 -0.01082098 -0.01592129 0.03305429 -0.01040977 -0.01658916 0.03339666 -0.01012754 -0.01649999 0.03380942 -0.009993493 -0.01633948 0.03434157 -0.01016634 -0.01620364 0.03417783 -0.009996056 -0.0163753 0.03422808 -0.00999999 -0.01649999 0.03402352 -0.01094001 -0.01561027 0.03332251 -0.01030081 -0.01668268 0.0335136 -0.01003545 -0.01663041 0.03386443 -0.009945154 -0.0166369 0.0339927 -0.009949266 -0.0165531 0.03405821 -0.009949326 -0.01644879 0.03419762 -0.009946107 -0.01637697 0.03438502 -0.01160711 -0.01478701 0.03390079 -0.0123142 -0.01450377 0.03382611 -0.01193147 -0.01457738 0.03384548 -0.0123142 -0.0140323 0.03530037 -0.01193147 -0.01410353 0.03532725 -0.0123142 -0.01332753 0.03688305 -0.01193147 -0.01339513 0.03691798 -0.0123142 -0.01244491 0.03837394 -0.01193147 -0.01250809 0.03841644 -0.0123142 -0.01139634 0.03975307 -0.01193147 -0.01145416 0.03980261 -0.0123142 -0.01019567 0.04100215 -0.01193147 -0.0102474 0.04105794 -0.0123142 -0.009986162 0.04119265 -0.0123142 -0.008859038 0.04210442 -0.01193147 -0.00890398 0.04216581 -0.0123142 -0.007404148 0.04304522 -0.01193147 -0.007441759 0.04311138 -0.0123142 -0.006978094 0.04327803 -0.0123142 -0.005850553 0.04381197 -0.01193147 -0.005880236 0.04388207 -0.0123142 -0.004218876 0.04439443 -0.01193147 -0.004240274 0.0444675 -0.0123142 -0.003554463 0.04457271 -0.0123142 -0.002530872 0.0447849 -0.01193147 -0.002543747 0.04485994 -0.0123142 -8.09207e-4 0.04497814 -0.01193147 -8.13313e-4 0.04505413 -0.0123142 8.0716e-5 0.04499977 -0.01193147 9.27999e-4 0.04504752 -0.0123142 9.23314e-4 0.04497152 -0.0123142 0.002643465 0.04476517 -0.01193147 0.002656877 0.04484015 -0.0123142 0.003711104 0.04453366 -0.01193147 0.004350364 0.04443478 -0.0123142 0.004328429 0.04436188 -0.0123142 0.005955636 0.04376697 -0.01193147 0.005985856 0.04383683 -0.0123142 0.007120549 0.04320216 -0.01193147 0.007541418 0.04305434 -0.0123142 0.00750333 0.04298841 -0.0123142 0.008951008 0.04203653 -0.01193147 0.008996427 0.04209762 -0.0123142 0.01010602 0.04108452 -0.01193147 0.01033139 0.04097956 -0.0123142 0.01027923 0.04092413 -0.0123142 0.01147031 0.03966599 -0.01193147 0.01152849 0.03971499 -0.0123142 0.01250839 0.03827887 -0.01193147 0.01257187 0.03832083 -0.0123142 0.01337957 0.03678131 -0.01193147 0.01344746 0.0368157 -0.0123142 0.01407229 0.03519326 -0.01193147 0.0141437 0.0352196 -0.0123142 0.01457726 0.03353595 -0.01193147 0.01465123 0.03355389 -0.0123142 0.01488775 0.0318315 -0.01193147 0.01496326 0.03184074 -0.0123142 0.01492846 0.03146266 -0.0123142 0.01499962 0.03010255 -0.01193147 0.01507574 0.03010308 -0.0123142 0.01491141 0.02837228 -0.01193147 0.01498705 0.028364 -0.0123142 0.01483827 0.02780354 -0.0123142 0.01462423 0.02666372 -0.01193147 0.01469844 0.02664679 -0.0123142 0.01414197 0.02499961 -0.01193147 0.01421374 0.02497428 -0.0123142 0.01386457 0.02427524 -0.0123142 0.01347106 0.02340227 -0.01193147 0.01353943 0.02336883 -0.0123142 0.01262044 0.02189296 -0.01193147 0.01268446 0.02185183 -0.0123142 0.01206535 0.02108776 -0.01193147 0.01166033 0.02044349 -0.0123142 0.01160144 0.02049177 -0.01160711 0.009292781 0.01785433 -0.01193147 0.009161055 0.01802647 -0.01160711 0.01063126 0.0190069 -0.01193147 0.01048058 0.01916271 -0.01160711 0.01182794 0.02030611 -0.01160711 0.01286685 0.02173465 -0.01160711 0.0137341 0.02327346 -0.01160711 0.01441812 0.02490198 -0.01160711 0.0149098 0.02659857 -0.01160711 0.01520258 0.02834051 -0.01160711 0.01529252 0.03010457 -0.01160711 0.01517844 0.03186726 -0.01160711 0.01486188 0.03360497 -0.01160711 0.01434707 0.03529465 -0.01160711 0.01364082 0.03691369 -0.01160711 0.01275259 0.03844052 -0.01160711 0.01169431 0.0398547 -0.01160711 0.01047992 0.04113745 -0.01160711 0.009125769 0.04227161 -0.01160711 0.007649838 0.04324203 -0.01160711 0.006071925 0.04403579 -0.01160711 0.004412949 0.04464232 -0.01160711 0.002695083 0.04505348 -0.01160711 9.41342e-4 0.04526388 -0.01160711 -8.25007e-4 0.04527062 -0.01160711 -0.002580344 0.04507362 -0.01160711 -0.004301249 0.04467552 -0.01160711 -0.005964756 0.04408162 -0.01160711 -0.007548749 0.04329991 -0.01160711 -0.009032011 0.04234075 -0.01160711 -0.01039475 0.04121696 -0.01160711 -0.01161885 0.03994351 -0.01160711 -0.01268792 0.03853744 -0.01160711 -0.01358777 0.03701746 -0.01160711 -0.0143063 0.03540384 -0.0123142 0.01042765 0.01921743 -0.0123142 0.00954765 0.01843094 -0.0123142 0.009114801 0.01808696 -0.01160711 0.007322788 0.01657432 -0.01193147 0.007219016 0.01676458 -0.0123142 0.007182538 0.01683145 -0.01249998 0.002873837 0.03884482 -0.01249998 0.005466401 0.0375238 -0.01249998 0.007523834 0.03546637 -0.01249998 0.008844792 0.0328738 -0.01249998 0.009299993 0.02999997 -0.01249998 0.008844792 0.02712613 -0.01249998 0.007523834 0.02453356 -0.01249998 0.005466401 0.02247613 -0.01249998 0.002873837 0.02115517 -0.01249998 0 0.02069997 -0.01249998 -0.002873837 0.02115517 -0.01249998 -0.005466401 0.02247613 -0.01249998 -0.007523834 0.02453356 -0.01249998 -0.008844792 0.02712613 -0.01249998 -0.009299993 0.02999997 -0.01249998 -0.008844792 0.0328738 -0.01249998 -0.007523834 0.03546637 -0.01249998 -0.005466401 0.0375238 -0.01249998 -0.002873837 0.03884482 -0.01249998 0 0.03929996 -0.0116958 -0.01536595 0.03176963 -0.01249998 -0.0148673 0.0319904 -0.01249998 -0.01488852 0.03184485 -0.01212811 -0.01503294 0.03167855 -0.01201629 -0.01500636 0.03188979 -0.01244151 -0.01485294 0.03209489 -0.01209443 -0.01505666 0.03166484 -0.01179021 -0.01541644 0.03155922 -0.01180237 -0.01539367 0.03156238 -0.01249998 -0.01542109 0.03111088 -0.01249998 -0.01547622 0.03108483 -0.0122202 -0.01546764 0.0311529 -0.01196879 -0.01544684 0.03131812 -0.01187539 -0.0158745 0.03127318 -0.01188784 -0.0158745 0.03126162 -0.01216733 -0.0158745 0.03108125 -0.01220053 -0.0158745 0.03106766 -0.01249998 -0.0158745 0.03100192 -0.01220262 -0.01507502 0.03151875 -0.01249998 -0.01509243 0.03137987 -0.01235496 -0.01508766 0.03141862 -0.01249998 -0.01506662 0.03141391 -0.01249998 -0.01491838 0.0317136 -0.01249998 -0.01596856 0.03100192 -0.01249998 -0.01596933 0.02901041 -0.01794326 -0.001526892 0.01407301 -0.01789265 -0.002093672 0.01413756 -0.01249998 -0.002092123 0.01413732 -0.01249998 -0.00890696 0.01670843 -0.01249998 -0.01169854 0.01908469 -0.01594376 -0.01136672 0.01873958 -0.01663571 -0.006972908 0.01559937 -0.01249998 -0.005647778 0.0150299 -0.01776772 -0.003058373 0.01429498 -0.01746839 -0.004549503 0.01466041 -0.01715773 -0.005630612 0.01502346 -0.01249998 0.001573324 0.01407754 -0.01249998 0.003539144 0.0143963 -0.01249998 -0.01532489 0.02540147 -0.01249998 -0.01387596 0.02203398 -0.01249998 0.003933489 0.0144183 -0.01258522 0.003773152 0.01439756 -0.01249998 0.0048092 0.01421636 -0.01250088 0.004762411 0.01420944 -0.01249998 0.004802584 0.01421827 -0.01249998 0.004753053 0.01423269 -0.01261568 0.003873467 0.01436847 -0.01249998 0.004030704 0.01440781 -0.01249998 0.00405997 0.01440376 -0.01249998 0.004438638 0.01432228 -0.01257652 0.004374623 0.0141617 -0.01252454 0.004311919 0.01431989 -0.01275378 0.00404495 0.01413464 -0.01270174 0.00396943 0.01426911 -0.01249998 0.004276752 0.01436257 -0.01249998 8.0716e-5 0.04499977 -0.01249998 0.01386457 0.02427524 -0.01249998 -0.0140748 0.03518646 -0.01235008 0.006997108 0.01673197 -0.01245659 0.006834685 0.01664757 -0.01249998 0.00679326 0.01662641 -0.01249998 0.00954765 0.01843094 -0.01249998 0.01206535 0.02108776 -0.01249998 0.01483827 0.02780354 -0.01249998 0.01492846 0.03146266 -0.01249998 0.01412975 0.03503471 -0.01249998 0.01248973 0.03830695 -0.01249998 0.01010602 0.04108452 -0.01249998 0.007120549 0.04320216 -0.01249998 0.003711104 0.04453366 -0.01249998 -0.003554463 0.04457271 -0.01249998 -0.006978094 0.04327803 -0.01249998 -0.009986162 0.04119265 -0.01249998 -0.01239961 0.03844088 -0.006531476 -0.003780305 0.04690635 -0.006207048 -0.003732979 0.04669481 -0.006207048 -0.001750767 0.04701727 -0.006531476 -0.01102495 0.04336285 -0.006207048 -0.01088702 0.04319566 -0.006207048 -0.009265542 0.0443806 -0.006531476 -0.01568835 0.03734791 -0.006207048 -0.01549202 0.03725594 -0.006207048 -0.01477229 0.03862732 -0.006725192 0.007187843 0.0141738 -0.006914198 0.007175207 0.01414829 -0.006914198 0.008983433 0.01509839 -0.006332814 0.007309019 0.01441514 -0.006430506 0.007263898 0.01432615 -0.006531476 0.008944153 0.0151636 -0.006605982 0.00720942 0.01421731 -0.006914198 -0.01575726 0.03738021 -0.006207048 -0.0140478 0.03976273 -0.006531476 -0.01383256 0.04042959 -0.006531476 -0.01495951 0.03873664 -0.006207048 -0.01365947 0.04029905 -0.006207048 -0.01235836 0.04182887 -0.006531476 -0.012515 0.04197877 -0.006207048 -0.01145088 0.04270941 -0.006207048 -0.008250355 0.04498606 -0.006531476 -0.007611691 0.04556208 -0.006531476 -0.009382963 0.04456281 -0.006207048 -0.007516443 0.04536736 -0.006207048 -0.005663752 0.04614228 -0.006531476 -0.005735516 0.04634684 -0.006207048 -0.004614949 0.04647284 -0.006207048 -7.36318e-4 0.04709124 -0.006531476 2.58775e-4 0.04732191 -0.006531476 -0.00177294 0.04723286 -0.006207048 2.55537e-4 0.04710519 -0.006207048 0.0022583 0.04695737 -0.006531476 0.002286911 0.04717224 -0.006207048 0.003181159 0.04680871 -0.006531476 0.004283607 0.04678589 -0.006207048 0.004230022 0.04657584 -0.006207048 0.006143391 0.0459659 -0.006531476 0.006221234 0.0461682 -0.006207048 0.006930947 0.04564011 -0.006531476 0.008073151 0.04532772 -0.006207048 0.007972121 0.04513597 -0.006207048 0.009690999 0.04409736 -0.006531476 0.009813785 0.04427599 -0.006207048 0.01031541 0.04364711 -0.006531476 0.01141923 0.04302757 -0.006207048 0.0112763 0.04286456 -0.006207048 0.01270622 0.04145443 -0.006531476 0.01286721 0.04159957 -0.006207048 0.01315611 0.04093474 -0.006531476 0.01413792 0.0400117 -0.006207048 0.01396101 0.03988641 -0.006207048 0.01502341 0.03818219 -0.006531476 0.01521378 0.03828585 -0.006207048 0.01530331 0.03764593 -0.006531476 0.01608002 0.03644585 -0.006207048 0.01587879 0.03636521 -0.006207048 0.01651531 0.03446048 -0.006531476 0.01672458 0.03451699 -0.006207048 0.01664382 0.03395414 -0.006531476 0.01713871 0.03252589 -0.006207048 0.01692426 0.0324943 -0.006207048 0.01709997 0.03049373 -0.006531476 0.01731663 0.03049999 -0.006207048 0.017107 0.03005385 -0.006531476 0.0172559 0.02846717 -0.006207048 0.01704001 0.02848637 -0.006207048 0.0167452 0.02649986 -0.006531476 0.0169574 0.02645552 -0.006207048 0.01666837 0.02615076 -0.006531476 0.01642513 0.02449268 -0.006207048 0.01621961 0.02456158 -0.006207048 0.01547056 0.02269828 -0.006531476 0.0156666 0.02260577 -0.006207048 0.01535117 0.02245056 -0.006531476 0.01469206 0.02082073 -0.006207048 0.01450824 0.02093559 -0.006207048 0.01334601 0.01929777 -0.006531476 0.01351511 0.01916217 -0.006207048 0.01199984 0.01780754 -0.006531476 0.01215189 0.01765304 -0.006207048 0.01048833 0.01648527 -0.006531476 0.01062124 0.01631402 -0.006207048 0.008832216 0.0153492 -0.006207048 0.007389128 0.01457101 -0.006914198 0.01066792 0.01625388 -0.006914198 0.0122053 0.01759874 -0.006914198 0.01357448 0.01911455 -0.006914198 0.01475661 0.02078038 -0.006914198 0.01573538 0.02257329 -0.006914198 0.01649731 0.02446848 -0.006914198 0.0170319 0.02643996 -0.006914198 0.01733171 0.02846044 -0.006914198 0.01739275 0.0305022 -0.006914198 0.017214 0.03253698 -0.006914198 0.01679807 0.03453683 -0.006914198 0.01615065 0.03647416 -0.006914198 0.01528066 0.03832226 -0.006914198 0.01420009 0.04005569 -0.006914198 0.01292377 0.04165053 -0.006914198 0.01146936 0.0430848 -0.006914198 0.009856939 0.04433876 -0.006914198 0.008108615 0.04539507 -0.006914198 0.006248593 0.04623925 -0.006914198 0.004302442 0.04685968 -0.006914198 0.002296984 0.0472477 -0.006914198 2.59913e-4 0.04739803 -0.006914198 -0.001780748 0.04730862 -0.006914198 -0.003796875 0.04698067 -0.006914198 -0.005760729 0.04641866 -0.006914198 -0.00764513 0.04563045 -0.006914198 -0.009424209 0.04462677 -0.006914198 -0.01107341 0.04342156 -0.006914198 -0.01256996 0.0420314 -0.006914198 -0.01389336 0.04047536 -0.006914198 -0.01502525 0.03877502 -0.009085774 -0.01502525 0.03877502 -0.009085774 -0.01595008 0.03695374 -0.009085774 -0.01389336 0.04047536 -0.009085774 -0.01256996 0.0420314 -0.009085774 -0.01107341 0.04342156 -0.009085774 -0.009424209 0.04462677 -0.009085774 -0.00764513 0.04563045 -0.009085774 -0.005760729 0.04641866 -0.009085774 -0.003796875 0.04698067 -0.009085774 -0.001780748 0.04730862 -0.009085774 2.59913e-4 0.04739803 -0.009085774 0.002296984 0.0472477 -0.009085774 0.004302442 0.04685968 -0.009085774 0.006248593 0.04623925 -0.009085774 0.008108615 0.04539507 -0.009085774 0.009856939 0.04433876 -0.009085774 0.01146936 0.0430848 -0.009085774 0.01292377 0.04165053 -0.009085774 0.01420009 0.04005569 -0.009085774 0.01528066 0.03832226 -0.009085774 0.01615065 0.03647416 -0.009085774 0.01679807 0.03453683 -0.009085774 0.017214 0.03253698 -0.009085774 0.01739275 0.0305022 -0.009085774 0.01733171 0.02846044 -0.009085774 0.0170319 0.02643996 -0.009085774 0.01649731 0.02446848 -0.009085774 0.01573538 0.02257329 -0.009085774 0.01475661 0.02078038 -0.009085774 0.01357448 0.01911455 -0.009085774 0.0122053 0.01759874 -0.009085774 0.01066792 0.01625388 -0.009085774 0.008983433 0.01509839 -0.009085774 0.007175207 0.01414829 0.008267581 -0.01559132 0.03297162 0.001999974 -0.01438748 0.03599995 0.003087043 -0.01442778 0.03592574 0.006532073 -0.01505523 0.03459239 0.006737411 -0.01511335 0.03444641 0.005555629 -0.01480704 0.03516638 0.004512548 -0.01460027 0.03559517 0.004152238 -0.01454424 0.03570502 0.008239805 -0.01494395 0.03300637 0.008275806 -0.01502704 0.03296118 0.008321404 -0.01511752 0.03290301 0.008280634 -0.01504325 0.03295505 0.008294165 -0.01510101 0.03293788 0.008304238 -0.01517188 0.032925 0.008373916 -0.01531732 0.03283452 0.008304893 -0.01517874 0.03292423 0.008307814 -0.01531648 0.03292042 0.00839287 -0.01553988 0.03280943 0.008301675 -0.01539671 0.03292834 0.008293867 -0.0154556 0.0329383 0.00839287 -0.01563221 0.03280943 0.008277177 -0.01554489 0.03295952 0.008268773 -0.01558518 0.03297007 0.007606387 -0.01537728 0.03370684 0.008589684 -0.01569622 0.03253597 0.009166419 -0.0158745 0.03155553 0.008398115 -0.01553988 0.03280943 0.008289039 -0.01492387 0.03303742 0.008240938 -0.01491528 0.03302848 0.008325278 -0.0149458 0.03306341 0.008315324 -0.01524639 0.03294193 0.008340656 -0.0149756 0.0331 0.008268415 -0.01554435 0.03297227 0.008287549 -0.01527225 0.03302437 0.008087992 -0.01469242 0.0336669 0.008065223 -0.01473492 0.03365421 0.008194684 -0.01478743 0.03349846 0.008023679 -0.01456862 0.03357136 0.008058071 -0.01457262 0.03360718 0.008194029 -0.0146299 0.03342717 0.008150756 -0.01462793 0.0333991 0.008275151 -0.01475077 0.03321695 0.008226215 -0.01474577 0.03320163 0.008311092 -0.01477545 0.03324437 0.008324503 -0.01481336 0.03327649 0.008225739 -0.01465564 0.0334587 0.00823754 -0.01469832 0.03348523 0.008083939 -0.01459974 0.03364008 0.008094787 -0.01464331 0.03366178 0.008230865 -0.0147646 0.03317779 0.008226156 -0.01474654 0.03349983 0.008276522 -0.01488769 0.03332209 0.008311867 -0.01485437 0.03330492 0.008299946 -0.01502925 0.03316873 0.008331477 -0.01500588 0.03313827 0.008311688 -0.01526147 0.03298592 -0.004163563 -0.01491707 0.03599995 -0.004758775 -0.01454997 0.03627383 -0.004467189 -0.01464223 0.03608769 -0.004332065 -0.01454997 0.03607141 -0.005120158 -0.01454997 0.03670406 -0.005013287 -0.01454997 0.03651779 -0.003832042 -0.01454997 0.03599995 -0.004713535 -0.01449996 0.03627389 -0.004331529 -0.01444905 0.03610122 -0.004581689 -0.01426714 0.03633403 -0.003786981 -0.01449996 0.03599995 -0.003685772 -0.01438748 0.03599995 -0.004287004 -0.01449996 0.03607147 -0.003988146 -0.01411557 0.03608638 -0.004967927 -0.01449996 0.03651785 -0.004735291 -0.01412832 0.03669708 -0.005074441 -0.01449996 0.03670322 -0.004238247 -0.01389068 0.03633064 -0.004392862 -0.01375162 0.03669059 -0.001851558 -0.01438748 0.03599995 -0.00173062 -0.01438748 0.03599995 -0.003685772 -0.01364111 0.03633439 -0.003685772 -0.01348823 0.0365625 -0.004068434 -0.01355671 0.03659576 -0.003989517 -0.01370573 0.03633439 -0.003852188 -0.01401394 0.03608739 -0.003685772 -0.01397854 0.03608739 -0.004392862 -0.01255804 0.0387274 -0.004392862 0.009298145 0.01785844 -0.004392862 0.007322788 0.01657432 -0.005291044 0.007357358 0.01557701 -0.004392862 0.01063048 0.01900607 -0.004392862 0.01182222 0.02029913 -0.004392862 0.01285773 0.0217204 -0.004392862 0.01372319 0.02325117 -0.004392862 0.01440721 0.02487117 -0.004392862 0.01490068 0.02655893 -0.004392862 0.01519721 0.02829223 -0.004392862 0.01529276 0.03004813 -0.004392862 0.01518619 0.03180336 -0.004392862 0.01487874 0.03353476 -0.004392862 0.01437461 0.03521943 -0.004392862 0.01368039 0.03683507 -0.004392862 0.01280528 0.03836035 -0.004392862 0.01176089 0.03977513 -0.004392862 0.01056098 0.04106062 -0.004392862 0.009221434 0.04219985 -0.004392862 0.007759988 0.04317778 -0.004392862 0.006195902 0.04398149 -0.004392862 0.00454992 0.0446003 -0.004392862 0.002843797 0.04502612 -0.004392862 0.001100063 0.04525327 -0.004392862 -6.58231e-4 0.04527866 -0.004392862 -0.002407789 0.04510211 -0.004392862 -0.005788743 0.04415494 -0.004392862 -0.007375419 0.04339683 -0.004392862 -0.008864581 0.04246157 -0.004392862 -0.004125535 0.04472589 -0.004392862 -0.01147311 0.0401113 -0.004392862 -0.0102365 0.04136157 -0.00327152 0.005999982 0.01499998 -0.003279566 0.006000041 0.01501101 -0.003277063 0.005999982 0.01501214 -0.003357827 0.006005108 0.01511931 -0.003330886 0.006004691 0.01513147 -0.003756344 0.006169795 0.01566976 -0.003607094 0.006156921 0.01574289 -0.004084765 0.00652641 0.01612257 -0.00384134 0.006496012 0.01626056 -0.004333257 0.007058799 0.01646459 -0.004026174 0.007024168 0.01666855 -0.003274559 0.006000041 0.01501327 -0.003303945 0.006005108 0.01514363 -0.003453671 0.006169795 0.01580655 -0.003576993 0.00652641 0.01635223 -0.003670334 0.007058799 0.0167647 0.01602333 0.005414187 0.007246494 0.02093547 5.85786e-4 0.008006334 0.01668232 0.005414187 0.005563974 0.0212627 5.85786e-4 0.007091641 0.01716524 0.005414187 0.003822743 0.01339262 0.005414187 0.01139724 0.01571583 0.003810226 0.01101166 0.01420646 0.005414187 0.01036506 0.01519513 0.005414187 0.008852541 0.01796036 0.002064704 0.01075685 0.01971179 5.85786e-4 0.01066964 0.0199871 5.85786e-4 0.01014447 -0.0140168 0.005414187 0.01062011 -0.01300013 0.004608869 0.01300877 -0.01297813 0.005414187 0.01186704 0.01758414 0.005414187 2.37954e-4 0.02238351 5.85786e-4 -0.001172363 0.01751571 0.005414187 -0.001567721 0.02232491 5.85786e-4 -0.001998126 0.01726239 0.005414187 -0.003356814 0.02165579 5.85786e-4 0.005781054 0.02214038 5.85786e-4 0.003492832 0.0174669 0.005414187 0.002041101 0.02226269 5.85786e-4 0.002601504 0.0223838 5.85786e-4 0.001166522 0.01621353 0.005414187 -0.006810247 0.01998448 5.85786e-4 -0.01014965 0.01542907 0.005414187 -0.00843811 0.01966536 5.85786e-4 -0.01075494 0.01448172 0.005414187 -0.009976863 0.02213943 5.85786e-4 -0.003498613 0.0216543 5.85786e-4 -0.005786716 0.0168268 0.005414187 -0.005110561 0.02144682 5.85786e-4 -0.006513714 0.02093338 5.85786e-4 -0.008011817 0.01213997 0.005414187 -0.0127232 0.01415073 5.85786e-4 -0.01738256 0.01077026 0.005414187 -0.01390177 0.01372742 5.85786e-4 -0.01771873 0.00928688 0.005414187 -0.01493364 0.01881796 5.85786e-4 -0.01217699 0.01744651 5.85786e-4 -0.01407176 0.01338148 0.005414187 -0.01141023 0.01705557 5.85786e-4 -0.01454311 0.01588511 5.85786e-4 -0.01581323 0.00604254 0.005414187 -0.01651501 0.005884885 5.85786e-4 -0.02162784 0.004315912 0.005414187 -0.01704794 0.005500972 5.85786e-4 -0.02172869 0.002543747 0.005414187 -0.0174008 0.01226222 5.85786e-4 -0.01876252 0.01024019 5.85786e-4 -0.01993823 0.00770539 0.005414187 -0.01580774 0.009820997 5.85786e-4 -0.02014803 0.008106648 5.85786e-4 -0.02089685 -0.001062154 0.005414187 -0.01755362 -0.003392398 5.85786e-4 -0.022156 -0.002857863 0.005414187 -0.01735198 -0.003642499 5.85786e-4 -0.02211624 -0.004623353 0.005414187 -0.01696711 0.003598988 5.85786e-4 -0.02212333 0.00127387 5.85786e-4 -0.02237796 7.44735e-4 0.005414187 -0.01756995 9.49213e-4 5.85786e-4 -0.02239406 -0.001065015 5.85786e-4 -0.02238887 -0.005682766 5.85786e-4 -0.02168184 -0.007911324 5.85786e-4 -0.02097153 -0.006340086 0.005414187 -0.01640313 -0.00808084 5.85786e-4 -0.0209068 -0.007989823 0.005414187 -0.01566594 -0.01005369 5.85786e-4 -0.02003294 -0.00955522 0.005414187 -0.01476335 -0.01208662 5.85786e-4 -0.01887613 -0.01101976 0.005414187 -0.01370483 -0.01398789 5.85786e-4 -0.01751381 -0.01236796 0.005414187 -0.01250171 -0.01573687 5.85786e-4 -0.01596075 -0.01358556 0.005414187 -0.01116651 -0.01731449 5.85786e-4 -0.01423394 -0.0146597 0.005414187 -0.00971347 -0.01870352 5.85786e-4 -0.01235204 -0.0155791 0.005414187 -0.008157849 -0.01988893 5.85786e-4 -0.01033568 -0.01633399 0.005414187 -0.006516098 -0.02085769 5.85786e-4 -0.008206784 -0.01691639 0.005414187 -0.004805564 -0.02159935 5.85786e-4 -0.005988538 -0.01732027 0.005414187 -0.003044307 -0.02207577 5.85786e-4 -0.003880143 -0.02210587 5.85786e-4 -0.003705024 -0.01754122 0.005414187 -0.001250863 -0.02237159 5.85786e-4 -0.001381158 -0.01757699 0.005414187 5.55731e-4 -0.022403 5.85786e-4 7.08315e-4 -0.0223937 5.85786e-4 9.57661e-4 -0.01742714 0.005414187 0.002356469 -0.02217197 5.85786e-4 0.003286063 -0.01709336 0.005414187 0.00413233 -0.02178657 5.85786e-4 0.005266964 -0.02170884 5.85786e-4 0.005578756 -0.01657903 0.005414187 0.00586462 -0.02100926 5.85786e-4 0.007810652 -0.0158897 0.005414187 0.007534921 -0.02025246 5.85786e-4 0.009603738 -0.02008092 5.85786e-4 0.009957551 -0.01503264 0.005414187 0.009125709 -0.01893389 5.85786e-4 0.01199597 -0.01786535 5.85786e-4 0.01353603 0.01724642 -0.01603174 0.01953244 0.01753354 -0.01263487 0.01523441 0.01724642 -0.01258522 0.01557087 0.01724642 -0.01427072 0.01723545 0.01724642 -0.01477771 0.01782608 0.01724642 -0.01825356 0.02422136 0.01724642 -0.01742643 0.02206867 0.01724642 -0.01694864 0.0210933 0.01435655 -0.02228391 0.02118426 0.01490503 -0.02210605 0.0204674 0.01607674 -0.02137231 0.01868033 0.01628351 -0.02117222 0.01832318 0.01633393 -0.02111881 0.02999997 0.01728534 -0.0193507 0.029109 0.01727986 -0.01937294 0.02999997 0.01715272 -0.01978445 0.02999997 0.01735633 -0.01898926 0.02631574 0.01712775 -0.01985043 0.01670479 0.01727092 -0.01940774 0.01640123 0.01731109 -0.01923841 0.01631438 0.01737767 -0.01882183 0.01616883 0.01731628 -0.01921397 0.02762204 0.01699185 -0.02016019 0.02999997 0.01693058 -0.02028006 0.01710784 0.01664334 -0.02074104 0.01766663 0.01507705 -0.02203142 0.02022796 0.01560127 -0.02173978 0.01945143 0.01378911 -0.022381 0.0218569 0.01492106 -0.02098578 0.03099995 0.01492106 -0.02137064 0.03092294 0.01502215 -0.02135711 0.03092294 0.01510775 -0.02167123 0.03070372 0.0153895 -0.0217821 0.03038263 0.01527959 -0.02159523 0.03070706 0.01511508 -0.02131563 0.03092384 0.01721853 -0.01928883 0.03039032 0.01727283 -0.01936328 0.03013479 0.0171411 -0.01918351 0.03056901 0.01714688 -0.01915872 0.02889442 0.01719003 -0.01894378 0.02700424 0.01723855 -0.01853203 0.02513873 -0.01248174 -0.03466647 0.01978439 -0.01322513 -0.03534865 0.01880776 -0.01238411 -0.03487807 0.01987195 -0.01235383 -0.03493964 0.01989358 -0.01318609 -0.03539967 0.0188288 -0.01292032 -0.03571468 0.01893705 -0.01214331 -0.03532558 0.01999151 -0.01261895 -0.03601664 0.0190047 -0.01189577 -0.03570818 0.02002269 -0.0125553 -0.03607445 0.01901316 -0.01184231 -0.03578311 0.02002054 -0.01222717 -0.03634572 0.01902937 -0.01156002 -0.03614282 0.01996707 -0.01125895 -0.03647321 0.01983916 -0.01094716 -0.03680133 0.01962214 -0.01039582 -0.0372895 0.01935046 -0.009784221 -0.03772217 0.01917541 -0.009406208 -0.03794252 0.01911866 -0.008722662 -0.03826296 0.01909536 -0.007998406 -0.03850549 0.01916164 -0.007759034 -0.03856551 0.01920104 -0.006963014 -0.03869736 0.0193867 -0.006156742 -0.03872835 0.01965272 0.001063823 -0.03859227 0.02097719 0.002124905 -0.03859227 0.02089637 0.003788769 -0.03872835 0.02024304 0.002044439 -0.03892177 0.02010506 0 -0.03892177 0.02020871 -0.002044439 -0.03892177 0.02010506 -0.004067957 -0.03892177 0.01979506 -0.004228055 -0.03859227 0.02057421 -0.002124905 -0.03859227 0.02089637 -0.001063823 -0.03859227 0.02097719 -5.32093e-4 -0.03859227 0.0209974 5.32093e-4 -0.03859227 0.0209974 2.66068e-4 -0.03859227 0.02100247 0 -0.03859227 0.02100414 -2.66068e-4 -0.03859227 0.02100247 0.008306086 -0.03699326 0.02072411 0.009078919 -0.03644979 0.02081197 0.006060957 -0.03834903 0.02004545 0.005739867 -0.03845494 0.02003175 0.004951238 -0.03863966 0.02006012 0.004145622 -0.03872382 0.02017015 0.007700443 -0.03748464 0.02041286 0.007461011 -0.03764945 0.0203213 0.006780862 -0.03804111 0.02013832 0.01035714 -0.03481459 0.02077937 0.009865224 -0.03450423 0.02169406 0.009690046 -0.03492057 0.02179932 0.01016372 -0.03515601 0.02089339 0.01089906 -0.03549098 0.02022445 0.009935557 -0.03549855 0.02095597 0.01061671 -0.03580003 0.02028876 0.009886026 -0.03556621 0.02096217 0.0105561 -0.03585952 0.02029699 0.009610414 -0.03590911 0.02095937 0.01022368 -0.03615254 0.02031534 0.009304523 -0.03623628 0.0208956 0.009865164 -0.03641879 0.02029252 0.009257793 -0.0362823 0.02088081 0.009811341 -0.03645521 0.02028554 0.00947678 -0.0353353 0.02182948 0.009429872 -0.03541684 0.0218265 0.009166061 -0.03582769 0.02176308 0.00886923 -0.03621608 0.02161765 0.008823573 -0.03627038 0.02158927 0.01299995 -0.005466401 0.02247613 0.01299995 -0.002873837 0.02115517 0.01299995 0 0.02069997 0.01299995 0.002873837 0.02115517 0.01299995 0.005466401 0.02247613 0.01299995 0.007523834 0.02453356 0.01299995 0.008844792 0.02712613 0.01299995 0.009299993 0.02999997 0.01299995 0.008844792 0.0328738 0.01299995 0.007523834 0.03546637 0.01299995 0.005466401 0.0375238 0.01299995 0.002873837 0.03884482 0.01299995 0 0.03929996 0.01299995 -0.002873837 0.03884482 0.01299995 -0.005466401 0.0375238 0.01299995 -0.007523834 0.03546637 0.01299995 -0.008844792 0.0328738 0.01299995 -0.009299993 0.02999997 0.01299995 -0.008844792 0.02712613 0.01299995 -0.007523834 0.02453356 0.00938785 -0.0158745 0.03126162 0.009700536 -0.0158745 0.03106766 0.01006221 -0.0158745 0.03099995 0.009753942 -0.01545107 0.03114813 0.009487569 -0.01543033 0.03131258 0.009299516 -0.01539891 0.03156167 0.009302377 -0.01539367 0.03156238 0.009733378 -0.01505249 0.03153502 0.01006221 -0.01488232 0.03187495 0.009628117 -0.01503294 0.03167855 0.009625732 -0.01503449 0.0316776 0.009885787 -0.01506435 0.03144091 0.01006221 -0.01545828 0.03109067 0.01006221 -0.01506847 0.03140807 -0.01249998 0.005999982 0.01252329 -0.01251071 0.005999982 0.01226234 -0.01259309 0.005771934 0.01210844 -0.01249998 0.005315959 0.01350891 -0.0125603 0.005036711 0.01331138 -0.01273399 0.00479108 0.01313769 -0.01275372 0.005569517 0.01197183 -0.01320081 0.005999982 0.009768784 -0.01333016 0.005999982 0.009399652 -0.01335173 0.005965948 0.0097602 -0.01349395 0.005999982 0.008921205 -0.01349997 0.005999982 0.008903324 -0.01293581 0.005999982 0.01053142 -0.01318579 0.005828976 0.01069951 -0.01288789 0.005999982 0.01067483 -0.01287209 0.005993723 0.01074546 -0.01286202 0.005999982 0.01075381 -0.01281625 0.005848944 0.01131343 -0.01267349 0.005999982 0.01138448 -0.01262867 0.005999982 0.01156228 -0.01308912 0.005681157 0.01124298 0.01311278 0.005595564 0.01140302 -0.01447796 0.005847752 0.008789002 -0.01349967 0.005847752 0.01022827 0.01294851 0.005982875 0.01011776 0.01285451 0.005847156 0.01103031 0.0136823 0.005847752 0.009982645 0.01281672 0.005742907 0.01139903 -0.01382374 0.005999982 0.008391857 -0.01461189 0.005999982 0.00692898 -0.01530343 0.005847752 0.007256925 -0.01524579 0.005999982 0.005392968 -0.01596736 0.005847752 0.005648195 -0.01571875 0.005999982 0.003800034 -0.01646268 0.005847752 0.003979861 -0.01602572 0.005999982 0.002166986 -0.01678419 0.005847752 0.002269506 -0.01616346 0.005999982 5.1104e-4 -0.01692843 0.005847752 5.35227e-4 -0.01613056 0.005999982 -0.00115025 -0.01689404 0.005847752 -0.001204729 -0.01592737 0.005999982 -0.002799451 -0.01668119 0.005847752 -0.002931952 -0.01555603 0.005999982 -0.004419088 -0.01629227 0.005847752 -0.004628241 -0.01502043 0.005999982 -0.005992114 -0.01573133 0.005847752 -0.006275713 -0.01432627 0.005999982 -0.00750184 -0.01500427 0.005847752 -0.007856845 -0.01348078 0.005999982 -0.008932352 -0.01411885 0.005847752 -0.009355068 -0.01249301 0.005999982 -0.01026856 -0.01308429 0.005847752 -0.01075452 -0.01137334 0.005999982 -0.0114963 -0.01191163 0.005847752 -0.01204043 -0.01013356 0.005999982 -0.01260274 -0.0106132 0.005847752 -0.01319921 -0.008786857 0.005999982 -0.01357609 -0.009202718 0.005847752 -0.01421862 -0.007347285 0.005999982 -0.01440608 -0.007695019 0.005847752 -0.0150879 -0.005830228 0.005999982 -0.01508402 -0.006106138 0.005847752 -0.01579791 -0.004251539 0.005999982 -0.01560264 -0.004452764 0.005847752 -0.01634109 -0.002628028 0.005999982 -0.01595658 -0.002752423 0.005847752 -0.01671177 -9.76756e-4 0.005999982 -0.01614201 -0.001022934 0.005847752 -0.01690602 6.84845e-4 0.005999982 -0.01615703 7.17258e-4 0.005847752 -0.01692169 0.002339184 0.005999982 -0.01600146 0.00244987 0.005847752 -0.01675879 0.003968834 0.005999982 -0.01567697 0.004156708 0.005847752 -0.01641893 0.005556643 0.005999982 -0.0151869 0.005819618 0.005847752 -0.01590567 0.00708574 0.005999982 -0.01453655 0.007421076 0.005847752 -0.01522451 0.008540034 0.005999982 -0.01373267 0.008944213 0.005847752 -0.0143826 0.009904146 0.005999982 -0.01278382 0.01037287 0.005847752 -0.01338887 0.01116371 0.005999982 -0.01170003 0.01169204 0.005847752 -0.01225376 0.01230537 0.005999982 -0.01049268 0.01288777 0.005847752 -0.01098924 0.01331716 0.005999982 -0.009174525 0.01394742 0.005847752 -0.009608745 0.01418828 0.005999982 -0.007759511 0.01485979 0.005847752 -0.008126795 0.01490968 0.005999982 -0.0062626 0.01561534 0.005847752 -0.006559014 0.0154736 0.005999982 -0.004699528 0.01620596 0.005847752 -0.004921972 0.0158742 0.005999982 -0.003086864 0.01662546 0.005847752 -0.003233015 0.01610714 0.005999982 -0.001441657 0.01686948 0.005847752 -0.001509845 0.01617008 0.005999982 2.18818e-4 0.01693534 0.005847752 2.29174e-4 0.01606225 0.005999982 0.00187695 0.01682245 0.005847752 0.001965761 0.01578485 0.005999982 0.003515303 0.01653188 0.005847752 0.003681659 0.0153408 0.005999982 0.005116522 0.01606684 0.005847752 0.005358695 0.01473474 0.005999982 0.006663739 0.01543211 0.005847752 0.006979167 0.01397317 0.005999982 0.008140623 0.01463449 0.005847752 0.008525907 0.01306402 0.005999982 0.009531497 0.01299995 0.005999982 0.009618699 -0.01249998 0.005999982 0.01625227 -0.01249998 0.006099998 0.01629632 -0.0123142 0.005999982 0.01625227 -0.0123142 0.006099998 0.01629632 0.0125662 0.005957067 0.01144409 0.01267302 0.005829572 0.01141542 0.01267337 0.005943477 0.01105636 0.01254379 0.005999982 0.01145482 0.01263856 0.005999982 0.01097011 0.01270598 0.005999982 0.01069271 0.01285892 0.005999982 0.01012492 0.01299566 0.005999982 0.009634315 -0.01566123 -0.02089995 0.01738888 -0.0159803 -0.02027863 0.01774311 -0.0163961 -0.01980191 0.0182048 -0.01281994 -0.03249996 0.01952654 -0.01280051 -0.03302496 0.01954156 -0.01269006 -0.03385305 0.01962673 0.01012998 -0.03331345 0.02152395 0.009979009 -0.03411 0.02162158 0.01048147 -0.03435868 0.02071136 0.01064628 -0.03343874 0.02061963 0.01018089 -0.03249996 0.02149057 0.0104019 -0.03249996 0.02101665 0.01070183 -0.03249996 0.02058827 0.01206094 -0.02389997 0.02005445 0.01230669 -0.02327865 0.02046304 0.01262688 -0.02280187 0.02099549 0.01769322 -0.01839995 0.01482594 0.01747417 -0.01839995 0.01545631 0.01744425 -0.01891791 0.01550227 0.01255977 -0.02391755 0.01971548 0.01304453 -0.02283155 0.0206328 0.0133081 -0.02384585 0.01917022 0.01405447 -0.0236541 0.01857912 0.01429301 -0.02356588 0.0183795 0.01503235 -0.02319931 0.01772534 0.01571816 -0.02270907 0.01706641 0.01602059 -0.02243393 0.01675838 0.01655262 -0.02182799 0.01618808 0.01698237 -0.02116632 0.01569885 0.01727962 -0.02054107 0.01534396 0.01749676 -0.01989102 0.01507568 0.01755785 -0.01964128 0.01499873 0.01765918 -0.0190252 0.01486968 0.01735496 -0.01942777 0.01563799 0.0173012 -0.01963412 0.01571881 0.01711022 -0.02017027 0.01600098 0.01684921 -0.02068364 0.01637452 0.01647293 -0.02122336 0.01689004 0.01600873 -0.02171254 0.01749187 0.01574575 -0.02193236 0.01781737 0.01515185 -0.02231824 0.01851481 0.01451581 -0.02259802 0.0192089 0.01431161 -0.02266311 0.0194211 0.01367616 -0.02279669 0.02005058 0.0176655 -0.0123732 0.0148856 0.01804125 -0.01179391 0.01426577 0.01726806 -0.01244592 0.01543462 0.01736551 -0.01217329 0.01516866 0.02256864 -6.30603e-5 0.003560364 0.02207314 -6.30603e-5 -0.005898654 0.01778399 -6.30603e-5 -0.01434391 0.01043826 -6.30603e-5 -0.02032387 0.001298546 -6.30603e-5 -0.02281081 -0.008064329 -6.30603e-5 -0.0213772 -0.0193001 -6.30603e-5 0.01222801 0.02031034 -5.13679e-4 0.0107398 0.02010065 9.21668e-5 0.01070916 -0.0204693 -6.30603e-5 0.01015013 -0.02141565 -6.30603e-5 0.00796175 -0.0221287 -6.30603e-5 0.00568664 -0.02260082 -6.30603e-5 0.003349661 -0.02282685 -6.30603e-5 9.76185e-4 -0.02280431 -6.30603e-5 -0.001407921 -0.02253341 -6.30603e-5 -0.003776669 -0.02201718 -6.30603e-5 -0.00610435 -0.02126115 -6.30603e-5 -0.008365511 -0.02027362 -6.30603e-5 -0.01053559 -0.01906532 -6.30603e-5 -0.012591 -0.01764935 -6.30603e-5 -0.01450926 -0.01604127 -6.30603e-5 -0.0162695 -0.01425844 -6.30603e-5 -0.0178526 -0.01232039 -6.30603e-5 -0.01924127 -0.01024818 -6.30603e-5 -0.02042043 -0.003457963 -6.30603e-5 -0.02258455 -0.005792737 -6.30603e-5 -0.02210122 -0.001085638 -6.30603e-5 -0.0228219 0.005998671 -6.30603e-5 -0.0220462 0.003668606 -6.30603e-5 -0.02255129 0.008263468 -6.30603e-5 -0.02130103 0.01442444 -6.30603e-5 -0.01771873 0.01249939 -6.30603e-5 -0.01912546 0.01619237 -6.30603e-5 -0.01611912 0.02037101 -6.30603e-5 -0.01034599 0.01918196 -6.30603e-5 -0.01241254 0.02133828 -6.30603e-5 -0.00816679 0.02281647 -6.30603e-5 -0.001195073 0.02256768 -6.30603e-5 -0.003566265 0.02281677 -6.30603e-5 0.001189112 0.02134042 -6.30603e-5 0.008161246 0.02207469 -6.30603e-5 0.005892872 0.0203737 -6.30603e-5 0.01034069 -0.01816612 -0.001547932 0.01402205 -0.01798826 -0.003100574 0.01424974 -0.01768511 -0.004612326 0.01462459 -0.01737052 -0.005708336 0.01499712 -0.01684194 -0.00706923 0.01558828 -0.01686626 -0.009916365 0.01611167 -0.01765584 -0.01008993 0.01516473 -0.01841711 -0.01039028 0.01414996 -0.0185483 -0.01045674 0.01396346 -0.01929956 -0.01093542 0.01281696 -0.01996612 -0.01153707 0.0116651 -0.01741182 -0.01096683 0.01684898 -0.01808571 -0.01108163 0.01584768 -0.01874077 -0.01130449 0.01477771 -0.01885414 -0.01135534 0.01458132 -0.01950585 -0.01172965 0.01337593 -0.02008742 -0.01221179 0.01216757 -0.0205782 -0.01278448 0.01101899 -0.02066922 -0.0129159 0.01078969 -0.02097129 -0.0134437 0.009984791 -0.02118027 -0.01395153 0.009381294 -0.02129405 -0.01434177 0.009033679 -0.02052605 -0.01224082 0.01056849 -0.0206297 -0.01240128 0.01034933 -0.02097308 -0.01304268 0.009579718 -0.02121019 -0.01365679 0.009002268 -0.02133905 -0.01412719 0.008669495 -0.021425 -0.01459103 0.008439183 -0.02146774 -0.01498889 0.008322119 -0.02148252 -0.01539999 0.008281111 -0.0214715 -0.01575458 0.008311629 -0.02144378 -0.01606428 0.008387923 -0.02136993 -0.01472711 0.008793175 -0.0214076 -0.01505798 0.008670926 -0.02142065 -0.01539999 0.008628129 -0.02141094 -0.01569503 0.008659958 -0.0213865 -0.01595258 0.00873959 -0.02132445 -0.0163241 0.008938193 -0.02129441 -0.01645648 0.009032368 -0.02116012 -0.01690614 0.009441435 -0.02097743 -0.01734364 0.009967744 -0.02093589 -0.01742762 0.01008301 -0.02080142 -0.01767325 0.01044631 -0.02042567 -0.01821529 0.01139086 -0.0202372 -0.01843345 0.01183122 -0.02137351 -0.0165112 0.008578062 -0.02133953 -0.0166707 0.008668243 -0.0211873 -0.01721286 0.009059846 -0.02098 -0.01774197 0.009563446 -0.02093285 -0.01784378 0.009673655 -0.02078002 -0.01814204 0.01002109 -0.0203523 -0.01880365 0.01092368 -0.02013725 -0.01907181 0.01134419 -0.0195111 -0.01969474 0.01246684 -0.01879817 -0.02020335 0.01359748 -0.01646053 -0.02092224 0.01656252 -0.01726299 -0.02081298 0.01564806 -0.01800626 -0.02058905 0.01471132 -0.01706796 -0.01984989 0.01732677 -0.01774966 -0.01978933 0.01635837 -0.0183866 -0.01963037 0.01536923 -0.01907044 -0.01933658 0.01419627 -0.01969009 -0.01893526 0.01300841 -0.009792864 0.01621961 0.02456158 -0.009468436 0.01642513 0.02449268 -0.009468436 0.0156666 0.02260577 -0.009792864 0.01692426 0.0324943 -0.009468436 0.01713871 0.03252589 -0.009468436 0.01731663 0.03049999 -0.009792864 0.01396101 0.03988641 -0.009468436 0.01413792 0.0400117 -0.009468436 0.01521378 0.03828585 -0.009792864 0.007972121 0.04513597 -0.009468436 0.008073151 0.04532772 -0.009468436 0.009813785 0.04427599 -0.009792864 2.55537e-4 0.04710519 -0.009468436 2.58775e-4 0.04732191 -0.009468436 0.002286911 0.04717224 -0.009792864 -0.007516443 0.04536736 -0.009468436 -0.007611691 0.04556208 -0.009468436 -0.005735516 0.04634684 -0.009468436 -0.01588028 0.03692334 -0.009357511 0.007201611 0.01420164 -0.009535908 0.007251143 0.0143007 -0.009468436 0.008944153 0.0151636 -0.00964272 0.007296562 0.01439058 -0.009224116 0.007181942 0.01416188 -0.009792864 -0.01600348 0.03604489 -0.009792864 -0.01568156 0.03683668 -0.009468436 -0.01495951 0.03873664 -0.009792864 -0.01477229 0.03862732 -0.009792864 -0.01419311 0.03955024 -0.009468436 -0.01383256 0.04042959 -0.009792864 -0.01365947 0.04029905 -0.009468436 -0.012515 0.04197877 -0.009792864 -0.01235836 0.04182887 -0.009792864 -0.01162791 0.04254764 -0.009468436 -0.01102495 0.04336285 -0.009792864 -0.01088702 0.04319566 -0.009468436 -0.009382963 0.04456281 -0.009792864 -0.009265542 0.0443806 -0.009792864 -0.008444249 0.0448777 -0.009792864 -0.003732979 0.04669481 -0.009792864 -0.004811525 0.04641652 -0.009792864 -0.005663752 0.04614228 -0.009468436 -0.003780305 0.04690635 -0.009468436 -0.00177294 0.04723286 -0.009792864 -0.001750767 0.04701727 -0.009792864 -9.22879e-4 0.04708218 -0.009792864 0.004230022 0.04657584 -0.009792864 0.003014802 0.04683929 -0.009792864 0.0022583 0.04695737 -0.009468436 0.004283607 0.04678589 -0.009468436 0.006221234 0.0461682 -0.009792864 0.006143391 0.0459659 -0.009792864 0.006792247 0.0457009 -0.009792864 0.0112763 0.04286456 -0.009792864 0.01020836 0.04372739 -0.009792864 0.009690999 0.04409736 -0.009468436 0.01141923 0.04302757 -0.009468436 0.01286721 0.04159957 -0.009792864 0.01270622 0.04145443 -0.009792864 0.01308161 0.04102379 -0.009792864 0.01587879 0.03636521 -0.009792864 0.01525908 0.03773391 -0.009792864 0.01502341 0.03818219 -0.009468436 0.01608002 0.03644585 -0.009468436 0.01672458 0.03451699 -0.009792864 0.01651531 0.03446048 -0.009792864 0.01662498 0.03403264 -0.009792864 0.01704001 0.02848637 -0.009792864 0.01710671 0.03011697 -0.009792864 0.01709997 0.03049373 -0.009468436 0.0172559 0.02846717 -0.009468436 0.0169574 0.02645552 -0.009792864 0.0167452 0.02649986 -0.009792864 0.01667857 0.02619504 -0.009792864 0.01450824 0.02093559 -0.009792864 0.01536339 0.02247548 -0.009792864 0.01547056 0.02269828 -0.009468436 0.01062124 0.01631402 -0.009468436 0.01215189 0.01765304 -0.009468436 0.01351511 0.01916217 -0.009468436 0.01469206 0.02082073 -0.009792864 0.01334601 0.01929777 -0.009792864 0.01199984 0.01780754 -0.009792864 0.01048833 0.01648527 -0.009792864 0.008832216 0.0153492 -0.009792864 0.007389128 0.01457101 -0.01073735 0.007356286 0.01560854 -0.01249998 0.006390511 0.01632958 -0.01249998 0.006393313 0.01633268 -0.01240229 0.00645405 0.01636737 -0.01217257 0.00666511 0.01648437 -0.01221835 0.006311476 0.01604288 -0.01249998 0.006153345 0.01590329 -0.01201045 0.006926417 0.0166195 -0.01192724 0.00658065 0.01622235 -0.011716 0.006927192 0.01640444 -0.01249998 0.006099998 0.01568555 -0.005191624 0.006000578 0.0129888 -0.006372272 0.00560683 0.01202148 -0.006605327 0.005999982 0.01234376 -0.006258487 0.005500078 0.01196151 -0.006375133 0.006001055 0.01244652 -0.005722105 0.005505144 0.01222729 -0.006039917 0.006003618 0.01259684 -0.005509853 0.006003081 0.01284015 -0.009085774 0.006200909 0.01319998 -0.009085774 0.005999982 0.01232624 -0.009500801 0.005999982 0.01235795 -0.009380817 0.006189823 0.01319998 -0.009901523 0.005999982 0.01245039 -0.009962081 0.006118893 0.01319998 -0.01111721 0.005999982 0.01319998 -0.01044446 0.006048381 0.01319998 -0.01066362 0.005999982 0.01281976 -0.01043617 0.005999982 0.01267939 -0.006914198 0.005999982 0.01232624 -0.006914198 0.006200909 0.01319998 -0.004882752 0.005999982 0.01319998 -0.005346953 0.006024479 0.01319998 -0.005770623 0.006078362 0.01319998 -0.006499052 0.006179451 0.01319998 -0.01361906 0.005999982 0.003243446 -0.01249998 0.005999982 0.00630474 -0.01249998 0.005499958 0.005098998 0.01361906 0.005999982 0.003243446 0.01313269 0.005499958 0.003127634 -0.01313269 0.005499958 0.003127634 -0.01321762 0.005499958 0.002746641 -0.01399594 0.005999982 -3.3594e-4 -0.0134961 0.005499958 -3.23942e-4 -0.0134685 0.005499958 -9.21273e-4 -0.01344776 0.005999982 -0.003893136 -0.01296746 0.005499958 -0.003754079 -0.01272052 0.005499958 -0.004520833 -0.01201081 0.005999982 -0.007193028 -0.01158183 0.005499958 -0.006936132 -0.01102906 0.005499958 -0.007785141 -0.009779989 0.005999982 -0.01001751 -0.009430706 0.005499958 -0.009659767 -0.008519649 0.005499958 -0.01047205 -0.006902754 0.005999982 -0.01217991 -0.006656229 0.005499958 -0.01174491 -0.005378365 0.005499958 -0.01238232 -0.003569304 0.005999982 -0.01353734 -0.00344187 0.005499958 -0.01305383 -0.001838207 0.005499958 -0.0133742 0 0.005999982 -0.01399999 0 0.005499958 -0.01349997 0.001838207 0.005499958 -0.0133742 0.003569304 0.005999982 -0.01353734 0.00344187 0.005499958 -0.01305383 0.006902754 0.005999982 -0.01217991 0.005378365 0.005499958 -0.01238232 0.006656229 0.005499958 -0.01174491 0.009779989 0.005999982 -0.01001751 0.008519649 0.005499958 -0.01047205 0.009430706 0.005499958 -0.009659767 0.01201081 0.005999982 -0.007193028 0.01102906 0.005499958 -0.007785141 0.01158183 0.005499958 -0.006936132 0.01344776 0.005999982 -0.003893136 0.01272052 0.005499958 -0.004520833 0.01296746 0.005499958 -0.003754079 0.01399594 0.005999982 -3.3594e-4 0.0134685 0.005499958 -9.21273e-4 0.0134961 0.005499958 -3.23942e-4 0.01321762 0.005499958 0.002746641 0.01214003 0.005999982 0.01499998 -0.0115 0.005999982 0.01581686 -0.01129996 0.005999982 0.01559996 -0.01129996 0.005999982 0.01419997 -0.01160711 0.005999982 0.01593327 -0.01119279 0.005999982 0.01379996 -0.01089996 0.005999982 0.01350712 -0.01049995 0.005999982 0.01339995 -0.004698693 0.005999982 0.01339995 -0.002671897 0.005999982 0.01499998 -0.003876864 0.005999982 0.01431727 -0.00904715 0.005999982 0.01068401 -0.002514064 0.006001532 0.01507842 -0.002126455 0.006003439 0.01511776 -0.001810908 0.005999982 0.01499998 8.93834e-4 0.005999982 0.01499998 0.001519381 0.005999982 0.01517158 0.001184165 0.005999982 0.01515609 0.001827836 0.005999982 0.01503932 0.002126574 0.005999982 0.01499998 0.006859898 0.005999982 0.01499998 -0.01186841 0.005999982 0.01613789 -0.01218432 0.005999982 0.01624304 -0.01149195 0.005999982 0.007995903 -0.004793286 0.006001234 0.01339995 -0.00490868 0.006006062 0.01339995 -0.005398631 0.006173908 0.01384186 -0.004978001 0.006648898 0.01529818 -0.004478394 0.006169378 0.01485311 -0.00436896 0.007189869 0.01652073 -0.005899071 0.006665468 0.01429319 -0.006914198 0.006312608 0.01339995 -0.006914198 0.006585657 0.01374036 -0.006701409 0.006304085 0.01339995 -0.006641089 0.006592392 0.0137757 -0.006552696 0.006288528 0.01339995 -0.006470084 0.006603896 0.01383578 -0.006222605 0.006633102 0.01398485 -0.006071805 0.006201267 0.01339995 -0.006294131 0.006246745 0.01339995 -0.005908846 0.006192862 0.01346981 -0.005710959 0.006200611 0.01362717 -0.005886495 0.006160736 0.01339995 -0.00549817 0.006080806 0.01339995 -0.006088495 0.006657481 0.01410549 -0.009085774 0.006312608 0.01339995 -0.009085774 0.006629765 0.01378315 0.008696317 -0.01472365 0.03323167 0.008655726 -0.01477938 0.03316003 0.009025692 -0.01487994 0.03267472 0.008560299 -0.0149492 0.03300255 0.008728086 -0.01523441 0.0325399 0.008478462 -0.0151602 0.03288429 0.008459508 -0.01522392 0.03286069 0.009413421 -0.01471519 0.03290903 0.00887072 -0.01457017 0.03356504 0.00887382 -0.01456862 0.03357136 0.007449984 -0.0144273 0.03413981 0.007449984 -0.01442801 0.03414744 0.007742047 -0.01449662 0.03390133 0.007449984 -0.01458668 0.0342068 0.007748901 -0.01465779 0.03395199 0.007449984 -0.01455587 0.03422945 0.007770538 -0.01461476 0.03396481 0.007449984 -0.01447129 0.03422611 0.007449984 -0.01449567 0.0342372 0.007776975 -0.0145657 0.03395897 0.007449984 -0.0145266 0.03423881 0.007449984 -0.01453858 0.03423625 0.007766604 -0.01452279 0.0339359 0.007449984 -0.01443725 0.03418296 0.007449984 -0.01444774 0.03420233 0.007449984 -0.01445209 0.03420823 0.007709383 -0.01449382 0.03386378 0.007449984 -0.01443338 0.03408366 0.007449984 -0.01443064 0.03409487 0.007449984 -0.01419782 0.03483957 0.007449984 -0.01445883 0.03435283 0.007449984 -0.01429134 0.03461813 0.001999974 -0.01370924 0.03626507 0.001999974 -0.01402336 0.03606861 0.003120183 -0.01406127 0.03599178 0.007329583 -0.01416873 0.03492397 0.007740676 -0.01494431 0.03371906 0.007071197 -0.01436549 0.03464066 0.006860792 -0.01470112 0.03447103 0.007098615 -0.01411432 0.03507792 0.006852984 -0.01431351 0.03479236 0.006188988 -0.01391834 0.03559279 0.005812525 -0.01409018 0.03539067 0.006000041 -0.01388162 0.03568327 0.004826605 -0.01368772 0.03613555 0.004696786 -0.0139029 0.03583967 0.004421293 -0.01363521 0.03625136 0.004310727 -0.013852 0.03595495 0.003222942 -0.01352602 0.03648424 0.003167688 -0.01374602 0.03618699 0.001999974 -0.01348823 0.0365625 0.004216432 -0.01417064 0.03576344 0.004586577 -0.01422315 0.03565001 0.005655765 -0.01441651 0.0352084 0.006651997 -0.01464736 0.0346201 -0.001257419 -0.01402336 0.03606861 -0.001043379 -0.01370924 0.03626507 -9.50489e-4 -0.01348823 0.0365625 -0.001003265 -0.01348823 0.0365625 -0.001099824 -0.01370924 0.03626507 -0.001324892 -0.01402336 0.03606861 -0.004068434 -0.01238 0.03860372 -0.003685772 -0.01231747 0.03856027 -0.003685772 -0.01205408 0.03892737 -0.004068434 -0.01131051 0.03996801 -0.003685772 -0.01125335 0.03991764 -0.004068434 -0.01009142 0.04120051 -0.003685772 -0.01004046 0.04114395 -0.003685772 -0.00939989 0.04168933 -0.004068434 -0.008738934 0.0422849 -0.003685772 -0.008694827 0.04222291 -0.004068434 -0.007270872 0.04320693 -0.003685772 -0.007234156 0.04314023 -0.004068434 -0.005706727 0.04395425 -0.003685772 -0.006132721 0.04368901 -0.003685772 -0.005677878 0.0438838 -0.004068434 -0.004067063 0.04451715 -0.003685772 -0.004046559 0.04444384 -0.004068434 -0.002373635 0.04488807 -0.003685772 -0.002465605 0.04479593 -0.003685772 -0.002361655 0.04481285 -0.004068434 -6.48901e-4 0.04506212 -0.003685772 -6.45624e-4 0.04498606 -0.004068434 0.001084446 0.04503703 -0.003685772 0.001078963 0.04496109 -0.003685772 0.001362264 0.04493796 -0.004068434 0.002803444 0.04481315 -0.003685772 0.002789318 0.04473835 -0.004068434 0.004485428 0.04439336 -0.003685772 0.004462778 0.0443207 -0.003685772 0.005101323 0.04410588 -0.004068434 0.006108105 0.0437833 -0.003685772 0.006077229 0.04371368 -0.004068434 0.007650017 0.04299098 -0.003685772 0.007611393 0.04292541 -0.004068434 0.009090721 0.04202693 -0.003685772 0.008507728 0.0423538 -0.003685772 0.009044826 0.04196619 -0.004068434 0.01041132 0.0409038 -0.003685772 0.01035875 0.04084879 -0.004068434 0.01159417 0.03963655 -0.003685772 0.01135933 0.03979617 -0.003685772 0.01153564 0.03958791 -0.004068434 0.01262378 0.03824186 -0.003685772 0.01256006 0.03820025 -0.004068434 0.01348644 0.03673821 -0.003685772 0.01341837 0.03670418 -0.003685772 0.01347011 0.03659963 -0.004068434 0.01417082 0.03514546 -0.003685772 0.01409929 0.03511947 -0.004068434 0.01466786 0.03348469 -0.003685772 0.01459378 0.03346711 -0.003685772 0.01470243 0.03297275 -0.004068434 0.01497089 0.03177779 -0.003685772 0.01489531 0.03176885 -0.004068434 0.01507604 0.03004747 -0.003685772 0.01499992 0.03004723 -0.004068434 0.0149818 0.02831649 -0.003685772 0.01497596 0.02915197 -0.003685772 0.01490616 0.02832496 -0.004068434 0.0146895 0.02660775 -0.003685772 0.01461535 0.02662485 -0.004068434 0.01420295 0.02494388 -0.003685772 0.01427286 0.02538651 -0.003685772 0.01413124 0.02496939 -0.004068434 0.01352864 0.02334684 -0.003685772 0.01346033 0.02338039 -0.004068434 0.01267546 0.02183777 -0.003685772 0.01263898 0.02192193 -0.003685772 0.01261144 0.02187895 -0.004068434 0.01165467 0.02043664 -0.003685772 0.01159584 0.02048492 -0.004068434 0.0104798 0.01916193 -0.003685772 0.01042687 0.01921665 -0.003685772 0.01018089 0.01898407 -0.004068434 0.0091663 0.01803052 -0.003685772 0.009120047 0.01809096 -0.004068434 0.007219016 0.01676458 -0.003685772 0.007182538 0.01683145 -0.003681957 0.007120251 0.0167976 -0.004051983 0.007121026 0.01671653 0.006734848 0.006017029 0.01526069 0.001519381 0.006007373 0.01517158 0.001184165 0.006006062 0.01515609 0.006700277 0.006031751 0.01535511 0.006605207 0.006176114 0.01582062 0.006600022 0.00623703 0.01594442 0.006645619 0.006542801 0.01636987 0.006780028 0.007058799 0.0167647 0.01298922 0.005270183 0.0116887 0.01324111 0.005112409 0.01165127 0.01307088 0.005461215 0.01158672 0.01333689 0.005284249 0.01156103 0.0127213 0.005401372 0.01171922 0.01278775 0.005608797 0.01160383 0.01778727 0.00182861 0.01104342 0.01953268 3.77534e-4 0.01096123 0.01789468 0.001969277 0.01093143 0.01964247 5.04456e-4 0.01084417 0.0155521 0.003540277 0.01128542 0.01565492 0.003697276 0.01118278 0.02004855 -5.49502e-4 0.01097548 0.02006727 -8.12528e-4 0.01098501 0.02020061 -5.2738e-4 0.01088178 0.02022123 -8.19928e-4 0.01089239 0.01986861 -4.147e-5 0.01096433 0.0200057 3.78152e-5 0.01086241 0.01747691 -0.01157766 0.01485228 0.01754015 -0.0116325 0.01483261 0.01793438 -0.01097995 0.01435327 0.01740711 -0.01152795 0.01485973 0.01779836 -0.01088124 0.01438832 0.01792973 -0.01064169 0.01422399 0.01856786 -0.009265601 0.01337802 0.01908081 -0.007779896 0.01263231 0.01806682 -0.01073819 0.0141862 0.01870989 -0.009349703 0.01332598 0.01922684 -0.007850527 0.01256769 0.01963013 -0.006242334 0.011927 0.0199458 -0.004399478 0.01139008 0.02013146 -0.00263375 0.01105785 0.01948088 -0.006186068 0.01200228 0.01979404 -0.004359841 0.01147437 0.01997822 -0.002609968 0.01114767 0.01708424 -0.01251399 0.01565259 0.01710271 -0.01235759 0.0155133 0.01719784 -0.0120511 0.0152471 0.01708531 -0.01419025 0.0173074 0.01708531 -0.01594138 0.01959145 0.01708531 -0.0173282 0.02211338 0.01708424 -0.01814973 0.02425235 0.01695775 -0.01902896 0.03079009 0.01704561 -0.01908469 0.03070479 0.01697242 -0.01901835 0.02889972 0.01701825 -0.01881229 0.02701908 0.01707226 -0.01841717 0.02516412 0.0160939 -0.01972013 0.03099995 0.01643753 -0.01988852 0.03092384 0.01672887 -0.02003127 0.03070706 0.01692348 -0.0201267 0.03038263 0.01560044 -0.02043908 0.03099995 0.01588112 -0.0206992 0.03092384 0.01611906 -0.02091974 0.03070706 0.01627808 -0.02106702 0.03038263 -0.01459372 -0.03593689 0.01757961 -0.0193001 -0.03593689 0.01222801 -0.01634621 -0.03593689 0.01596307 -0.01792073 -0.03593689 0.01417267 0.01918518 -0.03593689 0.01240754 0.01250439 -0.03593689 0.01912218 0.01778775 -0.03593689 0.01433926 0.01619654 -0.03593689 0.01611489 0.01442903 -0.03593689 0.01771497 -0.01178961 0.006099998 0.01488196 -0.01129996 0.006099998 0.01433318 -0.01129996 0.006099998 0.01564204 -0.01160711 0.006099998 0.0159763 -0.01176065 0.006099998 0.01611351 -0.01197177 0.006099998 0.01623016 -0.01227444 0.006099998 0.01629549 0.01221996 0.007058799 0.0167647 0.01234161 0.006594657 0.01642304 0.01239949 0.006268501 0.01600098 0.01234406 0.006065189 0.0155065 -0.01044982 0.006279468 0.01397848 -0.01004582 0.006753206 0.01434284 -0.009852647 0.006699383 0.01410698 -0.01039177 0.006101846 0.01339995 -0.01049995 0.006081104 0.01339995 -0.01076328 0.006045222 0.01344454 -0.0108999 0.006034374 0.01350712 -0.01094287 0.00603187 0.01353377 -0.009684085 0.006250858 0.01339995 -0.01006793 0.00617069 0.01339995 -0.009967386 0.006248533 0.01352363 -0.01017129 0.006258606 0.01367646 -0.00927937 0.006633579 0.01380151 -0.009709715 0.006673157 0.01398772 -0.009465038 0.006644785 0.01385509 -0.009610295 0.00626403 0.01339995 -0.009567081 0.006271183 0.01339995 -0.01141357 0.006261169 0.01500642 -0.01100039 0.006725609 0.01537436 -0.01119285 0.006030499 0.01380002 -0.01113492 0.006027936 0.01371335 -0.01125788 0.006039559 0.01394391 -0.01129996 0.006073057 0.01419997 -0.01129996 0.006091237 0.01429247 -0.01049995 0.00604999 0.01339995 0.01262366 0.005707859 0.01162862 0.01250445 0.005851447 0.01166743 0.01250475 0.005527734 0.01175546 0.01198643 0.001999974 0.006210863 0.01321762 0.001999974 0.002746641 0.009866237 0.001999974 0.00921446 0.007014334 0.001999974 0.01153463 0.003642201 0.001999974 0.01299935 0 0.001999974 0.01349997 -0.003642201 0.001999974 0.01299935 -0.007014334 0.005499958 0.01153463 -0.007014334 0.001999974 0.01153463 -0.008724033 0.005499958 0.01030242 -0.009866237 0.001999974 0.00921446 -0.009866237 0.005499958 0.00921446 -0.01108151 0.005499958 0.007710337 -0.01198643 0.001999974 0.006210863 -0.01198643 0.005499958 0.006210863 -0.01321762 0.001999974 0.002746641 -0.0134685 0.001999974 -9.21273e-4 -0.01272052 0.001999974 -0.004520833 -0.01102906 0.001999974 -0.007785141 -0.008519649 0.001999974 -0.01047205 -0.005378365 0.001999974 -0.01238232 -0.001838207 0.001999974 -0.0133742 0.001838207 0.001999974 -0.0133742 0.005378365 0.001999974 -0.01238232 0.008519649 0.001999974 -0.01047205 0.01102906 0.001999974 -0.007785141 0.01272052 0.001999974 -0.004520833 0.0134685 0.001999974 -9.21273e-4 0.003090143 -0.04549998 0.009510517 0.005877852 -0.04549998 0.008090138 0.008090138 -0.04549998 0.005877852 0.009510517 -0.04549998 0.003090143 0.00999999 -0.04549998 0 0.009510517 -0.04549998 -0.003090143 0.008090138 -0.04549998 -0.005877852 0.005877852 -0.04549998 -0.008090138 0.003090143 -0.04549998 -0.009510517 0 -0.04549998 -0.00999999 -0.003090143 -0.04549998 -0.009510517 -0.005877852 -0.04549998 -0.008090138 -0.008090138 -0.04549998 -0.005877852 -0.009510517 -0.04549998 -0.003090143 -0.00999999 -0.04549998 0 -0.009510517 -0.04549998 0.003090143 -0.008090138 -0.04549998 0.005877852 -0.005877852 -0.04549998 0.008090138 -0.003090143 -0.04549998 0.009510517 0 -0.04549998 0.00999999 0.002935647 -0.046 0.009034991 0.005583941 -0.046 0.007685661 0.007685661 -0.046 0.005583941 0.009034991 -0.046 0.002935647 0.009499967 -0.046 0 0.009034991 -0.046 -0.002935647 0.007685661 -0.046 -0.005583941 0.005583941 -0.046 -0.007685661 0.002935647 -0.046 -0.009034991 0 -0.046 -0.009499967 -0.002935647 -0.046 -0.009034991 -0.005583941 -0.046 -0.007685661 -0.007685661 -0.046 -0.005583941 -0.009034991 -0.046 -0.002935647 -0.009499967 -0.046 0 -0.009034991 -0.046 0.002935647 -0.007685661 -0.046 0.005583941 -0.005583941 -0.046 0.007685661 -0.002935647 -0.046 0.009034991 0 -0.046 0.009499967 0.004419386 -0.046 0.004419386 0.002391755 -0.046 0.005774199 0 -0.046 0.006249964 -0.002391755 -0.046 0.005774199 -0.004419386 -0.046 0.004419386 0.002391755 -0.046 -0.005774199 0.004419386 -0.046 -0.004419386 0.005774199 -0.046 -0.002391755 0.006249964 -0.046 0 0.005774199 -0.046 0.002391755 -0.005774199 -0.046 0.002391755 -0.006249964 -0.046 0 -0.005774199 -0.046 -0.002391755 -0.004419386 -0.046 -0.004419386 -0.002391755 -0.046 -0.005774199 0 -0.046 -0.006249964 -0.001624941 -0.04299998 -0.002814531 -0.002298057 -0.04299998 -0.002298057 -0.002814531 -0.04299998 -0.001624941 -0.003002583 -0.04299998 -0.00124371 -0.003249943 -0.04299998 0 -0.003002583 -0.04299998 0.00124371 -0.002814531 -0.04299998 0.001624941 -0.002298057 -0.04299998 0.002298057 -0.001624941 -0.04299998 0.002814531 -0.00124371 -0.04299998 0.003002583 0 -0.04299998 0.003249943 0.00124371 -0.04299998 0.003002583 0.001624941 -0.04299998 0.002814531 0.002298057 -0.04299998 0.002298057 0.002814531 -0.04299998 0.001624941 0.003002583 -0.04299998 0.00124371 0.003249943 -0.04299998 0 0.003002583 -0.04299998 -0.00124371 0.002814531 -0.04299998 -0.001624941 0.002298057 -0.04299998 -0.002298057 0.001624941 -0.04299998 -0.002814531 0.00124371 -0.04299998 -0.003002583 0 -0.04299998 -0.003249943 -0.00124371 -0.04299998 -0.003002583 0 -0.04149997 0.003249943 0.001624941 -0.04149997 0.002814531 0.002814531 -0.04149997 0.001624941 0.003249943 -0.04149997 0 0.002814531 -0.04149997 -0.001624941 0.001624941 -0.04149997 -0.002814531 0 -0.04149997 -0.003249943 -0.001624941 -0.04149997 -0.002814531 -0.002814531 -0.04149997 -0.001624941 -0.003249943 -0.04149997 0 -0.002814531 -0.04149997 0.001624941 -0.001624941 -0.04149997 0.002814531 0 0.001999974 0 0 -0.04149997 0 -0.0100612 -0.01653093 0.03389126</float_array>
          <technique_common>
            <accessor source="#MRH-F-J0Link-Visual_00-mesh-positions-array" count="3466" stride="3">
              <param name="X" type="float"/>
              <param name="Y" type="float"/>
              <param name="Z" type="float"/>
            </accessor>
          </technique_common>
        </source>
        <source id="MRH-F-J0Link-Visual_00-mesh-normals">
          <float_array id="MRH-F-J0Link-Visual_00-mesh-normals-array" count="19383">1 0 0 1 8.36915e-7 0 1 -6.8533e-7 0 1 2.19957e-7 0 1 2.1655e-7 0 1 -2.55006e-7 0 1 2.02186e-7 0 1 -5.49386e-7 0 1 3.20321e-7 0 1 2.15463e-7 0 1 -2.15129e-7 0 1 -4.87683e-6 0 1 1.382e-7 0 1 0 0 1 -1.69404e-7 0 1 -3.30111e-7 0 1 3.2336e-7 0 1 -3.23951e-7 0 1 1.70404e-7 0 1 -3.8139e-7 0 1 7.20588e-6 0 1 -8.40736e-6 0 5.52217e-4 0.9941983 0.1075616 1.07144e-5 0.3739548 0.927447 0.03107184 -0.1746644 0.9841377 0.05014735 -0.1778694 0.9827755 0.0418595 -0.1770766 0.9833066 0.04653465 -0.1771974 0.9830746 0.04385471 0.03503382 0.9984235 0.01219934 0.03730964 0.9992294 0.01705092 0.01927077 0.9996689 0.01328742 0.0285952 0.9995028 -0.001176536 -0.05128657 0.9986833 0.001789867 -0.1303379 0.991468 -3.09679e-6 0.3320826 0.9432503 0.003014981 0.2755433 0.9612839 0.01489734 0.2388886 0.9709327 2.42788e-4 0.1823769 0.9832288 -2.36417e-4 0.08958429 0.9959793 0.0156511 0.4415894 0.8970808 0.013857 0.4384279 0.8986596 -2.91622e-5 0.508203 0.8612374 0.00823456 0.652431 0.7578034 0.02112716 0.6181334 0.7857894 0.03395205 0.6339372 0.772639 0.0184763 0.6106282 0.791702 0.006628334 0.5831958 0.8123047 0.002288043 0.5617105 0.8273308 1.56557e-5 0.5440146 0.8390758 0.02127474 0.7700473 0.637632 0 0.7221869 0.691698 0 0.6780144 0.7350487 0.01860916 0.887321 0.4607768 0.002342939 0.8762484 0.4818541 -0.002139925 0.7936027 0.6084325 -5.25507e-4 0.9785927 0.2058057 0.0311836 0.9598681 0.2787128 0.02087575 0.9645374 0.2631197 0 0.942849 0.3332206 0 0.9211084 0.3893064 0.001139283 0.9989902 -0.0449168 0.04573523 0.9989194 0.008273124 0.004961848 0.998548 0.0536409 0 0.9988888 -0.04713004 -0.6383644 0.7110235 -0.2948502 0.2225733 0.7165057 -0.6611208 0.223825 0.7098458 -0.6678484 0.210909 0.6792079 -0.7029894 -0.6215205 0.7031972 -0.3452912 -0.6164219 0.706896 -0.346875 -0.5559116 0.7043746 -0.4413828 -0.6090323 0.6445732 -0.4621744 -0.5061449 0.7070237 -0.4938977 -0.4305554 0.7043772 -0.5643358 -0.4498231 0.6805776 -0.5783368 -0.361769 0.707091 -0.6075734 -0.2788534 0.7043763 -0.6527594 -0.2788534 0.7043764 -0.6527593 -0.1929953 0.7071046 -0.6802617 -0.1112651 0.6966468 -0.7087336 -0.1077717 0.7045187 -0.7014547 -0.01121747 0.7070626 -0.707062 0.06850266 0.6689222 -0.7401692 0.07654428 0.7050315 -0.7050331 0.1713649 0.7069639 -0.6861751 -0.4370242 0.08808529 0.8951262 -0.3808938 0.1858394 0.9057503 -0.3878708 8.47163e-4 0.9217134 -0.3814441 0.1066519 0.9182188 0.1136482 0.1309594 0.9848521 -0.4757381 0.315968 0.820876 -0.2986469 0.3438659 0.8902619 -0.6626843 0.1774029 0.7275836 -0.9524614 -0.2634878 0.1529431 -0.3735275 0.2633768 0.8894436 -0.3199789 0.4281746 0.8451509 -0.2372395 0.7906129 0.5644898 -0.3152455 0.5818101 0.7497448 -0.2960338 0.6690847 0.6816815 -0.3014426 0.6430264 0.7040237 -0.2185787 0.8163731 0.5345638 -0.06530225 0.9856953 0.1553724 -0.1863057 0.8767872 0.443322 -0.1575517 0.9158234 0.3693846 -0.1633518 0.905804 0.3909416 -0.06906062 0.984687 0.160069 0.3766369 0.216308 0.9007528 0.786499 -0.001168191 0.6175905 0.3766169 0.2164234 0.9007335 0.3441199 0.4621784 0.8172959 0.3458942 0.4503153 0.8231486 0.4757438 0.3160418 0.8208443 -0.1136482 0.1309594 0.9848521 0.3814485 0.1066508 0.9182171 0.3878708 8.47163e-4 0.9217134 0.3874444 0.01446229 0.9217798 0.215161 0.8316218 0.5119677 0.2309574 0.7944358 0.561721 0.2975105 0.6623487 0.6875913 0.2960575 0.6690919 0.6816641 0.3152554 0.581796 0.7497516 0.0678814 0.9845362 0.1614949 0.06782221 0.9852595 0.1570476 0.1634295 0.9057159 0.3911132 0.1575933 0.9158087 0.3694034 0.1863127 0.8768027 0.4432885 -0.6926715 -0.2092469 0.6902333 -0.7571108 -0.1266565 0.6408912 -0.7865336 -0.1477716 0.5996069 -0.6134445 0.03431057 0.7889922 -0.7431517 0 0.6691231 -0.7431496 0 0.6691254 -0.74308 -9.6534e-6 0.6692026 -0.7431203 1.03172e-5 0.6691579 0.7842745 -0.1428151 0.6037526 0.565163 -0.1723302 0.8067795 0.8454106 0.07403826 0.5289605 0.7129989 0.02414637 0.7007493 0.8003848 -0.022179 0.5990762 0.6815116 -0.05464512 0.7297643 0.7975555 -0.1540161 0.5832532 0.7432037 0 0.6690652 0.7431496 0 0.6691254 0.7431489 0 0.6691261 -0.8325761 7.97984e-6 0.5539109 -0.8226679 -0.00387597 0.5685092 0.8901894 3.3216e-5 0.4555909 0.8772116 -5.04864e-4 0.4801038 0.887898 -0.001305639 0.4600386 0.8674249 -0.001505315 0.4975661 0.8539284 -0.003940939 0.5203756 0.8372596 -0.008627772 0.5467376 0.7758479 -3.10245e-4 0.6309199 0.8456494 0.002435028 0.5337333 0.8037232 -0.02461403 0.5944942 0.8169446 -0.01697224 0.5764664 0.8422824 0 0.5390368 0.8379616 -0.006972491 0.5456849 0.8648744 0.04829061 0.4996603 0.8304537 -0.01899951 0.5567637 0.8409967 0.004647493 0.5410203 -0.800868 -0.009343922 0.5987681 -0.7923051 -0.01635164 0.6099061 -0.862594 0.08101052 0.4993686 -0.8355336 0.04067039 0.5479322 -0.8096573 0.01866042 0.5866063 -0.7854008 0.001687467 0.6189852 -0.7522088 -9.9818e-4 0.6589241 -0.7476928 -0.004907548 0.6640267 -0.7201926 0.005078077 0.6937558 -0.9297241 3.51875e-4 0.3682568 -0.9223015 0.001409828 0.3864688 -0.9108341 0.004526257 0.4127479 -0.9021631 0.008440315 0.4313127 -0.8895747 0.01453953 0.4565585 -0.9178236 -0.00903064 0.3968859 -0.860505 0.005698263 0.5094102 -0.8715019 1.32868e-5 0.4903922 -0.8181484 -1.14105e-5 0.5750071 -0.8239158 -0.009643077 0.5666303 -0.9606119 0.007915854 0.2777809 -0.9523986 0.01308566 0.3045746 -0.9467564 0.0165534 0.3215253 -0.9672895 0.001867353 0.2536681 -0.9378199 -7.21373e-5 0.3471224 -0.976201 -0.01020544 0.2166278 -0.9632081 0.007154464 0.2686615 -0.9800497 -0.01737993 0.1979911 -0.9456187 0.004756927 0.3252425 -0.954225 2.73179e-5 0.29909 -0.9367147 -1.37374e-6 0.3500937 -0.9341803 4.48819e-5 0.3568013 -0.9387721 0 0.3445388 -0.9364741 -5.39144e-7 0.350737 -0.9371447 -3.25906e-5 0.3489413 -0.9352592 3.14701e-5 0.3539638 -0.9123226 -0.002382874 0.4094654 -0.9161899 -0.001162648 0.4007428 -0.9285287 0.002026736 0.3712552 -0.9219261 -0.001400411 0.3873634 -0.9339247 0.001016616 0.3574687 -0.9293004 -4.41125e-4 0.3693245 -0.9330915 -8.12063e-5 0.3596392 -0.9017038 -0.008059203 0.4322791 -0.9180725 0.01417845 0.3961588 -0.887977 -0.01042592 0.45977 -0.908311 0.01416456 0.418056 -0.872141 -0.02007758 0.4888426 -0.8948218 0.0324375 0.4452434 -0.8562176 -0.02906 0.5157974 -0.8865213 0.02856391 0.4618054 -0.8832107 0.02209544 0.4684556 -0.890142 -1.6239e-5 0.4556832 -0.8683266 0 0.4959931 -0.8683707 -1.69903e-5 0.4959156 -0.8685066 1.33552e-4 0.4956776 -0.8709975 0.003546416 0.4912747 -0.6100308 -0.008352518 0.7923339 -0.6734449 0.1158805 0.7300984 -0.6896188 -4.90801e-4 0.7241725 -0.7124727 3.55527e-7 0.7016999 -0.7509219 -6.35701e-6 0.6603912 -0.7327744 -0.005045235 0.680453 -0.8156282 0.007894575 0.5785225 -0.7686006 -0.01382076 0.6395797 -0.8028936 -0.003800094 0.5961104 -0.6333978 0 0.7738265 -0.6545592 -0.005951285 0.7559874 -0.6561655 -0.003064274 0.7546109 -0.6528391 -0.01094746 0.7574176 0.9024222 2.26745e-4 0.430853 0.8859789 2.49625e-6 0.4637256 0.8935142 -7.27066e-7 0.4490349 0.8962888 5.10079e-5 0.443471 0.9100663 9.08284e-4 0.4144617 0.9187474 0.001992881 0.3948407 0.9141171 0.001036942 0.4054491 0.9285309 6.63576e-5 0.371255 0.9513925 -2.89257e-4 0.3079811 0.9350423 0.005331575 0.3544963 0.9401111 0.00388956 0.340846 0.9441605 0.00285834 0.3294734 0.9472531 0.002148032 0.3204795 0.9569972 0 0.2900974 0.5987071 -0.001365125 0.800967 0.5618831 -0.008142769 0.8271766 0.5628629 -0.00783503 0.8265131 0.5285958 -0.001412332 0.8488725 0.507719 0 0.8615228 0.5647004 -0.004792213 0.8252822 0.5611532 -0.01472681 0.8275811 0.5726309 0.242309 0.783186 0.5161715 -0.009421169 0.8564335 0.8660034 0 0.5000382 0.8431298 0.009160101 0.5376322 0.8102195 -1.25109e-5 0.5861266 0.7772811 4.51229e-7 0.6291536 0.7712178 -6.04055e-5 0.6365714 0.7603091 -5.88515e-4 0.6495613 0.7451683 -0.002145767 0.666873 0.7254126 -0.005769312 0.6882901 0.7083725 -0.01063847 0.7057586 0.6878457 -0.01761907 0.7256432 0.7446829 0.0109325 0.667329 0.6500949 -0.006430745 0.759826 0.6711262 -1.29712e-5 0.7413432 0.6299313 6.56994e-7 0.776651 0.62252 -8.78243e-5 0.7826039 0.9506621 0.001409292 0.3102253 0.9569972 0 0.2900972 0.9783073 0 0.2071592 0.9783073 0 0.2071592 0.9945689 0 0.1040806 1 0 -1.29603e-4 1 0 -1.29603e-4 0.9945417 0 -0.1043398 0.9945417 0 -0.1043398 0.9782534 0 -0.2074138 0.9782534 0 -0.2074137 0.9513126 0 -0.308228 0.9513125 0 -0.3082281 0.9140122 0 -0.405687 0.914012 0 -0.4056872 0.8667587 0 -0.4987278 0.8667583 0 -0.4987284 0.810067 0 -0.5863373 0.8100671 0 -0.5863374 0.744554 0 -0.6675623 0.7445533 0 -0.6675631 0.6709328 0 -0.7415181 0.6709328 0 -0.7415182 0.5900058 0 -0.8073991 0.5900056 0 -0.8073991 0.5026542 0 -0.8644876 0.5026532 0 -0.8644882 0.4098293 0 -0.9121623 0.4098282 0 -0.9121628 0.312538 0 -0.9499053 0.3125406 0 -0.9499045 0.211848 0 -0.9773027 0.2118493 0 -0.9773024 0.1088489 0 -0.9940583 0.1088503 0 -0.9940583 0.004664897 0 -0.9999892 0.004666328 0 -0.9999892 -0.09956848 0 -0.9950308 -0.2027214 0 -0.9792365 -0.20272 0 -0.9792368 -0.3036614 0 -0.95278 -0.3036627 0 -0.9527797 -0.401299 0 -0.9159472 -0.4945646 0 -0.869141 -0.4945656 0 -0.8691403 -0.5824467 0 -0.812869 -0.5824458 0 -0.8128696 -0.663985 0 -0.7477459 -0.6639842 0 -0.7477467 -0.738292 0 -0.6744812 -0.738292 0 -0.6744813 -0.8045605 0 -0.5938708 -0.8620674 0 -0.5067937 -0.8620671 0 -0.5067941 -0.9101868 0 -0.4141983 -0.9101867 0 -0.4141983 -0.9483948 0 -0.317092 -0.9483948 0 -0.3170921 -0.9762755 0 -0.2165327 -0.9762754 0 -0.2165326 -0.9935249 0 -0.1136153 -0.9935249 0 -0.1136153 -0.9999552 0 -0.009460985 -0.9999552 0 -0.009460985 -0.9954968 0 0.0947957 -0.9954968 0 0.0947957 -0.971938 0 0.2352377 -0.9814316 0.0166167 0.1910915 -0.9603266 0 0.2788779 0.9330815 -0.19483 -0.3023245 0.7209848 -0.5550469 -0.4148542 0.4907787 -0.5550489 -0.6716079 0.1762197 -0.55505 -0.8129367 -0.9557135 -0.09792101 0.2775307 -0.9190516 -0.290019 0.2668957 -0.7426474 -0.634005 0.2156679 -0.8280716 -0.5550494 0.07885205 -0.8163993 -0.5551791 0.15896 -0.8163998 -0.5551789 0.1589592 -0.8035753 -0.5554767 0.2138051 -0.8471264 -0.4710196 0.2460029 -0.8264322 -0.5550475 -0.09450912 -0.8301606 -0.5555686 -0.0466603 -0.8385791 -0.5447222 -0.007933855 -0.8317422 -0.5551523 -0.003300726 -0.8280761 -0.5550426 0.07885324 -0.7888915 -0.5550489 -0.2637633 -0.8031191 -0.5555629 -0.2152898 -0.8217333 -0.5399413 -0.182258 -0.8134924 -0.5552055 -0.1731387 -0.826434 -0.5550454 -0.09450685 -0.7170835 -0.5550482 -0.4215599 -0.7422139 -0.5555403 -0.3748249 -0.7684612 -0.5358862 -0.3497048 -0.7609322 -0.5552603 -0.3356612 -0.7888945 -0.5550459 -0.2637605 -0.6141237 -0.5550484 -0.5610468 -0.6499909 -0.5555292 -0.5185549 -0.6809632 -0.532581 -0.5026397 -0.6762872 -0.5552974 -0.4840254 -0.7170819 -0.5550514 -0.4215586 -0.4844844 -0.555047 -0.676164 -0.5303545 -0.5555131 -0.6404135 -0.5630416 -0.5300328 -0.6340736 -0.5631198 -0.5553454 -0.611954 -0.6141275 -0.5550466 -0.5610445 -0.3338074 -0.5550463 -0.7619031 -0.3883464 -0.555489 -0.7352681 -0.4199234 -0.528269 -0.7379677 -0.4262147 -0.5553831 -0.7140663 -0.4844903 -0.5550484 -0.6761587 -0.1686248 -0.5550464 -0.8145485 -0.2299465 -0.5554636 -0.7991151 -0.2580161 -0.5272852 -0.8095666 -0.2713356 -0.5554195 -0.7860574 -0.3338086 -0.5550489 -0.7619007 -0.06447225 -0.4984628 -0.8645104 -0.1050245 -0.5554487 -0.8248919 -0.1686258 -0.5550459 -0.8145487 -0.08282333 -0.5550491 -0.8276841 0.003880918 -0.5550416 -0.8318136 0.003880262 -0.5550527 -0.8318061 0.09054291 -0.5550472 -0.8268765 0.11295 -0.5056967 -0.8552854 0.0657128 -0.5554825 -0.8289276 0.2839099 -0.5128231 -0.8101899 0.2336667 -0.5555049 -0.7980065 0.1762191 -0.5550476 -0.8129385 0.2599741 -0.5550446 -0.7901514 0.3409035 -0.5550494 -0.7587523 0.3409033 -0.5550475 -0.7587537 0.4181177 -0.555049 -0.7190954 0.441249 -0.5198296 -0.7314893 0.3917575 -0.5555279 -0.7334268 0.5784995 -0.5267366 -0.6228057 0.5333217 -0.5555421 -0.6379193 0.4907768 -0.5550458 -0.6716117 0.5580942 -0.5550455 -0.6168107 0.6193351 -0.5550453 -0.5552917 0.6193341 -0.5550476 -0.5552904 0.67383 -0.5550457 -0.4877268 0.6900649 -0.5335366 -0.4890288 0.6523905 -0.5555559 -0.5155039 -0.9468856 -0.195026 0.2556806 -0.9627445 -0.1948968 0.1874527 -0.9627438 -0.1949009 0.187452 -0.9764193 -0.1948339 0.09297937 -0.9764198 -0.1948314 0.09297955 -0.9807909 -0.1948414 -0.009279549 -0.9807929 -0.1948313 -0.009279429 -0.974486 -0.1948302 -0.1114378 -0.9744834 -0.1948425 -0.1114389 -0.9575665 -0.1948339 -0.2123823 -0.9575658 -0.194837 -0.2123824 -0.9302194 -0.1948376 -0.3110149 -0.9302195 -0.1948341 -0.3110166 -0.8927436 -0.1948377 -0.4062603 -0.892745 -0.19483 -0.4062607 -0.8455461 -0.1948374 -0.4970817 -0.8455473 -0.1948306 -0.4970824 -0.7891427 -0.1948304 -0.5824904 -0.789142 -0.1948325 -0.5824908 -0.7241433 -0.1948339 -0.6615559 -0.7241431 -0.1948356 -0.6615557 -0.6512601 -0.194836 -0.7334161 -0.6512621 -0.1948315 -0.7334155 -0.5712844 -0.194832 -0.7972922 -0.571286 -0.1948351 -0.7972902 -0.485085 -0.194835 -0.8524857 -0.4850856 -0.1948333 -0.8524858 -0.3936091 -0.1948348 -0.8983937 -0.3936082 -0.1948335 -0.8983945 -0.2978424 -0.1948338 -0.9345211 -0.2978459 -0.1948339 -0.9345201 -0.1988345 -0.1948331 -0.9604712 -0.1988347 -0.1948364 -0.9604705 -0.09765911 -0.1948351 -0.9759621 -0.09766107 -0.1948329 -0.9759624 0.004576504 -0.1948351 -0.9808254 0.004577577 -0.1948321 -0.980826 0.1067618 -0.1948321 -0.975009 0.1067637 -0.1948337 -0.9750084 0.2077872 -0.1948331 -0.9585742 0.2077884 -0.1948332 -0.9585739 0.3065488 -0.194833 -0.9317016 0.3065523 -0.194835 -0.9317001 0.4019733 -0.1948339 -0.8946829 0.4019729 -0.1948346 -0.8946828 0.4930172 -0.1948328 -0.8479235 0.4930226 -0.1948358 -0.8479198 0.5786966 -0.1948351 -0.7919279 0.5786998 -0.1948363 -0.7919251 0.6580787 -0.1948367 -0.7273039 0.6580715 -0.1948344 -0.7273111 0.730286 -0.1948321 -0.6547694 0.7302836 -0.1948369 -0.6547706 0.7945417 -0.1948335 -0.5751029 0.7945428 -0.1948352 -0.5751008 0.8501473 -0.1948336 -0.4891722 0.8501477 -0.1948342 -0.4891713 0.7715108 -0.5402291 -0.3360413 0.7439393 -0.5555647 -0.3713521 0.7209851 -0.5550517 -0.4148471 0.9330821 -0.194836 -0.3023191 0.9595056 -0.1948376 -0.2034389 0.9595065 -0.1948325 -0.2034395 0.9754826 -0.1948339 -0.1023401 0.9754839 -0.1948273 -0.1023402 0.9808356 -0.1948376 -1.26999e-4 0.9808368 -0.1948313 -1.27591e-4 0.9755092 -0.1948339 0.1020866 0.9755088 -0.1948363 0.1020863 0.959559 -0.1948338 0.2031903 0.9595591 -0.1948347 0.2031892 0.9523935 -0.09796863 0.2887019 0.9455615 -0.1950829 0.2604922 0.9158289 -0.2901464 0.2776194 0.8441024 -0.4711898 0.2558742 0.8964959 -0.1948376 -0.3979114 0.896496 -0.1948356 -0.3979124 0.7602913 -0.5550472 -0.3374607 0.7913188 -0.5550476 -0.2563916 0.791319 -0.5550482 -0.2563898 0.8137274 -0.5550509 -0.1725296 0.813731 -0.5550449 -0.1725315 0.8272764 -0.5550505 -0.08679193 0.8272765 -0.5550504 -0.08679181 0.8318184 -0.5550479 -1.08165e-4 0.8318176 -0.5550492 -1.07675e-4 0.8273006 -0.5550479 0.08657693 0.8273004 -0.5550482 0.08657658 0.8137776 -0.5550425 0.1723194 0.8137739 -0.5550484 0.1723177 0.8026959 -0.5555702 0.2168433 0.7399313 -0.6341862 0.2242982 -0.3868053 -0.7122508 0.5857308 -0.665533 -0.7071514 0.2387527 -0.6678519 -0.7073573 0.2315588 -0.6774956 -0.7087257 0.1967425 -0.6785044 -0.7132807 0.175677 -0.6558441 -0.7075201 0.2632182 -0.6600148 -0.7071276 0.2536749 -0.663447 -0.7070963 0.2446486 -0.6453359 -0.7098053 0.282344 -0.644194 -0.7127423 0.2775111 -0.6374343 -0.720771 0.2723359 -0.6461606 -0.7085413 0.2836297 -0.6108933 -0.7176729 0.3342978 -0.6364749 -0.7052856 0.3122053 -0.5092275 -0.7071009 0.4906075 -0.534392 -0.7067416 0.463618 -0.5541464 -0.7133937 0.428942 -0.5767251 -0.7071427 0.409069 -0.5986949 -0.7071069 0.3762502 -0.3278728 -0.7199451 0.6117014 -0.3434273 -0.7149919 0.6089699 -0.3556646 -0.7117323 0.6057557 -0.4790772 -0.707624 0.5193778 -0.4565435 -0.7132644 0.5318101 -0.4283807 -0.7067891 0.5629735 -0.3813235 -0.7068424 0.5957905 -0.3864857 -0.7189176 0.5777425 -0.2266463 -0.7142117 0.6622183 -0.2602621 -0.7073433 0.6572131 -0.3447839 -0.7037464 0.6211805 -0.2842881 -0.7407162 0.6087034 -0.3037543 -0.7302154 0.6119794 -0.1698462 -0.7348974 0.6565654 -0.2122258 -0.7052862 0.6764109 -0.1071434 -0.7066541 0.6994001 -0.07003945 -0.7216053 0.6887528 -0.03583645 -0.7066532 0.7066519 0.03583645 -0.7066532 0.7066519 0.07003945 -0.7216053 0.6887528 0.1005709 -0.7093966 0.6975973 0.27119 -0.7071949 0.6529406 0.2574968 -0.7077965 0.6578143 0.235787 -0.7110155 0.6624662 0.2183834 -0.7159345 0.6631339 0.1972402 -0.7230745 0.6620118 0.2086112 -0.7172192 0.6648895 0.1616953 -0.7073053 0.6881671 0.137631 -0.7069844 0.693708 0.3107001 -0.7126961 0.6289116 0.3955315 -0.7070701 0.5861799 0.354613 -0.7090435 0.6095138 0.3145396 -0.7188436 0.6199426 0.3425529 -0.7083557 0.6171627 0.2850562 -0.7071013 0.6471095 0.2769207 -0.7070977 0.6506364 0.4257085 -0.7068545 0.564915 0.4567501 -0.7129532 0.53205 0.4736568 -0.7084475 0.5232126 0.596948 -0.7070962 0.3790359 0.5722719 -0.7078952 0.4139919 0.5543245 -0.7131728 0.4290792 0.5321696 -0.7068128 0.4660593 0.5069362 -0.7070817 0.4930022 0.6371229 -0.7211868 0.2719634 0.6374343 -0.720771 0.2723359 0.644194 -0.7127423 0.2775111 0.6453381 -0.709805 0.2823396 0.6208013 -0.7065388 0.3397187 0.6291741 -0.7133657 0.3086249 0.6477228 -0.7080548 0.2812718 0.6678519 -0.7073573 0.2315588 0.6753691 -0.7084935 0.204728 0.6783527 -0.7134347 0.1756377 0.6919403 -0.7069305 0.1465195 0.6655318 -0.7071526 0.2387523 0.663447 -0.7070963 0.2446486 0.6600148 -0.7071276 0.2536749 0.7040245 -0.7063437 0.07367622 0.6997791 -0.7134774 0.03548794 0.7076959 -0.7065172 -9.13874e-5 0.7036163 -0.7067354 -0.0738182 0.6926141 -0.7134616 -0.106105 0.6926637 -0.7061506 -0.1468618 0.6726157 -0.7071737 -0.2179304 0.6571491 -0.7133868 -0.2433812 0.6486129 -0.7067443 -0.2825136 0.5548157 -0.7070862 -0.4384161 0.5771802 -0.7067921 -0.4090328 0.5948198 -0.7132533 -0.370755 0.6124123 -0.7076588 -0.352378 0.6326738 -0.7071006 -0.3158048 0.5256724 -0.7081893 -0.4713137 0.5081536 -0.713061 -0.4830362 0.4814143 -0.7068353 -0.5182896 0.3331729 -0.7070605 -0.6237478 0.3653562 -0.7068766 -0.6056735 0.400663 -0.71281 -0.5756486 0.4162164 -0.7087646 -0.569576 0.4535623 -0.7070776 -0.542515 0.2888558 -0.7093856 -0.6429108 0.276709 -0.7124989 -0.6448082 0.2339034 -0.7069143 -0.6675038 0.05588209 -0.7070195 -0.7049828 0.09259772 -0.7069485 -0.7011773 0.1413218 -0.7121291 -0.6876776 0.1491726 -0.7100514 -0.6881675 0.1987235 -0.7070423 -0.6786754 0.003282546 -0.7107615 -0.7034255 0 -0.7116993 -0.7024843 -0.05259674 -0.706979 -0.705276 -0.08932048 -0.7069944 -0.701556 -0.1414598 -0.7114498 -0.688352 -0.1425207 -0.7111515 -0.6884414 -0.3302742 -0.7070297 -0.6253224 -0.2824255 -0.7104189 -0.6446246 -0.2769449 -0.7119112 -0.6453558 -0.2307687 -0.7069647 -0.6685408 -0.1955621 -0.7070069 -0.6796299 -0.3624975 -0.706934 -0.607322 -0.4009514 -0.7123121 -0.5760638 -0.4103187 -0.7097299 -0.5726448 -0.5527824 -0.7070668 -0.4410082 -0.520587 -0.7090858 -0.4755907 -0.5084534 -0.712654 -0.4833212 -0.4789498 -0.7068961 -0.5204855 -0.4510418 -0.7070518 -0.5446459 -0.5752119 -0.7068575 -0.4116842 -0.5950935 -0.7129367 -0.3709247 -0.6083826 -0.7084858 -0.3576572 -0.6830048 -0.707094 -0.1830917 -0.669833 -0.7079317 -0.2239565 -0.6573659 -0.7131595 -0.2434616 -0.6472237 -0.7068149 -0.2855072 -0.6312079 -0.7070846 -0.3187603 -0.691945 -0.7067698 -0.1472705 -0.6927528 -0.7133237 -0.1061263 -0.7022139 -0.707423 -0.08030188 -0.6946843 -0.7064833 0.1352598 -0.7040679 -0.7069607 0.06704467 -0.6998277 -0.7134294 0.03549206 -0.7074868 -0.7067211 -0.002806663 -0.7059973 -0.7071018 -0.03968691 0 1 0 0.3874776 0 0.9218792 0.3874768 0 0.9218796 0.387471 -2.40058e-6 0.9218819 0.387483 4.06544e-7 0.9218769 0.3874864 8.45812e-6 0.9218754 0.5950737 0 0.8036712 0.8984758 0 0.439023 0.8984776 0 0.4390196 0.9997021 0 -0.02440786 0.9997021 0 -0.02440786 0.8759756 0 -0.4823557 0.8759757 0 -0.4823555 0.5551376 0 -0.8317586 0.5551373 0 -0.8317587 0.3420193 0 -0.9396929 0.3420197 0 -0.9396928 0.3420349 1.03271e-5 -0.9396873 0.3420192 0 -0.939693 0.3420174 -4.35822e-6 -0.9396936 0.3421339 6.66798e-5 -0.9396513 0.3420191 0 -0.939693 0.9318298 -0.1766209 0.3170148 0.9719516 0 0.2351809 0.9499072 -2.91401e-4 -0.3125322 0.9593033 -2.5819e-6 -0.2823777 0.9923041 1.61528e-6 -0.1238251 0.9897693 -1.11593e-4 -0.1426774 0.9910221 3.63479e-4 0.1336978 0.9999733 -0.002330839 -0.006930708 0.9937059 -0.001003682 0.1120166 0.7180557 -9.21796e-5 -0.6959857 0.7472519 -1.73317e-6 -0.664541 0.8386034 1.24295e-5 -0.5447427 0.8162693 -5.06456e-4 -0.5776715 0.8975596 1.24283e-4 -0.4408933 0.5164991 0 -0.8562878 0.4572165 -0.001502215 -0.8893542 0.6466743 3.42104e-4 -0.7627662 -0.9499072 -2.91401e-4 -0.3125322 -0.5164991 0 -0.8562878 -0.8975589 1.24432e-4 -0.4408946 -0.8162693 -5.06456e-4 -0.5776715 -0.8386033 1.26043e-5 -0.5447427 -0.7472519 -1.73317e-6 -0.664541 -0.7180557 -9.2269e-5 -0.6959857 -0.6466743 3.42104e-4 -0.7627662 -0.4572165 -0.001502215 -0.8893542 -0.9616878 0 0.2741472 -0.9824565 -4.00879e-4 0.1864914 -0.9937059 -0.001003682 0.1120166 -0.9910219 -7.58127e-4 0.1336982 -0.9999345 1.15419e-4 -0.01144707 -0.9923045 -7.86427e-5 -0.123822 -0.9897283 9.0963e-7 -0.1429613 -0.9593033 -2.5819e-6 -0.2823777 -0.3420149 0 -0.9396945 -0.3420213 0 -0.9396922 -0.34202 0 -0.9396927 -0.3420104 0 -0.9396962 -0.3420401 1.10118e-5 -0.9396854 -0.3420207 0 -0.9396925 -0.3420217 0 -0.9396921 -0.5551376 0 -0.8317586 -0.5551373 0 -0.8317587 -0.8759756 0 -0.4823557 -0.8759757 0 -0.4823555 -0.9997021 0 -0.02440786 -0.9997021 0 -0.02440786 -0.8984776 0 0.4390196 -0.8984758 0 0.439023 -0.5950737 0 0.8036712 -0.3874768 0 0.9218796 -0.3874776 0 0.9218792 -0.3874877 1.09635e-5 0.921875 -0.387483 4.06544e-7 0.9218769 -0.3874734 -2.10052e-6 0.9218809 0.5953695 0.01592779 0.8032943 0.5949796 0.01902794 0.8035156 0.8984321 0.01992136 0.4386606 0.8982514 0.02212971 0.4389244 0.9995205 0.0187869 -0.02461397 0.9994925 0.02047395 -0.02440315 0.8758766 0.01325142 -0.4823533 0.8758481 0.01455008 -0.4823676 0.5550262 0.004586935 -0.8318202 0.5552597 0.005043566 -0.8316618 0.6364999 0.2407633 0.7327353 0.5673831 0.2760345 0.7758102 0.8844265 0.2855253 0.369141 0.8519282 0.3162019 0.4174142 0.9614518 0.2667897 -0.06658679 0.9550833 0.2950286 -0.0278244 0.846221 0.1893714 -0.4980449 0.8528546 0.2123137 -0.4770346 0.5467085 0.06673055 -0.8346598 0.551033 0.07625496 -0.8309922 0.4793228 0.1794829 -0.85909 0.4765549 0.1483503 -0.8665378 0.6544702 0.5032898 -0.5642414 0.6636651 0.4217787 -0.6177794 0.6866958 0.7085434 -0.1625276 0.7407688 0.6141729 -0.2721273 0.5784373 0.7741373 0.2571416 0.7076555 0.6980949 0.1090283 0.2738841 0.9242282 0.2660636 0.3301393 0.8578763 0.3937718 0.5072814 0.7340098 0.4515477 0.4689308 0.7013416 0.5368648 0.5168468 0.484481 0.7057957 0.3568919 0.1817004 -0.9163041 0.3700995 0.1563391 -0.9157426 0.3520616 0.4063664 -0.8431602 0.3747592 0.5145026 -0.7712604 0.3625934 0.5428293 -0.7575371 0.2636408 0.7934973 -0.5485032 0.2921543 0.9010434 -0.3205727 0.1934003 0.9529581 -0.2333822 0.2852719 0.8338972 -0.472478 0.3654431 0.7007507 -0.6126988 0.4019032 0.190572 -0.8956317 0.4115462 0.167041 -0.8959504 0.45363 0.5470327 -0.7035447 0.4921358 0.4811964 -0.7254326 0.4295018 0.8106913 -0.3978793 0.5112255 0.7272255 -0.4580304 0.3309379 0.943077 -0.03295421 0.4715335 0.8721979 -0.1301038 0.2828342 0.9420346 0.180487 0.0175538 0.9964198 0.08270126 0.2513498 0.9652733 -0.07120907 0.2880351 0.5446816 -0.787628 0.2464492 0.6654084 -0.7046236 0.05737698 0.9858254 -0.1576591 0.04980838 0.9876784 -0.1483599 0.1449862 0.9088294 -0.3911625 0.1391095 0.9135427 -0.382215 0.1928178 0.8259609 -0.5297263 0.1829418 0.83863 -0.5130616 0.2477485 0.7071031 -0.6622884 0.3378133 0.1564309 -0.9281227 0.3536121 0.1106938 -0.9288194 0.2992236 0.4067005 -0.8631687 0.3185304 0.3642436 -0.8751372 0.2931061 0.5154098 -0.8052588 -0.5356116 0.6883641 0.4891576 -0.3290012 0.9235873 0.196837 -0.1053252 0.9876759 0.1157721 -0.3555169 0.1564059 -0.9214907 -0.3695433 0.1784009 -0.9119271 -0.3520616 0.4063664 -0.8431602 -0.3747568 0.5145007 -0.7712628 -0.1514579 0.9822738 -0.1104478 -0.2921573 0.9010412 -0.320576 -0.1933999 0.9529606 -0.2333724 -0.285268 0.8339025 -0.4724709 -0.3194947 0.7840312 -0.5321825 -0.3065715 0.7054013 -0.6390798 -0.3625934 0.5428293 -0.7575371 -0.3302742 0.8438246 0.4229412 -0.2876071 0.9343031 0.210618 -0.4121972 0.9109051 0.01859229 -0.4131182 0.8975104 -0.1543002 -0.4969505 0.7888076 -0.3616942 -0.4679412 0.7436626 -0.4774904 -0.5004308 0.5327334 -0.6824693 -0.4620541 0.4907625 -0.7386868 -0.4190581 0.185009 -0.8889107 -0.3996783 0.1703105 -0.9006951 -0.5172888 0.4682514 0.7163469 -0.501723 0.6991676 0.5093513 -0.65213 0.6986982 0.2941893 -0.6801012 0.7234485 0.1186787 -0.7512595 0.6452302 -0.1388782 -0.7272976 0.6310614 -0.2698145 -0.6992135 0.4554422 -0.5510653 -0.653694 0.4328141 -0.6207706 -0.4949507 0.1601017 -0.8540441 -0.470858 0.1526877 -0.8688954 -0.5826112 0.2035903 0.7868388 -0.623192 0.2424629 0.7435345 -0.8702601 0.248647 0.4252318 -0.8846291 0.271856 0.3788478 -0.9714925 0.2358808 -0.02371847 -0.9663559 0.2499151 -0.06081742 -0.8634074 0.1687929 -0.4754333 -0.8497906 0.1778119 -0.4962245 -0.554164 0.05936843 -0.8302877 -0.5470718 0.06362056 -0.8346647 -0.1874598 0.8387117 -0.5112941 -0.2184634 0.7468878 -0.6280386 -0.3371629 0.1678718 -0.9263586 -0.334093 0.1564242 -0.9294694 -0.3131265 0.4172572 -0.8531403 -0.3124537 0.4067372 -0.8584508 -0.2824432 0.5639106 -0.7760353 -0.2834774 0.5446355 -0.7893116 -0.2477809 0.7071038 -0.6622755 -0.05350703 0.9876863 -0.1470133 -0.05157327 0.9938194 -0.09830236 -0.1257167 0.9134678 -0.3870038 -0.1244823 0.9314159 -0.3420071 -0.1761655 0.8569914 -0.4842846 -0.6047422 0.7022285 0.3757153 -0.4010863 0.5855907 0.7044241 -0.8476974 0.05661064 0.527451 -0.7957196 0.1570045 0.5849615 -0.7833568 0.123294 0.6092215 -0.4378975 0.08792233 0.8947153 -0.4586881 0.1371788 0.8779448 -0.5085746 0.2257281 0.8309025 -0.4490408 0.3057035 0.8395879 -0.470059 0.3671211 0.8026622 -0.4208722 0.4981499 0.7580986 -0.4013386 0.5224586 0.7523061 -0.4448539 0.5960103 0.6684885 -0.8335723 0.1145479 0.5404036 -0.8427733 0.1298757 0.5223655 -0.8384475 0.1297632 0.5293083 -0.8549564 0.155254 0.49492 -0.8422591 0.1758099 0.5095985 -0.866535 0.195685 0.4591565 -0.8579252 0.2063431 0.4705178 -0.8848659 0.2223196 0.4093732 -0.8694266 0.2583828 0.4211124 -0.6955174 0.6178827 0.3667105 -0.6514627 0.5928502 0.4734186 -0.6653444 0.5425286 0.5128154 -0.6362556 0.5181561 0.5715707 -0.6845366 0.4224506 0.5940918 -0.6669521 0.3951904 0.631664 -0.6677625 0.3644467 0.6490545 -0.6471868 0.3309624 0.6867411 -0.6851905 0.2649062 0.6784827 -0.6689657 0.2140275 0.7118126 -0.6734801 0.1645621 0.7206552 -0.4351271 0.6372404 0.6360732 -0.3208677 0.7801973 0.5369694 -0.3370622 0.7846693 0.5202721 -0.3842216 0.8236947 0.4170141 -0.2912102 0.846562 0.4455664 -0.3736428 0.8916082 0.2557855 -0.1815268 0.9556834 0.2317695 -0.8968939 0.2588124 0.358605 -0.9236618 0.1950284 0.329868 -0.8328108 0.4422238 0.3329633 -0.6565806 0.7070953 0.2625229 -0.7613492 0.6075035 0.2264668 -0.1811507 0.9807839 0.07243776 -0.2506169 0.9654944 0.07079422 -0.4107028 0.8968592 0.1642162 -0.5652876 0.7933273 0.2260125 -0.7641928 0.4017593 -0.5045778 -0.3046167 0.9143297 -0.2668519 -0.923636 0.1950258 0.3299419 -0.9229395 0.1965435 0.3309885 -0.8542706 0.4416468 0.2741709 -0.7391831 0.6087923 0.2880633 -0.2161335 0.9759023 -0.03001672 -0.2211686 0.9746412 -0.03404355 -0.4465468 0.892343 0.06572675 -0.3560368 0.8405891 -0.4082255 -0.2968109 0.9095889 -0.290777 -0.6261889 0.7724937 -0.105551 -0.5188097 0.8370496 0.1737368 -0.5983167 0.7899971 0.1338728 -0.7955222 0.5563293 0.2400879 -0.8503471 0.5186632 0.0888729 -0.6250637 0.7728535 -0.1095117 -0.7070816 0.6222355 -0.3359447 -0.4040825 0.7320152 -0.5485172 -0.9441643 0.2691137 -0.1900831 -0.9446069 0.2699252 -0.1867039 -0.905403 0.4178749 -0.07500702 -0.4238456 0.4125674 -0.8063146 -0.458922 0.5508881 -0.6970747 -0.4045892 0.731624 -0.5486657 -0.9506809 0.1770501 0.2546746 -0.9679264 0.1443946 0.2055939 -0.9671798 0.1512303 0.2041876 -0.9827737 0.09258997 0.1599463 -0.982755 0.09760642 0.1570528 -0.9902889 0.03200376 0.1352908 -0.9904672 0.03346228 0.1336227 -0.9895747 0.07412314 -0.1234824 -0.964192 0.0611906 -0.2580497 -0.9449317 0.1022108 -0.3108975 -0.7940354 0.1387457 -0.5918255 -0.8368731 0.0641551 -0.5436247 -0.7099387 0.1498902 -0.6881279 -0.9381566 0.1870688 0.2913206 -0.9456446 0.1701993 0.2771075 -0.8497677 0.5203631 0.08436369 -0.9059277 0.417562 -0.07026541 -0.7064377 0.6218467 -0.3380126 -0.7644935 0.4021448 -0.5038149 -0.473616 0.474507 -0.7419778 -0.508956 0.1642771 -0.8449715 -0.5095337 0.1635583 -0.8447628 0.6227301 0.7050161 0.3393516 0.4579087 0.1373395 0.8783266 0.4471981 0.0860244 0.8902885 0.8562279 0.08033674 0.5103135 0.8422257 0.08458775 0.5324481 0.9466013 0.1035108 0.3053385 0.4700698 0.3671406 0.802647 0.4142366 0.5134236 0.7515346 0.3982572 0.5173613 0.7574487 0.4257255 0.5634189 0.7080374 0.2757995 0.7657936 0.5809431 0.4609652 0.6766355 0.5741738 0.4206719 0.6153018 0.6666625 0.3370622 0.7846693 0.5202721 0.3565658 0.8016961 0.4797337 0.3182888 0.8646711 0.388634 0.3424828 0.8783136 0.3335726 0.2100801 0.9631974 0.1676818 0.6782146 0.608435 0.4121068 0.6358382 0.5833153 0.5054236 0.6806991 0.5554476 0.4776262 0.6231808 0.5072262 0.5952876 0.6965445 0.4420988 0.5651322 0.6563435 0.379422 0.6521137 0.6780113 0.3820509 0.6279633 0.6386882 0.3177004 0.7008166 0.5231372 0.2162827 0.8243479 0.4565296 0.3269755 0.8274466 0.6560775 0.1779372 0.7334172 0.6912264 0.2861258 0.6635798 0.8284765 0.1063687 0.5498295 0.8403118 0.1257005 0.5273287 0.8409466 0.1334642 0.5244008 0.851765 0.1501159 0.501958 0.8454923 0.1783651 0.5033178 0.8621997 0.1920079 0.4687692 0.8622117 0.2087799 0.4615216 0.8793588 0.2189455 0.422837 0.8747616 0.258534 0.40982 0.2403284 0.9659231 0.09609889 0.1941904 0.9802064 0.03854322 0.4107028 0.8968592 0.1642162 0.5652905 0.7933239 0.2260174 0.6699373 0.7064349 0.2283284 0.9106907 0.1950909 0.3641184 0.9068236 0.2586491 0.3328237 0.8328232 0.4422022 0.3329607 0.7366517 0.6087579 0.2945476 0.6567273 0.7292507 -0.192101 0.4926897 0.3551967 -0.7944132 0.9908028 0.02105587 0.1336656 0.9906647 0.02175974 0.1345741 0.9911337 0.048572 -0.1236724 0.9499042 -0.002907216 -0.3125277 0.5132186 0.1078699 -0.8514522 0.5134449 0.1083977 -0.8512488 0.7145422 0.09873116 -0.6925905 0.4698729 0.5030893 -0.7253417 0.4771112 0.3738706 -0.7953525 0.7775507 0.3157013 -0.543827 0.7965478 0.02686411 -0.6039784 0.8354105 0.08717322 -0.5426695 0.9663982 0.06124675 -0.2496464 0.9528208 0.2126408 -0.216602 0.7778794 0.3152117 -0.5436407 0.7287881 0.5540521 -0.4023611 0.4315162 0.6517892 -0.6236703 0.8718044 0.4890652 0.02779042 0.8694027 0.4933034 0.02811813 0.9217021 0.3696226 -0.1176627 0.2596005 0.9019328 -0.3451448 0.3721047 0.8096958 -0.453796 0.4309418 0.6511641 -0.6247197 0.9279851 0.19727 0.3161144 0.95322 0.1720191 0.2485582 0.9541378 0.1748626 0.2429906 0.9729702 0.130391 0.1905973 0.9741394 0.1313986 0.183812 0.927711 0.1949333 0.3183602 0.8628512 0.4407981 0.2473561 0.7912031 0.5646182 0.2349554 0.7741851 0.6052387 0.1852661 0.5624298 0.8245276 0.06186187 0.5892688 0.7917507 0.160914 0.4628607 0.8862971 0.01541084 0.9865649 0.07393682 0.1456817 0.9858 0.07480275 0.150343 0.9536422 0.2103618 -0.2152085 0.9199765 0.373593 -0.1186231 0.7298542 0.5527071 -0.4022781 0.6543023 0.7315996 -0.1914436 0.3449113 0.8578208 -0.3810246 0.2362571 0.9676228 -0.08881992 0.238497 0.9676316 -0.08251309 -0.941493 -0.3108923 -0.1301423 -0.8918032 -0.1434085 -0.4290934 -0.5886291 -0.01241868 0.8083079 -0.5550668 -0.01645255 -0.8316431 -0.8755676 -0.03075599 -0.4821155 -0.899048 -0.07048165 -0.4321401 -0.9991759 -0.03244525 -0.02439534 -0.5770882 -0.03597736 0.8158891 -0.5868247 -0.03115922 0.8091143 -0.8633413 -0.1070438 0.4931365 -0.6104995 -0.06861895 -0.7890386 -0.6056393 -0.1183304 -0.7868921 -0.6752548 -0.169521 -0.7178395 -0.6515203 -0.2756693 -0.7067728 -0.7817338 -0.3191276 -0.5357704 -0.8984768 -0.2990936 -0.3213761 -0.8892331 -0.3030206 -0.3426997 -0.9176937 -0.1792233 -0.3545665 -0.9908051 -0.1340091 0.01862382 -0.9979981 -0.06126946 0.01568168 -0.8982415 -0.02287131 0.4389069 -0.9583448 -0.2642108 0.1084811 -0.9584733 -0.2718368 0.08621954 -0.9845646 -0.1574594 0.07641589 -0.8817093 -0.09331274 0.4624733 -0.8867586 -0.04117071 0.4603959 -0.5950503 -0.005841195 0.8036673 -0.5509582 -0.0616185 0.832255 -0.5713409 -0.0635693 0.8182473 -0.7245127 -0.1355284 0.6758058 -0.845479 -0.1884067 0.4996681 -0.8362052 -0.1774865 0.5189023 -0.9213755 -0.2459733 0.3009391 -0.7503739 -0.4040283 -0.5231637 -0.7913257 -0.4556096 -0.4077053 -0.8472768 -0.438538 -0.2996777 -0.9010098 -0.4189664 -0.1124657 -0.8983486 -0.4390117 0.01544356 -0.9102389 -0.3930529 0.1302862 -0.8812423 -0.3492525 0.3184885 -0.8325419 -0.3415747 0.4361202 -0.8005825 -0.2698738 0.5350102 -0.6945042 -0.2102208 0.6880925 -0.6064683 -0.1818454 0.774034 -0.5395351 -0.0903536 0.8371012 -0.6475655 -0.213986 0.7313473 -0.5859882 -0.2212287 0.7795356 -0.8250768 -0.3760692 0.4216874 -0.8127226 -0.3798142 0.4418408 -0.8782598 -0.4759555 0.04610824 -0.8833613 -0.4682676 0.01995629 -0.7974674 -0.5003733 -0.3371534 -0.7853837 -0.4673607 -0.4058899 -0.646015 -0.7067092 0.2884905 -0.6502044 -0.6184641 0.4412894 -0.6467007 -0.6249682 0.4372561 -0.5651028 -0.3405848 0.7514393 -0.5576335 -0.2919968 0.7770345 -0.4598608 -0.1232057 0.8794023 -0.4497786 -0.1092705 0.8864306 -0.4158632 -0.04376721 0.9083735 -0.6407473 -0.7051356 0.3036887 -0.644411 -0.6841872 0.3415001 -0.6926051 -0.5850475 0.4219216 -0.446456 -0.6117606 0.6530131 -0.6236816 -0.4836614 0.6140791 -0.6220264 -0.4702367 0.6260677 -0.3773367 -0.03823947 -0.9252863 -0.5857427 -0.4455077 -0.6770735 -0.4176522 -0.1283082 -0.899502 -0.4082233 -0.1903486 -0.8928164 -0.7582586 -0.2713536 -0.5927995 -0.6085433 -0.3971045 -0.6870102 -0.602864 -0.3171302 -0.7321089 -0.4622076 -0.1352863 -0.8763914 -0.4622079 -0.1350528 -0.8764272 -0.793144 -0.507893 -0.3361061 -0.7318595 -0.6444554 0.2214925 -0.7939447 -0.5620274 0.2318989 -0.8089264 -0.5610262 0.1757491 -0.8425067 -0.5089045 0.1766322 -0.8563392 -0.5138309 0.05158597 -0.6846166 -0.6355449 0.3569076 -0.7577115 -0.5379053 0.3695014 -0.7455339 -0.5371174 0.3945683 -0.7979892 -0.4547141 0.3955355 -0.7818585 -0.4493072 0.4322274 -0.6501967 -0.706018 0.2806829 -0.7171735 -0.6267705 0.3046653 -0.6167744 -0.6211525 0.4834862 -0.7089296 -0.497748 0.4996656 -0.639784 -0.4897913 0.5922677 -0.7170828 -0.3669717 0.5925573 -0.5812121 -0.3245546 0.7462285 -0.8485079 -0.5266429 -0.05178493 -0.8266417 -0.5602774 -0.05246984 -0.8169946 -0.5696005 0.08986252 -0.7575842 -0.6477901 0.0802139 -0.6505843 -0.7066656 0.2781432 -0.9166813 -0.2901035 0.2748369 -0.957794 -0.09787893 0.2702786 -0.7392038 -0.6372683 0.2178689 -0.7386296 -0.6437719 0.1999603 -0.7344191 -0.6501694 0.1947011 -0.7410506 -0.6373223 0.2113393 -0.7359757 -0.6435263 0.2102707 -0.7384877 -0.6361337 0.2235395 -0.736634 -0.6391708 0.2209775 -0.7376261 -0.634222 0.2316685 -0.7358196 -0.636932 0.2299722 -0.7351489 -0.6344498 0.2388083 -0.7348561 -0.635332 0.2373602 -0.7340776 -0.6342653 0.242565 -0.7339465 -0.6347911 0.2415838 -0.7327505 -0.6342092 0.246689 -0.7327169 -0.6343947 0.2463117 -0.9504351 -0.09078663 0.2973735 -0.9780818 -0.104298 0.1802163 -0.9654092 -0.08135998 0.2477208 -0.9882535 -0.1104221 0.1056497 -0.9779133 -0.07216376 0.1961588 -0.991786 -0.127859 -0.003552675 -0.9964932 -0.04445016 0.07089173 -0.9828405 -0.1350262 -0.1256684 -0.9985374 -0.04539495 -0.02936851 -0.9601821 -0.1570798 -0.2310332 -0.9801146 -0.02805894 -0.1964383 -0.9117351 -0.1648356 -0.3762557 -0.942079 -0.03025239 -0.334024 -0.9146842 -0.2860979 0.2854834 -0.9313205 -0.2943051 0.2145382 -0.9282922 -0.2823596 0.2419641 -0.9402942 -0.2983953 0.1637289 -0.9387977 -0.2787302 0.2024065 -0.9465418 -0.3109561 0.08581972 -0.9576354 -0.2610763 0.1215474 -0.9480242 -0.3181959 -0.001271128 -0.9627119 -0.2663348 0.04745233 -0.9373701 -0.3383408 -0.08284181 -0.9648053 -0.2546155 -0.06573957 -0.9164813 -0.351204 -0.191619 -0.9493098 -0.2638563 -0.1708533 -0.8793956 -0.3766793 -0.2911636 -0.9134774 -0.2663342 -0.3076124 -0.811254 -0.4070256 -0.4197583 -0.8438495 -0.2821172 -0.4564298 -0.9299832 -0.05640071 -0.3632498 -0.796419 -0.1409037 -0.5881013 -0.8513832 -0.03829061 -0.5231448 -0.7276536 -0.2044536 -0.6547664 -0.7306963 -0.02379363 -0.6822879 -0.5590636 -0.02516657 -0.8287428 -0.5593681 -0.2278093 -0.7970008 -0.7316585 -0.2850791 -0.6191977 -0.7005271 -0.4525119 -0.5518105 -0.8224738 -0.5057 -0.260393 -0.8456514 -0.491983 -0.2069457 -0.8074831 -0.5624912 -0.1776926 -0.8721605 -0.4847969 -0.06563627 -0.8378086 -0.542429 -0.06202965 -0.8806126 -0.4737036 0.01124721 -0.8559472 -0.5170533 0.003215909 -0.8834291 -0.4627399 0.07365483 -0.8611271 -0.5039888 0.06674981 -0.8743398 -0.4660654 0.1353256 -0.8642265 -0.4897879 0.1149805 -0.8696853 -0.4603282 0.1781725 -0.859853 -0.4836931 0.1633828 -0.8557403 -0.467653 0.2213801 -0.8547621 -0.4761344 0.2065865 -0.8490526 -0.4684188 0.244323 -0.8490585 -0.4736787 0.2339407 -0.8405835 -0.4694761 0.2702064 -0.8408192 -0.4713112 0.26625 0.9861655 -0.1645717 0.01984333 0.6143635 -0.008323848 -0.7889792 0.5950192 -0.0128324 0.8036091 0.8976489 -0.04289668 0.4386187 0.9976344 -0.06428301 -0.02435791 0.9994894 -0.02855825 0.01433783 0.8735337 -0.07463371 -0.4810082 0.5892456 -0.005246043 0.807937 0.5861443 -0.03780061 0.8093245 0.5784342 -0.02915412 0.815208 0.6846914 -0.1116133 -0.7202363 0.5984827 -0.1728895 -0.782258 0.9241453 -0.1350704 -0.3573675 0.5701081 -0.06924027 0.8186469 0.55325 -0.05566227 0.8311536 0.7245113 -0.1355302 0.6758068 0.8880782 -0.02068001 0.4592271 0.8792378 -0.1124565 0.4629197 0.866742 -0.08732479 0.4910526 0.8454778 -0.1884087 0.4996693 0.836203 -0.1774865 0.5189056 0.9213755 -0.2459733 0.3009391 0.958473 -0.2718379 0.08621948 0.9893426 -0.1256728 0.07353711 0.8853994 -0.1853923 -0.4262604 0.9011109 -0.02506148 -0.4328641 0.5536109 -0.07409751 -0.8294724 0.7972202 -0.2676054 -0.5411353 0.6387423 -0.3208992 -0.6993083 0.8984768 -0.2990936 -0.3213761 0.8892331 -0.3030228 -0.3426979 0.941493 -0.3108923 -0.1301423 0.9583448 -0.2642108 0.1084811 0.598021 -0.2754185 -0.7526724 0.6085425 -0.3971077 -0.6870092 0.5857427 -0.4455077 -0.6770735 0.4124504 -0.128486 -0.9018737 0.4495725 -0.148574 -0.880801 0.3773235 -0.03823751 -0.9252917 0.4191949 -0.1796378 -0.8899472 0.6505499 -0.7066524 0.2782576 0.8128165 -0.5022504 -0.2950831 0.7419111 -0.538677 -0.3992432 0.9491737 -0.09799355 0.2991099 0.9133276 -0.2902001 0.2856864 0.8395646 -0.4713507 0.2701112 0.7325987 -0.6343924 0.2466685 0.7328335 -0.6342495 0.2463386 0.7337125 -0.6346771 0.2425923 0.73423 -0.6344653 0.2415783 0.7346302 -0.6350103 0.238915 0.7352632 -0.6348803 0.2373082 0.7356239 -0.6362085 0.232586 0.7374255 -0.635275 0.2294108 0.7369866 -0.6374971 0.2246072 0.7378758 -0.637979 0.2202776 0.7369596 -0.6407024 0.2153859 0.7395116 -0.6403994 0.2073917 0.917519 -0.287437 0.2748434 0.9248623 -0.2910062 0.2448371 0.9334008 -0.288467 0.2134237 0.9341906 -0.289483 0.2085371 0.9431551 -0.290725 0.1610517 0.9438424 -0.2931721 0.1523539 0.9557691 -0.2855494 0.07047611 0.9559109 -0.2845205 0.07268106 0.9531961 -0.3019542 -0.01551932 0.9564602 -0.2918512 0.002603411 0.9452308 -0.3012659 -0.1256091 0.9507544 -0.2895904 -0.1104695 0.9173437 -0.3226826 -0.2331449 0.8415509 -0.4699499 0.2663442 0.8466181 -0.4724779 0.2449543 0.8507954 -0.4706677 0.2337077 0.8524209 -0.4728497 0.2231407 0.8571676 -0.4721753 0.2057042 0.8584493 -0.4769244 0.1887003 0.8683584 -0.470293 0.1574115 0.8673508 -0.476074 0.1451075 0.8698759 -0.4811031 0.1088848 0.8688174 -0.484259 0.1031979 0.8738687 -0.4838932 0.04691445 0.8713294 -0.4890436 0.040268 0.864968 -0.5015156 -0.01768016 0.9582837 -0.09412151 0.2698771 0.9613566 -0.09549498 0.2582135 0.9794585 -0.09613752 0.1772533 0.9726086 -0.08830124 0.2150245 0.9900205 -0.09980618 0.09948986 0.9852364 -0.0861389 0.1479506 0.9949868 -0.09369963 -0.03495144 0.9975045 -0.06641477 0.0239557 0.9817475 -0.1137327 -0.1524364 0.9952321 -0.06799435 -0.06992822 0.9460217 -0.1097727 -0.3049474 0.9703191 -0.05686986 -0.2350464 0.8878173 -0.1290557 -0.4417297 0.846102 -0.1853817 -0.499745 0.930323 -0.3007828 -0.2098307 0.8599003 -0.01916283 -0.5101023 0.8513804 -0.03828918 -0.5231497 0.8383603 -0.05975079 -0.5418319 0.8466596 -0.519333 -0.1160212 0.7831187 -0.3637956 -0.504359 0.7005265 -0.4525111 -0.5518118 0.73166 -0.2850788 -0.6191961 0.7344191 -0.6501694 0.1947011 0.7386296 -0.6437719 0.1999603 0.7392705 -0.6361566 0.2208709 0.8372203 -0.543233 -0.06293034 0.8724871 -0.4839084 -0.06781536 0.8695077 -0.3350468 -0.3629048 0.8835242 -0.3148757 -0.346754 0.63277 -0.1494951 -0.759772 0.7035251 -0.06186276 -0.7079728 0.539535 -0.09035509 0.837101 0.6064683 -0.1818454 0.774034 0.6945039 -0.210223 0.6880922 0.8005862 -0.2698684 0.5350074 0.8325419 -0.3415747 0.4361202 0.8812414 -0.349255 0.3184882 0.9102389 -0.3930529 0.1302862 0.8983486 -0.4390117 0.01544356 0.9010098 -0.4189664 -0.1124657 0.8472768 -0.438538 -0.2996777 0.7913257 -0.4556096 -0.4077053 0.7503739 -0.4040283 -0.5231637 0.8166595 -0.4651327 -0.3416416 0.7685633 -0.498795 -0.4006421 0.8848652 -0.4637304 0.04435974 0.8774307 -0.4792145 0.02165621 0.8194736 -0.3863275 0.4233371 0.817704 -0.3705489 0.4405152 0.6291009 -0.2470458 0.7370214 0.601726 -0.1911815 0.775484 0.5992888 -0.2965494 0.7435802 0.6848863 -0.634822 0.3576756 0.7608633 -0.5327955 0.370427 0.7511018 -0.5234507 0.4023002 0.7969636 -0.4512217 0.401557 0.7887958 -0.4383926 0.4308281 0.7326012 -0.6439149 0.2206109 0.8063225 -0.5437672 0.232726 0.8128806 -0.5605837 0.1580229 0.8584495 -0.4882009 0.1572402 0.8525135 -0.5200623 0.0524984 0.7583247 -0.6472041 0.07791417 0.8392289 -0.5361161 0.09096282 0.8174285 -0.5678853 -0.09652394 0.8700919 -0.4832145 -0.09718042 0.7795832 -0.5305923 -0.332749 0.6889845 -0.376074 0.6195715 0.6364167 -0.4584391 0.6203284 0.7036446 -0.5039829 0.5008848 0.6166315 -0.6197645 0.4854459 0.7088953 -0.6369643 0.3028929 0.6499574 -0.7061423 0.2809246 0.4158557 -0.04376643 0.9083769 0.4557369 -0.1212685 0.8818151 0.5019474 -0.249566 0.8281096 0.4964457 -0.08144313 0.8642389 0.5240715 -0.1896995 0.8302789 0.6511042 -0.6177868 0.4409113 0.5337289 -0.2227794 0.8157835 0.5419117 -0.2501458 0.8023459 0.5927533 -0.4421934 0.6731334 0.5975171 -0.3979471 0.6961405 0.6471588 -0.6241269 0.4377798 0.5937797 -0.7101981 0.378212 0.6822856 -0.3550423 0.6390864 0.6202147 -0.5153234 0.5914184 0.6663138 -0.6062006 0.43422 0.6483662 -0.6223997 0.4384519 0.640705 -0.7051125 0.3038316 1 -3.44424e-7 0 1 3.44424e-7 0 1 6.88849e-7 0 1 6.88847e-7 0 1 -6.88847e-7 0 1 -6.88848e-7 0 0 -0.2588194 0.9659258 0 -0.2588191 0.9659259 0 -0.7071063 0.7071074 0 -0.7071068 0.7071068 0 -0.9659259 0.2588191 0 -0.9659259 -0.2588191 0 -0.7071062 -0.7071074 0 -0.7071068 -0.7071067 0 -0.2588202 -0.9659255 0 -0.2588199 -0.9659256 0 0.2588202 -0.9659255 0 0.2588199 -0.9659256 0 0.7071063 -0.7071074 0 0.7071068 -0.7071068 0 0.9659259 -0.2588191 0 0.9659259 0.2588191 0 0.7071062 0.7071074 0 0.7071068 0.7071067 0 0.2588194 0.9659258 0 0.2588191 0.9659259 -1 -1.40052e-6 0 -1 0 0 -1 -5.25194e-7 0 -1 7.00259e-7 0 -1 3.5013e-7 0 -1 7.00259e-7 0 -1 -2.62597e-7 0 -1 -3.5013e-7 0 -1 -3.50129e-7 0 0.6947485 -0.5085874 0.5085898 0.6947448 -0.5085898 0.5085923 0.694744 -0.6947492 0.1861569 0.6947466 -0.6947466 0.1861569 0.6947441 -0.6947492 -0.1861568 0.6947466 -0.6947466 -0.1861571 0.6947432 -0.5085911 -0.5085933 0.6947447 -0.5085897 -0.5085925 0.6947476 -0.1861576 -0.6947454 0.6947435 -0.1861594 -0.6947489 0.6947475 0.1861582 -0.6947454 0.6947436 0.1861594 -0.6947489 0.694743 0.508591 -0.5085934 0.6947448 0.5085898 -0.5085923 0.694746 0.6947473 -0.1861564 0.6947441 0.6947489 -0.1861575 0.6947441 0.6947492 0.1861568 0.6947466 0.6947466 0.1861571 0.6947485 0.5085874 0.5085896 0.694743 0.5085932 0.5085913 0.694737 0.186159 0.6947556 0.6947488 0.1861559 0.6947447 0.6947421 -0.1861596 0.6947504 0.6947439 -0.1861572 0.6947492 -0.7729357 -0.1044324 -0.6258309 -0.7058978 -0.173881 -0.6866395 -0.7058963 -0.2845263 -0.6486566 -0.7729374 -0.30198 -0.5580108 -0.7058935 -0.3874143 -0.5929795 -0.7058938 -0.479732 -0.521125 -0.7729374 -0.466804 -0.4297231 -0.7058939 -0.5589627 -0.4350571 -0.7058947 -0.622946 -0.3371216 -0.772938 -0.5810412 -0.2548686 -0.7058939 -0.6699392 -0.2299898 -0.7022342 -0.7095144 -0.05879259 -0.8197894 -0.5648549 -0.09425699 -0.7058961 -0.7083154 0 -0.7022361 -0.6901588 0.1747722 -0.8197861 -0.5648597 0.09425801 -0.7058984 -0.6699345 0.2299895 -0.7022346 -0.5960178 0.3893961 -0.819792 -0.5036399 0.2725583 -0.7058899 -0.5589663 0.4350587 -0.7058936 -0.4797319 0.5211254 -0.7729378 -0.3897066 0.5006954 -0.705902 -0.3874076 0.5929736 -0.7022395 -0.2311671 0.6733658 -0.8197899 -0.2300363 0.524431 -0.705898 -0.1738808 0.6866393 -0.7022316 0 0.7119487 -0.8197956 -0.0472905 0.5707005 -0.7058944 0.0584926 0.7058978 -0.7022356 0.2311674 0.6733697 -0.8197936 0.1405797 0.5551359 -0.7058947 0.2845271 0.6486579 -0.7022349 0.4372869 0.5618242 -0.8197904 0.3132157 0.479416 -0.7058924 0.4797317 0.5211272 -0.7058907 0.558965 0.4350592 -0.7729395 0.5311654 0.3470273 -0.7058922 0.6229478 0.3371236 -0.7058984 0.6699345 0.2299895 -0.7729364 0.6150686 0.1557567 -0.7058979 0.6986533 0.1165841 -0.7058961 0.7083154 0 -0.7729378 0.6323148 -0.05239486 -0.7058954 0.6986555 -0.1165858 -0.7058939 0.6699392 -0.2299898 -0.7729381 0.5810411 -0.2548685 -0.705896 0.6229447 -0.3371214 -0.7058942 0.5589621 -0.4350573 -0.7729378 0.4668037 -0.4297228 -0.7058945 0.479731 -0.5211249 -0.7058942 0.3874132 -0.5929793 -0.7729365 0.3019806 -0.5580115 -0.7058967 0.2845261 -0.6486561 -0.7058982 0.1738809 -0.686639 -0.7729357 0.1044324 -0.6258309 -0.7058963 0.05849057 -0.705896 -0.7058963 -0.05849057 -0.705896 1 3.18135e-7 0 1 0 0 1 8.83958e-7 0 1 -6.13588e-7 0 1 -3.18135e-7 0 1 3.93404e-7 0 1 -3.93404e-7 0 1 4.70217e-7 0 1 -3.15785e-7 0 1 3.15785e-7 0 1 -9.097e-7 0 1 1.52365e-7 0 1 6.24114e-7 0 -0.2744299 -0.8305662 0.4846115 -0.1392174 -0.8063716 0.5747899 -0.1227061 -0.7969415 0.5914623 -0.219262 -0.8408024 0.4949499 -0.5174592 -0.7813559 0.3488824 -0.01335883 -0.7729453 0.6343321 -0.2157275 -0.8387939 0.4998865 -0.1282138 -0.8763294 0.4643362 -0.1148225 -0.8700798 0.4793506 -0.04320138 -0.8844717 0.4645897 -0.04006755 -0.8812118 0.4710207 -0.01437109 -0.7744895 0.6324235 -0.03836059 -0.7696153 0.6373546 -0.04281145 -0.7730105 0.6329471 -0.06888699 -0.7621757 0.6436947 -0.05775463 -0.7566777 0.6512323 -0.6497752 -0.6513113 0.3919004 -0.916934 -0.3724938 0.1431102 -0.8751371 -0.4820657 0.04180645 -0.8338659 -0.5309885 0.1507282 -0.7681199 -0.6390935 0.0393899 -0.7035706 -0.6909308 0.1661421 -0.5819032 -0.8120159 0.04493379 -0.6350234 -0.7637459 -0.1159204 -0.380761 -0.9174703 0.1151927 -0.2791868 -0.9574347 0.07330602 -0.248314 -0.9621387 0.1123807 -0.09491002 -0.9921891 0.08095049 -0.08712369 -0.9914005 0.09764468 -0.5219406 -0.7830524 0.3382413 -0.4295734 -0.8685739 0.2470754 -0.3445055 -0.8787137 0.3304212 -0.2081887 -0.9386941 0.2747926 -0.185819 -0.9350544 0.3019015 -0.0703963 -0.9579678 0.2781044 -0.06500536 -0.9549193 0.2896611 1.30151e-6 -0.7071071 0.7071065 0 -0.7071081 0.7071056 1.1028e-5 -0.7070958 0.7071179 0 -0.7071043 0.7071092 -1.17258e-6 -0.7071086 0.7071051 -8.30015e-7 -0.7071056 0.7071081 0.03310686 -0.1645045 0.9858207 0 -0.245487 0.9693999 0 -0.4016957 0.9157733 0.03310388 -0.475686 0.8789921 0 -0.5469473 0.8371671 0 -0.677282 0.7357236 0.03310352 -0.7353212 0.6769099 0 -0.7891401 0.6142132 0 -0.8794735 0.4759479 0.03310424 -0.9152714 0.4014752 0 -0.9458172 0.3246998 0 -0.9863615 0.1645937 0.03310436 -0.9960383 0.08253443 0 -1 0 0 -0.9863613 -0.1645949 0.03310441 -0.968869 -0.2453509 0 -0.9458175 -0.3246989 0 -0.8794735 -0.4759479 0.03310459 -0.8367075 -0.5466488 0 -0.7891405 -0.6142128 0 -0.6772823 -0.7357232 0.03310424 -0.6138762 -0.7887079 0 -0.5469485 -0.8371664 0 -0.4016956 -0.9157733 0.03310352 -0.3245216 -0.9452989 0 -0.2454856 -0.9694003 0 -0.08257818 -0.9965846 0.03310388 0 -0.9994519 0 0.08257818 -0.9965846 0 0.2454856 -0.9694003 0.03310352 0.3245216 -0.9452989 0 0.4016956 -0.9157733 0 0.5469485 -0.8371664 0.03310424 0.6138762 -0.7887079 0 0.6772823 -0.7357232 0 0.7891405 -0.6142128 0.03310459 0.8367075 -0.5466488 0 0.8794735 -0.4759479 0 0.9458175 -0.3246989 0.03310441 0.968869 -0.2453509 0 0.9863613 -0.1645949 0.03310436 0.9960383 0.08253443 0 0.9863615 0.1645937 0 0.9458172 0.3246998 0.03310424 0.9152714 0.4014752 0 0.8794735 0.4759479 0 0.7891401 0.6142132 0.03310388 0.7353212 0.6769099 0 0.677282 0.7357236 0 0.5469473 0.8371671 0.03310388 0.475686 0.8789921 0 0.4016957 0.9157733 0 0.245487 0.9693999 0.03310608 0.1645045 0.9858207 0 0.08257818 0.9965846 0 -0.08257818 0.9965846 -0.3572709 -0.06546562 0.9317038 -0.586017 -0.1048812 0.8034824 -0.9192515 -0.3092203 0.2436383 -0.9530019 0.08486115 0.2908369 -0.7495416 -0.4373595 0.4968945 -0.8183716 -0.1688264 0.549332 -0.491532 -0.5401865 0.6830776 -0.5524725 -0.3878568 0.7377949 -0.1742657 -0.5933667 0.7858419 -0.1950629 -0.5491983 0.812608 -0.8223016 -0.2778716 0.4965959 -0.8404694 0.09910881 0.5327183 -0.6400923 -0.395493 0.658686 -0.6895372 -0.1354209 0.7114771 -0.4094922 -0.4982931 0.7642121 -0.4535927 -0.3509505 0.8191993 -0.1465113 -0.5706108 0.8080457 -0.1610133 -0.5289556 0.833235 -0.6727643 -0.2161996 0.7075634 -0.6605179 0.0683906 0.747689 -0.5093053 -0.3408873 0.7901925 -0.5175188 -0.1399987 0.8441414 -0.3216332 -0.4552751 0.830227 -0.3314345 -0.3382747 0.8807505 -0.1171261 -0.549551 0.8272094 -0.1193067 -0.5157641 0.8483828 -0.4783923 -0.1473883 0.8656892 -0.4504718 -0.02965492 0.8922981 -0.3706058 -0.2934064 0.8812287 -0.3513659 -0.1582973 0.9227589 -0.2335686 -0.4198078 0.8770446 -0.2204797 -0.3392776 0.9144833 -0.08722406 -0.5321899 0.8421199 -0.08119398 -0.5087147 0.8570981 -0.2519545 -0.09607005 0.9629587 -0.2574342 -0.1034023 0.9607475 -0.2276927 -0.2551733 0.9397035 -0.2016639 -0.181391 0.9625118 -0.1440455 -0.3918912 0.9086651 -0.1243087 -0.3476861 0.929334 -0.0551896 -0.518363 0.8533781 -0.04692435 -0.5057331 0.861413 -0.1043238 -0.07586723 0.9916455 -0.08936202 -0.0451827 0.9949739 -0.07795822 -0.2263857 0.9709131 -0.0650621 -0.2045953 0.9766821 -0.0495733 -0.3721247 0.926858 -0.03945088 -0.3594726 0.9323214 -0.01929169 -0.5093259 0.8603574 -0.01511502 -0.5059882 0.8624081 -0.9308337 -0.3236442 0.1697151 -0.250577 -0.7552467 0.6056515 -0.647192 -0.5398827 0.5382093 -0.351459 -0.6505766 0.6732212 -0.3883357 -0.7696092 0.5068502 -0.3779255 -0.703504 0.6018759 -0.4355984 -0.7660073 0.4727441 -0.4429701 -0.7935624 0.4171764 -0.6239316 -0.653055 0.4292185 -0.6412255 -0.7156298 0.2769548 -0.8148096 -0.5314257 0.2316722 -0.8579903 -0.4757194 0.1937624 -0.8534429 -0.4497854 0.2633032 -0.7527922 -0.5187453 0.4052252 -0.7518825 -0.5152369 0.411344 -0.7160138 -0.4876493 0.4995222 -0.699228 -0.4404569 0.5630968 -0.9115276 -0.2126092 0.3520154 -0.9233186 -0.1478313 0.3544414 -0.9391988 -0.1992967 0.2796186 -0.9381865 -0.162696 0.3055096 -0.9519684 -0.2153958 0.2176252 -0.9676482 -0.1339987 0.2137784 -0.9788869 -0.1802999 0.09629374 -0.9910412 -0.09934782 0.08926081 -0.2175575 -0.6570469 0.7217744 -0.2241195 -0.6517739 0.7245422 -0.6105261 -0.4652215 0.6409577 -0.6254949 -0.4436799 0.6417978 -0.8828185 -0.1820183 0.4330137 -0.8943175 -0.140969 0.4246456 -0.2078561 -0.6519607 0.7292072 -0.214091 -0.646633 0.7321413 -0.5861908 -0.456944 0.6690161 -0.6005834 -0.4355773 0.6705014 -0.8562725 -0.1780368 0.4848713 -0.8678802 -0.1376226 0.4773302 5.40891e-6 -0.4128125 0.9108161 -1.40701e-5 -0.2968042 0.9549384 -0.003058552 -0.1962441 0.9805504 -0.001962423 -0.163366 0.9865636 0 -0.06004047 0.998196 -6.52013e-4 -0.4722972 0.8814392 -0.002730369 -0.5565417 0.8308153 0 -0.6102514 0.7922079 -0.2800077 -0.4607831 0.8421846 7.6329e-4 -0.203296 0.9791171 -0.1063308 -0.8336572 0.5419497 -0.07419919 -0.5550215 0.8285201 -0.02625256 -0.196173 0.9802178 -0.07925558 -0.5558591 0.8274899 -0.2135425 -0.5192806 0.8274946 -0.3247411 -0.7591437 0.5641313 -0.3889118 -0.7474192 0.5386205 -0.3563909 -0.9180718 0.1735796 0 -0.5735769 0.8191519 0 -0.5735652 0.81916 0 -0.573571 0.8191559 5.40953e-7 -0.5735862 0.8191454 -5.85433e-7 -0.5735717 0.8191554 1.67062e-5 -0.5735938 0.8191398 -1.39817e-6 -0.5735707 0.8191561 0 -0.5735792 0.8191502 6.44649e-6 -0.5735757 0.8191526 0 -0.5735779 0.819151 -1.11558e-6 -0.5735769 0.8191519 1.13415e-5 -0.5735731 0.8191545 0 -0.5735678 0.8191582 7.51946e-6 -0.5735729 0.8191545 -6.08211e-6 -0.5735736 0.8191542 0 -0.6675078 0.7446029 0 -0.7776039 0.6287545 0 -0.7775997 0.6287598 0 -0.847275 0.5311545 0 -0.8472789 0.5311483 0 -0.9210712 0.3893944 0 -0.9210743 0.389387 0 -0.9610584 0.2763455 0 -0.9610607 0.2763375 0 -0.99281 0.1197022 0 -1 8.36592e-6 0 -1 -3.20038e-7 0 -1 -7.98806e-7 0 -1 -1.57032e-6 0 -1 5.87133e-6 0 -1 6.09038e-6 0 -1 5.85838e-7 0 -1 -7.80698e-6 0 -1 2.25779e-6 0 -1 -4.34741e-6 0 -1 -1.81637e-5 0.8409618 -0.5404189 0.02703541 0.8389587 -0.5368064 0.08937114 0.8304164 -0.556479 0.02720117 0.8265436 -0.5567724 0.08264636 0.9738751 -0.1959836 0.1147082 0.7022299 0.1171839 0.7022401 0.7022352 0.3388496 0.6261363 0.7022366 0.3388481 0.6261357 0.7022354 0.523795 0.4821872 0.7022359 0.5237947 0.4821866 0.7022359 0.6519796 0.2859851 0.7022344 0.6519808 0.285986 0.7022366 0.709512 0.05879271 0.7022344 0.7095143 0.05879151 0.7022341 0.6901607 -0.1747727 0.7022348 0.6901603 -0.1747721 0.7022346 0.5960178 -0.3893961 0.7022333 0.5960178 -0.3893985 0.7022315 0.4372877 -0.5618277 0.7022366 0.4372847 -0.5618238 0.7022336 0.231169 -0.6733714 0.7022383 0.231167 -0.6733671 0.7022396 0 -0.7119408 0.7022324 0 -0.7119478 0.7022355 -0.2311683 -0.6733696 0.7022361 -0.2311677 -0.6733691 0.7022315 -0.4372877 -0.5618277 0.7022359 -0.4372851 -0.5618243 0.7022362 -0.5960153 -0.389397 0.7022333 -0.5960185 -0.3893973 0.7022351 -0.6901597 -0.1747725 0.7022339 -0.6901609 -0.1747726 0.7022367 -0.709512 0.05879175 0.7022345 -0.7095142 0.05879241 0.702236 -0.6519796 0.2859846 0.702233 -0.6519823 0.2859863 0.7022354 -0.523795 0.4821869 0.7022355 -0.5237953 0.4821865 0.7022392 -0.3388476 0.626133 0.7022351 -0.3388484 0.6261371 0.7022357 -0.1171814 0.7022348 0.7022306 -0.1171828 0.7022396 0.7022356 0.1171814 0.7022348 0.6238118 -0.7255695 0.2905302 0.780781 -0.5352981 0.3222376 0.9604424 -0.2608032 0.09763222 0.5759155 -0.8000334 0.1681308 0.4203373 -0.8412035 0.3401374 0.2352701 -0.8200206 0.5217415 0.2826345 -0.8343247 0.4733075 0.4186956 -0.841515 0.3413894 0.6327979 -0.7200303 0.2848214 0.6294915 -0.7244819 0.2808321 0.2483384 -0.8296217 0.500056 0.07433015 -0.7644383 0.6403977 0.08515805 -0.76677 0.6362483 0.9420052 -0.3340529 0.03217053 0.8301931 -0.5382154 0.1452717 0.8023248 -0.5896447 0.09270423 0.7431548 -0.6576617 0.1232973 0.6558155 -0.7547049 0.018076 0.04879498 -0.7674518 0.639247 0.05421388 -0.7763544 0.6279608 0.1461181 -0.8624433 0.4846042 0.16141 -0.8801257 0.4464592 0.2366495 -0.9205659 0.3107338 0.2595663 -0.9348567 0.2422155 0.3164463 -0.9402197 0.125892 0.3434223 -0.9387831 0.02733862 0.01262074 -0.7729601 0.6343291 0.01231473 -0.7743175 0.6326777 0.03796666 -0.8812772 0.4710724 0.03693705 -0.8842866 0.4654814 0.06189858 -0.9551118 0.289707 0.05993974 -0.958208 0.2797222 0.08351176 -0.9917077 0.09768164 0.08036375 -0.99329 0.08316749 0 -0.7730022 0.6344034 -0.01011461 -0.8314306 0.5555367 0 -0.8819243 0.471391 0 -0.956941 0.2902826 -0.0101121 -0.9807347 0.195083 0 -0.995184 0.09802496 -0.8912281 0.2402953 0.3846695 -0.9914442 -0.07486659 0.1069281 -0.5048403 -0.09138381 0.8583621 -0.9469285 -0.1843644 0.2633181 -0.8968715 -0.2536883 0.3623034 -0.7555474 0.05242335 0.6529932 -0.7933662 -0.3491725 0.4986468 -0.6087607 -0.4550523 0.6498753 -0.130529 -0.5686694 0.8121437 -0.1772764 -0.1692097 0.9695057 -0.3214375 -0.5431342 0.7756825 -0.4422793 -0.5144106 0.734691 -0.9999937 -0.003281354 0.001376271 -0.9999997 -8.20344e-4 2.15501e-4 -0.9999998 -6.51041e-4 2.3255e-4 -0.9923835 -0.1183189 0.03428894 -0.9322731 -0.3399924 0.1235802 -0.9968378 -0.02431309 -0.07565283 -0.9280358 -0.3495602 0.1286752 -0.8155704 -0.5535419 0.1686311 -0.4277349 -0.9032702 0.03385061 -0.2873645 -0.9577295 0.01326155 -0.1006522 -0.9949218 0 -0.2350926 -0.9719566 -0.005664527 -0.478661 -0.8779999 -1.02121e-4 -0.611631 -0.7911432 4.53216e-4 -0.9659259 -0.2588188 0 -0.5782204 -0.8158716 -0.003837049 -0.7162328 -0.6978598 0.001528084 -0.7970353 -0.6039224 -0.00356394 -0.8233228 -0.5675734 -2.28359e-4 -0.8989017 -0.4381507 1.84261e-4 -0.9768958 -0.2131553 0.01547437 -0.1296029 -0.6618803 0.7383208 -0.1304219 -0.7709575 0.6233897 -0.1301167 -0.9132426 0.3860798 -0.1296025 -0.9844366 0.1186919 -0.1296043 -0.984436 0.1186955 -0.3193684 -0.9408172 0.1134319 -0.3813785 -0.9139502 0.1387286 -0.4397234 -0.8916751 0.1075125 -0.6059938 -0.7897493 0.0952233 -0.6059957 -0.7897483 0.09522032 -0.7912252 -0.6071277 0.07320189 -0.7912249 -0.6071284 0.07320177 -0.8956007 -0.4416601 0.05325227 -0.1304252 -0.952853 0.273972 -0.1614798 -0.9236227 0.3476286 -0.3803326 -0.8655726 0.3257778 -0.3803312 -0.8655721 0.325781 -0.6059949 -0.7444839 0.2802034 -0.6059954 -0.7444834 0.2802039 -0.7912236 -0.572331 0.2154129 -0.7912263 -0.5723282 0.2154101 -0.1301165 -0.8400743 0.5266357 -0.1614797 -0.814527 0.5571984 -0.3803324 -0.7633346 0.5221759 -0.3803316 -0.7633352 0.5221756 -0.6059949 -0.6565474 0.4491279 -0.6059939 -0.6565492 0.4491265 -0.7912242 -0.5047291 0.3452722 -0.791225 -0.5047292 0.3452702 -0.9913225 -0.1305081 0.01573562 -0.9462198 -0.3211986 0.03872853 -0.1296034 -0.6618763 0.7383243 -0.3193641 -0.6325514 0.7056099 -0.3813828 -0.6378592 0.6690911 -0.4397256 -0.5995089 0.668753 -0.6059947 -0.5309816 0.5923082 -0.6059953 -0.5309814 0.5923078 -0.791224 -0.4082007 0.4553426 -0.7912226 -0.4081969 0.4553483 -0.8956004 -0.2969483 0.3312425 -0.9238716 -0.3707323 0.09496784 -0.9228969 -0.3603677 0.1356339 -0.9228972 -0.3603678 0.1356316 -0.9228979 -0.3178002 0.2173995 -0.9228984 -0.3177998 0.217398 -0.9238715 -0.290436 0.2492156 -0.9462198 -0.2159579 0.2408948 -0.9913221 -0.1305104 0.01573687 -0.9913222 -0.1230303 0.04630458 -0.9913224 -0.1230274 0.04630559 -0.9913223 -0.108497 0.07421994 -0.9913221 -0.1084983 0.07422161 -0.9913224 -0.08774679 0.09788066 -0.9913219 -0.08775031 0.09788125 0.1301175 -0.840074 0.5266359 0.130425 -0.952853 0.2739721 0.9913223 -0.08774727 0.0978806 0.9913222 -0.1305092 0.01573687 0.9913221 -0.1305102 0.01573568 0.9462198 -0.3211986 0.03872579 0.923872 -0.3707313 0.0949679 0.9913222 -0.0877484 0.09788089 0.9462207 -0.215954 0.240895 0.9238718 -0.290436 0.2492145 0.8955999 -0.2969481 0.3312442 0.7912238 -0.4081981 0.4553451 0.7912243 -0.408198 0.4553445 0.6059973 -0.5309802 0.5923067 0.3813793 -0.91395 0.1387273 0.4397223 -0.8916756 0.1075124 0.6059958 -0.7897478 0.09522324 0.605995 -0.7897488 0.09522044 0.7912256 -0.6071276 0.07320207 0.7912241 -0.6071293 0.07320171 0.8956 -0.4416617 0.05325222 0.1296045 -0.9844361 0.1186943 0.1296029 -0.9844365 0.1186931 0.3193679 -0.9408174 0.1134318 0.1301175 -0.9132425 0.3860798 0.1614794 -0.9236227 0.3476286 0.3803316 -0.8655732 0.3257775 0.3803312 -0.8655721 0.325781 0.6059959 -0.7444822 0.280206 0.6059962 -0.7444849 0.280198 0.7912247 -0.5723294 0.2154127 0.7912253 -0.5723296 0.2154098 0.9228968 -0.3603678 0.1356343 0.9228982 -0.3603653 0.1356309 0.991322 -0.1230311 0.04630601 0.9913223 -0.1230292 0.04630315 0.1304219 -0.7709578 0.6233895 0.1614804 -0.8145269 0.5571985 0.3803337 -0.7633334 0.5221768 0.3803311 -0.7633363 0.5221741 0.6059962 -0.6565465 0.4491273 0.6059942 -0.6565486 0.4491267 0.7912251 -0.5047277 0.3452719 0.7912234 -0.5047311 0.3452712 0.9228973 -0.3178015 0.2173999 0.9228982 -0.3178004 0.217398 0.9913221 -0.1084979 0.07422137 0.9913226 -0.1084961 0.07421851 0.6059936 -0.5309828 0.5923083 0.4397256 -0.599509 0.6687529 0.3813823 -0.6378591 0.6690915 0.3193641 -0.6325514 0.7056099 0.1296014 -0.6618791 0.7383221 0.1296057 -0.6618777 0.7383226 0.1772763 -0.1692101 0.9695057 0.130529 -0.5686696 0.8121436 0.7555478 0.05241072 0.6529936 0.3214374 -0.5431346 0.7756822 0.4422805 -0.514411 0.7346899 0.5048405 -0.0913791 0.8583625 0.6087518 -0.4550482 0.6498866 0.7933662 -0.3491725 0.4986468 0.9914443 -0.0748651 0.1069278 0.8912293 0.2402956 0.3846668 0.9469304 -0.1843687 0.2633082 0.8968695 -0.2536907 0.3623068 0.9999935 -0.003431618 0.001151561 0.9984895 -0.01753932 -0.0520699 0.9999987 -0.001640677 3.23251e-4 0.9923845 -0.1182795 0.03439414 0.9999236 -0.004980325 -0.01132118 0.9322743 -0.3399899 0.1235781 0.9952629 -0.09716129 -0.003380417 0.8157277 -0.5474215 0.186864 0 -0.9951856 0.09800899 0.04798287 -0.979658 0.1948536 0 -0.9569391 0.2902887 0 -0.881923 0.4713935 0.04798561 -0.8305111 0.5549313 0 -0.7730046 0.6344006 0.9910174 -0.1337336 0 0.9848996 -0.1729542 0.007710933 0.925764 -0.3780741 -0.004593014 0.9066043 -0.4219816 2.59937e-4 0.8332888 -0.552838 -1.96849e-4 0.8224186 -0.5688815 0.001175284 0.7631101 -0.6462683 -5.90334e-4 0.6714557 -0.7410261 -0.005259335 0.6348877 -0.7726029 0.001559078 0.4653881 -0.8851067 -5.16123e-4 0.3583534 -0.9335668 -0.005995333 0.2204357 -0.9753484 0.01018351 0.09069854 -0.9958784 0 -0.01670551 -0.8313522 0.5554949 -0.05076926 -0.9804896 0.1899019 -0.04587256 -0.9797553 0.1948727 -0.01849251 -0.8321795 0.5541981 -0.08821821 -0.8225051 0.5618744 -0.106985 -0.8333076 0.5423586 -0.1847578 -0.9610349 0.2056125 -0.2080643 -0.9300852 0.3027391 -0.3601697 -0.9161732 0.175797 -1 1.42147e-6 0 -1 -1.817e-6 0 -1 1.80481e-6 0 -1 -1.43745e-6 0 -1 -1.49409e-6 0 -1 -1.52295e-6 0 -1 7.78836e-7 0 -1 3.99731e-7 0 -1 -3.95592e-7 0 -1 1.64767e-6 0 -1 -7.68677e-7 0 -1 -1.49076e-6 0 -1 -2.69279e-6 0 -1 -4.11865e-6 0 -1 -1.20352e-6 0 -0.8126519 -0.2408652 0.5306419 -0.7979013 -0.4521312 0.3986614 -0.7831835 -0.4872394 0.386292 -0.7064766 -0.6287792 0.32485 -0.6337314 -0.6839945 0.3612977 -0.6187344 -0.7132239 0.3293621 -0.478026 -0.8439211 0.243492 -0.4680526 -0.8513811 0.2368055 -0.1927762 -0.9338991 0.3011146 -0.5551105 -0.3844904 0.7375769 -0.5267555 -0.03320974 0.8493679 -0.18594 -0.1312294 0.9737583 -0.1812666 -0.05588692 0.9818448 -0.1837767 -0.04810661 0.9817903 -0.1403737 -0.2553532 0.9566034 -0.196523 -0.3019211 0.9328572 -0.1821799 -0.1524574 0.9713739 -0.1790114 -0.3420257 0.9224822 -0.1900399 -0.3894539 0.9012273 -0.1911994 -0.4426563 0.8760698 -0.2079219 -0.5062153 0.8369675 -0.1794798 -0.5821188 0.7930479 -0.5647908 -0.3558411 0.7445727 -0.5431723 -0.2724958 0.7941726 -0.5505328 -0.2854562 0.7844924 -0.5264219 -0.1877325 0.8292386 -0.5371472 -0.1950508 0.8206266 -0.5275589 -0.09107375 0.8446225 -0.5297489 -0.09660667 0.8426347 -0.5259716 -0.03544801 0.8497631 -0.7986854 -0.01239889 0.6016211 -0.799124 -0.01099354 0.6010657 -0.8005298 -0.03394562 0.5983307 -0.8011659 -0.0300439 0.5976877 -0.8051102 -0.07048535 0.5889222 -0.8087205 -0.06118321 0.5850023 -0.8182945 -0.1009076 0.5658727 -0.8178883 -0.09140133 0.5680711 -0.8298661 -0.1380708 0.5406097 -0.8329616 -0.1228174 0.5395286 -0.9732559 -0.001014649 0.2297212 -0.998736 0 0.05026394 -0.9892372 -0.007672727 0.14612 -0.9890248 -0.007436931 0.147563 -0.9802504 -0.003214061 0.1977345 -0.8515152 -0.005486547 0.5243012 -0.8436784 -0.01648008 0.5365958 -0.8751776 -0.003256857 0.4837909 -0.8891922 0 0.4575338 -0.8929649 -0.007364928 0.4500661 -0.9006215 -0.009601473 0.4344982 -0.9108044 -0.0128867 0.4126372 -0.8991925 -0.00820446 0.4374763 -0.9368755 -0.001346349 0.3496607 -0.9586154 4.26599e-4 0.2847043 -0.6075667 -1.85438e-4 0.7942687 -0.6122646 -5.69813e-5 0.7906529 -0.7298132 5.09122e-4 0.6836465 -0.6519982 -0.01923298 0.7579767 -0.689493 -0.01199132 0.7241931 -0.7202554 -0.007124841 0.6936724 -0.7416136 -0.004553496 0.6708119 -0.840827 -0.01882749 0.5409765 -0.8573319 7.60332e-4 0.5147634 -0.8015741 -1.93199e-4 0.5978953 -0.7712314 -0.001378536 0.6365534 -0.3669498 0.007609188 0.9302097 -0.5182096 -0.004183888 0.8552435 -0.5066391 -0.003035128 0.862153 -0.5367527 -0.001283168 0.8437387 -0.5739688 3.00236e-4 0.8188772 -0.160256 -0.008515357 0.9870389 -0.1276108 -0.005420982 0.9918096 -0.027915 0 0.9996103 -0.0811454 -0.001865744 0.9967006 -0.1135139 -0.004232943 0.9935274 -0.195248 -0.01320642 0.980665 -0.2346283 -0.01907175 0.9718981 -0.1077309 0.005261778 0.9941663 -0.2885002 -0.001911699 0.957478 -0.2618466 -5.27594e-6 0.9651095 -0.3468913 3.99555e-6 0.9379054 -0.4469802 -0.006066679 0.8945234 0 1 4.08643e-4 0 1 -6.70369e-5 -0.07621198 0.6433494 0.7617698 -0.1593416 0.5400443 0.8264154 -0.1654164 0.5468369 0.8207355 -0.07044517 0.6146506 0.7856477 -0.0900985 0.6314399 0.7701727 -0.02596801 0.6801373 0.7326248 -0.1613096 0.5372623 0.8278456 -0.2811357 0.4267877 0.8595435 -0.3273786 0.4109267 0.8508598 -0.03650474 0.6718013 0.7398314 -0.01181536 0.6505753 0.75935 -0.06587147 0.617849 0.7835328 -0.03839474 0.5867133 0.808884 -0.1203272 0.5451689 0.8296458 -0.1013444 0.5160415 0.8505473 -0.2046504 0.4789233 0.8536689 -0.5658358 0.2726363 0.7781384 -0.4399441 0.2997096 0.8465361 -0.3195725 0.4542242 0.8315971 -0.3316875 0.4175912 0.8459321 0 0 1 -0.09803825 -0.03188669 0.9946718 -0.1609715 -0.07076823 0.9844187 -0.1103441 -0.1389927 0.9841266 -0.1103222 -0.1389918 0.9841293 -0.3375149 -0.4251886 0.8398206 -0.337513 -0.4251872 0.839822 -0.5250962 -0.6615083 0.5354259 -0.52509 -0.6615115 0.5354278 -0.6122152 -0.7712757 0.1741447 -0.6122229 -0.7712697 0.1741445 -0.9287969 -0.3578777 0.09622937 -0.9092898 -0.3772921 0.1756212 -0.3520985 -0.09459769 0.9311702 -0.5190141 -0.1890075 0.833607 -0.5108162 -0.178569 0.8409401 -0.7039258 -0.2399483 0.6685158 -0.7800932 -0.3183056 0.5386431 -0.8182933 -0.3099014 0.4841044 -0.8978183 -0.337612 0.2827375 -0.1469981 -0.1004456 0.9840235 -0.1469869 -0.1004463 0.9840251 -0.4492436 -0.3070065 0.8390038 -0.4492575 -0.3070061 0.8389964 -0.697982 -0.476969 0.5341551 -0.6979767 -0.4769752 0.5341566 -0.8130925 -0.5556508 0.1735877 -0.8131045 -0.5556342 0.1735855 -0.849723 0.5272294 2.42925e-4 -0.8546544 0.519196 -0.00123167 -0.8557333 0.5174109 -0.002556085 -0.8554214 0.517928 -0.002263784 -0.8533984 0.5212584 -9.80045e-4 -0.1846865 0.9633314 0.1946372 -0.2011327 0.9647017 0.1699893 -0.3397695 0.9124198 0.2281379 -0.3769456 0.9056372 0.1942509 -0.4533997 0.8541207 0.254768 -0.5026268 0.8346543 0.2252079 -0.536789 0.7992267 0.2703598 -0.5549675 0.7890046 0.263596 -0.5954525 0.7577848 0.2668309 -0.5997361 0.7510453 0.27613 -0.6465381 0.7147483 0.2666897 -0.648751 0.7097625 0.2745168 -0.6896677 0.6707493 0.2728624 -0.6920706 0.6614241 0.2890614 -0.7135846 0.6526492 0.2546488 -0.7497161 0.6080374 0.2611826 -0.7490342 0.6226682 0.2263451 -0.790764 0.5675053 0.2294129 -0.793136 0.5860052 0.1659316 -0.8191444 0.5465834 0.1739232 -0.8229057 0.561384 0.08760255 -0.8354982 0.5413646 0.09416598 -0.8375788 0.5457854 0.02408719 -0.05665332 -0.5524435 0.831623 0.3370497 -0.4738087 0.8135741 0.03958487 -0.8634586 0.5028641 0.258539 -0.7905045 0.5552121 0.190707 -0.8317847 0.5213109 0.4051112 -0.7231329 0.5594317 0.3652332 -0.7920716 0.4891088 0.558016 -0.6456962 0.5212433 0.4953619 -0.716561 0.4910773 0.6216593 -0.5965909 0.5075619 0.5634018 -0.6749252 0.4765024 0.08509886 -0.8184727 0.5682085 -0.08417075 -0.5957729 0.7987303 0.02501767 -0.5591951 0.8286586 0.08525508 -0.5491445 0.8313675 0.1377155 -0.5236809 0.8407097 0.2252547 -0.523148 0.8219347 0.2658655 -0.4913309 0.8294031 0.3296079 -0.4557076 0.8268551 0.3704592 -0.4152621 0.8308535 0.03431141 -0.1802485 0.9830225 0.05037105 -0.1433758 0.9883856 0.002898216 -0.1888808 0.9819958 0.02214694 -0.1547346 0.9877079 -0.05252122 -0.2157357 0.9750383 -0.046202 -0.167805 0.984737 -0.132763 -0.2088797 0.9688877 -0.1108807 -0.1882344 0.9758449 -0.1990017 -0.2209973 0.9547557 -0.1856322 -0.1933994 0.9633989 -0.2585341 -0.2015795 0.9447358 -0.3205848 -0.1594305 0.9337063 -0.2776937 -0.5875675 0.7600334 -0.2779046 -0.5845869 0.7622516 -0.09634685 -0.8674137 0.4881708 -0.09922456 -0.8565605 0.5064176 -0.0696057 -0.8444058 0.5311629 -0.06995946 -0.8521447 0.518609 -0.1993072 -0.5708586 0.7964904 -0.199504 -0.5727867 0.7950558 -0.2981091 -0.196591 0.934068 -0.4085083 -0.2132666 0.88749 -0.4073922 -0.199921 0.8911023 0.2150309 -0.6494562 0.7293617 0.2066844 -0.6491102 0.7320775 0.6035649 -0.4442035 0.6621123 0.582709 -0.4482917 0.6778531 0.8731341 -0.1521227 0.4631366 0.8505787 -0.1633436 0.4998348 0.224886 -0.654727 0.7216363 0.2165579 -0.6540532 0.7247876 0.6279684 -0.4527069 0.6330184 0.607576 -0.4561509 0.6502137 0.8987257 -0.1561315 0.4097745 0.878028 -0.1666293 0.4486666 0.6383332 -0.4946339 0.5898035 0.9320808 -0.3491395 0.09657651 0.5186784 -0.779455 0.3513156 0.6693768 -0.6496687 0.3603683 0.7428683 -0.6390149 0.1995164 0.7401304 -0.6143738 0.2734079 0.8148123 -0.5620948 0.141882 0.5290572 -0.7658435 0.3654891 0.5251756 -0.7507175 0.4007666 0.4078901 -0.7251339 0.5548032 0.4117078 -0.7374429 0.5354201 0.2324277 -0.6836936 0.6917662 0.7362553 -0.4920096 0.4646016 0.7489745 -0.5405052 0.3832641 0.7850263 -0.4547802 0.4206051 0.8054272 -0.5279768 0.2693095 0.8950245 -0.3697785 0.2493894 0.900933 -0.3949623 0.1797899 0.9923999 -0.1163228 0.0401414 0.9870374 -0.1409968 0.07666277 0.9851152 -0.1279018 0.1148447 0.9639591 -0.1930838 0.1830341 0.9589446 -0.1725894 0.225029 0.9419922 -0.1844196 0.2804287 0.9380242 -0.1712397 0.3013101 0.9069739 -0.1894184 0.3761903 0.8932335 -0.2086627 0.3982384 0.7261353 -0.1837699 0.6625378 0.4998847 -0.1428509 0.8542301 0.2386192 -0.09641718 0.966315 0.09121382 -0.05663883 0.9942194 0.07597267 -0.07606291 0.9942045 0.06835997 -0.2135938 0.9745279 0.05475854 -0.2267355 0.9724159 0.04353296 -0.3654228 0.9298232 0.03276157 -0.3723838 0.9275004 0.0168845 -0.5078926 0.8612549 0.0124557 -0.5093729 0.8604557 0.3815959 -0.05265301 0.9228284 0.2602205 -0.1315399 0.9565473 0.2489778 -0.1889525 0.9498984 0.1910249 -0.2464563 0.9501414 0.1592611 -0.3574743 0.9202435 0.1139055 -0.384274 0.9161654 0.06034404 -0.510921 0.8575072 0.04230797 -0.5146819 0.8563368 0.6517956 -0.06076419 0.7559565 0.494665 -0.1248937 0.860063 0.4713172 -0.1939842 0.8603664 0.3579849 -0.2708381 0.8935847 0.3024111 -0.3744717 0.8765379 0.2155335 -0.3997969 0.8909028 0.1103479 -0.5260989 0.8432339 0.0772199 -0.5235239 0.8485046 0.7960666 -0.1337324 0.5902488 0.6970767 -0.02533507 0.7165489 0.6042604 -0.263598 0.7519214 0.5092934 -0.2509765 0.8231835 0.3872985 -0.4239788 0.8186831 0.3160846 -0.3954491 0.8623865 0.1385577 -0.5471665 0.825476 0.1119612 -0.5285866 0.8414636 0.8706867 -0.09697198 0.4821837 0.7794705 -0.09379261 0.6193777 0.6942058 -0.2860268 0.6605052 0.6015315 -0.2574765 0.756218 0.4493582 -0.4470048 0.7734752 0.379014 -0.4053704 0.8318794 0.1592298 -0.5599406 0.8130882 0.1334478 -0.535772 0.8337506 0.9439398 -0.1464735 0.2958431 0.8800231 -0.05576699 0.4716455 0.7710862 -0.3131304 0.5544146 0.6890193 -0.2673808 0.6736171 0.5061016 -0.4744653 0.7202389 0.4417504 -0.4195799 0.792975 0.1782868 -0.5745914 0.7987856 0.1550428 -0.5450103 0.8239694 0.9803464 -0.1363502 0.1425823 0.9378471 -0.09180098 0.3346872 0.8310421 -0.3447237 0.4365027 0.7670559 -0.2823203 0.5761257 0.5552005 -0.5065625 0.6596567 0.5015234 -0.4392527 0.7453398 0.1949654 -0.591269 0.7825532 0.175909 -0.5566836 0.8118864 0 -0.07628351 0.9970862 0 -0.2270762 0.973877 0 -0.3725833 0.9279987 0 -0.509416 0.8605204 0.1274917 -0.1242279 0.9840292 0.1393638 -0.159411 0.977326 0.4258543 -0.3950763 0.8139796 0.4294905 -0.4104661 0.8043977 0.6434923 -0.5896448 0.4880952 0.643509 -0.5889798 0.4888753 0.0799663 -0.1285777 0.9884701 0.09183508 -0.1640954 0.9821604 0.3988316 -0.4058208 0.8223398 0.4026254 -0.4210932 0.8127566 0.6363028 -0.5985953 0.4866235 0.636308 -0.5977079 0.4877063 -0.1038123 -0.02419513 0.9943026 -0.4502682 0.6223365 0.6402781 -0.4504371 0.5909374 0.6692529 -0.1021314 -0.03728026 0.9940721 -0.2452912 0.2206448 0.9440065 -0.3130429 0.300054 0.9010949 -0.3332219 0.3806635 0.8625883 -0.3878144 0.492669 0.7790233 -0.1231538 0.0433157 0.9914419 -0.09161251 -0.01682621 0.9956526 -0.3179905 0.3588926 0.877541 -0.2953711 0.310833 0.9034039 -0.4646131 0.6206923 0.6315661 -0.452982 0.5893685 0.6689187 -0.1311794 0.1220696 0.9838146 -0.09521287 0.06280922 0.9934735 -0.3368312 0.4066499 0.8492236 -0.3119094 0.3631289 0.8779807 -0.4945496 0.6340129 0.5945152 -0.4819743 0.6086329 0.6302911 0.3639394 -0.9038636 0.2248973 0.353914 -0.919301 0.1721355 0.1327937 -0.8099313 0.5712943 0.1305273 -0.8203872 0.5567114 0.1616213 -0.9678931 0.1925141 0.1574517 -0.9775756 0.1398395 0.05943161 -0.8300037 0.5545827 0.05864584 -0.8393014 0.5404942 -0.379559 0.9028379 -0.2020367 -0.5157926 -0.8446364 -0.1433436 -0.8059073 -0.5890877 -0.05906963 -0.6237778 -0.7808813 0.03355234 -0.7002704 -0.7050932 0.1116477 0 -1 3.00659e-6 0 -1 -2.46632e-6 0 -1 5.94032e-6 0 -1 5.80652e-5 0 -1 -9.63529e-6 0 -1 -2.15618e-5 0 -1 8.41064e-6 0 -1 2.20989e-5 0.3176161 -0.9397157 -0.1267061 0.7094339 -0.6825821 -0.1754572 0.6063818 -0.7950947 -0.01121091 0.7513064 -0.6599525 0.001252233 0.6981965 -0.7030711 0.1349549 -1.92782e-6 0 1 2.80016e-6 0 1 0.7233808 -0.6899586 0.02603071 0.7171334 -0.6965858 0.02209275 0.748367 -0.6582303 0.08173108 0.5038949 0.8137197 0.2897416 0.1798527 0.9772601 0.1123198 0.20932 0.9704133 0.1203463 0.7453092 0.4985123 0.4427185 0.8004555 0.3448962 0.490222 0.8308635 0.2544851 0.4948769 0.7010788 -0.5813214 0.4129821 0.5695399 -0.7272564 0.3830436 0.6870133 -0.5936058 0.4191003 0.7747828 -0.4314784 0.4621019 0.8187875 -0.3018003 0.4883684 0.9725701 -0.196137 0.1250505 0.9136968 0.2600938 0.312265 0.7370411 0.6278846 0.2500627 0.7380387 0.6265298 0.2505182 0.8741441 0.3442466 0.3425879 0.5724173 0.7864952 0.2318703 0.6691712 0.627941 0.3973666 0.5702037 0.7437953 0.3487641 0.6143853 0.7439342 0.262855 0.2135366 0.9704689 0.1122151 0.2315195 0.9660152 0.1149496 0.807886 -0.5326349 0.2522313 0.7786625 -0.5766568 0.2472891 0.9459245 -0.1317815 0.2964127 0.8452505 -0.1332956 0.5174784 0.8554847 -0.06548577 0.5136709 0.1490416 0 0.9888309 0.4338862 0 0.9009678 0.4338822 0 0.9009696 0.6801707 0 0.7330538 0.680175 0 0.7330498 0.8660273 0 0.4999967 0.8660235 0 0.5000035 0.9749277 0 0.2225218 0.9749282 0 0.2225196 0.9972039 0 -0.07472991 0.9308744 0 -0.3653395 0.9308729 0 -0.3653435 0.7818328 0 -0.6234882 0.7818284 0 -0.6234937 0.5633217 0 -0.8262377 0.5633178 0 -0.8262404 0.2947516 0 -0.955574 0.2947567 0 -0.9555724 0 0 -1 -0.2947516 0 -0.955574 -0.2947567 0 -0.9555724 -0.563322 0 -0.8262375 -0.5633174 0 -0.8262407 -0.7818328 0 -0.6234882 -0.7818284 0 -0.6234937 -0.9308744 0 -0.3653395 -0.9308729 0 -0.3653435 -0.9972039 0 -0.07472991 -0.9749277 0 0.2225218 -0.9749283 0 0.2225196 -0.8660273 0 0.4999967 -0.8660235 0 0.5000035 -0.6801705 0 0.733054 -0.6801752 0 0.7330496 -0.4338858 0 0.9009679 -0.4338827 0 0.9009695 -0.1490416 0 0.9888309 -1.57297e-5 0 1 7.06053e-5 0 1 -2.99043e-4 0 1 -8.42531e-5 0 1 0.002322316 0 0.9999973 4.28082e-5 0 1 -1.35386e-5 0 1 -9.76562e-6 0 1 0 -1 1.55756e-4 0 -1 -3.29035e-5 0 0.1645947 0.9863613 0 0.4759468 0.8794741 0 0.4759469 0.879474 0 0.7357242 0.6772814 0 0.9157733 0.4016954 0 0.9157733 0.4016957 0 0.9965846 0.08257889 0 0.9965845 0.08257967 0 0.9694004 -0.2454853 0 0.9694004 -0.2454855 0 0.8371663 -0.5469485 0 0.8371663 -0.5469486 0 0.6142132 -0.7891403 0 0.6142132 -0.7891402 0 0.3246996 -0.9458172 0 0.3246994 -0.9458173 0 -0.3246996 -0.9458172 0 -0.3246995 -0.9458172 0 -0.6142134 -0.78914 0 -0.6142129 -0.7891405 0 -0.8371661 -0.5469487 0 -0.8371664 -0.5469483 0 -0.9694004 -0.2454853 0 -0.9694004 -0.2454855 0 -0.9965845 0.08257967 0 -0.9965846 0.08257895 0 -0.9157733 0.4016954 0 -0.9157733 0.4016957 0 -0.7357242 0.6772814 0 -0.4759466 0.8794742 0 -0.4759471 0.8794739 0 -0.1645948 0.9863613 0 -0.1645947 0.9863613 0 0.1645948 0.9863613 8.64175e-6 -0.7071111 0.7071025 0 -0.7071039 0.7071096 -1.29172e-6 -0.7071101 0.7071036 0 -0.7070996 0.7071141 0 -0.7071048 0.7071088 0 -0.7071166 0.7070971 4.90285e-6 -0.7071056 0.707108 0.5256786 -0.07207226 0.8476247 0.5577715 -0.3903257 0.7324869 0.1710211 -0.09941154 0.9802394 0.1908841 -0.2551863 0.9478626 0.1793532 -0.2244892 0.9578294 0.204629 -0.3921305 0.8968616 0.1604215 -0.361209 0.9185821 0.2061855 -0.5203698 0.8286754 0.1806038 -0.472785 0.8624712 0.2208926 -0.6007744 0.7682946 0.1715837 -0.5624378 0.8088403 0.1828047 -0.112977 0.9766364 0.5220019 -0.06831067 0.8502046 0.5337939 -0.1535316 0.8315602 0.532927 -0.1638944 0.8301371 0.5441261 -0.2408282 0.8036968 0.5357559 -0.2602851 0.8032543 0.5554198 -0.3244199 0.7656766 0.5572001 -0.3434411 0.7560268 0.5745671 -0.400323 0.7138727 0.8403612 -0.139092 0.5238764 0.8339592 -0.1360087 0.5348026 0.8286073 -0.118973 0.5470424 0.8247603 -0.112185 0.5542427 0.8174873 -0.0880475 0.5691768 0.8103041 -0.08465671 0.5798625 0.8061158 -0.05680239 0.5890254 0.8041412 -0.05162948 0.5921921 0.800651 -0.02505582 0.598607 0.7985326 -0.02273887 0.6015219 -1 1.9114e-7 0 -1 -1.9393e-7 0 -1 8.40754e-7 0 -1 -2.41202e-7 0 -1 -8.53694e-7 0 -0.2294149 -0.9484882 0.2184921 -0.7007611 -0.6827846 0.2067341 -0.7737087 -0.5333771 0.341883 -0.889494 -0.4528433 0.06110256 -0.8693043 -0.3144325 0.3813692 -0.7415586 -0.03900837 0.6697531 -0.9371519 -0.1104211 0.330989 -0.6733012 -0.1662434 0.7204365 -0.7439361 -0.4705808 0.4744606 -0.743935 -0.4705845 0.4744586 -0.7091599 -0.6772637 0.1959749 -0.6388085 -0.7402649 0.2095987 -0.5779078 -0.8154327 0.03304898 -0.4780616 -0.8769221 0.04964566 -0.2650641 -0.9633224 0.04184579 -0.4606134 -0.8197962 0.3402493 -0.4525664 -0.8242951 0.3401787 -0.583387 -0.5519968 0.5957845 -0.5775852 -0.5561031 0.5976158 -0.6178339 -0.1949228 0.7617654 -0.9636555 -0.2582105 0.06852304 -0.9610757 -0.178492 -0.2108891 -0.937152 -0.110412 0.3309912 -0.8693021 -0.3144361 0.381371 -0.7175864 -0.1110789 0.6875545 -0.05814123 -0.9983084 0 -0.1305204 -0.9914068 0.00877428 -0.1739478 -0.9847527 0.002147793 -0.5600395 -0.8284651 0.001160264 -0.4901941 -0.8716133 -3.95405e-4 -0.4422859 -0.8968723 0.001827001 -0.4156339 -0.9095318 -7.47185e-4 -0.3214417 -0.9469289 9.55771e-4 -0.3159084 -0.9487897 3.05374e-4 -0.2469916 -0.9690176 -7.86197e-5 -0.8078988 -0.5891792 0.01293832 -0.7533965 -0.6575651 0.001494586 -0.715792 -0.6983136 4.57272e-6 -0.6087603 -0.7933543 -5.04543e-5 -0.6825236 -0.7303479 0.02745205 -0.6376855 -0.7701829 0.01325428 -0.9993559 -0.03588724 0 -0.9918051 -0.1275451 0.007405996 -0.9718736 -0.233554 0.03024059 -0.9914203 -0.1305229 -0.007040321 -0.9470723 -0.3210134 0.0021196 -0.9359509 -0.3520837 0.005750954 -0.946929 -0.3214392 0.001559734 -0.928466 -0.3714177 2.55145e-6 -0.8968744 -0.4422855 -1.17273e-5 -0.9097651 -0.4150964 0.004773676 -0.7933002 -0.6087203 -0.01160168 -0.8689398 -0.4931051 0.04232132 -0.8387296 -0.5439057 0.02644461 0.998187 -0.06019014 0 0.9469303 -0.321439 -3.70573e-4 0.9400716 -0.3409474 0.0045138 0.991393 -0.1305199 -0.01022195 0.9652881 -0.2552259 0.05548644 0.9841235 -0.1760072 0.02285873 0.7625145 -0.6469711 0 0.7545802 -0.6562075 8.22361e-4 0.7564159 -0.6540908 4.54286e-4 0.7593083 -0.6507311 1.16903e-4 0.7506205 -0.6607288 0.002575099 0.7505675 -0.6607888 0.002597987 0.7513986 -0.6598458 0.001902699 0.7530225 -0.6579936 0.00123763 0.7753804 -0.6282219 0.06420803 0.7158932 -0.6982099 1.22918e-5 0.7276495 -0.685949 6.21861e-4 0.793339 -0.6087509 0.005975365 0.7133834 -0.6992269 0.04653865 0.8954775 -0.4416011 -0.05575448 0.6991798 -0.7056674 0.1148094 0.7245525 -0.6821089 0.09874826 0.8451724 -0.5340046 0.02287036 0.8766842 -0.4809558 0.01031744 0.9033059 -0.4289971 2.71992e-4 0.6776786 -0.7353582 -4.11935e-5 0.6087305 -0.7933152 0.009902477 0.6014584 -0.7988671 0.007702171 0.4422847 -0.8968715 0.002433478 0.479004 -0.8778115 -0.001491665 0.5430649 -0.8396897 0.001330494 0.3214415 -0.9469261 0.002497255 0.3550145 -0.9348608 -7.96598e-6 0.406344 -0.9137202 8.18366e-6 0.1305255 -0.991445 0 0.03384488 -0.9989401 0.03119587 0.1118843 -0.9936565 0.01134991 0.2246134 -0.9744471 -0.001255631 0.3039228 -0.9526963 9.54775e-4 1 -5.20669e-6 0 1 -3.74481e-7 0 1 -3.23923e-7 0 0.6338699 -0.1110788 0.7654219 0.526263 -0.1949152 0.8276807 0.8289039 -0.08784806 0.5524501 0.6597267 -0.03900349 0.7504928 0.5860995 -0.1662434 0.7930011 0.6332118 -0.770569 0.07256966 0.9795836 -0.1561524 0.1266195 0.978821 -0.171887 0.1111957 0.8941779 -0.4161981 0.1650003 0.8759371 -0.4432424 0.1904484 0.8097192 -0.560096 0.1750645 0.4640966 -0.882639 0.07458388 0.306549 -0.9381141 0.1611511 0.2194229 -0.9708645 0.09631037 0.4127386 -0.8207631 0.3949617 0.4167625 -0.8225058 0.3870311 0.6755738 -0.6980882 0.2372193 0.6742618 -0.6984993 0.2397286 0.747052 -0.6326568 0.2041049 0.9180301 -0.1205763 0.3777329 0.8686644 -0.1934508 0.4560692 0.8197521 -0.314432 0.4786847 0.8197504 -0.3144358 0.4786852 0.6845212 -0.4705832 0.5567606 0.6845234 -0.4705845 0.5567566 0.5107055 -0.5540103 0.6574592 0.5058463 -0.5523892 0.66256 1 4.83125e-7 0 1 6.86662e-7 0 -0.6411329 0.09504675 0.7615213 -0.5693848 0.5711693 0.5912415 -0.1265684 0.1257089 0.9839602 -0.1242273 0.1204138 0.9849205 -0.1444231 0.09291893 0.9851437 -0.1432344 0.09157669 0.9854429 -0.5477254 0.5195595 0.6557857 -0.6318637 0.4089776 0.6583962 -0.597124 0.3173162 0.736718 -0.6529094 0.2952284 0.6975311 -0.704075 0.1279655 0.6985008 -0.2305812 0.07062458 0.9704868 -0.1653089 0.02341794 0.9859639 -0.4490036 0.110444 0.8866781 -0.4115785 0.2241452 0.8833811 -0.4285909 0.2422564 0.8704147 -0.3575903 0.3391276 0.8701274 -0.3748211 0.375831 0.8475024 -0.1949306 0.425715 0.8836113 -0.2137545 0.4284482 0.8779187 -0.5510052 0.1757438 0.8157865 -0.5854691 0.1770942 0.7911154 -0.1920421 0.451323 0.8714514 -0.2099922 0.4543873 0.8656995 -0.5453611 0.2279586 0.8066078 -0.5792427 0.2297701 0.7821021 -0.05231142 0.9299259 0.3640073 -0.04380923 0.9287353 0.3681461 -0.2741069 0.4664125 0.8410261 -0.7893463 0.2907905 0.5407156 -0.460574 0.3866643 0.7989759 -0.2653649 0.4642003 0.8450441 0.04197031 0.8006532 0.5976563 0.04249829 0.805736 0.5907483 0.06399238 0.8025449 0.5931498 -0.07020956 0.9354287 0.3464735 -0.06452006 0.9361673 0.3455836 -0.2803633 0.8353691 0.4728161 -0.2341644 0.8345118 0.4987555 0.006464302 0.8048956 0.5933813 -0.002393007 0.8123097 0.5832215 0.01577007 0.8069197 0.5904508 -0.1053072 0.9817692 0.1582394 -0.1968441 0.937519 0.2868984 -0.1872667 0.9371153 0.294527 -0.1313234 0.938964 0.3179636 -0.3008541 0.4696751 0.8299953 -0.6725785 0.3772625 0.6366406 -0.2294828 0.7234054 0.65117 -0.2386143 0.7247933 0.6463264 -0.6201469 0.6663507 0.4139984 -0.2019572 0.9372165 0.2843214 -0.1082295 0.9442024 0.311076 -0.4185004 0.7901561 0.4477844 -0.1006436 0.7729218 0.6264687 -0.4449842 0.5542778 0.7033956 -0.3877142 0.551169 0.738844 -0.06781905 0.6023855 0.795319 -0.2151361 0.6426275 0.7353546 0.0282188 0.6665588 0.7449182 -0.03148144 0.6675078 0.743937 0.005808234 0.6719581 0.7405664 0 0.6766049 0.7363463 -0.08286839 0.6380823 0.7654958 -0.1094347 0.9764117 0.1861301 -0.1423296 0.970704 0.1935875 -0.1532317 0.974067 0.1664741 -0.1388173 0.9723685 0.1876946 -0.2240349 -0.9745682 -0.005027592 -0.623753 -0.7816199 0.001625776 -0.501372 -0.8652201 0.004517376 -0.4179203 -0.9084812 -0.002158105 -0.6217199 -0.7832378 0.001774609 -0.07486677 -0.9971936 0 -0.06050187 -0.9981678 -7.65493e-4 -0.2238967 -0.9746125 9.23176e-4 -0.37833 -0.925615 0.01016664 -0.8548594 -0.5188592 7.53484e-4 -0.8052069 -0.5929791 0.004200398 -0.8256318 -0.5642045 0.00233525 -0.7517107 -0.659493 -7.18096e-5 -0.6996724 -0.7144639 5.17815e-5 -0.9331257 -0.3595427 -0.002323031 -0.9658889 -0.2589573 -1.4591e-4 -0.937164 -0.3488889 2.2006e-4 -0.9345986 -0.3557041 3.97366e-4 -0.9155483 -0.4022082 5.16811e-5 -0.8996428 -0.4366266 -6.38788e-5 -0.9867531 0.1622294 -5.7727e-5 -0.9948137 0.1017108 7.69515e-4 -0.9994204 0.03390997 0.0030092 -0.9995662 -0.02876847 0.006312489 -0.9966455 -0.0812304 0.009980082 -0.9839217 -0.1785938 -0.00160849 -0.9987255 -0.04983526 -0.008004367 -0.9695174 -0.2446944 0.01268362 -0.9955428 0.09341204 -0.01299166 -0.9831179 -0.1819169 0.01963245 -0.9902468 -0.1385279 0.01487714 -0.9728467 0.2314505 1.20357e-4 -0.9394054 0.3427921 -0.003356814 -0.8840025 0.4672728 -0.0139988 -0.8545059 0.5194417 2.12489e-4 -0.8936244 0.4488114 0.001993119 -0.9438892 0.3300839 0.01085478 -0.9731428 0.2291617 0.02186697 -0.9841545 0.1749235 0.02901297 -0.5968243 0.8023251 0.008672714 -0.8126077 0.582811 -4.12422e-4 -0.7590915 0.6509688 -0.00446403 -0.8055155 0.5925687 0.002682864 -0.6988922 0.7152255 -0.00148499 -0.5462849 0.8372797 0.02314341 -0.6565299 0.7541629 -0.01438975 -0.4655894 0.8849728 0.007044553 -0.2344759 0.9714246 0.03681492 -0.2940063 0.9558035 5.03669e-5 -0.4300603 0.9028003 -4.99152e-5 -0.1964477 -0.8829558 0.4263771 -0.3800554 -0.6067435 0.6981548 -0.1257606 -0.8545842 0.5038554 -0.2708873 -0.8696454 0.4127192 -0.2025605 -0.8482773 0.4892801 -0.3934525 -0.8463864 0.3589225 -0.3786505 -0.7962281 0.4718524 -0.5641533 -0.7541794 0.3360724 -0.5182509 -0.7499495 0.4110862 -0.6521316 -0.4766852 0.5894876 -0.6140549 -0.5062301 0.605531 -0.5595337 -0.5194514 0.6458268 -0.4945933 -0.5755532 0.6512418 -0.4464893 -0.5754569 0.6851983 -0.3851098 -0.5882184 0.7111186 -0.335736 -0.5819481 0.7406874 -0.4997929 -0.2181121 0.8382328 -0.6751156 -0.6824387 0.2801719 -0.6579391 -0.6530826 0.3749659 -0.7269048 -0.443906 0.5239819 -0.7388249 -0.4587839 0.4936145 -0.7104693 -0.3565537 0.6067149 -0.4813653 -0.2058432 0.852007 -0.5298187 -0.2112392 0.8213831 -0.5137717 -0.2022675 0.8337425 -0.587666 -0.2043008 0.7828856 -0.5782961 -0.1883133 0.7937958 -0.64514 -0.1717795 0.744504 -0.6404974 -0.1699689 0.748915 -0.691811 -0.1496168 0.7064082 -0.6918281 -0.1496378 0.7063869 -0.8358486 -0.4296165 0.3417409 -0.8195002 -0.2019854 0.5363034 -0.73285 -0.106684 0.6719744 -0.7911761 -0.1888793 0.5816915 -0.7239547 -0.6529372 0.2226268 -0.7105488 -0.5947636 0.3760011 -0.6875609 -0.5994571 0.4097696 -0.779635 -0.5255076 0.340604 -0.7804465 -0.5519916 0.2936131 -0.7972544 -0.5392167 0.27135 -0.7851764 -0.5841642 0.2055488 -0.8556817 -0.215578 0.4704626 -0.864169 -0.1408237 0.4830951 -0.839671 -0.186954 0.5099029 -0.737972 -0.05236327 0.6727967 -0.78108 -0.1318867 0.6103441 -0.7460975 -0.1584632 0.6467056 -0.7087981 -0.1366503 0.6920491 -0.7785897 -0.3337284 0.5314353 -0.7663601 -0.3147438 0.5600255 -0.7716794 -0.414726 0.4821963 -0.776329 -0.4298973 0.460979 -0.7579962 -0.5223631 0.3906131 -0.7686092 -0.5738022 0.2828266 -0.7305678 -0.6333388 0.2552505 -0.6331275 -0.7576327 0.1585629 -0.4704225 -0.8684092 0.1567426 -0.1948403 -0.934219 0.2987846 -0.1948338 -0.9342206 0.298784 -0.1947737 -0.8960241 0.3990037 -0.1947755 -0.8960239 0.3990035 -0.1947831 -0.8440388 0.4996579 -0.1947648 -0.8440399 0.4996632 -0.1947733 -0.7807939 0.5936535 -0.1947855 -0.7807915 0.5936526 -0.1947625 -0.7071338 0.6797275 -0.1947862 -0.7071282 0.6797264 -0.1950887 -0.659834 0.7256442 -0.153858 -0.6214222 0.7682201 -0.1947859 -0.6240315 0.756732 -0.1947833 -0.5326161 0.8236381 -0.1947858 -0.5326116 0.8236404 -0.1950793 -0.47026 0.8606972 -0.1241233 -0.4246815 0.8967939 -0.1947857 -0.4340859 0.8795613 -0.1948043 -0.329771 0.9237437 -0.1947649 -0.3297702 0.9237524 -0.1950235 -0.2542029 0.947284 -0.09401541 -0.2020733 0.9748474 -0.1947855 -0.2210534 0.9556119 -0.1948045 -0.1093878 0.9747233 -0.1947855 -0.1093881 0.9747272 -0.1950089 -0.02382653 0.980512 -0.132063 0.003776788 0.9912341 -0.1950209 0.0328378 0.9802492 -0.1948044 0.1168122 0.9738615 -0.1947649 0.1168123 0.9738695 -0.1949577 0.2078947 0.9585256 -0.136313 0.230615 0.9634498 -0.1950521 0.2628999 0.9449012 -0.1947838 0.3368003 0.9212084 -0.1947855 0.336797 0.9212092 -0.1949157 0.4279157 0.8825509 -0.1475178 0.4444648 0.8835664 -0.1950648 0.4781557 0.8563393 -0.194783 0.5388773 0.8195554 -0.194786 0.5388718 0.8195582 -0.1948681 0.6238373 0.7568708 -0.1654853 0.6332252 0.7560691 -0.1950678 0.6664766 0.7195537 -0.194773 0.7122915 0.6743177 -0.1947761 0.7122871 0.6743215 -0.1947726 0.7852957 0.5876855 -0.1947757 0.7852928 0.5876885 -0.1947788 0.8478214 0.4932143 -0.1947858 0.8478185 0.4932163 -0.1947885 0.8990367 0.3921617 -0.1947763 0.8990374 0.3921658 -0.1947755 0.9382624 0.2858784 -0.19477 0.9382624 0.2858819 -0.194773 0.9649686 0.1757814 -0.1947756 0.9649678 0.1757835 -0.1950741 0.974857 0.1077024 -0.1410036 0.9886578 0.05170875 -0.1947774 0.9788002 0.0633403 -0.1947793 0.9795747 -0.04994612 -0.1947768 0.979575 -0.04994821 -0.195056 0.9727879 -0.1250478 -0.111096 0.9767375 -0.1834167 -0.1947799 0.967281 -0.1625682 -0.1947756 0.9420842 -0.2730198 -0.1947786 0.942083 -0.2730218 -0.1950289 0.9159347 -0.3507528 -0.08087545 0.9086689 -0.4096096 -0.1947805 0.9043172 -0.3798301 -0.1947784 0.854488 -0.4815722 -0.1947807 0.8544862 -0.4815742 -0.1949905 0.8074957 -0.5567132 -0.1330518 0.8015577 -0.5829257 -0.1950315 0.7739906 -0.6024131 -0.554933 0.5428152 -0.6303976 -0.5549308 0.5428182 -0.630397 -0.5549246 0.611891 -0.563603 -0.554932 0.6118845 -0.5636026 -0.5549278 0.6727975 -0.4892838 -0.5549324 0.672791 -0.4892877 -0.554927 0.7247296 -0.4084397 -0.5549322 0.7247237 -0.4084433 -0.5549241 0.7669935 -0.3221495 -0.5549324 0.766987 -0.3221507 -0.5549274 0.7990216 -0.2315604 -0.5549283 0.7990211 -0.2315596 -0.554929 0.8203918 -0.1378806 -0.554929 0.8203921 -0.1378797 -0.5549315 0.8308168 -0.04236233 -0.5549286 0.8308186 -0.04236352 -0.5549248 0.8301641 0.05372208 -0.5549305 0.8301604 0.0537222 -0.5549308 0.8184282 0.149088 -0.5549305 0.8184282 0.1490888 -0.5549284 0.7957788 0.2424677 -0.5549321 0.7957763 0.2424674 -0.5549294 0.7625129 0.3326072 -0.554927 0.7625137 0.3326093 -0.5549274 0.719074 0.418316 -0.5549237 0.7190747 0.4183196 -0.5549306 0.6660424 0.4984372 -0.5549178 0.6660439 0.4984494 -0.5549247 0.6041251 0.5719192 -0.5549383 0.6041171 0.5719145 -0.5549324 0.5341454 0.6377608 -0.5549304 0.5341445 0.6377633 -0.5549253 0.4570447 0.695103 -0.5549373 0.4570406 0.695096 -0.5549033 0.3738499 0.7431815 -0.5549381 0.3738391 0.7431609 -0.554947 0.2856514 0.7813048 -0.5549088 0.2856564 0.7813302 -0.5549325 0.1936568 0.8090408 -0.5549378 0.1936547 0.8090377 -0.5549327 0.09907227 0.8259748 -0.554938 0.09907203 0.8259713 -0.554918 0.003168106 0.831899 -0.5549083 0.003169417 0.8319056 -0.5549328 -0.09277504 0.8267058 -0.5549232 -0.09277647 0.8267121 -0.5549181 -0.1874865 0.8105027 -0.5549379 -0.1874846 0.8104897 -0.554947 -0.2796902 0.7834585 -0.554908 -0.279696 0.7834841 -0.5549333 -0.3681656 0.7459914 -0.5549386 -0.3681635 0.7459886 -0.5549321 -0.4517313 0.6985622 -0.5549382 -0.4517297 0.6985585 -0.5549182 -0.5292748 0.6418209 -0.5549378 -0.5292663 0.641811 -0.554924 -0.5997514 0.5765046 -0.5549305 -0.5997462 0.5765039 -0.5549315 -0.6622225 0.5035002 -0.5549244 -0.6622245 0.5035056 -0.5549324 -0.7158625 0.4237818 -0.5549392 -0.715858 0.4237807 -0.5549334 -0.7599519 0.3384111 -0.5549286 -0.759955 0.3384121 -0.5550598 -0.7922772 0.2533882 -0.5550604 -0.792277 0.2533876 -0.5550575 -0.8141726 0.1703945 -0.1948415 -0.9600349 0.2009223 -0.1948367 -0.9600361 0.2009212 -0.1947783 0.7214459 -0.6645128 -0.1947804 0.7214452 -0.6645131 -0.1949381 0.653578 -0.7313241 -0.1403332 0.646048 -0.7502857 -0.1950597 0.6102394 -0.7678278 -0.5544369 0.4534432 -0.697846 -0.5544279 0.4534465 -0.6978511 -0.194543 0.5344448 -0.8225095 -0.1945254 0.5344473 -0.822512 0 0.1564345 0.9876884 0 0.4539877 0.891008 0 0.4539916 0.891006 0 0.7071074 0.7071062 0 0.8910062 0.4539911 0 0.8910072 0.4539893 0 0.9876882 0.1564354 0 0.9876885 0.1564338 0 0.9876884 -0.1564346 0 0.8910062 -0.4539914 0 0.8910073 -0.4539891 0 0.7071062 -0.7071074 0 0.7071074 -0.7071062 0 0.4539896 -0.8910071 0 0.4539917 -0.8910061 0 0.1564345 -0.9876884 0 0.1564345 -0.9876884 0 -0.1564345 -0.9876884 0 -0.4539897 -0.891007 0 -0.4539916 -0.891006 0 -0.7071074 -0.7071062 0 -0.8910062 -0.4539911 0 -0.8910072 -0.4539893 0 -0.9876884 -0.1564346 0 -0.9876882 0.1564354 0 -0.9876885 0.1564338 0 -0.8910062 0.4539914 0 -0.8910073 0.4539891 0 -0.7071062 0.7071074 0 -0.7071074 0.7071062 0 -0.4539876 0.891008 0 -0.4539917 0.8910061 0 -0.1564345 0.9876884 0 -0.1564345 0.9876884 -0.8311703 -0.2438727 0.499682 -0.3044372 -0.9425639 0.1374458 -0.218563 -0.9427736 0.2518095 -0.2137193 -0.9414263 0.2608461 -0.2134795 -0.9402209 0.2653512 -0.8326086 -0.246312 0.4960779 -0.737392 -0.4768826 0.4783682 -0.596073 -0.675958 0.4333333 -0.596027 -0.6758953 0.4334945 -0.419808 -0.8349896 0.3557437 -0.2225204 -0.9457245 0.236833 -0.4452507 -0.8283378 0.3400122 -0.6281548 -0.6838076 0.3712531 -0.8498824 -0.2335681 0.4723833 -0.8590793 -0.2512551 0.4459304 -0.7590563 -0.4675981 0.4529741 -0.6239456 -0.6653087 0.4099466 -0.2027574 -0.4180154 0.8855238 -0.7720981 -0.2135595 0.5985457 -0.7819701 -0.2315929 0.5786948 -0.6639015 -0.2200852 0.7147009 -0.5249444 -0.2083919 0.825231 -0.5297119 -0.2134375 0.8208835 -0.3702235 -0.2075952 0.9054495 -0.2251288 -0.2102115 0.9513823 -0.2102015 -0.1992392 0.9571411 -0.5708389 -0.6479423 0.5042953 -0.4099339 -0.8165834 0.4063813 -0.1341138 -0.7895077 0.5989084 -0.1458982 -0.9293448 0.3391637 -0.1787735 -0.8819101 0.4362049 -0.2449972 -0.9032409 0.352324 -0.2691292 -0.9391439 0.2134907 -0.690968 -0.4472509 0.5679173 -0.564881 -0.637808 0.5235555 -0.3961247 -0.6163899 0.6805503 -0.3961494 -0.6163719 0.6805522 -0.2162033 -0.609838 0.7624656 -0.1828204 -0.6227577 0.7607559 -0.03115624 0 0.9995145 -0.183968 0.004732608 0.9829208 -0.2145026 0 0.9767235 -0.2145276 0 0.976718 -0.3783826 0 0.9256494 -0.5270471 0.002825379 0.8498314 -0.5422019 0 0.8402484 -0.6806603 0 0.7325993 -0.7987356 0.001415371 0.6016805 -0.8038362 0 0.5948509 -0.001932621 0.9999981 -3.88768e-4 5.16095e-6 0.1131635 0.9935765 -0.006758034 0.603083 0.79765 -0.0353682 0.6358987 0.7709618 -0.06796169 0.648211 0.758422 -0.05921214 0.6470546 0.7601409 -3.97017e-4 0.7063309 0.7078818 -2.62007e-4 0.7072903 0.7069233 4.05193e-4 0.7062658 0.7079466 -7.26919e-5 0.7067976 0.7074159 -4.03248e-4 0.706327 0.7078856 -1.51618e-4 0.7070147 0.7071989 -3.73313e-5 0.7086404 0.7055699 1.73055e-4 0.7127174 0.7014513 -0.001778781 0.7279669 0.6856099 4.81707e-4 0.7189733 0.6950376 -0.02682292 0.464153 0.8853487 -0.05657774 0.4953402 0.8668548 -0.01659381 0.4577895 0.8889058 -0.001962661 0.5319799 0.8467548 0.001555979 0.5603097 0.8282818 -8.97168e-6 0.1610781 0.9869416 -0.01408219 0.2353329 0.9718129 -0.01830792 0.2434363 0.9697442 -1.43296e-4 0.3182949 0.9479917 1.77783e-4 0.3943322 0.9189681 -0.004252374 0.07259833 0.9973522 -0.01388341 0.03179645 0.9993979 -0.05893146 0.04658931 0.9971743 -0.04166543 -0.1599383 0.9862474 -0.02598512 -0.15758 0.9871643 -0.002482771 -0.1472956 0.9890894 0.006694138 0.01631909 0.9998445 -0.034002 -0.01402205 0.9993235 -0.02020496 0.01544982 0.9996765 0 1 -3.27017e-4 -0.02202522 0.9997574 3.07829e-4 -0.005885422 0.9999797 -0.00243622 -8.84352e-4 0.9999924 -0.003812849 7.51063e-4 0.9938687 0.1105646 -0.01242953 0.9843525 0.1757715 -0.001285851 0.9750348 0.2220485 0.001063287 0.9436243 0.3310167 -0.01224547 0.9185084 0.3952119 -0.001658976 0.9001199 0.4356393 -0.01318812 0.8037549 0.5948146 -0.003901362 0.8312395 0.5559009 5.56973e-4 0.8599349 0.5104035 0 0.7218974 0.6920002 2.71114e-6 0.721905 0.6919923 -2.26793e-5 0.8045018 0.5939502 -0.03239512 0.7702668 0.6368985 -0.02459746 0.7814873 0.6234362 -0.1370943 -0.05517309 0.9890203 -0.9990052 0.01239299 0.04283738 -0.999009 0.01244819 0.0427348 -0.4452095 0.1217788 0.8871068 -0.43548 0.09646266 0.8950152 -0.4643414 0.1222563 0.8771777 -0.999018 0.01212841 0.04261499 -0.91427 0.1311256 0.3832968 -0.9142415 0.1701135 0.3677281 -0.8111214 0.4013539 0.4254376 -0.7976559 0.3387836 0.4989699 -0.58568 0.5886081 0.5572429 -0.5812687 0.5334812 0.6144302 -0.4703423 0.3952736 0.7890101 -0.6104001 0.2357304 0.7562029 -0.6040225 0.1981069 0.7719525 -0.8216679 0.1063392 0.5599589 -0.8018411 0.14434 0.5798422 -0.1231369 -0.04959869 0.9911496 -0.1230899 -0.05008292 0.991131 -0.3180904 0.1766855 0.9314509 -0.3168302 0.1739333 0.9323979 -0.4334443 0.317635 0.843347 -0.4791898 0.4346942 0.7625077 0 -0.024293 0.999705 0 0.9338677 -0.3576187 -0.1005401 -0.9738347 0.2038084 -0.4654191 -0.8603597 0.2077648 -0.188377 -0.9532282 0.2363682 -0.03195685 0.477202 -0.8782124 -0.02561056 0.4753223 -0.8794389 -0.2116017 0.5325257 -0.8195372 -0.2625378 0.5287824 -0.8071328 0 0.6221924 -0.7828645 0 0.6663654 -0.7456253 -0.4658207 0.6422929 -0.6086633 -0.3192313 0.6970482 -0.64204 0 0.9116545 -0.4109577 -0.4191836 0.7909395 -0.4457577 -0.4265433 0.7876425 -0.4446125 0 0.8232973 -0.5676105 0 0.7891446 -0.6142076 -0.3293659 0.9068874 -0.2628183 -0.4624232 0.8547092 -0.2358756 0 0.9828211 -0.1845612 0 0.9939519 0.1098168 0 0.9986352 0.05222845 -0.4907074 0.87106 -0.02147054 -0.2306917 0.9717646 -0.04954773 0 0.9918398 -0.127491 -0.1386315 0.9743105 0.177484 -0.508223 0.8404713 0.1879292 0.04728502 0.9555125 0.2911359 -0.05742174 0.9150815 0.3991599 -0.5159904 0.7657918 0.3838188 -0.01065802 0.8643278 0.502816 0.01028436 0.8005886 0.5991262 -0.5144271 0.6507458 0.5584753 -0.0830937 0.7236883 0.6851064 0 0.4875199 0.873112 -0.1682741 0.5415653 0.823645 -0.5034839 0.4998646 0.7047265 0 0.6360275 0.7716664 0 0.6795289 0.7336488 0 0.4362822 0.8998099 -0.4825542 0.3186149 0.8158591 -0.2630322 0.3312846 0.9061262 0 0.03348082 0.9994394 -0.3627375 0.1109817 0.9252593 -0.4503543 0.1137003 0.8855808 0 0.211963 0.9772778 0 0.2680472 0.9634058 -0.3860196 -0.1028805 0.9167359 -0.4410675 -0.1047033 0.8913455 0 -0.2029718 0.9791846 0 -0.4794733 0.8775565 0 -0.427992 0.9037826 -0.4761161 -0.3110651 0.8225278 -0.2860413 -0.3221647 0.9024358 0 -0.259182 0.9658285 -0.189671 -0.5331584 0.8244799 -0.4995563 -0.4935454 0.7119386 0 -0.6289102 0.7774781 -0.5127624 -0.6454496 0.5661004 -0.1018649 -0.7171919 0.6893906 0 -0.6727601 0.7398607 0.03108531 -0.9520129 0.3044753 -0.0404061 -0.9127748 0.4064599 -0.5164523 -0.7613703 0.391909 -0.02627962 -0.8602244 0.509238 0.02395385 -0.7958103 0.6050721 0.5549268 -0.1335669 0.8211067 0.5549144 -0.4908503 0.6716666 0.5551701 -0.7364729 0.3865152 0.08809071 0.463326 -0.8817988 0.5039212 0.4093693 -0.7605789 0.374849 0.4315003 -0.8205459 0.2303589 0.4583526 -0.8583984 0.6666214 -0.680848 0.3034172 0.5555766 -0.7522326 0.3542326 0.5802338 -0.7311283 0.3588595 0.4543726 -0.8185476 0.3514616 0.1137738 -0.9133332 0.3909963 0.479461 -0.7397839 0.4720561 0.5549083 -0.6925093 0.4609856 0.5551834 -0.7364643 0.3865125 0.555505 -0.6735001 0.4876595 0.5549208 -0.6337074 0.53896 0.5549052 -0.6337147 0.5389674 0.5549019 -0.5661885 0.60952 0.469199 -0.6149544 0.6337851 0.5554817 -0.5430229 0.6297351 0.4587363 -0.455179 0.7631338 0.5549083 -0.408757 0.724565 0.5549086 -0.4908523 0.67167 0.5554568 -0.3833112 0.7379298 0.554914 -0.3210265 0.7674714 0.554908 -0.3210284 0.7674751 0.5549085 -0.2288759 0.7998077 0.4480444 -0.2687181 0.8526704 0.5554445 -0.2029648 0.8064036 0.4372384 -0.06540477 0.8969643 0.5549085 -0.03641867 0.8311139 0.5549212 -0.1335659 0.8211106 0.5553963 -0.01168984 0.8315037 0.5549269 0.06122928 0.8296428 0.554901 0.06122958 0.8296601 0.5554282 0.132255 0.8209801 0.4994767 0.1645743 0.8505518 0.5553809 0.1802221 0.8118326 0.5549012 0.2526659 0.7926188 0.5549067 0.2526662 0.7926149 0.5554531 0.3178595 0.7683992 0.5005513 0.3577768 0.7883175 0.5553464 0.3624486 0.7484794 0.5549139 0.4302162 0.7120286 0.5548979 0.4302238 0.7120365 0.5554695 0.4863553 0.6744719 0.5024079 0.5307828 0.6825363 0.5553205 0.5251732 0.6448352 0.5549012 0.5841429 0.5923359 0.5549137 0.5841367 0.5923303 0.5554902 0.6286724 0.5442442 0.5050599 0.6738677 0.5392745 0.5552867 0.6596422 0.5064868 0.5549074 0.7059696 0.4400964 0.5549082 0.7059702 0.4400945 0.5555128 0.737146 0.3847355 0.5084712 0.7790704 0.3667512 0.5552507 0.7586182 0.3408742 0.5549085 0.7890182 0.26368 0.5549095 0.7890173 0.2636803 0.5555299 0.8059516 0.204521 0.5126434 0.8406132 0.1748322 0.5552093 0.8167766 0.1569032 0.5549091 0.8287212 0.0727809 0.5549066 0.828723 0.07277995 0.5555348 0.8313868 0.01330977 0.5175415 0.8552766 -0.02554929 0.5551639 0.8309822 -0.03552162 0.5549066 0.822901 -0.1221182 0.5549095 0.8228991 -0.122117 0.5555525 0.8120707 -0.1786133 0.523149 0.8225395 -0.2230336 0.5551243 0.8004614 -0.2260501 0.5549048 0.7718741 -0.3103081 0.5549119 0.7718697 -0.3103063 0.555559 0.7490581 -0.3609241 0.5294394 0.744614 -0.4065022 0.5550761 0.7268635 -0.4044256 0.5549117 0.6784394 -0.481449 0.5549059 0.6784428 -0.4814507 0.5549044 0.6173478 -0.5576404 0.5549104 0.6173443 -0.5576385 0.5549047 0.5477418 -0.6261468 0.5549114 0.5477393 -0.626143 0.5549075 0.4705888 -0.6860203 0.554911 0.4705864 -0.6860191 0.5551304 0.3948033 -0.7320933 0.6081491 0.3903026 -0.6912443 0.1948671 0.4651499 -0.8635174 0.1947656 0.5548374 -0.8088399 0.1947626 0.5548396 -0.808839 0.1947653 0.6458032 -0.7382444 0.1947634 0.6458047 -0.7382436 0.1947654 0.7278689 -0.6574749 0.1947664 0.7278692 -0.6574743 0.1947657 0.7999039 -0.5676444 0.1947638 0.7999033 -0.5676459 0.1947659 0.8609148 -0.4699917 0.1947623 0.8609156 -0.4699915 0.1947611 0.9100615 -0.3658636 0.1947669 0.9100618 -0.36586 0.1947702 0.9466649 -0.2566907 0.1947631 0.9466665 -0.2566902 0.1947658 0.970225 -0.143979 0.1947678 0.9702244 -0.1439799 0.1947695 0.9804117 -0.02928721 0.1947667 0.9804123 -0.02928733 0.1947677 0.9770887 0.08580958 0.1947658 0.977089 0.08581048 0.1947682 0.9602995 0.1997257 0.1947647 0.9603006 0.1997234 0.1947656 0.9302767 0.3108884 0.1947659 0.9302772 0.3108867 0.1947656 0.8874332 0.4177663 0.1947716 0.8874332 0.4177635 0.1947744 0.8323585 0.5188857 0.1947724 0.8323595 0.5188848 0.1947657 0.7658156 0.6128563 0.1947667 0.7658169 0.6128544 0.1947563 0.6887204 0.6983797 0.1947611 0.6887194 0.6983793 0.1947742 0.6021278 0.7742773 0.1947823 0.6021265 0.7742761 0.1947567 0.5072422 0.839509 0.1947829 0.5072411 0.8395036 0.1947566 0.4053648 0.8931682 0.194789 0.4053612 0.8931626 0.1947918 0.2978972 0.9345124 0.1947677 0.2979015 0.9345161 0.1947743 0.1863282 0.9629874 0.1947709 0.1863295 0.9629879 0.1947391 0.07219237 0.9781948 0.1947724 0.07219111 0.9781882 0.1947742 -0.04293894 0.9799078 0.1947683 -0.04293924 0.979909 0.1947742 -0.1574798 0.9681235 0.1947601 -0.1574807 0.9681262 0.1947567 -0.2698516 0.9430006 0.1947838 -0.2698498 0.9429955 0.1947743 -0.3785015 0.9048755 0.1947496 -0.3785045 0.9048796 0.1947742 -0.4819369 0.8542832 0.1947588 -0.4819395 0.8542853 0.1947743 -0.5787289 0.7919191 0.1947572 -0.5787327 0.7919207 0.1947743 -0.6675475 0.71864 0.1947612 -0.6675506 0.7186405 0.1947567 -0.7471685 0.6354598 0.1947606 -0.7471683 0.635459 0.1947658 -0.8164885 0.5435191 0.1947714 -0.8164888 0.5435165 0.1948989 -0.8684832 0.4557976 0.1948924 -0.8684853 0.4557964 0.1950823 -0.8930584 0.4054498 0.2824658 -0.8780402 0.3863401 -0.02441102 -0.9085206 0.4171267 0.08371055 -0.8885039 0.4511691 -0.01532089 -0.9342621 0.3562577 -0.05701935 -0.9178088 0.392907 0 -0.8854636 0.464709 0 -0.8324302 0.55413 0 -0.8324297 0.5541307 0 -0.761755 0.6478652 0 -0.7617552 0.6478651 0 -0.6805834 0.7326707 0 -0.6805828 0.7326713 0 -0.5900297 0.8073816 0 -0.5900303 0.8073811 0 -0.4913479 0.8709635 0 -0.491348 0.8709633 0 -0.3858928 0.9225437 0 -0.3858927 0.9225437 0 -0.2751195 0.9614101 0 -0.2751196 0.9614101 0 -0.1605545 0.987027 0 -0.1605547 0.987027 0 -0.04377746 0.9990414 0 -0.04377752 0.9990413 0 0.07360142 0.9972878 0 0.07360142 0.9972878 0 0.1899664 0.9817907 0 0.1899664 0.9817906 0 0.303716 0.9527627 0 0.3037161 0.9527626 0 0.413278 0.9106049 0 0.4132785 0.9106047 0 0.5171451 0.8558977 0 0.517145 0.8558979 0 0.613885 0.7893955 0 0.6138846 0.7893959 0 0.7021655 0.7120139 0 0.7021651 0.7120143 0 0.7807679 0.6248213 0 0.7807686 0.6248202 0 0.8486109 0.5290176 0 0.8486118 0.5290163 0 0.9047605 0.4259207 0 0.9047595 0.4259232 0 0.9484406 0.316955 0 0.9484396 0.3169581 0 0.979049 0.2036252 0 0.9961659 0.08748531 0 0.9995542 -0.02985835 0 0.9995542 -0.02985835 0 0.9891677 -0.1467905 0 0.9891672 -0.1467935 0 0.9651493 -0.2617 0 0.9651489 -0.2617017 0 0.9278291 -0.3730056 0 0.8777234 -0.4791678 0 0.8777235 -0.4791676 0 0.8155212 -0.5787272 0 0.7420799 -0.6703115 0 0.7420805 -0.6703109 0 0.6584119 -0.7526578 0 0.6584124 -0.7526574 0 0.5656706 -0.8246313 0 0.5656703 -0.8246316 0 0.4651341 -0.8852403 0 0.4651337 -0.8852405 0.7723212 -9.3244e-4 0.6352316 0.06809902 0 0.9976786 0.09317421 -0.001933336 0.995648 0.5744103 -0.0256313 0.8181662 0.3905773 0.01357603 0.9204701 0.5284146 1.96391e-4 0.8489865 0.5044854 -0.0117827 0.8633399 0.3801798 -2.01593e-4 0.9249126 0.2480764 1.83379e-4 0.9687405 0.2911656 -0.003194391 0.9566674 0.2030618 0.001217722 0.9791652 0.8148295 0.03783309 0.5784649 0.7910321 0.005041241 0.611754 0.7888777 0.001839399 0.6145474 0.7886154 4.45915e-4 0.6148869 0.7911242 -0.001671552 0.6116533 0.793885 0.001265287 0.6080667 0.7926013 2.33308e-4 0.6097403 0.7926417 -0.00123167 0.6096866 0.7928572 -9.79754e-4 0.6094067 0.7924038 -0.001801908 0.6099944 0.7929641 0 0.6092684 0.7911955 -0.002686858 0.6115576 0.79091 -0.003688335 0.6119214 0.664904 0.005942165 0.7469052 0.7418547 -0.01134228 0.6704648 0.6481095 -1.935e-4 0.7615472 0.9026165 -0.017107 0.4301057 0.8322344 0.03957664 0.5530097 0.9250562 -0.03094607 0.3785675 0.9098325 -0.02093517 0.4144473 0.8942649 -0.01304775 0.4473481 0.8849633 -0.009460866 0.4655647 0.8748983 -0.005897521 0.4842709 0.79076 -0.003902018 0.6121138 0.7913296 -2.02661e-4 0.6113898 0.8116071 1.20501e-4 0.5842037 0.8592768 -0.001125276 0.5115097 0.8619419 0 0.507007 0.9839268 -0.01085543 0.1782419 0.9936318 -0.0248003 0.1099127 0.9979332 -0.04879248 0.04181551 0.9706653 0.03534269 0.2378233 0.9954443 0 0.09534555 0.8904555 0.007611215 0.4550067 0.9401286 -2.61993e-4 0.34082 0.9585644 2.60711e-4 0.2848758 0.9741296 -0.003763794 0.2259592 0.7421156 0.3444734 -0.5749804 0.359578 0.5609009 -0.7457169 0.9261361 0.1305664 -0.3538708 0.8584889 0.2072033 -0.4691094 0.9938286 -0.08349239 -0.07303261 0.9088718 0.03084886 -0.4159334 0.9570887 0.07385116 -0.2802273 0.8105118 -0.1645281 0.5621399 0.948738 -0.1068397 0.2974587 0.5748402 -0.5013246 0.646709 0.241382 0.9624635 -0.1240919 0.1753747 0.9634801 -0.2023608 0.2923334 0.8734909 -0.3893007 0.224828 0.8721171 -0.4345853 0.9441556 0.1041843 -0.3125954 0.9462376 0.2692571 -0.179262 0.9639136 0.2340625 -0.1268275 0.8983961 0.4219589 0.1217999 0.9137815 0.3640471 0.180203 0.7556638 0.4834475 0.4418718 0.7626996 0.4309543 0.482253 0.6790888 0.3743881 -0.6314047 0.679745 0.5535391 -0.4811874 0.7128086 0.5377176 -0.450293 0.6457933 0.7425587 -0.1776449 0.6946021 0.7093135 -0.1200097 0.5362465 0.8323612 0.1400517 0.5736323 0.793296 0.2040281 0.5790724 0.4350714 -0.689484 0.2464953 0.5550236 -0.7944741 0.2491918 0.7066977 -0.6621795 0.3649002 0.6675326 -0.6490364 0.2573429 0.7819184 -0.5677836 0.5942934 -0.4786367 0.6463145 0.634579 -0.5074267 0.5829476 0.6964634 -0.4525578 0.5568934 0.7012209 -0.4673253 0.5384201 0.7716505 -0.4228337 0.4751498 0.7717393 -0.353464 0.5286605 0.8388087 -0.3251764 0.4366468 0.853668 -0.1968683 0.4821762 0.9886893 -0.11462 0.09672629 0.9943302 -0.09455764 0.04864597 0.992308 -0.116859 0.04085171 0.9818634 -0.1471911 0.1194944 0.9819938 -0.08542603 0.1684952 0.9628077 -0.1337099 0.2347834 0.9204586 -0.01273107 0.3906326 0.8955922 -0.07907992 0.4377909 0.7785128 0.005818128 0.6276017 0.7640807 -0.03826618 0.6439849 0.8240944 -0.02270323 0.5659974 0.826756 -0.02249956 0.5621108 0.1558393 -0.1413877 0.9776112 0.3880982 -0.4243395 0.8181172 0.6819068 -0.6179423 0.3913445 0.7162082 -0.5009946 0.48585 0.572714 -0.5612225 0.5975183 0.4664605 -0.3692004 0.8038071 0.4118433 -0.3746111 0.8306934 0.1556586 -0.1400456 0.9778332 0.1882801 -0.1036747 0.976628 0.1402976 -0.1267195 0.9819668 0.4177382 -0.4417377 0.7939538 0.140386 -0.1263357 0.9820036 0.1443962 -0.1502531 0.9780459 0.5990987 -0.5007554 0.6247598 0.6090539 -0.619957 0.4946785 0.6827002 -0.6165855 0.3921007 0.4238104 -0.1514451 0.8930001 0.3020071 -0.2703404 0.9141706 0.4386204 -0.4162502 0.7964597 0.4377296 -0.3920673 0.8091205 0.6439768 -0.5830392 0.4953375 0.6450254 -0.5776526 0.5002596 0.1933176 -0.8149718 0.5463052 0.5146198 -0.7020151 0.4922817 0.3481862 -0.484476 0.802527 0.3551873 -0.4830964 0.8002874 0.1227613 -0.1740108 0.9770619 0.04444301 -0.2088795 0.9769311 0.1246736 -0.5860734 0.8006089 0.1246699 -0.5860748 0.8006083 0.1767835 -0.8310793 0.5273091 0.5447328 -0.6470733 0.533444 0.6920885 -0.6227562 0.3649497 0.8060253 -0.4989537 0.3183841 0.7215034 -0.6131052 0.3217684 0.7050464 -0.6477513 0.2886658 0.6918712 -0.6316902 0.3496879 0.6937771 -0.6294913 0.3498773 0.694025 -0.629187 0.349933 0.7043194 0.3869156 -0.5951728 0.6937056 0.3803683 -0.611631 0.7447205 0.3775157 -0.5503394 0.7010786 0.3384714 -0.6276353 0.7076851 0.4611121 -0.5353107 0.7050576 0.4669128 -0.5337474 0.7080851 0.5192205 -0.4785663 0.7047042 0.5265067 -0.4755867 0.7084643 0.5704185 -0.4155734 0.7043688 0.578885 -0.4108002 0.7088243 0.6140387 -0.3471667 0.7066516 0.6182984 -0.3440213 0.7070983 0.6370224 -0.3069441 0.7091645 0.6495181 -0.274248 0.7037487 0.6591756 -0.2650008 0.7094839 0.6763979 -0.1977838 0.7066934 0.6808904 -0.1922829 0.7070885 0.6906169 -0.1519019 0.7097851 0.6943324 -0.1187757 0.7031968 0.7032933 -0.1043689 0.7100655 0.703095 -0.0382688 0.7067342 0.7068336 -0.03021627 0.7070776 0.7070454 0.01131641 0.710328 0.7025756 0.04268258 0.702713 0.7087455 0.06224417 0.7105712 0.6927897 0.1230084 0.7067719 0.6947388 0.1334598 0.7070671 0.685421 0.1739372 0.7107935 0.6738733 0.2016615 0.7023008 0.6751759 0.2256348 0.7109974 0.646079 0.2776054 0.7068093 0.6452575 0.2899371 0.707049 0.6269148 0.3271995 0.7111821 0.6097787 0.3498431 0.7019566 0.6043972 0.376777 0.7113474 0.5654513 0.4174324 0.7068439 0.5610594 0.4307947 0.7070336 0.5346627 0.4628599 0.7114942 0.5136843 0.4794835 0.7016858 0.5002831 0.5073006 0.7116223 0.4551609 0.5351845 0.7068722 0.4466801 0.5484602 0.707018 0.4136303 0.5736163 0.7117303 0.3906548 0.5838056 0.7014833 0.3685621 0.6099864 0.7118186 0.3210122 0.6247123 0.7069061 0.3082688 0.6365958 0.7069964 0.2703337 0.6535104 0.7118881 0.24715 0.6573677 0.7013534 0.2164934 0.6791422 0.7119402 0.17004 0.6813425 0.7069312 0.1532816 0.6904731 0.7069749 0.1124814 0.6982367 0.7119718 0.09069645 0.6963263 0.7012912 0.05246895 0.7109414 0.7119836 0.0101602 0.7021226 0.7069593 -0.009941756 0.7071844 0.7065228 -0.07105869 0.7041139 0.7118459 -0.302788 0.6337152 0.7070047 -0.3259969 0.627591 0.7065223 -0.3763828 0.5993015 0.7162871 -0.05074739 0.695958 0.7013013 -0.1144551 0.7036169 0.7119537 -0.150251 0.6859641 0.7069805 -0.1726196 0.6858434 0.7065201 -0.2297797 0.6693509 0.7154705 -0.2099958 0.6663361 0.7013853 -0.2750573 0.6575729 0.6947568 -0.628309 0.3500587 0.7059059 -0.6129158 0.355009 0.7070416 -0.5727875 0.4147369 0.7114065 -0.5530886 0.4335826 0.7146431 -0.3583201 0.6007429 0.7015375 -0.4204749 0.5753661 0.7116653 -0.4394576 0.5480964 0.7070237 -0.4618239 0.535571 0.7065217 -0.5031492 0.4976627 0.7138136 -0.48769 0.5026218 0.7017613 -0.5426841 0.4615465 0.002483606 0.9999949 -0.002037525 0.01723504 0.9992378 -0.03502482 0.02818882 0.9992507 -0.02652502 0.1109104 0.9713198 -0.2103257 0.1658074 0.9718983 -0.1670974 0.293652 0.842935 -0.4508095 0.3357769 0.8503851 -0.4050915 0.4435337 0.6217453 -0.6455314 0.4753904 0.6359621 -0.6079114 1.00444e-5 0.9999942 -0.003396093 0.01346838 0.9993555 -0.03327482 0.001373291 0.9992404 -0.03894633 0.07772982 0.9751015 -0.2076897 0.01696491 0.971251 -0.2374527 0.1353099 0.8557792 -0.4993327 0.08730125 0.8428435 -0.5310305 0.1849143 0.6404913 -0.7453709 0.147322 0.6217519 -0.7692339 0.6568697 0.7087483 0.25729 0.6658543 0.7070235 0.2382351 0.6818397 0.7066396 0.1890904 0.5584409 0.7030254 0.4403399 0.5894494 0.7100072 0.3852784 0.5938718 0.707787 0.3825624 0.6142442 0.7067117 0.351088 0.6272435 0.7084749 0.3234641 0.6244503 0.7091342 0.3273996 0.6483946 0.7048944 0.2875905 -0.5450185 0.7074136 0.4500231 -0.513235 0.7154534 0.4740425 -0.4913837 0.7284687 0.4773629 -0.5878096 0.6572031 0.4717668 -0.5630853 0.6803815 0.4690586 0.7050739 0.7086306 -0.02671194 0.7053959 0.7070463 -0.0500229 0.7005852 0.7066393 -0.0992031 0.6748148 0.7096894 0.2024008 0.693889 0.7049318 0.1469327 0.6956112 0.7086981 0.1177802 0.7006101 0.7070354 0.09615927 0.7060828 0.7066395 0.04591095 0.7022466 0.7094624 0.05926936 0.7092256 0.7049816 -9.26696e-5 0.6357928 0.7084461 -0.306385 0.6255338 0.7070648 -0.3297982 0.6025366 0.7066394 -0.3709588 0.6996477 0.7092336 -0.08649182 0.6937404 0.7050453 -0.14709 0.6848531 0.7085469 -0.1701107 0.6800075 0.7070562 -0.1940651 0.6655782 0.7066392 -0.240139 0.6671085 0.7090042 -0.2286471 0.648113 0.7051224 -0.2876667 0.4604997 0.7081936 -0.5351654 0.4397874 0.7070819 -0.5537348 0.4040387 0.7066399 -0.5808726 0.6060013 0.7087739 -0.3611124 0.5743343 0.7052124 -0.4157112 0.5599474 0.7083287 -0.4298017 0.5443015 0.7070738 -0.451423 0.5141159 0.7066392 -0.4861543 0.5189239 0.7085418 -0.4782119 0.4756197 0.705316 -0.5256571 0.2083023 0.707875 -0.6749246 0.1796116 0.7070924 -0.6839299 0.1381857 0.7066393 -0.6939493 0.4095832 0.7083085 -0.5749269 0.3562703 0.7054324 -0.6127288 0.3416201 0.7080428 -0.6180382 0.3164634 0.707088 -0.6323587 0.276945 0.7066392 -0.651124 0.2826438 0.7080742 -0.6471039 0.2214804 0.7055628 -0.6731476 -0.07887291 0.7074877 -0.7023108 -0.1109749 0.7071018 -0.6983492 -0.1507046 0.7066394 -0.6913385 0.1435253 0.7078393 -0.6916387 0.0771203 0.7057057 -0.7042953 0.06614738 0.7076898 -0.7034201 0.03507053 0.7070974 -0.706246 -0.006395101 0.7066395 -0.7075449 -0.001826882 0.7076028 -0.7066081 -0.07052999 0.7058621 -0.7048292 -0.1471998 0.7073653 -0.6913513 -0.2150481 0.7060315 -0.6747398 -0.2206566 0.7072687 -0.6716261 -0.2522585 0.7071059 -0.6605806 -0.2886674 0.7066394 -0.6460123 -0.2863718 0.7071267 -0.6465005 -0.3537287 0.7060548 -0.613484 -0.3497782 0.7069693 -0.6146949 -0.4147253 0.7062063 -0.5738254 -0.4119996 0.7068528 -0.5749918 -0.4713231 0.7063525 -0.5281294 -0.4697511 0.7067402 -0.5290107 -0.5229253 0.7064942 -0.4768807 -0.5224023 0.7066309 -0.4772512 -0.5689904 0.7066321 -0.4206198 -0.5693787 0.7065236 -0.4202766 -0.6090347 0.7067654 -0.3599436 -0.6101641 0.7064209 -0.3587051 -0.6426384 0.7068948 -0.2954922 -0.6443138 0.706321 -0.2932072 -0.6694504 0.7070193 -0.2279474 -0.6714519 0.7062248 -0.224497 -0.6891899 0.7071401 -0.1580199 -0.6901201 0.7066951 -0.1559375 -0.6969141 0.7071031 -0.1196492 -0.7016519 0.7072561 -0.08644896 -0.7035853 0.7060412 -0.08045947 -0.7067062 0.7073689 -0.01398944 -0.7074113 0.7067222 -0.0106312 -0.706624 0.7071012 0.02627682 -0.7043034 0.7074767 0.05859601 -0.7051506 0.705871 0.06714826 -0.6944708 0.7075801 0.1305403 -0.6944422 0.7067483 0.135118 -0.6861069 0.7070978 0.171085 -0.6773133 0.7076799 0.2010871 -0.6760661 0.7057133 0.2119045 -0.6530148 0.7077746 0.2694935 -0.6517694 0.7067734 0.2750782 -0.6362407 0.7070932 0.3085725 -0.621833 0.7078656 0.3350375 -0.6175819 0.7055696 0.3475114 -0.5840981 0.7079522 0.3970305 -0.5812205 0.7067977 0.4032616 -0.5614235 0.7070961 0.4299055 0.3242583 0.7879006 0.5235162 0.7007239 0.4810389 0.5268658 0.7762267 0.443005 0.4485743 0.6311415 0.5697292 0.5263735 0.7070372 0.5365656 0.4606471 0.7065646 0.57023 0.4190517 0.7064678 0.6606516 0.2538558 0.4952733 0.8017678 0.3344738 0.7069621 0.6351483 0.3111131 0.706711 0.6100328 0.3583568 0.3085764 -0.9511996 5.75317e-5 0.6957425 -0.7182913 2.8205e-4 0.9554628 -0.295108 -0.001452922 0.9926695 -0.1201765 -0.01284313 0.9555819 -0.2938857 0.02223795 0.9743837 -0.2245203 0.01293337 0.9877576 -0.1559007 0.005461931 0.998605 -0.05280423 0 0.9512051 -0.3084403 -0.008579492 0.8244826 -0.5658865 -9.71634e-4 0.9790092 -0.2037538 -0.00502932 0.9608038 -0.2772291 -4.31424e-4 0.9090128 -0.416768 3.58732e-4 0.9192798 -0.3936043 -7.08953e-4 0.8491837 -0.528097 8.74972e-4 0.7736699 -0.6335388 0.007974743 0.4436646 -0.8961929 -5.74833e-5 0.4011679 -0.9160003 0.002812027 0.626895 -0.7790641 -0.007871448 0.5039203 -0.863605 0.01583933 0.6152155 -0.7883504 0.003679931 0.1925876 -0.9812798 0 0.0750066 -0.9968887 0.02423161 0.1790899 -0.9837909 0.00907725 0.02626788 -0.1961696 0.9802182 0.07423084 -0.5550202 0.8285182 0.07925397 -0.5558549 0.8274927 0.1063331 -0.8336621 0.5419417 0.3906865 -0.8999176 0.1936814 0.351718 -0.7547032 0.553821 0.3247229 -0.7591548 0.5641268 0.2126946 -0.5174332 0.8288692 0.2225705 -0.5164334 0.8268973 0.07243925 -0.1836096 0.9803265 0.8033921 0.5954433 -0.00292617 0.8061842 0.5916645 -4.54656e-4 0.8225876 0.5685272 0.01125448 0.8002519 0.5993333 0.01991569 0.7674903 0.6367159 0.07450956 0.8156046 0.5725231 0.08370542 0.7416142 0.6569471 0.1357539 0.7901129 0.5939105 0.1516316 0.669483 0.7125824 0.209807 0.7071043 0.6749119 0.2109444 -0.7071114 -0.2002683 0.6781491 -0.913881 -0.3163995 0.2543874 -0.9393823 -0.2550145 0.2291913 -0.9014299 -0.3572311 0.2445611 -0.9250046 -0.3000305 0.2331275 -0.7625874 -0.0866813 0.6410513 -0.698683 -0.2592769 0.6667965 -0.7495729 -0.1408981 0.646752 -0.6671088 -0.3341397 0.6658203 -0.7365424 -0.2414431 0.6318312 -0.6161843 -0.4740434 0.6289673 -0.6879222 -0.3955031 0.608556 -0.5860725 -0.5596638 0.5859142 -0.6458339 -0.4779834 0.5953406 -0.5425075 -0.6225551 0.5640131 -0.6113706 -0.5624751 0.5566397 -0.4757944 -0.7265652 0.4957042 -0.5373322 -0.6818708 0.4963129 -0.9154044 -0.3257079 0.2365357 -0.8768278 -0.4180431 0.2375146 -0.8920741 -0.3904758 0.2274484 -0.8260708 -0.5159208 0.2267882 -0.8405852 -0.4954727 0.218914 -0.7932891 -0.5721474 0.2081819 -0.8000344 -0.5624347 0.2088357 -0.7567657 -0.623185 0.1973479 -0.7566622 -0.623301 0.1973784 -0.6945877 -0.698968 0.1702694 -0.68114 -0.7116687 0.1719767 -0.6417145 -0.7525444 0.1479174 -0.6301435 -0.7642108 0.1374815 -0.464716 -0.753103 0.4656984 -0.4412988 -0.7621035 0.4737656 -0.4318871 -0.7691541 0.4710369 -0.4104959 -0.7747625 0.4808702 -0.4014517 -0.7802392 0.4796493 -0.384963 -0.78526 0.4849435 -0.3697677 -0.7931202 0.4839755 -0.3554278 -0.7940325 0.4931364 -0.3239454 -0.8064427 0.4946814 -0.3156688 -0.8058282 0.5009934 -0.2911453 -0.8127881 0.5045889 -0.2871959 -0.8132622 0.506086 -0.2548158 -0.8207191 0.5113602 -0.2551698 -0.8208238 0.5110155 -0.196642 -0.8278155 0.5254079 -0.20288 -0.8308436 0.5182072 -0.4861505 -0.739575 0.465496 -0.466345 -0.7516135 0.4664758 -0.6535406 -0.7364662 0.1746491 -0.6111711 -0.7762791 0.1544693 -0.5757589 -0.8002975 0.1674084 -0.5400298 -0.8268554 0.1570932 -0.5153049 -0.8401241 0.1692706 -0.478264 -0.8627209 0.1642445 -0.4641791 -0.8694999 0.1688424 -0.4139625 -0.8950888 0.1656843 -0.4088228 -0.8967837 0.169243 -0.3269386 -0.929033 0.1732308 -0.3331662 -0.9277724 0.1680439 -0.2667438 -0.9472531 0.1776493 -0.2804416 -0.9442729 0.1723403 -0.2024704 -0.9616305 0.1851289 -0.2204902 -0.9612128 0.1656934 -0.1017384 -0.9755518 0.1948028 -0.1258882 -0.9783136 0.1644831 0.01888084 -0.9685906 0.2479433 0.01864838 -0.9682968 0.2491059 -0.03745877 -0.984296 0.1725058 -0.01440417 -0.9795033 0.2009128 0.002999246 -0.9924606 0.1225278 0.00697565 -0.9989262 0.04580378 0.07932466 -0.831245 0.5502176 0.03112065 -0.7889674 0.6136465 0.03111958 -0.7889719 0.6136406 -0.03112089 -0.788972 0.6136404 -0.0311194 -0.7889675 0.6136465 -0.09304231 -0.7889696 0.6073468 -0.09304189 -0.7889694 0.6073471 -0.1141944 -0.7893154 0.6032754 -0.1392638 -0.8311438 0.538336 -0.007681965 -0.9903726 0.1382139 -0.007508993 -0.9971643 0.07488161 -0.005015432 -0.9995042 0.03108674 -0.01017618 -0.9921634 0.1245329 -0.02953606 -0.980795 0.1927923 -0.01973032 -0.9696754 0.2435992 -0.0164892 -0.9761418 0.2165071 -0.0100246 -0.9646222 0.2634455 0.007240474 -0.924426 0.3812928 0.002425849 -0.9238766 0.3826829 -0.002425849 -0.9238766 0.3826829 0.0390104 -0.7891425 0.6129701 0.07255542 -0.9233394 0.3770676 0.01940345 -0.9237047 0.3826138 0.02752709 -0.9319788 0.3614664 0.01434439 -0.9260304 0.3771762 0.01543128 -0.9139139 0.4056146 0.0124101 -0.7572786 0.6529741 -9.5765e-4 0.1271953 0.9918773 0.006173908 0.2328355 0.9724965 -0.001754939 0.2329573 0.9724854 -0.005772769 -0.4158045 0.9094358 -0.008537828 -0.8929669 0.4500414 -0.007240414 -0.9244232 0.3812995 -0.01434439 -0.9260304 0.3771762 -0.01885563 -0.9281143 0.3718178 -0.02906715 -0.9238356 0.3816846 -0.05801212 -0.9237076 0.3786806 -0.05801242 -0.9237056 0.3786853 -0.1105554 -0.9233334 0.3677408 0.008643031 -0.9916951 0.1283214 -0.04891884 -0.9807386 0.1891005 0.6939418 -0.7187271 0.04331439 0.4207277 -0.7487484 0.5122148 0.4272716 -0.7001241 0.5720711 0.7710355 -0.5893275 0.2412416 0.6739127 -0.7198985 0.1660964 0.5417869 -0.7774259 0.3194937 0.5010752 -0.7748736 0.3853502 0.517643 -0.7392933 0.430687 0.3008038 -0.9357189 0.1842482 0.232608 -0.954948 0.184304 0.2304409 -0.9557363 0.1829349 0.142035 -0.9713548 0.1905149 0.1267772 -0.9749059 0.1829921 0.0746684 -0.9786704 0.1913869 0.05105328 -0.9806683 0.1889006 0.4013001 -0.7654795 0.5029904 0.370421 -0.7779513 0.5075235 0.3780573 -0.7710274 0.512435 0.3506406 -0.7894407 0.5038202 0.3655043 -0.7756493 0.514563 0.3252239 -0.8001864 0.5039159 0.3359115 -0.7846477 0.5210487 0.2806448 -0.8109059 0.5134883 0.2918134 -0.7991089 0.5256139 0.2465096 -0.815133 0.5242053 0.2574515 -0.8093379 0.527912 0.211643 -0.8225204 0.5278896 0.2184826 -0.8176061 0.5327153 0.1598549 -0.8277838 0.5377922 0.1599402 -0.8277369 0.5378391 0.1217405 -0.8301315 0.544115 0.1157605 -0.8313913 0.5434963 0.5841658 -0.7923846 0.1757186 0.538203 -0.828638 0.1539375 0.5571703 -0.8079997 0.1915667 0.4837221 -0.8588281 0.1686042 0.5082632 -0.8411805 0.1846185 0.434307 -0.8854633 0.1653245 0.4519582 -0.8722058 0.1870591 0.3751382 -0.9099671 0.1767235 0.3683186 -0.9133712 0.1734778 0.3342558 -0.9243944 0.1837613 0.2948629 -0.9379749 0.1823705 0 -1 -1.32866e-6 0 -1 1.24341e-6 0 -1 -1.33026e-6 0 -1 -6.77824e-7 0 -1 -6.64331e-7 0 -1 -1.23105e-6 0 -1 1.74775e-6 0 -1 6.18319e-7 0 -1 1.3258e-6 0 -1 -6.21137e-7 0 -1 1.33699e-6 0 -1 -6.19067e-7 0 -1 -6.11941e-7 0 -1 -6.19724e-7 0 -1 -1.21825e-6 0 -1 1.21518e-6 0 -1 -1.32739e-6 0 -1 -1.21195e-6 0.82713 -0.2169057 0.5184669 0.6039333 -0.209737 0.7689442 0.5867263 -0.2500392 0.7702161 0.5653789 -0.3624243 0.7409422 0.5715448 -0.3506492 0.7418772 0.529129 -0.4385799 0.7264091 0.5321025 -0.4335902 0.727232 0.5049301 -0.5301177 0.6811907 0.4740316 -0.573471 0.6681506 0.4459415 -0.652957 0.6121955 0.4471415 -0.6515445 0.6128248 0.4032839 -0.7073525 0.5805296 0.419107 -0.6899315 0.5902066 0.3850646 -0.7459622 0.5433837 0.616504 -0.08805954 0.7824119 0.8137134 -0.2934979 0.5017263 0.7585048 -0.4131518 0.5039607 0.7915082 -0.3716868 0.485143 0.7301631 -0.4909576 0.4752079 0.7545298 -0.4515151 0.4762551 0.6900053 -0.5583237 0.4606163 0.7179425 -0.530532 0.4506601 0.6240251 -0.6638194 0.4122337 0.6456155 -0.645991 0.4072791 0.5874646 -0.7174988 0.3742738 0.6005401 -0.7036044 0.3798585 0.5215923 -0.7349902 0.4332793 0.5216131 -0.7349471 0.4333273 0.4690558 -0.8480405 0.246605 0.658469 -0.62843 0.4141188 0.6483116 -0.755029 0.09809774 0.7240158 -0.6772683 0.1308003 0.7127313 -0.6903699 0.1241114 0.7576459 -0.6352243 0.1498764 0.7502812 -0.6476118 0.1329553 0.8190776 -0.5507249 0.160668 0.8165283 -0.5558127 0.1560577 0.8525096 -0.4963639 0.1638607 0.8540263 -0.4935304 0.1645208 0.8814336 -0.4409167 0.1693147 0.8865255 -0.4276202 0.1766731 0.9226856 -0.3443467 0.1734267 0.932666 -0.309161 0.1858864 1 -1.42147e-6 0 1 1.817e-6 0 1 -1.80481e-6 0 1 1.43745e-6 0 1 1.49409e-6 0 1 1.52295e-6 0 1 -7.78836e-7 0 1 -3.99731e-7 0 1 3.95592e-7 0 1 -1.64767e-6 0 1 7.68677e-7 0 1 1.49076e-6 0 1 2.69279e-6 0 1 4.11865e-6 0 1 1.20352e-6 0 0 -0.6469147 0.7625625 0.003946959 -0.5565484 0.8308058 0.003978908 -0.5570619 0.8304615 -0.001429378 -0.4255059 0.9049546 0.001278758 -0.2749133 0.9614682 0.003806531 -0.1962432 0.980548 0 -0.1215053 0.9925908 0.7987362 0 0.6016815 0.7987475 0 0.6016665 0.527047 0 0.8498361 0.5270472 0 0.8498361 0.1839873 0 0.9829286 0.1800473 -0.2054637 0.9619603 0.51517 -0.2110329 0.8307015 0.7782021 -0.2253412 0.5861936 0.7599284 -0.2400076 0.6040738 0.6823603 -0.4546665 0.5724185 0.554342 -0.6594985 0.5077074 0.2012853 -0.9399186 0.2757486 0.3936784 -0.8269204 0.4015223 0.5558456 -0.6617621 0.5030971 0.4997122 -0.222067 0.837242 0.3681249 -0.6377843 0.6765466 0.3681235 -0.6377835 0.6765481 0.1349592 -0.9321355 0.3360203 0.1742789 -0.2097316 0.9621017 0.128544 -0.6261268 0.7690525 0.1285383 -0.626135 0.7690467 0.0471301 -0.9278626 0.3699322 -0.9479399 0.3160379 0.0391153 -0.9997816 0.01699256 0.01217037 -0.9847685 0.1370185 0.1070379 -0.9772349 0.1760165 0.1184489 -0.8659358 0.402486 0.296918 -0.8487001 0.4313563 0.3060066 -0.64263 0.6194655 0.4508762 -0.624729 0.6348255 0.454654 -0.6409134 0.6330336 0.4341641 -0.6426225 0.6321443 0.4329318 -0.8354839 0.4503836 0.3148358 -0.8659031 0.4159409 0.2778579 -0.9777325 0.1661345 0.1282131 -0.9848014 0.1426902 0.09902411 -0.2233757 0.9715872 0.07824164 -0.2275119 0.9706539 0.07790595 -0.2363359 0.9684295 0.0793088 -0.2233504 0.9716426 0.0776239 -0.4539531 0.8667391 0.2066158 -0.4813227 0.8616753 0.1607621 -0.6326115 0.7461684 0.2074499 -0.6489718 0.7195237 0.2472273 -0.7588379 0.6105123 0.226804 -0.8350801 0.4734151 0.280213 -0.7566217 0.6254351 0.1906694 -0.7977412 0.5362219 0.2758172 -0.957969 0.2371534 0.1614113 -0.4780238 0.8591117 0.1828124 -0.4773386 0.8227263 0.3086575 -0.5534409 0.7924317 0.2564277 -0.5522561 0.7264505 0.4090025 -0.6382084 0.6850202 0.3513368 0.5047607 0.7660292 0.3980152 -0.1611021 0.9846649 0.06694155 -0.2425267 0.9560361 0.1648513 -0.2084001 0.9618735 0.1771126 -0.4975729 0.7619856 0.4144867 0.2078841 0.9641721 0.1647924 0.3635584 0.8860157 0.2877525 0.4188441 0.8502238 0.3188874 -0.1648698 0.9807789 0.1043596 -0.1719662 0.980736 0.09265404 -0.1719663 0.980736 0.09265363 -0.1805661 0.9807359 0.07451802 -0.1805667 0.9807359 0.07451808 -0.18726 0.9807358 0.05559551 -0.18726 0.9807359 0.05559575 -0.1919772 0.9807358 0.03608584 -0.1919773 0.9807358 0.0360856 -0.1946656 0.980736 0.01619583 -0.1946666 0.9807358 0.01619505 -0.1953005 0.9807358 -0.003865957 -0.1952997 0.9807361 -0.003865659 -0.1938722 0.980736 -0.02388685 -0.1938722 0.980736 -0.02388685 -0.1903972 0.9807361 -0.04365473 -0.190398 0.9807359 -0.04365527 -0.1849138 0.9807358 -0.062963 -0.1849126 0.9807361 -0.06296223 -0.1774755 0.980736 -0.0816065 -0.1774762 0.980736 -0.0816043 -0.1681649 0.9807358 -0.0993871 -0.168165 0.9807358 -0.09938651 -0.1570785 0.9807358 -0.116119 -0.1570782 0.9807359 -0.1161187 -0.144333 0.980736 -0.1316251 -0.1443336 0.980736 -0.1316238 -0.1300646 0.9807358 -0.1457413 -0.1300643 0.9807361 -0.1457398 -0.1144229 0.9807359 -0.1583183 -0.1144225 0.9807359 -0.1583182 -0.09757226 0.9807358 -0.1692247 -0.09757226 0.9807359 -0.1692239 -0.07969212 0.9807357 -0.1783444 -0.07969212 0.980736 -0.1783427 -0.06097036 0.9807357 -0.1855809 -0.06097042 0.980736 -0.185579 -0.04160493 0.9807356 -0.1908578 -0.04160475 0.9807362 -0.1908546 -0.02179986 0.980736 -0.1941179 -0.0218001 0.980736 -0.1941181 -0.001765847 0.9807357 -0.1953314 -0.001765191 0.9807361 -0.1953293 0.01828807 0.9807358 -0.1944814 0.01828813 0.9807359 -0.1944805 0.03814899 0.9807357 -0.1915782 0.0381484 0.980736 -0.1915767 0.05760574 0.980736 -0.1866511 0.05760669 0.980736 -0.1866505 0.07645529 0.9807359 -0.1797546 0.07645577 0.980736 -0.1797541 0.09449803 0.9807358 -0.1709607 0.09449791 0.980736 -0.1709594 0.1115424 0.9807358 -0.1603605 0.111542 0.9807361 -0.1603594 0.1274091 0.980736 -0.1480678 0.1274095 0.980736 -0.1480672 0.1419311 0.9807357 -0.1342126 0.1419311 0.9807358 -0.1342114 0.1549539 0.980736 -0.1189387 0.1549541 0.980736 -0.118938 0.1663417 0.9807358 -0.1024107 0.1663405 0.9807361 -0.1024097 0.1759717 0.980736 -0.08479976 0.1759724 0.9807358 -0.08479946 0.183745 0.9807358 -0.06629484 0.1837453 0.9807359 -0.06629449 0.189578 0.9807358 -0.04708909 0.1895774 0.9807361 -0.04708904 0.1934083 0.9807361 -0.02738732 0.1934099 0.9807358 -0.02738654 0.1951992 0.9807358 -0.007395207 0.1951983 0.9807359 -0.007395446 0.1949271 0.9807358 0.01267498 0.1949267 0.9807359 0.01267397 0.1925975 0.980736 0.03260999 0.192597 0.9807359 0.03261065 0.1882339 0.980736 0.05220198 0.1882349 0.9807358 0.05220228 0.1818839 0.9807358 0.07124274 0.1818838 0.980736 0.07124155 0.173613 0.9807358 0.08953058 0.1736128 0.9807359 0.08953064 0.1635087 0.9807361 0.1068732 0.1635088 0.9807359 0.1068738 0.1572195 0.9807841 0.1155199 0.1903125 0.9802783 0.05325126 0.4487434 0.8314704 0.3275462 0.465467 0.8311307 0.3042405 0.4654673 0.8311308 0.3042401 0.4942299 0.8311307 0.2548696 0.4942303 0.8311302 0.2548704 0.5177763 0.8311297 0.2028079 0.5177751 0.8311305 0.2028083 0.535853 0.8311307 0.1486054 0.5358534 0.8311304 0.1486049 0.5482748 0.8311298 0.09283316 0.5482749 0.8311298 0.09283393 0.5549067 0.8311299 0.03608131 0.5549049 0.8311311 0.03608018 0.5556775 0.8311315 -0.021052 0.5556786 0.8311307 -0.02105194 0.5505861 0.8311298 -0.07796311 0.5505841 0.8311311 -0.07796317 0.5396755 0.8311324 -0.1340504 0.5396804 0.8311291 -0.1340515 0.5230722 0.8311312 -0.1887232 0.523074 0.8311302 -0.188723 0.5009458 0.8311306 -0.2414028 0.5009465 0.8311301 -0.2414034 0.4735292 0.8311307 -0.2915337 0.4735312 0.831129 -0.2915352 0.4411132 0.8311306 -0.338587 0.4411142 0.8311295 -0.3385882 0.4040407 0.8311298 -0.382066 0.404039 0.8311311 -0.382065 0.3627008 0.83113 -0.4215107 0.3627014 0.8311297 -0.4215105 0.3175321 0.8311307 -0.4565032 0.3175319 0.83113 -0.4565047 0.2690117 0.8311299 -0.4866783 0.269011 0.8311304 -0.4866779 0.2176486 0.8311305 -0.5117141 0.2176495 0.8311304 -0.5117139 0.1639897 0.8311304 -0.5313472 0.16399 0.83113 -0.5313477 0.1085999 0.8311296 -0.5453712 0.1085986 0.8311304 -0.5453702 0.05206245 0.8311302 -0.5536355 0.05206143 0.8311301 -0.5536356 -0.005025804 0.8311296 -0.5560562 -0.005025923 0.8311302 -0.5560553 -0.0620585 0.8311306 -0.5526036 -0.06206029 0.8311309 -0.5526028 -0.1184383 0.8311307 -0.5433179 -0.1184377 0.8311303 -0.5433186 -0.1735671 0.83113 -0.5282967 -0.1735662 0.8311305 -0.5282963 -0.2268632 0.8311302 -0.5076966 -0.2268615 0.8311305 -0.5076966 -0.2777628 0.8311305 -0.4817366 -0.2777639 0.8311306 -0.4817357 -0.3257312 0.83113 -0.4506908 -0.3257311 0.8311308 -0.4506894 -0.3702603 0.8311297 -0.4148864 -0.3702598 0.8311303 -0.4148858 -0.4108791 0.8311308 -0.3746998 -0.410879 0.8311302 -0.3747012 -0.4471604 0.8311308 -0.3305593 -0.4471617 0.8311301 -0.330559 -0.4787214 0.8311304 -0.2829281 -0.4787204 0.8311312 -0.2829269 -0.5052272 0.8311305 -0.2323092 -0.505226 0.8311313 -0.2323092 -0.5263985 0.8311307 -0.1792379 -0.5263998 0.8311299 -0.1792386 -0.542014 0.8311298 -0.1242746 -0.5420119 0.8311312 -0.1242746 -0.5519029 0.8311315 -0.06799882 -0.5519047 0.8311302 -0.0679996 -0.5559695 0.8311299 -0.0110054 -0.5559704 0.8311293 -0.0110051 -0.5541639 0.8311299 0.04610472 -0.5541613 0.8311316 0.04610449 -0.5465062 0.8311308 0.1027271 -0.5465056 0.831131 0.1027273 -0.5330795 0.8311308 0.1582658 -0.5330814 0.8311293 0.1582664 -0.5140249 0.8311307 0.2121329 -0.5140249 0.8311305 0.2121334 -0.4895439 0.8311297 0.2637616 -0.4895433 0.8311303 0.2637609 -0.4598928 0.83113 0.3126047 -0.4598931 0.8311299 0.3126044 -0.4542587 0.8313177 0.3202497 -0.4087678 0.8596357 0.306489 0 0.4033353 -0.9150524 0.7731549 0.6043013 0.1924872 0.5202206 0.8138916 0.2587493 0.4817251 0.8291081 0.2837619 0.8900371 0.4213889 0.1739693 0.7019213 0.6917338 0.1697376 0.7011051 0.6923722 0.1705067 0.4818339 0.8582846 0.1765888 0.5324757 0.834207 0.143417 0.1978304 0.9664049 0.1640877 0.1915774 0.9800242 0.05339038 0.1941165 0.9795138 0.05358773 -0.6212539 -0.1948838 0.7589889 -0.5846422 -0.2579818 0.7691807 -0.544806 -0.5544875 0.6290708 -0.5027151 -0.6083318 0.6141743 -0.3521685 -0.8311836 0.4302455 -0.4102811 -0.7933464 0.4497457 -0.08836972 -0.9801946 0.1772266 -0.1641062 -0.9658541 0.2004873 -0.7654426 0 0.6435044 -0.9974813 0 0.07093083 -0.97295 0.006797552 0.2309162 -0.9429123 -0.003400683 0.333024 -0.742111 0.004868268 0.6702593 -0.7654094 -0.009152293 0.6434788 -0.9725558 -0.02929997 0.2308177 -0.765207 -0.009804368 0.6437096 -0.7635123 -0.03313738 0.6449425 -0.762212 -0.03523051 0.646368 -0.7570395 -0.06325185 0.6503004 -0.7542982 -0.06657141 0.6531481 -0.9729621 -0.02576911 0.2295229 -0.966654 -0.1049474 0.2335941 -0.9697067 -0.09343516 0.2256965 -0.9505844 -0.1969266 0.2400192 -0.9582112 -0.177981 0.2239515 0.9726788 -0.1499249 0.1772531 0.9579747 -0.2246218 0.1784085 0.9540724 -0.243376 0.1746828 0.8473705 -0.1511207 0.5090441 0.8471001 -0.1552031 0.508265 0.6356223 -0.03189998 0.7713409 0.6297425 -0.05614709 0.7747722 0.62911 -0.0482223 0.7758191 0.9718493 -0.1633446 0.1697872 0.8590092 -0.1012513 0.5018481 0.8575487 -0.1033524 0.5039133 0.6383226 -0.03766667 0.768847 0.6415857 -0.01068234 0.7669771 0.983562 -0.05028283 0.1734288 0.9838328 -0.05458557 0.170568 0.9056033 -0.03937059 0.4222947 0.8693351 0.01741611 0.4939162 0.8188022 -0.02932226 0.5733264 0.6427386 -0.01247072 0.7659841 0.6427869 0 0.766045 0.6602252 -0.003374397 0.7510601 0.8191518 0.001248061 0.5735754 0.8321276 0 0.5545843 0.9063069 0 0.4226203 0.924773 -0.003385901 0.3805043 0.9847957 0.004980027 0.1736454 0.9917495 0 0.1281908 0.4904123 -0.2588113 0.8321735 0.2799142 -0.1899458 0.9410466 0.5523537 -0.5993922 0.5793396 0.4221484 -0.5555567 0.7163432 0.3090847 -0.7933399 0.5244793 0.3806492 -0.8253478 0.4170222 -0.01618009 -0.9514936 0.3072428 0.0990526 -0.9807839 0.1680817 0.9443117 -0.02553683 0.3280599 0.4312357 -0.6085531 0.6661073 0.520782 -0.2587253 0.8135401 0.1272452 -0.9659003 0.225489 0.5382166 -0.2498076 0.8049342 0.5757572 -0.2458836 0.7797725 0.5869958 -0.2351854 0.7746767 0.6345035 -0.223205 0.7399898 0.6397069 -0.2163226 0.7375497 0.6687907 -0.2045116 0.7147685 0.6714086 -0.2024093 0.7129102 0.6789669 -0.1988885 0.7067158 0.7011448 -0.1856275 0.6884319 0.7027817 -0.1863046 0.6865773 0.7424497 -0.1597507 0.6505753 0.7415773 -0.1626562 0.6508502 0.7683728 -0.13848 0.6248413 0.7667996 -0.142021 0.625978 0.7889868 -0.1184409 0.6028862 0.7881798 -0.1248806 0.6026422 0.8109325 -0.09304273 0.577695 0.8108142 -0.1001305 0.5766752 0.8264321 -0.07056587 0.5585969 0.8267667 -0.0767917 0.557279 0.836871 -0.05056864 0.5450594 0.8376702 -0.05554944 0.5433443 0.8424009 -0.03741902 0.5375505 0.8423539 -0.04049092 0.5374016 0.8455441 -0.02528208 0.5333068 0.8462903 -0.02776032 0.5319983 0.8483234 -0.008422076 0.5294115 0.8486693 -0.009179592 0.5288442 0.9449562 -0.02861678 0.3259431 0.9389792 -0.08460766 0.3334061 0.9423572 -0.07843112 0.3252869 0.9330484 -0.1242194 0.3376246 0.9368016 -0.1145122 0.3305901 0.9232785 -0.165283 0.346754 0.9308649 -0.1582573 0.32931 0.9050056 -0.2255958 0.3606544 0.9153325 -0.2198596 0.3373844 0.8785188 -0.2895795 0.3799321 0.891653 -0.2879969 0.3493034 0.8414965 -0.3584113 0.4042585 0.8570792 -0.3603134 0.3682249 0.8065078 -0.4149553 0.4211382 0.8250443 -0.4076287 0.3913323 0.7635431 -0.4626623 0.4504947 0.7831452 -0.4705035 0.4065835 0.6938751 -0.53045 0.4869911 0.7171708 -0.541271 0.4389668 0.6380476 -0.5804497 0.5059383 0.6711068 -0.5734056 0.4699167 0.5827729 -0.608681 0.5384082 0.6126746 -0.6230043 0.4863081 0.484635 -0.6557637 0.5788809 0.5200905 -0.6746237 0.5238214 0.2613529 -0.6882794 0.676732 0.3674983 -0.7917526 0.4879271 0.2562245 -0.9472 0.1927726 0.2399152 -0.9492368 0.2034463 0.3753038 -0.9081453 0.1855244 0.3749507 -0.9082394 0.1857775 0.4981559 -0.8502268 0.1701626 0.4722495 -0.8606563 0.1903979 0.5582295 -0.8166306 0.1466094 0.5399734 -0.8259737 0.1618529 0.6442798 -0.7492159 0.1535549 0.6533656 -0.7429611 0.1453349 0.7398252 -0.6574485 0.1428992 0.7352809 -0.6615607 0.1473075 0.7931795 -0.5959767 0.1252121 0.7923901 -0.5968503 0.1260462 0.8499097 -0.5104954 0.1305683 0.8632567 -0.4913196 0.1157283 0.9031771 -0.4104562 0.125685 0.916127 -0.3853753 0.110442 0.9403591 -0.3179098 0.1210704 0.953011 -0.2840246 0.1053568 0.9657053 -0.2306044 0.11931 0.9714252 -0.2090432 0.1124019 0.9782416 -0.1744813 0.1122483 0.9839942 -0.1445353 0.1042351 0.9863742 -0.1172585 0.1153967 0.9931925 -0.04807019 0.106104 0.9930192 -0.03951841 0.1111363 0.9888096 0 0.1491835 0.9937781 -0.005943953 0.11122 0.9446166 0.002911925 0.3281634 0.9351038 7.91466e-4 0.3543731 0.848702 -0.001332819 0.5288698 0.8550704 1.44936e-4 0.518512 0.7854884 0 0.6188766 0.7762839 0.0166825 0.6301628 0.772792 0.1567629 0.6149942 0.7182363 0.426358 0.5498687 0.716184 0.4005939 0.5714936 0.7529267 0.3015479 0.5849534 0.732698 0.1643356 0.6604148 0.8137763 0.5550445 0.1723191 0.8137295 0.5550474 -0.1725307 0.6738291 0.5550469 -0.4877267 0.4181153 0.5550477 -0.7190979 0.09054344 0.5550472 -0.8268763 -0.2525911 0.5550467 -0.7925407 -0.7752725 0.3318283 0.5374407 0.8851283 0.07894337 0.4586022 0.914011 0.328349 0.2382668 0.713648 0.5922046 0.3741663 -0.6281114 0.6116686 0.4809757 -0.6519227 0.6086106 0.4523162 -0.7531217 0.4626634 0.4677077 -0.683667 0.5552493 0.4736009 -0.7249304 0.55505 0.407916 -0.7249313 0.5550486 0.4079164 -0.748134 0.5555557 0.3628408 -0.7727535 0.5396233 0.3341539 -0.7662603 0.5552104 0.3233987 -0.7937406 0.5550498 0.2487882 -0.7937418 0.5550482 0.2487884 -0.8067734 0.5555591 0.2011739 -0.8237285 0.5420137 0.1664109 -0.8164198 0.5551803 0.1588512 -0.8280748 0.5550445 0.07885372 -0.8280727 0.5550475 0.07885318 -0.830901 0.5555618 0.03089803 -0.8386591 0.5445991 -0.007934689 -0.8316535 0.5551542 -0.01249837 -0.8264327 0.5550472 -0.09450781 -0.826434 0.5550451 -0.09450817 -0.8194822 0.5555675 -0.1406913 -0.8170321 0.5473759 -0.1812132 -0.8113118 0.5551275 -0.1833218 -0.7888928 0.5550472 -0.2637628 -0.7888945 0.5550444 -0.2637634 -0.7571108 0.5550472 -0.3445374 -0.757111 0.5550467 -0.3445377 -0.7170819 0.5550502 -0.4215599 -0.7170844 0.5550464 -0.4215608 -0.6692488 0.5550468 -0.4939931 -0.669247 0.5550497 -0.4939922 -0.614125 0.5550475 -0.5610463 -0.6141263 0.5550455 -0.5610467 -0.5523138 0.5550476 -0.6219902 -0.5523159 0.5550476 -0.6219882 -0.4844889 0.5550487 -0.6761594 -0.4844884 0.5550474 -0.6761609 -0.4113895 0.5550457 -0.7229682 -0.4113891 0.5550466 -0.7229678 -0.3338094 0.5550459 -0.7619025 -0.3391781 0.5464795 -0.7657144 -0.2966281 0.5555636 -0.7767631 -0.1748694 0.5430343 -0.8213005 -0.1686251 0.5550473 -0.8145478 -0.2525933 0.5550468 -0.7925401 -0.1304856 0.5555637 -0.8211714 -0.08282285 0.5550457 -0.8276864 -0.08282393 0.5550466 -0.8276857 0.003880977 0.5550467 -0.8318102 -0.00217837 0.5395649 -0.8419414 0.04123485 0.5555609 -0.8304528 0.1715251 0.5360648 -0.8265674 0.1762188 0.5550471 -0.8129389 0.0905438 0.5550469 -0.8268766 0.2111967 0.555555 -0.8042106 0.2599778 0.5550461 -0.790149 0.259976 0.5550466 -0.7901493 0.3409027 0.5550464 -0.7587549 0.3387895 0.5325374 -0.7756454 0.3721243 0.5555471 -0.7435663 0.4923996 0.528979 -0.6911757 0.4907779 0.5550469 -0.6716101 0.4181181 0.555046 -0.7190975 0.51713 0.5555423 -0.6511139 0.5580948 0.555047 -0.6168088 0.5580963 0.5550447 -0.6168096 0.6193343 0.5550457 -0.5552921 0.6256917 0.5253931 -0.5766039 0.6400184 0.555535 -0.5308082 0.7328372 0.521775 -0.4366926 0.7209868 0.5550466 -0.4148511 0.6738303 0.5550444 -0.4877279 0.7355313 0.5555264 -0.387794 0.7602942 0.5550444 -0.3374589 0.7602927 0.5550467 -0.3374583 0.7913199 0.555047 -0.2563899 0.8090949 0.5181349 -0.2773117 0.7995828 0.5555148 -0.2281904 0.8510364 0.5144595 -0.1052071 0.827277 0.5550495 -0.08679157 0.8137299 0.5550468 -0.1725308 0.829431 0.5555041 -0.05881881 0.8318172 0.55505 -1.0864e-4 0.8318203 0.5550452 -1.07878e-4 0.8273014 0.5550469 0.0865767 0.8566827 0.5107515 0.07230371 0.8237965 0.5554957 0.1130669 0.8256005 0.5070158 0.2476266 0.7913848 0.5550496 0.2561839 0.8137766 0.5550442 0.1723187 0.7629696 0.5548839 0.3316342 0.7603768 0.5550528 0.337259 0.7603816 0.5550448 0.3372613 0.7829256 0.5554811 0.280122 0.8255085 0.1941363 0.5299498 0.8965995 0.1948345 0.3976794 0.8966001 0.1948325 0.3976789 0.9331609 0.1948305 0.3020794 0.9331604 0.1948331 0.3020789 0.9595599 0.1948305 0.2031894 0.9595584 0.1948391 0.2031883 0.9755085 0.194838 0.1020859 0.9755094 0.1948328 0.1020866 0.9808355 0.194838 -1.27118e-4 0.9808372 0.1948292 -1.27202e-4 0.975484 0.1948267 -0.1023404 0.9754824 0.1948353 -0.1023402 0.9595055 0.1948379 -0.2034388 0.9595059 0.1948357 -0.2034389 0.9330818 0.1948343 -0.3023212 0.9330822 0.1948322 -0.3023212 0.8964956 0.1948379 -0.3979122 0.8964954 0.1948373 -0.3979128 0.8501481 0.1948342 -0.4891707 0.850149 0.1948323 -0.4891699 0.7945425 0.1948344 -0.5751016 0.7945432 0.1948342 -0.5751007 0.7302851 0.1948344 -0.6547696 0.730285 0.1948364 -0.6547691 0.6580743 0.1948363 -0.7273081 0.658075 0.1948356 -0.7273076 0.5786991 0.194836 -0.7919257 0.5786992 0.194835 -0.7919259 0.493021 0.1948353 -0.8479208 0.4930194 0.1948353 -0.8479217 0.4019757 0.1948341 -0.8946816 0.4019737 0.1948361 -0.8946821 0.3065499 0.1948352 -0.9317009 0.306551 0.1948341 -0.9317008 0.2077886 0.194834 -0.9585738 0.2077888 0.1948341 -0.9585738 0.1067643 0.1948342 -0.9750083 0.106762 0.1948333 -0.9750087 0.004576444 0.1948332 -0.9808257 0.004575669 0.1948337 -0.9808256 -0.09765994 0.1948337 -0.9759624 -0.09765946 0.1948366 -0.9759618 -0.1988356 0.1948366 -0.9604703 -0.1988349 0.1948342 -0.960471 -0.297842 0.1948343 -0.9345211 -0.2978454 0.1948339 -0.9345201 -0.3936079 0.1948352 -0.8983942 -0.3936083 0.194833 -0.8983945 -0.4850878 0.1948342 -0.8524843 -0.4850868 0.1948361 -0.8524844 -0.5712846 0.194836 -0.797291 -0.5712835 0.1948313 -0.797293 -0.6512601 0.194836 -0.7334161 -0.65126 0.1948321 -0.7334173 -0.724144 0.1948324 -0.6615557 -0.7241436 0.1948368 -0.6615548 -0.7891419 0.1948343 -0.5824902 -0.7891426 0.1948297 -0.5824907 -0.8455463 0.1948379 -0.4970812 -0.8455474 0.1948304 -0.4970822 -0.8927441 0.1948342 -0.4062606 -0.8927444 0.1948336 -0.4062605 -0.9302192 0.194838 -0.3110153 -0.93022 0.1948345 -0.3110151 -0.9575663 0.1948342 -0.212383 -0.9575658 0.1948366 -0.2123827 -0.9744859 0.1948305 -0.1114381 -0.9744839 0.1948403 -0.1114387 -0.9807916 0.194838 -0.009279668 -0.9807927 0.1948327 -0.009279429 -0.9764201 0.1948305 0.09297913 -0.976419 0.1948356 0.09297943 -0.9614127 0.1948379 0.194226 -0.9614139 0.1948322 0.1942263 -0.9359377 0.1948381 0.293358 -0.9359392 0.1948308 0.2933581 -0.9002708 0.1948379 0.3892955 -0.9002714 0.1948338 0.3892958 -0.8548009 0.1948342 0.4809938 -0.8548019 0.1948293 0.4809942 -0.8068917 0.1949362 0.5576071 -0.8288259 0.1371225 0.5424436 -0.6404156 0.02125501 0.7677345 -0.6381551 0.02063381 0.7696315 -0.2301972 0.05869179 0.9713725 -0.1278471 0.1436032 0.9813426 -0.2299208 0.08986318 0.9690517 -0.2276008 0.05806094 0.9720221 -0.6339941 0.0668646 0.7704418 -0.6185176 0.07003688 0.7826435 -0.6231508 0.08919227 0.7769994 -0.6077824 0.09354114 0.7885751 -0.6122547 0.1075091 0.7833173 -0.5887657 0.1186544 0.7995475 -0.5928616 0.127897 0.7950835 -0.5664689 0.1445168 0.8113124 -0.6395921 0.04108262 0.7676159 -0.6301498 0.04153245 0.7753621 -0.2209478 0.1166854 0.9682803 -0.232047 0.1900154 0.9539645 -0.2138749 0.1918052 0.9578457 -0.2288438 0.2537202 0.9398174 -0.2104275 0.2563192 0.9434091 -0.2281545 0.312004 0.9222794 -0.1991553 0.319943 0.9262687 -0.2232287 0.3745396 0.8999384 -0.1892774 0.3872818 0.9023231 -0.7212253 0.01576822 0.6925211 -0.1209431 0.992245 -0.0286827 -0.5657632 0.6760873 0.4720361 -0.7169783 0.3038356 0.6273964 -0.6177754 0.1923694 0.7624616 -0.6852939 0.2397928 0.6876567 -0.7626908 0.2226623 0.6072268 -0.7693608 0.2117702 0.6026918 -0.8086243 0.1961022 0.5546808 -0.8115342 0.1894621 0.5527353 -0.8320519 0.1778797 0.5254033 -0.8336299 0.1763539 0.5234124 -0.8544871 0.1631146 0.4931992 -0.8550008 0.1611512 0.4929544 -0.8727217 0.1464944 0.4657214 -0.8862265 0.1313949 0.4442272 -0.3977177 0.9064077 0.1422879 -0.3857024 0.9094645 0.1552678 -0.5142275 0.8479973 0.1283385 -0.5090524 0.8501443 0.1346122 -0.6212524 0.7753419 0.113536 -0.599717 0.787447 0.1423612 -0.65403 0.7511325 0.08969223 -0.6399299 0.7605451 0.1098213 -0.7359467 0.6696106 0.1000204 -0.7412905 0.6649219 0.09147214 -0.8187675 0.5671176 0.08942776 -0.8266 0.5577595 0.07507783 -0.8854774 0.4575088 0.08133566 -0.8830315 0.4613247 0.0862258 -0.9064057 0.4179809 0.06099933 -0.9050629 0.4204406 0.06396239 -0.9387642 0.3370407 0.07159239 -0.9451398 0.3217383 0.05652821 -0.9656868 0.2506057 0.06816083 -0.9707498 0.2336203 0.05537617 -0.9897511 0.1394783 0.03063726 -0.986439 0.156538 0.04933518 -0.9810953 0.1826341 0.06400662 -0.8880254 0.1340175 0.4398301 -0.912302 0.1056425 0.3956575 -0.9120166 0.1098423 0.3951712 -0.9250406 0.0894941 0.369176 -0.9244039 0.09158253 0.3702569 -0.9334971 0.07551282 0.350544 -0.9334576 0.08023202 0.3495997 -0.9439737 0.0556569 0.3252938 -0.9441754 0.05993402 0.3239457 -0.9503087 0.03978949 0.3087561 -0.9505116 0.04275232 0.3077337 -0.9539313 0.02690953 0.2988161 -0.9542104 0.02899473 0.2977277 -0.955854 0.01694869 0.293353 -0.9557606 0.01611429 0.2937042 -0.9565808 0.01188343 0.2912253 -0.957017 0.005212724 0.2899852 -0.9571149 0.005542755 0.2896557 -0.9571194 -0.004507422 0.289659 -0.9570336 -0.004737436 0.2899381 -0.9566605 -0.01124387 0.2909886 -0.9561022 -0.01339048 0.2927275 -0.9861882 0.1487535 0.07283663 -0.9941904 0.09375166 0.05287855 -0.9954574 0.07240337 0.06182616 -0.9980403 0.03132778 0.05416917 -0.9979673 0.02476948 0.0587179 -0.9979225 -0.02651709 0.05871629 -0.9982718 -0.02195012 0.05451464 -0.9951859 -0.07503587 0.06304645 -0.9965991 -0.06465995 0.05108225 -0.9893154 -0.1278887 0.06999737 -0.9919369 -0.1192207 0.04298692 -0.9824578 -0.1730313 0.06954884 -0.9866163 -0.1555357 0.04895955 -0.9730083 -0.2154747 0.0826168 -0.9751418 -0.2186164 0.03613007 -0.9530844 -0.2887452 0.09086412 -0.9535779 -0.2989236 0.03652369 -0.9341039 -0.3470841 0.08356231 -0.9435791 -0.3273842 0.04978227 -0.9246807 -0.3693201 0.09256607 -0.9293566 -0.3664383 0.04493534 -0.8976281 -0.4261472 0.1125276 -0.8873476 -0.4596217 0.03690719 -0.8510604 -0.5134459 0.1098616 -0.8571342 -0.5124399 0.05221462 -0.9561368 -0.01517522 0.2925273 -0.9552178 -0.02335488 0.2949806 -0.9546269 -0.02384769 0.2968485 -0.9532539 -0.03130215 0.3005447 -0.952816 -0.03225022 0.3018306 -0.9506219 -0.04229289 0.3074564 -0.9495317 -0.0421096 0.3108319 -0.9443562 -0.05853152 0.3236753 -0.943102 -0.05788218 0.3274269 -0.9392974 -0.06706935 0.3364852 -0.9385108 -0.06814074 0.3384591 -0.9358227 -0.07414001 0.3445858 -0.9347704 -0.07421743 0.3474134 -0.925373 -0.09217733 0.3676795 -0.9239445 -0.09026378 0.3717245 -0.9122064 -0.1074638 0.3953873 -0.9112691 -0.1073282 0.3975796 -0.8952793 -0.1272699 0.4269396 -0.8944868 -0.1260176 0.4289675 -0.877564 -0.1423408 0.4578433 -0.8650729 -0.1449465 0.4802495 -0.7130876 -0.2393137 0.6589652 -0.7452028 -0.2278121 0.6267173 -0.7411034 -0.2238084 0.6329894 -0.7898151 -0.2084582 0.5768339 -0.7855339 -0.20345 0.5844182 -0.8300528 -0.182161 0.5270956 -0.8281275 -0.1793826 0.531062 -0.8614391 -0.1567679 0.4830597 -0.6015502 -0.6607488 0.4489414 -0.6636016 -0.6130175 0.4287685 -0.6877114 -0.6051977 0.4009848 -0.7365049 -0.5562893 0.3848413 -0.7612232 -0.5441169 0.3528118 -0.8010778 -0.4895396 0.3444204 -0.8257923 -0.4722966 0.3082255 -0.8553912 -0.4188836 0.3047006 -0.8772083 -0.3981094 0.2683551 -0.8983893 -0.3465482 0.2698169 -0.9083608 -0.3341278 0.2514747 -0.9204928 -0.3068827 0.2419009 -0.9289749 -0.2942112 0.2246004 -0.9402289 -0.2513133 0.229807 -0.9477916 -0.2368666 0.2135072 -0.9543888 -0.2128928 0.2093292 -0.9539123 -0.2139614 0.2104086 -0.9593147 -0.1980229 0.2012525 -0.9619627 -0.191501 0.1948209 -0.9661585 -0.1630426 0.1998872 -0.9729651 -0.1411648 0.182788 -0.9746189 -0.1180753 0.1902008 -0.9775423 -0.1048738 0.182791 -0.9790163 -0.09253954 0.1815587 -0.9812909 -0.07976859 0.1752288 -0.9811573 -0.0670982 0.1811859 -0.9836189 -0.04496026 0.174564 -0.983366 -0.03853213 0.1775013 -0.9846569 -0.01558995 0.1738044 -0.9844057 -0.01346909 0.1753968 -0.9843372 0.01791882 0.1753833 -0.9848167 0.01597619 0.1728603 -0.982324 0.05252927 0.1796676 -0.983916 0.04861348 0.1718903 -0.9784483 0.08872348 0.1864591 -0.9813439 0.0858916 0.1720088 -0.9722807 0.1279855 0.1956784 -0.9760606 0.1275507 0.176172 -0.9620622 0.1733458 0.2106833 -0.966448 0.1804261 0.1828243 -0.9456098 0.2291109 0.230934 -0.9498839 0.2421422 0.1977064 -0.9311499 0.2757094 0.2386298 -0.937894 0.2702356 0.217549 -0.9125868 0.3092204 0.2675225 -0.9157392 0.3325583 0.225448 -0.8719853 0.383437 0.3043318 -0.8752784 0.4090108 0.2580657 -0.8194836 0.4566313 0.3463157 -0.8239865 0.4835391 0.2953578 -0.7769652 0.5142017 0.3632107 -0.796577 0.5075355 0.32844 -0.7434049 0.536984 0.3987447 -0.7521602 0.5624559 0.3433636 -0.6667927 0.596574 0.4466397 -0.6796706 0.6238144 0.3858802 -0.6312394 0.6376823 0.4414726 -0.2785964 0.9427652 0.1832429 -0.6795141 -0.2441541 0.6918449 -0.6909064 -0.2583305 0.6752139 -0.5239294 -0.6708651 0.5248219 -0.4813283 -0.6074619 0.6319124 -0.4643216 -0.7909193 0.3985628 -0.8445151 -0.5299301 0.0772553 -0.7781308 -0.620548 0.09712296 -0.7834001 -0.6185224 0.06094759 -0.7264317 -0.6700921 0.1525573 -0.7060659 -0.7060147 0.05490231 -0.6240241 -0.7620255 0.1729484 -0.605511 -0.7930747 0.06624937 -0.506991 -0.8404382 0.1913735 -0.5023076 -0.8608335 0.08156496 -0.384744 -0.8977135 0.2146687 -0.3864409 -0.9173999 0.09508347 -0.2444818 -0.9398691 0.2384846 -0.2592866 -0.9592399 0.1123813 -0.5549115 0.7718707 -0.3103049 -0.5549098 0.8287208 0.07277977 -0.5549015 0.7059732 0.4400979 -0.5548956 0.4302244 0.7120379 -0.5549212 0.06122887 0.8296467 -0.5549085 -0.3210281 0.767475 -0.0995627 -0.9297303 0.3545263 -0.5171596 -0.8032559 0.2955099 -0.3437871 -0.8824625 0.3210457 -0.1917118 -0.9151633 0.3545742 -0.3407276 0.4376612 -0.8320801 -0.4766642 0.4141873 -0.7753969 -0.06432181 0.4641656 -0.8834099 -0.1891533 0.4643183 -0.8652338 -0.6364705 -0.7335142 0.2384583 -0.4977347 -0.8145082 0.2980546 -0.5554528 -0.7703201 0.3131764 -0.5549006 -0.741765 0.3766565 -0.5549142 -0.7417553 0.3766555 -0.5553717 -0.7043862 0.4420435 -0.4996203 -0.7210873 0.4800132 -0.555437 -0.6771882 0.4826034 -0.5549135 -0.6337121 0.538962 -0.5549128 -0.6337094 0.5389658 -0.5553977 -0.5832549 0.5927454 -0.4992255 -0.5897069 0.6348384 -0.5554091 -0.5474529 0.6259523 -0.554908 -0.490854 0.6716692 -0.5549095 -0.4908505 0.6716705 -0.554908 -0.4087591 0.724564 -0.4414429 -0.4187766 0.7935705 -0.555428 -0.4306014 0.7113945 -0.4498919 -0.2231511 0.8647548 -0.5554366 -0.2546836 0.7915974 -0.554914 -0.3210265 0.7674714 -0.5549136 -0.2288743 0.7998046 -0.5549211 -0.133567 0.8211105 -0.5549279 -0.1335656 0.8211061 -0.5549085 -0.03641909 0.8311139 -0.4582756 -0.01734453 0.8886409 -0.5554631 -0.06500083 0.8289969 -0.4665342 0.1874171 0.8644194 -0.5554791 0.1281901 0.8215902 -0.5549011 0.06123024 0.8296599 -0.5549069 0.1580372 0.8167636 -0.5549083 0.2526656 0.7926141 -0.5548996 0.2526662 0.7926198 -0.5548959 0.3438146 0.7575502 -0.4746572 0.3800966 0.7938685 -0.5554997 0.3144409 0.7697708 -0.4826365 0.5504127 0.6812546 -0.5555068 0.4836991 0.6763486 -0.5549139 0.4302162 0.7120286 -0.5549054 0.5106989 0.656709 -0.5549212 0.5841338 0.5923262 -0.554894 0.5841449 0.5923406 -0.5549149 0.6495276 0.5197918 -0.4905283 0.6893768 0.5330494 -0.555515 0.626807 0.5463663 -0.4983066 0.7898082 0.357622 -0.5555253 0.7360287 0.3868508 -0.5549144 0.7059667 0.4400922 -0.5549092 0.7526792 0.3543301 -0.554906 0.7890205 0.2636781 -0.5549111 0.7890155 0.2636818 -0.554908 0.8144829 0.1693955 -0.5059424 0.8466926 0.1647247 -0.5555431 0.8054573 0.2064233 -0.5134723 0.8573895 -0.03506696 -0.5555449 0.8313543 0.01483958 -0.554908 0.828722 0.07278132 -0.5549045 0.8315432 -0.02483904 -0.5549054 0.8229018 -0.1221176 -0.5549103 0.8228985 -0.122118 -0.5549054 0.8029205 -0.2177127 -0.5208795 0.8218088 -0.2309008 -0.5555555 0.8123047 -0.1775372 -0.1949247 -0.9147825 0.3538042 -0.1947478 -0.874562 0.4440884 -0.1947734 -0.8745583 0.4440845 -0.1947661 -0.8164876 0.5435202 -0.1947665 -0.8164908 0.5435155 -0.1947572 -0.747168 0.6354602 -0.1947575 -0.7471705 0.6354572 -0.1947746 -0.6675486 0.7186388 -0.1947618 -0.6675506 0.7186405 -0.1947569 -0.5787315 0.7919215 -0.1947603 -0.5787325 0.7919199 -0.1947571 -0.4819377 0.8542867 -0.1947695 -0.4819388 0.8542833 -0.1947572 -0.3785015 0.9048792 -0.1947706 -0.3785041 0.9048752 -0.1947745 -0.2698497 0.9429974 -0.1947768 -0.2698509 0.9429966 -0.1947921 -0.1574788 0.9681201 -0.194751 -0.1574808 0.968128 -0.1947921 -0.04293882 0.9799043 -0.1947468 -0.04293948 0.9799132 -0.1947394 0.07219219 0.9781948 -0.1947659 0.07219129 0.9781895 -0.1947745 0.1863278 0.9629874 -0.1947692 0.18633 0.9629881 -0.1947745 0.2978986 0.9345157 -0.1947831 0.2979011 0.934513 -0.1947743 0.4053637 0.8931648 -0.1947715 0.4053628 0.8931658 -0.1947572 0.5072412 0.8395094 -0.1947899 0.5072413 0.8395019 -0.1947745 0.6021266 0.7742781 -0.1947846 0.6021271 0.7742751 -0.1947572 0.6887191 0.6983807 -0.1947607 0.6887199 0.698379 -0.1947575 0.7658172 0.6128571 -0.1947732 0.7658159 0.6128535 -0.1947661 0.8323598 0.5188868 -0.1947737 0.8323597 0.518884 -0.1947658 0.8874337 0.4177654 -0.1947652 0.8874342 0.4177644 -0.1947662 0.9302772 0.310887 -0.1947692 0.930276 0.3108885 -0.1947661 0.9603003 0.1997236 -0.1947689 0.9602993 0.1997258 -0.1947672 0.9770888 0.08580935 -0.194766 0.9770889 0.0858106 -0.1947684 0.980412 -0.02928721 -0.1947683 0.980412 -0.02928733 -0.1947706 0.9702239 -0.1439803 -0.1947639 0.9702252 -0.1439795 -0.1947663 0.9466659 -0.2566905 -0.1947672 0.9466659 -0.2566899 -0.1947701 0.9100608 -0.3658609 -0.194761 0.9100621 -0.3658624 -0.5281659 0.7423509 -0.4122573 -0.5555631 0.7493469 -0.3603178 -0.5549046 0.7718738 -0.3103092 -0.1948596 0.4644961 -0.8638711 -0.1947641 0.5548387 -0.8088393 -0.1947648 0.5548372 -0.8088402 -0.1947684 0.6458032 -0.7382436 -0.1947609 0.6458047 -0.7382442 -0.194764 0.7278696 -0.6574746 -0.1947681 0.7278679 -0.6574754 -0.1947686 0.7999041 -0.5676431 -0.1947613 0.7999037 -0.5676461 -0.1947663 0.8609141 -0.4699926 -0.1947634 0.8609161 -0.46999 -0.5549076 0.7301889 -0.3986248 -0.5549046 0.6784441 -0.4814504 -0.5549132 0.6784378 -0.4814494 -0.5549085 0.6173455 -0.5576389 -0.5549105 0.6173433 -0.5576395 -0.5549077 0.5477427 -0.6261433 -0.5549076 0.5477403 -0.6261455 -0.5549116 0.4705874 -0.686018 -0.5549067 0.4705888 -0.686021 -0.5552609 0.4006461 -0.7288128 -0.6073934 0.3770682 -0.6992088 -0.717861 -0.6620794 0.215236 -0.6895662 0.3945972 -0.6072821 -0.7176095 -0.6816768 0.1426658 -0.6736116 -0.7039591 0.2251425 -0.7200142 -0.6680697 0.1877833 -0.7147429 -0.6707312 0.1981472 -0.7119708 -0.6042647 0.3577176 -0.7013604 -0.6355624 0.3227293 -0.7119291 -0.6415206 0.2856717 -0.7069922 -0.6551472 0.2663536 -0.7066518 -0.6737412 0.2161394 -0.7192658 -0.660616 0.2150424 -0.7120224 -0.3812816 0.5896173 -0.7069669 -0.3662284 0.6050409 -0.7065144 -0.3132013 0.6346199 -0.7069267 -0.5990869 0.375965 -0.7069802 -0.5759435 0.4104487 -0.712001 -0.5589606 0.4249914 -0.7013033 -0.5430283 0.4618375 -0.7120221 -0.5062123 0.4865941 -0.7069467 -0.4960627 0.5041312 -0.7065178 -0.4502494 0.5459928 -0.7167431 -0.4590781 0.5249063 -0.7012873 -0.4206202 0.5755649 -0.7118884 -0.07832145 0.6979117 -0.7070046 -0.05528342 0.7050449 -0.7065159 0.002695441 0.7076922 -0.7160975 -0.3257673 0.6173167 -0.7013202 -0.2750822 0.657632 -0.7119803 -0.2360866 0.6613224 -0.7069848 -0.2166057 0.6732417 -0.7065159 -0.1594938 0.6894904 -0.7154486 -0.1745727 0.6765041 -0.7013909 -0.1144409 0.7035298 -0.7115657 0.2412621 0.6598991 -0.7070326 0.2674261 0.6546666 -0.7065169 0.3180264 0.6322128 -0.7147999 -0.0136457 0.699196 -0.701511 0.05245256 0.7107257 -0.7117508 0.08365428 0.6974331 -0.7070174 0.1090235 0.698742 -0.7065142 0.1647436 0.6882566 -0.7141435 0.1483237 0.6841047 -0.7016727 0.2163976 0.6788427 -0.7110571 0.5106142 0.4833952 -0.7070597 0.5330688 0.4646552 -0.7065156 0.5666018 0.4240262 -0.7134853 0.3025814 0.6319679 -0.7018776 0.3683612 0.609654 -0.7113343 0.386146 0.5872775 -0.7070485 0.4113665 0.5752044 -0.706515 0.4543994 0.5425477 -0.7128248 0.4407628 0.5455356 -0.7021259 0.4999788 0.5069917 -0.7103558 0.6732836 0.2051433 -0.7070752 0.6850008 0.1755523 -0.7065175 0.6962378 0.1268309 -0.7121605 0.55536 0.4294213 -0.7024169 0.6040127 0.3765358 -0.7107309 0.6080572 0.3537347 -0.7070669 0.6259542 0.3289952 -0.7065166 0.64867 0.2829516 -0.7114924 0.6401298 0.2898489 -0.7027527 0.6747526 0.2254941 -0.709463 0.6949957 -0.1168047 -0.707088 0.6908187 -0.1509839 -0.7065172 0.6797274 -0.1969882 -0.7108233 0.6904261 0.1343208 -0.7031294 0.7083355 0.06220805 -0.7099342 0.702798 0.04548072 -0.7070841 0.707017 0.01261687 -0.7065153 0.7067797 -0.03603798 -0.7101504 0.703462 -0.02877068 -0.703552 0.7029457 -0.1043173 -0.7094729 0.6784617 -0.1906255 -0.7040154 0.6589306 -0.2649016 -0.7089452 0.6502358 -0.2731119 -0.7070911 0.6372789 -0.3064277 -0.706516 0.6165264 -0.347463 -0.7087931 0.6167021 -0.3424777 -0.7038146 0.574521 -0.4178165 -0.7085267 0.5755001 -0.4083988 -0.7042581 0.5221871 -0.4809794 -0.7081421 0.523961 -0.4732862 -0.7046886 0.4629639 -0.5376603 -0.707769 0.4651312 -0.5317106 -0.7035936 0.3802251 -0.6003206 -0.7430564 0.3785632 -0.5518671 -0.7011449 0.3384403 -0.627578 -0.2153713 0.7218177 -0.6577191 -0.08169525 0.5899955 -0.8032629 -0.1225436 0.5798851 -0.8054294 -0.2422426 0.84787 -0.4716302 -0.1358762 0.5593954 -0.8176886 -0.1577367 0.5347619 -0.8301499 -0.1644212 0.5316982 -0.8308205 -0.1797162 0.4917551 -0.8519853 -0.1950834 0.4774636 -0.8567212 -0.3121802 0.7918453 -0.5249045 -0.3969533 0.7359817 -0.5484151 -0.3449653 0.7496854 -0.5647749 -0.4653148 0.6169847 -0.6346749 -0.4652204 0.6170344 -0.6346956 -0.5155947 0.4882822 -0.7040899 -0.5544729 0.4525407 -0.698403 -1 2.8526e-6 0 -1 -1.83735e-7 0 -1 -2.24241e-6 0 -1 3.67872e-6 0 -1 6.34905e-6 0 -1 4.49914e-7 0 -1 6.98349e-7 0 -1 -4.37609e-7 0 -1 -2.15624e-7 0 -1 -2.15184e-7 0 -1 3.93003e-7 0 -1 -4.30151e-7 0 -1 -1.31903e-7 0 -1 1.29661e-7 0 -1 1.7737e-7 0 -1 -1.15844e-5 0 -1 2.15797e-7 0 -1 -2.59518e-7 0 -1 -7.24776e-6 0 -1 6.3043e-7 0 -1 -2.88299e-7 0 -1 -2.12647e-5 0 -1 -2.26047e-7 0 -1 3.176e-6 0 -1 6.26666e-6 0 -1 1.49855e-7 0 -1 8.00256e-7 0 -1 -2.15191e-7 0 -1 0 0 -1 1.77797e-7 0 0.3026974 0.7031951 -0.6433436 0.2754944 0.6988164 -0.6601201 0.3380224 0.708364 -0.6196462 0.288523 0.6998409 -0.653435 0.3129462 0.6972615 -0.6448962 0.2943925 0.6831722 -0.668288 0.292836 0.6828941 -0.6692555 0.2998563 0.6965863 -0.6518082 0.3067291 0.70016 -0.6447428 -0.01710069 0.9744169 -0.2240967 -0.03671687 0.9759685 -0.2147963 -0.0491572 0.9758166 -0.2129918 -0.119473 0.9790378 -0.1649587 -0.07151877 0.993784 -0.08531552 -0.1444576 0.9885933 -0.04260885 -0.08893471 0.9855578 -0.1441057 -0.06926506 0.9843975 -0.1617534 0 0.9745594 -0.2241291 0 0.9745595 -0.2241293 0.007041335 0.9999483 -0.007344841 0.05257266 0.9958737 -0.07397204 0.04494565 0.9958154 -0.07957172 0.1253291 0.9853881 -0.1153382 0.01269769 0.9744811 -0.2241106 0.05048727 0.9762059 -0.2108862 0.09158927 0.9722741 -0.2151619 0.1344506 0.9689866 -0.2073354 0.05914503 0.987101 -0.1487731 0.07173484 0.9854343 -0.1541864 0.7234272 0.6377413 -0.26446 -0.666384 0.70469 -0.243607 -0.7665133 0.5932434 -0.2460079 0.6742732 0.706063 -0.216404 0.6902017 0.7070686 -0.153869 0.7382684 0.6700133 -0.07773089 0.7065248 0.7047816 -0.064076 0.7064399 0.7070208 0.03262388 0.7477563 0.653898 0.1152297 0.6982858 0.7050856 0.1234965 0.6731993 0.7069472 0.2168601 0.7046731 0.6397457 0.3068572 0.6411628 0.7053684 0.3022679 0.5927892 0.7068559 0.385948 0.6107504 0.6279299 0.4823775 0.5391922 0.7056272 0.4597412 0.4708278 0.7067446 0.5280466 0.4719697 0.618771 0.6279866 0.3995391 0.7058669 0.5849106 0.3158407 0.7066116 0.633202 0.2981072 0.6125199 0.7320871 0.2319991 0.706084 0.6690456 0.1386638 0.7064573 0.6940393 0.1019217 0.6093506 0.786323 0.04831075 0.7062807 0.7062816 -0.04831075 0.7062807 0.7062816 -0.1019217 0.6093506 0.786323 -0.1386638 0.7064573 0.6940393 -0.2677825 0.7041548 0.6576159 -0.2788965 0.5247238 0.8042896 -0.3158407 0.7066116 0.633202 -0.4265946 0.7041547 0.5676119 -0.4683573 0.5572381 0.6856583 -0.4708278 0.7067446 0.5280466 -0.5572117 0.7041547 0.4400926 -0.6158549 0.5873547 0.5251069 -0.5927892 0.7068559 0.385948 -0.6510003 0.7041556 0.2834849 -0.7131032 0.6151949 0.3361833 -0.6731993 0.7069472 0.2168601 -0.7017638 0.704154 0.1081423 -0.7559042 0.6408875 0.1336869 -0.7064399 0.7070208 0.03262388 -0.706144 0.704154 -0.0743488 -0.7441681 0.6645743 -0.06748974 -0.6902017 0.7070686 -0.153869 0 1 1.24099e-6 0 1 -2.10297e-6 0 1 -3.59947e-7 0 1 3.49758e-6 0 1 0 0 1 -5.83525e-6 0 1 5.0531e-7 0 1 0 -0.003762245 0.9999205 -0.01204299 0 0.999566 -0.02946186 0 1 -2.34734e-6 0 1 7.47243e-7 0 1 1.68682e-5 0 1 -4.75216e-6 0 1 3.85319e-6 0 1 -3.51352e-6 0 1 4.69924e-7 0 1 -6.7272e-7 0 1 -4.8881e-7 0 1 4.04606e-6 0 1 -4.20746e-7 0 1 -3.47164e-6 0 1 -6.7979e-7 0 1 -1.69056e-5 0 1 1.68607e-7 0 1 0 0 1 -1.2639e-7 0 1 0 0 1 -2.54522e-7 0 1 -4.89749e-7 0 1 2.21752e-7 0 1 2.51791e-7 0 1 0 0 1 -4.95415e-7 0 1 5.08913e-7 0 1 2.44044e-7 0 1 2.22019e-7 0 1 2.53235e-7 0 1 -2.51319e-7 0 1 -1.25316e-7 0 1 5.10057e-7 0 1 -2.4195e-6 0 1 -1.59635e-6 0 1 7.32511e-7 0 1 2.47473e-7 0 1 -4.49265e-7 0 1 4.76135e-7 0 1 5.06031e-7 0 1 -1.79305e-7 0 1 -2.53338e-7 0 1 -7.96996e-7 0 1 -3.09648e-7 0 1 0 0 1 -1.98811e-7 0 1 -3.10206e-7 0 1 3.17988e-7 0 1 -6.88549e-7 0 1 2.74869e-6 0 1 1.32185e-7 0 1 -5.44087e-7 0 1 2.0657e-7 0.0398944 0.9479813 -0.3158162 0.002484679 0.9999945 -0.002207279 0.4361994 0.8128069 -0.3861026 0.1802399 0.9705417 -0.1598824 0.6959735 0.3723995 -0.613954 0.680822 0.4372111 -0.5876462 0.6650406 0.5090218 -0.5464594 0.5789158 0.6145231 -0.5359271 0.43162 0.8340051 -0.3437147 0.1532788 0.9785944 -0.1373276 0.171205 0.9782522 -0.1170959 0.02979528 0.9992253 -0.02571403 0.6492888 0.4972584 -0.5754634 0.6385873 0.5093141 -0.576893 0.4410192 0.807895 -0.3909066 0.4326453 0.8128038 -0.3900874 0.1689132 0.9742484 -0.1493607 0.01296466 0.9929611 -0.1177297 0.03137582 0.7796872 -0.6253827 0.06002366 0.7872369 -0.6137226 0.08187121 0.7842931 -0.6149646 0.1573276 0.7856642 -0.5983142 0.2291697 0.8103603 -0.5392566 0.1626282 0.794357 -0.585277 0.1279433 0.7918215 -0.5972012 0.2368041 0.9091675 -0.342547 0.1916053 0.9307584 -0.31141 0.1223405 0.9652369 -0.2309773 0.2543156 0.9331844 -0.25395 0.3811337 0.8051776 -0.4543414 0.1996519 0.9128549 -0.3561394 0.2673202 0.8068414 -0.5268272 0.3481264 0.8067221 -0.4775014 0.3163031 0.798185 -0.5126922 0.4055351 0.7993474 -0.4433794 0.6003621 0.496269 -0.6271225 0.5159988 0.5177596 -0.6824004 0.5182523 0.5177868 -0.6806699 0.4205636 0.5350003 -0.7327352 0.3890453 0.5342211 -0.750501 0.3066323 0.5557124 -0.7727617 0.2421408 0.5555301 -0.7954586 0.1911083 0.5640594 -0.8033148 0.09243041 0.5623973 -0.8216848 0.0728209 0.5674654 -0.8201709 0 0.7703688 -0.6375988 0.003517508 0.7800663 -0.6256871 -0.0050686 0.5562722 -0.8309847 0 0.5689753 -0.8223547 0.8056335 -0.04572665 0.5906471 0.3543303 -0.8246309 0.4409468 0.4636126 -0.7284832 0.5043566 0.5029518 -0.6422577 0.5783985 0.6130489 -0.5535899 0.5636572 0.6878635 -0.4231299 0.58975 0.1640917 -0.9258528 0.3403979 0.02021539 -0.972604 0.2315877 0.1725317 -0.9170973 0.3593959 0.226878 -0.9326801 0.2804177 0.2003471 -0.9395814 0.2775751 0.8144837 -0.2484989 0.5242753 0.742865 -0.2279484 0.6294372 0.7224901 -0.2452648 0.6464157 0.8211297 -0.2365033 0.5194345 0.7264078 -0.4681281 0.5031778 0.5891956 -0.6677325 0.4549527 0.5839906 -0.6718689 0.4555733 0.4080625 -0.8323562 0.3750579 0.006762623 -0.6821651 0.7311669 -0.001796007 -0.788632 0.614863 -0.002668678 -0.7849734 0.6195238 0 -0.9455171 0.3255725 0.007460594 -0.857416 0.5145698 -0.02659195 -0.9026786 0.4294933 0.02510869 -0.9729863 0.2294938 0 -0.1119275 0.9937165 -0.1597697 -0.1276507 0.9788662 0.05053156 -0.3118974 0.9487712 0.01566505 -0.3520464 0.9358515 -0.04172414 -0.5256792 0.8496591 0.002494156 -0.4894881 0.8720064 -4.11249e-4 -0.6102836 0.7921829 -0.017102 -0.7043575 0.7096394 0.2986909 0.9501594 0.08933538 0.4784905 -0.5209982 0.7068293 0.5085722 -0.4708847 0.7208482 0.6534662 0.3127748 0.689314 0.6524523 0.04022485 0.7567616 0.6505315 0.005128622 0.759462 0.6145886 -0.163691 0.7716775 0.5740357 -0.2997664 0.7619863 0.4555007 0.8353748 0.3076817 0.4157385 0.8804525 0.227958 0.52017 0.7509693 0.4067779 0.6285594 0.4804365 0.6116323 0.590988 0.6484167 0.4798845 0.6221274 0.533703 0.5728166 0.1681002 0.9831488 -0.07183903 0.06047946 0.9690399 -0.2393823 0.1743624 0.982055 -0.07187443 0.177468 0.9822615 -0.06055897 0.1688605 0.9829742 -0.07244253 0.4797324 0.8235076 0.302807 0.4735406 0.8310821 0.2916536 0.6625992 0.4600923 0.590997 0.6606085 0.472813 0.5831333 0.6806262 -0.01743763 0.7324233 0.6838868 -0.002768158 0.7295829 0.5294716 -0.4905678 0.6921004 0.5375841 -0.4776979 0.694844 0.9999987 0.001661121 0 1 -2.40959e-5 0 1 6.23575e-5 0 1 -2.63806e-5 0 1 -2.53485e-5 0 1 1.8547e-5 0 1 6.69389e-6 0 1 2.95374e-5 0 1 6.63506e-5 0 1 -4.25666e-5 0 0.04017168 -0.5299002 0.8471081 0.05043977 -0.9200198 0.3886124 0.7308183 -0.1775072 0.6590871 0.5985539 -0.4315375 0.6749138 0.5214508 -0.5858582 0.6203703 0.5046786 -0.6287115 0.5916261 0.7400799 -0.02258002 0.6721398 0.3004649 -0.7177654 0.6281192 0.1936298 -0.8295406 0.5238034 0.5081533 -0.5948299 0.6228625 0.4929822 -0.5573359 0.6680907 0.4332177 -0.5760249 0.693194 0.1980519 -0.8804241 0.4308467 0.1220903 -0.8638834 0.4886711 0.1331717 -0.8629399 0.4874424 0.1031877 -0.855242 0.5078518 0.1126815 -0.8506811 0.5134634 0.09436237 -0.8382761 0.5370185 0.07319653 -0.8337101 0.5473299 0.08738183 -0.8234738 0.5605849 0.05700838 -0.8191356 0.5707602 0.0636304 -0.816665 0.5735936 0.03868609 -0.8133523 0.5804839 0.04472577 -0.8069377 0.5889409 0.01308888 -0.804875 0.5933002 0.01462036 -0.8025194 0.5964471 0.03993457 -0.5304291 0.8467882 0.1199975 -0.5357035 0.8358364 0.1202539 -0.5373259 0.8347574 0.1732783 -0.5445321 0.8206459 0.1738411 -0.545386 0.8199594 0.2294377 -0.5531892 0.8008371 0.2293229 -0.5562739 0.7987305 0.3125401 -0.5731981 0.7574714 0.3119188 -0.5772002 0.7546831 0.3612813 -0.5900647 0.7220108 0.3621942 -0.5913313 0.7205156 0.4206447 -0.6053351 0.6757422 0.4181267 -0.6202193 0.6637004 0.6949271 -0.2347168 0.6796943 0.6015034 -0.2083356 0.7712264 0.5915784 -0.2232487 0.7747225 0.5323042 -0.2082554 0.8205376 0.5261615 -0.2106382 0.8238844 0.4647493 -0.1952884 0.8636379 0.4552794 -0.2098524 0.8652645 0.3458258 -0.1875955 0.9193544 0.3382869 -0.2002161 0.9194974 0.2630221 -0.1892932 0.9460378 0.2586599 -0.1925055 0.9465922 0.1829823 -0.1825441 0.9660203 0.1792722 -0.1900286 0.9652723 0.06115072 -0.1822396 0.9813508 0.06008827 -0.1849218 0.9809145 0 -0.1852552 0.9826905 0 -0.1852562 0.9826903 0 -0.5303288 0.847792 0 -0.5303283 0.8477924 0 -0.802604 0.5965123 0 -0.802605 0.5965109 0 -0.8306431 0.5568053 -0.005109131 -0.8018011 0.5975692 0.006062388 -0.5906695 0.8068909 -0.003280162 -0.5286334 0.8488439 0.00381577 -0.2090851 0.9778901 0 -0.1852564 0.9826903 0.1945336 -0.8462844 0.495943 0.1945322 -0.8462856 0.4959415 0.1950855 -0.796869 0.5717878 0.1468484 -0.7784672 0.6102657 0.1949196 -0.7627038 0.6166761 0.1947764 -0.6973564 0.6897508 0.1947795 -0.6973562 0.6897503 0.1950128 -0.6358225 0.746793 0.1326127 -0.6200197 0.7732978 0.1950084 -0.591836 0.7821137 0.1947869 -0.5216605 0.8306194 0.1947707 -0.5216616 0.8306225 0.1947975 -0.422858 0.8850113 0.1230532 -0.4425509 0.8882604 0.1950934 -0.3861755 0.9015582 0.1947767 -0.318468 0.927707 0.1947916 -0.318467 0.9277043 0.1947975 -0.2098641 0.958129 0.1797468 -0.213849 0.9601874 0.1951068 -0.1578058 0.9680035 0.1947974 -0.09848755 0.9758864 0.1947707 -0.09848785 0.9758917 0.1947974 0.01419371 0.9807409 0.1947805 0.01419162 0.9807443 0.1950871 0.07982254 0.9775324 0.1607935 0.1274767 0.9787212 0.1948781 0.1358907 0.9713683 0.1947767 0.2375025 0.951659 0.1947795 0.2375018 0.9516586 0.1950501 0.3127644 0.929588 0.1355903 0.3486703 0.9273858 0.1949652 0.3656961 0.9100852 0.1947562 0.4482928 0.8724126 0.1947914 0.4482908 0.8724058 0.1947767 0.5454779 0.8151785 0.09831571 0.5350371 0.8390884 0.1950558 0.5739918 0.7952903 0.1947869 0.635451 0.7471681 0.1947603 0.6354525 0.7471737 0.1947765 0.7170242 0.6692821 0.1555608 0.715963 0.6805864 0.1950861 0.7485352 0.6337481 0.1947767 0.7891141 0.5825471 0.1947816 0.7891128 0.5825473 0.1947667 0.8507732 0.4881095 0.1947946 0.8507685 0.4881066 0.1950861 0.879062 0.4349616 0.1792955 0.9038892 0.388378 0.1948229 0.902671 0.3837048 0.1947818 0.9396721 0.2812055 0.1947802 0.939673 0.2812035 0.1950667 0.9579195 0.2105686 0.1433375 0.9744329 0.1730174 0.1949409 0.9684662 0.1551497 0.1947805 0.979042 0.05947583 0.1947814 0.9790418 0.05947506 0.1947816 0.9793971 -0.05330646 0.07330393 0.996954 -0.0266332 0.1950173 0.9773226 -0.08251583 0.1947804 0.9668031 -0.1653853 0.1947786 0.966803 -0.1653884 0.194782 0.9414251 -0.2752797 0.1310687 0.9555125 -0.2642288 0.1950699 0.9287171 -0.315329 0.1947793 0.9036013 -0.3815308 0.1947813 0.9036005 -0.3815319 0.1947816 0.8538281 -0.4827397 0.1875155 0.8558815 -0.4819803 0.1950914 0.825509 -0.5295982 0.1947923 0.7927653 -0.5775632 0.1947758 0.7927685 -0.5775644 0.1947872 0.7212234 -0.6647516 0.1947681 0.7212251 -0.6647554 0.1950692 0.6737695 -0.7127291 0.1557681 0.6446798 -0.7484146 0.1948921 0.6317033 -0.750312 0.1945388 0.5346276 -0.8223916 0.1945259 0.5346296 -0.8223935 0.5544217 -0.7180249 0.4207814 0.5544248 -0.718025 0.4207769 0.5549298 -0.6547027 0.5132421 0.5549321 -0.6547024 0.5132398 0.5549371 -0.5914523 0.5850034 0.5549239 -0.5914598 0.5850084 0.5549371 -0.5203862 0.6490325 0.5549323 -0.520389 0.6490343 0.5549224 -0.4424435 0.7044891 0.5549321 -0.4424425 0.704482 0.5549517 -0.3586375 0.7506049 0.5549321 -0.358645 0.7506158 0.5549367 -0.2701044 0.7868221 0.5549321 -0.2701059 0.7868247 0.554937 -0.1779939 0.8126274 0.5549324 -0.1779954 0.8126302 0.5549222 -0.08353054 0.827698 0.5549322 -0.08353155 0.8276913 0.5549221 0.01203697 0.8318152 0.5549473 0.01203811 0.8317985 0.5549515 0.107445 0.8249149 0.5549174 0.1074468 0.8249375 0.5549222 0.2014358 0.8071462 0.5549473 0.2014325 0.8071298 0.554937 0.2927579 0.7786769 0.5549469 0.2927572 0.7786701 0.5549223 0.3802167 0.7399302 0.5549327 0.3802133 0.7399241 0.5549224 0.4626442 0.6913911 0.5549321 0.4626417 0.6913849 0.5549367 0.538949 0.6337028 0.5549394 0.5389493 0.6337003 0.5549446 0.6081288 0.5676406 0.5549321 0.6081361 0.5676451 0.5549373 0.6692756 0.4940799 0.5549395 0.6692748 0.4940784 0.5549366 0.7215706 0.4139823 0.5549401 0.7215685 0.4139813 0.5549374 0.7643228 0.3284132 0.5549314 0.7643275 0.3284122 0.5549371 0.7969714 0.2384986 0.5549322 0.7969738 0.238502 0.5549374 0.8190814 0.1454318 0.5549337 0.8190835 0.1454337 0.5549358 0.8303625 0.05044323 0.5549345 0.8303633 0.0504446 0.5549363 0.8306634 -0.04521256 0.5549343 0.8306646 -0.04521286 0.5549356 0.8199822 -0.1402701 0.5549337 0.8199835 -0.1402704 0.5549337 0.7984597 -0.2334756 0.5549337 0.7984601 -0.2334742 0.5549337 0.7663792 -0.323592 0.5549352 0.7663784 -0.3235911 0.5549312 0.7241667 -0.4094313 0.5549358 0.724165 -0.4094282 0.5549332 0.6723765 -0.4898562 0.5549327 0.6723778 -0.4898549 0.5549374 0.611696 -0.5638019 0.5549319 0.6116996 -0.5638034 0.5549333 0.5429322 -0.6302965 0.5549325 0.5429323 -0.6302971 0.554427 0.4536007 -0.6977514 0.5544267 0.4536012 -0.6977515 0.1874304 0.4915953 -0.850414 0.1860147 0.4756411 -0.8597466 0.5332984 0.4855061 -0.6927314 0.5282961 0.4518615 -0.7188355 0.1950815 0.4767792 -0.8571026 0.1912359 0.4580473 -0.8681138 0.5549457 0.4396293 -0.7062305 0.5432708 0.3958413 -0.7403827 0 0.9978642 -0.06532293 -0.01055639 0.9967237 -0.08018976 0.005761921 0.9786787 -0.2053162 0 0.9998076 -0.01961696 -0.001650035 0.9999918 -0.003686308 0 0.9992367 -0.0390644 -4.39734e-4 0.9995306 -0.03063327 0.001905143 0.9728719 -0.2313368 0.01598536 0.978513 -0.2055652 -0.01572036 0.9695445 -0.2444103 0.001372039 0.9992403 -0.03894948 0.004952311 0.988336 -0.1522088 -0.002829194 0.9985941 -0.05293339 0.00595045 0.9554659 -0.295042 -2.54155e-4 0.9683074 -0.2497612 5.88155e-5 0.8972454 -0.4415323 0.001901566 0.8373137 -0.5467196 -2.94357e-4 0.8120439 -0.5835962 3.82723e-4 0.612469 -0.7904945 0 0.6076597 -0.7941975 0.1142396 -0.06510138 0.9913179 0.1041407 -0.06918197 0.9921535 0.3364025 0.3275581 0.8829151 0.2940211 0.3107373 0.9038771 0.4876464 0.6479983 0.5850635 0.4241017 0.6336899 0.6469736 0.0990113 -0.0463981 0.9940041 0.08786624 -0.05188024 0.9947804 0.2913293 0.3921261 0.8725621 0.2477556 0.371738 0.8946664 0.4146702 0.7332205 0.5389215 0.3486903 0.71688 0.6037369 0.1151779 0.08998471 0.9892607 0.1519188 0.1272289 0.9801701 0.3660091 0.3924578 0.8438094 0.3912613 0.4179928 0.8198759 0.5523762 0.6262864 0.5501327 0.5652623 0.6386289 0.5221415 0.1088141 0.009688615 0.994015 0.1523439 0.05946695 0.9865369 0.35372 0.3386239 0.8719038 0.3851925 0.3767297 0.8424379 0.5336259 0.6058441 0.5900818 0.550632 0.6277117 0.5502567 0.1039611 -0.06906163 0.9921808 0.1449502 -0.01712661 0.9892907 0.3356682 0.284449 0.8980066 0.3670666 0.3287461 0.8701657 0.5041052 0.5848659 0.6354604 0.5222469 0.6142494 0.5915708 0.1792784 0.0487582 0.9825894 0.1800115 0.04828619 0.9824787 0.5162276 0.06759673 0.8537797 0.516585 0.06736427 0.8535819 0.7852635 0.07766026 0.614272 0.7853263 0.0776214 0.6141966 0.1735718 0.08303493 0.9813144 0.1736061 0.08303254 0.9813086 0.5082966 0.1984093 0.8380146 0.4929367 0.199018 0.8469978 0.7666029 0.2841055 0.5758508 0.7441381 0.2879823 0.6027643 0.1518328 0.1273056 0.9801735 0.1483683 0.1261596 0.980852 0.4480726 0.3652495 0.8159804 0.4158679 0.3564605 0.8366539 0.6662034 0.5387494 0.5156763 0.6202488 0.5346201 0.5739972 0.5052678 0.2913624 0.8122884 0.6801548 0.1247926 0.7223685 0.3776808 0.4057068 0.8323215 0.1471957 0.5229204 0.839576 0.1618362 0.5120805 0.8435537 0.1550114 0.4996106 0.852268 0.1592702 0.494328 0.8545601 0.1528167 0.4818961 0.8627997 0.0814712 0.4942995 0.8654655 0.1700532 0.4443013 0.8795899 0.1530405 0.4005693 0.9033953 0.1772916 0.3893327 0.9038738 0.6900033 0.1087549 0.7155892 0.69397 0.1159732 0.7106026 0.6965762 0.1086893 0.7092025 0.7005194 0.1162815 0.7040961 0.7211331 0.09146195 0.6867327 0.7241882 0.09925359 0.6824224 0.7434835 0.0794686 0.664016 0.7438874 0.08086919 0.663394 0.7609263 0.0663408 0.6454381 0.7597815 0.06077742 0.6473316 0.7745338 0.05100172 0.6304731 0.7729988 0.03939801 0.6331831 0.7823029 0.0347715 0.6219269 0.7811225 0.01902085 0.6240881 0.7858211 0.01750147 0.6182063 0.4526611 0.329969 0.8283831 0.4510421 0.3269877 0.8304458 0.4548327 0.3204981 0.8309081 0.4496596 0.3105738 0.8374665 0.4758641 0.289835 0.8303909 0.4665026 0.2658307 0.8436288 0.4903125 0.2497887 0.8349846 0.4810791 0.2176885 0.84922 0.5016108 0.206205 0.8401585 0.493017 0.1644469 0.8543369 0.5104668 0.156866 0.8454683 0.5040736 0.1082313 0.8568524 0.5149297 0.1046561 0.85082 0.511063 0.05295878 0.8579102 0.5165062 0.05177158 0.854717 0.1611553 0.3329215 0.9290815 0.114618 0.3401778 0.9333497 0.1744353 0.2930014 0.9400652 0.1650696 0.2476741 0.9546777 0.1817722 0.2426167 0.9529407 0.1713696 0.1633591 0.9715691 0.1815446 0.1609531 0.9701216 0.1755393 0.08010703 0.9812079 0.18057 0.07926738 0.9803628 0.1950774 0.6392721 0.7438253 0.587773 0.3330157 0.7373083 0.6117743 0.4018875 0.6813359 0.5699294 0.4603024 0.6806632 0.575822 0.5046368 0.6432503 0.5555078 0.5358163 0.6358554 0.6894744 0.1399168 0.7106677 0.5321792 0.3348535 0.7775979 0.3978196 0.4379157 0.8062069 0.2038616 0.6311081 0.7484272 0.2006368 0.6061632 0.7696174 0.2213598 0.590331 0.7762147 0.2003366 0.5300697 0.8239487 0.1668969 0.5539919 0.8156216 0.5548388 0.584662 0.5918821 0.5558109 0.584145 0.5914804 0.5564512 0.6304318 0.5412189 0.6830334 0.5796369 0.4443946 0.5559614 0.6697981 0.4922169 0.5561269 0.7165989 0.4209618 0.7023401 0.6237512 0.3430058 0.5564084 0.746197 0.3655132 0.5558779 0.7758993 0.2982952 0.5545194 0.7768016 0.2984754 0.1946431 0.9248159 0.3268481 0.02146762 0.9332969 0.3584635 0.1961763 0.9032104 0.3817407 0.1957015 0.8593063 0.4725396 0.1957113 0.8593073 0.4725337 0.1957074 0.7782561 0.5966709 0.1957111 0.7782588 0.5966661 0.1961488 0.7081593 0.6782597 0.01135122 0.7024965 0.7115967 0.1950045 0.6649976 0.7209379 0.2129607 0.9759458 -0.04666399 0.727528 0.6859611 0.01266628 0.5420628 0.8402907 0.008919239 0.2133294 0.9769434 0.008495509 0.6268945 0.7790975 0.003231585 0.6254332 0.7735529 0.1022216 0.6103003 0.7857099 0.1009631 0.6073808 0.7722696 0.1862481 0.5776516 0.7947808 0.1861246 0.5763456 0.7805856 0.2418923 0.5556666 0.7957947 0.2407187 0.2245045 0.9744465 0.007210791 0.2228159 0.9684584 0.1115415 0.2181657 0.9695806 0.1109824 0.2147105 0.9539527 0.2094604 0.2046819 0.9563703 0.2084737 0.202834 0.9389033 0.2780628 0.1952723 0.9408733 0.2768142 0.1864846 -0.06263661 0.9804592 0.2009035 -0.06094366 0.9777135 0.4852648 -0.1599304 0.8596165 0.5250762 -0.18864 0.8298856 0.612614 -0.2031662 0.7638244 0.7064579 -0.2347797 0.6676794 0.7808113 -0.2895301 0.5536299 0.8049038 -0.2881961 0.5187227 0.9016642 -0.3860552 0.1948412 0.9031971 -0.3206572 0.2853317 0.9094728 -0.3372081 0.2432078 0.9530812 -0.2943757 0.07056331 0.1625147 -0.1115371 0.9803818 0.16251 -0.1115385 0.9803824 0.4614345 -0.3167108 0.8287175 0.4614489 -0.3167123 0.8287087 0.6877689 -0.4720603 0.5514826 0.6877843 -0.4720549 0.5514681 0.8089685 -0.555233 0.1930969 0.8089644 -0.5552379 0.1931003 0.1235673 -0.1535625 0.9803825 0.1235637 -0.1535595 0.9803834 0.3508644 -0.4360359 0.828714 0.3508673 -0.4360356 0.828713 0.522969 -0.6499045 0.5514778 0.5229665 -0.6499118 0.5514714 0.6151152 -0.7644248 0.1931011 0.6151133 -0.7644277 0.193096 -0.6650226 -0.194834 0.720961 -0.5506161 -0.3833837 0.7415113 -0.6082008 -0.07810783 0.789931 -0.6073164 -0.19503 0.7701494 -0.6208773 -0.1583318 0.7677515 -0.5931056 -0.2359722 0.7697682 -0.4149748 -0.657978 0.6283796 -0.6102615 -0.7183365 0.3340265 -0.8341089 -0.0202443 0.5512284 -0.8481934 -0.214796 0.4841805 -0.7327168 -0.546652 0.4053364 -0.7403554 -0.5229728 0.4223429 -0.6370015 -0.6874551 0.3487617 -0.4953915 -0.559574 0.6644277 -0.5551829 -0.5159002 0.6523949 -0.50709 -0.5465764 0.6664188 -0.5013476 -0.5551641 0.6636592 -0.563985 -0.5550474 0.6114273 -0.6650213 -0.1948356 0.7209618 -0.635424 -0.5406854 0.5512674 -0.5987822 -0.5555589 0.5769005 -0.5639812 -0.5550463 0.6114318 -0.8516775 -0.1948888 0.4864813 -0.8000234 -0.1948298 0.567454 -0.8000221 -0.1948366 0.5674535 -0.7039932 -0.555571 0.4424191 -0.6784747 -0.5550475 0.4812424 -0.6784762 -0.5550479 0.48124 -0.6246312 -0.5550443 0.5493285 -0.736531 -0.1948357 0.6477355 -0.7365324 -0.194835 0.647734 0.7768229 -0.4477416 0.4428019 0.3242221 -0.6812986 0.6562868 0.3505673 -0.6477192 0.6764337 0.5347269 -0.1363551 0.8339511 0.4906508 -0.2763352 0.8263782 0.4695286 -0.3672875 0.8028966 0.8365945 -0.2765861 0.4728739 0.8442581 -0.1163774 0.5231487 0.842485 -0.08588343 0.5318301 0.6102218 -0.7183586 0.3340514 0.7025882 -0.5983458 0.3851654 0.7274847 -0.5414138 0.4214703 0.7019303 -0.5555626 0.445695 0.6739545 -0.5550475 0.4875528 0.6739556 -0.55505 0.4875483 0.6256683 -0.5552504 0.5479381 0.6286441 -0.536139 0.5633485 0.5960831 -0.5555528 0.5796949 0.5582551 -0.555047 0.6166637 0.5582576 -0.5550482 0.6166604 0.5062899 -0.1949648 0.8400353 0.5789033 -0.1948332 0.7917771 0.5789068 -0.1948353 0.791774 0.658261 -0.1948353 0.7271394 0.6582646 -0.1948329 0.7271369 0.7304559 -0.1948319 0.6545799 0.7304558 -0.1948338 0.6545794 0.7946922 -0.1948333 0.574895 0.7946927 -0.1948363 0.5748934 0.8464211 -0.1949024 0.4955649 0.8658424 -0.01988643 0.4999216 0.5005121 -0.5552986 0.6641771 0.4994723 -0.5327795 0.683135 0.4650885 -0.5555363 0.6892548 0.4133042 -0.5548992 0.7219879 0.422545 -0.5422009 0.7262741 0.5195763 -0.5483644 0.6552381 0.3964538 -0.5938614 0.7001094 0 -1 -1.75904e-6 0 -1 6.80027e-7 0 -1 2.57514e-6 0 -1 2.32662e-6 -0.06495976 0.4024772 -0.9131222 -0.01940572 0.4506334 -0.8924982 -0.3087225 0.2085333 -0.928011 -0.6343311 0.3058294 -0.7099948 -0.5574924 0.4271671 -0.7118501 -0.4622012 0.2941264 -0.8365763 -0.1739978 0.5646082 -0.80681 0 0.4539917 0.8910061 0 0.4539876 0.891008 0 0.8910073 0.4539891 0 0.8910062 0.4539914 0 0.8910072 -0.4539893 0 0.8910062 -0.4539911 0 0.4539916 -0.891006 0 0.4539897 -0.891007 0 0.1564345 -0.9876884 0 -0.4539917 -0.8910061 0 -0.4539896 -0.8910071 0 -0.8910073 -0.4539891 0 -0.8910062 -0.4539914 0 -0.8910072 0.4539893 0 -0.8910062 0.4539911 0 -0.4539916 0.891006 0 -0.4539877 0.891008 0 -0.1564345 0.9876884 1.35214e-6 0 1 0 -0.9288959 0.3703411 0.002709329 -0.9336767 0.358107 -0.002847194 -0.6313655 0.7754803 0.005691111 -0.6614264 0.7499884 -0.005142807 -0.2129869 0.9770416 0 -0.2385889 0.9711207 0 0.6210613 -0.7837622 -0.1938955 0.5480772 -0.8136436 0.09705448 0.793927 -0.600217 -0.3043895 0.8167997 -0.490087 0.1258931 0.912459 -0.3893197 -0.1681687 0.9698074 -0.1766153 0 0.9918156 -0.1276785 -0.4171676 0.750298 -0.5128588 -0.1795372 0.9352382 -0.3051165 -0.1792103 0.935285 -0.3051649 -0.2063674 0.9348155 -0.2890201 -0.2238801 0.9356787 -0.2727328 -0.1863524 0.8926485 -0.4104287 -0.1898151 0.893082 -0.4078907 -0.2146299 0.9131615 -0.3465113 -0.06772994 0.5550017 -0.8290873 -0.2646434 0.9141154 -0.3071758 -0.4419812 0.7696441 -0.4607608 -0.3564786 0.7719144 -0.5263756 -0.3095917 0.7808979 -0.5425418 -0.2556936 0.779783 -0.5714537 -0.2207649 0.7874737 -0.5754545 -0.13936 0.7808939 -0.60892 -0.1292254 0.780409 -0.61177 -0.1293821 0.780484 -0.6116412 -0.04677534 0.7579889 -0.650588 -0.06618887 0.76868 -0.6361998 -0.05497926 0.5522293 -0.8318775 -0.2000284 0.5520966 -0.8094307 -0.1647626 0.5439176 -0.8228044 -0.3509016 0.542716 -0.7631039 -0.2986931 0.5223358 -0.7987164 -0.4866715 0.5246026 -0.6985293 -0.4196754 0.5055615 -0.7538436 -0.6078206 0.5047971 -0.6129716 -0.5469186 0.4668288 -0.6949468 -0.3024876 0.9141447 -0.2698907 -0.3032273 0.9144425 -0.2680449 -0.6747875 0.4401523 -0.5923917 -0.66956 0.4873499 -0.5605171 -0.577063 0.6268155 -0.5235463 -0.4952679 0.7656859 -0.4104083 -0.4732146 0.78212 -0.4054087 -0.3141703 0.9046691 -0.2878731 -0.3928713 0.8931289 -0.2190274 -0.2661166 0.9417279 -0.2057441 -0.2488913 0.9368554 -0.2456729 -0.2726334 0.9446179 -0.1826692 -0.2738922 0.9468359 -0.1687749 -0.277303 0.9426481 -0.1857897 -0.2818663 0.9382066 -0.2007977 -0.3054878 0.9130737 -0.2701365 -0.4857037 0.7541848 -0.4419245 -0.4819802 0.7658838 -0.425579 -0.6532312 0.4721505 -0.5919147 -0.6532684 0.4875215 -0.5792782 -0.527043 3.63442e-5 -0.8498386 -0.416361 -1.75861e-4 -0.9091994 -0.1668884 0 -0.9859759 -0.1668922 0 -0.9859752 -0.2263151 -0.4851649 -0.844628 -0.6505581 -0.2894384 -0.7021393 -0.5717077 -0.5884886 -0.5716919 -0.8316491 1.50568e-4 -0.5553017 -0.9111863 -3.30114e-4 -0.4119945 -0.8109449 -0.5432807 -0.217289 -0.9867591 0 -0.1621933 -0.7082679 0.2737897 -0.6506888 -0.7054517 0.281521 -0.650449 -0.7063449 0.28004 -0.6501189 5.27328e-7 0 -1 0 0 -1 1.68748e-5 0 -1 -4.20345e-5 0 -1 -2.3743e-7 0 -1 3.00959e-6 0 -1 -8.6245e-7 0 -1 -2.53173e-6 0 -1 1.2808e-5 0 -1 -2.15972e-6 0 1 4.99419e-7 0 1 -3.03779e-7 0 1 0.7292721 0.5078118 0.4585732 0.6828986 0.2887616 0.671019 0.08138197 -0.1027302 0.9913746 0.1584402 -0.06897568 0.9849564 0.5129312 0.2137657 0.8313879 0.5475033 0.2091042 0.8102566 0.6254143 0.3278761 0.7080638 0.7451552 0.499284 0.442108 0.9290272 0.1611036 0.3330977 0.8821587 0.3976827 0.2522789 0.4821416 0.7000504 0.5267531 0.4991322 0.6977941 0.5137611 0.3516044 0.3665926 0.8613851 0.3582849 0.3677538 0.8581312 0.2160158 0.09131199 0.9721109 0.277429 0.08278208 0.9571731 -0.9512989 0.04259318 -0.3053137 -0.942174 0.01358616 -0.3348488 -0.8166698 0.02710449 -0.5764685 -0.8714911 0 -0.4904115 -0.90784 0 -0.4193168 -0.6309698 0.01933252 -0.7755666 -0.7157121 0 -0.6983956 -0.7965962 0 -0.6045117 -0.2729342 0 -0.9620327 -0.3928451 0.003201961 -0.9195992 -0.3983844 0.009122908 -0.9171732 -0.5116038 0 -0.8592214 -0.6139459 0 -0.7893483 -0.1518595 0 -0.9884021 -0.136152 0.01473152 -0.9905785 -0.01585757 0 -0.9998743 0.1079347 0 -0.994158 0.1361286 0.02367526 -0.9904083 0.2422991 0 -0.9702017 0.4917474 0 -0.870738 0.4438424 0.01342546 -0.8960044 0.3981658 0.03435009 -0.91667 0.3956022 0.03256916 -0.9178443 0.318999 0 -0.9477551 0.5846891 0 -0.8112575 0.6306976 0.03515744 -0.7752319 0.6897091 0 -0.7240865 0.7778422 0 -0.6284597 0.8164458 0.03581351 -0.5763105 0.8561726 0 -0.5166901 0.942174 0.01358628 -0.3348488 0.9512989 0.04259264 -0.3053137 0.90784 0 -0.4193168 0.997479 0.01950567 -0.06822931 0.9959127 0 -0.09032094 0.9760403 0 -0.2175906 0.9787898 0.0245158 0.2033948 0.9847185 0 0.1741539 0.9989354 0 0.04613101 0.8875216 0.02861517 0.4598768 0.9045227 0 0.4264255 0.9518328 0 0.3066177 0.7304663 0.03180325 0.682208 0.7609448 0 0.6488167 0.838033 0 0.5456196 0.5192822 0.03408068 0.853923 0.5640453 0 0.8257439 0.6655103 0 0.7463887 0.2696269 0.03544706 0.9623122 0.3276228 0 0.9448086 0.4463545 0 0.8948562 0 0.03590244 0.9993554 0.06824308 0 0.9976688 0.1959202 0 0.9806199 -0.2696269 0.03544706 0.9623122 -0.1959202 0 0.9806199 -0.06824308 0 0.9976688 -0.5192822 0.03408056 0.853923 -0.4463545 0 0.8948562 -0.3276228 0 0.9448086 -0.7304663 0.0318033 0.682208 -0.6655103 0 0.7463887 -0.5640453 0 0.8257439 -0.8875216 0.02861517 0.4598768 -0.838033 0 0.5456196 -0.7609448 0 0.6488167 -0.9787898 0.0245161 0.2033948 -0.9518328 0 0.3066177 -0.9045227 0 0.4264255 -0.9760403 0 -0.2175906 -0.9959127 0 -0.09032094 -0.997479 0.01950556 -0.06822931 -0.9989354 0 0.04613101 -0.9847185 0 0.1741539 0 -0.1608986 0.986971 0 0.8416809 -0.5399754 0.002058088 -0.9418107 0.3361376 0.003040909 -0.9442067 0.3293396 0.008292615 -0.9546746 0.2975364 0.01397228 -0.9598468 0.2801766 0 -0.9871872 0.1595669 0.0315383 -0.9675936 0.2505357 0.03702837 -0.9689194 0.2445898 0.01084065 -0.957528 0.2881364 0 -0.9687984 0.2478504 0 -0.8627671 0.5056015 0.07933777 -0.8099212 0.5811482 0 -0.8550646 0.5185215 0 -0.8550545 0.5185383 0 -0.8550541 0.5185388 0.005321085 -0.8653472 0.5011446 0.01311123 -0.8777058 0.4790205 0.01866441 -0.8844535 0.4662548 0.02613085 -0.892446 0.450397 0.002061367 -0.8730204 0.4876793 5.92089e-6 -0.9266667 0.3758839 -2.93771e-5 -0.9345974 0.3557073 0 0.5793996 -0.8150437 0 0.5793979 -0.8150449 0.01054042 0.5450103 -0.8383632 0.001620888 0.5774249 -0.8164423 3.09757e-5 0.4767697 -0.8790283 0 0.4726241 -0.8812641 0 0.6440532 -0.7649807 0 0.6869706 -0.7266853 0.00243622 0.766939 -0.6417154 0.01277846 0.7352474 -0.6776784 1.86608e-4 0.8082485 -0.5888416 0 0.9469087 -0.3215027 0.003078222 0.9044631 -0.426541 0.01169645 0.9211832 -0.3889535 0 0.8713365 -0.4906861 0 0.9638268 -0.2665296 0.007953524 0.9856506 -0.1686114 0.005137681 0.9829973 -0.1835485 0.007383525 0.9981327 0.06063562 0.005423367 0.9974324 0.07140934 0 0.9996434 -0.02670383 0 0.9964548 -0.0841301 0 0.9874092 0.158187 0 0.9766827 0.2146883 0.003469049 0.9468308 0.3217135 0.01102238 0.9579637 0.2866778 0 0.9203054 0.3912007 0 0.8962885 0.4434714 0 0.7632011 0.6461611 0.002000868 0.8344773 0.551039 0.01349657 0.8044489 0.5938687 4.42086e-4 0.8673838 0.4976395 0 0.7247876 0.6889724 0.009489178 0.6478296 0.7617263 0.004327416 0.6676964 0.7444211 0.00600779 0.4570375 0.8894273 0.00607264 0.4573733 0.8892541 0 0.537642 0.8431733 0 0.5852313 0.8108665 0.009381055 0.2421288 0.9701988 0.004386603 0.2172319 0.9761102 0 0.3188893 0.9477921 0 0.3728508 0.9278913 0 0.138547 0.990356 0 0.08138638 0.9966827 0.002077579 -0.03708016 0.9993102 0.01337045 0.01446741 0.999806 3.96673e-4 -0.1004109 0.9949461 0 -0.393741 0.9192215 0.003402709 -0.2889752 0.9573306 0.01113736 -0.3246663 0.9457631 0 -0.2173898 0.9760849 0 -0.4459399 0.895063 0.00748074 -0.5318325 0.8468165 0.005374968 -0.5220205 0.8529161 0 -0.60342 0.7974236 0 -0.6482691 0.7614114 0.005188584 -0.7210263 0.6928883 0.007853686 -0.7109512 0.7031975 0 -0.7776177 0.6287376 0.4735472 0 -0.8807684 0.04611045 0 -0.9989364 0.04610455 0 -0.9989367 -0.394148 0 -0.9190471 0.1564345 0 0.9876884 0.4539908 0 0.8910064 0.4539908 0 0.8910064 0.7071073 0 0.7071063 0.7071065 0 0.7071071 0.8910064 0 0.4539908 0.8910065 0 0.4539906 0.9876885 0 0.1564342 0.9876885 0 0.1564342 0.9876885 0 -0.1564342 0.8910065 0 -0.4539906 0.8910064 0 -0.4539908 0.7071071 0 -0.7071065 0.7071067 0 -0.707107 0.4539914 0 -0.8910061 0.4539903 0 -0.8910067 0.1564345 0 -0.9876884 -0.1564345 0 -0.9876884 -0.4539908 0 -0.8910064 -0.4539908 0 -0.8910064 -0.7071073 0 -0.7071063 -0.7071065 0 -0.7071071 -0.8910064 0 -0.4539908 -0.8910065 0 -0.4539906 -0.9876885 0 -0.1564342 -0.9876885 0 0.1564342 -0.8910065 0 0.4539906 -0.8910064 0 0.4539908 -0.7071071 0 0.7071065 -0.7071067 0 0.707107 -0.4539914 0 0.8910061 -0.4539903 0 0.8910067 -0.1564345 0 0.9876884 0.1112993 -0.7027133 0.7027137 0.323002 -0.7027132 0.6339274 0.3230015 -0.7027113 0.6339297 0.5030902 -0.7027148 0.5030828 0.5030871 -0.7027119 0.50309 0.6339269 -0.7027147 0.3229998 0.6339279 -0.7027134 0.3230007 0.7027136 -0.7027135 0.1112986 0.7027148 -0.7027121 0.1112998 0.7027136 -0.7027135 -0.1112986 0.7027146 -0.7027124 -0.1112998 0.6339267 -0.7027148 -0.3229998 0.6339284 -0.7027143 -0.3229976 0.5030894 -0.7027157 -0.5030822 0.5030877 -0.7027111 -0.5030904 0.3230011 -0.7027097 -0.6339317 0.3230015 -0.7027127 -0.6339282 0.1112984 -0.7027088 -0.7027183 0.1112983 -0.7027118 -0.7027153 -0.1112976 -0.7027087 -0.7027186 -0.1112993 -0.7027133 -0.7027137 -0.323002 -0.7027132 -0.6339274 -0.3230015 -0.7027113 -0.6339297 -0.5030902 -0.7027148 -0.5030828 -0.5030871 -0.7027119 -0.50309 -0.6339269 -0.7027147 -0.3229998 -0.6339279 -0.7027134 -0.3230007 -0.7027136 -0.7027135 -0.1112986 -0.7027148 -0.7027121 -0.1112998 -0.7027136 -0.7027135 0.1112986 -0.7027146 -0.7027124 0.1112998 -0.6339267 -0.7027148 0.3229998 -0.6339284 -0.7027143 0.3229976 -0.5030894 -0.7027157 0.5030822 -0.5030877 -0.7027111 0.5030904 -0.3230011 -0.7027097 0.6339317 -0.3230015 -0.7027127 0.6339282 -0.1112984 -0.7027088 0.7027183 -0.1112983 -0.7027118 0.7027153 0.1112976 -0.7027087 0.7027186 0 -1 -3.54901e-6 0 -1 1.55312e-6 0 -1 1.77451e-6 0 -1 -1.56267e-6 0 -1 1.77451e-6 0 -1 -1.55312e-6 0 -1 3.96046e-6 0 -1 -1.42367e-6 0 -1 1.56267e-6 0 -1 -1.77451e-6 0 -1 1.55312e-6 0 -1 3.54901e-6 0 -1 -1.55312e-6 0.4003233 -0.6933898 0.5991259 0.4323037 -0.7040617 0.5633921 0.5936135 -0.7002153 0.3966378 0.5785552 -0.6842439 0.4439418 0.6348617 -0.7063464 0.3130903 0.7002145 -0.7002148 0.1392807 0.7002142 -0.7002146 0.1392824 0.7002143 -0.7002145 -0.1392821 0.7002142 -0.7002148 -0.1392817 0.6348617 -0.7063464 -0.3130903 0.5991265 -0.6933904 -0.4003214 0.5633903 -0.7040632 -0.4323036 0.3966397 -0.7002147 -0.593613 0.4439411 -0.6842442 -0.5785553 0.3130806 -0.7063488 -0.6348638 0.1392812 -0.7002145 -0.7002146 0.1392818 -0.7002146 -0.7002143 -0.1392813 -0.7002145 -0.7002146 -0.1392814 -0.7002147 -0.7002143 -0.3130806 -0.7063488 -0.6348638 -0.4003233 -0.6933898 -0.5991259 -0.4323037 -0.7040617 -0.5633921 -0.5936135 -0.7002153 -0.3966378 -0.5785552 -0.6842439 -0.4439418 -0.6348617 -0.7063464 -0.3130903 -0.7002145 -0.7002148 -0.1392807 -0.7002142 -0.7002146 -0.1392824 -0.7002143 -0.7002145 0.1392821 -0.7002142 -0.7002148 0.1392817 -0.6348617 -0.7063464 0.3130903 -0.5991265 -0.6933904 0.4003214 -0.5633903 -0.7040632 0.4323036 -0.3966397 -0.7002147 0.593613 -0.4439411 -0.6842442 0.5785553 -0.3130806 -0.7063488 0.6348638 -0.1392812 -0.7002145 0.7002146 -0.1392818 -0.7002146 0.7002143 0.1392813 -0.7002145 0.7002146 0.1392814 -0.7002147 0.7002143 0.3130806 -0.7063488 0.6348638 -0.258424 -0.05520671 -0.9644529 -0.7051875 -0.07362699 -0.7051877 -0.6087614 0 -0.7933534 -0.442288 0 -0.8968731 -0.9644527 -0.05520641 -0.2584246 -0.8968726 0 -0.4422891 -0.7933523 0 -0.608763 -0.9644527 -0.05520635 0.2584246 -0.9807853 0 0.1950905 -0.9807853 0 -0.1950905 -0.7051875 -0.07362699 0.7051877 -0.7933523 0 0.608763 -0.8968726 0 0.4422891 -0.258424 -0.05520671 0.9644529 -0.442288 0 0.8968731 -0.6087614 0 0.7933534 0.2584236 -0.05520665 0.964453 0.1950906 0 0.9807853 -0.1950906 0 0.9807853 0.7051875 -0.07362699 0.7051877 0.6087614 0 0.7933534 0.442288 0 0.8968731 0.9644527 -0.05520641 0.2584246 0.8968726 0 0.4422891 0.7933523 0 0.608763 0.9644527 -0.05520635 -0.2584246 0.9807853 0 -0.1950905 0.9807853 0 0.1950905 0.7051875 -0.07362699 -0.7051877 0.7933523 0 -0.608763 0.8968726 0 -0.4422891 -0.1950906 0 -0.9807853 0.1950906 0 -0.9807853 0.258424 -0.05520671 -0.9644529 0.442288 0 -0.8968731 0.6087614 0 -0.7933534 0 1 0 0 1 0 0 1 0 0 1 0 0 1 0 0 1 0 0 1 0 0 1 0 0 -1 -2.75539e-6 0 -1 2.75539e-6 0 -1 -2.75539e-6 0 -1 2.75539e-6 -0.7717038 -0.4392951 0.4598837 -0.75404 -0.03857219 0.6556951 -0.7433086 -0.03055721 0.6682505 -0.7900334 -0.1930829 0.5818645 -0.7474959 -0.2723364 0.6058737 -0.7889052 -0.3415786 0.5108354 -0.7760243 -0.3432217 0.5291363 -0.7835506 -0.4173707 0.4602721 -0.7685133 -0.4169823 0.485297 -0.7809903 -0.5265955 0.3357849 -0.6553205 -0.6048869 0.4524012 -0.785854 -0.584358 0.202384 -0.7323993 -0.6314987 0.2545599 0 -0.1852534 0.9826908 0 -0.1852568 0.9826902 0 -0.5303367 0.8477872 0 -0.5303261 0.8477938 0 -0.802602 0.5965151 0 -0.8026051 0.5965108 0.6820455 -0.6175428 0.3917333 0.6816251 -0.6183326 0.3912186 0.5860373 -0.5320273 0.6111524 0.5863474 -0.5310397 0.6117137 0.3995118 -0.3622169 0.8421337 0.3998561 -0.3609601 0.8425099 0.1402854 -0.1272495 0.9819 0.1403865 -0.1264653 0.9819868 0.4223316 0.6599888 -0.6213299 0.3473408 0.7090159 -0.6137189 0.3453662 0.7117136 -0.6117074 0.4140682 0.7060258 -0.5745216 0.4881155 0.7065023 -0.512443 0.5874115 0.6078938 -0.5342406 0.5507233 0.7061982 -0.4449584 0.6081447 0.7062293 -0.3624919 0.6125938 0.6986105 -0.369692 0.6383644 0.7110235 -0.2948502 0 0.9918158 -0.1276776 -0.005582928 0.9976707 -0.06798696 -0.00170356 0.9879735 -0.154614 0.002275943 0.9552694 -0.2957285 -0.002923011 0.9249779 -0.3800098 -5.65267e-4 0.8972308 -0.4415617 0.001664578 0.7913705 -0.6113346 -0.00195074 0.812126 -0.583479 0.001884043 0.6073488 -0.7944332 0 0.5927994 -0.8053501</float_array>
          <technique_common>
            <accessor source="#MRH-F-J0Link-Visual_00-mesh-normals-array" count="6461" stride="3">
              <param name="X" type="float"/>
              <param name="Y" type="float"/>
              <param name="Z" type="float"/>
            </accessor>
          </technique_common>
        </source>
        <vertices id="MRH-F-J0Link-Visual_00-mesh-vertices">
          <input semantic="POSITION" source="#MRH-F-J0Link-Visual_00-mesh-positions"/>
        </vertices>
        <triangles material="black_spec-material" count="6928">
          <input semantic="VERTEX" source="#MRH-F-J0Link-Visual_00-mesh-vertices" offset="0"/>
          <input semantic="NORMAL" source="#MRH-F-J0Link-Visual_00-mesh-normals" offset="1"/>
          <p>0 0 1 0 2 0 3 0 4 0 5 0 5 0 4 0 6 0 7 0 8 0 9 0 9 1 8 1 4 1 9 0 4 0 10 0 10 2 4 2 3 2 11 0 12 0 13 0 2 0 1 0 14 0 14 3 1 3 15 3 14 0 15 0 16 0 16 4 15 4 17 4 16 5 17 5 18 5 18 0 17 0 19 0 18 6 19 6 20 6 7 7 13 7 8 7 8 8 13 8 12 8 8 0 12 0 21 0 21 0 12 0 22 0 21 0 22 0 23 0 20 0 19 0 24 0 24 0 19 0 25 0 24 0 25 0 26 0 26 0 25 0 27 0 26 0 27 0 28 0 28 0 27 0 29 0 28 0 29 0 30 0 30 9 29 9 31 9 30 0 31 0 32 0 32 10 31 10 33 10 32 0 33 0 34 0 34 0 33 0 35 0 34 0 35 0 36 0 36 0 35 0 37 0 36 11 37 11 11 11 2 0 38 0 0 0 0 12 38 12 39 12 0 0 39 0 40 0 40 13 39 13 41 13 40 0 41 0 42 0 42 14 41 14 43 14 42 0 43 0 44 0 44 0 43 0 45 0 44 0 45 0 46 0 46 15 45 15 47 15 46 0 47 0 23 0 23 16 47 16 48 16 23 17 48 17 21 17 49 0 50 0 51 0 51 0 50 0 52 0 13 0 53 0 11 0 11 0 53 0 54 0 11 18 54 18 36 18 36 19 54 19 55 19 36 0 55 0 50 0 50 20 55 20 56 20 50 21 56 21 52 21 57 22 58 22 5 22 59 23 60 23 13 23 54 24 61 24 62 24 62 25 63 25 54 25 54 26 63 26 64 26 54 27 64 27 55 27 65 28 66 28 67 28 68 29 65 29 53 29 53 30 65 30 67 30 53 31 67 31 54 31 54 32 67 32 69 32 54 33 69 33 61 33 60 34 70 34 13 34 13 35 70 35 71 35 13 36 71 36 53 36 53 37 71 37 72 37 53 38 72 38 68 38 59 39 13 39 73 39 73 40 13 40 7 40 73 41 7 41 74 41 75 42 76 42 9 42 9 43 76 43 7 43 7 44 76 44 77 44 7 45 77 45 78 45 78 46 79 46 7 46 7 47 79 47 80 47 7 48 80 48 74 48 10 49 81 49 9 49 9 50 81 50 82 50 9 51 82 51 75 51 3 52 83 52 10 52 10 53 83 53 84 53 10 54 84 54 81 54 58 55 85 55 5 55 5 56 85 56 86 56 5 57 86 57 3 57 3 58 86 58 87 58 3 59 87 59 83 59 88 60 89 60 90 60 57 61 5 61 90 61 90 62 5 62 6 62 90 63 6 63 88 63 91 64 92 64 93 64 94 65 95 65 96 65 96 66 95 66 97 66 96 67 97 67 98 67 91 68 93 68 99 68 99 69 93 69 100 69 99 70 100 70 101 70 100 71 102 71 101 71 101 72 102 72 103 72 101 73 103 73 104 73 103 74 105 74 104 74 104 75 105 75 106 75 104 76 106 76 107 76 106 77 108 77 107 77 107 78 108 78 109 78 107 79 109 79 110 79 109 80 111 80 110 80 110 81 111 81 112 81 110 82 112 82 98 82 98 83 112 83 113 83 98 84 113 84 96 84 114 85 115 85 116 85 117 86 118 86 115 86 115 87 118 87 119 87 115 88 119 88 120 88 120 89 119 89 121 89 120 90 121 90 122 90 116 91 123 91 114 91 114 92 123 92 124 92 114 93 124 93 115 93 115 94 124 94 125 94 115 95 125 95 117 95 126 96 127 96 128 96 124 97 129 97 125 97 125 98 129 98 126 98 125 99 126 99 130 99 130 100 126 100 128 100 131 101 132 101 133 101 127 102 134 102 128 102 128 103 134 103 131 103 128 104 131 104 135 104 135 105 131 105 133 105 136 106 137 106 138 106 139 107 136 107 140 107 140 108 136 108 138 108 140 109 138 109 141 109 141 110 138 110 142 110 143 111 144 111 145 111 145 112 144 112 146 112 145 113 146 113 136 113 136 114 146 114 147 114 136 115 147 115 137 115 148 116 149 116 150 116 150 117 149 117 151 117 150 118 151 118 142 118 142 119 151 119 152 119 142 120 152 120 141 120 153 121 154 121 155 121 155 122 154 122 156 122 155 123 156 123 148 123 148 124 156 124 157 124 148 125 157 125 149 125 145 126 136 126 158 126 145 127 158 127 143 127 143 128 158 128 159 128 143 129 159 129 160 129 146 130 144 130 161 130 161 131 144 131 162 131 161 132 162 132 163 132 163 133 162 133 164 133 122 134 165 134 120 134 120 135 165 135 115 135 166 136 167 136 168 136 168 137 167 137 169 137 168 138 169 138 122 138 122 139 169 139 170 139 122 140 170 140 165 140 171 141 172 141 173 141 173 142 172 142 121 142 173 143 121 143 119 143 174 144 175 144 176 144 177 145 178 145 179 145 144 146 143 146 160 146 180 147 181 147 182 147 183 148 184 148 180 148 181 149 185 149 182 149 182 150 185 150 186 150 182 151 186 151 187 151 188 152 189 152 190 152 190 153 189 153 182 153 190 154 182 154 191 154 191 155 182 155 187 155 189 156 192 156 182 156 182 157 192 157 193 157 182 158 193 158 160 158 160 159 193 159 194 159 160 160 194 160 144 160 195 161 196 161 197 161 195 162 197 162 198 162 198 163 197 163 199 163 198 164 199 164 200 164 200 165 201 165 198 165 198 166 201 166 202 166 198 167 202 167 203 167 203 168 202 168 204 168 203 169 204 169 205 169 206 170 207 170 208 170 208 171 207 171 209 171 208 172 209 172 210 172 210 173 211 173 208 173 208 174 211 174 212 174 208 175 212 175 213 175 213 176 212 176 197 176 213 177 197 177 179 177 179 178 197 178 196 178 179 179 196 179 177 179 214 180 215 180 216 180 215 181 217 181 216 181 216 182 217 182 218 182 216 183 218 183 219 183 219 184 218 184 220 184 219 185 221 185 216 185 216 186 221 186 222 186 216 187 222 187 223 187 223 188 222 188 224 188 223 189 224 189 208 189 208 190 224 190 225 190 208 191 225 191 206 191 218 192 226 192 220 192 220 193 226 193 227 193 220 194 227 194 228 194 228 195 227 195 229 195 230 196 231 196 232 196 232 197 231 197 233 197 232 198 233 198 234 198 234 199 233 199 235 199 234 200 235 200 227 200 227 201 235 201 236 201 227 202 236 202 229 202 230 203 232 203 237 203 237 204 232 204 238 204 237 205 238 205 239 205 239 206 238 206 240 206 239 207 240 207 241 207 241 208 240 208 242 208 241 209 242 209 175 209 175 210 242 210 243 210 175 211 243 211 166 211 168 212 122 212 121 212 172 213 176 213 121 213 121 214 176 214 175 214 121 215 175 215 168 215 168 216 175 216 166 216 244 217 245 217 246 217 246 218 245 218 247 218 248 219 249 219 247 219 247 220 249 220 250 220 247 221 250 221 251 221 251 222 250 222 252 222 251 223 252 223 176 223 176 224 252 224 253 224 176 225 253 225 174 225 254 226 248 226 255 226 255 227 248 227 247 227 255 228 247 228 256 228 256 229 247 229 245 229 257 230 258 230 183 230 180 231 182 231 183 231 183 232 182 232 259 232 183 233 259 233 257 233 258 234 260 234 183 234 183 235 260 235 261 235 183 236 261 236 262 236 262 237 261 237 263 237 262 238 263 238 264 238 264 239 263 239 265 239 265 240 266 240 264 240 264 241 266 241 267 241 264 242 267 242 268 242 269 243 270 243 271 243 272 244 273 244 274 244 274 245 273 245 275 245 274 246 275 246 276 246 276 247 275 247 277 247 276 248 277 248 278 248 276 249 279 249 274 249 274 250 279 250 280 250 274 251 280 251 281 251 281 252 280 252 282 252 162 253 144 253 283 253 283 254 144 254 194 254 283 255 194 255 284 255 284 256 194 256 285 256 284 257 285 257 286 257 286 258 287 258 284 258 284 259 287 259 288 259 284 260 288 260 289 260 289 261 290 261 284 261 284 262 290 262 291 262 284 263 291 263 292 263 292 264 291 264 293 264 292 265 293 265 274 265 274 266 293 266 294 266 274 267 294 267 272 267 268 268 269 268 264 268 264 269 269 269 271 269 264 270 271 270 295 270 295 271 271 271 296 271 295 272 296 272 297 272 297 272 296 272 298 272 297 273 298 273 299 273 299 274 298 274 300 274 299 275 300 275 301 275 301 276 300 276 302 276 301 277 302 277 303 277 303 278 302 278 304 278 303 279 304 279 305 279 305 280 304 280 306 280 305 281 306 281 307 281 307 282 306 282 308 282 307 283 308 283 309 283 309 284 308 284 310 284 309 285 310 285 311 285 311 286 310 286 312 286 311 287 312 287 313 287 313 288 312 288 314 288 313 289 314 289 315 289 315 290 314 290 316 290 315 291 316 291 317 291 317 292 316 292 318 292 317 293 318 293 319 293 319 294 318 294 320 294 319 295 320 295 321 295 321 296 320 296 322 296 321 297 322 297 323 297 323 298 322 298 324 298 323 299 324 299 325 299 325 300 324 300 326 300 325 301 326 301 327 301 327 302 326 302 328 302 327 303 328 303 329 303 329 304 328 304 330 304 329 305 330 305 331 305 331 305 330 305 332 305 331 306 332 306 333 306 333 307 332 307 334 307 333 308 334 308 335 308 335 309 334 309 336 309 335 310 336 310 337 310 337 310 336 310 338 310 337 311 338 311 339 311 339 312 338 312 340 312 339 313 340 313 341 313 341 314 340 314 342 314 341 315 342 315 343 315 343 316 342 316 344 316 343 317 344 317 345 317 345 318 344 318 346 318 345 319 346 319 347 319 347 319 346 319 348 319 347 320 348 320 349 320 349 321 348 321 350 321 349 322 350 322 351 322 351 323 350 323 352 323 351 324 352 324 353 324 353 325 352 325 354 325 353 326 354 326 355 326 355 327 354 327 356 327 355 328 356 328 357 328 357 329 356 329 358 329 357 330 358 330 359 330 359 331 358 331 360 331 359 332 360 332 216 332 216 333 360 333 361 333 216 334 361 334 214 334 214 335 361 335 362 335 214 336 362 336 363 336 364 337 306 337 304 337 365 338 366 338 367 338 368 339 369 339 370 339 371 340 372 340 373 340 374 341 363 341 362 341 375 342 376 342 374 342 377 343 378 343 379 343 380 344 381 344 382 344 382 345 381 345 377 345 382 346 377 346 375 346 375 347 377 347 379 347 375 348 379 348 376 348 383 349 384 349 385 349 385 350 384 350 386 350 385 351 386 351 380 351 380 352 386 352 387 352 380 353 387 353 381 353 388 354 389 354 390 354 390 355 389 355 391 355 390 356 391 356 383 356 383 357 391 357 392 357 383 358 392 358 384 358 393 359 394 359 395 359 395 360 394 360 396 360 395 361 396 361 388 361 388 362 396 362 397 362 388 363 397 363 389 363 398 364 399 364 400 364 400 365 399 365 401 365 400 366 401 366 393 366 393 367 401 367 402 367 393 368 402 368 394 368 403 369 404 369 405 369 405 370 404 370 406 370 405 371 406 371 398 371 398 372 406 372 407 372 398 373 407 373 399 373 408 374 409 374 410 374 410 375 409 375 411 375 410 376 411 376 403 376 403 377 411 377 412 377 403 378 412 378 404 378 413 379 414 379 415 379 415 380 414 380 416 380 415 381 416 381 408 381 408 382 416 382 417 382 408 383 417 383 409 383 418 384 419 384 413 384 413 385 419 385 420 385 413 386 420 386 414 386 413 387 421 387 418 387 418 388 421 388 422 388 418 389 422 389 423 389 372 390 371 390 422 390 422 391 371 391 424 391 422 392 424 392 423 392 425 393 426 393 373 393 373 394 426 394 427 394 373 395 427 395 371 395 373 396 428 396 425 396 425 397 428 397 429 397 425 398 429 398 430 398 369 399 368 399 429 399 429 400 368 400 431 400 429 401 431 401 430 401 432 402 433 402 370 402 370 403 433 403 434 403 370 404 434 404 368 404 370 405 435 405 432 405 432 406 435 406 436 406 432 407 436 407 437 407 366 408 365 408 436 408 436 409 365 409 438 409 436 410 438 410 437 410 374 411 362 411 375 411 375 412 362 412 361 412 375 413 361 413 382 413 382 414 361 414 360 414 382 415 360 415 380 415 380 416 360 416 358 416 380 417 358 417 385 417 385 418 358 418 356 418 385 419 356 419 383 419 383 420 356 420 354 420 383 421 354 421 390 421 390 422 354 422 352 422 390 423 352 423 388 423 388 424 352 424 350 424 388 425 350 425 395 425 395 426 350 426 348 426 395 427 348 427 393 427 393 428 348 428 346 428 393 429 346 429 400 429 400 430 346 430 344 430 400 431 344 431 398 431 398 432 344 432 342 432 398 433 342 433 405 433 405 434 342 434 340 434 405 435 340 435 403 435 403 436 340 436 338 436 403 437 338 437 410 437 410 438 338 438 336 438 410 439 336 439 408 439 408 440 336 440 334 440 408 441 334 441 415 441 415 442 334 442 332 442 415 443 332 443 413 443 413 444 332 444 330 444 413 445 330 445 421 445 421 446 330 446 328 446 421 447 328 447 422 447 422 448 328 448 326 448 422 449 326 449 372 449 372 450 326 450 324 450 372 451 324 451 373 451 373 452 324 452 322 452 373 453 322 453 428 453 428 454 322 454 320 454 428 455 320 455 429 455 429 456 320 456 318 456 429 457 318 457 369 457 369 458 318 458 316 458 369 459 316 459 370 459 370 460 316 460 314 460 370 461 314 461 435 461 435 462 314 462 312 462 435 463 312 463 436 463 436 464 312 464 310 464 436 465 310 465 366 465 366 466 310 466 308 466 366 467 308 467 367 467 439 468 440 468 367 468 367 469 440 469 441 469 367 470 441 470 365 470 364 471 304 471 442 471 442 472 304 472 302 472 442 473 302 473 443 473 443 474 302 474 300 474 443 475 300 475 444 475 444 476 300 476 298 476 444 477 298 477 445 477 445 478 298 478 296 478 445 479 296 479 446 479 446 480 296 480 271 480 446 481 271 481 447 481 271 482 270 482 448 482 271 483 448 483 447 483 447 484 448 484 449 484 447 485 449 485 450 485 308 486 306 486 367 486 367 487 306 487 364 487 367 488 364 488 439 488 439 489 364 489 442 489 439 490 442 490 451 490 451 491 442 491 443 491 451 492 443 492 452 492 452 493 443 493 444 493 452 494 444 494 453 494 453 495 444 495 445 495 453 496 445 496 454 496 454 497 445 497 446 497 454 498 446 498 455 498 455 499 446 499 447 499 455 500 447 500 456 500 456 501 447 501 450 501 456 502 450 502 457 502 458 503 459 503 460 503 461 504 462 504 463 504 462 505 378 505 463 505 463 506 378 506 377 506 463 507 377 507 464 507 465 508 466 508 463 508 463 509 466 509 467 509 463 510 467 510 461 510 468 511 469 511 470 511 470 512 469 512 465 512 470 513 465 513 471 513 471 514 465 514 463 514 471 515 463 515 472 515 472 516 463 516 473 516 474 517 475 517 476 517 476 518 475 518 477 518 476 519 477 519 473 519 473 520 477 520 478 520 473 521 478 521 472 521 479 522 480 522 481 522 481 523 480 523 482 523 481 524 482 524 483 524 474 525 476 525 484 525 484 526 476 526 481 526 484 527 481 527 460 527 460 528 481 528 483 528 460 529 483 529 458 529 485 530 486 530 487 530 487 531 486 531 488 531 487 532 488 532 481 532 481 533 488 533 489 533 481 534 489 534 479 534 485 535 487 535 490 535 490 536 487 536 491 536 490 537 491 537 492 537 492 538 491 538 493 538 492 539 493 539 494 539 494 540 493 540 495 540 495 541 493 541 496 541 495 542 496 542 497 542 498 543 499 543 500 543 500 544 499 544 501 544 500 545 501 545 502 545 502 546 503 546 500 546 500 547 503 547 504 547 500 548 504 548 496 548 496 549 504 549 505 549 496 550 505 550 497 550 506 551 507 551 508 551 509 552 510 552 511 552 511 553 506 553 509 553 509 554 506 554 508 554 509 555 508 555 500 555 500 556 508 556 512 556 500 557 512 557 498 557 510 558 509 558 513 558 513 559 509 559 514 559 513 560 514 560 515 560 516 561 517 561 518 561 518 562 517 562 519 562 518 563 519 563 514 563 514 564 519 564 520 564 514 565 520 565 515 565 521 566 522 566 523 566 523 567 522 567 524 567 524 568 522 568 525 568 524 569 525 569 526 569 516 570 518 570 523 570 523 571 518 571 527 571 523 572 527 572 521 572 457 573 528 573 527 573 457 574 527 574 456 574 456 575 527 575 529 575 456 576 529 576 455 576 528 577 530 577 527 577 527 578 530 578 531 578 527 579 531 579 521 579 455 580 529 580 454 580 454 581 529 581 532 581 454 582 532 582 453 582 453 583 532 583 452 583 452 584 532 584 533 584 452 585 533 585 451 585 451 586 533 586 439 586 439 587 533 587 534 587 439 588 534 588 440 588 437 589 438 589 535 589 535 590 438 590 365 590 535 591 365 591 534 591 534 592 365 592 441 592 534 593 441 593 440 593 437 594 535 594 432 594 432 595 535 595 536 595 432 596 536 596 433 596 430 597 431 597 537 597 537 598 431 598 368 598 537 599 368 599 536 599 536 600 368 600 434 600 536 601 434 601 433 601 430 602 537 602 425 602 425 603 537 603 538 603 425 604 538 604 426 604 423 605 424 605 539 605 539 606 424 606 371 606 539 607 371 607 538 607 538 608 371 608 427 608 538 609 427 609 426 609 423 610 539 610 418 610 418 611 539 611 540 611 418 612 540 612 419 612 419 613 540 613 420 613 420 614 540 614 541 614 420 615 541 615 414 615 411 616 409 616 542 616 542 617 409 617 417 617 542 618 417 618 541 618 541 619 417 619 416 619 541 620 416 620 414 620 411 621 542 621 412 621 412 622 542 622 543 622 412 623 543 623 404 623 401 624 399 624 544 624 544 625 399 625 407 625 544 626 407 626 543 626 543 627 407 627 406 627 543 628 406 628 404 628 401 629 544 629 402 629 402 630 544 630 545 630 402 631 545 631 394 631 391 632 389 632 546 632 546 633 389 633 397 633 546 634 397 634 545 634 545 635 397 635 396 635 545 636 396 636 394 636 391 637 546 637 392 637 392 638 546 638 547 638 392 639 547 639 384 639 377 640 381 640 464 640 464 641 381 641 387 641 464 642 387 642 547 642 547 643 387 643 386 643 547 644 386 644 384 644 548 645 154 645 153 645 147 646 146 646 549 646 549 647 146 647 161 647 550 648 551 648 161 648 161 649 551 649 552 649 161 650 552 650 549 650 147 651 549 651 553 651 147 651 553 651 554 651 554 652 553 652 555 652 554 653 555 653 556 653 556 654 555 654 557 654 556 655 557 655 558 655 558 656 557 656 559 656 558 657 559 657 560 657 560 658 559 658 561 658 560 659 561 659 562 659 561 660 563 660 562 660 562 661 563 661 564 661 565 662 566 662 567 662 564 663 568 663 562 663 562 664 568 664 565 664 562 665 565 665 569 665 569 666 565 666 567 666 570 667 270 667 571 667 571 668 270 668 269 668 572 669 573 669 574 669 574 670 573 670 575 670 574 671 575 671 576 671 576 672 575 672 577 672 576 673 577 673 269 673 269 674 577 674 578 674 269 675 578 675 571 675 579 676 580 676 581 676 581 677 580 677 582 677 581 678 582 678 572 678 572 679 582 679 583 679 572 680 583 680 573 680 564 681 563 681 579 681 579 682 563 682 584 682 579 683 584 683 580 683 132 645 585 645 133 645 586 684 587 684 588 684 589 685 590 685 591 685 586 686 592 686 587 686 587 687 592 687 593 687 587 688 593 688 594 688 594 689 593 689 595 689 594 690 595 690 591 690 591 691 595 691 596 691 591 692 596 692 589 692 214 693 363 693 597 693 597 694 598 694 214 694 214 695 598 695 599 695 214 696 599 696 600 696 600 697 599 697 601 697 600 698 601 698 588 698 588 699 601 699 602 699 588 700 602 700 586 700 603 701 604 701 605 701 605 702 604 702 590 702 605 703 590 703 589 703 606 704 607 704 608 704 608 705 607 705 603 705 608 706 603 706 609 706 609 707 603 707 605 707 608 708 609 708 610 708 608 709 610 709 611 709 611 710 610 710 612 710 611 711 612 711 613 711 613 712 612 712 614 712 613 713 614 713 615 713 615 714 614 714 616 714 615 715 616 715 617 715 617 716 616 716 618 716 617 716 618 716 118 716 119 717 118 717 173 717 173 718 118 718 618 718 618 719 619 719 173 719 173 720 619 720 620 720 173 721 620 721 621 721 137 722 147 722 622 722 622 723 147 723 554 723 622 724 554 724 623 724 623 725 554 725 556 725 623 726 556 726 624 726 624 727 556 727 558 727 624 728 558 728 625 728 625 729 558 729 560 729 625 730 560 730 569 730 569 731 560 731 562 731 138 732 137 732 626 732 626 733 137 733 622 733 626 734 622 734 627 734 627 735 622 735 623 735 627 736 623 736 628 736 628 737 623 737 624 737 628 738 624 738 629 738 629 739 624 739 625 739 629 740 625 740 567 740 567 741 625 741 569 741 567 742 566 742 629 742 629 743 566 743 630 743 629 744 630 744 628 744 628 745 630 745 631 745 628 746 631 746 627 746 627 747 631 747 632 747 627 748 632 748 626 748 626 749 632 749 633 749 155 750 148 750 633 750 633 751 148 751 150 751 633 752 150 752 626 752 626 753 150 753 142 753 626 754 142 754 138 754 634 755 565 755 568 755 568 756 635 756 634 756 634 757 635 757 636 757 634 758 636 758 637 758 637 759 636 759 638 759 637 760 638 760 639 760 640 761 641 761 642 761 642 762 641 762 639 762 642 763 639 763 643 763 643 764 639 764 638 764 566 765 565 765 630 765 630 766 565 766 634 766 630 767 634 767 631 767 631 768 634 768 637 768 631 769 637 769 632 769 632 770 637 770 639 770 632 771 639 771 633 771 633 772 639 772 641 772 633 773 641 773 155 773 155 774 641 774 640 774 155 775 640 775 153 775 636 776 644 776 638 776 638 777 644 777 645 777 548 778 153 778 646 778 646 779 153 779 640 779 646 780 640 780 647 780 647 781 640 781 642 781 647 782 642 782 645 782 645 783 642 783 643 783 645 784 643 784 638 784 568 785 564 785 635 785 635 786 564 786 648 786 635 787 648 787 636 787 636 788 648 788 649 788 636 789 649 789 644 789 125 790 130 790 650 790 128 791 135 791 651 791 651 792 135 792 133 792 604 793 603 793 652 793 652 794 603 794 653 794 652 795 653 795 654 795 654 796 653 796 655 796 133 797 656 797 651 797 651 798 656 798 657 798 651 799 657 799 658 799 658 800 657 800 659 800 658 801 659 801 655 801 655 802 659 802 660 802 655 803 660 803 654 803 130 804 128 804 650 804 650 805 128 805 651 805 650 806 651 806 661 806 661 807 651 807 658 807 661 808 658 808 662 808 662 809 658 809 655 809 662 810 655 810 663 810 663 811 655 811 653 811 663 812 653 812 607 812 607 813 653 813 603 813 117 814 125 814 664 814 664 815 125 815 650 815 664 816 650 816 665 816 665 817 650 817 661 817 665 818 661 818 666 818 666 819 661 819 662 819 666 820 662 820 667 820 667 821 662 821 663 821 667 822 663 822 606 822 606 823 663 823 607 823 118 824 117 824 617 824 617 825 117 825 664 825 617 826 664 826 615 826 615 827 664 827 665 827 615 828 665 828 613 828 613 829 665 829 666 829 613 830 666 830 611 830 611 831 666 831 667 831 611 832 667 832 608 832 608 833 667 833 606 833 657 834 668 834 659 834 659 835 668 835 669 835 590 836 604 836 670 836 670 837 604 837 652 837 670 838 652 838 671 838 671 839 652 839 654 839 671 840 654 840 669 840 669 841 654 841 660 841 669 842 660 842 659 842 133 843 585 843 656 843 656 844 585 844 672 844 656 845 672 845 657 845 657 846 672 846 673 846 657 847 673 847 668 847 674 848 675 848 676 848 677 849 126 849 129 849 166 850 678 850 167 850 167 851 678 851 679 851 167 852 679 852 169 852 115 853 165 853 116 853 116 854 165 854 170 854 116 855 170 855 123 855 123 856 170 856 680 856 123 857 680 857 124 857 124 858 680 858 129 858 129 859 680 859 681 859 129 860 681 860 677 860 166 861 243 861 678 861 678 862 243 862 242 862 678 863 242 863 682 863 682 864 242 864 240 864 682 865 240 865 683 865 683 866 240 866 238 866 683 867 238 867 684 867 684 868 238 868 232 868 232 869 674 869 684 869 684 870 674 870 676 870 684 871 676 871 683 871 683 872 676 872 685 872 683 873 685 873 682 873 682 874 685 874 677 874 682 875 677 875 678 875 678 876 677 876 681 876 678 877 681 877 679 877 679 878 681 878 680 878 679 879 680 879 169 879 169 880 680 880 170 880 126 881 677 881 127 881 127 882 677 882 685 882 127 883 685 883 134 883 134 884 685 884 676 884 134 885 676 885 131 885 131 886 676 886 675 886 131 887 675 887 132 887 674 888 232 888 234 888 234 889 686 889 674 889 674 890 686 890 687 890 674 891 687 891 675 891 675 892 687 892 688 892 585 893 132 893 689 893 689 894 132 894 675 894 689 895 675 895 690 895 690 896 675 896 688 896 691 897 692 897 693 897 673 898 672 898 694 898 234 899 227 899 686 899 686 900 227 900 695 900 686 901 695 901 687 901 687 902 695 902 688 902 672 903 585 903 694 903 694 904 585 904 689 904 694 905 689 905 690 905 668 906 673 906 696 906 696 907 673 907 694 907 696 908 694 908 697 908 697 909 694 909 690 909 697 910 690 910 688 910 688 911 695 911 697 911 697 912 695 912 698 912 697 913 698 913 696 913 696 914 698 914 699 914 696 915 699 915 668 915 700 916 692 916 701 916 701 917 692 917 691 917 701 918 691 918 702 918 670 919 671 919 699 919 699 920 671 920 669 920 699 921 669 921 668 921 226 922 218 922 702 922 702 923 218 923 217 923 702 924 217 924 701 924 701 925 217 925 215 925 701 926 215 926 700 926 700 927 215 927 214 927 214 928 600 928 700 928 700 929 600 929 588 929 700 930 588 930 692 930 692 931 588 931 587 931 692 932 587 932 693 932 693 933 587 933 594 933 693 934 594 934 591 934 227 935 226 935 695 935 695 936 226 936 702 936 695 937 702 937 698 937 698 938 702 938 691 938 698 939 691 939 699 939 699 940 691 940 693 940 699 941 693 941 670 941 670 942 693 942 591 942 670 943 591 943 590 943 703 944 704 944 705 944 159 945 158 945 139 945 139 946 158 946 136 946 259 947 182 947 706 947 706 948 182 948 160 948 706 949 160 949 159 949 707 950 140 950 141 950 707 951 141 951 708 951 708 952 141 952 152 952 708 953 152 953 151 953 149 954 709 954 151 954 151 955 709 955 710 955 151 956 710 956 708 956 149 957 157 957 709 957 709 958 157 958 156 958 709 959 156 959 711 959 711 960 156 960 154 960 154 961 703 961 711 961 711 962 703 962 705 962 711 963 705 963 709 963 709 964 705 964 712 964 709 965 712 965 710 965 710 966 712 966 713 966 710 967 713 967 708 967 708 968 713 968 714 968 708 969 714 969 707 969 139 970 140 970 159 970 159 971 140 971 707 971 159 972 707 972 706 972 706 973 707 973 714 973 706 974 714 974 259 974 259 975 714 975 713 975 259 976 713 976 257 976 257 977 713 977 712 977 257 978 712 978 258 978 258 979 712 979 705 979 258 980 705 980 260 980 260 981 705 981 704 981 260 982 704 982 261 982 154 983 548 983 703 983 703 984 548 984 715 984 715 985 716 985 703 985 703 986 716 986 717 986 703 987 717 987 704 987 263 988 261 988 718 988 718 989 261 989 704 989 718 990 704 990 719 990 719 991 704 991 717 991 720 992 721 992 722 992 649 993 648 993 723 993 269 994 268 994 576 994 576 995 268 995 724 995 576 996 724 996 574 996 574 997 724 997 572 997 648 998 564 998 723 998 723 999 564 999 579 999 723 1000 579 1000 581 1000 644 1001 649 1001 725 1001 725 1002 649 1002 723 1002 725 1003 723 1003 726 1003 726 1004 723 1004 581 1004 726 1005 581 1005 572 1005 572 1006 724 1006 726 1006 726 1007 724 1007 727 1007 726 1008 727 1008 725 1008 725 1009 727 1009 728 1009 725 1010 728 1010 644 1010 729 1011 721 1011 730 1011 730 1012 721 1012 720 1012 730 1013 720 1013 731 1013 646 1014 647 1014 728 1014 728 1015 647 1015 645 1015 728 1016 645 1016 644 1016 263 1017 729 1017 265 1017 265 1018 729 1018 730 1018 265 1019 730 1019 266 1019 266 1020 730 1020 731 1020 266 1021 731 1021 267 1021 263 1022 718 1022 729 1022 729 1023 718 1023 719 1023 729 1024 719 1024 721 1024 721 1025 719 1025 717 1025 721 1026 717 1026 722 1026 722 1027 717 1027 716 1027 722 1028 716 1028 715 1028 268 1029 267 1029 724 1029 724 1030 267 1030 731 1030 724 1031 731 1031 727 1031 727 1032 731 1032 720 1032 727 1033 720 1033 728 1033 728 1034 720 1034 722 1034 728 1035 722 1035 646 1035 646 1036 722 1036 715 1036 646 1037 715 1037 548 1037 732 1038 733 1038 734 1038 735 1039 736 1039 737 1039 738 1040 619 1040 618 1040 610 1041 609 1041 739 1041 610 1042 736 1042 612 1042 612 1043 736 1043 735 1043 612 1044 735 1044 614 1044 620 1045 619 1045 740 1045 740 1046 619 1046 738 1046 740 1047 738 1047 741 1047 610 1048 739 1048 736 1048 736 1049 739 1049 742 1049 736 1050 742 1050 737 1050 737 1051 742 1051 743 1051 737 1052 743 1052 744 1052 744 1053 732 1053 737 1053 737 1054 732 1054 734 1054 737 1055 734 1055 735 1055 735 1056 734 1056 745 1056 735 1057 745 1057 614 1057 614 1058 745 1058 616 1058 733 1059 746 1059 734 1059 734 1060 746 1060 741 1060 734 1061 741 1061 745 1061 745 1062 741 1062 738 1062 745 1063 738 1063 616 1063 616 1064 738 1064 618 1064 621 1065 620 1065 747 1065 747 1066 620 1066 740 1066 747 1067 740 1067 748 1067 748 1068 740 1068 741 1068 748 1069 741 1069 749 1069 749 1070 741 1070 746 1070 743 1071 750 1071 744 1071 744 1072 750 1072 751 1072 744 1073 751 1073 732 1073 732 1074 751 1074 733 1074 733 1075 751 1075 752 1075 733 1076 752 1076 746 1076 746 1077 752 1077 749 1077 749 1078 752 1078 753 1078 749 1079 753 1079 748 1079 748 1080 753 1080 747 1080 747 1081 753 1081 754 1081 747 1082 754 1082 621 1082 755 1083 754 1083 756 1083 756 1084 754 1084 753 1084 756 1085 753 1085 757 1085 757 1086 753 1086 752 1086 757 1087 752 1087 758 1087 758 1088 752 1088 751 1088 758 1089 751 1089 759 1089 759 1090 751 1090 750 1090 468 1091 470 1091 760 1091 760 1092 470 1092 761 1092 760 1093 761 1093 762 1093 763 1094 171 1094 764 1094 764 1095 171 1095 755 1095 755 1096 171 1096 754 1096 754 1097 171 1097 173 1097 754 1098 173 1098 621 1098 471 1099 765 1099 470 1099 470 1100 765 1100 766 1100 470 1101 766 1101 761 1101 761 1102 766 1102 763 1102 761 1103 763 1103 762 1103 762 1104 763 1104 764 1104 739 1105 609 1105 605 1105 767 1106 759 1106 750 1106 739 1107 605 1107 742 1107 742 1108 605 1108 768 1108 742 1109 768 1109 743 1109 750 1110 743 1110 767 1110 767 1111 743 1111 768 1111 767 1112 768 1112 589 1112 589 1113 768 1113 605 1113 758 1114 759 1114 769 1114 770 1115 771 1115 772 1115 772 1116 771 1116 773 1116 772 1117 773 1117 774 1117 774 1118 773 1118 757 1118 774 1119 757 1119 758 1119 770 1120 775 1120 771 1120 771 1121 775 1121 776 1121 771 1122 776 1122 773 1122 773 1123 776 1123 756 1123 773 1124 756 1124 757 1124 468 1125 760 1125 770 1125 770 1126 760 1126 762 1126 770 1127 762 1127 775 1127 775 1128 762 1128 764 1128 775 1129 764 1129 776 1129 776 1130 764 1130 755 1130 776 1131 755 1131 756 1131 758 1132 769 1132 774 1132 774 1133 769 1133 777 1133 774 1134 777 1134 772 1134 772 1135 777 1135 770 1135 469 1136 468 1136 770 1136 374 1137 376 1137 778 1137 363 1138 374 1138 779 1138 777 1139 780 1139 770 1139 770 1140 780 1140 781 1140 770 1141 781 1141 469 1141 469 1142 781 1142 782 1142 469 1143 782 1143 465 1143 465 1144 782 1144 783 1144 465 1145 783 1145 466 1145 466 1146 783 1146 784 1146 466 1147 784 1147 467 1147 467 1148 784 1148 785 1148 467 1149 785 1149 461 1149 461 1150 785 1150 786 1150 461 1151 786 1151 462 1151 462 1152 786 1152 379 1152 462 1153 379 1153 378 1153 363 1154 779 1154 597 1154 597 1155 779 1155 787 1155 597 1156 787 1156 598 1156 598 1157 787 1157 788 1157 598 1158 788 1158 599 1158 599 1159 788 1159 789 1159 599 1160 789 1160 601 1160 601 1161 789 1161 790 1161 601 1162 790 1162 602 1162 602 1163 790 1163 791 1163 602 1164 791 1164 586 1164 586 1165 791 1165 792 1165 586 1166 792 1166 592 1166 374 1167 778 1167 779 1167 779 1168 778 1168 793 1168 779 1169 793 1169 787 1169 787 1170 793 1170 794 1170 787 1171 794 1171 788 1171 788 1172 794 1172 795 1172 788 1173 795 1173 789 1173 789 1174 795 1174 796 1174 789 1175 796 1175 790 1175 790 1176 796 1176 797 1176 790 1177 797 1177 791 1177 791 1178 797 1178 798 1178 791 1179 798 1179 792 1179 792 1180 798 1180 799 1180 792 1181 799 1181 800 1181 800 1182 799 1182 801 1182 800 1183 801 1183 802 1183 592 1184 792 1184 593 1184 593 1185 792 1185 800 1185 593 1186 800 1186 595 1186 595 1187 800 1187 802 1187 595 1188 802 1188 596 1188 589 1189 596 1189 767 1189 767 1190 596 1190 802 1190 767 1191 802 1191 759 1191 759 1192 802 1192 801 1192 759 1193 801 1193 769 1193 769 1194 801 1194 799 1194 769 1195 799 1195 777 1195 777 1196 799 1196 798 1196 777 1197 798 1197 780 1197 780 1198 798 1198 797 1198 780 1199 797 1199 781 1199 781 1200 797 1200 796 1200 781 1201 796 1201 782 1201 782 1202 796 1202 795 1202 782 1203 795 1203 783 1203 783 1204 795 1204 794 1204 783 1205 794 1205 784 1205 784 1206 794 1206 793 1206 784 1207 793 1207 785 1207 785 1208 793 1208 778 1208 785 1209 778 1209 786 1209 786 1210 778 1210 376 1210 786 1211 376 1211 379 1211 803 1212 804 1212 805 1212 806 1213 807 1213 561 1213 553 1214 549 1214 552 1214 555 1215 553 1215 808 1215 555 1216 804 1216 557 1216 557 1217 804 1217 803 1217 557 1218 803 1218 559 1218 553 1219 552 1219 808 1219 808 1220 552 1220 551 1220 808 1221 551 1221 809 1221 810 1222 807 1222 811 1222 811 1223 807 1223 806 1223 811 1224 806 1224 812 1224 551 1225 550 1225 809 1225 809 1226 550 1226 813 1226 809 1227 813 1227 814 1227 555 1228 808 1228 804 1228 804 1229 808 1229 809 1229 804 1230 809 1230 805 1230 805 1231 809 1231 814 1231 805 1232 814 1232 815 1232 815 1233 816 1233 805 1233 805 1234 816 1234 812 1234 805 1235 812 1235 803 1235 803 1236 812 1236 806 1236 803 1237 806 1237 559 1237 559 1238 806 1238 561 1238 817 1239 810 1239 818 1239 818 1240 810 1240 811 1240 818 1241 811 1241 819 1241 819 1242 811 1242 812 1242 819 1243 812 1243 820 1243 820 1244 812 1244 816 1244 810 1245 817 1245 821 1245 821 1246 817 1246 822 1246 821 1247 822 1247 823 1247 810 1248 821 1248 807 1248 807 1249 821 1249 563 1249 807 1250 563 1250 561 1250 563 1251 821 1251 824 1251 825 1252 526 1252 525 1252 823 1253 826 1253 827 1253 827 1254 826 1254 828 1254 448 1255 270 1255 570 1255 449 1256 448 1256 829 1256 450 1257 449 1257 830 1257 457 1258 450 1258 831 1258 457 1259 831 1259 528 1259 528 1260 831 1260 832 1260 528 1261 832 1261 530 1261 530 1262 832 1262 833 1262 530 1263 833 1263 531 1263 531 1264 833 1264 834 1264 531 1265 834 1265 521 1265 521 1266 834 1266 835 1266 521 1267 835 1267 522 1267 522 1268 835 1268 836 1268 522 1269 836 1269 525 1269 449 1270 829 1270 830 1270 830 1271 829 1271 837 1271 830 1272 837 1272 838 1272 838 1273 837 1273 839 1273 838 1274 839 1274 840 1274 840 1275 839 1275 841 1275 840 1276 841 1276 842 1276 842 1277 841 1277 843 1277 842 1278 843 1278 844 1278 844 1279 843 1279 845 1279 844 1280 845 1280 846 1280 846 1281 845 1281 847 1281 846 1282 847 1282 848 1282 450 1283 830 1283 831 1283 831 1284 830 1284 838 1284 831 1285 838 1285 832 1285 832 1286 838 1286 840 1286 832 1287 840 1287 833 1287 833 1288 840 1288 842 1288 833 1289 842 1289 834 1289 834 1290 842 1290 844 1290 834 1291 844 1291 835 1291 835 1292 844 1292 846 1292 835 1293 846 1293 836 1293 836 1294 846 1294 848 1294 836 1295 848 1295 849 1295 448 1296 570 1296 829 1296 829 1297 570 1297 571 1297 829 1298 571 1298 837 1298 837 1299 571 1299 578 1299 837 1300 578 1300 839 1300 839 1301 578 1301 577 1301 839 1302 577 1302 841 1302 841 1303 577 1303 575 1303 841 1304 575 1304 843 1304 843 1305 575 1305 573 1305 843 1306 573 1306 845 1306 845 1307 573 1307 583 1307 845 1308 583 1308 847 1308 847 1309 583 1309 850 1309 847 1310 850 1310 848 1310 583 1311 582 1311 850 1311 850 1312 582 1312 580 1312 850 1313 580 1313 584 1313 828 1314 851 1314 827 1314 827 1315 851 1315 824 1315 827 1316 824 1316 823 1316 823 1317 824 1317 821 1317 525 1318 836 1318 825 1318 825 1319 836 1319 849 1319 825 1320 849 1320 828 1320 828 1321 849 1321 848 1321 828 1322 848 1322 851 1322 851 1323 848 1323 850 1323 851 1324 850 1324 824 1324 824 1325 850 1325 584 1325 824 1326 584 1326 563 1326 550 1327 852 1327 813 1327 813 1328 852 1328 853 1328 813 1329 853 1329 814 1329 814 1330 853 1330 815 1330 815 1331 853 1331 854 1331 815 1332 854 1332 816 1332 816 1333 854 1333 820 1333 820 1334 854 1334 855 1334 820 1335 855 1335 819 1335 819 1336 855 1336 818 1336 818 1337 855 1337 822 1337 818 1338 822 1338 817 1338 823 1339 822 1339 856 1339 856 1340 822 1340 855 1340 856 1341 855 1341 857 1341 857 1342 855 1342 854 1342 857 1343 854 1343 858 1343 858 1344 854 1344 853 1344 858 1345 853 1345 859 1345 859 1346 853 1346 852 1346 858 1347 859 1347 860 1347 825 1348 861 1348 862 1348 862 1349 861 1349 863 1349 862 1350 863 1350 864 1350 864 1351 863 1351 857 1351 864 1352 857 1352 858 1352 825 1353 865 1353 861 1353 861 1354 865 1354 866 1354 861 1355 866 1355 863 1355 863 1356 866 1356 856 1356 863 1357 856 1357 857 1357 825 1358 828 1358 865 1358 865 1359 828 1359 826 1359 865 1360 826 1360 866 1360 866 1361 826 1361 823 1361 866 1362 823 1362 856 1362 858 1363 860 1363 864 1363 864 1364 860 1364 867 1364 864 1365 867 1365 862 1365 862 1366 867 1366 868 1366 862 1367 868 1367 825 1367 825 1368 868 1368 526 1368 550 1369 161 1369 852 1369 852 1370 161 1370 859 1370 859 1371 161 1371 860 1371 860 1372 161 1372 163 1372 860 1373 163 1373 164 1373 869 1374 524 1374 526 1374 164 1375 870 1375 860 1375 860 1376 870 1376 871 1376 860 1377 871 1377 867 1377 867 1378 871 1378 869 1378 867 1379 869 1379 868 1379 868 1380 869 1380 526 1380 871 1381 872 1381 869 1381 869 1382 872 1382 873 1382 869 1383 873 1383 524 1383 524 1384 873 1384 874 1384 524 1385 874 1385 523 1385 875 0 876 0 877 0 877 1386 876 1386 878 1386 877 1387 878 1387 879 1387 880 1388 881 1388 877 1388 877 0 881 0 882 0 877 0 882 0 875 0 883 0 884 0 877 0 877 1389 884 1389 885 1389 877 1390 885 1390 880 1390 879 1391 886 1391 877 1391 877 0 886 0 887 0 877 0 887 0 883 0 878 1392 888 1392 879 1392 879 1393 888 1393 889 1393 879 1394 889 1394 886 1394 886 1395 889 1395 890 1395 886 1396 890 1396 887 1396 887 1396 890 1396 891 1396 887 1397 891 1397 883 1397 883 1397 891 1397 892 1397 883 1398 892 1398 884 1398 884 1399 892 1399 893 1399 884 1400 893 1400 885 1400 885 1401 893 1401 894 1401 885 1402 894 1402 880 1402 880 1403 894 1403 895 1403 880 1404 895 1404 881 1404 881 1405 895 1405 896 1405 881 1406 896 1406 882 1406 882 1406 896 1406 897 1406 882 1407 897 1407 875 1407 875 1407 897 1407 898 1407 875 1408 898 1408 876 1408 876 1409 898 1409 899 1409 876 1410 899 1410 878 1410 878 1411 899 1411 888 1411 900 1412 901 1412 902 1412 903 1413 904 1413 902 1413 902 1414 904 1414 905 1414 902 1415 905 1415 900 1415 906 1413 907 1413 902 1413 902 1413 907 1413 908 1413 902 1413 908 1413 903 1413 909 1413 910 1413 902 1413 902 1414 910 1414 911 1414 902 1416 911 1416 906 1416 912 1417 913 1417 902 1417 902 1418 913 1418 914 1418 902 1413 914 1413 909 1413 915 1413 916 1413 902 1413 902 1413 916 1413 917 1413 902 1419 917 1419 912 1419 901 1417 918 1417 902 1417 902 1420 918 1420 919 1420 902 1413 919 1413 915 1413 889 1421 920 1421 890 1421 890 1422 920 1422 921 1422 890 1423 921 1423 891 1423 891 1424 921 1424 922 1424 891 1425 922 1425 892 1425 892 1426 922 1426 923 1426 892 1427 923 1427 893 1427 893 1428 923 1428 924 1428 893 1429 924 1429 894 1429 894 1430 924 1430 925 1430 894 1431 925 1431 895 1431 895 1432 925 1432 926 1432 895 1433 926 1433 896 1433 896 1434 926 1434 927 1434 896 1435 927 1435 897 1435 897 1436 927 1436 928 1436 897 1437 928 1437 898 1437 898 1438 928 1438 929 1438 898 1439 929 1439 899 1439 899 1440 929 1440 930 1440 899 1441 930 1441 888 1441 888 1442 930 1442 931 1442 888 1443 931 1443 889 1443 889 1444 931 1444 920 1444 901 1445 900 1445 932 1445 932 1446 933 1446 901 1446 901 1447 933 1447 934 1447 901 1448 934 1448 918 1448 934 1449 935 1449 918 1449 918 1450 935 1450 936 1450 918 1451 936 1451 919 1451 936 1452 937 1452 919 1452 919 1453 937 1453 938 1453 919 1454 938 1454 915 1454 915 1455 938 1455 939 1455 915 1456 939 1456 916 1456 939 1457 940 1457 916 1457 916 1458 940 1458 941 1458 916 1459 941 1459 917 1459 941 1460 942 1460 917 1460 917 1461 942 1461 943 1461 917 1462 943 1462 912 1462 912 1463 943 1463 944 1463 944 1464 945 1464 912 1464 912 1465 945 1465 946 1465 912 1466 946 1466 913 1466 913 1467 946 1467 947 1467 913 1468 947 1468 914 1468 947 1469 948 1469 914 1469 914 1470 948 1470 949 1470 914 1471 949 1471 909 1471 949 1472 950 1472 909 1472 909 1473 950 1473 951 1473 909 1474 951 1474 910 1474 951 1475 952 1475 910 1475 910 1476 952 1476 953 1476 910 1477 953 1477 911 1477 911 1478 953 1478 954 1478 954 1479 955 1479 911 1479 911 1480 955 1480 956 1480 911 1481 956 1481 906 1481 956 1482 957 1482 906 1482 906 1483 957 1483 958 1483 906 1484 958 1484 907 1484 958 1485 959 1485 907 1485 907 1486 959 1486 960 1486 907 1487 960 1487 908 1487 960 1488 961 1488 908 1488 908 1489 961 1489 962 1489 908 1490 962 1490 903 1490 962 1491 963 1491 903 1491 903 1492 963 1492 964 1492 903 1493 964 1493 904 1493 964 1494 965 1494 904 1494 904 1495 965 1495 966 1495 904 1496 966 1496 905 1496 966 1497 967 1497 905 1497 905 1498 967 1498 968 1498 905 1499 968 1499 900 1499 900 1500 968 1500 969 1500 900 1501 969 1501 932 1501 925 0 970 0 926 0 926 1502 970 1502 971 1502 926 0 971 0 927 0 922 1503 972 1503 923 1503 923 0 972 0 973 0 923 0 973 0 924 0 920 0 974 0 921 0 921 0 974 0 975 0 921 1504 975 1504 922 1504 922 0 975 0 976 0 922 0 976 0 972 0 973 1505 977 1505 924 1505 924 1506 977 1506 978 1506 924 0 978 0 925 0 925 1507 978 1507 979 1507 925 1508 979 1508 970 1508 931 0 980 0 920 0 920 1509 980 1509 981 1509 920 1510 981 1510 974 1510 929 0 982 0 930 0 930 1511 982 1511 983 1511 930 1512 983 1512 931 1512 931 1513 983 1513 984 1513 931 0 984 0 980 0 971 1514 985 1514 927 1514 927 0 985 0 986 0 927 0 986 0 928 0 928 0 986 0 987 0 928 0 987 0 929 0 929 0 987 0 988 0 929 0 988 0 982 0 989 1515 990 1515 991 1515 989 1516 992 1516 993 1516 993 1517 992 1517 994 1517 990 1518 989 1518 995 1518 996 1519 997 1519 991 1519 998 1520 999 1520 1000 1520 989 1521 993 1521 995 1521 995 1522 993 1522 1000 1522 995 1523 1000 1523 1001 1523 1001 1524 1000 1524 999 1524 1001 1525 999 1525 1002 1525 998 1526 1000 1526 1003 1526 1003 1527 1000 1527 993 1527 1003 1528 993 1528 1004 1528 1004 1529 993 1529 994 1529 1004 1530 994 1530 1005 1530 1006 1531 1007 1531 1008 1531 1008 1532 1007 1532 1009 1532 1008 1533 1009 1533 1010 1533 1010 1534 1009 1534 997 1534 1010 1535 997 1535 1011 1535 1011 1536 997 1536 996 1536 1011 1537 996 1537 1012 1537 1012 1538 996 1538 1013 1538 1012 1539 1013 1539 1014 1539 1014 1540 1013 1540 1015 1540 1014 1541 1015 1541 1016 1541 1016 1542 1015 1542 1017 1542 1016 1543 1017 1543 1018 1543 991 1544 990 1544 996 1544 996 1545 990 1545 995 1545 996 1546 995 1546 1013 1546 1013 1547 995 1547 1001 1547 1013 1548 1001 1548 1015 1548 1015 1549 1001 1549 1002 1549 1015 1550 1002 1550 1017 1550 1019 1551 1004 1551 1020 1551 1020 1552 1004 1552 1005 1552 1021 1553 1022 1553 1023 1553 1023 1554 1022 1554 998 1554 1023 1395 998 1395 1019 1395 1019 1555 998 1555 1003 1555 1019 1556 1003 1556 1004 1556 949 1557 1024 1557 1025 1557 949 1558 948 1558 1024 1558 1024 1559 948 1559 947 1559 1024 1560 947 1560 1026 1560 947 1561 946 1561 1026 1561 1026 1562 946 1562 945 1562 1026 1563 945 1563 1027 1563 945 1564 944 1564 1027 1564 1027 1565 944 1565 943 1565 1027 1566 943 1566 1028 1566 943 1567 942 1567 1028 1567 1028 1568 942 1568 941 1568 1028 1569 941 1569 1029 1569 941 1570 940 1570 1029 1570 1029 1571 940 1571 939 1571 1029 1572 939 1572 1030 1572 939 1573 938 1573 1030 1573 1030 1574 938 1574 937 1574 1030 1575 937 1575 1031 1575 937 1576 936 1576 1031 1576 1031 1577 936 1577 935 1577 1031 1578 935 1578 1032 1578 935 1579 934 1579 1032 1579 1032 1580 934 1580 933 1580 1032 1581 933 1581 1033 1581 933 1582 932 1582 1033 1582 1033 1583 932 1583 969 1583 1033 1584 969 1584 1034 1584 969 1585 968 1585 1034 1585 1034 1586 968 1586 967 1586 1034 1587 967 1587 1035 1587 967 1588 966 1588 1035 1588 1035 1589 966 1589 965 1589 1035 1590 965 1590 1036 1590 965 1591 964 1591 1036 1591 1036 1592 964 1592 963 1592 1036 1593 963 1593 1037 1593 963 1594 962 1594 1037 1594 1037 1595 962 1595 961 1595 1037 1596 961 1596 1038 1596 961 1597 960 1597 1038 1597 1038 645 960 645 959 645 1038 1598 959 1598 1039 1598 959 1599 958 1599 1039 1599 1039 1600 958 1600 957 1600 1039 1601 957 1601 1040 1601 957 1602 956 1602 1040 1602 1040 1603 956 1603 955 1603 1040 1604 955 1604 1041 1604 955 1605 954 1605 1041 1605 1041 1606 954 1606 953 1606 1041 1607 953 1607 1042 1607 953 1608 952 1608 1042 1608 1042 1609 952 1609 951 1609 1042 1610 951 1610 1025 1610 1025 1611 951 1611 950 1611 1025 1612 950 1612 949 1612 1043 1613 1044 1613 1045 1613 1046 1614 1047 1614 1048 1614 1049 1615 1050 1615 1051 1615 1051 1616 1050 1616 1052 1616 1051 1617 1052 1617 1053 1617 1053 1618 1052 1618 1054 1618 1053 1619 1054 1619 1055 1619 1055 1620 1054 1620 1056 1620 1055 1621 1056 1621 1057 1621 1057 1622 1056 1622 1058 1622 1059 1623 1049 1623 1060 1623 1060 1624 1049 1624 1051 1624 1060 1625 1051 1625 1061 1625 1061 1626 1051 1626 1053 1626 1061 1627 1053 1627 1062 1627 1062 1628 1053 1628 1055 1628 1062 1629 1055 1629 1063 1629 1063 1630 1055 1630 1057 1630 1047 1631 1059 1631 1048 1631 1048 1632 1059 1632 1060 1632 1048 1633 1060 1633 1064 1633 1064 1634 1060 1634 1061 1634 1064 1635 1061 1635 1065 1635 1065 1636 1061 1636 1062 1636 1065 1637 1062 1637 1066 1637 1066 1638 1062 1638 1063 1638 1044 1639 1046 1639 1045 1639 1045 1640 1046 1640 1048 1640 1045 1641 1048 1641 1067 1641 1067 1642 1048 1642 1064 1642 1067 1643 1064 1643 1068 1643 1068 1644 1064 1644 1065 1644 1068 1645 1065 1645 1069 1645 1069 1646 1065 1646 1066 1646 1070 1647 1043 1647 1071 1647 1071 1648 1043 1648 1045 1648 1071 1649 1045 1649 1072 1649 1072 1650 1045 1650 1067 1650 1072 1651 1067 1651 1073 1651 1073 1652 1067 1652 1068 1652 1073 1653 1068 1653 1074 1653 1074 1654 1068 1654 1069 1654 1075 1655 1070 1655 1076 1655 1076 1656 1070 1656 1071 1656 1076 1657 1071 1657 1077 1657 1077 1658 1071 1658 1072 1658 1077 1659 1072 1659 1078 1659 1078 1660 1072 1660 1073 1660 1078 1661 1073 1661 1079 1661 1079 1662 1073 1662 1074 1662 1080 1663 1081 1663 1082 1663 1083 1664 1005 1664 994 1664 1084 1665 1083 1665 1085 1665 1083 1666 994 1666 1085 1666 1085 1667 994 1667 992 1667 1085 1668 992 1668 1086 1668 992 1669 989 1669 1086 1669 1086 1670 989 1670 991 1670 1086 1671 991 1671 1087 1671 1087 1672 991 1672 997 1672 997 1673 1080 1673 1087 1673 1087 1674 1080 1674 1082 1674 1087 1675 1082 1675 1086 1675 1086 1676 1082 1676 1088 1676 1086 1677 1088 1677 1085 1677 1085 1678 1088 1678 1089 1678 1085 1679 1089 1679 1084 1679 1084 1680 1089 1680 1090 1680 1090 1681 1089 1681 1091 1681 1091 1682 1089 1682 1088 1682 1091 1683 1088 1683 1092 1683 1092 1684 1088 1684 1082 1684 1092 1685 1082 1685 1093 1685 1093 1686 1082 1686 1081 1686 1093 1687 1081 1687 1094 1687 1020 1688 1005 1688 1095 1688 1095 1689 1005 1689 1083 1689 1095 1690 1083 1690 1096 1690 1096 1691 1083 1691 1084 1691 1096 1692 1084 1692 1097 1692 1097 1693 1084 1693 1090 1693 1019 1694 1020 1694 1098 1694 1098 1695 1020 1695 1095 1695 1098 1696 1095 1696 1099 1696 1099 1697 1095 1697 1096 1697 1099 1698 1096 1698 1100 1698 1100 1699 1096 1699 1097 1699 1101 1700 1102 1700 1103 1700 1103 1701 1102 1701 1104 1701 1103 1702 1104 1702 1105 1702 1105 1703 1104 1703 1106 1703 1105 1704 1106 1704 1107 1704 1101 1705 1103 1705 1108 1705 1108 1706 1103 1706 1023 1706 1108 1707 1023 1707 1019 1707 1109 1708 1110 1708 1111 1708 1110 1709 1109 1709 1105 1709 1023 1710 1112 1710 1113 1710 1023 1711 1103 1711 1109 1711 1109 1712 1103 1712 1105 1712 1023 1713 1109 1713 1112 1713 1112 1714 1109 1714 1111 1714 1112 1715 1111 1715 1113 1715 1113 1716 1111 1716 1114 1716 1113 1717 1114 1717 1115 1717 1058 1718 1116 1718 1117 1718 1117 1719 1116 1719 1118 1719 1117 1720 1119 1720 1058 1720 1058 1721 1119 1721 1120 1721 1058 1722 1120 1722 1121 1722 1122 1723 1123 1723 1124 1723 1124 1724 1123 1724 1125 1724 1063 1725 1057 1725 1079 1725 1079 1726 1057 1726 1058 1726 1079 1727 1058 1727 1125 1727 1125 1728 1058 1728 1121 1728 1125 1729 1121 1729 1124 1729 1074 1730 1069 1730 1079 1730 1079 1731 1069 1731 1066 1731 1079 1732 1066 1732 1063 1732 1118 1733 1116 1733 1126 1733 1126 1733 1116 1733 1127 1733 1126 1734 1127 1734 1128 1734 1128 1735 1127 1735 1129 1735 1128 1736 1129 1736 1130 1736 1130 1737 1129 1737 1131 1737 1130 1738 1131 1738 1132 1738 1132 1739 1131 1739 1133 1739 1132 1740 1133 1740 1134 1740 1134 1741 1133 1741 1135 1741 1134 1742 1135 1742 1136 1742 1136 1742 1135 1742 1137 1742 1138 1743 1139 1743 1140 1743 1140 1570 1139 1570 1141 1570 1140 1570 1141 1570 1142 1570 1142 1570 1141 1570 1143 1570 1142 1570 1143 1570 1144 1570 1144 1570 1143 1570 1145 1570 1144 1570 1145 1570 1146 1570 1146 1570 1145 1570 1147 1570 1146 1570 1147 1570 1148 1570 1148 1570 1147 1570 1149 1570 1148 1744 1149 1744 1150 1744 1150 1570 1149 1570 1151 1570 1150 1570 1151 1570 1152 1570 1152 1745 1151 1745 1153 1745 1152 1570 1153 1570 1154 1570 1154 1746 1153 1746 1155 1746 1154 1570 1155 1570 1156 1570 1156 1570 1155 1570 1157 1570 1156 1570 1157 1570 1158 1570 1158 1570 1157 1570 1159 1570 1158 1570 1159 1570 1160 1570 1160 1747 1159 1747 1161 1747 1160 1570 1161 1570 1162 1570 1162 1570 1161 1570 1163 1570 1162 1570 1163 1570 1164 1570 1164 1570 1163 1570 1165 1570 1164 1748 1165 1748 1166 1748 1166 1570 1165 1570 1167 1570 1166 1570 1167 1570 1168 1570 1168 1570 1167 1570 1169 1570 1168 1570 1169 1570 1170 1570 1170 1570 1169 1570 1171 1570 1170 1570 1171 1570 1172 1570 1172 1570 1171 1570 1173 1570 1172 1570 1173 1570 1174 1570 1174 1749 1173 1749 1175 1749 1174 1750 1175 1750 1176 1750 1176 1751 1175 1751 1177 1751 1176 1570 1177 1570 1178 1570 1178 1752 1177 1752 1138 1752 1178 1753 1138 1753 1140 1753 1179 1754 1180 1754 1181 1754 1181 1755 1182 1755 1183 1755 1179 1756 1181 1756 1184 1756 1184 1757 1181 1757 1183 1757 1184 1758 1183 1758 1185 1758 1186 1759 978 1759 1187 1759 1187 1760 978 1760 977 1760 1187 1761 977 1761 1188 1761 1188 1762 977 1762 973 1762 1188 1763 973 1763 1189 1763 1189 1764 973 1764 972 1764 1189 1765 972 1765 1190 1765 1190 1766 972 1766 976 1766 1190 1767 976 1767 1191 1767 1191 1768 976 1768 975 1768 1191 1769 975 1769 1192 1769 1192 1770 975 1770 974 1770 1192 1771 974 1771 1193 1771 1193 1772 974 1772 981 1772 1193 1773 981 1773 1194 1773 1194 1774 981 1774 980 1774 1194 1775 980 1775 1195 1775 1195 1776 980 1776 984 1776 1195 1777 984 1777 1196 1777 1196 1778 984 1778 983 1778 1196 1779 983 1779 1197 1779 1197 1780 983 1780 982 1780 1197 1781 982 1781 1198 1781 1198 1782 982 1782 988 1782 1198 1783 988 1783 1199 1783 1199 1784 988 1784 987 1784 1199 1785 987 1785 1200 1785 1200 1786 987 1786 986 1786 1200 1787 986 1787 1201 1787 1201 1788 986 1788 985 1788 1201 1789 985 1789 1202 1789 1202 1790 985 1790 971 1790 1202 1791 971 1791 1203 1791 1203 1792 971 1792 970 1792 1203 1793 970 1793 1204 1793 1204 1794 970 1794 979 1794 1204 1795 979 1795 1186 1795 1186 1796 979 1796 978 1796 1205 1797 1206 1797 1207 1797 1208 1798 1209 1798 1210 1798 1210 1799 1209 1799 1211 1799 1212 1800 1213 1800 1207 1800 1207 1801 1213 1801 1214 1801 1215 1802 1216 1802 1214 1802 1214 1803 1216 1803 1217 1803 1214 1804 1217 1804 1207 1804 1207 1805 1217 1805 1218 1805 1207 1806 1218 1806 1205 1806 1214 1807 1219 1807 1215 1807 1215 1808 1219 1808 1220 1808 1215 1809 1220 1809 1221 1809 1211 1810 1209 1810 1206 1810 1206 1811 1209 1811 1222 1811 1206 1812 1222 1812 1207 1812 1207 1813 1222 1813 1223 1813 1207 1814 1223 1814 1212 1814 1224 1815 1220 1815 1225 1815 1225 1816 1220 1816 1219 1816 1225 1817 1219 1817 1226 1817 1226 1818 1219 1818 1214 1818 1226 1819 1214 1819 1227 1819 1227 1820 1214 1820 1213 1820 1227 1821 1213 1821 1228 1821 1228 1822 1213 1822 1212 1822 1229 1823 1224 1823 1230 1823 1230 1824 1224 1824 1225 1824 1230 1825 1225 1825 1231 1825 1231 1826 1225 1826 1226 1826 1231 1827 1226 1827 1232 1827 1232 1828 1226 1828 1227 1828 1232 1829 1227 1829 1233 1829 1233 1830 1227 1830 1228 1830 998 1831 1022 1831 999 1831 999 1832 1022 1832 1234 1832 999 1833 1234 1833 1002 1833 1002 1834 1234 1834 1017 1834 1017 1835 1234 1835 1235 1835 1017 1836 1235 1836 1018 1836 1052 1837 1050 1837 1236 1837 1236 1838 1050 1838 1237 1838 1238 1839 1056 1839 1054 1839 1236 1840 1239 1840 1052 1840 1052 1841 1239 1841 1240 1841 1052 1842 1240 1842 1054 1842 1054 1843 1240 1843 1241 1843 1054 1844 1241 1844 1238 1844 1116 1845 1058 1845 1242 1845 1242 1846 1058 1846 1056 1846 1242 1847 1056 1847 1243 1847 1243 1848 1056 1848 1238 1848 1244 1849 1007 1849 1006 1849 1244 1850 1006 1850 1245 1850 1245 1851 1094 1851 1244 1851 1244 1852 1094 1852 1081 1852 1244 1853 1081 1853 1080 1853 1007 1854 1244 1854 1009 1854 1009 1855 1244 1855 1080 1855 1009 1856 1080 1856 997 1856 1012 1857 1014 1857 1246 1857 1246 1858 1014 1858 1016 1858 1246 1859 1016 1859 1018 1859 1246 1860 1247 1860 1012 1860 1012 1861 1247 1861 1248 1861 1012 1862 1248 1862 1011 1862 1249 1863 1250 1863 1006 1863 1248 1864 1251 1864 1011 1864 1011 1865 1251 1865 1252 1865 1011 1866 1252 1866 1010 1866 1010 1867 1252 1867 1249 1867 1010 1868 1249 1868 1008 1868 1008 1869 1249 1869 1006 1869 1253 1870 1127 1870 1116 1870 1127 1871 1253 1871 1129 1871 1133 1872 1131 1872 1254 1872 1137 1873 1135 1873 1255 1873 1255 1874 1135 1874 1256 1874 1255 1875 1256 1875 1257 1875 1257 1876 1256 1876 1258 1876 1257 1877 1258 1877 1259 1877 1259 1878 1258 1878 1260 1878 1260 1879 1258 1879 1261 1879 1260 1880 1261 1880 1262 1880 1262 1881 1261 1881 1263 1881 1262 1882 1263 1882 1264 1882 1135 1883 1133 1883 1256 1883 1256 1884 1133 1884 1254 1884 1256 1885 1254 1885 1258 1885 1258 1886 1254 1886 1265 1886 1258 1887 1265 1887 1261 1887 1261 1888 1265 1888 1266 1888 1261 1889 1266 1889 1263 1889 1263 1890 1266 1890 1267 1890 1131 1891 1129 1891 1254 1891 1254 1892 1129 1892 1253 1892 1254 1893 1253 1893 1265 1893 1265 1894 1253 1894 1268 1894 1265 1895 1268 1895 1266 1895 1266 1896 1268 1896 1269 1896 1266 1897 1269 1897 1267 1897 1267 1898 1269 1898 1270 1898 1271 1899 1272 1899 1273 1899 1273 1900 1272 1900 1264 1900 1116 1901 1242 1901 1253 1901 1253 1902 1242 1902 1243 1902 1253 1903 1243 1903 1268 1903 1268 1904 1243 1904 1238 1904 1268 1905 1238 1905 1269 1905 1269 1906 1238 1906 1241 1906 1269 1907 1241 1907 1270 1907 1270 1908 1241 1908 1240 1908 1270 1909 1240 1909 1239 1909 1264 1910 1263 1910 1273 1910 1273 1911 1263 1911 1267 1911 1273 1912 1267 1912 1274 1912 1274 1913 1267 1913 1270 1913 1274 1914 1270 1914 1275 1914 1275 1915 1270 1915 1239 1915 1275 1916 1239 1916 1236 1916 1271 1917 1273 1917 1276 1917 1276 1918 1273 1918 1274 1918 1276 1919 1274 1919 1277 1919 1277 1920 1274 1920 1275 1920 1277 1921 1275 1921 1278 1921 1278 1922 1275 1922 1236 1922 1278 1923 1236 1923 1237 1923 1128 1924 1130 1924 1279 1924 1132 1925 1134 1925 1280 1925 1281 1926 1282 1926 1283 1926 1284 1927 1285 1927 1286 1927 1286 1928 1285 1928 1287 1928 1286 1929 1287 1929 1288 1929 1288 1930 1287 1930 1289 1930 1283 1931 1290 1931 1281 1931 1281 1932 1290 1932 1291 1932 1281 1933 1291 1933 1292 1933 1292 1934 1291 1934 1293 1934 1292 1935 1293 1935 1294 1935 1294 1936 1293 1936 1295 1936 1294 1937 1295 1937 1296 1937 1280 1938 1297 1938 1298 1938 1298 1939 1297 1939 1299 1939 1298 1940 1299 1940 1300 1940 1300 1941 1299 1941 1301 1941 1300 1942 1301 1942 1289 1942 1289 1943 1301 1943 1302 1943 1289 1944 1302 1944 1288 1944 1134 1945 1136 1945 1280 1945 1280 1946 1136 1946 1303 1946 1280 1947 1303 1947 1297 1947 1130 1948 1132 1948 1279 1948 1279 1949 1132 1949 1280 1949 1279 1950 1280 1950 1304 1950 1304 1951 1280 1951 1298 1951 1304 1952 1298 1952 1305 1952 1305 1953 1298 1953 1300 1953 1305 1954 1300 1954 1306 1954 1306 1955 1300 1955 1289 1955 1306 1956 1289 1956 1307 1956 1307 1957 1289 1957 1287 1957 1307 1958 1287 1958 1308 1958 1308 1959 1287 1959 1285 1959 1126 1960 1128 1960 1309 1960 1309 1961 1128 1961 1279 1961 1309 1962 1279 1962 1296 1962 1296 1963 1279 1963 1304 1963 1296 1964 1304 1964 1294 1964 1294 1965 1304 1965 1305 1965 1294 1966 1305 1966 1292 1966 1292 1967 1305 1967 1306 1967 1292 1968 1306 1968 1281 1968 1281 1969 1306 1969 1307 1969 1281 1970 1307 1970 1282 1970 1282 1971 1307 1971 1308 1971 1295 1972 1310 1972 1296 1972 1296 1973 1310 1973 1311 1973 1296 1974 1311 1974 1309 1974 1309 1975 1311 1975 1312 1975 1309 1976 1312 1976 1126 1976 1126 1977 1312 1977 1118 1977 1313 1978 1117 1978 1312 1978 1312 1979 1117 1979 1118 1979 1293 1980 1314 1980 1315 1980 1312 1981 1311 1981 1313 1981 1313 1982 1311 1982 1310 1982 1313 1983 1310 1983 1315 1983 1315 1984 1310 1984 1295 1984 1315 1985 1295 1985 1293 1985 1283 1986 1316 1986 1290 1986 1290 1987 1316 1987 1314 1987 1290 1988 1314 1988 1291 1988 1291 1989 1314 1989 1293 1989 1208 1990 1210 1990 1317 1990 1317 1991 1210 1991 1211 1991 1318 1992 1208 1992 1317 1992 1319 1993 1318 1993 1320 1993 1320 1994 1318 1994 1317 1994 1320 1995 1317 1995 1321 1995 1321 1996 1317 1996 1211 1996 1321 1997 1211 1997 1206 1997 1233 1998 1322 1998 1232 1998 1232 1999 1322 1999 1323 1999 1232 2000 1323 2000 1231 2000 1231 2001 1323 2001 1230 2001 1230 2002 1323 2002 1324 2002 1230 2003 1324 2003 1229 2003 1208 2004 1325 2004 1209 2004 1209 2005 1325 2005 1326 2005 1209 2006 1326 2006 1222 2006 1222 2007 1326 2007 1327 2007 1222 2008 1327 2008 1223 2008 1327 2009 1328 2009 1223 2009 1223 2010 1328 2010 1329 2010 1223 2011 1329 2011 1212 2011 1329 2012 1330 2012 1212 2012 1212 2013 1330 2013 1331 2013 1212 2014 1331 2014 1228 2014 1228 2015 1331 2015 1332 2015 1228 2016 1332 2016 1233 2016 1234 2017 1022 2017 1021 2017 1333 2018 1235 2018 1334 2018 1334 2019 1235 2019 1234 2019 1234 2020 1021 2020 1334 2020 1334 2021 1021 2021 1023 2021 1334 2022 1023 2022 1113 2022 1333 2023 1334 2023 1335 2023 1335 2024 1334 2024 1113 2024 1335 2025 1113 2025 1115 2025 1336 1413 1337 1413 1034 1413 1034 1413 1337 1413 1338 1413 1034 1413 1338 1413 1033 1413 1033 1413 1338 1413 1339 1413 1033 2026 1339 2026 1032 2026 1032 2027 1339 2027 1340 2027 1032 1413 1340 1413 1031 1413 1031 2028 1340 2028 1341 2028 1031 2029 1341 2029 1030 2029 1030 1413 1341 1413 1342 1413 1030 1413 1342 1413 1029 1413 1029 1413 1342 1413 1343 1413 1029 1413 1343 1413 1028 1413 1028 1413 1343 1413 1344 1413 1028 2030 1344 2030 1027 2030 1027 1413 1344 1413 1345 1413 1027 2031 1345 2031 1026 2031 1026 1413 1345 1413 1346 1413 1026 2032 1346 2032 1024 2032 1024 1413 1346 1413 1347 1413 1024 2033 1347 2033 1025 2033 1025 2034 1347 2034 1348 2034 1025 2035 1348 2035 1042 2035 1042 2036 1348 2036 1349 2036 1042 1413 1349 1413 1041 1413 1041 2037 1349 2037 1350 2037 1041 1413 1350 1413 1040 1413 1040 1413 1350 1413 1351 1413 1040 1413 1351 1413 1039 1413 1039 1413 1351 1413 1352 1413 1039 1413 1352 1413 1038 1413 1038 2038 1352 2038 1353 2038 1038 2039 1353 2039 1037 2039 1037 1413 1353 1413 1354 1413 1037 1413 1354 1413 1036 1413 1036 1413 1354 1413 1355 1413 1036 1413 1355 1413 1035 1413 1035 2040 1355 2040 1336 2040 1035 1413 1336 1413 1034 1413 1356 2041 1357 2041 1358 2041 1358 2042 1357 2042 1359 2042 1358 2043 1359 2043 1360 2043 1360 2044 1359 2044 1361 2044 1360 2045 1361 2045 1362 2045 1362 2046 1361 2046 1363 2046 1362 2047 1363 2047 1364 2047 1364 2048 1363 2048 1365 2048 1364 2049 1365 2049 1366 2049 1098 2050 1099 2050 1367 2050 1368 2051 1369 2051 1370 2051 1104 2052 1370 2052 1106 2052 1106 2053 1370 2053 1369 2053 1106 2054 1369 2054 1107 2054 1102 2055 1371 2055 1104 2055 1104 2056 1371 2056 1372 2056 1104 2057 1372 2057 1370 2057 1102 2058 1101 2058 1371 2058 1371 2059 1101 2059 1108 2059 1371 2060 1108 2060 1373 2060 1373 2061 1108 2061 1019 2061 1019 2062 1098 2062 1373 2062 1373 2063 1098 2063 1367 2063 1373 2064 1367 2064 1371 2064 1371 2065 1367 2065 1374 2065 1371 2066 1374 2066 1372 2066 1372 2067 1374 2067 1375 2067 1372 2068 1375 2068 1370 2068 1370 2069 1375 2069 1376 2069 1370 2070 1376 2070 1368 2070 1368 2071 1376 2071 1377 2071 1377 2072 1376 2072 1378 2072 1378 2073 1376 2073 1375 2073 1378 2074 1375 2074 1379 2074 1379 2075 1375 2075 1374 2075 1379 2076 1374 2076 1380 2076 1380 2077 1374 2077 1367 2077 1380 2078 1367 2078 1381 2078 1381 2079 1367 2079 1099 2079 1381 2080 1099 2080 1100 2080 1090 2081 1091 2081 1049 2081 1094 2082 1050 2082 1093 2082 1093 2083 1050 2083 1049 2083 1093 2084 1049 2084 1092 2084 1092 2085 1049 2085 1091 2085 1377 2086 1378 2086 1382 2086 1382 2087 1356 2087 1377 2087 1377 2088 1356 2088 1383 2088 1377 2089 1383 2089 1384 2089 1059 2090 1379 2090 1380 2090 1380 2091 1381 2091 1059 2091 1059 2092 1381 2092 1100 2092 1059 2093 1100 2093 1049 2093 1049 2094 1100 2094 1097 2094 1049 2095 1097 2095 1090 2095 1046 2096 1385 2096 1047 2096 1047 2097 1385 2097 1386 2097 1047 2098 1386 2098 1059 2098 1059 2099 1386 2099 1387 2099 1387 2100 1388 2100 1059 2100 1059 2101 1388 2101 1389 2101 1059 2102 1389 2102 1390 2102 1378 2103 1379 2103 1382 2103 1382 2104 1379 2104 1059 2104 1382 2105 1059 2105 1391 2105 1391 2106 1059 2106 1390 2106 1043 2107 1392 2107 1044 2107 1044 2108 1392 2108 1393 2108 1044 2109 1393 2109 1046 2109 1046 2110 1393 2110 1394 2110 1046 2111 1394 2111 1385 2111 1395 2112 1396 2112 1075 2112 1395 2113 1075 2113 1397 2113 1398 2114 1399 2114 1075 2114 1075 2115 1399 2115 1400 2115 1075 2116 1400 2116 1397 2116 1396 2117 1401 2117 1075 2117 1075 2118 1401 2118 1402 2118 1075 2119 1402 2119 1070 2119 1070 2120 1402 2120 1403 2120 1070 2121 1403 2121 1043 2121 1043 2122 1403 2122 1404 2122 1043 2123 1404 2123 1392 2123 1405 2124 1406 2124 1407 2124 1405 645 1407 645 1408 645 1408 2125 1407 2125 1409 2125 1408 645 1409 645 1410 645 1411 2126 1409 2126 1407 2126 1412 2127 1413 2127 1414 2127 1414 2128 1413 2128 1411 2128 1414 2129 1411 2129 1415 2129 1415 2130 1411 2130 1407 2130 1415 2131 1407 2131 1406 2131 1412 2132 1414 2132 1416 2132 1416 2133 1414 2133 1417 2133 1416 2134 1417 2134 1418 2134 1406 2135 1419 2135 1415 2135 1415 2136 1419 2136 1420 2136 1415 2137 1420 2137 1414 2137 1414 2138 1420 2138 1421 2138 1414 2139 1421 2139 1417 2139 1417 2140 1421 2140 1422 2140 1417 2141 1422 2141 1423 2141 1423 2142 1424 2142 1425 2142 1423 2143 1425 2143 1417 2143 1417 2144 1425 2144 1426 2144 1417 2145 1426 2145 1418 2145 1105 2146 1107 2146 1427 2146 1427 2146 1107 2146 1428 2146 1427 2146 1428 2146 1429 2146 1429 2146 1428 2146 1430 2146 1430 2147 1431 2147 1429 2147 1429 2148 1431 2148 1432 2148 1105 2149 1427 2149 1110 2149 1110 2150 1427 2150 1433 2150 1110 2151 1433 2151 1111 2151 1111 2152 1433 2152 1434 2152 1111 2153 1434 2153 1114 2153 1114 2154 1434 2154 1435 2154 1114 2155 1435 2155 1115 2155 1115 2156 1435 2156 1436 2156 1437 2157 1438 2157 1439 2157 1439 2158 1438 2158 1440 2158 1431 2159 1441 2159 1432 2159 1432 2160 1441 2160 1442 2160 1432 2161 1442 2161 1443 2161 1443 2162 1442 2162 1444 2162 1443 2163 1444 2163 1440 2163 1440 2164 1444 2164 1445 2164 1440 2165 1445 2165 1439 2165 1427 2166 1429 2166 1433 2166 1433 2167 1429 2167 1432 2167 1433 2168 1432 2168 1434 2168 1434 2169 1432 2169 1443 2169 1434 2170 1443 2170 1435 2170 1435 2171 1443 2171 1440 2171 1435 2172 1440 2172 1436 2172 1436 2173 1440 2173 1438 2173 1442 2174 1441 2174 1446 2174 1446 2175 1437 2175 1439 2175 1439 2176 1445 2176 1446 2176 1446 2177 1445 2177 1444 2177 1446 2178 1444 2178 1442 2178 1447 2179 1448 2179 1449 2179 1449 2180 1448 2180 1450 2180 1449 2181 1450 2181 1451 2181 1451 2182 1450 2182 1452 2182 1451 2183 1452 2183 1453 2183 1453 2184 1452 2184 1454 2184 1453 2185 1454 2185 1455 2185 1454 2186 1456 2186 1455 2186 1455 2187 1456 2187 1457 2187 1455 2188 1457 2188 1458 2188 1458 2189 1457 2189 1459 2189 1458 2190 1459 2190 1460 2190 1459 2191 1461 2191 1460 2191 1460 2192 1461 2192 1462 2192 1460 2193 1462 2193 1463 2193 1463 2194 1462 2194 1464 2194 1463 2195 1464 2195 1465 2195 1465 2196 1464 2196 1466 2196 1465 2197 1466 2197 1467 2197 1467 2198 1466 2198 1468 2198 1467 2199 1468 2199 1446 2199 1446 2200 1468 2200 1469 2200 1446 2201 1469 2201 1437 2201 1470 2202 1471 2202 1472 2202 1473 2203 1474 2203 1475 2203 1476 2204 1477 2204 1478 2204 1478 2205 1477 2205 1479 2205 1478 2206 1479 2206 1480 2206 1480 2207 1479 2207 1481 2207 1480 2208 1481 2208 1482 2208 1482 2209 1481 2209 1475 2209 1482 2210 1475 2210 1483 2210 1483 2211 1475 2211 1474 2211 1483 2212 1474 2212 1484 2212 1476 2213 1470 2213 1477 2213 1477 2214 1470 2214 1472 2214 1477 2215 1472 2215 1479 2215 1479 2216 1472 2216 1485 2216 1479 2217 1485 2217 1481 2217 1481 2218 1485 2218 1486 2218 1481 2219 1486 2219 1475 2219 1475 2220 1486 2220 1487 2220 1475 2221 1487 2221 1473 2221 1473 2222 1487 2222 1400 2222 1400 2223 1487 2223 1397 2223 1397 2224 1487 2224 1486 2224 1397 2225 1486 2225 1395 2225 1395 2226 1486 2226 1485 2226 1395 2227 1485 2227 1396 2227 1396 2228 1485 2228 1472 2228 1396 2229 1472 2229 1401 2229 1401 2230 1472 2230 1471 2230 1401 2231 1471 2231 1402 2231 1403 2232 1402 2232 1471 2232 1403 2233 1471 2233 1404 2233 1488 2234 1489 2234 1490 2234 1490 2235 1489 2235 1491 2235 1490 2236 1491 2236 1492 2236 1492 2237 1491 2237 1493 2237 1476 2238 1493 2238 1470 2238 1470 2239 1493 2239 1491 2239 1470 2240 1491 2240 1471 2240 1471 2241 1491 2241 1489 2241 1471 2242 1489 2242 1404 2242 1404 2243 1489 2243 1488 2243 1404 2244 1488 2244 1392 2244 1494 2245 1495 2245 1496 2245 1496 2246 1495 2246 1497 2246 1496 2247 1497 2247 1498 2247 1498 2248 1497 2248 1499 2248 1498 2249 1499 2249 1500 2249 1500 2250 1499 2250 1501 2250 1221 2251 1494 2251 1502 2251 1502 2252 1494 2252 1496 2252 1502 2253 1496 2253 1503 2253 1503 2254 1496 2254 1498 2254 1503 2255 1498 2255 1504 2255 1504 2256 1498 2256 1500 2256 1502 2257 1503 2257 1505 2257 1320 2258 1321 2258 1506 2258 1217 2259 1507 2259 1218 2259 1218 2260 1507 2260 1506 2260 1218 2261 1506 2261 1205 2261 1205 2262 1506 2262 1321 2262 1205 2263 1321 2263 1206 2263 1217 2264 1216 2264 1507 2264 1507 2265 1216 2265 1215 2265 1507 2266 1215 2266 1508 2266 1508 2267 1215 2267 1221 2267 1221 2268 1502 2268 1508 2268 1508 2269 1502 2269 1505 2269 1508 2270 1505 2270 1507 2270 1507 2271 1505 2271 1509 2271 1507 2272 1509 2272 1506 2272 1506 2273 1509 2273 1510 2273 1506 2274 1510 2274 1320 2274 1320 2275 1510 2275 1319 2275 1319 2276 1510 2276 1511 2276 1511 2277 1510 2277 1509 2277 1511 2278 1509 2278 1512 2278 1512 2279 1509 2279 1505 2279 1512 2280 1505 2280 1513 2280 1513 2281 1505 2281 1503 2281 1513 2282 1503 2282 1504 2282 1514 2283 1515 2283 1516 2283 1517 2284 1518 2284 1519 2284 1520 2285 1521 2285 1522 2285 1523 2286 1524 2286 1525 2286 1524 2287 1526 2287 1525 2287 1525 2288 1526 2288 1527 2288 1525 2289 1527 2289 1528 2289 1528 2290 1527 2290 1529 2290 1528 2291 1529 2291 1530 2291 1530 2292 1529 2292 1531 2292 1530 2293 1531 2293 1123 2293 1123 2294 1531 2294 1125 2294 1521 2295 1523 2295 1522 2295 1522 2296 1523 2296 1525 2296 1522 2297 1525 2297 1532 2297 1532 2298 1525 2298 1528 2298 1532 2299 1528 2299 1533 2299 1533 2300 1528 2300 1530 2300 1533 2301 1530 2301 1122 2301 1122 2302 1530 2302 1123 2302 1518 2303 1520 2303 1519 2303 1519 2304 1520 2304 1522 2304 1519 2305 1522 2305 1534 2305 1534 2306 1522 2306 1532 2306 1534 2307 1532 2307 1535 2307 1535 2308 1532 2308 1533 2308 1535 2309 1533 2309 1124 2309 1124 2310 1533 2310 1122 2310 1536 2311 1517 2311 1537 2311 1537 2312 1517 2312 1519 2312 1537 2313 1519 2313 1538 2313 1538 2314 1519 2314 1534 2314 1538 2315 1534 2315 1539 2315 1539 2316 1534 2316 1535 2316 1539 2317 1535 2317 1121 2317 1121 2318 1535 2318 1124 2318 1515 2319 1536 2319 1516 2319 1516 2320 1536 2320 1537 2320 1516 2321 1537 2321 1540 2321 1540 2322 1537 2322 1538 2322 1540 2323 1538 2323 1541 2323 1541 2324 1538 2324 1539 2324 1541 2325 1539 2325 1120 2325 1120 2326 1539 2326 1121 2326 1542 2327 1514 2327 1543 2327 1543 2328 1514 2328 1516 2328 1543 2329 1516 2329 1544 2329 1544 2330 1516 2330 1540 2330 1544 2331 1540 2331 1545 2331 1545 2332 1540 2332 1541 2332 1545 2333 1541 2333 1119 2333 1119 2334 1541 2334 1120 2334 1316 2335 1542 2335 1314 2335 1314 2336 1542 2336 1543 2336 1314 2337 1543 2337 1315 2337 1315 2338 1543 2338 1544 2338 1315 2339 1544 2339 1313 2339 1313 2340 1544 2340 1545 2340 1313 2341 1545 2341 1117 2341 1117 2342 1545 2342 1119 2342 1526 2343 1075 2343 1527 2343 1527 2343 1075 2343 1076 2343 1527 2344 1076 2344 1529 2344 1529 2344 1076 2344 1077 2344 1529 2345 1077 2345 1531 2345 1531 2345 1077 2345 1078 2345 1531 2346 1078 2346 1125 2346 1125 2346 1078 2346 1079 2346 1399 2347 1398 2347 1546 2347 1546 2348 1398 2348 1547 2348 1546 2349 1547 2349 1548 2349 1548 2350 1547 2350 1549 2350 1548 2351 1549 2351 1550 2351 1550 2352 1549 2352 1551 2352 1400 2353 1399 2353 1473 2353 1473 2354 1399 2354 1546 2354 1473 2355 1546 2355 1474 2355 1474 2356 1546 2356 1548 2356 1474 2357 1548 2357 1484 2357 1484 2358 1548 2358 1550 2358 1552 2359 1553 2359 1554 2359 1555 2360 1556 2360 1557 2360 1557 2361 1556 2361 1558 2361 1554 2362 1559 2362 1552 2362 1552 2363 1559 2363 1560 2363 1552 2364 1560 2364 1558 2364 1558 2365 1560 2365 1561 2365 1558 2366 1561 2366 1557 2366 1562 2367 1553 2367 1563 2367 1563 2368 1553 2368 1552 2368 1563 2369 1552 2369 1564 2369 1564 2370 1552 2370 1558 2370 1564 2371 1558 2371 1565 2371 1565 2372 1558 2372 1556 2372 1566 2373 1562 2373 1567 2373 1567 2374 1562 2374 1563 2374 1567 2375 1563 2375 1568 2375 1568 2376 1563 2376 1564 2376 1568 2377 1564 2377 1569 2377 1569 2378 1564 2378 1565 2378 1570 2379 1571 2379 1572 2379 1572 2380 1571 2380 1573 2380 1572 2381 1573 2381 1574 2381 1574 2382 1573 2382 1575 2382 1322 2383 1570 2383 1323 2383 1323 2384 1570 2384 1572 2384 1323 2385 1572 2385 1324 2385 1324 2386 1572 2386 1574 2386 1576 2387 1577 2387 1578 2387 1578 2388 1577 2388 1579 2388 1578 2389 1579 2389 1580 2389 1580 2390 1579 2390 1581 2390 1580 2391 1581 2391 1582 2391 1583 1570 1136 1570 1576 1570 1576 1570 1136 1570 1137 1570 1584 1570 1585 1570 1137 1570 1137 2392 1585 2392 1586 2392 1137 2393 1586 2393 1576 2393 1576 2394 1586 2394 1587 2394 1576 2395 1587 2395 1577 2395 1577 2396 1587 2396 1588 2396 1577 2397 1588 2397 1579 2397 1579 2398 1588 2398 1589 2398 1579 2399 1589 2399 1581 2399 1586 2400 1590 2400 1587 2400 1587 2401 1590 2401 1591 2401 1587 2402 1591 2402 1588 2402 1588 2403 1591 2403 1592 2403 1588 2404 1592 2404 1589 2404 1582 2146 1581 2146 1593 2146 1593 2146 1581 2146 1589 2146 1593 2405 1589 2405 1594 2405 1594 2406 1589 2406 1592 2406 1180 2407 1595 2407 1181 2407 1181 2408 1595 2408 1596 2408 1181 2409 1596 2409 1182 2409 1597 2410 1598 2410 1599 2410 1599 2411 1598 2411 1600 2411 1599 2412 1600 2412 1601 2412 1602 2413 1603 2413 1604 2413 1604 2414 1603 2414 1605 2414 1604 2415 1605 2415 1606 2415 1607 2416 1608 2416 1609 2416 1609 2417 1608 2417 1610 2417 1610 2418 1611 2418 1609 2418 1609 2419 1611 2419 1612 2419 1609 2420 1612 2420 1613 2420 1185 2421 1183 2421 1614 2421 1614 2422 1183 2422 1605 2422 1614 2423 1605 2423 1615 2423 1615 2424 1605 2424 1616 2424 1616 2425 1605 2425 1603 2425 1616 2426 1603 2426 1617 2426 1602 2427 1597 2427 1603 2427 1603 2428 1597 2428 1599 2428 1603 2429 1599 2429 1617 2429 1617 2430 1599 2430 1601 2430 1617 2431 1601 2431 1618 2431 1182 2432 1607 2432 1183 2432 1183 2433 1607 2433 1609 2433 1183 2434 1609 2434 1605 2434 1605 2435 1609 2435 1613 2435 1605 2436 1613 2436 1606 2436 1619 2437 1161 2437 1620 2437 1620 2438 1161 2438 1159 2438 1620 2439 1159 2439 1621 2439 1621 2440 1159 2440 1157 2440 1621 2441 1157 2441 1622 2441 1622 2442 1157 2442 1155 2442 1622 2443 1155 2443 1623 2443 1623 2444 1155 2444 1153 2444 1623 2445 1153 2445 1624 2445 1624 2446 1153 2446 1151 2446 1624 2446 1151 2446 1625 2446 1625 2447 1151 2447 1149 2447 1625 2448 1149 2448 1626 2448 1626 2449 1149 2449 1147 2449 1626 2450 1147 2450 1627 2450 1627 2451 1147 2451 1145 2451 1627 2452 1145 2452 1628 2452 1628 2453 1145 2453 1143 2453 1628 2454 1143 2454 1629 2454 1629 2455 1143 2455 1141 2455 1629 2455 1141 2455 1630 2455 1630 2456 1141 2456 1139 2456 1630 2457 1139 2457 1631 2457 1631 2458 1139 2458 1138 2458 1631 2459 1138 2459 1632 2459 1632 2460 1138 2460 1177 2460 1632 2461 1177 2461 1633 2461 1633 2462 1177 2462 1175 2462 1633 2463 1175 2463 1634 2463 1634 2464 1175 2464 1173 2464 1634 2464 1173 2464 1635 2464 1635 2465 1173 2465 1171 2465 1635 2466 1171 2466 1636 2466 1636 2467 1171 2467 1169 2467 1636 2468 1169 2468 1637 2468 1637 2469 1169 2469 1167 2469 1637 2470 1167 2470 1638 2470 1638 2471 1167 2471 1165 2471 1638 2472 1165 2472 1639 2472 1639 2473 1165 2473 1163 2473 1639 2473 1163 2473 1619 2473 1619 2437 1163 2437 1161 2437 1600 2146 1598 2146 1640 2146 1640 2474 1598 2474 1597 2474 1641 2475 1613 2475 1612 2475 1612 2476 1611 2476 1641 2476 1641 2477 1611 2477 1610 2477 1641 2478 1610 2478 1608 2478 1597 2479 1602 2479 1640 2479 1640 2480 1602 2480 1604 2480 1640 2481 1604 2481 1641 2481 1641 2146 1604 2146 1606 2146 1641 2146 1606 2146 1613 2146 1642 1570 1643 1570 1618 1570 1642 1570 1618 1570 1640 1570 1640 2482 1618 2482 1601 2482 1640 2483 1601 2483 1600 2483 1644 2484 1187 2484 1645 2484 1645 2485 1187 2485 1188 2485 1645 2486 1188 2486 1646 2486 1646 2487 1188 2487 1189 2487 1646 2487 1189 2487 1647 2487 1647 2488 1189 2488 1190 2488 1647 2489 1190 2489 1648 2489 1648 2490 1190 2490 1191 2490 1648 2491 1191 2491 1649 2491 1649 2492 1191 2492 1192 2492 1649 2493 1192 2493 1650 2493 1650 2494 1192 2494 1193 2494 1650 2495 1193 2495 1651 2495 1651 2496 1193 2496 1194 2496 1651 2497 1194 2497 1652 2497 1652 2498 1194 2498 1195 2498 1652 2499 1195 2499 1653 2499 1653 2455 1195 2455 1196 2455 1653 2455 1196 2455 1654 2455 1654 2500 1196 2500 1197 2500 1654 2501 1197 2501 1655 2501 1655 2502 1197 2502 1198 2502 1655 2503 1198 2503 1656 2503 1656 2504 1198 2504 1199 2504 1656 2505 1199 2505 1657 2505 1657 2506 1199 2506 1200 2506 1657 2507 1200 2507 1658 2507 1658 2508 1200 2508 1201 2508 1658 2509 1201 2509 1659 2509 1659 2510 1201 2510 1202 2510 1659 2511 1202 2511 1660 2511 1660 2512 1202 2512 1203 2512 1660 2512 1203 2512 1661 2512 1661 2513 1203 2513 1204 2513 1661 2514 1204 2514 1662 2514 1662 2515 1204 2515 1186 2515 1662 2516 1186 2516 1644 2516 1644 2517 1186 2517 1187 2517 1221 2518 1220 2518 1494 2518 1494 2519 1220 2519 1224 2519 1494 2520 1224 2520 1495 2520 1495 2521 1224 2521 1229 2521 1495 2522 1229 2522 1575 2522 1575 2523 1229 2523 1324 2523 1575 2524 1324 2524 1574 2524 1663 2525 1664 2525 1665 2525 1499 2526 1497 2526 1666 2526 1667 2527 1668 2527 1669 2527 1669 2528 1668 2528 1670 2528 1669 2529 1670 2529 1671 2529 1671 2530 1670 2530 1672 2530 1671 2531 1672 2531 1673 2531 1673 2532 1672 2532 1666 2532 1673 2533 1666 2533 1674 2533 1674 2534 1666 2534 1497 2534 1674 2535 1497 2535 1495 2535 1667 2536 1663 2536 1668 2536 1668 2537 1663 2537 1665 2537 1668 2538 1665 2538 1670 2538 1670 2539 1665 2539 1675 2539 1670 2540 1675 2540 1672 2540 1672 2541 1675 2541 1676 2541 1672 2542 1676 2542 1666 2542 1666 2543 1676 2543 1677 2543 1666 2544 1677 2544 1499 2544 1499 2545 1677 2545 1501 2545 1501 2546 1677 2546 1678 2546 1678 2547 1677 2547 1676 2547 1678 2548 1676 2548 1679 2548 1679 2549 1676 2549 1675 2549 1679 2550 1675 2550 1680 2550 1680 2551 1675 2551 1665 2551 1680 2552 1665 2552 1681 2552 1681 2553 1665 2553 1664 2553 1681 2554 1664 2554 1682 2554 1235 1570 1683 1570 1018 1570 1018 1570 1683 1570 1246 1570 1250 1413 1684 1413 1271 1413 1250 2555 1271 2555 1006 2555 1006 1413 1271 1413 1276 1413 1006 2556 1276 2556 1277 2556 1277 2557 1278 2557 1006 2557 1006 2558 1278 2558 1237 2558 1006 1413 1237 1413 1245 1413 1245 2559 1237 2559 1050 2559 1245 1413 1050 1413 1094 1413 1685 2560 1247 2560 1246 2560 1686 2561 1252 2561 1251 2561 1249 2562 1252 2562 1687 2562 1687 2563 1252 2563 1686 2563 1687 2564 1686 2564 1688 2564 254 2565 1689 2565 1690 2565 1690 2566 1689 2566 1691 2566 254 2567 1688 2567 1692 2567 1692 2568 1688 2568 1686 2568 1692 2569 1686 2569 1693 2569 1693 2570 1686 2570 1251 2570 1693 2571 1251 2571 1685 2571 1685 2572 1251 2572 1248 2572 1685 2573 1248 2573 1247 2573 1246 2574 1694 2574 1685 2574 1685 2575 1694 2575 1695 2575 1685 2576 1695 2576 1693 2576 1693 2577 1695 2577 1696 2577 1693 2578 1696 2578 1692 2578 1692 2579 1696 2579 254 2579 1250 2580 1249 2580 1691 2580 1691 2581 1249 2581 1687 2581 1691 2582 1687 2582 1690 2582 1690 2583 1687 2583 1688 2583 1690 2584 1688 2584 254 2584 1584 2585 1137 2585 1697 2585 1697 2586 1137 2586 1255 2586 1697 2587 1255 2587 1698 2587 1699 2588 1700 2588 1259 2588 1259 2589 1700 2589 1701 2589 1259 2590 1701 2590 1257 2590 1257 2591 1701 2591 1702 2591 1257 2592 1702 2592 1255 2592 1255 2593 1702 2593 1703 2593 1255 2594 1703 2594 1698 2594 1704 2595 1705 2595 1260 2595 1705 2596 1706 2596 1260 2596 1260 2597 1706 2597 1707 2597 1260 2598 1707 2598 1259 2598 1259 2599 1707 2599 1708 2599 1259 2600 1708 2600 1699 2600 1271 2601 1684 2601 1709 2601 1709 2602 1710 2602 1271 2602 1271 2603 1710 2603 1711 2603 1271 2604 1711 2604 1272 2604 1711 2605 1712 2605 1272 2605 1272 2606 1712 2606 1713 2606 1272 2607 1713 2607 1264 2607 1264 2608 1713 2608 1714 2608 1264 2609 1714 2609 1262 2609 1262 2610 1714 2610 1715 2610 1262 2611 1715 2611 1260 2611 1260 2612 1715 2612 1716 2612 1260 2613 1716 2613 1704 2613 1717 2614 1718 2614 1284 2614 1288 2615 1719 2615 1286 2615 1286 2616 1719 2616 1720 2616 1286 2617 1720 2617 1284 2617 1284 2618 1720 2618 1721 2618 1284 2619 1721 2619 1717 2619 1617 2620 1618 2620 1643 2620 1614 2621 1615 2621 1643 2621 1643 2622 1615 2622 1616 2622 1643 2623 1616 2623 1617 2623 1643 2624 1180 2624 1179 2624 1179 2625 1184 2625 1643 2625 1643 2626 1184 2626 1185 2626 1643 2627 1185 2627 1614 2627 1722 2628 1723 2628 1288 2628 1724 2629 1596 2629 1301 2629 1301 2630 1596 2630 1595 2630 1301 2631 1595 2631 1302 2631 1302 2632 1595 2632 1180 2632 1302 2633 1180 2633 1288 2633 1288 2634 1180 2634 1643 2634 1288 2635 1643 2635 1722 2635 1723 2636 1725 2636 1288 2636 1288 2637 1725 2637 1726 2637 1288 2638 1726 2638 1719 2638 1724 2639 1301 2639 1727 2639 1727 2640 1301 2640 1299 2640 1727 2641 1299 2641 1728 2641 1297 2642 1729 2642 1299 2642 1299 2643 1729 2643 1730 2643 1299 2644 1730 2644 1728 2644 1303 2645 1731 2645 1297 2645 1297 2646 1731 2646 1732 2646 1297 2647 1732 2647 1729 2647 1136 2648 1583 2648 1303 2648 1303 2649 1583 2649 1733 2649 1733 2650 1734 2650 1303 2650 1303 2651 1734 2651 1735 2651 1303 2652 1735 2652 1731 2652 1718 0 1325 0 1284 0 1284 0 1325 0 1208 0 1284 0 1208 0 1285 0 1285 0 1208 0 1308 0 1308 2653 1208 2653 1318 2653 1308 0 1318 0 1282 0 1319 0 1316 0 1318 0 1318 2654 1316 2654 1283 2654 1318 2655 1283 2655 1282 2655 1233 1570 1332 1570 1322 1570 1322 1570 1332 1570 1736 1570 1737 2656 1738 2656 278 2656 1739 2657 1740 2657 278 2657 1741 2658 1742 2658 1738 2658 1738 2659 1742 2659 278 2659 1740 2660 1737 2660 278 2660 1330 2661 1329 2661 1743 2661 1744 2662 1745 2662 1325 2662 1325 2663 1745 2663 1326 2663 1326 2664 1745 2664 1327 2664 1327 2665 1745 2665 1746 2665 1327 2666 1746 2666 1328 2666 1330 2667 1743 2667 1331 2667 1331 2668 1743 2668 1747 2668 1331 2669 1747 2669 1332 2669 1748 2670 1747 2670 1749 2670 1749 2671 1747 2671 1743 2671 1749 2672 1743 2672 1746 2672 1746 2673 1743 2673 1329 2673 1746 2674 1329 2674 1328 2674 1744 2675 1741 2675 1745 2675 1745 2676 1741 2676 1738 2676 1745 2677 1738 2677 1746 2677 1746 2678 1738 2678 1737 2678 1746 2679 1737 2679 1749 2679 1749 2680 1737 2680 1740 2680 1749 2681 1740 2681 1748 2681 1748 2682 1740 2682 1739 2682 1750 0 1751 0 1752 0 1752 2683 1751 2683 1753 2683 1752 2684 1753 2684 1754 2684 178 2685 1755 2685 1756 2685 1568 2686 1569 2686 1757 2686 1566 2687 1567 2687 1758 2687 1566 2688 1758 2688 1759 2688 1759 2689 1758 2689 1760 2689 1759 2690 1760 2690 1761 2690 1568 2691 1757 2691 1762 2691 1762 2692 1757 2692 1763 2692 1762 2693 1763 2693 1756 2693 1756 2694 1763 2694 1764 2694 1756 2695 1764 2695 178 2695 1765 2696 1761 2696 1755 2696 1755 2697 1761 2697 1760 2697 1755 2698 1760 2698 1756 2698 1756 2699 1760 2699 1758 2699 1756 2700 1758 2700 1762 2700 1762 2701 1758 2701 1567 2701 1762 2702 1567 2702 1568 2702 1766 2703 1767 2703 1768 2703 1768 2704 1767 2704 1769 2704 1768 2705 1769 2705 1770 2705 1770 2706 1769 2706 205 2706 1422 2707 1766 2707 1423 2707 1423 2708 1766 2708 1768 2708 1423 2709 1768 2709 1424 2709 1424 2710 1768 2710 1770 2710 1771 2711 1772 2711 1773 2711 1773 2712 1772 2712 1774 2712 1418 2713 1426 2713 1775 2713 1776 2714 1777 2714 1424 2714 1424 2715 1777 2715 1425 2715 1418 2716 1775 2716 1416 2716 1778 2717 1779 2717 1780 2717 1780 2718 1779 2718 1405 2718 1780 2719 1405 2719 1408 2719 1781 2720 1771 2720 1782 2720 1782 2721 1771 2721 1773 2721 1782 2722 1773 2722 1783 2722 1783 2723 1773 2723 1774 2723 1783 2724 1774 2724 1778 2724 1778 2725 1774 2725 1784 2725 1778 2726 1784 2726 1779 2726 1785 2727 1786 2727 1781 2727 1785 2728 1787 2728 1788 2728 1788 2729 1787 2729 1789 2729 1788 2730 1789 2730 1790 2730 1426 2731 1425 2731 1775 2731 1775 2732 1425 2732 1777 2732 1775 2733 1777 2733 1787 2733 1787 2734 1777 2734 1776 2734 1787 2735 1776 2735 1789 2735 1785 2736 1781 2736 1787 2736 1787 2737 1781 2737 1782 2737 1787 2738 1782 2738 1775 2738 1775 2739 1782 2739 1783 2739 1775 2740 1783 2740 1416 2740 1416 2741 1783 2741 1778 2741 1416 2742 1778 2742 1412 2742 1412 2743 1778 2743 1780 2743 1412 2744 1780 2744 1413 2744 1413 2745 1780 2745 1408 2745 1413 2746 1408 2746 1411 2746 1411 2747 1408 2747 1410 2747 1411 2748 1410 2748 1409 2748 1790 2749 1448 2749 1447 2749 1786 2750 1785 2750 1447 2750 1447 2751 1785 2751 1788 2751 1447 2752 1788 2752 1790 2752 1333 2753 1335 2753 1791 2753 1792 2754 1793 2754 1436 2754 1791 2755 1335 2755 1793 2755 1793 2756 1335 2756 1115 2756 1793 2757 1115 2757 1436 2757 1683 2758 1235 2758 1794 2758 1794 2759 1235 2759 1333 2759 1794 2760 1333 2760 1795 2760 1795 2761 1333 2761 1791 2761 1796 2762 1797 2762 1438 2762 1438 2763 1797 2763 1798 2763 1438 2764 1798 2764 1436 2764 1436 2765 1798 2765 1799 2765 1436 2766 1799 2766 1792 2766 1438 2767 1437 2767 1469 2767 1468 2768 1800 2768 1469 2768 1469 2769 1800 2769 1801 2769 1469 2770 1801 2770 1438 2770 1438 2771 1801 2771 1802 2771 1438 2772 1802 2772 1796 2772 1803 2773 1804 2773 1462 2773 1462 2774 1804 2774 1805 2774 1805 2775 1806 2775 1462 2775 1462 2776 1806 2776 1807 2776 1462 2777 1807 2777 1808 2777 1468 2778 1466 2778 1800 2778 1800 2779 1466 2779 1464 2779 1800 2780 1464 2780 1809 2780 1809 2781 1464 2781 1462 2781 1809 2782 1462 2782 1810 2782 1810 2783 1462 2783 1808 2783 1462 2784 1461 2784 1803 2784 1803 2785 1461 2785 1459 2785 1803 2786 1459 2786 1457 2786 1811 2787 1812 2787 1457 2787 1457 2788 1812 2788 1813 2788 1813 2789 1814 2789 1457 2789 1457 2790 1814 2790 1815 2790 1457 2791 1815 2791 1803 2791 1454 2792 1816 2792 1817 2792 1457 2793 1456 2793 1811 2793 1811 2794 1456 2794 1454 2794 1811 2795 1454 2795 1818 2795 1818 2796 1454 2796 1817 2796 1816 2797 1454 2797 1819 2797 1819 2798 1454 2798 1452 2798 1819 2799 1452 2799 1450 2799 1448 2800 1820 2800 1450 2800 1450 2801 1820 2801 1821 2801 1450 2802 1821 2802 1819 2802 1490 2803 1492 2803 1822 2803 1488 2804 1490 2804 1823 2804 1490 2805 1822 2805 1823 2805 1823 2806 1822 2806 1824 2806 1823 2807 1824 2807 1825 2807 1825 2808 1824 2808 1826 2808 1825 2809 1826 2809 1827 2809 1827 2810 1826 2810 1828 2810 1827 2811 1828 2811 1829 2811 1829 2812 1830 2812 1827 2812 1827 2813 1830 2813 1831 2813 1827 2814 1831 2814 1825 2814 1825 2815 1831 2815 1832 2815 1825 2816 1832 2816 1823 2816 1823 2817 1832 2817 1833 2817 1823 2818 1833 2818 1488 2818 1488 2819 1833 2819 1392 2819 1828 2820 1834 2820 1829 2820 1829 2821 1834 2821 1835 2821 1829 2822 1835 2822 1830 2822 1830 2823 1835 2823 1836 2823 1830 2824 1836 2824 1837 2824 1392 2825 1833 2825 1393 2825 1393 2826 1833 2826 1832 2826 1393 2827 1832 2827 1394 2827 1394 2828 1832 2828 1831 2828 1394 2829 1831 2829 1385 2829 1385 2830 1831 2830 1830 2830 1385 2831 1830 2831 1386 2831 1386 2832 1830 2832 1837 2832 1386 2833 1837 2833 1387 2833 1359 2834 1357 2834 1838 2834 1391 2835 1390 2835 1838 2835 1838 2836 1390 2836 1839 2836 1838 2837 1839 2837 1840 2837 1841 2838 1842 2838 1843 2838 1843 2839 1842 2839 1844 2839 1844 2840 1842 2840 1840 2840 1840 2841 1842 2841 1845 2841 1840 2842 1845 2842 1838 2842 1838 2843 1845 2843 1361 2843 1838 2844 1361 2844 1359 2844 1357 2845 1356 2845 1838 2845 1838 2846 1356 2846 1382 2846 1838 2847 1382 2847 1391 2847 1389 2848 1388 2848 1846 2848 1846 2849 1388 2849 1847 2849 1388 2850 1387 2850 1847 2850 1847 2851 1387 2851 1837 2851 1847 2852 1837 2852 1848 2852 1848 2853 1837 2853 1836 2853 1848 2854 1836 2854 1849 2854 1849 2855 1836 2855 1835 2855 1849 2856 1835 2856 1850 2856 1850 2857 1835 2857 1834 2857 1850 2858 1834 2858 1851 2858 1363 2859 1361 2859 1852 2859 1363 2860 1852 2860 1365 2860 1853 2861 1854 2861 1855 2861 1855 2862 1854 2862 1856 2862 1855 2863 1856 2863 1857 2863 1857 2864 1856 2864 1858 2864 1857 2865 1858 2865 1859 2865 1859 2866 1858 2866 1860 2866 1859 2867 1860 2867 1861 2867 1861 2868 1860 2868 1862 2868 1861 2869 1862 2869 1863 2869 1863 2870 1862 2870 1864 2870 1863 2871 1864 2871 1865 2871 1865 2872 1864 2872 1866 2872 1866 2873 1864 2873 1867 2873 1866 2874 1867 2874 1868 2874 1868 2875 1867 2875 1869 2875 1868 2876 1869 2876 1870 2876 1870 2877 1869 2877 1871 2877 1871 2878 1869 2878 1872 2878 1871 2879 1872 2879 1873 2879 1873 2880 1872 2880 1874 2880 1873 2881 1874 2881 1875 2881 1875 2882 1874 2882 1876 2882 1876 2883 1874 2883 1877 2883 1876 2884 1877 2884 1878 2884 1878 2885 1877 2885 1879 2885 1878 2886 1879 2886 1880 2886 1880 2887 1879 2887 1881 2887 1880 2888 1881 2888 1882 2888 1882 2889 1881 2889 1883 2889 1883 2890 1881 2890 1884 2890 1883 2891 1884 2891 1885 2891 1885 2892 1884 2892 1886 2892 1885 2893 1886 2893 1887 2893 1887 2894 1886 2894 1888 2894 1888 2895 1886 2895 1889 2895 1888 2896 1889 2896 1890 2896 1890 2897 1889 2897 1891 2897 1890 2898 1891 2898 1892 2898 1892 2899 1891 2899 1893 2899 1893 2900 1891 2900 1894 2900 1893 2901 1894 2901 1895 2901 1895 2902 1894 2902 1896 2902 1895 2903 1896 2903 1897 2903 1897 2904 1896 2904 1898 2904 1898 2905 1896 2905 1899 2905 1898 2906 1899 2906 1900 2906 1900 2907 1899 2907 1901 2907 1900 2908 1901 2908 1902 2908 1902 2909 1901 2909 1903 2909 1902 2910 1903 2910 1904 2910 1904 2911 1903 2911 1905 2911 1904 2912 1905 2912 1906 2912 1906 2913 1905 2913 1907 2913 1906 2914 1907 2914 1908 2914 1908 2915 1907 2915 1909 2915 1908 2916 1909 2916 1910 2916 1910 2917 1909 2917 1911 2917 1911 2918 1909 2918 1912 2918 1911 2919 1912 2919 1913 2919 1913 2920 1912 2920 1914 2920 1913 2921 1914 2921 1915 2921 1915 2922 1914 2922 1916 2922 1916 2923 1914 2923 1917 2923 1916 2924 1917 2924 1918 2924 1918 2925 1917 2925 1919 2925 1918 2926 1919 2926 1920 2926 1920 2927 1919 2927 1921 2927 1921 2928 1919 2928 1922 2928 1921 2929 1922 2929 1923 2929 1923 2930 1922 2930 1924 2930 1923 2931 1924 2931 1925 2931 1925 2932 1924 2932 1926 2932 1925 2933 1926 2933 1927 2933 1928 2934 1929 2934 1930 2934 1930 2935 1929 2935 1931 2935 1930 2936 1931 2936 1932 2936 1932 2937 1931 2937 1926 2937 1932 2938 1926 2938 1933 2938 1933 2939 1926 2939 1924 2939 1933 2940 1924 2940 1934 2940 1934 2941 1924 2941 1922 2941 1934 2942 1922 2942 1935 2942 1935 2943 1922 2943 1919 2943 1935 2944 1919 2944 1936 2944 1936 2945 1919 2945 1917 2945 1936 2946 1917 2946 1937 2946 1937 2947 1917 2947 1914 2947 1937 2948 1914 2948 1938 2948 1938 2949 1914 2949 1912 2949 1938 2950 1912 2950 1939 2950 1939 2951 1912 2951 1909 2951 1939 2952 1909 2952 1940 2952 1940 2953 1909 2953 1907 2953 1940 2954 1907 2954 1941 2954 1941 2955 1907 2955 1905 2955 1941 2956 1905 2956 1942 2956 1942 2957 1905 2957 1903 2957 1942 2958 1903 2958 1943 2958 1943 2959 1903 2959 1901 2959 1943 2960 1901 2960 1944 2960 1944 2961 1901 2961 1899 2961 1944 2962 1899 2962 1945 2962 1945 2963 1899 2963 1896 2963 1945 2964 1896 2964 1946 2964 1946 2965 1896 2965 1894 2965 1946 2966 1894 2966 1947 2966 1947 2967 1894 2967 1891 2967 1947 2968 1891 2968 1948 2968 1948 2969 1891 2969 1889 2969 1948 2970 1889 2970 1949 2970 1949 2971 1889 2971 1886 2971 1949 2972 1886 2972 1950 2972 1950 2973 1886 2973 1884 2973 1950 2974 1884 2974 1951 2974 1951 2975 1884 2975 1881 2975 1951 2976 1881 2976 1952 2976 1952 2977 1881 2977 1879 2977 1952 2978 1879 2978 1953 2978 1953 2979 1879 2979 1877 2979 1953 2980 1877 2980 1954 2980 1954 2981 1877 2981 1874 2981 1954 2982 1874 2982 1955 2982 1955 2983 1874 2983 1872 2983 1955 2984 1872 2984 1956 2984 1956 2985 1872 2985 1869 2985 1956 2986 1869 2986 1957 2986 1957 2987 1869 2987 1867 2987 1957 2988 1867 2988 1958 2988 1958 2989 1867 2989 1864 2989 1958 2990 1864 2990 1959 2990 1959 2991 1864 2991 1862 2991 1959 2992 1862 2992 1960 2992 1960 2993 1862 2993 1860 2993 1960 2994 1860 2994 1961 2994 1961 2995 1860 2995 1858 2995 1961 2996 1858 2996 1962 2996 1962 2997 1858 2997 1856 2997 1962 2998 1856 2998 1852 2998 1852 2999 1856 2999 1854 2999 1852 3000 1854 3000 1365 3000 1365 3001 1854 3001 1853 3001 1365 3002 1853 3002 1366 3002 1927 3003 1926 3003 1963 3003 1963 3004 1926 3004 1931 3004 1963 3005 1931 3005 1964 3005 1964 3006 1931 3006 1929 3006 1964 3007 1929 3007 1965 3007 1928 3008 1966 3008 1967 3008 1928 3009 1967 3009 1929 3009 1929 3010 1967 3010 1968 3010 1929 3011 1968 3011 1965 3011 1348 3012 1969 3012 1349 3012 1349 3013 1969 3013 1970 3013 1349 3014 1970 3014 1350 3014 1350 1408 1970 1408 1971 1408 1350 3015 1971 3015 1351 3015 1351 3016 1971 3016 1972 3016 1351 3017 1972 3017 1352 3017 1352 3018 1972 3018 1973 3018 1352 3019 1973 3019 1353 3019 1353 3020 1973 3020 1974 3020 1353 3020 1974 3020 1354 3020 1354 3021 1974 3021 1975 3021 1354 3022 1975 3022 1355 3022 1355 3023 1975 3023 1976 3023 1355 3024 1976 3024 1336 3024 1336 3025 1976 3025 1977 3025 1336 3026 1977 3026 1337 3026 1337 3027 1977 3027 1978 3027 1337 3028 1978 3028 1338 3028 1338 3029 1978 3029 1979 3029 1338 3029 1979 3029 1339 3029 1339 3030 1979 3030 1980 3030 1339 3031 1980 3031 1340 3031 1340 1398 1980 1398 1981 1398 1340 3032 1981 3032 1341 3032 1341 3033 1981 3033 1982 3033 1341 3034 1982 3034 1342 3034 1342 3035 1982 3035 1983 3035 1342 3035 1983 3035 1343 3035 1343 3036 1983 3036 1984 3036 1343 3037 1984 3037 1344 3037 1344 3038 1984 3038 1985 3038 1344 3039 1985 3039 1345 3039 1345 3040 1985 3040 1986 3040 1345 3041 1986 3041 1346 3041 1346 3042 1986 3042 1987 3042 1346 3043 1987 3043 1347 3043 1347 3044 1987 3044 1988 3044 1347 3045 1988 3045 1348 3045 1348 3012 1988 3012 1969 3012 1989 3046 1383 3046 1356 3046 1990 3047 1991 3047 1992 3047 1990 3048 1993 3048 1994 3048 1994 3049 1993 3049 1364 3049 1994 3050 1364 3050 1366 3050 1356 3051 1358 3051 1989 3051 1989 3052 1358 3052 1360 3052 1989 3053 1360 3053 1993 3053 1993 3054 1360 3054 1362 3054 1993 3055 1362 3055 1364 3055 1990 3056 1992 3056 1993 3056 1993 3057 1992 3057 1995 3057 1993 3058 1995 3058 1989 3058 1384 3059 1383 3059 1996 3059 1996 3060 1383 3060 1989 3060 1996 3061 1989 3061 1997 3061 1997 3062 1989 3062 1995 3062 1998 3063 1999 3063 2000 3063 1996 3064 2001 3064 1384 3064 1384 3065 2001 3065 2002 3065 2002 3066 2001 3066 2003 3066 2003 3067 2001 3067 2000 3067 2003 3068 2000 3068 2004 3068 2004 3069 2000 3069 2005 3069 2005 3070 2000 3070 1999 3070 2005 3071 1999 3071 2006 3071 1997 3072 1995 3072 2007 3072 2007 3073 1995 3073 1992 3073 2008 3074 2009 3074 2010 3074 2010 3075 2009 3075 2007 3075 2010 3076 2007 3076 2011 3076 2011 3077 2007 3077 1992 3077 2011 3078 1992 3078 1991 3078 1996 3079 1997 3079 2001 3079 2001 3080 1997 3080 2007 3080 2001 3081 2007 3081 2000 3081 2000 3082 2007 3082 2009 3082 2000 3083 2009 3083 1998 3083 1998 3084 2009 3084 2008 3084 1428 3085 1107 3085 2012 3085 2012 3086 1107 3086 1369 3086 2006 3087 2012 3087 2005 3087 2005 3088 2012 3088 1369 3088 2005 3089 1369 3089 2004 3089 2004 3090 1369 3090 1368 3090 2004 3091 1368 3091 2003 3091 2003 3092 1368 3092 2002 3092 2002 3093 1368 3093 1377 3093 2002 3094 1377 3094 1384 3094 1428 3095 2012 3095 2013 3095 2014 3096 2015 3096 2016 3096 1421 3097 1420 3097 2017 3097 1420 3098 1419 3098 2017 3098 2017 3099 1419 3099 1406 3099 2017 3100 1406 3100 2018 3100 1774 3101 1772 3101 2019 3101 1405 3102 1779 3102 2019 3102 2019 3103 1779 3103 1784 3103 2019 3104 1784 3104 1774 3104 1772 3105 1771 3105 2019 3105 2019 3106 1771 3106 1781 3106 2019 3107 1781 3107 1786 3107 1786 3108 1447 3108 2019 3108 2019 3109 1447 3109 1449 3109 2019 3110 1449 3110 1405 3110 2020 3111 1767 3111 2021 3111 2021 3112 1767 3112 1766 3112 2021 3113 1766 3113 2017 3113 2017 3114 1766 3114 1422 3114 2017 3115 1422 3115 1421 3115 2015 3116 2022 3116 2016 3116 2016 3117 2022 3117 2023 3117 2016 3118 2023 3118 2021 3118 2021 3119 2023 3119 2024 3119 2021 3120 2024 3120 2020 3120 2014 3121 2016 3121 1765 3121 1765 3122 2016 3122 1759 3122 1765 3123 1759 3123 1761 3123 2025 3124 2026 3124 1554 3124 1554 3125 1553 3125 2025 3125 2025 3126 1553 3126 1562 3126 2025 3127 1562 3127 2016 3127 2016 3128 1562 3128 1566 3128 2016 3129 1566 3129 1759 3129 1428 3130 2013 3130 1430 3130 1446 3131 1441 3131 1431 3131 1431 3132 1430 3132 1446 3132 1446 3133 1430 3133 2013 3133 1446 3134 2013 3134 1467 3134 1467 3135 2013 3135 2027 3135 1467 3136 2027 3136 1465 3136 1465 3137 2027 3137 1463 3137 1463 3138 2027 3138 2028 3138 1463 3139 2028 3139 1460 3139 1453 3140 1455 3140 2028 3140 2028 3141 1455 3141 1458 3141 2028 3142 1458 3142 1460 3142 1406 3143 1405 3143 2018 3143 2018 3144 1405 3144 1449 3144 2018 3145 1449 3145 2028 3145 2028 3146 1449 3146 1451 3146 2028 3147 1451 3147 1453 3147 2029 3148 2030 3148 2026 3148 2031 3149 2032 3149 2033 3149 2033 3150 2032 3150 2034 3150 2030 3151 2029 3151 2035 3151 2035 3152 2029 3152 2036 3152 2035 3153 2036 3153 2037 3153 2034 3154 2032 3154 2038 3154 2038 3155 2032 3155 2039 3155 2038 3156 2039 3156 2040 3156 2040 3157 2039 3157 2041 3157 2040 3158 2041 3158 2042 3158 2042 3159 2041 3159 1555 3159 2042 3160 1555 3160 1557 3160 1557 3161 2035 3161 2042 3161 2042 3162 2035 3162 2037 3162 2042 3163 2037 3163 2040 3163 2040 3164 2037 3164 2043 3164 2040 3165 2043 3165 2038 3165 1554 3166 2026 3166 1559 3166 1559 3167 2026 3167 2030 3167 1559 3168 2030 3168 1560 3168 1560 3169 2030 3169 2035 3169 1560 3170 2035 3170 1561 3170 1561 3171 2035 3171 1557 3171 1878 3172 1880 3172 2044 3172 1918 3173 1920 3173 2045 3173 1366 3174 1853 3174 1994 3174 1994 3175 1853 3175 2046 3175 1994 3176 2046 3176 1990 3176 2047 3177 2048 3177 1968 3177 1968 3178 2048 3178 2049 3178 1968 3179 2049 3179 1965 3179 1965 3180 2049 3180 2050 3180 1965 3181 2050 3181 1964 3181 1964 3182 2050 3182 1963 3182 1963 3183 2050 3183 2051 3183 1963 3184 2051 3184 1927 3184 1920 3185 1921 3185 2045 3185 2045 3186 1921 3186 1923 3186 2045 3187 1923 3187 2051 3187 2051 3188 1923 3188 1925 3188 2051 3189 1925 3189 1927 3189 1918 3190 2045 3190 1916 3190 1916 3191 2045 3191 2052 3191 1916 3192 2052 3192 1915 3192 1908 3193 1910 3193 2053 3193 2053 3194 1910 3194 1911 3194 2053 3195 1911 3195 2052 3195 2052 3196 1911 3196 1913 3196 2052 3197 1913 3197 1915 3197 1908 3198 2053 3198 1906 3198 1906 3199 2053 3199 2054 3199 1906 3200 2054 3200 1904 3200 1904 3201 2054 3201 1902 3201 1902 3202 2054 3202 2055 3202 1902 3203 2055 3203 1900 3203 1900 3204 2055 3204 1898 3204 1898 3205 2055 3205 2056 3205 1898 3206 2056 3206 1897 3206 1890 3207 1892 3207 2057 3207 2057 3208 1892 3208 1893 3208 2057 3209 1893 3209 2056 3209 2056 3210 1893 3210 1895 3210 2056 3211 1895 3211 1897 3211 1890 3212 2057 3212 1888 3212 1888 3213 2057 3213 2058 3213 1888 3214 2058 3214 1887 3214 1880 3215 1882 3215 2044 3215 2044 3216 1882 3216 1883 3216 2044 3217 1883 3217 2058 3217 2058 3218 1883 3218 1885 3218 2058 3219 1885 3219 1887 3219 1878 3220 2044 3220 1876 3220 1876 3221 2044 3221 2059 3221 1876 3222 2059 3222 1875 3222 1868 3223 1870 3223 2060 3223 2060 3224 1870 3224 1871 3224 2060 3225 1871 3225 2059 3225 2059 3226 1871 3226 1873 3226 2059 3227 1873 3227 1875 3227 1868 3228 2060 3228 1866 3228 1866 3229 2060 3229 2061 3229 1866 3230 2061 3230 1865 3230 2062 3231 1861 3231 2061 3231 2061 3232 1861 3232 1863 3232 2061 3233 1863 3233 1865 3233 1853 3234 1855 3234 2046 3234 2046 3235 1855 3235 1857 3235 2046 3236 1857 3236 2062 3236 2062 3237 1857 3237 1859 3237 2062 3238 1859 3238 1861 3238 2063 3239 2064 3239 2065 3239 2066 3240 2067 3240 2068 3240 2069 3241 2070 3241 2071 3241 2072 3242 2073 3242 2074 3242 2075 3243 2076 3243 2077 3243 2077 3244 2076 3244 2078 3244 2077 3245 2078 3245 2072 3245 1484 3246 2070 3246 1483 3246 1483 3247 2070 3247 2069 3247 1483 3248 2069 3248 1482 3248 1482 3249 2069 3249 1480 3249 2079 3250 1476 3250 1478 3250 2080 3251 2081 3251 2071 3251 2071 3252 2081 3252 2082 3252 2071 3253 2082 3253 2069 3253 2080 3254 2083 3254 2081 3254 2081 3255 2083 3255 2084 3255 2081 3256 2084 3256 2085 3256 2085 3257 2084 3257 2066 3257 2066 3258 2084 3258 2086 3258 2066 3259 2086 3259 2067 3259 2087 3260 2088 3260 2068 3260 2068 3261 2088 3261 2089 3261 2068 3262 2089 3262 2066 3262 2087 3263 2090 3263 2088 3263 2088 3264 2090 3264 2091 3264 2088 3265 2091 3265 2092 3265 2092 3266 2091 3266 2063 3266 2063 3267 2091 3267 2093 3267 2063 3268 2093 3268 2064 3268 2094 3269 2095 3269 2065 3269 2065 3270 2095 3270 2096 3270 2065 3271 2096 3271 2063 3271 2094 3272 2097 3272 2095 3272 2095 3273 2097 3273 2098 3273 2095 3274 2098 3274 2099 3274 2099 3275 2098 3275 2100 3275 2099 3276 2100 3276 2101 3276 2100 3277 2102 3277 2101 3277 2101 3278 2102 3278 2103 3278 2101 3279 2103 3279 2104 3279 2104 3280 2103 3280 2105 3280 2104 3281 2105 3281 2106 3281 2105 3282 2107 3282 2106 3282 2106 3283 2107 3283 2108 3283 2106 3284 2108 3284 2109 3284 2109 3285 2108 3285 2110 3285 2109 3286 2110 3286 2111 3286 2110 3287 2112 3287 2111 3287 2111 3288 2112 3288 2113 3288 2111 3289 2113 3289 2114 3289 2114 3290 2113 3290 2115 3290 2114 3291 2115 3291 2116 3291 2115 3292 2117 3292 2116 3292 2116 3293 2117 3293 2118 3293 2116 3294 2118 3294 2119 3294 2119 3295 2118 3295 2120 3295 2119 3296 2120 3296 2121 3296 2120 3297 2122 3297 2121 3297 2121 3298 2122 3298 2123 3298 2121 3299 2123 3299 2124 3299 2124 3300 2123 3300 2125 3300 2124 3301 2125 3301 2126 3301 2125 3302 2127 3302 2126 3302 2126 3303 2127 3303 2128 3303 2126 3304 2128 3304 2129 3304 2129 3305 2128 3305 2130 3305 2129 3306 2130 3306 2131 3306 2130 3307 2132 3307 2131 3307 2131 3308 2132 3308 2133 3308 2131 3309 2133 3309 2134 3309 2134 3310 2133 3310 2135 3310 2134 3311 2135 3311 2136 3311 2135 3312 2137 3312 2136 3312 2136 3313 2137 3313 2138 3313 2136 3314 2138 3314 2139 3314 2139 3315 2138 3315 2140 3315 2139 3316 2140 3316 2141 3316 2140 3317 2142 3317 2141 3317 2141 3318 2142 3318 2143 3318 2141 3319 2143 3319 2144 3319 2144 3320 2143 3320 2145 3320 2144 3321 2145 3321 2146 3321 2146 3322 2145 3322 2147 3322 2146 3323 2147 3323 2148 3323 2148 3324 2147 3324 2149 3324 2148 3325 2149 3325 2077 3325 2077 3326 2149 3326 2150 3326 2077 3327 2150 3327 2075 3327 2072 3328 2074 3328 2077 3328 2077 3329 2074 3329 2151 3329 2077 3330 2151 3330 2148 3330 2148 3331 2151 3331 2152 3331 2148 3332 2152 3332 2146 3332 2146 3333 2152 3333 2153 3333 2146 3334 2153 3334 2144 3334 2144 3335 2153 3335 2154 3335 2144 3336 2154 3336 2141 3336 2141 3337 2154 3337 2155 3337 2141 3338 2155 3338 2139 3338 2139 3339 2155 3339 2156 3339 2139 3340 2156 3340 2136 3340 2136 3341 2156 3341 2157 3341 2136 3342 2157 3342 2134 3342 2134 3343 2157 3343 2158 3343 2134 3344 2158 3344 2131 3344 2131 3345 2158 3345 2159 3345 2131 3346 2159 3346 2129 3346 2129 3347 2159 3347 2160 3347 2129 3348 2160 3348 2126 3348 2126 3349 2160 3349 2161 3349 2126 3350 2161 3350 2124 3350 2124 3351 2161 3351 2162 3351 2124 3352 2162 3352 2121 3352 2121 3353 2162 3353 2163 3353 2121 3354 2163 3354 2119 3354 2119 3355 2163 3355 2164 3355 2119 3356 2164 3356 2116 3356 2116 3357 2164 3357 2165 3357 2116 3358 2165 3358 2114 3358 2114 3359 2165 3359 2166 3359 2114 3360 2166 3360 2111 3360 2111 3361 2166 3361 2167 3361 2111 3362 2167 3362 2109 3362 2109 3363 2167 3363 2168 3363 2109 3364 2168 3364 2106 3364 2106 3365 2168 3365 2169 3365 2106 3366 2169 3366 2104 3366 2104 3367 2169 3367 2170 3367 2104 3368 2170 3368 2101 3368 2101 3369 2170 3369 2171 3369 2101 3370 2171 3370 2099 3370 2099 3371 2171 3371 2172 3371 2099 3372 2172 3372 2095 3372 2095 3373 2172 3373 2173 3373 2095 3374 2173 3374 2096 3374 2096 3375 2173 3375 2174 3375 2096 3376 2174 3376 2063 3376 2063 3377 2174 3377 2175 3377 2063 3378 2175 3378 2092 3378 2092 3379 2175 3379 2176 3379 2092 3380 2176 3380 2088 3380 2088 3381 2176 3381 2177 3381 2088 3382 2177 3382 2089 3382 2089 3383 2177 3383 2178 3383 2089 3384 2178 3384 2066 3384 2066 3385 2178 3385 2179 3385 2066 3386 2179 3386 2085 3386 2085 3387 2179 3387 2180 3387 2085 3388 2180 3388 2081 3388 2081 3389 2180 3389 2181 3389 2081 3390 2181 3390 2082 3390 2082 3391 2181 3391 2079 3391 2082 3392 2079 3392 2069 3392 2069 3393 2079 3393 1478 3393 2069 3394 1478 3394 1480 3394 1476 3395 2182 3395 1493 3395 1493 3396 2182 3396 2183 3396 1493 3397 2183 3397 1492 3397 1476 3398 2079 3398 2182 3398 2182 3399 2079 3399 2181 3399 2182 3400 2181 3400 2184 3400 2184 3401 2181 3401 2180 3401 2184 3402 2180 3402 2185 3402 2185 3403 2180 3403 2179 3403 2185 3404 2179 3404 2186 3404 2186 3405 2179 3405 2178 3405 2186 3406 2178 3406 2187 3406 2187 3407 2178 3407 2177 3407 2187 3408 2177 3408 2188 3408 2188 3409 2177 3409 2176 3409 2188 3410 2176 3410 2189 3410 2189 3411 2176 3411 2175 3411 2189 3412 2175 3412 2190 3412 2190 3413 2175 3413 2174 3413 2190 3414 2174 3414 2191 3414 2191 3415 2174 3415 2173 3415 2191 3416 2173 3416 2192 3416 2192 3417 2173 3417 2172 3417 2192 3418 2172 3418 2193 3418 2193 3419 2172 3419 2171 3419 2193 3420 2171 3420 2194 3420 2194 3421 2171 3421 2170 3421 2194 3422 2170 3422 2195 3422 2195 3423 2170 3423 2169 3423 2195 3424 2169 3424 2196 3424 2196 3425 2169 3425 2168 3425 2196 3426 2168 3426 2197 3426 2197 3427 2168 3427 2167 3427 2197 3428 2167 3428 2198 3428 2198 3429 2167 3429 2166 3429 2198 3430 2166 3430 2199 3430 2199 3431 2166 3431 2165 3431 2199 3432 2165 3432 2200 3432 2200 3433 2165 3433 2164 3433 2200 3434 2164 3434 2201 3434 2201 3435 2164 3435 2163 3435 2201 3436 2163 3436 2202 3436 2202 3437 2163 3437 2162 3437 2202 3438 2162 3438 2203 3438 2203 3439 2162 3439 2161 3439 2203 3440 2161 3440 2204 3440 2204 3440 2161 3440 2160 3440 2204 3441 2160 3441 2205 3441 2205 3441 2160 3441 2159 3441 2205 3442 2159 3442 2206 3442 2206 3443 2159 3443 2158 3443 2206 3444 2158 3444 2207 3444 2207 3445 2158 3445 2157 3445 2207 3446 2157 3446 2208 3446 2208 3447 2157 3447 2156 3447 2208 3448 2156 3448 2209 3448 2209 3448 2156 3448 2155 3448 2209 3449 2155 3449 2210 3449 2210 3450 2155 3450 2154 3450 2210 3451 2154 3451 2211 3451 2211 3451 2154 3451 2153 3451 2211 3452 2153 3452 2212 3452 2212 3453 2153 3453 2152 3453 2212 3454 2152 3454 2213 3454 2213 3455 2152 3455 2151 3455 2213 3456 2151 3456 2214 3456 2214 3457 2151 3457 2074 3457 2214 3458 2074 3458 2215 3458 2215 3459 2074 3459 2073 3459 1518 3460 1517 3460 2216 3460 2217 3461 1526 3461 2218 3461 2218 3462 1526 3462 1524 3462 2219 3463 1523 3463 2220 3463 2220 3464 1523 3464 1521 3464 2220 3465 1521 3465 1520 3465 2219 3466 2221 3466 1523 3466 1523 3467 2221 3467 2222 3467 1523 3468 2222 3468 1524 3468 1524 3469 2222 3469 2223 3469 1524 3470 2223 3470 2218 3470 2224 3471 2225 3471 2226 3471 2226 3472 2225 3472 2227 3472 2227 3473 2228 3473 2226 3473 2226 3474 2228 3474 2229 3474 2226 3475 2229 3475 2230 3475 2229 3476 2231 3476 2230 3476 2230 3477 2231 3477 2232 3477 2230 3478 2232 3478 2233 3478 2232 3479 2234 3479 2233 3479 2233 3480 2234 3480 2235 3480 2233 3481 2235 3481 2236 3481 2236 3482 2235 3482 2237 3482 2236 3483 2237 3483 2238 3483 1518 3484 2216 3484 1520 3484 1520 3485 2216 3485 2239 3485 1520 3486 2239 3486 2220 3486 1678 3487 1679 3487 1517 3487 1536 3488 1500 3488 1517 3488 1517 3489 1500 3489 1501 3489 1517 3490 1501 3490 1678 3490 1679 3491 1680 3491 1517 3491 1517 3492 1680 3492 1681 3492 1517 3493 1681 3493 1682 3493 2238 3494 2216 3494 2236 3494 2236 3495 2216 3495 1517 3495 2236 3496 1517 3496 2240 3496 2240 3497 1517 3497 1682 3497 2240 3498 1682 3498 2241 3498 1512 3499 1513 3499 1514 3499 1512 3500 1514 3500 1511 3500 1511 3501 1514 3501 1319 3501 1319 3502 1514 3502 1542 3502 1319 3503 1542 3503 1316 3503 1536 3504 1515 3504 1500 3504 1500 3505 1515 3505 1514 3505 1500 3506 1514 3506 1504 3506 1504 3507 1514 3507 1513 3507 2236 2146 2242 2146 2233 2146 2228 3508 2227 3508 2243 3508 2225 3509 2224 3509 2244 3509 2231 3510 2229 3510 2245 3510 2245 3511 2229 3511 2228 3511 2234 3512 2232 3512 2246 3512 2246 3513 2232 3513 2231 3513 2246 3514 2231 3514 2247 3514 2248 3515 2237 3515 2249 3515 2249 3516 2237 3516 2235 3516 2250 3517 2251 3517 2252 3517 2253 3518 2254 3518 2255 3518 2253 3519 2255 3519 2256 3519 2256 3520 2255 3520 2257 3520 2256 3521 2257 3521 2258 3521 2231 3522 2245 3522 2247 3522 2247 3523 2245 3523 2259 3523 2247 3524 2259 3524 2260 3524 2260 3525 2259 3525 2261 3525 2260 3526 2261 3526 2262 3526 2262 3527 2261 3527 2263 3527 2262 3528 2263 3528 2264 3528 2228 3529 2243 3529 2245 3529 2245 3530 2243 3530 2257 3530 2245 3531 2257 3531 2259 3531 2259 3532 2257 3532 2255 3532 2259 3533 2255 3533 2261 3533 2261 3534 2255 3534 2254 3534 2261 3535 2254 3535 2263 3535 2227 3536 2225 3536 2243 3536 2243 3537 2225 3537 2244 3537 2243 3538 2244 3538 2257 3538 2257 3539 2244 3539 2265 3539 2257 3540 2265 3540 2258 3540 2250 3541 2252 3541 2266 3541 2266 3542 2252 3542 2267 3542 2266 3543 2267 3543 2268 3543 2268 3544 2267 3544 2269 3544 2268 3545 2269 3545 2270 3545 2270 3546 2269 3546 2249 3546 2270 3547 2249 3547 2271 3547 2271 3548 2249 3548 2235 3548 2271 3549 2235 3549 2234 3549 2234 3550 2246 3550 2271 3550 2271 3551 2246 3551 2247 3551 2271 3552 2247 3552 2270 3552 2270 3553 2247 3553 2260 3553 2270 3554 2260 3554 2268 3554 2268 3555 2260 3555 2262 3555 2268 3556 2262 3556 2266 3556 2266 3557 2262 3557 2264 3557 2266 3558 2264 3558 2250 3558 2237 3559 2248 3559 2238 3559 2238 3560 2248 3560 2216 3560 1547 3561 1398 3561 2272 3561 2273 3562 2274 3562 2275 3562 2276 3563 1551 3563 2277 3563 2277 3564 1551 3564 1549 3564 2277 3565 1549 3565 2273 3565 2273 3566 1549 3566 1547 3566 2273 3567 1547 3567 2274 3567 2274 3568 1547 3568 2272 3568 2274 3569 2272 3569 2275 3569 2275 3570 2272 3570 2278 3570 2279 3571 2280 3571 2281 3571 2282 3572 2283 3572 2284 3572 2284 3573 2283 3573 2285 3573 2279 3574 2281 3574 2286 3574 2286 3575 2281 3575 2287 3575 2286 3576 2287 3576 2288 3576 2279 3577 2284 3577 2280 3577 2280 3578 2284 3578 2285 3578 2280 3579 2285 3579 2281 3579 2281 3580 2285 3580 2289 3580 2281 3581 2289 3581 2287 3581 2287 3582 2289 3582 2290 3582 1398 2146 1075 2146 2272 2146 2272 2146 1075 2146 1526 2146 2272 2146 1526 2146 2278 2146 2278 2146 1526 2146 2282 2146 2283 2146 2282 2146 2291 2146 2291 2146 2282 2146 1526 2146 2291 2146 1526 2146 2292 2146 2292 2146 1526 2146 2217 2146 2293 3583 2294 3583 2295 3583 2290 3584 2289 3584 2296 3584 2296 3585 2289 3585 2285 3585 2296 3586 2285 3586 2297 3586 2297 3587 2285 3587 2283 3587 2283 3588 2298 3588 2297 3588 2297 3589 2298 3589 2293 3589 2297 3590 2293 3590 2296 3590 2296 3591 2293 3591 2295 3591 2296 3592 2295 3592 2290 3592 2287 3593 2290 3593 2299 3593 2080 3594 2071 3594 1550 3594 1550 3595 2071 3595 2070 3595 1550 3596 2070 3596 1484 3596 1550 3597 1551 3597 2080 3597 2080 3598 1551 3598 2276 3598 2080 3599 2276 3599 2288 3599 2300 3600 2301 3600 2147 3600 2147 3601 2301 3601 2302 3601 2147 3602 2302 3602 2149 3602 2149 3603 2302 3603 2150 3603 2300 3604 2147 3604 2303 3604 2303 3605 2147 3605 2145 3605 2303 3606 2145 3606 2304 3606 2304 3607 2145 3607 2143 3607 2304 3608 2143 3608 2305 3608 2305 3609 2143 3609 2142 3609 2305 3610 2142 3610 2306 3610 2142 3611 2140 3611 2306 3611 2306 3612 2140 3612 2138 3612 2306 3613 2138 3613 2307 3613 2307 3614 2138 3614 2137 3614 2307 3615 2137 3615 2308 3615 2137 3616 2135 3616 2308 3616 2308 3617 2135 3617 2133 3617 2308 3618 2133 3618 2309 3618 2309 3619 2133 3619 2132 3619 2309 3620 2132 3620 2310 3620 2132 3621 2130 3621 2310 3621 2310 3622 2130 3622 2128 3622 2310 3623 2128 3623 2311 3623 2311 3624 2128 3624 2127 3624 2311 3625 2127 3625 2312 3625 2127 3626 2125 3626 2312 3626 2312 3627 2125 3627 2123 3627 2312 3628 2123 3628 2313 3628 2313 3629 2123 3629 2122 3629 2313 3630 2122 3630 2314 3630 2122 3631 2120 3631 2314 3631 2314 3632 2120 3632 2118 3632 2314 3633 2118 3633 2315 3633 2315 3634 2118 3634 2117 3634 2315 3635 2117 3635 2316 3635 2117 3636 2115 3636 2316 3636 2316 3637 2115 3637 2113 3637 2316 3638 2113 3638 2317 3638 2317 3639 2113 3639 2112 3639 2317 3640 2112 3640 2318 3640 2112 3641 2110 3641 2318 3641 2318 3642 2110 3642 2108 3642 2318 3643 2108 3643 2319 3643 2319 3644 2108 3644 2107 3644 2319 3645 2107 3645 2320 3645 2107 3646 2105 3646 2320 3646 2320 3647 2105 3647 2103 3647 2320 3648 2103 3648 2321 3648 2321 3649 2103 3649 2102 3649 2321 3650 2102 3650 2322 3650 2102 3651 2100 3651 2322 3651 2322 3652 2100 3652 2098 3652 2322 3653 2098 3653 2323 3653 2323 3654 2098 3654 2097 3654 2323 3655 2097 3655 2324 3655 2324 3656 2097 3656 2094 3656 2324 3657 2094 3657 2325 3657 2326 3658 2090 3658 2327 3658 2327 3659 2090 3659 2087 3659 2327 3660 2087 3660 2328 3660 2094 3661 2065 3661 2325 3661 2325 3662 2065 3662 2064 3662 2325 3663 2064 3663 2329 3663 2329 3664 2064 3664 2093 3664 2329 3665 2093 3665 2326 3665 2326 3666 2093 3666 2091 3666 2326 3667 2091 3667 2090 3667 2288 3668 2287 3668 2080 3668 2080 3669 2287 3669 2299 3669 2080 3670 2299 3670 2083 3670 2083 3671 2299 3671 2330 3671 2087 3672 2068 3672 2328 3672 2328 3673 2068 3673 2067 3673 2328 3674 2067 3674 2331 3674 2331 3675 2067 3675 2086 3675 2331 3676 2086 3676 2330 3676 2330 3677 2086 3677 2084 3677 2330 3678 2084 3678 2083 3678 2332 3679 2333 3679 2334 3679 2334 3680 2333 3680 2335 3680 2334 3681 2335 3681 2336 3681 2336 3682 2335 3682 2337 3682 2336 3683 2337 3683 2338 3683 2338 3684 2337 3684 2339 3684 2338 3685 2339 3685 2340 3685 2340 3686 2339 3686 2341 3686 2340 3687 2341 3687 2342 3687 2332 3688 2334 3688 2343 3688 2343 3689 2334 3689 2336 3689 2343 3690 2336 3690 2344 3690 2344 3691 2336 3691 2338 3691 2344 3692 2338 3692 2345 3692 2345 3693 2338 3693 2340 3693 2345 3694 2340 3694 2346 3694 2346 3695 2340 3695 2342 3695 2346 3696 2342 3696 2347 3696 2348 3697 2349 3697 2350 3697 2350 3698 2349 3698 2351 3698 2350 3699 2351 3699 2352 3699 2353 3700 2354 3700 2355 3700 2355 3701 2354 3701 2356 3701 2354 3702 2357 3702 2356 3702 2356 3703 2357 3703 2358 3703 2356 3704 2358 3704 2348 3704 2348 3705 2358 3705 2359 3705 2348 3706 2359 3706 2349 3706 1569 3707 1565 3707 2360 3707 2360 3708 1565 3708 1556 3708 1556 3709 1555 3709 2360 3709 2360 3710 1555 3710 2361 3710 2360 3711 2361 3711 2362 3711 2363 3712 2364 3712 2365 3712 2365 3713 2364 3713 2366 3713 2365 3714 2366 3714 2367 3714 2351 3715 2368 3715 2352 3715 2352 3716 2368 3716 2369 3716 2352 3717 2369 3717 2370 3717 2370 3718 2369 3718 2371 3718 2370 3719 2371 3719 2363 3719 2363 3720 2371 3720 2372 3720 2363 3721 2372 3721 2364 3721 2373 3722 2374 3722 2375 3722 2375 3723 2374 3723 2376 3723 2375 3724 2376 3724 2377 3724 2366 3725 2378 3725 2367 3725 2367 3726 2378 3726 2379 3726 2367 3727 2379 3727 2380 3727 2380 3728 2379 3728 2381 3728 2380 3729 2381 3729 2373 3729 2373 3730 2381 3730 2382 3730 2373 3731 2382 3731 2374 3731 2383 3732 2384 3732 2385 3732 2385 3733 2384 3733 2386 3733 2385 3734 2386 3734 2387 3734 2376 3735 2388 3735 2377 3735 2377 3736 2388 3736 2389 3736 2377 3737 2389 3737 2390 3737 2390 3738 2389 3738 2391 3738 2390 3739 2391 3739 2383 3739 2383 3740 2391 3740 2392 3740 2383 3741 2392 3741 2384 3741 2393 3742 2394 3742 2395 3742 2395 3743 2394 3743 2396 3743 2395 3744 2396 3744 2397 3744 2386 3745 2398 3745 2387 3745 2387 3746 2398 3746 2399 3746 2387 3747 2399 3747 2400 3747 2400 3748 2399 3748 2401 3748 2400 3749 2401 3749 2393 3749 2393 3750 2401 3750 2402 3750 2393 3751 2402 3751 2394 3751 2403 3752 2404 3752 2405 3752 2405 3753 2404 3753 2406 3753 2405 3754 2406 3754 2407 3754 2396 3755 2408 3755 2397 3755 2397 3756 2408 3756 2409 3756 2397 3757 2409 3757 2410 3757 2410 3758 2409 3758 2411 3758 2410 3759 2411 3759 2403 3759 2403 3760 2411 3760 2412 3760 2403 3761 2412 3761 2404 3761 2406 3762 2413 3762 2407 3762 2407 3763 2413 3763 2414 3763 2407 3764 2414 3764 2415 3764 2415 3765 2414 3765 2416 3765 2415 3766 2416 3766 2417 3766 2417 3767 2416 3767 2418 3767 2417 3768 2418 3768 2419 3768 2419 3769 2418 3769 2420 3769 2419 3770 2420 3770 2421 3770 2421 3771 2420 3771 2422 3771 2421 3772 2422 3772 2423 3772 2423 3773 2422 3773 2424 3773 2423 3774 2424 3774 2425 3774 2425 3775 2424 3775 2426 3775 2425 3776 2426 3776 2427 3776 2427 3777 2426 3777 2428 3777 2427 3778 2428 3778 2429 3778 2429 3779 2428 3779 2430 3779 2429 3780 2430 3780 2431 3780 2431 3781 2430 3781 2432 3781 2431 3782 2432 3782 2433 3782 2433 3783 2432 3783 2434 3783 2433 3784 2434 3784 2435 3784 2434 3785 2436 3785 2435 3785 2435 3786 2436 3786 2437 3786 2435 3787 2437 3787 2438 3787 2438 3788 2437 3788 2439 3788 2438 3789 2439 3789 2440 3789 2439 3790 2441 3790 2440 3790 2440 3791 2441 3791 2442 3791 2440 3792 2442 3792 2443 3792 2443 3793 2442 3793 2444 3793 2443 3794 2444 3794 2445 3794 2444 3795 2446 3795 2445 3795 2445 3796 2446 3796 2447 3796 2445 3797 2447 3797 2448 3797 2448 3798 2447 3798 2449 3798 2448 3799 2449 3799 2450 3799 2449 3800 2451 3800 2450 3800 2450 3801 2451 3801 2452 3801 2450 3802 2452 3802 2453 3802 2453 3803 2452 3803 2454 3803 2453 3804 2454 3804 2360 3804 2360 3805 2454 3805 2455 3805 2360 3806 2455 3806 1569 3806 2456 3807 1753 3807 1751 3807 2457 3808 2458 3808 1750 3808 1750 3809 2458 3809 2459 3809 1750 3810 2459 3810 1751 3810 1751 3811 2459 3811 2460 3811 1751 3812 2460 3812 2456 3812 2461 3813 1754 3813 2462 3813 2462 3814 1754 3814 1753 3814 2462 3815 1753 3815 2463 3815 2463 3816 1753 3816 2456 3816 2464 3817 2465 3817 1570 3817 2466 3818 2467 3818 2468 3818 2469 3819 2470 3819 2471 3819 2472 3820 2473 3820 1754 3820 1754 3821 2473 3821 2474 3821 2474 3822 2475 3822 1754 3822 1754 3823 2475 3823 2476 3823 1754 3824 2476 3824 1752 3824 2469 3825 2471 3825 2477 3825 2468 3826 2467 3826 2478 3826 2472 3827 2477 3827 2473 3827 2473 3828 2477 3828 2471 3828 2473 3829 2471 3829 2479 3829 2479 3830 2471 3830 2478 3830 2479 3831 2478 3831 2480 3831 2480 3832 2478 3832 2467 3832 1570 3833 2465 3833 1571 3833 1571 3834 2465 3834 2481 3834 1571 3835 2481 3835 2468 3835 2468 3836 2481 3836 2482 3836 2468 3837 2482 3837 2466 3837 1322 3838 1736 3838 1570 3838 1570 3839 1736 3839 2483 3839 1570 3840 2483 3840 2464 3840 2484 3841 2485 3841 2486 3841 2486 3842 2485 3842 1575 3842 2486 3843 1575 3843 2487 3843 2487 3844 1575 3844 1573 3844 1571 3845 2488 3845 1573 3845 1573 3846 2488 3846 2489 3846 1573 3847 2489 3847 2487 3847 2487 3848 2489 3848 2490 3848 2487 3849 2490 3849 2486 3849 2486 3850 2490 3850 2484 3850 2491 3851 2492 3851 2493 3851 2493 3852 2492 3852 2470 3852 2493 3853 2470 3853 2494 3853 2470 3854 2469 3854 2494 3854 2494 3855 2469 3855 2477 3855 2494 3856 2477 3856 2495 3856 2495 3857 2477 3857 2472 3857 2495 3858 2472 3858 2496 3858 2496 3859 2472 3859 1754 3859 2496 3860 1754 3860 2461 3860 2497 3861 244 3861 2498 3861 1711 3862 2497 3862 2499 3862 1711 3863 2499 3863 1712 3863 1712 3864 2499 3864 2500 3864 1712 3865 2500 3865 1713 3865 2497 3866 2498 3866 2499 3866 2499 3867 2498 3867 2501 3867 2499 3868 2501 3868 2500 3868 2500 3869 2501 3869 2502 3869 2500 3870 2502 3870 2503 3870 2503 3871 2502 3871 2504 3871 2503 3872 2504 3872 2505 3872 2505 3873 2504 3873 2506 3873 2505 3874 2506 3874 2507 3874 2507 3875 2506 3875 2508 3875 2507 3876 2508 3876 2509 3876 2509 3877 2508 3877 459 3877 2509 3878 459 3878 2510 3878 1713 3879 2500 3879 1714 3879 1714 3880 2500 3880 2503 3880 1714 3881 2503 3881 1715 3881 1715 3882 2503 3882 2505 3882 1715 3883 2505 3883 1716 3883 1716 3884 2505 3884 2507 3884 1716 3885 2507 3885 1704 3885 1704 3886 2507 3886 2509 3886 1704 3887 2509 3887 1705 3887 1705 3888 2509 3888 2510 3888 1705 3889 2510 3889 1706 3889 1707 3890 1706 3890 2510 3890 1707 3891 2510 3891 1708 3891 2511 3892 458 3892 483 3892 2511 3893 483 3893 2512 3893 2512 3894 483 3894 482 3894 2512 3895 482 3895 2513 3895 2513 3896 482 3896 480 3896 2513 3897 480 3897 2514 3897 2514 3898 480 3898 479 3898 2514 3899 479 3899 2515 3899 2515 3900 479 3900 489 3900 2515 3901 489 3901 2516 3901 2516 3902 489 3902 488 3902 2516 3903 488 3903 2517 3903 2517 3904 488 3904 486 3904 2517 3905 486 3905 2518 3905 2518 3906 486 3906 485 3906 2518 3907 485 3907 2519 3907 459 3908 458 3908 2510 3908 2510 3909 458 3909 2511 3909 2510 3910 2511 3910 1708 3910 1708 3911 2511 3911 2512 3911 1708 3912 2512 3912 1699 3912 1699 3913 2512 3913 2513 3913 1699 3914 2513 3914 1700 3914 1700 3915 2513 3915 2514 3915 1700 3916 2514 3916 1701 3916 1701 3917 2514 3917 2515 3917 1701 3918 2515 3918 1702 3918 1702 3919 2515 3919 2516 3919 1702 3920 2516 3920 1703 3920 1703 3921 2516 3921 2517 3921 1703 3922 2517 3922 1698 3922 1698 3923 2517 3923 2518 3923 1698 3924 2518 3924 1697 3924 1697 3925 2518 3925 2519 3925 1697 3926 2519 3926 1584 3926 2520 3927 2521 3927 1582 3927 1582 3928 2521 3928 2522 3928 1582 3929 2522 3929 1580 3929 1580 3930 2522 3930 1583 3930 1580 3931 1583 3931 1578 3931 1578 3932 1583 3932 1576 3932 495 3933 497 3933 2522 3933 495 3934 2523 3934 494 3934 494 3935 2523 3935 2524 3935 494 3936 2524 3936 492 3936 492 3937 2524 3937 2525 3937 492 3938 2525 3938 490 3938 2525 3939 2526 3939 490 3939 490 3940 2526 3940 2519 3940 490 3941 2519 3941 485 3941 1592 3942 1591 3942 1585 3942 1585 3943 1591 3943 1590 3943 1585 3944 1590 3944 1586 3944 1585 3945 2527 3945 1592 3945 1592 3946 2527 3946 2528 3946 1592 3947 2528 3947 1594 3947 1594 3948 2528 3948 2529 3948 1594 3949 2529 3949 2530 3949 2531 3950 2532 3950 2524 3950 2524 3951 2532 3951 2533 3951 2524 3952 2533 3952 2534 3952 495 3953 2522 3953 2523 3953 2523 3954 2522 3954 2521 3954 2523 3955 2521 3955 2524 3955 2524 3956 2521 3956 2520 3956 2524 3957 2520 3957 2531 3957 2531 3958 2520 3958 1582 3958 2531 3959 1582 3959 2532 3959 2532 3960 1582 3960 1593 3960 2532 3961 1593 3961 2533 3961 2533 3962 1593 3962 1594 3962 2533 3963 1594 3963 2534 3963 2534 3964 1594 3964 2530 3964 2534 3965 2530 3965 2524 3965 2524 3966 2530 3966 2529 3966 2524 3967 2529 3967 2525 3967 2525 3968 2529 3968 2528 3968 2525 3969 2528 3969 2526 3969 2526 3970 2528 3970 2527 3970 2526 3971 2527 3971 2519 3971 2519 3972 2527 3972 1585 3972 2519 3973 1585 3973 1584 3973 1182 3974 1596 3974 1724 3974 508 3975 507 3975 2535 3975 2535 3976 507 3976 2536 3976 1182 3977 1724 3977 1607 3977 1607 3978 1724 3978 2535 3978 1607 3979 2535 3979 1608 3979 1608 3980 2535 3980 2536 3980 1608 3981 2536 3981 1641 3981 2537 3982 1735 3982 2538 3982 2538 3983 1735 3983 1734 3983 2538 3984 1734 3984 2539 3984 2539 3985 1734 3985 1733 3985 2539 3986 1733 3986 2540 3986 2540 3987 1733 3987 1583 3987 2540 3988 1583 3988 2522 3988 508 3989 2535 3989 512 3989 512 3990 2535 3990 2541 3990 512 3991 2541 3991 498 3991 498 3992 2541 3992 2542 3992 498 3993 2542 3993 499 3993 499 3994 2542 3994 2543 3994 499 3995 2543 3995 501 3995 501 3996 2543 3996 2537 3996 501 3997 2537 3997 502 3997 502 3998 2537 3998 2538 3998 502 3999 2538 3999 503 3999 503 4000 2538 4000 2539 4000 503 4001 2539 4001 504 4001 504 4002 2539 4002 2540 4002 504 4003 2540 4003 505 4003 505 4004 2540 4004 2522 4004 505 4005 2522 4005 497 4005 1724 4006 1727 4006 2535 4006 2535 4007 1727 4007 1728 4007 2535 4008 1728 4008 2541 4008 2541 4009 1728 4009 1730 4009 2541 4010 1730 4010 2542 4010 2542 4011 1730 4011 1729 4011 2542 4012 1729 4012 2543 4012 2543 4013 1729 4013 1732 4013 2543 4014 1732 4014 2537 4014 2537 4015 1732 4015 1731 4015 2537 4016 1731 4016 1735 4016 1621 4017 500 4017 1620 4017 1620 4018 500 4018 496 4018 1620 4019 496 4019 1619 4019 1619 1570 496 1570 493 1570 1619 1570 493 1570 1639 1570 493 4020 491 4020 1639 4020 1639 4018 491 4018 487 4018 1639 4021 487 4021 1638 4021 1638 1570 487 1570 481 1570 1638 1570 481 1570 1637 1570 1623 1570 518 1570 1622 1570 1622 1570 518 1570 514 1570 1622 1570 514 1570 1621 1570 1621 4022 514 4022 509 4022 1621 1570 509 1570 500 1570 1625 1570 532 1570 1624 1570 1624 4023 532 4023 529 4023 1624 1570 529 1570 1623 1570 1623 1570 529 1570 527 1570 1623 4024 527 4024 518 4024 1627 4025 535 4025 1626 4025 1626 4026 535 4026 534 4026 1626 4027 534 4027 1625 4027 1625 1570 534 1570 533 1570 1625 4028 533 4028 532 4028 1629 1570 538 1570 1628 1570 1628 1570 538 1570 537 1570 1628 1570 537 1570 1627 1570 1627 4029 537 4029 536 4029 1627 4030 536 4030 535 4030 1631 1570 541 1570 1630 1570 1630 1570 541 1570 540 1570 1630 1570 540 1570 1629 1570 1629 1570 540 1570 539 1570 1629 1570 539 1570 538 1570 1633 1570 544 1570 1632 1570 1632 4030 544 4030 543 4030 1632 1570 543 1570 1631 1570 1631 4031 543 4031 542 4031 1631 1570 542 1570 541 1570 1635 1570 547 1570 1634 1570 1634 4028 547 4028 546 4028 1634 1570 546 1570 1633 1570 1633 4032 546 4032 545 4032 1633 4026 545 4026 544 4026 481 1570 476 1570 1637 1570 1637 1570 476 1570 473 1570 1637 4033 473 4033 1636 4033 1636 4024 473 4024 463 4024 1636 1570 463 1570 1635 1570 1635 4034 463 4034 464 4034 1635 4023 464 4023 547 4023 2544 4035 2545 4035 2546 4035 282 4036 2547 4036 2548 4036 2548 4037 2547 4037 2549 4037 2548 4038 2549 4038 2550 4038 2550 4039 2549 4039 2551 4039 2550 4040 2551 4040 2552 4040 2552 4041 2551 4041 2553 4041 2552 4042 2553 4042 2554 4042 2554 4043 2553 4043 2555 4043 2554 4044 2555 4044 2556 4044 2556 4045 2555 4045 2557 4045 2556 4046 2557 4046 2558 4046 2558 4047 2557 4047 2536 4047 2558 4048 2536 4048 507 4048 282 4049 2544 4049 2547 4049 2547 4050 2544 4050 2546 4050 2547 4051 2546 4051 2549 4051 2549 4052 2546 4052 2559 4052 2549 4053 2559 4053 2551 4053 2551 4054 2559 4054 2560 4054 2551 4055 2560 4055 2553 4055 2553 4056 2560 4056 2561 4056 2553 4057 2561 4057 2555 4057 2555 4058 2561 4058 2562 4058 2555 4059 2562 4059 2557 4059 2557 4060 2562 4060 2563 4060 1641 4061 2536 4061 1640 4061 1640 4062 2536 4062 2557 4062 1640 4063 2557 4063 1642 4063 1642 4064 2557 4064 2563 4064 1642 4065 2563 4065 1643 4065 1643 4066 2563 4066 2562 4066 1643 4067 2562 4067 1722 4067 1722 4068 2562 4068 2561 4068 1722 4069 2561 4069 1723 4069 1723 4070 2561 4070 2560 4070 1723 4071 2560 4071 1725 4071 1725 4072 2560 4072 2559 4072 1725 4073 2559 4073 1726 4073 1726 4074 2559 4074 2546 4074 1726 4075 2546 4075 1719 4075 1719 4076 2546 4076 2545 4076 1719 4077 2545 4077 1720 4077 2564 0 2565 0 1654 0 1654 0 2565 0 2566 0 1654 0 2566 0 1653 0 1653 0 2566 0 2567 0 1653 4078 2567 4078 1652 4078 1652 4079 2567 4079 2568 4079 1652 0 2568 0 1651 0 1651 4080 2568 4080 2569 4080 1651 4081 2569 4081 1650 4081 1650 0 2569 0 2570 0 1650 0 2570 0 1649 0 1649 0 2570 0 2571 0 1649 0 2571 0 1648 0 1648 0 2571 0 2572 0 1648 4082 2572 4082 1647 4082 1647 0 2572 0 2573 0 1647 4083 2573 4083 1646 4083 1646 0 2573 0 2574 0 1646 4084 2574 4084 1645 4084 1645 0 2574 0 2575 0 1645 4085 2575 4085 1644 4085 1644 4086 2575 4086 2576 4086 1644 4087 2576 4087 1662 4087 1662 4088 2576 4088 2577 4088 1662 0 2577 0 1661 0 1661 4089 2577 4089 2578 4089 1661 0 2578 0 1660 0 1660 0 2578 0 2579 0 1660 0 2579 0 1659 0 1659 0 2579 0 2580 0 1659 0 2580 0 1658 0 1658 4090 2580 4090 2581 4090 1658 4091 2581 4091 1657 4091 1657 0 2581 0 2582 0 1657 0 2582 0 1656 0 1656 0 2582 0 2583 0 1656 0 2583 0 1655 0 1655 4092 2583 4092 2564 4092 1655 0 2564 0 1654 0 1495 4093 1575 4093 1674 4093 1674 4094 1575 4094 2485 4094 1674 4095 2485 4095 1673 4095 1673 4096 2485 4096 1671 4096 1671 4097 2485 4097 1669 4097 1669 4098 2485 4098 2484 4098 1669 4099 2484 4099 1667 4099 2241 4100 1682 4100 2584 4100 2584 4101 1682 4101 1664 4101 2584 4102 1664 4102 1663 4102 2584 4103 1663 4103 2585 4103 2585 4104 1663 4104 1667 4104 2585 4104 1667 4104 2586 4104 2587 4105 2585 4105 2586 4105 2588 4106 2584 4106 2585 4106 2241 4107 2584 4107 2589 4107 2589 4108 2584 4108 2588 4108 2589 4109 2588 4109 2590 4109 2590 4110 2588 4110 2591 4110 2592 4111 2593 4111 2591 4111 2591 4112 2593 4112 2594 4112 2591 4113 2594 4113 2590 4113 2585 4114 2587 4114 2588 4114 2588 4115 2587 4115 2595 4115 2588 4116 2595 4116 2591 4116 2591 4117 2595 4117 2592 4117 2586 4118 2596 4118 2587 4118 2587 4119 2596 4119 2597 4119 2587 4120 2597 4120 2595 4120 2595 4121 2597 4121 2592 4121 2598 4122 2599 4122 2600 4122 2031 4123 2601 4123 2032 4123 2032 4124 2601 4124 2602 4124 2032 4125 2602 4125 2039 4125 2039 4126 2602 4126 2603 4126 2039 4127 2603 4127 2041 4127 2041 4128 2603 4128 2361 4128 2041 4129 2361 4129 1555 4129 2362 4130 2361 4130 2604 4130 2604 4131 2361 4131 2603 4131 2604 4132 2603 4132 2600 4132 2600 4133 2603 4133 2602 4133 2600 4134 2602 4134 2598 4134 2598 4135 2602 4135 2601 4135 2605 4136 2606 4136 2607 4136 2607 4137 2606 4137 2608 4137 2607 4138 2608 4138 2609 4138 2605 4139 2607 4139 2610 4139 2610 4140 2607 4140 2611 4140 2610 4141 2611 4141 2612 4141 2612 4142 2613 4142 2614 4142 2614 4143 2613 4143 2615 4143 2614 4144 2615 4144 2616 4144 2615 4145 2604 4145 2600 4145 2616 4146 2615 4146 2617 4146 2617 4147 2615 4147 2600 4147 2617 4148 2600 4148 2599 4148 2612 4149 2611 4149 2613 4149 2613 4150 2611 4150 2618 4150 2613 4151 2618 4151 2615 4151 2615 4152 2618 4152 2362 4152 2615 4153 2362 4153 2604 4153 2619 4154 2353 4154 2355 4154 2609 4155 2620 4155 2607 4155 2607 4156 2620 4156 2621 4156 2607 4157 2621 4157 2611 4157 2360 4158 2362 4158 2618 4158 2622 4159 2623 4159 2624 4159 2624 4160 2623 4160 2625 4160 2624 4161 2625 4161 2619 4161 2609 4162 2626 4162 2620 4162 2620 4163 2626 4163 2627 4163 2620 4164 2627 4164 2628 4164 2628 4165 2627 4165 2629 4165 2628 4166 2629 4166 2630 4166 2630 4167 2629 4167 2631 4167 2630 4168 2631 4168 2632 4168 2632 4169 2631 4169 2633 4169 2632 4170 2633 4170 2634 4170 2634 4171 2633 4171 2635 4171 2634 4172 2635 4172 2636 4172 2636 4173 2635 4173 2637 4173 2636 4174 2637 4174 2638 4174 2638 4175 2637 4175 2639 4175 2638 4176 2639 4176 2640 4176 2640 4177 2639 4177 2641 4177 2640 4178 2641 4178 2642 4178 2642 4179 2641 4179 2643 4179 2642 4180 2643 4180 2644 4180 2644 4181 2643 4181 2645 4181 2644 4182 2645 4182 2646 4182 2646 4183 2645 4183 2647 4183 2646 4184 2647 4184 2648 4184 2648 4185 2647 4185 2649 4185 2648 4186 2649 4186 2650 4186 2650 4187 2649 4187 2651 4187 2650 4188 2651 4188 2652 4188 2652 4189 2651 4189 2653 4189 2652 4190 2653 4190 2654 4190 2654 4191 2653 4191 2655 4191 2654 4192 2655 4192 2656 4192 2656 4193 2655 4193 2657 4193 2656 4194 2657 4194 2658 4194 2658 4195 2657 4195 2659 4195 2658 4196 2659 4196 2660 4196 2660 4197 2659 4197 2661 4197 2660 4198 2661 4198 2662 4198 2662 4199 2661 4199 2663 4199 2662 4200 2663 4200 2664 4200 2664 4201 2663 4201 2665 4201 2664 4202 2665 4202 2666 4202 2666 4203 2665 4203 2667 4203 2666 4204 2667 4204 2668 4204 2668 4205 2667 4205 2669 4205 2668 4206 2669 4206 2670 4206 2670 4207 2669 4207 2671 4207 2670 4208 2671 4208 2672 4208 2672 4209 2671 4209 2673 4209 2672 4210 2673 4210 2674 4210 2674 4211 2673 4211 2675 4211 2674 4212 2675 4212 2676 4212 2676 4213 2675 4213 2677 4213 2676 4214 2677 4214 2678 4214 2678 4215 2677 4215 2679 4215 2678 4216 2679 4216 2680 4216 2680 4217 2679 4217 2681 4217 2680 4218 2681 4218 2682 4218 2682 4219 2681 4219 2683 4219 2682 4220 2683 4220 2684 4220 2684 4221 2683 4221 2685 4221 2684 4222 2685 4222 2686 4222 2686 4223 2685 4223 2687 4223 2686 4224 2687 4224 2688 4224 2688 4225 2687 4225 2689 4225 2688 4226 2689 4226 2690 4226 2690 4227 2689 4227 2691 4227 2690 4228 2691 4228 2692 4228 2692 4229 2691 4229 2693 4229 2692 4230 2693 4230 2694 4230 2694 4231 2693 4231 2695 4231 2694 4232 2695 4232 2696 4232 2696 4233 2695 4233 2697 4233 2696 4234 2697 4234 2698 4234 2698 4235 2697 4235 2699 4235 2698 4236 2699 4236 2700 4236 2700 4237 2699 4237 2701 4237 2700 4238 2701 4238 2702 4238 2702 4239 2701 4239 2703 4239 2702 4240 2703 4240 2704 4240 2704 4241 2703 4241 2705 4241 2704 4242 2705 4242 2706 4242 2706 4243 2705 4243 2707 4243 2706 4244 2707 4244 2708 4244 2708 4245 2707 4245 2709 4245 2708 4246 2709 4246 2624 4246 2624 4247 2709 4247 2710 4247 2624 4248 2710 4248 2622 4248 2619 4249 2355 4249 2624 4249 2624 4250 2355 4250 2356 4250 2624 4251 2356 4251 2708 4251 2708 4252 2356 4252 2348 4252 2708 4253 2348 4253 2706 4253 2706 4254 2348 4254 2350 4254 2706 4255 2350 4255 2704 4255 2704 4256 2350 4256 2352 4256 2704 4257 2352 4257 2702 4257 2702 4258 2352 4258 2370 4258 2702 4259 2370 4259 2700 4259 2700 4260 2370 4260 2363 4260 2700 4261 2363 4261 2698 4261 2698 4262 2363 4262 2365 4262 2698 4263 2365 4263 2696 4263 2696 4264 2365 4264 2367 4264 2696 4265 2367 4265 2694 4265 2694 4266 2367 4266 2380 4266 2694 4267 2380 4267 2692 4267 2692 4268 2380 4268 2373 4268 2692 4269 2373 4269 2690 4269 2690 4270 2373 4270 2375 4270 2690 4271 2375 4271 2688 4271 2688 4272 2375 4272 2377 4272 2688 4273 2377 4273 2686 4273 2686 4274 2377 4274 2390 4274 2686 4275 2390 4275 2684 4275 2684 4276 2390 4276 2383 4276 2684 4277 2383 4277 2682 4277 2682 4278 2383 4278 2385 4278 2682 4279 2385 4279 2680 4279 2680 4280 2385 4280 2387 4280 2680 4281 2387 4281 2678 4281 2678 4282 2387 4282 2400 4282 2678 4283 2400 4283 2676 4283 2676 4284 2400 4284 2393 4284 2676 4285 2393 4285 2674 4285 2674 4286 2393 4286 2395 4286 2674 4287 2395 4287 2672 4287 2672 4288 2395 4288 2397 4288 2672 4289 2397 4289 2670 4289 2670 4290 2397 4290 2410 4290 2670 4291 2410 4291 2668 4291 2668 4292 2410 4292 2403 4292 2668 4293 2403 4293 2666 4293 2666 4294 2403 4294 2405 4294 2666 4295 2405 4295 2664 4295 2664 4296 2405 4296 2407 4296 2664 4297 2407 4297 2662 4297 2662 4298 2407 4298 2415 4298 2662 4299 2415 4299 2660 4299 2660 4300 2415 4300 2417 4300 2660 4301 2417 4301 2658 4301 2658 4302 2417 4302 2419 4302 2658 4303 2419 4303 2656 4303 2656 4304 2419 4304 2421 4304 2656 4305 2421 4305 2654 4305 2654 4306 2421 4306 2423 4306 2654 4307 2423 4307 2652 4307 2652 4308 2423 4308 2425 4308 2652 4309 2425 4309 2650 4309 2650 4310 2425 4310 2427 4310 2650 4311 2427 4311 2648 4311 2648 4312 2427 4312 2429 4312 2648 4313 2429 4313 2646 4313 2646 4314 2429 4314 2431 4314 2646 4315 2431 4315 2644 4315 2644 4316 2431 4316 2433 4316 2644 4317 2433 4317 2642 4317 2642 4318 2433 4318 2435 4318 2642 4319 2435 4319 2640 4319 2640 4320 2435 4320 2438 4320 2640 4321 2438 4321 2638 4321 2638 4322 2438 4322 2440 4322 2638 4323 2440 4323 2636 4323 2636 4324 2440 4324 2443 4324 2636 4325 2443 4325 2634 4325 2634 4326 2443 4326 2445 4326 2634 4327 2445 4327 2632 4327 2632 4328 2445 4328 2448 4328 2632 4329 2448 4329 2630 4329 2630 4330 2448 4330 2450 4330 2630 4331 2450 4331 2628 4331 2628 4332 2450 4332 2453 4332 2628 4333 2453 4333 2620 4333 2620 4334 2453 4334 2360 4334 2620 4335 2360 4335 2621 4335 2621 4336 2360 4336 2618 4336 2621 4337 2618 4337 2611 4337 2711 4338 2712 4338 2713 4338 2713 4338 2712 4338 2714 4338 2715 4339 2716 4339 2717 4339 2717 4340 2716 4340 2625 4340 2717 4341 2625 4341 2623 4341 2718 4342 2715 4342 2719 4342 2719 4343 2715 4343 2717 4343 2719 4344 2717 4344 2720 4344 2720 4345 2717 4345 2623 4345 2720 4346 2623 4346 2721 4346 2721 4347 2623 4347 2622 4347 2721 4348 2622 4348 2722 4348 2722 4349 2622 4349 2710 4349 248 4350 254 4350 1696 4350 248 4351 1696 4351 2723 4351 2723 4352 1696 4352 1695 4352 2723 4353 1695 4353 2724 4353 2724 4354 1695 4354 1694 4354 2724 4355 1694 4355 2725 4355 2725 4356 1694 4356 1246 4356 2725 4357 1246 4357 1683 4357 254 4358 255 4358 2726 4358 1684 4359 1250 4359 1691 4359 1684 4360 1691 4360 2726 4360 2726 4361 1691 4361 1689 4361 2726 4362 1689 4362 254 4362 2726 4363 255 4363 256 4363 1684 4364 2726 4364 2727 4364 2726 4365 256 4365 2727 4365 2727 4366 256 4366 245 4366 2727 4367 245 4367 2728 4367 2728 4368 245 4368 244 4368 2728 4369 244 4369 2497 4369 1684 4370 2727 4370 1709 4370 1709 4371 2727 4371 2728 4371 1709 4372 2728 4372 1710 4372 1710 4373 2728 4373 2497 4373 1710 4374 2497 4374 1711 4374 2729 4375 1717 4375 1721 4375 1721 4376 1720 4376 2730 4376 2730 4377 1720 4377 2545 4377 2730 4378 2545 4378 2731 4378 2731 4379 2545 4379 2544 4379 279 4380 2731 4380 280 4380 280 4381 2731 4381 2544 4381 280 4382 2544 4382 282 4382 1721 4383 2730 4383 2729 4383 2729 4384 2730 4384 2731 4384 2729 4385 2731 4385 2732 4385 2732 4386 2731 4386 279 4386 2732 4387 279 4387 276 4387 1718 4388 1717 4388 2733 4388 2733 4389 1717 4389 2729 4389 2733 4390 2729 4390 2734 4390 2734 4391 2729 4391 2732 4391 2734 4392 2732 4392 2735 4392 2735 4393 2732 4393 276 4393 276 4394 278 4394 2735 4394 2735 4395 278 4395 1742 4395 2735 4396 1742 4396 2734 4396 2734 4397 1742 4397 1741 4397 2734 4398 1741 4398 2733 4398 2733 4399 1741 4399 1744 4399 2733 4400 1744 4400 1718 4400 1718 4401 1744 4401 1325 4401 278 4402 277 4402 2736 4402 278 4403 2736 4403 1739 4403 1739 4404 2736 4404 2737 4404 1739 4405 2737 4405 1748 4405 1748 4406 2737 4406 2738 4406 1748 4407 2738 4407 1747 4407 1747 4408 2738 4408 1736 4408 1747 4409 1736 4409 1332 4409 2739 4410 2740 4410 2741 4410 2737 4411 2736 4411 2742 4411 2736 4412 277 4412 275 4412 1736 4413 2738 4413 2743 4413 2736 4414 275 4414 2742 4414 2742 4415 275 4415 273 4415 2742 4416 273 4416 2744 4416 2744 4417 273 4417 272 4417 2744 4418 272 4418 2745 4418 2745 4419 272 4419 294 4419 2745 4420 294 4420 2746 4420 2746 4421 294 4421 293 4421 2746 4422 293 4422 2747 4422 293 4423 291 4423 2747 4423 2747 4424 291 4424 290 4424 2747 4425 290 4425 2748 4425 2748 4426 290 4426 289 4426 2748 4427 289 4427 2749 4427 2749 4428 289 4428 288 4428 2749 4429 288 4429 2750 4429 2750 4430 288 4430 287 4430 2750 4431 287 4431 2751 4431 2751 4432 287 4432 286 4432 2751 4433 286 4433 2752 4433 2752 4434 286 4434 285 4434 2752 4435 285 4435 2753 4435 2753 4436 285 4436 194 4436 2753 4437 194 4437 2754 4437 2754 4438 194 4438 193 4438 2754 4439 193 4439 2755 4439 2755 4440 193 4440 192 4440 192 4441 2739 4441 2755 4441 2755 4442 2739 4442 2741 4442 2755 4443 2741 4443 2754 4443 2754 4444 2741 4444 2756 4444 2754 4445 2756 4445 2753 4445 2753 4446 2756 4446 2757 4446 2753 4447 2757 4447 2752 4447 2752 4448 2757 4448 2758 4448 2752 4449 2758 4449 2751 4449 2751 4450 2758 4450 2759 4450 2751 4451 2759 4451 2750 4451 2750 4452 2759 4452 2760 4452 2750 4453 2760 4453 2749 4453 2749 4454 2760 4454 2761 4454 2749 4455 2761 4455 2748 4455 2748 4456 2761 4456 2762 4456 2748 4457 2762 4457 2747 4457 2747 4458 2762 4458 2763 4458 2747 4459 2763 4459 2746 4459 2746 4460 2763 4460 2764 4460 2746 4461 2764 4461 2745 4461 2745 4462 2764 4462 2765 4462 2745 4463 2765 4463 2744 4463 2744 4464 2765 4464 2766 4464 2744 4465 2766 4465 2742 4465 2742 4466 2766 4466 2743 4466 2742 4467 2743 4467 2737 4467 2737 4468 2743 4468 2738 4468 1736 4469 2743 4469 2483 4469 2483 4470 2743 4470 2766 4470 2483 4471 2766 4471 2464 4471 2464 4472 2766 4472 2765 4472 2464 4473 2765 4473 2465 4473 2465 4474 2765 4474 2764 4474 2465 4475 2764 4475 2481 4475 2481 4476 2764 4476 2763 4476 2481 4477 2763 4477 2482 4477 2482 4478 2763 4478 2762 4478 2482 4479 2762 4479 2466 4479 2466 4480 2762 4480 2761 4480 2466 4481 2761 4481 2467 4481 2467 4482 2761 4482 2760 4482 2467 4483 2760 4483 2480 4483 2480 4484 2760 4484 2759 4484 2480 4485 2759 4485 2479 4485 2479 4486 2759 4486 2758 4486 2479 4487 2758 4487 2473 4487 2473 4488 2758 4488 2757 4488 2473 4489 2757 4489 2474 4489 2474 4490 2757 4490 2756 4490 2474 4491 2756 4491 2475 4491 2475 4492 2756 4492 2741 4492 2475 4493 2741 4493 2476 4493 2476 4494 2741 4494 2740 4494 2476 4495 2740 4495 1752 4495 2457 4496 1750 4496 1752 4496 1752 4497 2740 4497 2457 4497 2457 4498 2740 4498 2739 4498 2457 4499 2739 4499 2767 4499 2767 4500 2739 4500 192 4500 2767 4501 192 4501 2768 4501 2768 4502 192 4502 189 4502 2768 4503 189 4503 188 4503 2768 4504 188 4504 2767 4504 2458 4505 2457 4505 2769 4505 2769 4506 2457 4506 2767 4506 2769 4507 2767 4507 2770 4507 2770 4508 2767 4508 188 4508 2771 4509 2369 4509 2368 4509 2772 4510 2379 4510 2378 4510 2773 4511 2389 4511 2388 4511 2774 4512 2399 4512 2398 4512 2775 4513 2409 4513 2408 4513 2776 4514 2414 4514 2413 4514 1764 4515 1763 4515 2777 4515 2778 4516 184 4516 183 4516 2778 4517 183 4517 2779 4517 2359 4518 2358 4518 2779 4518 1569 4519 2455 4519 1757 4519 1757 4520 2455 4520 2454 4520 1757 4521 2454 4521 1763 4521 1763 4522 2454 4522 2777 4522 2777 4523 2454 4523 2452 4523 2777 4524 2452 4524 2780 4524 2780 4525 2452 4525 2451 4525 2780 4526 2451 4526 2781 4526 2451 4527 2449 4527 2781 4527 2781 4528 2449 4528 2447 4528 2781 4529 2447 4529 2782 4529 2782 4530 2447 4530 2446 4530 2782 4531 2446 4531 2783 4531 2446 4532 2444 4532 2783 4532 2783 4533 2444 4533 2442 4533 2783 4534 2442 4534 2784 4534 2784 4535 2442 4535 2441 4535 2784 4536 2441 4536 2785 4536 2441 4537 2439 4537 2785 4537 2785 4538 2439 4538 2437 4538 2785 4539 2437 4539 2786 4539 2786 4540 2437 4540 2436 4540 2786 4541 2436 4541 2787 4541 2436 4542 2434 4542 2787 4542 2787 4543 2434 4543 2432 4543 2787 4544 2432 4544 2788 4544 2788 4545 2432 4545 2430 4545 2788 4546 2430 4546 2789 4546 2789 4547 2430 4547 2428 4547 2789 4548 2428 4548 2790 4548 2790 4549 2428 4549 2426 4549 2790 4550 2426 4550 2791 4550 2791 4551 2426 4551 2424 4551 2791 4552 2424 4552 2792 4552 2792 4553 2424 4553 2422 4553 2792 4554 2422 4554 2793 4554 2793 4555 2422 4555 2420 4555 2793 4556 2420 4556 2794 4556 2794 4557 2420 4557 2418 4557 2794 4558 2418 4558 2795 4558 2795 4559 2418 4559 2776 4559 2776 4560 2418 4560 2416 4560 2776 4561 2416 4561 2414 4561 2406 4562 2796 4562 2413 4562 2413 4563 2796 4563 2797 4563 2413 4564 2797 4564 2776 4564 2406 4565 2404 4565 2796 4565 2796 4566 2404 4566 2412 4566 2796 4567 2412 4567 2798 4567 2798 4568 2412 4568 2775 4568 2775 4569 2412 4569 2411 4569 2775 4570 2411 4570 2409 4570 2396 4571 2799 4571 2408 4571 2408 4572 2799 4572 2800 4572 2408 4573 2800 4573 2775 4573 2396 4574 2394 4574 2799 4574 2799 4575 2394 4575 2402 4575 2799 4576 2402 4576 2801 4576 2801 4577 2402 4577 2774 4577 2774 4578 2402 4578 2401 4578 2774 4579 2401 4579 2399 4579 2386 4580 2802 4580 2398 4580 2398 4581 2802 4581 2803 4581 2398 4582 2803 4582 2774 4582 2386 4583 2384 4583 2802 4583 2802 4584 2384 4584 2392 4584 2802 4585 2392 4585 2804 4585 2804 4586 2392 4586 2773 4586 2773 4587 2392 4587 2391 4587 2773 4588 2391 4588 2389 4588 2376 4589 2805 4589 2388 4589 2388 4590 2805 4590 2806 4590 2388 4591 2806 4591 2773 4591 2376 4592 2374 4592 2805 4592 2805 4593 2374 4593 2382 4593 2805 4594 2382 4594 2807 4594 2807 4595 2382 4595 2772 4595 2772 4596 2382 4596 2381 4596 2772 4597 2381 4597 2379 4597 2366 4598 2808 4598 2378 4598 2378 4599 2808 4599 2809 4599 2378 4600 2809 4600 2772 4600 2366 4601 2364 4601 2808 4601 2808 4602 2364 4602 2372 4602 2808 4603 2372 4603 2810 4603 2810 4604 2372 4604 2771 4604 2771 4605 2372 4605 2371 4605 2771 4606 2371 4606 2369 4606 2351 4607 2811 4607 2368 4607 2368 4608 2811 4608 2812 4608 2368 4609 2812 4609 2771 4609 2779 4610 2813 4610 2359 4610 2359 4611 2813 4611 2811 4611 2359 4612 2811 4612 2349 4612 2349 4613 2811 4613 2351 4613 2779 4614 183 4614 2813 4614 2813 4615 183 4615 262 4615 2813 4616 262 4616 2811 4616 2811 4617 262 4617 264 4617 2811 4618 264 4618 2812 4618 2812 4619 264 4619 295 4619 2812 4620 295 4620 2771 4620 2771 4621 295 4621 297 4621 2771 4622 297 4622 2810 4622 2810 4623 297 4623 299 4623 2810 4624 299 4624 2808 4624 2808 4625 299 4625 301 4625 2808 4626 301 4626 2809 4626 2809 4627 301 4627 303 4627 2809 4628 303 4628 2772 4628 2772 4629 303 4629 305 4629 2772 4630 305 4630 2807 4630 2807 4631 305 4631 307 4631 2807 4632 307 4632 2805 4632 2805 4633 307 4633 309 4633 2805 4634 309 4634 2806 4634 2806 4635 309 4635 311 4635 2806 4636 311 4636 2773 4636 2773 4637 311 4637 313 4637 2773 4638 313 4638 2804 4638 2804 4639 313 4639 315 4639 2804 4640 315 4640 2802 4640 2802 4641 315 4641 317 4641 2802 4642 317 4642 2803 4642 2803 4643 317 4643 319 4643 2803 4644 319 4644 2774 4644 2774 4645 319 4645 321 4645 2774 4646 321 4646 2801 4646 2801 4647 321 4647 323 4647 2801 4648 323 4648 2799 4648 2799 4649 323 4649 325 4649 2799 4650 325 4650 2800 4650 2800 4651 325 4651 327 4651 2800 4652 327 4652 2775 4652 2775 4653 327 4653 329 4653 2775 4654 329 4654 2798 4654 2798 4655 329 4655 331 4655 2798 4656 331 4656 2796 4656 2796 4657 331 4657 333 4657 2796 4658 333 4658 2797 4658 2797 4659 333 4659 335 4659 2797 4660 335 4660 2776 4660 2776 4661 335 4661 337 4661 2776 4662 337 4662 2795 4662 2795 4663 337 4663 339 4663 2795 4664 339 4664 2794 4664 2794 4665 339 4665 341 4665 2794 4666 341 4666 2793 4666 2793 4667 341 4667 343 4667 2793 4668 343 4668 2792 4668 2792 4669 343 4669 345 4669 2792 4670 345 4670 2791 4670 2791 4671 345 4671 347 4671 2791 4672 347 4672 2790 4672 2790 4673 347 4673 349 4673 2790 4674 349 4674 2789 4674 2789 4675 349 4675 351 4675 2789 4676 351 4676 2788 4676 2788 4677 351 4677 353 4677 2788 4678 353 4678 2787 4678 2787 4679 353 4679 355 4679 2787 4680 355 4680 2786 4680 2786 4681 355 4681 357 4681 2786 4682 357 4682 2785 4682 2785 4683 357 4683 359 4683 2785 4684 359 4684 2784 4684 2784 4685 359 4685 216 4685 2784 4686 216 4686 2783 4686 2783 4687 216 4687 223 4687 2783 4688 223 4688 2782 4688 2782 4689 223 4689 208 4689 2782 4690 208 4690 2781 4690 2781 4691 208 4691 213 4691 2781 4692 213 4692 2780 4692 2780 4693 213 4693 179 4693 2780 4694 179 4694 2777 4694 2777 4695 179 4695 178 4695 2777 4696 178 4696 1764 4696 178 4697 177 4697 1755 4697 1755 4698 177 4698 2814 4698 1755 4699 2814 4699 1765 4699 2022 4700 2015 4700 2814 4700 2814 4701 2015 4701 2014 4701 2814 4702 2014 4702 1765 4702 2815 4703 196 4703 195 4703 2815 4704 195 4704 2816 4704 2816 4705 195 4705 198 4705 2816 4706 198 4706 2817 4706 2817 4707 198 4707 203 4707 2817 4708 203 4708 2818 4708 2818 4709 203 4709 205 4709 2818 4710 205 4710 1769 4710 177 4711 196 4711 2814 4711 2814 4712 196 4712 2815 4712 2814 4713 2815 4713 2022 4713 2022 4714 2815 4714 2816 4714 2022 4715 2816 4715 2023 4715 2023 4716 2816 4716 2817 4716 2023 4717 2817 4717 2024 4717 2024 4718 2817 4718 2818 4718 2024 4719 2818 4719 2020 4719 2020 4720 2818 4720 1769 4720 2020 4721 1769 4721 1767 4721 1770 4722 205 4722 204 4722 1820 4723 1448 4723 1790 4723 1789 4724 1776 4724 2819 4724 2819 4725 1776 4725 1424 4725 2819 4726 1424 4726 1770 4726 1770 4727 204 4727 2819 4727 2819 4728 204 4728 202 4728 2819 4729 202 4729 2820 4729 2820 4730 202 4730 201 4730 2820 4731 201 4731 2821 4731 2821 4732 201 4732 200 4732 2821 4733 200 4733 2822 4733 2822 4734 200 4734 199 4734 2822 4735 199 4735 2823 4735 2823 4736 199 4736 197 4736 2823 4737 197 4737 2824 4737 1790 4738 2825 4738 1820 4738 1820 4739 2825 4739 2826 4739 1820 4740 2826 4740 1821 4740 1821 4741 2826 4741 2827 4741 1821 4742 2827 4742 1819 4742 1819 4743 2827 4743 2828 4743 1819 4744 2828 4744 1816 4744 1816 4745 2828 4745 2829 4745 1816 4746 2829 4746 1817 4746 1817 4747 2829 4747 2830 4747 1817 4748 2830 4748 1818 4748 1818 4749 2830 4749 2831 4749 1818 4750 2831 4750 1811 4750 1811 4751 2831 4751 2832 4751 1811 4752 2832 4752 1812 4752 1812 4753 2832 4753 2833 4753 1812 4754 2833 4754 1813 4754 1813 4755 2833 4755 2834 4755 1813 4756 2834 4756 1814 4756 1814 4757 2834 4757 2835 4757 1804 4758 1803 4758 2835 4758 2835 4759 1803 4759 1815 4759 2835 4760 1815 4760 1814 4760 197 4761 212 4761 2824 4761 2824 4762 212 4762 211 4762 2824 4763 211 4763 2836 4763 2836 4764 211 4764 210 4764 2836 4765 210 4765 2837 4765 2837 4766 210 4766 209 4766 2837 4767 209 4767 2838 4767 2838 4768 209 4768 207 4768 2838 4769 207 4769 2839 4769 2839 4770 207 4770 206 4770 2839 4771 206 4771 2840 4771 2840 4772 206 4772 225 4772 2840 4773 225 4773 2841 4773 2841 4774 225 4774 224 4774 2841 4775 224 4775 2842 4775 224 4776 222 4776 2842 4776 2842 4777 222 4777 221 4777 2842 4778 221 4778 2843 4778 2843 4779 221 4779 219 4779 2843 4780 219 4780 2844 4780 2844 4781 219 4781 220 4781 2844 4782 220 4782 2845 4782 2835 4783 2846 4783 1804 4783 1804 4784 2846 4784 2847 4784 1804 4785 2847 4785 1805 4785 1805 4786 2847 4786 2848 4786 1805 4787 2848 4787 1806 4787 1806 4788 2848 4788 2849 4788 1806 4789 2849 4789 1807 4789 1807 4790 2849 4790 2850 4790 1807 4791 2850 4791 1808 4791 1808 4792 2850 4792 2851 4792 1808 4793 2851 4793 1810 4793 1810 4794 2851 4794 2852 4794 1810 4795 2852 4795 1809 4795 1809 4796 2852 4796 2853 4796 1809 4797 2853 4797 1800 4797 1800 4798 2853 4798 2854 4798 1800 4799 2854 4799 1801 4799 1801 4800 2854 4800 2855 4800 1801 4801 2855 4801 1802 4801 1802 4802 2855 4802 2856 4802 1802 4803 2856 4803 1796 4803 1796 4804 2856 4804 2857 4804 1796 4805 2857 4805 1797 4805 1797 4806 2857 4806 2858 4806 1797 4807 2858 4807 1798 4807 220 4808 228 4808 2845 4808 2845 4809 228 4809 229 4809 2845 4810 229 4810 2859 4810 2859 4811 229 4811 236 4811 2859 4812 236 4812 2860 4812 2860 4813 236 4813 235 4813 2860 4814 235 4814 2861 4814 2861 4815 235 4815 233 4815 2861 4816 233 4816 2862 4816 2862 4817 233 4817 231 4817 2862 4818 231 4818 2863 4818 2863 4819 231 4819 230 4819 2863 4820 230 4820 2864 4820 2864 4821 230 4821 237 4821 2864 4822 237 4822 2865 4822 2865 4823 237 4823 239 4823 2865 4824 239 4824 2866 4824 2866 4825 239 4825 241 4825 2866 4826 241 4826 2867 4826 2867 4827 241 4827 175 4827 2867 4828 175 4828 2868 4828 249 4829 2869 4829 250 4829 250 4830 2869 4830 2870 4830 250 4831 2870 4831 252 4831 252 4832 2870 4832 2871 4832 252 4833 2871 4833 253 4833 253 4834 2871 4834 2868 4834 253 4835 2868 4835 174 4835 174 4836 2868 4836 175 4836 2869 4837 2872 4837 2870 4837 2870 4838 2872 4838 2873 4838 2870 4839 2873 4839 2871 4839 2871 4840 2873 4840 2874 4840 2871 4841 2874 4841 2868 4841 2868 4842 2874 4842 2875 4842 2868 4843 2875 4843 2867 4843 2867 4844 2875 4844 2876 4844 2867 4845 2876 4845 2866 4845 2866 4846 2876 4846 2858 4846 2866 4847 2858 4847 2865 4847 2865 4848 2858 4848 2857 4848 2865 4849 2857 4849 2864 4849 2864 4850 2857 4850 2856 4850 2864 4851 2856 4851 2863 4851 2863 4852 2856 4852 2855 4852 2863 4853 2855 4853 2862 4853 2862 4854 2855 4854 2854 4854 2862 4855 2854 4855 2861 4855 2861 4856 2854 4856 2853 4856 2861 4857 2853 4857 2860 4857 2860 4858 2853 4858 2852 4858 2860 4859 2852 4859 2859 4859 2859 4860 2852 4860 2851 4860 2859 4861 2851 4861 2845 4861 2845 4862 2851 4862 2850 4862 2845 4863 2850 4863 2844 4863 2844 4864 2850 4864 2849 4864 2844 4865 2849 4865 2843 4865 2843 4866 2849 4866 2848 4866 2843 4867 2848 4867 2842 4867 2842 4868 2848 4868 2847 4868 2842 4869 2847 4869 2841 4869 2841 4870 2847 4870 2846 4870 2841 4871 2846 4871 2840 4871 2840 4872 2846 4872 2835 4872 2840 4873 2835 4873 2839 4873 2839 4874 2835 4874 2834 4874 2839 4875 2834 4875 2838 4875 2838 4876 2834 4876 2833 4876 2838 4877 2833 4877 2837 4877 2837 4878 2833 4878 2832 4878 2837 4879 2832 4879 2836 4879 2836 4880 2832 4880 2831 4880 2836 4881 2831 4881 2824 4881 2824 4882 2831 4882 2830 4882 2824 4883 2830 4883 2823 4883 2823 4884 2830 4884 2829 4884 2823 4885 2829 4885 2822 4885 2822 4886 2829 4886 2828 4886 2822 4887 2828 4887 2821 4887 2821 4888 2828 4888 2827 4888 2821 4889 2827 4889 2820 4889 2820 4890 2827 4890 2826 4890 2820 4891 2826 4891 2819 4891 2819 4892 2826 4892 2825 4892 2819 4893 2825 4893 1789 4893 1789 4894 2825 4894 1790 4894 249 4895 248 4895 2869 4895 2869 4896 248 4896 2723 4896 2869 4897 2723 4897 2872 4897 2872 4898 2723 4898 2724 4898 2872 4899 2724 4899 2725 4899 1798 4900 2858 4900 1799 4900 1799 4901 2858 4901 2876 4901 1799 4902 2876 4902 1792 4902 1792 4903 2876 4903 2875 4903 1792 4904 2875 4904 1793 4904 1793 4905 2875 4905 2874 4905 1793 4906 2874 4906 1791 4906 1791 4907 2874 4907 2873 4907 1791 4908 2873 4908 1795 4908 1795 4909 2873 4909 2872 4909 1795 4910 2872 4910 1794 4910 1794 4911 2872 4911 2725 4911 1794 4912 2725 4912 1683 4912 2877 4913 2878 4913 2879 4913 2880 4914 2881 4914 2882 4914 2883 4915 2884 4915 2885 4915 2886 4916 2887 4916 2888 4916 2889 4917 2890 4917 2891 4917 2892 4918 2893 4918 2894 4918 1822 4919 1492 4919 2183 4919 1828 4920 1826 4920 2895 4920 2895 4921 1826 4921 1824 4921 2895 4922 1824 4922 1822 4922 2896 4923 2897 4923 2898 4923 2898 4924 2897 4924 2899 4924 2215 4925 2900 4925 2214 4925 2214 4926 2900 4926 2896 4926 1834 4927 1828 4927 2901 4927 2901 4928 1828 4928 2895 4928 2901 4929 2895 4929 2902 4929 2902 4930 2895 4930 2903 4930 2902 4931 2903 4931 2904 4931 2904 4932 2903 4932 2905 4932 2905 4933 2903 4933 2906 4933 2905 4934 2906 4934 2907 4934 2907 4935 2906 4935 2908 4935 2907 4936 2908 4936 2909 4936 2909 4937 2908 4937 2910 4937 2910 4938 2908 4938 2911 4938 2910 4939 2911 4939 2912 4939 2912 4940 2911 4940 2913 4940 2912 4941 2913 4941 2914 4941 2893 4942 2892 4942 2913 4942 2913 4943 2892 4943 2915 4943 2913 4944 2915 4944 2914 4944 2916 4945 2917 4945 2894 4945 2894 4946 2917 4946 2918 4946 2894 4947 2918 4947 2892 4947 2894 4948 2919 4948 2916 4948 2916 4949 2919 4949 2920 4949 2916 4950 2920 4950 2921 4950 2890 4951 2889 4951 2920 4951 2920 4952 2889 4952 2922 4952 2920 4953 2922 4953 2921 4953 2923 4954 2924 4954 2891 4954 2891 4955 2924 4955 2925 4955 2891 4956 2925 4956 2889 4956 2891 4957 2926 4957 2923 4957 2923 4958 2926 4958 2927 4958 2923 4959 2927 4959 2928 4959 2887 4960 2886 4960 2927 4960 2927 4961 2886 4961 2929 4961 2927 4962 2929 4962 2928 4962 2930 4963 2931 4963 2888 4963 2888 4964 2931 4964 2932 4964 2888 4965 2932 4965 2886 4965 2888 4966 2933 4966 2930 4966 2930 4967 2933 4967 2934 4967 2930 4968 2934 4968 2935 4968 2884 4969 2883 4969 2934 4969 2934 4970 2883 4970 2936 4970 2934 4971 2936 4971 2935 4971 2937 4972 2938 4972 2885 4972 2885 4973 2938 4973 2939 4973 2885 4974 2939 4974 2883 4974 2885 4975 2940 4975 2937 4975 2937 4976 2940 4976 2941 4976 2937 4977 2941 4977 2942 4977 2881 4978 2880 4978 2941 4978 2941 4979 2880 4979 2943 4979 2941 4980 2943 4980 2942 4980 2944 4981 2945 4981 2882 4981 2882 4982 2945 4982 2946 4982 2882 4983 2946 4983 2880 4983 2882 4984 2947 4984 2944 4984 2944 4985 2947 4985 2948 4985 2944 4986 2948 4986 2949 4986 2878 4987 2877 4987 2948 4987 2948 4988 2877 4988 2950 4988 2948 4989 2950 4989 2949 4989 1822 4990 2183 4990 2895 4990 2895 4991 2183 4991 2182 4991 2895 4992 2182 4992 2903 4992 2903 4993 2182 4993 2184 4993 2903 4994 2184 4994 2906 4994 2906 4995 2184 4995 2185 4995 2906 4996 2185 4996 2908 4996 2908 4997 2185 4997 2186 4997 2908 4998 2186 4998 2911 4998 2911 4999 2186 4999 2187 4999 2911 5000 2187 5000 2913 5000 2913 5001 2187 5001 2188 5001 2913 5002 2188 5002 2893 5002 2893 5003 2188 5003 2189 5003 2893 5004 2189 5004 2894 5004 2894 5005 2189 5005 2190 5005 2894 5006 2190 5006 2919 5006 2919 5007 2190 5007 2191 5007 2919 5008 2191 5008 2920 5008 2920 5009 2191 5009 2192 5009 2920 5010 2192 5010 2890 5010 2890 5011 2192 5011 2193 5011 2890 5012 2193 5012 2891 5012 2891 5013 2193 5013 2194 5013 2891 5014 2194 5014 2926 5014 2926 5015 2194 5015 2195 5015 2926 5016 2195 5016 2927 5016 2927 5017 2195 5017 2196 5017 2927 5018 2196 5018 2887 5018 2887 5019 2196 5019 2197 5019 2887 5020 2197 5020 2888 5020 2888 5021 2197 5021 2198 5021 2888 5022 2198 5022 2933 5022 2933 5023 2198 5023 2199 5023 2933 5024 2199 5024 2934 5024 2934 5025 2199 5025 2200 5025 2934 5026 2200 5026 2884 5026 2884 5027 2200 5027 2201 5027 2884 5028 2201 5028 2885 5028 2885 5029 2201 5029 2202 5029 2885 5030 2202 5030 2940 5030 2940 5031 2202 5031 2203 5031 2940 5032 2203 5032 2941 5032 2941 5033 2203 5033 2204 5033 2941 5034 2204 5034 2881 5034 2881 5035 2204 5035 2205 5035 2881 5036 2205 5036 2882 5036 2882 5037 2205 5037 2206 5037 2882 5038 2206 5038 2947 5038 2947 5039 2206 5039 2207 5039 2947 5040 2207 5040 2948 5040 2948 5041 2207 5041 2208 5041 2948 5042 2208 5042 2878 5042 2878 5043 2208 5043 2209 5043 2878 5044 2209 5044 2879 5044 2951 5045 2952 5045 2879 5045 2879 5046 2952 5046 2953 5046 2879 5047 2953 5047 2877 5047 2896 5048 2898 5048 2214 5048 2214 5049 2898 5049 2954 5049 2214 5050 2954 5050 2213 5050 2213 5051 2954 5051 2955 5051 2213 5052 2955 5052 2212 5052 2212 5053 2955 5053 2956 5053 2212 5054 2956 5054 2211 5054 2211 5055 2956 5055 2957 5055 2211 5056 2957 5056 2210 5056 2209 5057 2210 5057 2879 5057 2879 5058 2210 5058 2957 5058 2879 5059 2957 5059 2951 5059 2951 5060 2957 5060 2956 5060 2951 5061 2956 5061 2958 5061 2958 5062 2956 5062 2955 5062 2958 5063 2955 5063 2959 5063 2959 5064 2955 5064 2954 5064 2959 5065 2954 5065 2960 5065 2960 5066 2954 5066 2898 5066 2960 5067 2898 5067 2961 5067 2961 5068 2898 5068 2899 5068 2961 5069 2899 5069 2962 5069 1851 5070 1834 5070 2901 5070 2963 5071 1966 5071 1928 5071 1852 5072 1361 5072 1845 5072 1852 5073 1845 5073 1962 5073 1962 5074 1845 5074 1842 5074 1962 5075 1842 5075 1841 5075 1960 5076 1961 5076 2904 5076 2904 5077 1961 5077 2902 5077 2902 5078 1961 5078 1962 5078 2902 5079 1962 5079 2901 5079 2901 5080 1962 5080 1841 5080 2901 5081 1841 5081 1851 5081 1957 5082 2914 5082 1956 5082 1956 5083 2914 5083 2915 5083 1956 5084 2915 5084 1955 5084 2904 5085 2905 5085 1960 5085 1960 5086 2905 5086 2907 5086 1960 5087 2907 5087 1959 5087 1959 5088 2907 5088 2909 5088 1959 5089 2909 5089 1958 5089 1958 5090 2909 5090 2910 5090 1958 5091 2910 5091 1957 5091 1957 5092 2910 5092 2912 5092 1957 5093 2912 5093 2914 5093 1953 5094 2921 5094 1952 5094 1952 5095 2921 5095 2922 5095 1952 5096 2922 5096 1951 5096 2915 5097 2892 5097 1955 5097 1955 5098 2892 5098 2918 5098 1955 5099 2918 5099 1954 5099 1954 5100 2918 5100 2917 5100 1954 5101 2917 5101 1953 5101 1953 5102 2917 5102 2916 5102 1953 5103 2916 5103 2921 5103 1949 5104 2928 5104 1948 5104 1948 5105 2928 5105 2929 5105 1948 5106 2929 5106 1947 5106 2922 5107 2889 5107 1951 5107 1951 5108 2889 5108 2925 5108 1951 5109 2925 5109 1950 5109 1950 5110 2925 5110 2924 5110 1950 5111 2924 5111 1949 5111 1949 5112 2924 5112 2923 5112 1949 5113 2923 5113 2928 5113 1945 5114 2935 5114 1944 5114 1944 5115 2935 5115 2936 5115 1944 5116 2936 5116 1943 5116 2929 5117 2886 5117 1947 5117 1947 5118 2886 5118 2932 5118 1947 5119 2932 5119 1946 5119 1946 5120 2932 5120 2931 5120 1946 5121 2931 5121 1945 5121 1945 5122 2931 5122 2930 5122 1945 5123 2930 5123 2935 5123 1941 5124 2942 5124 1940 5124 1940 5125 2942 5125 2943 5125 1940 5126 2943 5126 1939 5126 2936 5127 2883 5127 1943 5127 1943 5128 2883 5128 2939 5128 1943 5129 2939 5129 1942 5129 1942 5130 2939 5130 2938 5130 1942 5131 2938 5131 1941 5131 1941 5132 2938 5132 2937 5132 1941 5133 2937 5133 2942 5133 1937 5134 2949 5134 1936 5134 1936 5135 2949 5135 2950 5135 1936 5136 2950 5136 1935 5136 2943 5137 2880 5137 1939 5137 1939 5138 2880 5138 2946 5138 1939 5139 2946 5139 1938 5139 1938 5140 2946 5140 2945 5140 1938 5141 2945 5141 1937 5141 1937 5142 2945 5142 2944 5142 1937 5143 2944 5143 2949 5143 2950 5144 2877 5144 1935 5144 1935 5145 2877 5145 2953 5145 1935 5146 2953 5146 1934 5146 1934 5147 2953 5147 2952 5147 1934 5148 2952 5148 1933 5148 1933 5149 2952 5149 2951 5149 1933 5150 2951 5150 1932 5150 1932 5151 2951 5151 2958 5151 1932 5152 2958 5152 1930 5152 1930 5153 2958 5153 2959 5153 1930 5154 2959 5154 1928 5154 1928 5155 2959 5155 2960 5155 1928 5156 2960 5156 2963 5156 2963 5157 2960 5157 2961 5157 2963 5158 2961 5158 2962 5158 2964 5159 2965 5159 2966 5159 2966 5160 2965 5160 2049 5160 2966 5161 2049 5161 2967 5161 2968 5162 2969 5162 2964 5162 2049 5163 2048 5163 2967 5163 2967 5164 2048 5164 2047 5164 2967 5165 2047 5165 2970 5165 2970 5166 2047 5166 1968 5166 2970 5167 1968 5167 1967 5167 2964 5168 2966 5168 2968 5168 2968 5169 2966 5169 2967 5169 2968 5170 2967 5170 2971 5170 2971 5171 2967 5171 2970 5171 2971 5172 2970 5172 2972 5172 2972 5173 2970 5173 1967 5173 2972 5174 1967 5174 1966 5174 2965 1413 2964 1413 2712 1413 2712 1413 2964 1413 2969 1413 2712 1413 2969 1413 2973 1413 2031 1413 2711 1413 2601 1413 2601 5175 2711 5175 2598 5175 2013 1413 1983 1413 2027 1413 2027 1413 1983 1413 1982 1413 2027 1413 1982 1413 2028 1413 2028 1413 1982 1413 1981 1413 2028 1413 1981 1413 2018 1413 2018 5176 1981 5176 1980 5176 2053 5177 2052 5177 2045 5177 2711 5178 1980 5178 1979 5178 1975 1413 2053 1413 2712 1413 2712 1413 2053 1413 2049 1413 2712 5179 2049 5179 2965 5179 1975 1413 1974 1413 2053 1413 2053 1413 1974 1413 1973 1413 2053 1413 1973 1413 2054 1413 2054 5180 1973 5180 1972 5180 2054 5181 1972 5181 2055 5181 2055 5182 1972 5182 1971 5182 2055 1413 1971 1413 2056 1413 2056 5183 1971 5183 1970 5183 2056 1413 1970 1413 2057 1413 2057 5184 1970 5184 1969 5184 2045 1413 2051 1413 2053 1413 2053 5185 2051 5185 2050 5185 2053 1413 2050 1413 2049 1413 1986 5186 2060 5186 1987 5186 1987 1413 2060 1413 2059 1413 1987 1413 2059 1413 1988 1413 1988 5187 2059 5187 2044 5187 1988 1413 2044 1413 1969 1413 1969 5188 2044 5188 2058 5188 1969 5189 2058 5189 2057 5189 2038 1413 2043 1413 2711 1413 2711 1413 2043 1413 2037 1413 1979 1413 1978 1413 2711 1413 2711 1413 1978 1413 1977 1413 2711 5190 1977 5190 2712 5190 2712 5191 1977 5191 1976 5191 2712 5192 1976 5192 1975 5192 2013 1413 2012 1413 2006 1413 2010 1413 2011 1413 1983 1413 2037 1413 2036 1413 2711 1413 2711 5193 2036 5193 2029 5193 2711 1413 2029 1413 1980 1413 2029 1413 2026 1413 1980 1413 1980 5194 2026 5194 2025 5194 1980 5195 2025 5195 2016 5195 2006 1413 1999 1413 2013 1413 2013 5196 1999 5196 1998 5196 2013 1413 1998 1413 1983 1413 1983 5197 1998 5197 2008 5197 1983 5198 2008 5198 2010 5198 2031 1413 2033 1413 2711 1413 2711 5199 2033 5199 2034 5199 2711 1413 2034 1413 2038 1413 2016 1413 2021 1413 1980 1413 1980 1413 2021 1413 2017 1413 1980 5200 2017 5200 2018 5200 2011 1413 1991 1413 1983 1413 1983 5201 1991 5201 1990 5201 1983 5202 1990 5202 1984 5202 1984 1413 1990 1413 2046 1413 1984 5203 2046 5203 1985 5203 1985 1413 2046 1413 2062 1413 1985 1413 2062 1413 1986 1413 1986 1413 2062 1413 2061 1413 1986 5204 2061 5204 2060 5204 97 5205 95 5205 2974 5205 2974 5206 95 5206 94 5206 2975 5207 2976 5207 2977 5207 2977 5208 2976 5208 2978 5208 2977 5209 2978 5209 2979 5209 2979 5210 2978 5210 2980 5210 2979 5211 2980 5211 94 5211 94 5212 2980 5212 2981 5212 94 5213 2981 5213 2974 5213 2982 5214 2983 5214 2984 5214 2982 5215 2984 5215 2985 5215 2985 5216 2984 5216 2986 5216 2985 5217 2986 5217 2987 5217 2988 5218 2989 5218 2990 5218 2990 5219 2989 5219 2987 5219 2990 5220 2987 5220 2991 5220 2991 5221 2987 5221 2986 5221 2992 5222 2983 5222 2993 5222 2993 5223 2983 5223 2982 5223 2994 5224 97 5224 2974 5224 2994 5225 2974 5225 2995 5225 2995 5226 2974 5226 2981 5226 2995 5227 2981 5227 2996 5227 2992 5228 2993 5228 2976 5228 2976 5229 2993 5229 2997 5229 2976 5230 2997 5230 2978 5230 2978 5231 2997 5231 2996 5231 2978 5232 2996 5232 2980 5232 2980 5233 2996 5233 2981 5233 2998 5234 2999 5234 3000 5234 3001 5235 3002 5235 91 5235 91 5236 3002 5236 92 5236 3000 5237 3003 5237 2998 5237 2998 5238 3003 5238 3004 5238 2998 5239 3004 5239 3005 5239 3004 5240 3006 5240 3005 5240 3005 5241 3006 5241 3007 5241 3005 5242 3007 5242 3008 5242 3007 5243 3009 5243 3008 5243 3008 5244 3009 5244 3010 5244 3008 5245 3010 5245 3011 5245 3010 5246 3012 5246 3011 5246 3011 5247 3012 5247 3013 5247 3011 5248 3013 5248 3014 5248 3013 5249 3015 5249 3014 5249 3014 5250 3015 5250 3016 5250 3014 5251 3016 5251 3017 5251 3016 5252 3018 5252 3017 5252 3017 5253 3018 5253 3019 5253 3017 5254 3019 5254 3020 5254 3019 5255 3021 5255 3020 5255 3020 5256 3021 5256 3022 5256 3020 5257 3022 5257 3023 5257 3022 5258 3024 5258 3023 5258 3023 5259 3024 5259 3025 5259 3023 5260 3025 5260 3026 5260 3026 5261 3025 5261 3027 5261 3026 5262 3027 5262 3028 5262 3027 5263 3029 5263 3028 5263 3028 5264 3029 5264 3030 5264 3028 5265 3030 5265 3031 5265 3030 5266 3032 5266 3031 5266 3031 5267 3032 5267 3033 5267 3031 5268 3033 5268 3034 5268 3033 5269 3035 5269 3034 5269 3034 5270 3035 5270 3036 5270 3034 5271 3036 5271 3037 5271 3036 5272 3038 5272 3037 5272 3037 5273 3038 5273 3039 5273 3037 5274 3039 5274 3040 5274 3039 5275 3041 5275 3040 5275 3040 5276 3041 5276 3042 5276 3040 5277 3042 5277 3001 5277 3001 5278 3042 5278 3043 5278 3001 5279 3043 5279 3002 5279 104 5280 107 5280 49 5280 2617 5281 2599 5281 2988 5281 3044 645 50 645 49 645 104 5282 49 5282 101 5282 3045 645 3046 645 3047 645 3045 645 3047 645 3048 645 2599 645 2598 645 2988 645 2988 645 2598 645 2711 645 2988 645 2711 645 3049 645 3049 5283 2711 5283 3047 5283 2633 645 2998 645 2635 645 2635 5284 2998 5284 3005 5284 2635 645 3005 645 2637 645 3026 645 2671 645 2669 645 3049 645 3050 645 2988 645 2988 645 3050 645 3051 645 2988 5285 3051 5285 2994 5285 2994 645 3051 645 3052 645 2994 645 3052 645 3053 645 3053 645 3052 645 3054 645 3053 645 3054 645 2332 645 2633 5286 2631 5286 2998 5286 2998 645 2631 645 2629 645 2998 645 2629 645 2999 645 2991 645 2986 645 3055 645 3055 645 2986 645 2984 645 2637 645 3005 645 2639 645 2639 5287 3005 5287 3008 5287 2639 645 3008 645 2641 645 3026 645 2669 645 3023 645 3056 5288 3057 5288 3053 5288 3053 5289 3057 5289 3058 5289 3053 5290 3058 5290 2994 5290 2994 5291 3058 5291 3059 5291 2994 5292 3059 5292 3060 5292 3060 5293 3059 5293 3061 5293 2617 645 2988 645 3055 645 3055 5294 2988 5294 2990 5294 3055 5295 2990 5295 2991 5295 2612 645 2614 645 3055 645 3055 5296 2614 5296 2616 5296 3055 5297 2616 5297 2617 5297 97 645 2994 645 98 645 98 645 2994 645 3060 645 98 5298 3060 5298 110 5298 110 5299 3060 5299 3062 5299 110 5300 3062 5300 107 5300 107 5301 3062 5301 3063 5301 107 645 3063 645 49 645 49 5302 3063 5302 3064 5302 49 645 3064 645 3044 645 49 5303 2718 5303 2719 5303 3001 645 91 645 49 645 49 645 91 645 99 645 49 5304 99 5304 101 5304 3011 5305 2645 5305 3008 5305 3008 645 2645 645 2643 645 3008 5306 2643 5306 2641 5306 3014 5307 2649 5307 3011 5307 3011 645 2649 645 2647 645 3011 5308 2647 5308 2645 5308 2657 645 2655 645 3017 645 3017 5309 2655 5309 2653 5309 3017 5310 2653 5310 3014 5310 3014 645 2653 645 2651 645 3014 5311 2651 5311 2649 5311 2657 645 3017 645 2659 645 2659 645 3017 645 3020 645 2659 645 3020 645 2661 645 2671 645 3026 645 2673 645 2673 645 3026 645 3028 645 2673 5312 3028 5312 2675 5312 3031 645 2679 645 3028 645 3028 5313 2679 5313 2677 5313 3028 5314 2677 5314 2675 5314 2687 645 2685 645 3034 645 3034 5315 2685 5315 2683 5315 3034 5316 2683 5316 3031 5316 3031 5317 2683 5317 2681 5317 3031 5318 2681 5318 2679 5318 2687 645 3034 645 2689 645 2689 645 3034 645 3037 645 2689 645 3037 645 2691 645 2984 5319 2983 5319 3055 5319 3055 5320 2983 5320 2992 5320 3055 5321 2992 5321 2976 5321 49 645 2719 645 3001 645 3001 5322 2719 5322 2720 5322 3001 5323 2720 5323 2721 5323 2669 5324 2667 5324 3023 5324 3023 645 2667 645 2665 645 3023 5325 2665 5325 3020 5325 3020 5326 2665 5326 2663 5326 3020 5327 2663 5327 2661 5327 3040 645 2695 645 3037 645 3037 5328 2695 5328 2693 5328 3037 5329 2693 5329 2691 5329 3065 645 3048 645 3066 645 3066 645 3048 645 3047 645 3066 645 3047 645 2713 645 2713 645 3047 645 2711 645 2721 645 2722 645 3001 645 3001 5330 2722 5330 2710 5330 3001 645 2710 645 3040 645 3040 5331 2710 5331 2709 5331 3040 645 2709 645 2707 645 2707 645 2705 645 3040 645 3040 5332 2705 5332 2703 5332 3040 5333 2703 5333 2701 5333 2701 645 2699 645 3040 645 3040 5334 2699 5334 2697 5334 3040 5335 2697 5335 2695 5335 2629 645 2627 645 2999 645 2999 645 2627 645 2626 645 2999 645 2626 645 3067 645 3067 5336 2626 5336 2609 5336 3067 5337 2609 5337 2608 5337 2608 645 2606 645 3067 645 3067 5338 2606 5338 2605 5338 3067 645 2605 645 3055 645 3055 5339 2605 5339 2610 5339 3055 5340 2610 5340 2612 5340 3068 5341 3069 5341 3070 5341 2333 5342 2332 5342 3054 5342 3071 5343 2337 5343 3072 5343 3072 5344 2337 5344 2335 5344 2301 5345 3073 5345 2302 5345 2302 5346 3073 5346 2341 5346 2302 5347 2341 5347 3071 5347 3071 5348 2341 5348 2339 5348 3071 5349 2339 5349 2337 5349 3052 5350 3072 5350 3054 5350 3054 5351 3072 5351 2335 5351 3054 5352 2335 5352 2333 5352 2150 5353 2302 5353 3074 5353 3074 5354 2302 5354 3071 5354 3074 5355 3071 5355 3070 5355 3070 5356 3071 5356 3072 5356 3070 5357 3072 5357 3068 5357 3068 5358 3072 5358 3052 5358 3075 5359 3076 5359 3077 5359 3077 5360 3076 5360 3078 5360 3077 5361 3078 5361 3079 5361 3079 5362 3078 5362 3080 5362 3081 5363 3082 5363 3080 5363 3080 5364 3082 5364 3083 5364 3080 5365 3083 5365 3079 5365 3084 5366 3085 5366 3086 5366 3086 5367 3085 5367 3087 5367 3069 5368 3087 5368 3070 5368 3070 5369 3087 5369 3085 5369 3070 5370 3085 5370 3074 5370 3086 5371 3082 5371 3084 5371 3084 5372 3082 5372 3081 5372 3084 5373 3081 5373 3085 5373 3085 5374 3081 5374 3088 5374 3085 5375 3088 5375 3074 5375 3074 5376 3088 5376 2150 5376 2150 5377 3088 5377 2075 5377 2075 5378 3088 5378 3081 5378 2075 5379 3081 5379 2076 5379 2076 5380 3081 5380 3080 5380 2076 5381 3080 5381 2078 5381 2078 5382 3080 5382 3078 5382 2078 5383 3078 5383 2072 5383 2072 5384 3078 5384 3076 5384 2072 5385 3076 5385 2073 5385 3075 5386 3089 5386 3090 5386 3075 5387 3090 5387 3076 5387 3076 5388 3090 5388 2215 5388 3076 5389 2215 5389 2073 5389 2242 5390 2236 5390 2240 5390 3091 5391 3092 5391 3093 5391 3093 5392 3092 5392 3094 5392 3093 5393 3094 5393 3095 5393 3095 5394 3094 5394 3096 5394 3095 5395 3096 5395 3097 5395 3091 5396 3098 5396 3099 5396 3099 5397 3098 5397 3100 5397 3091 5398 3093 5398 3098 5398 3098 5399 3093 5399 2593 5399 3098 5400 2593 5400 2592 5400 2241 5401 3095 5401 2240 5401 2240 5402 3095 5402 3097 5402 2240 5403 3097 5403 2242 5403 2241 5404 2589 5404 3095 5404 3095 5405 2589 5405 2590 5405 3095 5406 2590 5406 3093 5406 3093 5407 2590 5407 2594 5407 3093 5408 2594 5408 2593 5408 3094 5409 3092 5409 2265 5409 2265 5410 3092 5410 3091 5410 2265 5411 3091 5411 2258 5411 3100 5412 2253 5412 2256 5412 2258 5413 3091 5413 2256 5413 2256 5414 3091 5414 3099 5414 2256 5415 3099 5415 3100 5415 2233 5416 2242 5416 2230 5416 2230 5417 2242 5417 3097 5417 2230 5418 3097 5418 2226 5418 2226 5419 3097 5419 3096 5419 2226 5420 3096 5420 2224 5420 2224 5421 3096 5421 3094 5421 2224 5422 3094 5422 2244 5422 2244 5423 3094 5423 2265 5423 3101 5424 3102 5424 3103 5424 3104 5425 3105 5425 3106 5425 3106 5426 3105 5426 3107 5426 3108 5427 3109 5427 3110 5427 3110 5428 3109 5428 3111 5428 3110 5429 3111 5429 3107 5429 3107 5430 3111 5430 3112 5430 3107 5431 3112 5431 3106 5431 3103 5432 3102 5432 3113 5432 3102 5433 3114 5433 3113 5433 3113 5434 3114 5434 3115 5434 3113 5435 3115 5435 3110 5435 3110 5436 3115 5436 3116 5436 3110 5437 3116 5437 3108 5437 3117 5438 3118 5438 3103 5438 3103 5439 3118 5439 3119 5439 3103 5440 3119 5440 3101 5440 2253 5441 3117 5441 2254 5441 2254 5442 3117 5442 3103 5442 2254 5443 3103 5443 2263 5443 2263 5444 3103 5444 3113 5444 2263 5445 3113 5445 2264 5445 2264 5446 3113 5446 3110 5446 2264 5447 3110 5447 2250 5447 2250 5448 3110 5448 3107 5448 2250 5449 3107 5449 2251 5449 2251 5450 3107 5450 3105 5450 3119 5451 3118 5451 3120 5451 3104 0 3106 0 3121 0 3121 5452 3106 5452 3112 5452 3121 5453 3112 5453 3111 5453 3111 0 3109 0 3121 0 3121 5454 3109 5454 3108 5454 3121 5455 3108 5455 3122 5455 3122 5456 3108 5456 3116 5456 3122 0 3116 0 3120 0 3120 5457 3116 5457 3115 5457 3120 5458 3115 5458 3114 5458 3114 0 3102 0 3120 0 3120 5459 3102 5459 3101 5459 3120 5460 3101 5460 3119 5460 3123 5461 3124 5461 3125 5461 3122 5462 3120 5462 3126 5462 2248 5463 2249 5463 3127 5463 2249 5464 2269 5464 3127 5464 3127 5465 2269 5465 2267 5465 3127 5466 2267 5466 2252 5466 2239 5467 2216 5467 2248 5467 3104 5468 3121 5468 3128 5468 3128 5469 3121 5469 3122 5469 2252 5470 2251 5470 3127 5470 3127 5471 2251 5471 3105 5471 3127 5472 3105 5472 3129 5472 3122 5473 3126 5473 3128 5473 3128 5474 3126 5474 3130 5474 3128 5475 3130 5475 3131 5475 3131 5476 3130 5476 3132 5476 3131 5477 3132 5477 3133 5477 3132 5478 3134 5478 3133 5478 3133 5479 3134 5479 3135 5479 3133 5480 3135 5480 3136 5480 3136 5481 3135 5481 3137 5481 3136 5482 3137 5482 3138 5482 3138 5483 3137 5483 3139 5483 3138 5484 3139 5484 3140 5484 3140 5485 3139 5485 3141 5485 3141 5486 3123 5486 3140 5486 3140 5487 3123 5487 3125 5487 3140 5488 3125 5488 3138 5488 3138 5489 3125 5489 3142 5489 3138 5490 3142 5490 3136 5490 3136 5491 3142 5491 3143 5491 3136 5492 3143 5492 3133 5492 3133 5493 3143 5493 3144 5493 3133 5494 3144 5494 3131 5494 3131 5495 3144 5495 3145 5495 3131 5496 3145 5496 3128 5496 3128 5497 3145 5497 3129 5497 3128 5498 3129 5498 3104 5498 3104 5499 3129 5499 3105 5499 2248 5500 3127 5500 2239 5500 2239 5501 3127 5501 3129 5501 2239 5502 3129 5502 2220 5502 2220 5503 3129 5503 3145 5503 2220 5504 3145 5504 2219 5504 2219 5505 3145 5505 3144 5505 2219 5506 3144 5506 2221 5506 2221 5507 3144 5507 3143 5507 2221 5508 3143 5508 2222 5508 2222 5509 3143 5509 3142 5509 2222 5510 3142 5510 2223 5510 2223 5511 3142 5511 3125 5511 2223 5512 3125 5512 2218 5512 2218 5513 3125 5513 3124 5513 2218 5514 3124 5514 2217 5514 2292 5515 2217 5515 3124 5515 2292 5516 3124 5516 3146 5516 3146 5517 3124 5517 3123 5517 3146 5518 3123 5518 3147 5518 3147 5519 3123 5519 3141 5519 3147 5520 3141 5520 3148 5520 3149 5521 2294 5521 2293 5521 3149 5522 2293 5522 3150 5522 3150 5523 2293 5523 2298 5523 3150 5524 2298 5524 3151 5524 3151 5525 2298 5525 2283 5525 3151 5526 2283 5526 2291 5526 3152 5527 2295 5527 2294 5527 2294 5528 3153 5528 3152 5528 3152 5529 3153 5529 3154 5529 3152 5530 3154 5530 3155 5530 3155 5531 3154 5531 3156 5531 3155 5532 3156 5532 3157 5532 3156 5533 3158 5533 3157 5533 3157 5534 3158 5534 3159 5534 3157 5535 3159 5535 3160 5535 3160 5536 3159 5536 3161 5536 3160 5537 3161 5537 3162 5537 3162 5538 3161 5538 3163 5538 3162 5539 3163 5539 3164 5539 3163 5540 3165 5540 3164 5540 3164 5541 3165 5541 3166 5541 3164 5542 3166 5542 3167 5542 3167 5543 3166 5543 3168 5543 3167 5544 3168 5544 3169 5544 3168 5545 3170 5545 3169 5545 3169 5546 3170 5546 3171 5546 3169 5547 3171 5547 3172 5547 3172 5548 3171 5548 3173 5548 3172 5549 3173 5549 3174 5549 3173 5550 3175 5550 3174 5550 3174 5551 3175 5551 3176 5551 3174 5552 3176 5552 3177 5552 3177 5553 3176 5553 3178 5553 3177 5554 3178 5554 3179 5554 3178 5555 3180 5555 3179 5555 3179 5556 3180 5556 3181 5556 3179 5557 3181 5557 3182 5557 3182 5558 3181 5558 3183 5558 3182 5559 3183 5559 3184 5559 3184 5560 3183 5560 3185 5560 3184 5561 3185 5561 3186 5561 3185 5562 3187 5562 3186 5562 3186 5563 3187 5563 3188 5563 3186 5564 3188 5564 3189 5564 3189 5565 3188 5565 3190 5565 3189 5566 3190 5566 3191 5566 3190 5567 3192 5567 3191 5567 3191 5568 3192 5568 3193 5568 3191 5569 3193 5569 3194 5569 3194 5570 3193 5570 3195 5570 3194 5571 3195 5571 3196 5571 3195 5572 3197 5572 3196 5572 3196 5573 3197 5573 3198 5573 3196 5574 3198 5574 3199 5574 3199 5575 3198 5575 3200 5575 3199 5576 3200 5576 3201 5576 3200 5577 3202 5577 3201 5577 3201 5578 3202 5578 3203 5578 3201 5579 3203 5579 3204 5579 3204 5580 3203 5580 3205 5580 3204 5581 3205 5581 3206 5581 3206 5582 3205 5582 3207 5582 3206 5583 3207 5583 3208 5583 3207 5584 3209 5584 3208 5584 3208 5585 3209 5585 3210 5585 3208 5586 3210 5586 3211 5586 3211 5587 3210 5587 3212 5587 3211 5588 3212 5588 3213 5588 3212 5589 3214 5589 3213 5589 3213 5590 3214 5590 3215 5590 3213 5591 3215 5591 3216 5591 3216 5592 3215 5592 3217 5592 3216 5593 3217 5593 3218 5593 3217 5594 3219 5594 3218 5594 3218 5595 3219 5595 3220 5595 3218 5596 3220 5596 3221 5596 3221 5597 3220 5597 3222 5597 3221 5598 3222 5598 3223 5598 3222 5599 3224 5599 3223 5599 3223 5600 3224 5600 3225 5600 3223 5601 3225 5601 3226 5601 3226 5602 3225 5602 3227 5602 3226 5603 3227 5603 3228 5603 3228 5604 3227 5604 3229 5604 2290 5605 2295 5605 2299 5605 2299 5606 2295 5606 3152 5606 2299 5607 3152 5607 2330 5607 2330 5608 3152 5608 3155 5608 2330 5609 3155 5609 2331 5609 2331 5610 3155 5610 3157 5610 2331 5611 3157 5611 2328 5611 2328 5612 3157 5612 3160 5612 2328 5613 3160 5613 2327 5613 2327 5614 3160 5614 3162 5614 2327 5615 3162 5615 2326 5615 2326 5616 3162 5616 3164 5616 2326 5617 3164 5617 2329 5617 2329 5618 3164 5618 3167 5618 2329 5619 3167 5619 2325 5619 2325 5620 3167 5620 3169 5620 2325 5621 3169 5621 2324 5621 2324 5622 3169 5622 3172 5622 2324 5623 3172 5623 2323 5623 2323 5624 3172 5624 3174 5624 2323 5625 3174 5625 2322 5625 2322 5626 3174 5626 3177 5626 2322 5627 3177 5627 2321 5627 2321 5628 3177 5628 3179 5628 2321 5629 3179 5629 2320 5629 2320 5630 3179 5630 3182 5630 2320 5631 3182 5631 2319 5631 2319 5632 3182 5632 3184 5632 2319 5633 3184 5633 2318 5633 2318 5634 3184 5634 3186 5634 2318 5635 3186 5635 2317 5635 2317 5636 3186 5636 3189 5636 2317 5637 3189 5637 2316 5637 2316 5638 3189 5638 3191 5638 2316 5639 3191 5639 2315 5639 2315 5640 3191 5640 3194 5640 2315 5641 3194 5641 2314 5641 2314 5642 3194 5642 3196 5642 2314 5643 3196 5643 2313 5643 2313 5644 3196 5644 3199 5644 2313 5645 3199 5645 2312 5645 2312 5646 3199 5646 3201 5646 2312 5647 3201 5647 2311 5647 2311 5648 3201 5648 3204 5648 2311 5649 3204 5649 2310 5649 2310 5650 3204 5650 3206 5650 2310 5651 3206 5651 2309 5651 2309 5652 3206 5652 3208 5652 2309 5653 3208 5653 2308 5653 2308 5654 3208 5654 3211 5654 2308 5655 3211 5655 2307 5655 2307 5656 3211 5656 3213 5656 2307 5657 3213 5657 2306 5657 2306 5658 3213 5658 3216 5658 2306 5659 3216 5659 2305 5659 2305 5660 3216 5660 3218 5660 2305 5661 3218 5661 2304 5661 2304 5662 3218 5662 3221 5662 2304 5663 3221 5663 2303 5663 2303 5664 3221 5664 3223 5664 2303 5665 3223 5665 2300 5665 2300 5666 3223 5666 3226 5666 2300 5667 3226 5667 2301 5667 2301 5668 3226 5668 3228 5668 3230 5669 2347 5669 3231 5669 3231 5670 2347 5670 2342 5670 3231 5671 2342 5671 3073 5671 3073 5672 2342 5672 2341 5672 3229 5673 3230 5673 3228 5673 3228 5674 3230 5674 3231 5674 3228 5675 3231 5675 2301 5675 2301 5676 3231 5676 3073 5676 3232 5677 3064 5677 3063 5677 3063 5678 3062 5678 3233 5678 3233 5679 3234 5679 2345 5679 3053 5680 2332 5680 3056 5680 3056 5681 2332 5681 2343 5681 3059 5682 3058 5682 3234 5682 3234 5683 3058 5683 3057 5683 3234 5684 3057 5684 2345 5684 2345 5685 3057 5685 3056 5685 2345 5686 3056 5686 2344 5686 2344 5687 3056 5687 2343 5687 3232 5688 3063 5688 3235 5688 3235 5689 3063 5689 3233 5689 3235 5690 3233 5690 3236 5690 3236 5691 3233 5691 2345 5691 3236 5692 2345 5692 3237 5692 3237 5693 2345 5693 2346 5693 3237 5694 2346 5694 3238 5694 3238 5695 2346 5695 2347 5695 3238 5696 2347 5696 3239 5696 63 5697 62 5697 3240 5697 3240 5698 62 5698 3241 5698 3240 5699 3241 5699 3242 5699 3242 5700 3241 5700 3243 5700 3242 5701 3243 5701 2619 5701 2619 5702 3243 5702 2353 5702 64 5703 63 5703 3244 5703 3244 5704 63 5704 3240 5704 3244 5705 3240 5705 3245 5705 3245 5706 3240 5706 3242 5706 3245 5707 3242 5707 2625 5707 2625 5708 3242 5708 2619 5708 69 5709 67 5709 3246 5709 3246 5710 67 5710 3247 5710 3246 5711 3247 5711 3248 5711 3248 5712 3247 5712 3249 5712 3248 5713 3249 5713 2357 5713 2357 5714 3249 5714 2358 5714 61 5715 69 5715 3250 5715 3250 5716 69 5716 3246 5716 3250 5717 3246 5717 3251 5717 3251 5718 3246 5718 3248 5718 3251 5719 3248 5719 2354 5719 2354 5720 3248 5720 2357 5720 62 5721 61 5721 3241 5721 3241 5722 61 5722 3250 5722 3241 5723 3250 5723 3243 5723 3243 5724 3250 5724 3251 5724 3243 5725 3251 5725 2353 5725 2353 5726 3251 5726 2354 5726 65 5727 68 5727 3252 5727 3252 5728 68 5728 3253 5728 3252 5729 3253 5729 3254 5729 3254 5730 3253 5730 3255 5730 3254 5731 3255 5731 2778 5731 2778 5732 3255 5732 184 5732 66 5733 65 5733 3256 5733 3256 5734 65 5734 3252 5734 3256 5735 3252 5735 3257 5735 3257 5736 3252 5736 3254 5736 3257 5737 3254 5737 2779 5737 2779 5738 3254 5738 2778 5738 67 5739 66 5739 3247 5739 3247 5740 66 5740 3256 5740 3247 5741 3256 5741 3249 5741 3249 5742 3256 5742 3257 5742 3249 5743 3257 5743 2358 5743 2358 5744 3257 5744 2779 5744 3258 5745 3259 5745 3260 5745 3259 5746 188 5746 190 5746 3258 5747 3260 5747 3261 5747 78 5748 3261 5748 3262 5748 78 5749 3262 5749 79 5749 79 5750 3262 5750 3263 5750 79 5751 3263 5751 80 5751 80 5752 3263 5752 74 5752 74 5753 3263 5753 3264 5753 74 5754 3264 5754 73 5754 73 5755 3264 5755 3265 5755 73 5756 3265 5756 59 5756 3259 5757 190 5757 3260 5757 3260 5758 190 5758 191 5758 3260 5759 191 5759 3266 5759 3266 5760 191 5760 187 5760 3266 5761 187 5761 3267 5761 3267 5762 187 5762 186 5762 3267 5763 186 5763 3268 5763 3268 5764 186 5764 185 5764 3268 5765 185 5765 3269 5765 3269 5766 185 5766 181 5766 3269 5767 181 5767 3270 5767 3270 5768 181 5768 180 5768 3270 5769 180 5769 3271 5769 3271 5770 180 5770 184 5770 3271 5771 184 5771 3255 5771 3261 5772 3260 5772 3262 5772 3262 5773 3260 5773 3266 5773 3262 5774 3266 5774 3263 5774 3263 5775 3266 5775 3267 5775 3263 5776 3267 5776 3264 5776 3264 5777 3267 5777 3268 5777 3264 5778 3268 5778 3265 5778 3265 5779 3268 5779 3269 5779 3265 5780 3269 5780 3272 5780 3272 5781 3269 5781 3270 5781 3272 5782 3270 5782 3273 5782 3273 5783 3270 5783 3271 5783 3273 5784 3271 5784 3274 5784 3274 5785 3271 5785 3255 5785 3274 5786 3255 5786 3253 5786 59 5787 3265 5787 60 5787 60 5788 3265 5788 3272 5788 60 5789 3272 5789 70 5789 70 5790 3272 5790 3273 5790 70 5791 3273 5791 71 5791 71 5792 3273 5792 3274 5792 71 5793 3274 5793 72 5793 72 5794 3274 5794 3253 5794 72 5795 3253 5795 68 5795 75 5796 3275 5796 3276 5796 188 5797 3277 5797 2770 5797 2770 5798 3277 5798 3276 5798 2770 5799 3276 5799 2769 5799 2769 5800 3276 5800 3275 5800 2769 5801 3275 5801 2458 5801 188 5802 3259 5802 3277 5802 3277 5803 3259 5803 3258 5803 3277 5804 3258 5804 3261 5804 75 5805 3276 5805 76 5805 76 5806 3276 5806 3277 5806 76 5807 3277 5807 77 5807 77 5808 3277 5808 3261 5808 77 5809 3261 5809 78 5809 3275 5810 3278 5810 2458 5810 2458 5811 3278 5811 2459 5811 2459 5812 3278 5812 2460 5812 2460 5813 3278 5813 3279 5813 2460 5814 3279 5814 2456 5814 2456 5815 3279 5815 2463 5815 2463 5816 3279 5816 3280 5816 2463 5817 3280 5817 2462 5817 2462 5818 3280 5818 3281 5818 2462 5819 3281 5819 2461 5819 86 5820 3281 5820 87 5820 87 5821 3281 5821 3280 5821 87 5822 3280 5822 83 5822 83 5823 3280 5823 3279 5823 83 5824 3279 5824 84 5824 84 5825 3279 5825 3278 5825 84 5826 3278 5826 81 5826 81 5827 3278 5827 82 5827 82 5828 3278 5828 3275 5828 82 5829 3275 5829 75 5829 3282 5830 90 5830 89 5830 3283 5831 2493 5831 2494 5831 3284 5832 3282 5832 3283 5832 90 5833 3282 5833 57 5833 3283 5834 2494 5834 3284 5834 3284 5835 2494 5835 2495 5835 3284 5836 2495 5836 3285 5836 3285 5837 2495 5837 2496 5837 3285 5838 2496 5838 3286 5838 3286 5839 2496 5839 2461 5839 3286 5840 2461 5840 3281 5840 3282 5841 3284 5841 57 5841 57 5842 3284 5842 3285 5842 57 5843 3285 5843 58 5843 58 5844 3285 5844 3286 5844 58 5845 3286 5845 85 5845 85 5846 3286 5846 3281 5846 85 5847 3281 5847 86 5847 3287 5848 3288 5848 88 5848 88 5849 3288 5849 89 5849 89 5850 3288 5850 3282 5850 3282 5851 3288 5851 3289 5851 3282 5852 3289 5852 3283 5852 3283 5853 3289 5853 2493 5853 2493 5854 3289 5854 3290 5854 2493 5855 3290 5855 2491 5855 3290 5856 2478 5856 2471 5856 2491 5857 3290 5857 2492 5857 2492 5858 3290 5858 2471 5858 2492 5859 2471 5859 2470 5859 3287 5860 3291 5860 3288 5860 3288 5861 3291 5861 3292 5861 3288 5862 3292 5862 3289 5862 3289 5863 3292 5863 3293 5863 3289 5864 3293 5864 3290 5864 3290 5865 3293 5865 3294 5865 3290 5866 3294 5866 2478 5866 2478 5867 3294 5867 2468 5867 3291 5868 2484 5868 3292 5868 3292 5869 2484 5869 2490 5869 3292 5870 2490 5870 3293 5870 3293 5871 2490 5871 2489 5871 3293 5872 2489 5872 3294 5872 3294 5873 2489 5873 2488 5873 3294 5874 2488 5874 2468 5874 2468 5875 2488 5875 1571 5875 3295 5876 246 5876 247 5876 3295 5877 2504 5877 2502 5877 244 5878 246 5878 2498 5878 2498 5879 246 5879 3295 5879 2498 5880 3295 5880 2501 5880 2501 5881 3295 5881 2502 5881 460 5882 459 5882 2508 5882 765 5883 471 5883 472 5883 172 5884 171 5884 3296 5884 3296 5885 171 5885 763 5885 3296 5886 763 5886 472 5886 472 5887 763 5887 766 5887 472 5888 766 5888 765 5888 2508 5889 2506 5889 460 5889 460 5890 2506 5890 2504 5890 460 5891 2504 5891 484 5891 484 5892 2504 5892 3295 5892 484 5893 3295 5893 3297 5893 3297 5894 3295 5894 247 5894 477 5895 475 5895 3297 5895 3297 5896 475 5896 474 5896 3297 5897 474 5897 484 5897 172 5898 3296 5898 176 5898 176 5899 3296 5899 3298 5899 176 5900 3298 5900 251 5900 472 5901 478 5901 3296 5901 3296 5902 478 5902 477 5902 3296 5903 477 5903 3298 5903 3298 5904 477 5904 3297 5904 3298 5905 3297 5905 251 5905 251 5906 3297 5906 247 5906 873 5907 872 5907 3299 5907 507 5908 506 5908 2558 5908 2558 5909 506 5909 2556 5909 282 5910 2548 5910 3300 5910 3300 5911 2548 5911 2550 5911 3300 5912 2550 5912 2552 5912 872 5913 871 5913 3299 5913 3299 5914 871 5914 870 5914 3299 5915 870 5915 164 5915 516 5916 523 5916 874 5916 874 5917 873 5917 516 5917 516 5918 873 5918 3299 5918 516 5919 3299 5919 517 5919 517 5920 3299 5920 3301 5920 517 5921 3301 5921 519 5921 519 5922 3301 5922 520 5922 520 5923 3301 5923 3302 5923 520 5924 3302 5924 515 5924 515 5925 3302 5925 3303 5925 515 5926 3303 5926 513 5926 282 5927 3300 5927 281 5927 281 5928 3300 5928 3303 5928 281 5929 3303 5929 274 5929 274 5930 3303 5930 3302 5930 274 5931 3302 5931 292 5931 292 5932 3302 5932 3301 5932 292 5933 3301 5933 284 5933 284 5934 3301 5934 3299 5934 284 5935 3299 5935 283 5935 283 5936 3299 5936 164 5936 283 5937 164 5937 162 5937 513 5938 3303 5938 510 5938 510 5939 3303 5939 3300 5939 510 5940 3300 5940 511 5940 511 5941 3300 5941 2552 5941 511 5942 2552 5942 506 5942 506 5943 2552 5943 2554 5943 506 5944 2554 5944 2556 5944 3304 1570 3305 1570 3306 1570 2714 1570 2712 1570 2973 1570 3304 1570 3306 1570 2973 1570 2973 5945 3306 5945 3307 5945 2973 5946 3307 5946 3308 5946 3308 5947 3309 5947 2973 5947 2973 1570 3309 1570 3310 1570 2973 5948 3310 5948 2714 5948 2713 5949 2714 5949 3066 5949 3066 5950 2714 5950 3310 5950 3066 5951 3310 5951 3065 5951 3307 5952 3048 5952 3308 5952 3308 5953 3048 5953 3065 5953 3308 5954 3065 5954 3309 5954 3309 5955 3065 5955 3310 5955 0 3012 2575 3012 1 3012 1 5956 2575 5956 2574 5956 1 5957 2574 5957 15 5957 15 3015 2574 3015 2573 3015 15 1408 2573 1408 17 1408 17 5958 2573 5958 2572 5958 17 5959 2572 5959 19 5959 19 3019 2572 3019 2571 3019 19 3018 2571 3018 25 3018 25 3020 2571 3020 2570 3020 25 3020 2570 3020 27 3020 27 5960 2570 5960 2569 5960 27 5961 2569 5961 29 5961 29 3024 2569 3024 2568 3024 29 3023 2568 3023 31 3023 31 5962 2568 5962 2567 5962 31 5963 2567 5963 33 5963 33 3027 2567 3027 2566 3027 33 5964 2566 5964 35 5964 35 3029 2566 3029 2565 3029 35 3029 2565 3029 37 3029 37 5965 2565 5965 2564 5965 37 5966 2564 5966 11 5966 11 3032 2564 3032 2583 3032 11 1398 2583 1398 12 1398 12 5967 2583 5967 2582 5967 12 5968 2582 5968 22 5968 22 3035 2582 3035 2581 3035 22 3035 2581 3035 23 3035 23 3037 2581 3037 2580 3037 23 3036 2580 3036 46 3036 46 5969 2580 5969 2579 5969 46 5970 2579 5970 44 5970 44 3041 2579 3041 2578 3041 44 3040 2578 3040 42 3040 42 5971 2578 5971 2577 5971 42 5972 2577 5972 40 5972 40 3044 2577 3044 2576 3044 40 5973 2576 5973 0 5973 0 3012 2576 3012 2575 3012 3287 2146 88 2146 6 2146 4 2146 2586 2146 6 2146 6 2146 2586 2146 1667 2146 1667 2146 2484 2146 6 2146 6 5974 2484 5974 3291 5974 6 2146 3291 2146 3287 2146 48 5975 2592 5975 2597 5975 48 5976 2597 5976 21 5976 21 5977 2597 5977 2596 5977 21 5978 2596 5978 8 5978 8 5979 2596 5979 2586 5979 8 5980 2586 5980 4 5980 32 5981 34 5981 3311 5981 3311 5982 34 5982 3312 5982 3312 5983 34 5983 3313 5983 3313 5984 34 5984 36 5984 3313 5985 36 5985 3314 5985 3314 5986 36 5986 50 5986 3314 5987 50 5987 3044 5987 3315 5988 3316 5988 3317 5988 3318 5989 3319 5989 3315 5989 3319 5990 3320 5990 3315 5990 3315 5991 3320 5991 3321 5991 3315 5992 3321 5992 3322 5992 3323 5993 3324 5993 3325 5993 3325 5994 3324 5994 3318 5994 3325 5995 3318 5995 3326 5995 2215 5996 3090 5996 3327 5996 3318 5997 3315 5997 3326 5997 3326 5998 3315 5998 3317 5998 3326 5999 3317 5999 3325 5999 3325 6000 3317 6000 3328 6000 3325 6001 3328 6001 3323 6001 3323 6002 3328 6002 3329 6002 3323 6003 3329 6003 3330 6003 3330 6004 3329 6004 3327 6004 3330 6005 3327 6005 3331 6005 3331 6006 3327 6006 3090 6006 3331 6007 3090 6007 3089 6007 2215 6008 3327 6008 2900 6008 2900 6009 3327 6009 3329 6009 2900 6010 3329 6010 2896 6010 2896 6011 3329 6011 3328 6011 2896 6012 3328 6012 2897 6012 2897 6013 3328 6013 3317 6013 2897 6014 3317 6014 2899 6014 2899 6015 3317 6015 3316 6015 2899 6016 3316 6016 2962 6016 3305 6017 3304 6017 3332 6017 3332 6018 3304 6018 2973 6018 1966 6019 2963 6019 2972 6019 2972 6020 2963 6020 3333 6020 2972 6021 3333 6021 2971 6021 2971 6022 3333 6022 3332 6022 2971 6023 3332 6023 2968 6023 2968 6024 3332 6024 2973 6024 2968 6025 2973 6025 2969 6025 3334 6026 3315 6026 3335 6026 3335 6027 3315 6027 3322 6027 3334 6028 3336 6028 3315 6028 3315 6029 3336 6029 3337 6029 3315 6030 3337 6030 3338 6030 3338 6031 3305 6031 3315 6031 3315 6032 3305 6032 3332 6032 3315 6033 3332 6033 3316 6033 3316 6034 3332 6034 3333 6034 3316 6035 3333 6035 2962 6035 2962 6036 3333 6036 2963 6036 3338 1413 3337 1413 3047 1413 3046 1413 3306 1413 3047 1413 3047 1413 3306 1413 3305 1413 3047 1413 3305 1413 3338 1413 3322 6037 3321 6037 3050 6037 3050 6038 3321 6038 3320 6038 3319 6039 3339 6039 3320 6039 3320 6040 3339 6040 3051 6040 3320 6041 3051 6041 3050 6041 3322 6042 3050 6042 3335 6042 3335 6043 3050 6043 3049 6043 3335 6044 3049 6044 3334 6044 3334 6045 3049 6045 3336 6045 3336 6046 3049 6046 3047 6046 3336 6047 3047 6047 3337 6047 3306 6048 3046 6048 3307 6048 3307 6049 3046 6049 3045 6049 3307 6050 3045 6050 3048 6050 3086 6051 3087 6051 3051 6051 3087 6052 3069 6052 3051 6052 3051 2455 3069 2455 3068 2455 3051 2455 3068 2455 3052 2455 3339 6053 3319 6053 3318 6053 3339 6054 3318 6054 3051 6054 3051 2455 3318 2455 3324 2455 3051 6055 3324 6055 3086 6055 3089 2455 3075 2455 3082 2455 3324 2455 3323 2455 3086 2455 3086 6056 3323 6056 3330 6056 3086 6057 3330 6057 3082 6057 3082 6058 3330 6058 3331 6058 3082 2455 3331 2455 3089 2455 3077 2455 3079 2455 3075 2455 3075 6059 3079 6059 3083 6059 3075 2455 3083 2455 3082 2455 2996 6060 2997 6060 2993 6060 2988 2146 2994 2146 2989 2146 2989 6061 2994 6061 2995 6061 2989 2146 2995 2146 2987 2146 2987 2146 2995 2146 2985 2146 2996 2146 2993 2146 2995 2146 2995 2146 2993 2146 2982 2146 2995 6062 2982 6062 2985 6062 3340 6063 2716 6063 2715 6063 51 6064 3341 6064 49 6064 55 6065 64 6065 56 6065 56 6066 64 6066 3244 6066 52 6067 3342 6067 51 6067 51 6068 3342 6068 3340 6068 51 6069 3340 6069 3341 6069 3341 6070 3340 6070 2715 6070 3341 6071 2715 6071 49 6071 49 6072 2715 6072 2718 6072 2625 6073 2716 6073 3245 6073 3245 6074 2716 6074 3340 6074 3245 6075 3340 6075 3244 6075 3244 6076 3340 6076 3342 6076 3244 6077 3342 6077 56 6077 56 6078 3342 6078 52 6078 92 6079 3002 6079 3343 6079 3343 6080 3002 6080 3344 6080 3345 6081 100 6081 3343 6081 3343 6082 100 6082 93 6082 3343 6083 93 6083 92 6083 3346 6084 103 6084 3345 6084 3345 6085 103 6085 102 6085 3345 6086 102 6086 100 6086 109 6087 108 6087 3347 6087 3347 6088 108 6088 106 6088 3347 6089 106 6089 3346 6089 3346 6090 106 6090 105 6090 3346 6091 105 6091 103 6091 109 6092 3347 6092 111 6092 111 6093 3347 6093 3348 6093 111 6094 3348 6094 112 6094 112 6095 3348 6095 113 6095 113 6096 3348 6096 3349 6096 113 6097 3349 6097 96 6097 3350 6098 2977 6098 3351 6098 3351 6099 2977 6099 2979 6099 3351 6100 2979 6100 3349 6100 3349 6101 2979 6101 94 6101 3349 6102 94 6102 96 6102 3350 6103 3351 6103 3352 6103 3352 6104 3351 6104 3353 6104 3352 6105 3353 6105 3354 6105 3354 6106 3353 6106 3355 6106 3355 6107 3353 6107 3356 6107 3355 6108 3356 6108 3357 6108 3358 6109 3003 6109 3356 6109 3356 6110 3003 6110 3000 6110 3356 6111 3000 6111 3357 6111 3359 6112 3006 6112 3358 6112 3358 6113 3006 6113 3004 6113 3358 6114 3004 6114 3003 6114 3360 6115 3009 6115 3359 6115 3359 6116 3009 6116 3007 6116 3359 6117 3007 6117 3006 6117 3361 6118 3012 6118 3360 6118 3360 6119 3012 6119 3010 6119 3360 6120 3010 6120 3009 6120 3362 6121 3015 6121 3361 6121 3361 6122 3015 6122 3013 6122 3361 6123 3013 6123 3012 6123 3363 6124 3018 6124 3362 6124 3362 6125 3018 6125 3016 6125 3362 6126 3016 6126 3015 6126 3364 6127 3021 6127 3363 6127 3363 6128 3021 6128 3019 6128 3363 6129 3019 6129 3018 6129 3365 6130 3024 6130 3364 6130 3364 6131 3024 6131 3022 6131 3364 6132 3022 6132 3021 6132 3366 6133 3027 6133 3365 6133 3365 6134 3027 6134 3025 6134 3365 6135 3025 6135 3024 6135 3367 6136 3030 6136 3366 6136 3366 6137 3030 6137 3029 6137 3366 6138 3029 6138 3027 6138 3368 6139 3033 6139 3367 6139 3367 6140 3033 6140 3032 6140 3367 6141 3032 6141 3030 6141 3369 6142 3036 6142 3368 6142 3368 6143 3036 6143 3035 6143 3368 6144 3035 6144 3033 6144 3370 6145 3039 6145 3369 6145 3369 6146 3039 6146 3038 6146 3369 6147 3038 6147 3036 6147 3002 6148 3043 6148 3344 6148 3344 6149 3043 6149 3042 6149 3344 6150 3042 6150 3370 6150 3370 6151 3042 6151 3041 6151 3370 6152 3041 6152 3039 6152 3171 6153 3170 6153 39 6153 3220 6154 3219 6154 28 6154 47 6155 3130 6155 3126 6155 3126 6156 3120 6156 47 6156 47 6157 3120 6157 3118 6157 47 6158 3118 6158 3117 6158 2592 6159 48 6159 3098 6159 3098 6160 48 6160 47 6160 3098 6161 47 6161 3100 6161 3100 6162 47 6162 3117 6162 3100 6163 3117 6163 2253 6163 2294 6164 3149 6164 3153 6164 3153 6165 3149 6165 3154 6165 3149 6166 3148 6166 3154 6166 3154 6167 3148 6167 3141 6167 3154 6168 3141 6168 45 6168 45 6169 3141 6169 3139 6169 45 6170 3139 6170 3137 6170 3137 6171 3135 6171 45 6171 45 6172 3135 6172 3134 6172 45 6173 3134 6173 47 6173 47 6174 3134 6174 3132 6174 47 6175 3132 6175 3130 6175 3239 6176 30 6176 3311 6176 3311 6177 30 6177 32 6177 3227 6178 30 6178 3229 6178 3229 6179 30 6179 3239 6179 3229 6180 3239 6180 3230 6180 3230 6181 3239 6181 2347 6181 3227 6182 3225 6182 30 6182 30 6183 3225 6183 3224 6183 30 6184 3224 6184 28 6184 28 6185 3224 6185 3222 6185 28 6186 3222 6186 3220 6186 3214 6187 26 6187 3215 6187 3215 6188 26 6188 28 6188 3215 6189 28 6189 3217 6189 3217 6190 28 6190 3219 6190 3214 6191 3212 6191 26 6191 26 6192 3212 6192 3210 6192 26 6193 3210 6193 24 6193 3205 6194 20 6194 3207 6194 3207 6195 20 6195 24 6195 3207 6196 24 6196 3209 6196 3209 6197 24 6197 3210 6197 3205 6198 3203 6198 20 6198 20 6199 3203 6199 3202 6199 20 6200 3202 6200 18 6200 3202 6201 3200 6201 18 6201 18 6202 3200 6202 3198 6202 18 6203 3198 6203 3197 6203 3192 6204 16 6204 3193 6204 3193 6205 16 6205 18 6205 3193 6206 18 6206 3195 6206 3195 6207 18 6207 3197 6207 3192 6208 3190 6208 16 6208 16 6209 3190 6209 3188 6209 16 6210 3188 6210 14 6210 3183 6211 2 6211 3185 6211 3185 6212 2 6212 14 6212 3185 6213 14 6213 3187 6213 3187 6214 14 6214 3188 6214 3178 6215 38 6215 3180 6215 3180 6216 38 6216 2 6216 3180 6217 2 6217 3181 6217 3181 6218 2 6218 3183 6218 3178 6219 3176 6219 38 6219 38 6220 3176 6220 3175 6220 38 6221 3175 6221 39 6221 39 6222 3175 6222 3173 6222 39 6223 3173 6223 3171 6223 3165 6224 41 6224 3166 6224 3166 6225 41 6225 39 6225 3166 6226 39 6226 3168 6226 3168 6227 39 6227 3170 6227 3165 6228 3163 6228 41 6228 41 6229 3163 6229 3161 6229 41 6230 3161 6230 43 6230 3161 6231 3159 6231 43 6231 43 6232 3159 6232 3158 6232 43 6233 3158 6233 45 6233 45 6234 3158 6234 3156 6234 45 6235 3156 6235 3154 6235 3059 6236 3234 6236 3061 6236 3061 6237 3234 6237 3233 6237 3061 6238 3233 6238 3060 6238 3060 6239 3233 6239 3062 6239 1162 6240 3371 6240 1160 6240 1160 6241 3371 6241 3372 6241 1160 6242 3372 6242 1158 6242 1158 6243 3372 6243 3373 6243 1158 6244 3373 6244 1156 6244 1156 6245 3373 6245 3374 6245 1156 6246 3374 6246 1154 6246 1154 6247 3374 6247 3375 6247 1154 6248 3375 6248 1152 6248 1152 6249 3375 6249 3376 6249 1152 6249 3376 6249 1150 6249 1150 6250 3376 6250 3377 6250 1150 6251 3377 6251 1148 6251 1148 6252 3377 6252 3378 6252 1148 6253 3378 6253 1146 6253 1146 6254 3378 6254 3379 6254 1146 6255 3379 6255 1144 6255 1144 6256 3379 6256 3380 6256 1144 6256 3380 6256 1142 6256 1142 6257 3380 6257 3381 6257 1142 6257 3381 6257 1140 6257 1140 6258 3381 6258 3382 6258 1140 6259 3382 6259 1178 6259 1178 6260 3382 6260 3383 6260 1178 6261 3383 6261 1176 6261 1176 6262 3383 6262 3384 6262 1176 6263 3384 6263 1174 6263 1174 6264 3384 6264 3385 6264 1174 6264 3385 6264 1172 6264 1172 6265 3385 6265 3386 6265 1172 6265 3386 6265 1170 6265 1170 6266 3386 6266 3387 6266 1170 6267 3387 6267 1168 6267 1168 6268 3387 6268 3388 6268 1168 6269 3388 6269 1166 6269 1166 6270 3388 6270 3389 6270 1166 6271 3389 6271 1164 6271 1164 6272 3389 6272 3390 6272 1164 6272 3390 6272 1162 6272 1162 6240 3390 6240 3371 6240 3390 6273 3391 6273 3371 6273 3371 6274 3391 6274 3392 6274 3371 6275 3392 6275 3372 6275 3372 6276 3392 6276 3393 6276 3372 6277 3393 6277 3373 6277 3373 6278 3393 6278 3394 6278 3373 6279 3394 6279 3374 6279 3374 6280 3394 6280 3395 6280 3374 6281 3395 6281 3375 6281 3375 6282 3395 6282 3396 6282 3375 6283 3396 6283 3376 6283 3376 6284 3396 6284 3397 6284 3376 6285 3397 6285 3377 6285 3377 6286 3397 6286 3398 6286 3377 6287 3398 6287 3378 6287 3378 6288 3398 6288 3399 6288 3378 6289 3399 6289 3379 6289 3379 6290 3399 6290 3400 6290 3379 6291 3400 6291 3380 6291 3380 6292 3400 6292 3401 6292 3380 6293 3401 6293 3381 6293 3381 6294 3401 6294 3402 6294 3381 6295 3402 6295 3382 6295 3382 6296 3402 6296 3403 6296 3382 6297 3403 6297 3383 6297 3383 6298 3403 6298 3404 6298 3383 6299 3404 6299 3384 6299 3384 6300 3404 6300 3405 6300 3384 6301 3405 6301 3385 6301 3385 6302 3405 6302 3406 6302 3385 6303 3406 6303 3386 6303 3386 6304 3406 6304 3407 6304 3386 6305 3407 6305 3387 6305 3387 6306 3407 6306 3408 6306 3387 6307 3408 6307 3388 6307 3388 6308 3408 6308 3409 6308 3388 6309 3409 6309 3389 6309 3389 6310 3409 6310 3410 6310 3389 6311 3410 6311 3390 6311 3390 6312 3410 6312 3391 6312 3411 6313 3392 6313 3412 6313 3412 6314 3392 6314 3391 6314 3412 1570 3391 1570 3413 1570 3413 1570 3391 1570 3410 1570 3413 1570 3410 1570 3414 1570 3414 1570 3410 1570 3409 1570 3414 1570 3409 1570 3415 1570 3416 6315 3398 6315 3417 6315 3417 6316 3398 6316 3397 6316 3417 6317 3397 6317 3418 6317 3418 6318 3397 6318 3396 6318 3418 1570 3396 1570 3419 1570 3419 1570 3396 1570 3395 1570 3419 1570 3395 1570 3420 1570 3420 1570 3395 1570 3394 1570 3420 6319 3394 6319 3411 6319 3411 6320 3394 6320 3393 6320 3411 6321 3393 6321 3392 6321 3409 1570 3408 1570 3415 1570 3415 6321 3408 6321 3407 6321 3415 6322 3407 6322 3421 6322 3421 6323 3407 6323 3406 6323 3421 1570 3406 1570 3422 1570 3422 1570 3406 1570 3405 1570 3422 1570 3405 1570 3423 1570 3405 1570 3404 1570 3423 1570 3423 6318 3404 6318 3403 6318 3423 1570 3403 1570 3424 1570 3424 6316 3403 6316 3402 6316 3424 6324 3402 6324 3425 6324 3425 6325 3402 6325 3401 6325 3425 1570 3401 1570 3426 1570 3426 1570 3401 1570 3400 1570 3426 1570 3400 1570 3416 1570 3416 1570 3400 1570 3399 1570 3416 6325 3399 6325 3398 6325 3425 6326 3427 6326 3424 6326 3424 6327 3427 6327 3428 6327 3424 6328 3428 6328 3423 6328 3428 6329 3429 6329 3423 6329 3423 6330 3429 6330 3430 6330 3423 6331 3430 6331 3422 6331 3422 6332 3430 6332 3431 6332 3422 6333 3431 6333 3421 6333 3431 6334 3432 6334 3421 6334 3421 6335 3432 6335 3433 6335 3421 6336 3433 6336 3415 6336 3415 6337 3433 6337 3434 6337 3415 6338 3434 6338 3414 6338 3434 6339 3435 6339 3414 6339 3414 6340 3435 6340 3436 6340 3414 6341 3436 6341 3413 6341 3413 6342 3436 6342 3437 6342 3413 6343 3437 6343 3412 6343 3437 6344 3438 6344 3412 6344 3412 6345 3438 6345 3439 6345 3412 6346 3439 6346 3411 6346 3411 6347 3439 6347 3440 6347 3411 6348 3440 6348 3420 6348 3440 6349 3441 6349 3420 6349 3420 6350 3441 6350 3442 6350 3420 6351 3442 6351 3419 6351 3419 6352 3442 6352 3443 6352 3419 6353 3443 6353 3418 6353 3443 6354 3444 6354 3418 6354 3418 6355 3444 6355 3445 6355 3418 6356 3445 6356 3417 6356 3417 6357 3445 6357 3446 6357 3417 6358 3446 6358 3416 6358 3446 6359 3447 6359 3416 6359 3416 6360 3447 6360 3448 6360 3416 6361 3448 6361 3426 6361 3426 6362 3448 6362 3449 6362 3426 6363 3449 6363 3425 6363 3425 6364 3449 6364 3450 6364 3425 6365 3450 6365 3427 6365 3451 6366 3452 6366 3438 6366 3453 6367 3440 6367 3452 6367 3452 6368 3440 6368 3439 6368 3452 6369 3439 6369 3438 6369 3454 6370 3442 6370 3453 6370 3453 6371 3442 6371 3441 6371 3453 6372 3441 6372 3440 6372 3455 6373 3444 6373 3454 6373 3454 6374 3444 6374 3443 6374 3454 6375 3443 6375 3442 6375 3456 6376 3446 6376 3455 6376 3455 6377 3446 6377 3445 6377 3455 6378 3445 6378 3444 6378 3457 6379 3448 6379 3456 6379 3456 6380 3448 6380 3447 6380 3456 6381 3447 6381 3446 6381 3458 6382 3450 6382 3457 6382 3457 6383 3450 6383 3449 6383 3457 6384 3449 6384 3448 6384 3459 6385 3428 6385 3458 6385 3458 6386 3428 6386 3427 6386 3458 6387 3427 6387 3450 6387 3460 6388 3430 6388 3459 6388 3459 6389 3430 6389 3429 6389 3459 6390 3429 6390 3428 6390 3461 6391 3432 6391 3460 6391 3460 6392 3432 6392 3431 6392 3460 6393 3431 6393 3430 6393 3462 6394 3434 6394 3461 6394 3461 6395 3434 6395 3433 6395 3461 6396 3433 6396 3432 6396 3438 6397 3437 6397 3451 6397 3451 6398 3437 6398 3436 6398 3451 6399 3436 6399 3462 6399 3462 6400 3436 6400 3435 6400 3462 6401 3435 6401 3434 6401 3348 645 3347 645 3463 645 3348 645 3463 645 3349 645 3356 645 3353 645 3463 645 3463 6402 3353 6402 3351 6402 3463 6403 3351 6403 3349 6403 3360 645 3359 645 3463 645 3463 6404 3359 6404 3358 6404 3463 6405 3358 6405 3356 6405 3363 645 3362 645 3463 645 3463 645 3362 645 3361 645 3463 6406 3361 6406 3360 6406 3366 645 3365 645 3463 645 3463 645 3365 645 3364 645 3463 645 3364 645 3363 645 3369 645 3368 645 3463 645 3463 645 3368 645 3367 645 3463 6407 3367 6407 3366 6407 3343 6408 3344 6408 3463 6408 3463 6404 3344 6404 3370 6404 3463 645 3370 645 3369 645 3347 645 3346 645 3463 645 3463 6402 3346 6402 3345 6402 3463 6409 3345 6409 3343 6409 3459 6410 3458 6410 3464 6410 3464 1570 3458 1570 3457 1570 3464 1570 3457 1570 3456 1570 3462 6411 3461 6411 3464 6411 3464 6412 3461 6412 3460 6412 3464 6413 3460 6413 3459 6413 3453 6411 3452 6411 3464 6411 3464 1570 3452 1570 3451 1570 3464 1570 3451 1570 3462 1570 3456 6410 3455 6410 3464 6410 3464 6413 3455 6413 3454 6413 3464 6412 3454 6412 3453 6412 1840 6414 3465 6414 1844 6414 1390 6415 1389 6415 1839 6415 1839 6416 1389 6416 1846 6416 1839 6417 1846 6417 1840 6417 1840 6418 1846 6418 1847 6418 1840 6419 1847 6419 3465 6419 3465 6420 1847 6420 1848 6420 3465 6421 1848 6421 1844 6421 1844 6422 1848 6422 1849 6422 1844 6423 1849 6423 1843 6423 1843 6424 1849 6424 1850 6424 1843 6425 1850 6425 1841 6425 1841 6426 1850 6426 1851 6426 2291 6427 2292 6427 3146 6427 2291 6428 3146 6428 3151 6428 3151 6429 3146 6429 3147 6429 3151 6430 3147 6430 3150 6430 3150 6431 3147 6431 3148 6431 3150 6432 3148 6432 3149 6432 2288 6433 2276 6433 2286 6433 2286 6434 2276 6434 2277 6434 2286 6435 2277 6435 2279 6435 2277 6436 2273 6436 2279 6436 2279 6437 2273 6437 2275 6437 2279 6438 2275 6438 2284 6438 2284 6439 2275 6439 2278 6439 2284 6440 2278 6440 2282 6440 3055 6441 2976 6441 3350 6441 3350 6442 2976 6442 2975 6442 3350 6443 2975 6443 2977 6443 3350 6444 3352 6444 3055 6444 3055 6445 3352 6445 3354 6445 3055 6446 3354 6446 3067 6446 3067 6447 3354 6447 3355 6447 3067 6448 3355 6448 2999 6448 2999 6449 3355 6449 3357 6449 2999 6450 3357 6450 3000 6450 3044 6451 3064 6451 3314 6451 3314 6452 3064 6452 3232 6452 3232 6453 3235 6453 3314 6453 3314 6454 3235 6454 3236 6454 3314 6455 3236 6455 3313 6455 3313 6456 3236 6456 3237 6456 3313 6457 3237 6457 3312 6457 3237 6458 3238 6458 3312 6458 3312 6459 3238 6459 3239 6459 3312 6460 3239 6460 3311 6460</p>
        </triangles>
      </mesh>
    </geometry>
  </library_geometries>
  <library_visual_scenes>
    <visual_scene id="Scene" name="Scene">
      <node id="MRH-F-J0Link-Visual_00" name="MRH-F-J0Link-Visual,00" type="NODE">
        <matrix sid="transform">1 0 0 0 0 1 0 0 0 0 1 0 0 0 0 1</matrix>
        <instance_geometry url="#MRH-F-J0Link-Visual_00-mesh" name="MRH-F-J0Link-Visual,00">
          <bind_material>
            <technique_common>
              <instance_material symbol="black_spec-material" target="#black_spec-material"/>
            </technique_common>
          </bind_material>
        </instance_geometry>
      </node>
    </visual_scene>
  </library_visual_scenes>
  <scene>
    <instance_visual_scene url="#Scene"/>
  </scene>
</COLLADA>
