<?xml version="1.0" encoding="utf-8"?>
<!--
 Software License Agreement (BSD License)
 Copyright © 2026 belongs to Shadow Robot Company Ltd.
 All rights reserved.
 Redistribution and use in source and binary forms, with or without modification,
 are permitted provided that the following conditions are met:
   1. Redistributions of source code must retain the above copyright notice,
      this list of conditions and the following disclaimer.
   2. Redistributions in binary form must reproduce the above copyright notice,
      this list of conditions and the following disclaimer in the documentation
      and/or other materials provided with the distribution.
   3. Neither the name of Shadow Robot Company Ltd nor the names of its contributors
      may be used to endorse or promote products derived from this software without
      specific prior written permission.
 This software is provided by Shadow Robot Company Ltd "as is" and any express
 or implied warranties, including, but not limited to, the implied warranties of
 merchantability and fitness for a particular purpose are disclaimed. In no event
 shall the copyright holder be liable for any direct, indirect, incidental, special,
 exemplary, or consequential damages (including, but not limited to, procurement of
 substitute goods or services; loss of use, data, or profits; or business interruption)
 however caused and on any theory of liability, whether in contract, strict liability,
 or tort (including negligence or otherwise) arising in any way out of the use of this
 software, even if advised of the possibility of such damage.
-->
<COLLADA xmlns="http://www.collada.org/2005/11/COLLADASchema" version="1.4.1" xmlns:xsi="http://www.w3.org/2001/XMLSchema-instance">
  <asset>
    <contributor>
      <author>Blender User</author>
      <authoring_tool>Blender 3.0.1</authoring_tool>
    </contributor>
    <created>2024-11-05T10:56:17</created>
    <modified>2024-11-05T10:56:17</modified>
    <unit name="meter" meter="1"/>
    <up_axis>Y_UP</up_axis>
  </asset>
  <library_effects>
    <effect id="black_spec-effect">
      <profile_COMMON>
        <technique sid="common">
          <lambert>
            <emission>
              <color sid="emission">0 0 0 1</color>
            </emission>
            <diffuse>
              <color sid="diffuse">0.21961 0.21961 0.21961 1</color>
            </diffuse>
            <index_of_refraction>
              <float sid="ior">1</float>
            </index_of_refraction>
          </lambert>
        </technique>
      </profile_COMMON>
    </effect>
    <effect id="black_spec_mag_tac_sensor-effect">
      <profile_COMMON>
        <technique sid="common">
          <lambert>
            <emission>
              <color sid="emission">0 0 0 1</color>
            </emission>
            <diffuse>
              <color sid="diffuse">0.434 0.434 0.434 1</color>
            </diffuse>
            <index_of_refraction>
              <float sid="ior">1</float>
            </index_of_refraction>
          </lambert>
        </technique>
      </profile_COMMON>
    </effect>
  </library_effects>
  <library_images/>
  <library_materials>
    <material id="black_spec-material" name="black_spec">
      <instance_effect url="#black_spec-effect"/>
    </material>
    <material id="black_spec_mag_tac_sensor-material" name="black_spec_mag_tac_sensor">
      <instance_effect url="#black_spec_mag_tac_sensor-effect"/>
    </material>
  </library_materials>
  <library_geometries>
    <geometry id="MRH-F-Mid-Visual_00-mesh" name="MRH-F-Mid-Visual,00">
      <mesh>
        <source id="MRH-F-Mid-Visual_00-mesh-positions">
          <float_array id="MRH-F-Mid-Visual_00-mesh-positions-array" count="9546">-0.008855462 0.01362586 -5.44118e-4 -0.006799995 0.01362586 -5.44118e-4 -0.008855462 0.01344543 -0.00121212 -0.006799995 0.01344543 -0.00121212 -0.008855462 0.01402312 2.24628e-5 -0.006736159 0.01402312 2.24628e-5 -0.006796836 0.01381438 -2.22983e-4 -0.006799995 0.01375192 -3.15057e-4 -0.006799995 0.01342642 -0.001407563 -0.01243668 0.01340144 0.001627922 -0.0123251 0.01344782 0.001185595 -0.01458573 0.01349949 1.11931e-4 -0.01229882 0.01345473 0.001104295 -0.01458573 0.01342642 -0.001407563 -0.01206797 0.01348835 5.59641e-4 -0.01176577 0.01349973 8.11763e-5 -0.01145231 0.01349717 -2.73988e-4 -0.01105451 0.01348662 -6.00656e-4 -0.01098209 0.01348435 -6.49044e-4 -0.01052564 0.01347035 -8.94034e-4 -0.01001125 0.01345735 -0.001072049 -0.009489774 0.01344889 -0.0011729 -0.01458573 0.01340121 0.001630008 -0.01458573 0.0133118 0.002246022 -0.01246696 0.01337927 0.001801013 -0.01458573 0.01317441 0.002946794 -0.01304012 0.01288008 0.004043817 -0.01458573 0.01300019 0.00363928 -0.01325547 0.01269251 0.004598855 -0.01458573 0.01153391 0.007015585 -0.01404571 0.01200425 0.006176352 -0.01458573 0.01210099 0.005984544 -0.01458573 0.01269751 0.004585087 -0.01458573 0.01318275 -0.002909183 -0.006799995 0.01318275 -0.002909183 -0.01458573 0.01277178 -0.004373908 -0.006799995 0.01277178 -0.004373908 -0.01458573 0.01219856 -0.005783021 -0.006799995 0.01219856 -0.005783021 -0.01458573 0.01147049 -0.007118761 -0.006799995 0.01147049 -0.007118761 -0.01458573 0.01059675 -0.008364081 -0.006799995 0.01059675 -0.008364081 -0.01458573 0.00958842 -0.009503185 -0.006799995 0.00958842 -0.009503185 -0.01458573 0.008458375 -0.01052165 -0.006799995 0.008458375 -0.01052165 -0.01458573 0.007220864 -0.01140648 -0.006799995 0.007220864 -0.01140648 -0.01458573 0.00589174 -0.01214647 -0.006799995 0.00589174 -0.01214647 -0.01458573 0.004487752 -0.0127322 -0.006799995 0.004487752 -0.0127322 -0.01458573 0.003026783 -0.01315629 -0.006799995 0.003026783 -0.01315629 -0.01458573 0.001527369 -0.01341331 -0.006799995 0.001527369 -0.01341331 -0.01458573 8.59991e-6 -0.01349997 -0.006799995 8.59991e-6 -0.01349997 -0.01458573 -0.001510262 -0.01341521 -0.006799995 -0.001510262 -0.01341521 -0.01458573 -0.003010034 -0.0131601 -0.006799995 -0.003010034 -0.0131601 -0.01458573 -0.00447154 -0.01273792 -0.006799995 -0.00447154 -0.01273792 -0.01458573 -0.005876243 -0.01215398 -0.006799995 -0.005876243 -0.01215398 -0.01458573 -0.00720638 -0.01141566 -0.006799995 -0.00720638 -0.01141566 -0.01458573 -0.008444964 -0.01053243 -0.006799995 -0.008444964 -0.01053243 -0.01458573 -0.00957632 -0.009515404 -0.006799995 -0.00957632 -0.009515404 -0.01458573 -0.01058608 -0.008377611 -0.006799995 -0.01058608 -0.008377611 -0.01458573 -0.01146143 -0.007133364 -0.006799995 -0.01146143 -0.007133364 -0.01458573 -0.01219117 -0.005798578 -0.006799995 -0.01219117 -0.005798578 -0.01458573 -0.01276618 -0.00439018 -0.006799995 -0.01276618 -0.00439018 -0.01458573 -0.01317906 -0.002925992 -0.006799995 -0.01317906 -0.002925992 -0.01458573 -0.01342457 -0.00142467 -0.006799995 -0.01342457 -0.00142467 -0.01458573 -0.01349961 9.47314e-5 -0.006799995 -0.01349961 9.47314e-5 -0.01458573 -0.01340329 0.001612901 -0.006799995 -0.01340329 0.001612901 -0.01458573 -0.01313668 0.003110647 -0.006799995 -0.01313668 0.003110647 -0.01458573 -0.01270329 0.004568874 -0.006799995 -0.01270329 0.004568874 -0.01458573 -0.01210862 0.005969107 -0.006799995 -0.01210862 0.005969107 -0.01458573 -0.01136016 0.007293522 -0.006799995 -0.01136016 0.007293522 -0.005799949 0.0103923 0.04099994 -0.005799949 0.01365429 0.03534996 -0.01022213 0.0103923 0.04099994 -0.005671322 0.01390552 0.03491491 -0.004016399 0.01659804 0.03025126 -0.005365788 0.01406508 0.03463852 0.006498277 0.01411616 0.03454995 0.004016399 0.01659804 0.03025126 -0.004999995 0.01411616 0.03454995 -0.005183756 0.01410382 0.03457134 -0.005799949 -0.01008582 0.02849799 -0.01419794 -0.01057595 0.02933001 -0.005799949 -0.009293079 0.027408 -0.01425361 -0.01043534 0.02907514 -0.01430976 -0.01028859 0.02882391 -0.0143662 -0.01013588 0.02857631 -0.01442265 -0.009977221 0.02833253 -0.01447892 -0.009812653 0.02809262 -0.01453471 -0.009642243 0.0278567 -0.01458972 -0.009466052 0.02762478 -0.01464128 -0.009293079 0.027408 -0.01367497 -0.0116679 0.03219652 -0.01397794 -0.01108968 0.03041541 -0.005799949 -0.01082879 0.02982926 -0.01403582 -0.01096063 0.03011488 -0.0140888 -0.01083868 0.02985 -0.01414293 -0.01071041 0.02958828 -0.005799949 -0.01103067 0.03027516 -0.005799949 -0.01166522 0.03218525 -0.01362097 -0.01174616 0.03254485 -0.005799949 -0.01174634 0.03254574 -0.01341938 -0.01196718 0.0341134 -0.005799949 -0.01197153 0.03417456 -0.01331132 -0.01199328 0.03540134 -0.005799949 -0.01199322 0.03540235 -0.01327681 -0.01195245 0.036067 -0.005799949 -0.01194113 0.03618711 -0.01325559 -0.0116536 0.0378623 -0.005799949 -0.01157474 0.03816622 -0.01356416 -0.009205102 0.04269838 -0.005799949 -0.008763253 0.04319781 -0.01358741 -0.009012222 0.04292327 -0.01361012 -0.008813858 0.04314339 -0.01349395 -0.009749472 0.04199618 -0.005799949 -0.009884536 0.04180407 -0.01351714 -0.009573817 0.04223471 -0.01354062 -0.009392321 0.04246884 -0.01347136 -0.009919285 0.04175329 -0.01341205 -0.01037102 0.04103666 -0.005799949 -0.01045787 0.04088491 -0.01340419 -0.01045793 0.04088479 -0.005799949 -0.01088267 0.04005628 -0.01333194 -0.01103287 0.03971958 -0.01326382 -0.01155531 0.03823626 -0.005799949 -0.007089793 0.04468166 -0.01375317 -0.007041811 0.04471659 -0.01373869 -0.007280051 0.04453939 -0.01372343 -0.007513761 0.0443564 -0.01370739 -0.007742881 0.04416769 -0.01369029 -0.007967233 0.04397344 -0.01367205 -0.008186638 0.04377371 -0.01365262 -0.008400917 0.04356873 -0.005799949 -0.008608222 0.04336047 -0.01363193 -0.008610069 0.04335856 -0.01361566 -0.008763313 0.04319781 -0.01376706 -0.006799221 0.04488784 -0.005799949 -0.006568372 0.04504269 -0.01377934 -0.006568372 0.04504269 -0.0138126 -0.005788326 0.0455116 -0.0138027 -0.006046831 0.04536509 -0.005799949 -0.005371868 0.04573041 -0.01379197 -0.006301581 0.0452122 -0.01378011 -0.006552398 0.04505312 -0.01384145 -0.003998458 0.04631423 -0.01384222 -0.004167616 0.04625302 -0.005799949 -0.003998458 0.04631423 -0.01384192 -0.004445135 0.04614627 -0.01383972 -0.004719972 0.04603272 -0.01383566 -0.004991829 0.04591244 -0.01382201 -0.005526244 0.04565173 -0.01384061 -0.003887534 0.0463528 -0.005799949 -0.003502845 0.04647731 -0.01383703 -0.003605127 0.0464456 -0.01381474 -0.002745449 0.0466817 -0.01382416 -0.003033876 0.04661011 -0.01383161 -0.003320455 0.04653143 -0.01376646 -0.00172466 0.04687541 -0.01377481 -0.001871347 0.04685318 -0.005799949 -0.001535236 0.04690134 -0.01379007 -0.002164006 0.04680323 -0.01380342 -0.002455413 0.04674607 -0.005799949 -0.001200318 0.04693979 -0.01373267 -0.001200258 0.04693979 -0.01374822 -0.001430571 0.04691439 -0.0136823 -5.44695e-4 0.04698759 -0.01365661 -2.48841e-4 0.04699736 -0.01361906 1.51842e-4 0.04699903 -0.01370614 -8.40398e-4 0.04697048 -0.01372814 -0.001135706 0.0469461 -0.005799949 0.001666367 0.0468837 -0.01344919 0.001666367 0.0468837 -0.005799949 4.75507e-4 0.04699057 -0.01347279 0.001476526 0.04690879 -0.01350802 0.001183509 0.04694145 -0.01354169 8.89565e-4 0.04696696 -0.01357388 5.94871e-4 0.0469852 -0.0136044 2.99613e-4 0.04699623 -0.005799949 0.002472877 0.04674237 -0.01339823 0.002059102 0.04682201 -0.01343619 0.001768469 0.04686892 -0.005799949 0.00440073 0.04616391 -0.01303493 0.004437923 0.04614913 -0.01305508 0.00431919 0.04619568 -0.01310092 0.004044473 0.04629784 -0.01314616 0.003767251 0.04639327 -0.01319062 0.003487646 0.04648196 -0.01323425 0.003205776 0.04656386 -0.01327693 0.002921819 0.04663884 -0.01331847 0.002635955 0.04670685 -0.01335895 0.002348363 0.04676795 -0.005799949 0.006204724 0.04527133 -0.01263087 0.006654798 0.04498559 -0.01267772 0.006409108 0.04514509 -0.01272487 0.006159663 0.04529845 -0.01277226 0.005906522 0.04544568 -0.01281976 0.005649924 0.04558664 -0.01286727 0.005389988 0.04572135 -0.01291465 0.005126774 0.04584968 -0.0129618 0.00486052 0.04597157 -0.01300865 0.004591286 0.0460869 -0.005799949 0.009077191 0.04284876 -0.01216757 0.009071469 0.04285544 -0.005799949 0.007834196 0.04408979 -0.01220381 0.008875846 0.04307579 -0.01224154 0.008674979 0.04329115 -0.0122807 0.008469104 0.04350137 -0.01232105 0.008258223 0.04370635 -0.005799949 0.00695616 0.0447781 -0.01236265 0.008042573 0.04390597 -0.01240527 0.007822215 0.0441001 -0.0124489 0.007597327 0.04428869 -0.01249337 0.007368028 0.04447162 -0.01253861 0.007134377 0.04464882 -0.012573 0.00695616 0.0447781 -0.01258444 0.006896615 0.04482018 -0.005799949 0.009243249 0.04265254 -0.01198625 0.01012903 0.04143446 -0.0120117 0.009967207 0.04168236 -0.01203918 0.00979948 0.04192602 -0.01206862 0.009625911 0.04216527 -0.01209986 0.00944662 0.0424 -0.01213288 0.009261786 0.04263013 -0.01066911 0.01079618 0.04023844 -0.01187902 0.01096874 0.03986674 -0.01189118 0.01084494 0.04013675 -0.01053434 0.01068001 0.04047143 -0.01190567 0.01071453 0.04040354 -0.01192247 0.01057761 0.04066681 -0.01023244 0.01040214 0.04098284 -0.01194155 0.01043432 0.04092651 -0.01196283 0.01028478 0.04118245 -0.01186025 0.01161086 0.03803104 -0.01185768 0.01156854 0.03818869 -0.01127225 0.01125723 0.03915619 -0.011855 0.01148599 0.03847432 -0.01185482 0.0113964 0.0387578 -0.01185715 0.01129978 0.03903901 -0.01186197 0.01119625 0.03931772 -0.01186931 0.01108592 0.03959369 0.00897783 0.0139333 0.03417873 0.006374299 0.01660084 0.02951198 0.00672388 0.01411634 0.03454446 0.005024373 0.01666188 0.0300132 0.004530012 0.01663523 0.030155 0.009003639 0.01392883 0.03417128 0.009057641 0.01391804 0.0341584 0.007266938 0.01642137 0.02913111 0.009210109 0.01387721 0.03414279 0.008535146 0.01594686 0.02851206 0.01232671 0.01185011 0.03629642 0.0123834 0.01182788 0.03626829 0.0122779 0.01186358 0.03633922 0.0121935 0.01187616 0.03644502 0.009789347 0.01340812 0.03486329 0.009741365 0.01354819 0.03453773 0.011747 0.01174604 0.03745549 0.01189166 0.01181966 0.03707247 0.009780108 0.01318937 0.03542512 0.01190871 0.0118274 0.03702723 0.01203566 0.0118668 0.0367282 0.01216953 0.01187747 0.03648138 0.009413301 0.0137968 0.03417885 0.009603798 0.01368361 0.03430527 0.009724974 0.01357012 0.03449457 0.01258128 0.01197683 0.03517115 0.01253473 0.01194447 0.03545194 0.01241046 0.01181435 0.03626507 0.01298809 0.01196843 0.03313803 0.01319134 0.01180857 0.03234481 0.01034313 0.01465684 0.02741152 0.01277178 0.01203197 0.03413361 0.009288966 0.01551622 0.02809131 0.01022213 0.0103923 0.04099994 0.01023113 0.01040309 0.04098117 0.0097 0.01091444 0.0400955 0.01069337 0.01091641 0.03998303 0.009735226 0.01199388 0.03808724 0.0108478 0.01106804 0.03963655 0.01123255 0.01140213 0.03874033 0.01142638 0.01154607 0.0382691 0.0097 0.0103923 0.04099994 0.004016399 0.01689773 0.02952772 -0.004016399 0.01689773 0.02952772 0.004016399 0.01699995 0.02875125 -0.004016399 0.01699995 0.02875125 0.004360675 0.01699995 0.02873134 0.004686236 0.01699995 0.02867156 0.004686236 0.01699995 0.004241883 -0.004686236 0.01699995 0.02867156 -0.004360675 0.01699995 0.02873134 -0.004686236 0.01699995 0.004241883 0.008855462 0.01402312 2.24628e-5 0.005886197 0.01402312 2.24628e-5 0.008221805 0.01465684 6.5614e-4 0.005749225 0.01423496 2.34298e-4 0.007153213 0.01547032 0.001469612 0.005553245 0.01439028 3.89579e-4 0.005936801 0.01596236 0.001961648 -0.006554961 0.01427972 2.79048e-4 -0.008221805 0.01465684 6.5614e-4 -0.006363809 0.01441097 4.10273e-4 -0.007153213 0.01547032 0.001469612 0.005364596 0.01446664 4.65973e-4 0.00514996 0.01449465 4.93974e-4 0.00469911 0.01612126 0.002120554 -0.005936801 0.01596236 0.001961648 -0.005999982 0.01449465 4.93974e-4 -0.006162881 0.01447868 4.77972e-4 -0.00469911 0.01612126 0.002120554 -0.004686236 0.01612126 0.002120554 0.004686236 0.01612126 0.002120554 -0.01549756 0.00950241 0.009416282 -0.01570212 0.009297788 0.009339869 -0.01574391 0.009256005 0.01236432 -0.01585209 0.009147882 0.009274423 -0.01599758 0.009002387 0.009191215 -0.01034313 0.01465684 0.002777457 -0.01105272 0.01394718 0.002067804 -0.01034313 0.01465684 0.02741152 -0.01162588 0.01337403 0.004642844 -0.01263153 0.01236844 0.007091343 -0.0146321 0.01036787 0.0228092 -0.01395463 0.01104527 0.02765882 -0.01478862 0.01021128 0.009521186 -0.01319134 0.01180857 0.03234481 -0.01449376 0.01050615 0.0094195 -0.01433318 0.01066672 0.009332656 -0.01397192 0.01102799 0.009059846 -0.01523941 0.009760499 0.01763236 -0.01507329 0.009926676 0.009540557 -0.01529288 0.009707093 0.009492039 -0.01317155 0.01182842 0.008054912 -0.01354151 0.01145845 0.008592665 -0.004530012 0.01663523 0.030155 -0.004448056 0.01690733 0.02946585 -0.005024373 0.01666188 0.0300132 -0.004860281 0.01691424 0.02936214 -0.009288966 0.01551622 0.02809131 -0.01298809 0.01196843 0.03313803 -0.008535146 0.01594686 0.02851206 -0.01277178 0.01203197 0.03413361 -0.01242387 0.0118317 0.03617238 -0.01238822 0.01185148 0.0361706 -0.01253491 0.01194453 0.03545105 -0.01258128 0.01197683 0.03517115 -0.01231575 0.01188695 0.03618276 -0.01222401 0.01192349 0.03622436 -0.007266938 0.01642137 0.02913111 -0.01217049 0.01194077 0.03626036 -0.006374299 0.01660084 0.02951198 -0.01202332 0.01197338 0.03639799 -0.01192623 0.01198315 0.03651642 -0.01170325 0.01196783 0.03686612 -0.01150584 0.01190263 0.03727275 -0.01130127 0.01176095 0.03782832 -0.01125603 0.01171708 0.03797245 -0.0109148 0.01134699 0.03902381 -0.01051717 0.01083183 0.04018092 -0.01022893 0.01040291 0.04098147 -0.007043421 0.01664483 0.02824437 -0.008687078 0.01592773 0.0278725 -0.009200632 0.01560455 0.02774071 -0.004706859 0.01699995 0.004241883 -0.006687164 0.01674568 0.004082977 -0.008633375 0.01595842 0.003590941 -0.01715815 -0.007906675 2.6893e-4 -0.01714396 -0.007787287 0.003408312 -0.0173791 -0.006342947 0.003244578 -0.016478 0.002156257 0.02623611 -0.01647943 0.00171256 0.0269584 -0.01620519 0.003819465 0.02654772 -0.01477903 -0.009650945 0.03965759 -0.01479309 -0.009541571 0.03986608 -0.01537162 -0.009943723 0.03118485 -0.01508021 -0.00725907 0.04262429 -0.01514798 -0.006331741 0.04335254 -0.01607191 -0.005952835 0.03283232 -0.01717674 -0.007846713 -0.006960093 -0.01716983 -0.007932484 -0.003439009 -0.01727873 -0.007336139 -0.007279813 -0.01749575 -0.006051063 -0.003936171 -0.0177409 -0.003278255 -0.002692103 -0.01765161 -0.00485599 -0.008458077 -0.01747554 -0.006186306 -0.007898628 -0.01787209 -0.001857817 -0.009196579 -0.01785022 -0.002366244 -0.009119093 -0.01776969 -0.003624379 -0.008844852 -0.01760023 1.451e-4 0.006084918 -0.01788079 0.002047061 -0.009129047 -0.0178889 0.001785337 -0.009171128 -0.01759731 -8.16198e-4 0.006093025 -0.01781845 0.003293991 -0.008857429 -0.01753509 0.002010226 0.005982875 -0.01772177 0.004495441 -0.008475244 -0.01738852 0.003816008 0.005789518 -0.01759499 0.005651891 -0.007980644 -0.0170989 0.008653163 -0.005917191 -0.01727747 0.007739305 -0.006694853 -0.01744389 0.006742298 -0.007381319 -0.01618885 0.01066595 0.004487931 -0.01625055 0.0115965 -8.32363e-4 -0.01689594 0.007301628 0.00520575 -0.01636672 0.01132863 -0.001815676 -0.01650422 0.01094347 -0.002778828 -0.01661103 0.01060479 -0.00343734 -0.01678025 0.01000475 -0.004375696 -0.01695674 0.009294569 -0.0052585 -0.01608932 0.01120907 0.003807723 -0.01606422 0.01150697 0.002916634 -0.01606851 0.01169544 0.00199908 -0.01607149 0.01171338 0.001866102 -0.01610976 0.01177561 9.13042e-4 -0.01617622 0.01172387 -4.42809e-5 -0.01664632 0.007889568 0.007791578 -0.01651865 0.008617758 0.00725317 -0.01646018 0.008946478 0.006973981 -0.01633131 0.00967127 0.006254434 -0.01622402 0.0102939 0.005477607 -0.01614373 0.0108 0.004670858 -0.01575148 0.008862972 0.01778221 -0.01584935 0.008174121 0.01885402 -0.01512598 0.009527862 0.02298074 -0.01527953 0.005769431 0.03253304 -0.01442986 0.01025861 0.02784943 -0.01448255 0.008823156 0.03189963 -0.01352506 0.008478999 0.04161769 -0.01339858 0.009152531 0.04071277 -0.01338511 0.009231209 0.04059165 -0.01330405 0.009778797 0.03961974 -0.01326692 0.01020956 0.03860473 -0.01327514 0.01052463 0.03755009 -0.01327913 0.01055395 0.03742378 -0.01333892 0.0107364 0.03633654 -0.01335358 0.01075541 0.03615015 -0.01338958 0.01100659 0.03503626 -0.0134502 0.01112943 0.03411227 -0.01354205 0.01114964 0.03323805 -0.01364648 0.01107418 0.03255325 -0.01448798 0.00377506 0.04481601 -0.01427668 0.004883885 0.04437065 -0.01490819 0.004599928 0.03911489 -0.01406413 0.005922675 0.04381376 -0.01387202 0.006827116 0.04319584 -0.01467901 0.002661824 0.04512965 -0.01541954 0.001642525 0.03958374 -0.01485258 0.001495182 0.04532963 -0.01566851 -0.001251935 0.03996503 -0.01511394 -9.08116e-4 0.04535531 -0.01499909 3.04209e-4 0.04540628 -0.01564645 -0.004066705 0.04015797 -0.01522767 -0.00320971 0.04489189 -0.01518905 -0.002068817 0.04518347 -0.01608628 -0.005335807 0.03340989 -0.01518219 -0.005719721 0.04375445 -0.01610374 -0.004720866 0.03381609 -0.01519906 -0.005340695 0.04397827 -0.01613718 -0.004044353 0.0339908 -0.01520752 -0.005127549 0.04409652 -0.01522958 -0.004328608 0.04447793 -0.01586645 -0.008721828 0.02916288 -0.01561069 -0.009408295 0.03015333 -0.01580703 -0.008723855 0.03001207 -0.01492118 -0.008638679 0.04121202 -0.01502424 -0.007827103 0.04210293 -0.01541924 -0.009844124 0.03096669 -0.01482731 -0.009299337 0.04027211 -0.01483052 -0.009276509 0.04030883 -0.01513791 -0.01038134 0.03240984 -0.01492524 -0.01023787 0.03575181 -0.01521372 -0.01025158 0.03196859 -0.01473897 -0.01002931 0.03879761 -0.01474076 -0.01001751 0.03881877 -0.01475632 -0.009850025 0.03923213 -0.01484024 -0.0108087 0.03422975 -0.0147854 -0.01085001 0.03469204 -0.01486891 -0.01063889 0.03469824 -0.01474046 -0.01086533 0.03515571 -0.01468104 -0.01081955 0.03608453 -0.01466661 -0.01075869 0.03654664 -0.01506173 -0.01050812 0.03285837 -0.01497858 -0.01064181 0.03331249 -0.01490473 -0.0107401 0.03376972 -0.01466226 -0.01067209 0.03700613 -0.01466768 -0.01055884 0.03746193 -0.01468247 -0.01041728 0.03791314 -0.01509022 -0.01045614 0.03271436 -0.01470625 -0.01024377 0.03835874 -0.01600378 -0.007284283 0.03140383 -0.01624035 -0.0073632 0.02772909 -0.01610738 -0.0079149 0.02825152 -0.01635205 -0.006578862 0.02772909 -0.01645135 -0.005615651 0.02772897 -0.01650679 -0.004870712 0.02772873 -0.0165503 -0.00412333 0.02772825 -0.01659065 -0.003341138 0.02772742 -0.0161783 -0.003299176 0.03398334 -0.01663327 -0.001693665 0.02772909 -0.01620239 -0.001806199 0.03389072 -0.01657927 -4.14249e-5 0.02773112 -0.01615256 -3.07648e-4 0.03371506 -0.01584488 0.002716541 0.03318494 -0.01649737 0.001319706 0.02730488 -0.0165432 5.44298e-4 0.02765882 -0.01651716 0.00230807 0.02541273 -0.01627224 0.008300423 0.0124914 -0.01650047 0.004951357 0.01967209 -0.01685458 0.00230056 0.02022659 -0.01709318 0.00229448 0.01593577 -0.0173915 0.002285778 0.009381711 -0.01755189 7.80767e-4 0.007215023 -0.01750552 0.001519918 0.007667779 -0.01747846 0.001803278 0.007973968 -0.01742404 0.002191066 0.008731842 -0.01757293 -6.61664e-5 0.007058322 -0.01757025 -7.79642e-4 0.007057666 -0.01756799 -9.35898e-4 0.007057785 -0.01759153 -0.001787304 0.00590074 -0.01755481 -0.001946032 0.007058382 -0.01758599 -0.002792775 0.005453467 -0.01753449 -0.002973973 0.007058203 -0.01756304 -0.003874421 0.004817485 -0.01749312 -0.004058897 0.007057547 -0.0172795 -0.006490349 0.007055521 -0.01746839 -0.004495918 0.007057189 -0.01712614 -0.007577776 0.006437718 -0.01712203 -0.007522284 0.007054805 -0.01368492 0.007703721 0.04244661 -0.01790648 5.6089e-4 -0.00929892 -0.01790255 -6.34693e-4 -0.009304344 -0.0162394 0.008722007 0.008823275 -0.01643705 0.008410632 0.008431434 -0.01607531 0.008815705 0.01243042 -0.01649266 0.00830084 0.008295536 -0.0166276 0.007953763 0.007870018 -0.01664441 0.007896304 0.007799863 -0.01555544 0.009346425 0.01770997 -0.01493227 0.009979784 0.02289772 -0.01423972 0.01068127 0.02775686 -0.01346099 0.01146823 0.03245168 -0.01320701 0.01106303 0.03616982 -0.01302301 0.01132792 0.03618466 -0.01306509 0.01155591 0.03511911 -0.01278942 0.01156938 0.03619533 -0.01253181 0.01176118 0.03620004 -0.01251506 0.01177209 0.03619819 -0.01249867 0.01178359 0.03619247 -0.01246184 0.01180875 0.03617918 -0.01334816 0.01076966 0.03615111 -0.01317566 0.0116291 0.03413242 -0.01331651 0.01159447 0.03319323 -0.004686236 0.01689773 0.003465414 0.004686236 0.01689773 0.003465414 -0.004686236 0.01677161 0.003093838 0.004686236 0.01677161 0.003093838 -0.004686236 0.01659804 0.002741873 0.004686236 0.01659804 0.002741873 -0.004701972 0.01659804 0.002741873 -0.004704594 0.01689773 0.003465414 -0.006213605 0.01642 0.002575516 -0.00771296 0.01586723 0.002059519 -0.009059548 0.01494777 0.00120294 -0.006470024 0.01668769 0.003300428 -0.008221745 0.01603502 0.002788722 -0.009796321 0.01494777 0.001939654 -0.01103246 0.0139296 0.001579105 -0.01102453 0.0139265 0.001515209 -0.01093351 0.01390218 0.001092493 -0.01032286 0.01385855 2.19007e-4 -0.01036822 0.01385819 2.50437e-4 -0.01060825 0.01386409 4.74066e-4 -0.01078337 0.01387882 7.31701e-4 -0.009314119 0.01394748 -2.85532e-5 -0.009679794 0.01390051 -1.18485e-5 -0.01002776 0.01387012 7.14463e-5 -0.01529288 0.01271814 0.003560364 -0.01531296 0.0124554 0.004331171 -0.01529288 0.01242202 0.004485607 -0.0153644 0.01199072 0.005363345 -0.01529288 0.01183849 0.005854666 -0.0154401 0.0114212 0.006333649 -0.01570212 0.009646058 0.008410513 -0.01549756 0.009845733 0.008492529 -0.01566183 0.009915888 0.008154332 -0.01529288 0.01004558 0.008573949 -0.01554101 0.01072436 0.007274687 -0.01529288 0.01110458 0.007149457 -0.01529288 0.01162171 0.006273984 -0.01529556 0.01288592 0.002882242 -0.01529288 0.01302301 0.002197325 -0.01576459 0.01220268 0.00310564 -0.015769 0.01241064 0.002099037 -0.01579564 0.009535908 0.008388876 -0.01617187 0.009481906 0.007597446 -0.01588594 0.009431421 0.008353829 -0.01623219 0.00913459 0.007911503 -0.01616889 0.009052276 0.008204162 -0.01646566 0.008470892 0.007992446 -0.01640039 0.008623898 0.008046746 -0.01664412 0.007899224 0.007794857 -0.01662427 0.00798124 0.007822871 -0.01690632 -0.008355855 -0.00772494 -0.01721805 -0.006635367 -0.008806228 -0.01645517 -0.008209884 -0.008813321 -0.01701194 -0.007830798 -0.008091509 -0.01636439 -0.008749186 -0.008409738 -0.01753264 -0.003923952 -0.009915292 -0.01679199 -0.005518555 -0.01032578 -0.01740521 -0.005235314 -0.009459257 -0.01669889 -0.006419718 -0.00990206 -0.01663213 -0.006974399 -0.009602189 -0.01764535 -0.002021551 -0.01033496 -0.01697498 -0.002724349 -0.01119834 -0.01762098 -0.002571582 -0.01024186 -0.01691508 -0.0039137 -0.01090377 -0.0169003 -0.004146635 -0.01083314 -0.01768493 6.21859e-4 -0.01046407 -0.01702427 -7.32643e-4 -0.01145225 -0.01767992 -6.90978e-4 -0.01046651 -0.01701599 -0.00130707 -0.01140934 -0.01699554 -0.002143561 -0.01130294 -0.01759105 0.003587961 -0.009962558 -0.01700389 0.002392411 -0.01124435 -0.01765733 0.002242267 -0.01027214 -0.01701146 0.002094686 -0.01129585 -0.01766604 0.001959562 -0.01031976 -0.01702356 0.001333594 -0.01139861 -0.01702803 6.71097e-4 -0.01145225 -0.01719564 0.007286787 -0.00828123 -0.0167362 0.006482422 -0.009816527 -0.01735466 0.006123006 -0.008961737 -0.01685523 0.005174577 -0.01043182 -0.01748859 0.004882216 -0.009525775 -0.01693904 0.003931522 -0.01087182 -0.01694577 0.003809809 -0.010908 -0.01668649 0.009980261 -0.005895614 -0.01626861 0.009830594 -0.007277667 -0.01683455 0.009308218 -0.00663203 -0.01643717 0.008820235 -0.008228898 -0.01702111 0.008344888 -0.007505714 -0.01645421 0.008708357 -0.008322536 -0.01659405 0.007707715 -0.009074211 -0.01632791 0.01133924 -0.003873348 -0.01596724 0.01130509 -0.005409538 -0.01650315 0.01071959 -0.004913032 -0.0161041 0.01068115 -0.006290435 -0.01613426 0.0105338 -0.006476819 -0.0159561 0.01234424 -0.001005053 -0.01557564 0.01270979 -0.002345085 -0.01607573 0.01207715 -0.002085387 -0.01570594 0.01230776 -0.003493666 -0.01621752 0.0116862 -0.003146111 -0.01574301 0.01218062 -0.003790974 -0.01580709 0.01194882 -0.004281759 -0.01529312 0.01302552 0.002180755 -0.01529598 0.01304811 0.002022981 -0.0157721 0.01243108 0.001953184 -0.01533216 0.01313745 8.93285e-4 -0.01581138 0.01250821 9.08703e-4 -0.0153951 0.01310265 -2.41355e-4 -0.01587963 0.01246678 -1.40593e-4 -0.01544535 0.01302152 -9.28854e-4 -0.01546555 0.01298123 -0.001176238 -0.0157904 0.01188135 0.004084885 -0.01584625 0.01144456 0.005036175 -0.0159288 0.01090723 0.005928754 -0.01603913 0.01024812 0.006792426 -0.0150265 0.01051181 0.008306443 -0.01497298 0.01062172 0.008205354 -0.01496845 0.01128685 0.007266759 -0.01496845 0.0120328 0.005950808 -0.01485258 0.01088404 0.007925271 -0.01470905 0.01122188 0.007490754 -0.01512479 0.01032221 0.008453786 -0.01521968 0.01015722 0.008544802 -0.01496845 0.01262587 0.004559218 -0.01496845 0.01292687 0.003618776 0.0133903 0.01257508 0.004910826 0.01458573 0.01153391 0.007015585 0.01458573 0.01210099 0.005984544 0.01325291 0.01269471 0.004592657 0.008855462 0.01344543 -0.00121212 0.009489774 0.01344889 -0.0011729 0.01458573 0.01342642 -0.001407563 0.01001125 0.01345735 -0.001072049 0.01052564 0.01347035 -8.94034e-4 0.01098209 0.01348435 -6.49044e-4 0.01105451 0.01348662 -6.00656e-4 0.01145231 0.01349717 -2.73988e-4 0.01176577 0.01349973 8.11763e-5 0.01206797 0.01348835 5.59641e-4 0.01458573 0.01349949 1.11931e-4 0.01458573 0.01269751 0.004585087 0.01458573 0.01300019 0.00363928 0.01263445 0.01323342 0.002669513 0.01458573 0.01317441 0.002946794 0.01246696 0.01337927 0.001801013 0.01458573 0.0133118 0.002246022 0.01243668 0.01340144 0.001627922 0.01458573 0.01340121 0.001630008 0.0123251 0.01344782 0.001185595 0.01229882 0.01345473 0.001104295 0.01458573 -0.01136016 0.007293522 0.005949974 -0.01136016 0.007293522 0.01458573 -0.01210862 0.005969107 0.005949974 -0.01210862 0.005969107 0.01458573 -0.01270329 0.004568874 0.005949974 -0.01270329 0.004568874 0.01458573 -0.01313668 0.003110647 0.005949974 -0.01313668 0.003110647 0.01458573 -0.01340329 0.001612901 0.005949974 -0.01340329 0.001612901 0.01458573 -0.01349961 9.47314e-5 0.005949974 -0.01349961 9.47314e-5 0.01458573 -0.01342457 -0.00142467 0.005949974 -0.01342457 -0.00142467 0.01458573 -0.01317906 -0.002925992 0.005949974 -0.01317906 -0.002925992 0.01458573 -0.01276618 -0.00439018 0.005949974 -0.01276618 -0.00439018 0.01458573 -0.01219117 -0.005798578 0.005949974 -0.01219117 -0.005798578 0.01458573 -0.01146143 -0.007133364 0.005949974 -0.01146143 -0.007133364 0.01458573 -0.01058608 -0.008377611 0.005949974 -0.01058608 -0.008377611 0.01458573 -0.00957632 -0.009515404 0.005949974 -0.00957632 -0.009515404 0.01458573 -0.008444964 -0.01053243 0.005949974 -0.008444964 -0.01053243 0.01458573 -0.00720638 -0.01141566 0.005949974 -0.00720638 -0.01141566 0.01458573 -0.005876243 -0.01215398 0.005949974 -0.005876243 -0.01215398 0.01458573 -0.00447154 -0.01273792 0.005949974 -0.00447154 -0.01273792 0.01458573 -0.003010034 -0.0131601 0.005949974 -0.003010034 -0.0131601 0.01458573 -0.001510262 -0.01341521 0.005949974 -0.001510262 -0.01341521 0.01458573 8.59991e-6 -0.01349997 0.005949974 8.59991e-6 -0.01349997 0.01458573 0.001527369 -0.01341331 0.005949974 0.001527369 -0.01341331 0.01458573 0.003026783 -0.01315629 0.005949974 0.003026783 -0.01315629 0.01458573 0.004487752 -0.0127322 0.005949974 0.004487752 -0.0127322 0.01458573 0.00589174 -0.01214647 0.005949974 0.00589174 -0.01214647 0.01458573 0.007220864 -0.01140648 0.005949974 0.007220864 -0.01140648 0.01458573 0.008458375 -0.01052165 0.005949974 0.008458375 -0.01052165 0.01458573 0.00958842 -0.009503185 0.005949974 0.00958842 -0.009503185 0.01458573 0.01059675 -0.008364081 0.005949974 0.01059675 -0.008364081 0.01458573 0.01147049 -0.007118761 0.005949974 0.01147049 -0.007118761 0.01458573 0.01219856 -0.005783021 0.005949974 0.01219856 -0.005783021 0.01458573 0.01277178 -0.004373908 0.005949974 0.01277178 -0.004373908 0.01458573 0.01318275 -0.002909183 0.005949974 0.01318275 -0.002909183 0.005949974 0.01342642 -0.001407563 0.005949974 0.01344543 -0.00121212 -0.01613461 -0.010894 -0.005849957 -0.01614743 -0.01062858 -0.00629425 -0.01529288 -0.01136404 -0.006729483 -0.01529288 0.01311045 0.001594603 -0.01529288 0.01317363 -9.39509e-4 -0.01529288 0.0132066 1.09502e-4 -0.01529288 0.01261049 -0.003924608 -0.01529288 0.01289677 -0.002846062 -0.01529288 0.01313507 -0.001376986 -0.01529288 0.008274853 -0.01029336 -0.01529288 0.0093804 -0.009297013 -0.01529288 0.00954777 -0.009125053 -0.01529288 0.01036685 -0.008182644 -0.01529288 0.01122164 -0.006964325 -0.01529288 0.01138013 -0.006702125 -0.01529288 0.01193392 -0.005657553 -0.01529288 0.01249468 -0.004279017 -0.01529288 0.007210254 -0.01106524 -0.01529288 0.007064223 -0.011159 -0.01529288 0.005763888 -0.01188296 -0.01529288 0.004491269 -0.01241993 -0.01529288 0.004390358 -0.01245599 -0.01529288 0.002961099 -0.01287084 -0.01529288 -0.001477539 -0.01312416 -0.01529288 8.41333e-6 -0.01320707 -0.01529288 0.001494228 -0.01312226 -0.01529288 -0.002944707 -0.0128746 -0.01529288 -0.004374504 -0.01246154 -0.01529288 -0.005748748 -0.01189029 -0.01529288 -0.007049977 -0.011168 -0.01529288 -0.007183611 -0.01108253 -0.01529288 -0.01121276 -0.006978631 -0.01616859 -0.01030915 -0.006766378 -0.01529288 -0.01035642 -0.008195817 -0.01529288 -0.00826174 -0.01030391 -0.01529288 -0.009368538 -0.009308993 -0.01529288 -0.009525775 -0.009148001 -0.01626211 -0.009411036 -0.007822871 -0.01619201 -0.01003229 -0.007130146 -0.01612204 -0.01139879 -0.004824936 -0.01529288 -0.01192671 -0.005672752 -0.01612126 -0.01155251 -0.004446387 -0.01529288 -0.01248919 -0.004294931 -0.01612126 -0.0118106 -0.003706872 -0.01529288 -0.01260101 -0.003954946 -0.01612126 -0.01215857 -0.002323985 -0.01612126 -0.0123679 5.15555e-4 -0.01529288 -0.01311248 0.001577913 -0.01612126 -0.01222658 0.001934468 -0.01529288 -0.01304483 0.002063989 -0.01612126 -0.01192295 0.003327786 -0.01529288 -0.01289314 -0.002862513 -0.01529288 -0.01313334 -0.001393735 -0.01612126 -0.01234513 -9.10257e-4 -0.01529288 -0.01317131 -9.71175e-4 -0.01529288 -0.01320677 9.26762e-5 -0.01529288 -0.01285171 0.003043174 -0.01529288 -0.01242768 0.004469752 -0.01612126 -0.01146113 0.004676938 -0.01529288 -0.01222813 0.004989922 -0.01612126 -0.01111161 0.005455553 -0.01529288 -0.01184594 0.005839586 -0.01612746 -0.01057082 0.006429374 -0.01529288 -0.0111137 0.007135272 -0.01614469 -0.01007026 0.007158398 -0.01529288 -0.01105713 0.007222652 -0.01614743 -0.01001167 0.007235348 -0.01699995 -0.01022958 -7.54267e-4 -0.01699995 -0.01024842 4.27205e-4 -0.01699995 -0.009488284 3.36275e-4 -0.01699995 -0.01007497 -0.001925706 -0.01699995 -0.01013129 0.001603007 -0.01699995 -0.009879708 0.002757489 -0.01699995 -0.009293377 0.00352925 -0.01699995 -0.009497046 0.003875434 -0.01699995 -0.009207427 0.004520595 -0.01699995 -0.009786605 -0.003071606 -0.01699995 -0.009572446 -0.003434658 -0.01699995 -0.009572744 -0.003684401 -0.01710236 -0.008257985 -0.006480157 -0.01705139 -0.008642673 -0.005908727 -0.01703435 -0.0088135 -0.005607664 -0.01700967 -0.009172618 -0.004848062 -0.01700049 -0.009479939 -0.00399816 -0.01708245 -0.007770776 0.007052898 -0.0170595 -0.007977545 0.006795287 -0.01702117 -0.008459806 0.006080448 -0.01700443 -0.008858084 0.005337476 -0.01678031 -0.008940458 0.007155001 -0.01676237 -0.009272813 0.006740093 -0.01675999 -0.009786903 0.005925595 -0.01689773 -0.009904384 0.004862785 -0.01677161 -0.01023799 0.005026578 -0.01659804 -0.01055389 0.00518167 -0.01689773 -0.01021593 0.004168808 -0.01659804 -0.01088583 0.004442155 -0.01689773 -0.01062756 0.002966225 -0.01689773 -0.01089823 0.001724302 -0.01689773 -0.01102423 4.59543e-4 -0.01689773 -0.01100391 -8.11364e-4 -0.01689773 -0.01083761 -0.002071499 -0.01689773 -0.01052743 -0.003304123 -0.01689773 -0.01029741 -0.003963291 -0.01677161 -0.01064419 -0.004096746 -0.01659804 -0.01132452 0.003160774 -0.01659804 -0.01161289 0.001837372 -0.01659804 -0.01174712 4.89678e-4 -0.01659804 -0.01172548 -8.64569e-4 -0.01659804 -0.01154828 -0.002207338 -0.01659804 -0.01121777 -0.003520786 -0.01659804 -0.01097267 -0.004223167 -0.01676619 -0.0105189 -0.004444658 -0.01675897 -0.01010692 -0.005385696 -0.01677042 -0.009629189 -0.006225705 -0.01678329 -0.00940299 -0.006558597 -0.0168296 -0.008895635 -0.00719124 -0.01496845 -0.01129609 0.007252395 -0.01496845 0.01342338 1.113e-4 -0.01496845 0.01332563 0.001620829 -0.01496845 0.01323676 0.002233386 -0.01496845 0.01310843 -0.002892792 -0.01496845 0.01335066 -0.001399636 -0.01496845 0.01212978 -0.005750417 -0.01496845 0.01269978 -0.004349231 -0.01496845 0.01053696 -0.008316934 -0.01496845 0.01140582 -0.007078647 -0.01496845 0.008410692 -0.01046234 -0.01496845 0.009534358 -0.009449601 -0.01496845 0.00585848 -0.01207798 -0.01496845 0.007180154 -0.01134216 -0.01496845 -0.007165729 -0.01135128 -0.01496845 -0.005843102 -0.01208543 -0.01496845 -0.004446327 -0.0126661 -0.01496845 -0.002993047 -0.0130859 -0.01496845 -0.001501739 -0.01333957 -0.01496845 8.55142e-6 -0.01342386 -0.01496845 0.001518785 -0.01333767 -0.01496845 0.003009736 -0.01308208 -0.01496845 0.00446242 -0.01266044 -0.01496845 -0.00839734 -0.01047301 -0.01496845 -0.009522318 -0.00946176 -0.01496845 -0.01052641 -0.008330345 -0.01496845 -0.01139676 -0.007093131 -0.01496845 -0.01212245 -0.005765914 -0.01496845 -0.01269418 -0.004365384 -0.01496845 -0.01310473 -0.002909481 -0.01496845 -0.01334887 -0.001416623 -0.01496845 -0.0134235 9.41973e-5 -0.01496845 -0.01332771 0.001603841 -0.01496845 -0.01306265 0.003093123 -0.01496845 -0.01263171 0.004543125 -0.01496845 -0.01204037 0.00593543 -0.01497745 -0.01127749 0.007274389 -0.01497018 0.01309943 0.002930045 -0.01513189 -0.0104112 0.03065776 -0.01508337 -0.01050883 0.03088057 -0.01464271 -0.01083254 0.03036999 -0.01459717 -0.01092803 0.03059732 -0.0156129 -0.009273886 0.02871787 -0.01588189 -0.008448719 0.02773106 -0.01567798 -0.008691906 0.02756011 -0.01594448 -0.008276164 0.02761411 -0.01533526 -0.009969294 0.02978485 -0.014844 -0.01038271 0.02944689 -0.01498526 -0.01003795 0.02885663 -0.01512074 -0.009679257 0.02831715 -0.01533073 -0.00905317 0.02751064 -0.01427328 -0.01106643 0.03047925 -0.01491034 -0.009462952 0.02771037 -0.01496797 -0.009281873 0.02748304 -0.01525568 -0.009192824 0.02763056 -0.01528763 -0.009093105 0.02751159 -0.01499366 -0.00924617 0.02744841 -0.01485186 -0.00963813 0.02794176 -0.01479285 -0.009807407 0.02817702 -0.01473361 -0.009970605 0.02841603 -0.0146743 -0.01012784 0.02865868 -0.01461529 -0.01027894 0.02890497 -0.0145567 -0.01042395 0.02915471 -0.01449882 -0.01056283 0.02940785 -0.01444184 -0.01069545 0.02966433 -0.01438599 -0.01082175 0.02992397 -0.0143314 -0.0109418 0.03018677 -0.01454126 -0.01096057 0.03057223 -0.01459956 -0.01083987 0.0302897 -0.01465517 -0.0107215 0.03003138 -0.01471221 -0.01059675 0.02977609 -0.01477056 -0.01046568 0.02952396 -0.01482999 -0.01032823 0.029275 -0.01489025 -0.01018452 0.02902936 -0.0149511 -0.01003462 0.02878713 -0.01501232 -0.009878516 0.02854847 -0.01507365 -0.009716272 0.02831333 -0.01513487 -0.009547829 0.02808189 -0.01519566 -0.009373247 0.0278542 0.01373869 -0.007280051 0.04453939 0.01375317 -0.007041811 0.04471659 0.0097 -0.007089793 0.04468166 0.0138126 -0.005788326 0.0455116 0.01382201 -0.005526244 0.04565173 0.0097 -0.005371868 0.04573041 0.01376646 -0.00172466 0.04687541 0.01374822 -0.001430571 0.04691439 0.0097 -0.001535236 0.04690134 0.0097 0.009613275 0.0421822 0.0120117 0.009967207 0.04168236 0.01198625 0.01012903 0.04143446 0.01203918 0.00979948 0.04192602 0.01196283 0.01028478 0.04118245 0.01194155 0.01043432 0.04092651 0.01187902 0.01096874 0.03986674 0.01189118 0.01084494 0.04013675 0.01190567 0.01071453 0.04040354 0.01192247 0.01057761 0.04066681 0.01188093 0.01177334 0.03732109 0.01185715 0.01129978 0.03903901 0.01186197 0.01119625 0.03931772 0.01186931 0.01108592 0.03959369 0.01185482 0.0113964 0.0387578 0.011855 0.01148599 0.03847432 0.01185768 0.01156854 0.03818869 0.01186287 0.011644 0.0379011 0.01187062 0.01171225 0.03761184 0.01245146 0.007584154 0.04429942 0.0124489 0.007597327 0.04428869 0.0097 0.007584154 0.04429942 0.01240527 0.007822215 0.0441001 0.0097 0.007834196 0.04408979 0.01236265 0.008042573 0.04390597 0.01232105 0.008258223 0.04370635 0.0122807 0.008469104 0.04350137 0.01224154 0.008674979 0.04329115 0.0097 0.009243249 0.04265254 0.01220381 0.008875846 0.04307579 0.01216757 0.009071469 0.04285544 0.01213288 0.009261786 0.04263013 0.01209986 0.00944662 0.0424 0.01207077 0.009613275 0.0421822 0.01206862 0.009625911 0.04216527 0.01267772 0.006409108 0.04514509 0.01263087 0.006654798 0.04498559 0.0097 0.006204724 0.04527133 0.0097 0.005102097 0.0458613 0.01291465 0.005126774 0.04584968 0.01286727 0.005389988 0.04572135 0.01281976 0.005649924 0.04558664 0.01277226 0.005906522 0.04544568 0.01272487 0.006159663 0.04529845 0.01258444 0.006896615 0.04482018 0.01253861 0.007134377 0.04464882 0.01249337 0.007368028 0.04447162 0.01305508 0.00431919 0.04619568 0.01300865 0.004591286 0.0460869 0.0097 0.00440073 0.04616391 0.0129618 0.00486052 0.04597157 0.01291906 0.005102097 0.0458613 0.01327693 0.002921819 0.04663884 0.01323425 0.003205776 0.04656386 0.0097 0.002472877 0.04674237 0.01331847 0.002635955 0.04670685 0.01319062 0.003487646 0.04648196 0.01314616 0.003767251 0.04639327 0.01310092 0.004044473 0.04629784 0.0097 0.002315282 0.0467745 0.01336354 0.002315282 0.0467745 0.01335895 0.002348363 0.04676795 0.01354169 8.89565e-4 0.04696696 0.01350802 0.001183509 0.04694145 0.0097 4.75507e-4 0.04699057 0.01347279 0.001476526 0.04690879 0.01343619 0.001768469 0.04686892 0.01339823 0.002059102 0.04682201 0.0097 -6.09746e-4 0.04698449 0.0136823 -5.44695e-4 0.04698759 0.01365661 -2.48841e-4 0.04699736 0.01361906 1.51842e-4 0.04699903 0.0136044 2.99613e-4 0.04699623 0.01357388 5.94871e-4 0.0469852 0.01372814 -0.001135706 0.0469461 0.01370614 -8.40398e-4 0.04697048 0.01368767 -6.09734e-4 0.04698449 0.01383525 -0.003498375 0.04647868 0.01383161 -0.003320455 0.04653143 0.0097 -0.003502845 0.04647731 0.01382416 -0.003033876 0.04661011 0.01381474 -0.002745449 0.0466817 0.01380342 -0.002455413 0.04674607 0.01379007 -0.002164006 0.04680323 0.01377481 -0.001871347 0.04685318 0.01383566 -0.004991829 0.04591244 0.01383972 -0.004719972 0.04603272 0.01384192 -0.004445135 0.04614627 0.01384222 -0.004167616 0.04625302 0.01384061 -0.003887534 0.0463528 0.01383703 -0.003605127 0.0464456 0.0138027 -0.006046831 0.04536509 0.0097 -0.006178081 0.04528737 0.01379728 -0.006178081 0.04528737 0.01376706 -0.006799221 0.04488784 0.01378011 -0.006552398 0.04505312 0.01379197 -0.006301581 0.0452122 0.01369029 -0.007967233 0.04397344 0.01370739 -0.007742881 0.04416769 0.01372343 -0.007513761 0.0443564 0.01367205 -0.008186638 0.04377371 0.0097 -0.008488833 0.0434817 0.01365262 -0.008400917 0.04356873 0.01347136 -0.009919285 0.04175329 0.0097 -0.009884536 0.04180407 0.01342213 -0.01029258 0.04116946 0.0097 -0.01029258 0.0411694 0.01341205 -0.01037102 0.04103666 0.01349395 -0.009749472 0.04199618 0.01351714 -0.009573817 0.04223471 0.0097 -0.008608222 0.04336047 0.01354062 -0.009392321 0.04246884 0.01356416 -0.009205102 0.04269838 0.01358741 -0.009012222 0.04292327 0.01361012 -0.008813858 0.04314339 0.01363193 -0.008610069 0.04335856 0.01364415 -0.008488833 0.0434817 0.01367497 -0.0116679 0.03219652 0.0097 -0.01103067 0.03027516 0.01397794 -0.01108968 0.03041541 0.0097 -0.01085698 0.02988874 0.01403582 -0.01096063 0.03011488 0.01333194 -0.01103287 0.03971958 0.0097 -0.01088267 0.04005628 0.01327157 -0.01148152 0.03848904 0.0097 -0.01148164 0.03848868 0.01325559 -0.0116536 0.0378623 0.0097 -0.01157474 0.03816622 0.01327681 -0.01195245 0.036067 0.0097 -0.01194113 0.03618711 0.01329958 -0.011985 0.03559881 0.0097 -0.011985 0.03559964 0.01341938 -0.01196718 0.0341134 0.0097 -0.01197153 0.03417456 0.01360177 -0.01177233 0.03267359 0.0097 -0.01177251 0.03267472 0.0097 -0.01166522 0.03218525 0.01425361 -0.01043534 0.02907514 0.01419794 -0.01057595 0.02933001 0.0097 -0.01008582 0.02849799 0.01464128 -0.009293079 0.027408 0.01458972 -0.009466052 0.02762478 0.0097 -0.009293079 0.027408 0.01453471 -0.009642243 0.0278567 0.01447892 -0.009812653 0.02809262 0.01442265 -0.009977221 0.02833253 0.0143662 -0.01013588 0.02857631 0.01430976 -0.01028859 0.02882391 0.01414293 -0.01071041 0.02958828 0.0140888 -0.01083868 0.02985 0.01408094 -0.01085698 0.02988874 -0.01248979 0.01175034 0.03637409 -0.01252329 0.01172947 0.03637397 -0.01252228 0.0117278 0.03638863 -0.01425743 2.16922e-4 0.04676485 -0.01424199 3.63721e-4 0.04676175 -0.01429867 2.45223e-4 0.04672759 -0.01418876 -0.01154571 0.03231507 -0.01412141 -0.01163315 0.03270268 -0.01419764 -0.01156491 0.03250497 -0.0145955 -0.01093089 0.03060334 -0.01454043 -0.01096224 0.0305764 -0.01459389 -0.01093375 0.03060936 -0.01453965 -0.01096397 0.03058058 -0.01438117 -0.01128971 0.0314958 -0.01428389 -0.01144093 0.03199803 -0.01391303 -0.01183956 0.03417927 -0.01404488 -0.01174414 0.03352963 -0.01411777 -0.01166582 0.03301554 -0.01376247 -0.01181524 0.03615975 -0.01381754 -0.01178735 0.03613281 -0.01376575 -0.01182311 0.03607726 -0.01387894 -0.01184052 0.035088 -0.01385885 -0.01186621 0.03469967 -0.01392477 -0.0118317 0.03456664 -0.01398026 -0.01179951 0.03404688 -0.01381361 -0.01139831 0.038194 -0.01380079 -0.01153075 0.0376845 -0.01375222 -0.01152741 0.03782248 -0.01379674 -0.01163977 0.03717052 -0.01380217 -0.01172536 0.03665298 -0.01383405 -0.01124274 0.03869831 -0.0138114 -0.01113396 0.03908324 -0.01386034 -0.01106441 0.03919708 -0.01389342 -0.01086139 0.03968983 -0.01385301 -0.01091015 0.03963243 -0.0138868 -0.01073253 0.04001712 -0.01403558 -0.01021236 0.04087901 -0.01397371 -0.01024127 0.04091447 -0.01397407 -0.01023876 0.04091876 -0.01403492 -0.0102145 0.04087603 -0.0139662 -0.01049864 0.04041647 -0.01393824 -0.01062846 0.04017585 -0.01406294 -0.009631991 0.04185283 -0.01408886 -0.009459078 0.0420863 -0.01413041 -0.009528219 0.04192817 -0.01403802 -0.009798765 0.04161524 -0.01403778 -0.01019603 0.04090708 -0.01403665 -0.01020419 0.04089301 -0.01411551 -0.009279906 0.04231572 -0.01414263 -0.009094595 0.04254084 -0.01424562 -0.008684992 0.04294753 -0.01416987 -0.008903145 0.04276168 -0.01419693 -0.008705794 0.04297786 -0.01422339 -0.008502483 0.04318946 -0.0142489 -0.00829339 0.04339629 -0.01431751 -0.008081436 0.04354745 -0.0142731 -0.008079409 0.04359769 -0.01429581 -0.007860362 0.04379403 -0.01431697 -0.007636904 0.04398477 -0.01433664 -0.007409214 0.04416996 -0.01440829 -0.007069766 0.04438412 -0.01435506 -0.007177412 0.04434943 -0.0143724 -0.006941437 0.04452329 -0.01438879 -0.006701648 0.04469114 -0.01440447 -0.006456553 0.04485374 -0.0144751 -0.00598061 0.04510295 -0.01441895 -0.006207346 0.0450102 -0.01443201 -0.005954861 0.04516035 -0.01447236 -0.00490719 0.04569929 -0.01451629 -0.004872918 0.04567539 -0.01445472 -0.005439996 0.04544204 -0.01444375 -0.005699455 0.04530405 -0.01448309 -0.003806114 0.04613363 -0.01448053 -0.003524482 0.04622507 -0.01452422 -0.00364232 0.0461505 -0.01447582 -0.003240704 0.04630953 -0.01450222 -0.002670824 0.04642009 -0.0144782 -0.004636108 0.04581803 -0.0144819 -0.004362106 0.04593002 -0.01448357 -0.004085361 0.04603528 -0.01443541 -0.00208795 0.04657644 -0.01441991 -0.001796364 0.04662519 -0.01449114 -0.002382278 0.04648339 -0.01441711 -0.001097559 0.04667633 -0.01446896 -0.002954959 0.04638689 -0.0144599 -0.002667486 0.04645723 -0.01444876 -0.002378404 0.04652041 -0.01441133 -0.001650214 0.04664689 -0.01439261 -0.001357257 0.04668486 -0.01437175 -0.001063704 0.04671561 -0.01434886 -7.69751e-4 0.04673904 -0.01432394 -4.75551e-4 0.04675525 -0.014297 -1.81312e-4 0.04676425 -0.01420968 6.5694e-4 0.04675012 -0.01417565 9.49444e-4 0.04673141 -0.01414436 0.001563251 0.0466302 -0.01413989 0.001241028 0.04670548 -0.01410251 0.001531541 0.04667252 -0.01393818 0.002679526 0.0464707 -0.01389378 0.002962172 0.04640305 -0.01395946 0.002851426 0.04639005 -0.01384824 0.003242731 0.0463286 -0.01385426 0.003501117 0.04621177 -0.01406359 0.001820862 0.04663252 -0.01402318 0.002108752 0.0465855 -0.01398134 0.002395033 0.04653155 -0.013507 0.005135238 0.04562324 -0.01345646 0.005393803 0.045497 -0.0135284 0.00529468 0.04550021 -0.01375496 0.004076957 0.04601985 -0.01365691 0.004340767 0.0459643 -0.01360738 0.004608571 0.04585695 -0.01355737 0.004873454 0.04574328 -0.01380163 0.003521025 0.04624742 -0.01375418 0.003796875 0.04615962 -0.0137059 0.004070162 0.04606521 -0.01340574 0.00564903 0.04536461 -0.01335507 0.0059008 0.04522609 -0.01330035 0.006433129 0.04485625 -0.01330453 0.006148934 0.04508161 -0.01325422 0.006393432 0.04493117 -0.01320427 0.006634116 0.04477494 -0.0131548 0.006870806 0.04461288 -0.01309424 0.007422983 0.04414647 -0.01310592 0.007103443 0.04444515 -0.0130577 0.007331907 0.04427182 -0.01301032 0.00755608 0.04409301 -0.01296383 0.007775783 0.04390871 -0.01291841 0.007991015 0.04371911 -0.01289355 0.008381783 0.04329049 -0.01287412 0.008201539 0.04352432 -0.01283109 0.008407294 0.04332435 -0.01278942 0.008608162 0.04311931 -0.01274925 0.008803963 0.04290932 -0.01272237 0.009230136 0.04234766 -0.01271063 0.008994638 0.04269456 -0.01267373 0.009180068 0.0424751 -0.01263862 0.009360134 0.04225099 -0.01260536 0.009534716 0.04202246 -0.01257407 0.009703755 0.04178959 -0.01258713 0.009968519 0.04132199 -0.01254481 0.009867012 0.04155248 -0.01251763 0.01002448 0.04131132 -0.0125727 0.01005494 0.04118502 -0.01249271 0.01017606 0.04106622 -0.01247006 0.01032155 0.04081732 -0.01244968 0.01046097 0.04056483 -0.01248598 0.01065766 0.04008674 -0.01243174 0.01059412 0.04030889 -0.01241624 0.01072096 0.04004961 -0.01240324 0.01084142 0.03978723 -0.01239275 0.01095533 0.03952187 -0.01244616 0.01113444 0.03894197 -0.01238483 0.01106274 0.03925371 -0.01237952 0.01116341 0.03898298 -0.01237678 0.01125741 0.03870981 -0.01244384 0.0113002 0.03843921 -0.01239246 0.01156491 0.0375967 -0.01245892 0.01151931 0.03761202 -0.01238459 0.01149845 0.03787761 -0.01245468 0.01148629 0.03775411 -0.01237934 0.01142495 0.03815692 -0.01237672 0.01134461 0.03843438 -0.01240301 0.01162445 0.03731423 -0.01241618 0.01167696 0.03703057 -0.01245671 0.0117715 0.03637039 -0.01245039 0.01176089 0.03646016 -0.01243197 0.01172244 0.03674578 -0.01452803 -0.009808242 0.04062271 -0.01452916 -0.009799599 0.04063761 -0.01334798 0.01076924 0.03615373 -0.01320433 0.01105314 0.03622442 -0.01278251 0.01154375 0.0363363 -0.01294565 0.01107054 0.03767001 -0.01294982 0.0111019 0.0375353 -0.01301211 0.01129859 0.03637623 -0.01301807 0.0113098 0.0362848 -0.01423496 0.003967523 0.04547661 -0.01401019 0.005136966 0.0449894 -0.01378411 0.006230294 0.044384 -0.0135799 0.00718075 0.04371541 -0.01338118 0.008100986 0.04290795 -0.01321154 0.008914709 0.0420174 -0.01307749 0.009622097 0.04104769 -0.01306319 0.009704768 0.04091811 -0.01297718 0.01028108 0.03987884 -0.01293754 0.01073598 0.03879505 -0.01443815 0.002790689 0.04582262 -0.01462209 0.00155431 0.04604595 -0.01477628 2.89528e-4 0.04613512 -0.01489537 -9.99383e-4 0.04608482 -0.01497077 -0.002233505 0.04590171 -0.01500588 -0.003445327 0.04558718 -0.01496136 -0.005699753 0.04459834 -0.01500058 -0.004631042 0.04513895 -0.01489859 -0.006747663 0.04392111 -0.01481479 -0.007724583 0.04313325 -0.01474618 -0.008314669 0.04256826 -0.01462769 -0.009145498 0.04160559 -0.01452654 -0.009818613 0.04060524 -0.01508176 -0.01051199 0.03088694 -0.01481336 -0.01099199 0.03219944 -0.01489925 -0.01084929 0.03172564 -0.01440101 -0.01062321 0.03902238 -0.01436322 -0.01081722 0.03854984 -0.01433604 -0.01098042 0.0380721 -0.01431894 -0.01111662 0.03758943 -0.01431208 -0.01122736 0.0371024 -0.01431566 -0.01131331 0.03661197 -0.01432991 -0.01137489 0.03611904 -0.01439106 -0.01142525 0.03512877 -0.01443779 -0.01141405 0.03463459 -0.01449513 -0.0113784 0.03414189 -0.01456284 -0.01131796 0.03365147 -0.01464086 -0.01123166 0.0331639 -0.01472944 -0.01111733 0.03267937 -0.01442551 -0.0104295 0.03948777 -0.01445764 -0.01020985 0.039945 -0.01447755 -0.01008802 0.04017025 -0.01427179 -0.01106834 0.03048348 -0.01243251 0.01178753 0.03636127 -0.01370614 -0.01034194 0.04099833 -0.01240718 0.01180219 0.03635853 -0.01239317 0.01180922 0.03636139 -0.01236349 0.01182103 0.03638237 -0.01232379 0.01183152 0.03643387 -0.01229983 0.01183545 0.03647494 -0.01218432 0.01183295 0.03674703 -0.01216518 0.01178771 0.03703641 -0.0120725 0.01179784 0.03709995 -0.01215213 0.0117343 0.03732508 -0.01196992 0.01173228 0.03749865 -0.0121417 0.01167374 0.03761243 -0.01213389 0.01160609 0.0378983 -0.01212865 0.01153147 0.03818249 -0.01212602 0.01144975 0.03846484 -0.01212596 0.01136118 0.03874504 -0.01212853 0.01126569 0.03902304 -0.01213365 0.01116335 0.03929853 -0.01214128 0.01105427 0.0395714 -0.01215147 0.01093858 0.03984141 -0.01216411 0.01081627 0.04010838 -0.01217919 0.01068747 0.04037225 -0.01219666 0.01055222 0.04063272 -0.01221644 0.01041072 0.04088962 -0.0122385 0.01026302 0.04114288 -0.01226282 0.01010918 0.04139232 -0.01228928 0.009949386 0.04163771 -0.01231777 0.009783685 0.04187899 -0.01234829 0.009612202 0.04211604 -0.01238071 0.009435057 0.04234862 -0.01241493 0.009252369 0.04257661 -0.01245093 0.009064316 0.0428 -0.01248854 0.008870899 0.04301857 -0.0125277 0.008672297 0.0432322 -0.01256829 0.008468687 0.04344081 -0.01261025 0.008260071 0.04364436 -0.01265341 0.008046627 0.04384261 -0.01269763 0.007828533 0.04403555 -0.01274293 0.00760585 0.04422301 -0.01278913 0.007378697 0.04440498 -0.01283609 0.007147252 0.04458135 -0.01332473 0.004621744 0.04601705 -0.01327598 0.004889667 0.04590147 -0.01322692 0.00515449 0.04577952 -0.01317769 0.005416095 0.04565113 -0.01312828 0.005674421 0.04551649 -0.01307892 0.005929231 0.0453757 -0.01302969 0.006180524 0.04522871 -0.01298063 0.006428062 0.04507577 -0.012932 0.006671786 0.0449168 -0.01288378 0.006911575 0.04475194 -0.01376926 0.001805365 0.04680454 -0.01372987 0.002095997 0.04675692 -0.01368904 0.00238502 0.0467022 -0.01364701 0.002672314 0.04664045 -0.01360374 0.002957701 0.04657173 -0.0135594 0.003241121 0.04649615 -0.01351398 0.003522276 0.04641377 -0.01346772 0.003801047 0.04632455 -0.0134207 0.004077315 0.0462287 -0.01337295 0.00435096 0.04612618 -0.01380729 0.001513421 0.04684513 -0.01384377 0.001220226 0.04687851 -0.0138787 9.26075e-4 0.04690468 -0.01391196 6.31024e-4 0.04692363 -0.01394355 3.35307e-4 0.04693531 -0.01395869 1.87273e-4 0.04693841 -0.01399743 -2.14238e-4 0.04693764 -0.01402384 -5.10822e-4 0.0469284 -0.01404827 -8.07322e-4 0.04691189 -0.0140708 -0.00110352 0.04688793 -0.01409137 -0.001399278 0.0468567 -0.01410984 -0.001694381 0.04681807 -0.01411831 -0.001841545 0.04679602 -0.01413375 -0.002135217 0.04674643 -0.01414704 -0.002427697 0.04668951 -0.0141583 -0.002718806 0.04662537 -0.01416742 -0.003008246 0.04655396 -0.01417452 -0.003295898 0.04647535 -0.01417952 -0.003581523 0.04638963 -0.01418244 -0.003865003 0.04629683 -0.01418334 -0.004146039 0.04619705 -0.0141822 -0.004424512 0.04609024 -0.01417911 -0.004700183 0.04597663 -0.01417398 -0.004972934 0.04585617 -0.01415789 -0.005508899 0.04559522 -0.01414757 -0.005770802 0.04545527 -0.01413655 -0.006028711 0.04530912 -0.01412439 -0.006283342 0.04515653 -0.01411098 -0.006534278 0.04499757 -0.01409637 -0.006781101 0.04483246 -0.01408094 -0.007023096 0.04466176 -0.01406472 -0.007260918 0.04448503 -0.01404762 -0.00749439 0.04430252 -0.01402938 -0.007723331 0.04411423 -0.01400989 -0.007947742 0.04392027 -0.01398903 -0.008167326 0.04372084 -0.01396679 -0.008381843 0.04351615 -0.01394325 -0.008591234 0.04330623 -0.01223123 0.01183807 0.03662365 -0.01391869 -0.008795022 0.04309141 -0.01389342 -0.008993089 0.04287189 -0.01386785 -0.009185433 0.04264777 -0.01384222 -0.009371876 0.04241913 -0.01381689 -0.009552419 0.0421862 -0.01379209 -0.009726941 0.04194903 -0.01376813 -0.009895443 0.04170775 -0.01370537 -0.01034337 0.04099619 -0.01360261 -0.01100492 0.0396896 -0.01394182 -0.01164215 0.03224903 -0.01351255 -0.01162207 0.03784996 -0.01352947 -0.01191908 0.03607529 -0.01367479 -0.01193583 0.03414493 0.01197612 0.01302385 0.00563836 0.01034313 0.01465684 0.002777457 0.01122027 0.01377969 0.00306499 0.01105272 0.01394718 0.002067804 0.01433318 0.01066672 0.009332656 0.01397192 0.01102799 0.009059846 0.01599758 0.009002387 0.009191215 0.01585209 0.009147882 0.009274423 0.01574391 0.009256005 0.01236432 0.01570212 0.009297788 0.009339869 0.01395463 0.01104527 0.02765882 0.01478862 0.01021128 0.009521186 0.0146321 0.01036787 0.0228092 0.01523941 0.009760499 0.01763236 0.01549756 0.00950241 0.009416282 0.01529288 0.009707093 0.009492039 0.01507329 0.009926676 0.009540557 0.01449376 0.01050615 0.0094195 0.01354151 0.01145845 0.008592665 0.01317155 0.01182842 0.008054912 0.004448056 0.01690733 0.02946585 0.004860281 0.01691424 0.02936214 0.009200632 0.01560455 0.02774071 0.008687078 0.01592773 0.0278725 0.007043421 0.01664483 0.02824437 0.004706859 0.01699995 0.004241883 0.006687164 0.01674568 0.004082977 0.008633375 0.01595842 0.003590941 0.01727873 -0.007336139 -0.007279813 0.01747554 -0.006186306 -0.007898628 0.01749575 -0.006051063 -0.003936171 0.01364648 0.01107418 0.03255325 0.01448255 0.008823156 0.03189963 0.01442986 0.01025861 0.02784943 0.01541924 -0.009844124 0.03096669 0.01561069 -0.009408295 0.03015333 0.01482731 -0.009299337 0.04027211 0.01537162 -0.009943723 0.03118485 0.01479309 -0.009541571 0.03986608 0.01477903 -0.009650945 0.03965759 0.01506173 -0.01050812 0.03285837 0.01509022 -0.01045614 0.03271436 0.01492524 -0.01023787 0.03575181 0.01513791 -0.01038134 0.03240984 0.01521372 -0.01025158 0.03196859 0.01473897 -0.01002931 0.03879761 0.01470625 -0.01024377 0.03835874 0.01486891 -0.01063889 0.03469824 0.01468247 -0.01041728 0.03791314 0.01466768 -0.01055884 0.03746193 0.01484024 -0.0108087 0.03422975 0.01490473 -0.0107401 0.03376972 0.01475632 -0.009850025 0.03923213 0.01474076 -0.01001751 0.03881877 0.01497858 -0.01064181 0.03331249 0.01466226 -0.01067209 0.03700613 0.01466661 -0.01075869 0.03654664 0.01468104 -0.01081955 0.03608453 0.01474046 -0.01086533 0.03515571 0.0147854 -0.01085001 0.03469204 0.01600378 -0.007284283 0.03140383 0.01492118 -0.008638679 0.04121202 0.01580703 -0.008723855 0.03001207 0.01483052 -0.009276509 0.04030883 0.01613718 -0.004044353 0.0339908 0.01519906 -0.005340695 0.04397827 0.01610374 -0.004720866 0.03381609 0.01518219 -0.005719721 0.04375445 0.01514798 -0.006331741 0.04335254 0.01566851 -0.001251935 0.03996503 0.01522767 -0.00320971 0.04489189 0.01564645 -0.004066705 0.04015797 0.01522958 -0.004328608 0.04447793 0.01520752 -0.005127549 0.04409652 0.01485258 0.001495182 0.04532963 0.01499909 3.04209e-4 0.04540628 0.01541954 0.001642525 0.03958374 0.01511394 -9.08116e-4 0.04535531 0.01518905 -0.002068817 0.04518347 0.01490819 0.004599928 0.03911489 0.01387202 0.006827116 0.04319584 0.01406413 0.005922675 0.04381376 0.01427668 0.004883885 0.04437065 0.01448798 0.00377506 0.04481601 0.01467901 0.002661824 0.04512965 0.01338958 0.01100659 0.03503626 0.01335358 0.01075541 0.03615015 0.01354205 0.01114964 0.03323805 0.0134502 0.01112943 0.03411227 0.01333892 0.0107364 0.03633654 0.01327913 0.01055395 0.03742378 0.01327514 0.01052463 0.03755009 0.01326692 0.01020956 0.03860473 0.01330405 0.009778797 0.03961974 0.01338511 0.009231209 0.04059165 0.01339858 0.009152531 0.04071277 0.01352506 0.008478999 0.04161769 0.01368492 0.007703721 0.04244661 0.01512598 0.009527862 0.02298074 0.01527953 0.005769431 0.03253304 0.01575148 0.008862972 0.01778221 0.01633131 0.00967127 0.006254434 0.01646018 0.008946478 0.006973981 0.01689594 0.007301628 0.00520575 0.01651865 0.008617758 0.00725317 0.01664632 0.007889568 0.007791578 0.01622402 0.0102939 0.005477607 0.01618885 0.01066595 0.004487931 0.01614373 0.0108 0.004670858 0.01584935 0.008174121 0.01885402 0.01627224 0.008300423 0.0124914 0.01650047 0.004951357 0.01967209 0.01617622 0.01172387 -4.42809e-5 0.01610976 0.01177561 9.13042e-4 0.01607149 0.01171338 0.001866102 0.01606851 0.01169544 0.00199908 0.01606422 0.01150697 0.002916634 0.01608932 0.01120907 0.003807723 0.01678025 0.01000475 -0.004375696 0.01661103 0.01060479 -0.00343734 0.01650422 0.01094347 -0.002778828 0.01636672 0.01132863 -0.001815676 0.01625055 0.0115965 -8.32363e-4 0.01738852 0.003816008 0.005789518 0.01759499 0.005651891 -0.007980644 0.01744389 0.006742298 -0.007381319 0.01727747 0.007739305 -0.006694853 0.0170989 0.008653163 -0.005917191 0.01695674 0.009294569 -0.0052585 0.01781845 0.003293991 -0.008857429 0.01772177 0.004495441 -0.008475244 0.01753509 0.002010226 0.005982875 0.01758599 -0.002792775 0.005453467 0.01756304 -0.003874421 0.004817485 0.0177409 -0.003278255 -0.002692103 0.01788079 0.002047061 -0.009129047 0.01760023 1.451e-4 0.006084918 0.0178889 0.001785337 -0.009171128 0.01759731 -8.16198e-4 0.006093025 0.01790648 5.6089e-4 -0.00929892 0.01759153 -0.001787304 0.00590074 0.01790255 -6.34693e-4 -0.009304344 0.01787209 -0.001857817 -0.009196579 0.01765161 -0.00485599 -0.008458077 0.01776969 -0.003624379 -0.008844852 0.01785022 -0.002366244 -0.009119093 0.01717674 -0.007846713 -0.006960093 0.01712614 -0.007577776 0.006437718 0.01714396 -0.007787287 0.003408312 0.0173791 -0.006342947 0.003244578 0.01715815 -0.007906675 2.6893e-4 0.01716983 -0.007932484 -0.003439009 0.01712203 -0.007522284 0.007054805 0.01724058 -0.006774842 0.007055282 0.01738297 -0.005578458 0.007056295 0.017506 -0.00378555 0.007057726 0.01749128 0.001677751 0.007824659 0.01752024 0.001332163 0.007515013 0.01756048 5.57644e-4 0.007142126 0.01743537 0.002129554 0.008551776 0.01685458 0.00230056 0.02022659 0.01709318 0.00229448 0.01593577 0.0173915 0.002285778 0.009381711 0.01648569 0.001556098 0.02711558 0.01647675 0.001798808 0.02685737 0.01620519 0.003819465 0.02654772 0.01648122 0.002197861 0.02611798 0.01651716 0.00230807 0.02541273 0.01661956 -9.18985e-4 0.02773004 0.01657927 -4.14249e-5 0.02773112 0.01615256 -3.07648e-4 0.03371506 0.01652669 8.12912e-4 0.02757382 0.01584488 0.002716541 0.03318494 0.01652514 -0.004573643 0.02772855 0.01608628 -0.005335807 0.03340989 0.01607191 -0.005952835 0.03283232 0.01508021 -0.00725907 0.04262429 0.01502424 -0.007827103 0.04210293 0.01610738 -0.0079149 0.02825152 0.01586645 -0.008721828 0.02916288 0.01650887 -0.004838943 0.02772873 0.01645237 -0.00560373 0.02772897 0.01626914 -0.007181107 0.02772909 0.01624035 -0.0073632 0.02772909 0.01620239 -0.001806199 0.03389072 0.0161783 -0.003299176 0.03398334 0.01661705 -0.002758026 0.02772778 0.01659083 -0.003337681 0.02772742 0.01655131 -0.00410366 0.02772825 0.01757293 -6.61664e-5 0.007058322 0.01756763 -9.61758e-4 0.007057845 0.0175547 -0.001953721 0.007058382 0.01753467 -0.00296694 0.007058203 0.0162394 0.008722007 0.008823275 0.01649188 0.00830245 0.008297562 0.01643705 0.008410692 0.008431434 0.01607531 0.008815705 0.01243042 0.01664441 0.007896304 0.007799863 0.01662707 0.007955491 0.007872164 0.01555544 0.009346425 0.01770997 0.01493227 0.009979784 0.02289772 0.01423972 0.01068127 0.02775686 0.01346099 0.01146823 0.03245168 0.01242583 0.01180571 0.0362662 0.01251745 0.0117467 0.03628695 0.01252967 0.01173913 0.03628671 0.01246362 0.01178193 0.03627568 0.01295536 0.01139056 0.03624469 0.01306509 0.01155591 0.03511911 0.01301419 0.01132428 0.03623569 0.0133087 0.01086163 0.03616702 0.01334583 0.01077508 0.03615331 0.01317566 0.0116291 0.03413242 0.01331651 0.01159447 0.03319323 0.004704594 0.01689773 0.003465414 0.004701972 0.01659804 0.002741873 0.006470024 0.01668769 0.003300428 0.008221745 0.01603502 0.002788722 0.009796321 0.01494777 0.001939654 0.006213605 0.01642 0.002575516 0.00771296 0.01586723 0.002059519 0.009059548 0.01494777 0.00120294 0.009314119 0.01394748 -2.85532e-5 0.009679794 0.01390051 -1.18485e-5 0.01036822 0.01385819 2.50437e-4 0.01060825 0.01386409 4.74066e-4 0.01032286 0.01385855 2.19007e-4 0.01002776 0.01387012 7.14463e-5 0.01103246 0.0139296 0.001579105 0.01102453 0.0139265 0.001515209 0.01093351 0.01390218 0.001092493 0.01078337 0.01387882 7.31701e-4 0.01531296 0.0124554 0.004331171 0.01529288 0.01271814 0.003560364 0.01529288 0.01242202 0.004485607 0.01549756 0.009845733 0.008492529 0.01570212 0.009646058 0.008410513 0.01566183 0.009915888 0.008154332 0.0153644 0.01199072 0.005363345 0.01529288 0.01183849 0.005854666 0.0154401 0.0114212 0.006333649 0.01529288 0.01162171 0.006273984 0.01554101 0.01072436 0.007274687 0.01529288 0.01110458 0.007149457 0.01529288 0.01004558 0.008573949 0.0157904 0.01188135 0.004084885 0.01576459 0.01220268 0.00310564 0.01640039 0.008623898 0.008046805 0.01646476 0.008473217 0.00799328 0.01662361 0.007983684 0.007823705 0.01664412 0.007899224 0.007794857 0.01617187 0.009481906 0.007597446 0.01579564 0.009535908 0.008388876 0.01623219 0.00913459 0.007911503 0.01588594 0.009431421 0.008353829 0.01616889 0.009052336 0.008204162 0.01690632 -0.008355855 -0.00772494 0.01636439 -0.008749186 -0.008409738 0.01645517 -0.008209884 -0.008813321 0.01701194 -0.007830798 -0.008091509 0.01663213 -0.006974399 -0.009602189 0.01721805 -0.006635367 -0.008806228 0.01669889 -0.006419718 -0.009902119 0.01740521 -0.005235314 -0.009459257 0.01679199 -0.005518555 -0.01032578 0.0169003 -0.004146635 -0.01083314 0.01753264 -0.003923952 -0.009915292 0.01691508 -0.0039137 -0.01090377 0.01762098 -0.002571582 -0.01024186 0.01697498 -0.002724349 -0.01119834 0.01699554 -0.002143561 -0.01130294 0.01764535 -0.002021551 -0.01033496 0.01701599 -0.00130707 -0.01140934 0.01767992 -6.90978e-4 -0.01046651 0.01702427 -7.32643e-4 -0.01145225 0.01702803 6.71097e-4 -0.01145225 0.01768493 6.21859e-4 -0.01046407 0.01702356 0.001333594 -0.01139861 0.01766604 0.001959562 -0.01031976 0.01701146 0.002094686 -0.01129585 0.01700389 0.002392411 -0.01124435 0.01765733 0.002242267 -0.01027214 0.01694577 0.003809809 -0.010908 0.01759105 0.003587961 -0.009962558 0.01693904 0.003931522 -0.01087182 0.01748859 0.004882216 -0.009525775 0.01685523 0.005174577 -0.01043182 0.0167362 0.006482422 -0.009816527 0.01735466 0.006123006 -0.008961737 0.01659405 0.007707715 -0.009074211 0.01719564 0.007286787 -0.00828123 0.01645421 0.008708357 -0.008322536 0.01702111 0.008344888 -0.007505714 0.01643717 0.008820235 -0.008228898 0.01626861 0.009830594 -0.007277667 0.01683455 0.009308218 -0.00663203 0.01613426 0.0105338 -0.006476819 0.01668649 0.009980261 -0.005895614 0.0161041 0.01068115 -0.006290435 0.01650315 0.01071959 -0.004913032 0.01596724 0.01130509 -0.005409538 0.01580709 0.01194882 -0.004281759 0.01632791 0.01133924 -0.003873348 0.01574301 0.01218062 -0.003790974 0.01621752 0.0116862 -0.003146111 0.01570594 0.01230776 -0.003493666 0.01557564 0.01270979 -0.002345085 0.01607573 0.01207715 -0.002085387 0.01546555 0.01298123 -0.001176238 0.0159561 0.01234424 -0.001005053 0.01544535 0.01302152 -9.28853e-4 0.01587963 0.01246678 -1.40593e-4 0.0153951 0.01310265 -2.41355e-4 0.01533216 0.01313745 8.93285e-4 0.01581138 0.01250821 9.08703e-4 0.01529598 0.01304811 0.002022981 0.0157721 0.01243108 0.001953184 0.01529312 0.01302552 0.002180755 0.015769 0.01241064 0.002099037 0.01529288 0.01302301 0.002197325 0.01529556 0.01288592 0.002882242 0.01584625 0.01144456 0.005036175 0.0159288 0.01090723 0.005928754 0.01603913 0.01024812 0.006792426 0.01485258 0.01088404 0.007925271 0.01497298 0.01062172 0.008205354 0.01496845 0.01128685 0.007266759 0.0150265 0.01051181 0.008306443 0.01512479 0.01032221 0.008453786 0.01521968 0.01015722 0.008544802 0.01470905 0.01122188 0.007490754 0.01496845 0.0120328 0.005950808 0.01496845 0.01262587 0.004559218 0.01496845 0.01292687 0.003618776 0.01600766 -0.01018524 0.007233142 0.01612746 -0.01057082 0.006429374 0.01614743 -0.01001167 0.007235348 0.01529288 0.004491269 -0.01241993 0.01529288 -0.01105713 0.007222652 0.01529288 -0.0111137 0.007135272 0.01612126 -0.01111161 0.005455553 0.01529288 -0.01184594 0.005839586 0.01612126 -0.01146113 0.004676938 0.01529288 -0.01222813 0.004989922 0.01529288 -0.01242768 0.004469752 0.01612126 -0.01192295 0.003327786 0.01529288 -0.01285171 0.003043174 0.01612126 -0.01222658 0.001934468 0.01529288 -0.01304483 0.00206393 0.01529288 -0.01311248 0.001577913 0.01612126 -0.0123679 5.1554e-4 0.01529288 -0.01320677 9.26762e-5 0.01612126 -0.01234513 -9.10271e-4 0.01529288 -0.01317131 -9.7119e-4 0.01529288 -0.01313334 -0.001393735 0.01612126 -0.01215851 -0.002323985 0.01529288 -0.01289314 -0.002862513 0.01612126 -0.0118106 -0.003706872 0.01529288 -0.01260101 -0.003954946 0.01612126 -0.01155251 -0.004446387 0.01529288 -0.01248919 -0.004294931 0.01612204 -0.01139879 -0.004824936 0.01529288 -0.01192671 -0.005672752 0.01613461 -0.010894 -0.005849957 0.01529288 -0.01136398 -0.006729483 0.01626211 -0.009411036 -0.007822871 0.01529288 -0.01035642 -0.008195817 0.01619201 -0.01003229 -0.007130146 0.01529288 -0.01121276 -0.006978631 0.01616859 -0.01030915 -0.006766378 0.01614743 -0.01062858 -0.00629425 0.01529288 -0.004374504 -0.01246154 0.01529288 -0.005748748 -0.01189029 0.01529288 -0.007049977 -0.011168 0.01529288 -0.007183611 -0.01108253 0.01529288 -0.00826174 -0.01030391 0.01529288 -0.009368538 -0.009308993 0.01529288 -0.009525775 -0.009148001 0.01529288 -0.002944707 -0.0128746 0.01529288 -0.001477539 -0.01312416 0.01529288 0.004390358 -0.01245599 0.01529288 0.002961099 -0.01287084 0.01529288 0.001494228 -0.01312226 0.01529288 8.41333e-6 -0.01320707 0.01529288 0.00954777 -0.009125053 0.01529288 0.0093804 -0.009297013 0.01529288 0.005763888 -0.01188296 0.01529288 0.007064223 -0.011159 0.01529288 0.007210254 -0.01106524 0.01529288 0.008274853 -0.01029336 0.01529288 0.01261049 -0.003924608 0.01529288 0.01249468 -0.004279017 0.01529288 0.01193392 -0.005657553 0.01529288 0.01138013 -0.006702125 0.01529288 0.01122164 -0.006964325 0.01529288 0.01036685 -0.008182644 0.01529288 0.01311045 0.001594603 0.01529288 0.0132066 1.09502e-4 0.01529288 0.01317363 -9.39507e-4 0.01529288 0.01313507 -0.001376986 0.01529288 0.01289677 -0.002846062 0.01699995 -0.009293377 0.00352925 0.01699995 -0.009207427 0.004520595 0.01699995 -0.009497046 0.003875434 0.01699995 -0.01013129 0.001602947 0.01699995 -0.01024842 4.27193e-4 0.01699995 -0.009488284 3.36275e-4 0.01699995 -0.01022958 -7.54279e-4 0.01699995 -0.009879708 0.002757489 0.01699995 -0.01007491 -0.001925706 0.01699995 -0.009786605 -0.003071606 0.01699995 -0.009572446 -0.003434658 0.01699995 -0.009572744 -0.003684401 0.01700443 -0.008858084 0.005337476 0.01703435 -0.0088135 -0.005607664 0.01700967 -0.009172618 -0.004848062 0.01700049 -0.009479939 -0.00399816 0.01705139 -0.008642673 -0.005908727 0.01710236 -0.008257985 -0.006480157 0.01702117 -0.008459806 0.006080448 0.0170595 -0.007977545 0.006795287 0.01708245 -0.007770776 0.007052898 0.01678317 -0.008933246 0.007154464 0.01675999 -0.009786903 0.005925595 0.01676237 -0.009272813 0.006740093 0.01651436 -0.009491384 0.007197737 0.01659804 -0.01055389 0.00518167 0.01677161 -0.01023799 0.005026578 0.01689773 -0.009904384 0.004862785 0.01677161 -0.01064419 -0.004096746 0.01689773 -0.01029741 -0.003963291 0.01689773 -0.01052743 -0.003304123 0.01659804 -0.01097267 -0.004223167 0.01659804 -0.01121777 -0.003520786 0.01689773 -0.01083761 -0.002071499 0.01689773 -0.01100391 -8.11376e-4 0.01689773 -0.01102423 4.5953e-4 0.01689773 -0.01089823 0.001724302 0.01689773 -0.01062762 0.002966225 0.01689773 -0.01021593 0.004168808 0.01659804 -0.01154828 -0.002207338 0.01659804 -0.01172548 -8.64582e-4 0.01659804 -0.01174712 4.89664e-4 0.01659804 -0.01161289 0.001837372 0.01659804 -0.01132452 0.003160774 0.01659804 -0.01088583 0.004442155 0.01676619 -0.0105189 -0.004444658 0.01675897 -0.01010692 -0.005385696 0.01677042 -0.009629189 -0.006225705 0.01678329 -0.00940299 -0.006558597 0.0168296 -0.008895635 -0.00719124 0.01496845 0.01269978 -0.004349231 0.01496845 0.01140582 -0.007078647 0.01496845 0.009534358 -0.009449601 0.01496845 0.007180154 -0.01134216 0.01496845 -0.01204037 0.00593543 0.01496845 0.01323676 0.002233386 0.01496845 0.01332563 0.001620829 0.01496845 0.01342338 1.113e-4 0.01496845 0.01310843 -0.002892792 0.01496845 0.01212978 -0.005750417 0.01496845 0.01053696 -0.008316934 0.01496845 0.008410692 -0.01046234 0.01496845 -0.01263171 0.004543125 0.01496845 -0.01306265 0.003093123 0.01496845 -0.01332771 0.001603841 0.01496845 -0.0134235 9.41973e-5 0.01496845 -0.01334887 -0.001416623 0.01496845 -0.01310473 -0.002909481 0.01496845 -0.01269418 -0.004365384 0.01496845 -0.01212245 -0.005765914 0.01496845 -0.01139676 -0.007093131 0.01496845 -0.01052641 -0.008330345 0.01496845 -0.009522318 -0.00946176 0.01496845 -0.00839734 -0.01047301 0.01496845 -0.007165729 -0.01135128 0.01496845 -0.005843102 -0.01208543 0.01496845 -0.004446327 -0.0126661 0.01496845 -0.002993047 -0.0130859 0.01496845 -0.001501739 -0.01333957 0.01496845 8.55142e-6 -0.01342386 0.01496845 0.001518785 -0.01333767 0.01496845 0.003009736 -0.01308208 0.01496845 0.00446242 -0.01266044 0.01496845 0.00585848 -0.01207798 0.01497793 -0.01127725 0.007274329 0.01496845 -0.01129609 0.007252395 0.01496845 0.01335066 -0.001399636 0.01497018 0.01309943 0.002930045 0.01508337 -0.01050883 0.03088057 0.01588189 -0.008448719 0.02773106 0.01594412 -0.008276879 0.02761399 0.01512074 -0.009679257 0.02831715 0.01533073 -0.00905317 0.02751064 0.01567775 -0.008692264 0.02756005 0.0156129 -0.009273886 0.02871787 0.01459717 -0.01092803 0.03059732 0.01464271 -0.01083254 0.03036999 0.01513189 -0.0104112 0.03065776 0.014844 -0.01038271 0.02944689 0.01533526 -0.009969294 0.02978485 0.01498645 -0.01003497 0.02885192 0.01459956 -0.01083987 0.0302897 0.01454126 -0.01096057 0.03057223 0.01427328 -0.01106643 0.03047925 0.0143314 -0.0109418 0.03018677 0.01438599 -0.01082175 0.02992397 0.01444184 -0.01069545 0.02966433 0.01449882 -0.01056283 0.02940785 0.0145567 -0.01042395 0.02915471 0.01461529 -0.01027894 0.02890497 0.0146743 -0.01012784 0.02865868 0.01473361 -0.009970605 0.02841603 0.01479285 -0.009807407 0.02817702 0.01485186 -0.00963813 0.02794176 0.01491034 -0.009462952 0.02771037 0.01496797 -0.009281873 0.02748304 0.01499396 -0.00924611 0.02744847 0.01528763 -0.009093105 0.02751159 0.01525568 -0.009192824 0.02763056 0.01519566 -0.009373247 0.0278542 0.01513487 -0.009547829 0.02808189 0.01507365 -0.009716272 0.02831333 0.01501232 -0.009878516 0.02854847 0.0149511 -0.01003462 0.02878713 0.01489025 -0.01018452 0.02902936 0.01482999 -0.01032823 0.029275 0.01477056 -0.01046568 0.02952396 0.01471221 -0.01059675 0.02977609 0.01465517 -0.0107215 0.03003138 0.01237678 0.01125741 0.03870981 0.01237952 0.01116341 0.03898298 0.01244616 0.01113444 0.03894197 0.01365691 0.004340767 0.0459643 0.0137059 0.004070162 0.04606521 0.01375496 0.004076957 0.04601985 0.0145955 -0.01093089 0.03060334 0.01454043 -0.01096224 0.0305764 0.01459389 -0.01093375 0.03060936 0.01453965 -0.01096397 0.03058058 0.01438117 -0.01128971 0.0314958 0.01418876 -0.01154571 0.03231507 0.01428389 -0.01144093 0.03199803 0.01419764 -0.01156491 0.03250497 0.01411777 -0.01166582 0.03301554 0.01391303 -0.01183956 0.03417927 0.01404488 -0.01174414 0.03352963 0.01398026 -0.01179951 0.03404688 0.01385951 -0.01186597 0.03469282 0.01380079 -0.01153075 0.0376845 0.01375222 -0.01152741 0.03782248 0.01379674 -0.01163977 0.03717052 0.01376169 -0.01181322 0.03618031 0.01392477 -0.0118317 0.03456664 0.01387894 -0.01184052 0.035088 0.01376575 -0.01182311 0.03607726 0.01381754 -0.01178735 0.03613281 0.01380217 -0.01172536 0.03665298 0.01381361 -0.01139831 0.038194 0.01383405 -0.01124274 0.03869831 0.01381278 -0.01112639 0.03910315 0.01386034 -0.01106441 0.03919708 0.01385301 -0.01091015 0.03963243 0.01389342 -0.01086139 0.03968983 0.01393824 -0.01062846 0.04017585 0.01397371 -0.01024127 0.04091447 0.0139662 -0.01049864 0.04041647 0.01403492 -0.0102145 0.04087603 0.01403558 -0.01021236 0.04087901 0.01397407 -0.01023876 0.04091876 0.01403665 -0.01020419 0.04089301 0.01403778 -0.01019603 0.04090708 0.01403802 -0.009798765 0.04161524 0.01411277 -0.009652972 0.0417546 0.01413041 -0.009528219 0.04192817 0.01408886 -0.009459078 0.0420863 0.01406294 -0.009631991 0.04185283 0.01419693 -0.008705794 0.04297786 0.01416987 -0.008903145 0.04276168 0.01424562 -0.008684992 0.04294753 0.01414263 -0.009094595 0.04254084 0.01411551 -0.009279906 0.04231572 0.01429581 -0.007860362 0.04379403 0.0142731 -0.008079409 0.04359769 0.01431751 -0.008081436 0.04354745 0.0142489 -0.00829339 0.04339629 0.01422339 -0.008502483 0.04318946 0.0143724 -0.006941437 0.04452329 0.01435506 -0.007177412 0.04434943 0.01440829 -0.007069766 0.04438412 0.01433664 -0.007409214 0.04416996 0.01431697 -0.007636904 0.04398477 0.0144751 -0.00598061 0.04510295 0.01444375 -0.005699455 0.04530405 0.01443201 -0.005954861 0.04516035 0.01441895 -0.006207346 0.0450102 0.01440447 -0.006456553 0.04485374 0.01438879 -0.006701648 0.04469114 0.01445472 -0.005439996 0.04544204 0.01451629 -0.004872918 0.04567539 0.01447236 -0.00490719 0.04569929 0.01452422 -0.00364232 0.0461505 0.01448053 -0.003524482 0.04622507 0.01448309 -0.003806114 0.04613363 0.01448357 -0.004085361 0.04603528 0.0144819 -0.004362106 0.04593002 0.0144782 -0.004636108 0.04581803 0.01447582 -0.003240704 0.04630953 0.01450449 -0.002736389 0.04640465 0.01446896 -0.002954959 0.04638689 0.01439261 -0.001357257 0.04668486 0.01441133 -0.001650214 0.04664689 0.01441711 -0.001097559 0.04667633 0.01441991 -0.001796364 0.04662519 0.01449114 -0.002382278 0.04648339 0.01443541 -0.00208795 0.04657644 0.01444876 -0.002378404 0.04652041 0.0144599 -0.002667486 0.04645723 0.01429867 2.45223e-4 0.04672759 0.01434886 -7.69751e-4 0.04673904 0.01437175 -0.001063704 0.04671561 0.01419419 0.001169681 0.04667472 0.01417565 9.49444e-4 0.04673141 0.01420968 6.5694e-4 0.04675012 0.01424199 3.63721e-4 0.04676175 0.01425743 2.16922e-4 0.04676485 0.014297 -1.81312e-4 0.04676425 0.01432394 -4.75551e-4 0.04675525 0.01414436 0.001563251 0.0466302 0.01410251 0.001531541 0.04667252 0.01413989 0.001241028 0.04670548 0.01390212 0.00321114 0.04629623 0.01389378 0.002962172 0.04640305 0.01395946 0.002851426 0.04639005 0.01393818 0.002679526 0.0464707 0.01398134 0.002395033 0.04653155 0.01402318 0.002108752 0.0465855 0.01406359 0.001820862 0.04663252 0.01375418 0.003796875 0.04615962 0.01380163 0.003521025 0.04624742 0.01384824 0.003242731 0.0463286 0.01360738 0.004608571 0.04585695 0.01355671 0.005148112 0.04557144 0.01355737 0.004873454 0.04574328 0.0135284 0.00529468 0.04550021 0.01345646 0.005393803 0.045497 0.013507 0.005135238 0.04562324 0.01330035 0.006433129 0.04485625 0.01335507 0.0059008 0.04522609 0.01340574 0.00564903 0.04536461 0.01320427 0.006634116 0.04477494 0.01325422 0.006393432 0.04493117 0.01330453 0.006148934 0.04508161 0.0131548 0.006870806 0.04461288 0.01309424 0.007422983 0.04414647 0.01310592 0.007103443 0.04444515 0.01296383 0.007775783 0.04390871 0.01301032 0.00755608 0.04409301 0.0130577 0.007331907 0.04427182 0.01291841 0.007991015 0.04371911 0.01289355 0.008381783 0.04329049 0.01287412 0.008201539 0.04352432 0.01286953 0.008498251 0.04317277 0.0128073 0.008521795 0.04320865 0.01283109 0.008407294 0.04332435 0.01267373 0.009180068 0.0424751 0.01271063 0.008994638 0.04269456 0.01272237 0.009230136 0.04234766 0.01274925 0.008803963 0.04290932 0.01278942 0.008608162 0.04311931 0.01261287 0.009818971 0.04154956 0.01260536 0.009534716 0.04202246 0.01263862 0.009360134 0.04225099 0.01251763 0.01002448 0.04131132 0.01254481 0.009867012 0.04155248 0.01257407 0.009703755 0.04178959 0.01258713 0.009968519 0.04132199 0.0125727 0.01005494 0.04118502 0.01249271 0.01017606 0.04106622 0.01247006 0.01032155 0.04081732 0.01244968 0.01046097 0.04056483 0.01248598 0.01065766 0.04008674 0.01243174 0.01059412 0.04030889 0.01240324 0.01084142 0.03978723 0.01241624 0.01072096 0.04004961 0.01238483 0.01106274 0.03925371 0.01239275 0.01095533 0.03952187 0.01237672 0.01134461 0.03843438 0.01245468 0.01148629 0.03775411 0.01237934 0.01142495 0.03815692 0.01245892 0.01151931 0.03761202 0.01243197 0.01172244 0.03674578 0.01241618 0.01167696 0.03703057 0.01240301 0.01162445 0.03731423 0.01239246 0.01156491 0.0375967 0.01238459 0.01149845 0.03787761 0.01252228 0.0117278 0.03638863 0.01245039 0.01176089 0.03646016 0.01452916 -0.009799599 0.04063761 0.01452803 -0.009808242 0.04062271 0.01301211 0.01129859 0.03637623 0.01462769 -0.009145498 0.04160559 0.01294982 0.0111019 0.0375353 0.01294565 0.01107054 0.03767001 0.01293754 0.01073598 0.03879505 0.01297718 0.01028108 0.03987884 0.01306319 0.009704768 0.04091811 0.01307749 0.009622097 0.04104769 0.01321154 0.008914709 0.0420174 0.01338118 0.008100986 0.04290795 0.0135799 0.00718075 0.04371541 0.01378411 0.006230294 0.044384 0.01401019 0.005136966 0.0449894 0.01423496 0.003967523 0.04547661 0.01443815 0.002790689 0.04582262 0.01462209 0.00155431 0.04604595 0.01477628 2.89528e-4 0.04613512 0.01489537 -9.99383e-4 0.04608482 0.01497077 -0.002233505 0.04590171 0.01500588 -0.003445327 0.04558718 0.01500058 -0.004631042 0.04513895 0.01496136 -0.005699753 0.04459834 0.01474618 -0.008314669 0.04256826 0.01481479 -0.007724583 0.04313325 0.01489859 -0.006747663 0.04392111 0.01508176 -0.01051199 0.03088694 0.01489925 -0.01084929 0.03172564 0.01481336 -0.01099199 0.03219944 0.01472944 -0.01111733 0.03267937 0.01464086 -0.01123166 0.0331639 0.01456284 -0.01131796 0.03365147 0.01449513 -0.0113784 0.03414189 0.01443779 -0.01141405 0.03463459 0.01439106 -0.01142525 0.03512877 0.01432991 -0.01137489 0.03611904 0.01431566 -0.01131331 0.03661197 0.01431208 -0.01122736 0.0371024 0.01431894 -0.01111662 0.03758943 0.01433604 -0.01098042 0.0380721 0.01436322 -0.01081722 0.03854984 0.01440101 -0.01062321 0.03902238 0.01442551 -0.0104295 0.03948777 0.01447755 -0.01008802 0.04017025 0.01445764 -0.01020985 0.039945 0.01452654 -0.009818613 0.04060524 0.01427179 -0.01106834 0.03048348 0.01215213 0.0117343 0.03732508 0.01216518 0.01178771 0.03703641 0.01218074 0.01183402 0.03674668 0.01376813 -0.009895443 0.04170775 0.01370614 -0.01034194 0.04099833 0.0121417 0.01167374 0.03761243 0.01213389 0.01160609 0.0378983 0.01212865 0.01153147 0.03818249 0.01212602 0.01144975 0.03846484 0.01212596 0.01136118 0.03874504 0.01212853 0.01126569 0.03902304 0.01213365 0.01116335 0.03929853 0.01214128 0.01105427 0.0395714 0.01215147 0.01093858 0.03984141 0.01216411 0.01081627 0.04010838 0.01217919 0.01068747 0.04037225 0.01219666 0.01055222 0.04063272 0.01221644 0.01041072 0.04088962 0.0122385 0.01026302 0.04114288 0.01226282 0.01010918 0.04139232 0.01228928 0.009949386 0.04163771 0.01231777 0.009783685 0.04187899 0.01234829 0.009612202 0.04211604 0.01238071 0.009435057 0.04234862 0.01241493 0.009252369 0.04257661 0.01245093 0.009064316 0.0428 0.01248854 0.008870899 0.04301857 0.0125277 0.008672297 0.0432322 0.01256829 0.008468687 0.04344081 0.01261025 0.008260071 0.04364436 0.01265341 0.008046627 0.04384261 0.01269763 0.007828533 0.04403555 0.01274293 0.00760585 0.04422301 0.01278913 0.007378697 0.04440498 0.01283609 0.007147252 0.04458135 0.01288378 0.006911575 0.04475194 0.012932 0.006671786 0.0449168 0.01298063 0.006428062 0.04507577 0.01302969 0.006180524 0.04522871 0.01307892 0.005929231 0.0453757 0.01312828 0.005674421 0.04551649 0.01317769 0.005416095 0.04565113 0.01322692 0.00515449 0.04577952 0.01327598 0.004889667 0.04590147 0.01332473 0.004621744 0.04601705 0.01337295 0.00435096 0.04612618 0.0134207 0.004077315 0.0462287 0.01346772 0.003801047 0.04632455 0.01351398 0.003522276 0.04641377 0.0135594 0.003241121 0.04649615 0.01360374 0.002957701 0.04657173 0.01364701 0.002672314 0.04664045 0.01368904 0.00238502 0.0467022 0.01372987 0.002095997 0.04675692 0.01376926 0.001805365 0.04680454 0.01380729 0.001513421 0.04684513 0.01384377 0.001220226 0.04687851 0.0138787 9.26075e-4 0.04690468 0.01391196 6.31024e-4 0.04692363 0.01394355 3.35307e-4 0.04693531 0.01395869 1.87273e-4 0.04693841 0.01399743 -2.14238e-4 0.04693764 0.01402384 -5.10822e-4 0.0469284 0.01404827 -8.07322e-4 0.04691189 0.0140708 -0.00110352 0.04688793 0.01409137 -0.001399278 0.0468567 0.01410984 -0.001694381 0.04681807 0.01411831 -0.001841545 0.04679602 0.01413375 -0.002135217 0.04674643 0.01414704 -0.002427697 0.04668951 0.0141583 -0.002718806 0.04662537 0.01416742 -0.003008246 0.04655396 0.01417952 -0.003581523 0.04638963 0.01417452 -0.003295898 0.04647535 0.01418244 -0.003865003 0.04629683 0.01418334 -0.004146039 0.04619705 0.0141822 -0.004424512 0.04609024 0.01417911 -0.004700183 0.04597663 0.01417398 -0.004972934 0.04585617 0.01415789 -0.005508899 0.04559522 0.01414757 -0.005770802 0.04545527 0.01413655 -0.006028711 0.04530912 0.01412439 -0.006283342 0.04515653 0.01411098 -0.006534278 0.04499757 0.01409637 -0.006781101 0.04483246 0.01408094 -0.007023096 0.04466176 0.01406472 -0.007260918 0.04448503 0.01404762 -0.00749439 0.04430252 0.01402938 -0.007723331 0.04411423 0.01400989 -0.007947742 0.04392027 0.01398903 -0.008167326 0.04372084 0.01396679 -0.008381843 0.04351615 0.01394325 -0.008591234 0.04330623 0.01391869 -0.008795022 0.04309141 0.01389342 -0.008993089 0.04287189 0.01386785 -0.009185433 0.04264777 0.01384222 -0.009371876 0.04241913 0.01381689 -0.009552419 0.0421862 0.01379209 -0.009726941 0.04194903 0.01360261 -0.01100492 0.0396896 0.01370537 -0.01034337 0.04099619 0.01394182 -0.01164215 0.03224903 0.01351255 -0.01162207 0.03784996 0.01352947 -0.01191908 0.03607529 0.01367479 -0.01193583 0.03414493 -0.01524853 0.009837329 0.009018599 -0.0150994 0.009996354 0.009025216 -0.01490437 0.01020967 0.008965075 -0.0147013 0.01043659 0.008834481 -0.01459056 0.01056218 0.008736848 -0.01434189 0.01084864 0.008451581 -0.01404714 0.01119601 0.007989883 -0.01379621 0.0114991 0.00747466 -0.01326215 0.01201373 0.006584405 -0.01226735 0.01297283 0.004315495 -0.01170015 0.01351994 0.001923143 -0.01163274 0.01356387 0.001383841 -0.0116173 0.01356822 0.001312673 -0.01146709 0.01358896 8.36971e-4 -0.01124924 0.01359581 4.22605e-4 -0.0110104 0.01359516 1.19561e-4 -0.01069611 0.01359182 -1.52227e-4 -0.01063787 0.01359128 -1.91541e-4 -0.01026558 0.01358997 -3.83796e-4 -0.009837567 0.01359397 -5.08928e-4 -0.009397208 0.01360464 -5.60696e-4 0.008855462 0.01362586 -5.44118e-4 0.005949974 0.01375192 -3.15057e-4 0.005946815 0.01381438 -2.22983e-4 0.005949974 0.01362586 -5.44118e-4 0.01170015 0.01351994 0.001923143 0.01163274 0.01356387 0.001383841 0.0116173 0.01356822 0.001312673 0.01146709 0.01358896 8.36971e-4 0.01124924 0.01359581 4.22605e-4 0.0110104 0.01359516 1.19561e-4 0.01069611 0.01359182 -1.52227e-4 0.01063787 0.01359128 -1.91541e-4 0.01026558 0.01358997 -3.83796e-4 0.009837567 0.01359397 -5.08928e-4 0.009397208 0.01360464 -5.60696e-4 0.01186597 0.01336002 0.002850055 0.01261383 0.01263874 0.00523895 0.01379621 0.0114991 0.00747466 0.01524853 0.009837329 0.009018599 0.0150994 0.009996354 0.009025216 0.01490437 0.01020967 0.008965075 0.0147013 0.01043659 0.008834481 0.01459056 0.01056218 0.008736848 0.01434189 0.01084864 0.008451581 0.01404714 0.01119601 0.007989883 0.009149968 0.01219528 0.03225678 0.00939995 0.0118193 0.03093147 0.009332954 0.01230812 0.03281831 0.00939995 0.01240873 0.03349262 0.009051918 0.01216185 0.03211224 0.008984506 0.01214832 0.03205597 0.008944034 0.0121439 0.03203779 0.008899986 0.0121423 0.03203105 -0.004999995 0.0121423 0.03203105 -0.005499958 0.0118193 0.03093147 -0.005043983 0.0121439 0.03203779 -0.005111932 0.01215291 0.03207486 -0.005249977 0.01219528 0.03225678 -0.005432963 0.01230812 0.03281831 -0.005499958 0.01240873 0.03349262 0.00939995 0.01065665 0.02846664 -0.005499958 0.01065665 0.02846664 0.00939995 0.008987486 0.02631235 -0.005499958 0.008987486 0.02631235 0.00939995 0.006891071 0.024571 -0.005499958 0.006891071 0.024571 0.00939995 0.00446707 0.02332544 -0.005499958 0.00446707 0.02332544 0.00939995 0.001830756 0.02263474 -0.005499958 0.001830756 0.02263474 -0.004999995 0.01359659 0.03454995 0.006498277 0.01359659 0.03454995 0.006717026 0.0135951 0.03454744 0.008899986 0.01340544 0.0342189 0.00939995 0.01314079 0.03476053 0.00939995 0.001274228 0.02672415 0.00939995 0.001713335 0.02603828 0.00939995 0.009012162 0.04246121 0.00939995 0.01013249 0.04084998 0.00939995 5.88405e-4 0.0271632 0.00939995 0.01065468 0.03994554 0.00939995 0.01172757 0.03795385 0.00939995 0.001830756 0.02538067 0.00939995 -0.003415286 0.04619038 0.00939995 -0.001496851 0.04660379 0.00939995 -0.009833633 0.02866053 0.00939995 0.002411067 0.04644882 0.00939995 0.004290699 0.04588478 0.00939995 -6.9217e-5 0.02728068 0.00939995 0.006049633 0.04501456 0.00939995 0.007638335 0.04386258 0.00939995 -0.006912529 0.04443961 0.00939995 -0.005237579 0.04546219 0.00939995 -0.01167225 0.03419524 0.00939995 -0.008792161 0.02728068 0.00939995 4.6362e-4 0.04669076 0.00939995 -0.01137357 0.03225564 0.00939995 -0.01075488 0.0303933 0.00939995 -0.01128536 0.03808706 0.00939995 -0.01061064 0.03992986 0.00939995 -0.009637415 0.04163396 0.00939995 -0.01164257 0.03615742 0.00939995 -0.008393049 0.04315143 -0.005499958 -0.009833633 0.02866053 -0.005499958 -0.008792161 0.02728068 -0.005499958 -6.9217e-5 0.02728068 -0.005499958 0.001274228 0.02672415 -0.005499958 0.01339447 0.03519999 -0.005499958 5.88405e-4 0.0271632 -0.005499958 0.01013249 0.04084998 -0.005499958 0.001713335 0.02603828 -0.005499958 0.001830756 0.02538067 -0.005499958 0.009012162 0.04246121 -0.005499958 0.007638335 0.04386258 -0.005499958 0.006049633 0.04501456 -0.005499958 -0.003415286 0.04619038 -0.005499958 -0.005237579 0.04546219 -0.005499958 -0.001496851 0.04660379 -0.005499958 -0.006912529 0.04443961 -0.005499958 -0.008393049 0.04315143 -0.005499958 -0.009637415 0.04163396 -0.005499958 -0.01061064 0.03992986 -0.005499958 -0.01128536 0.03808706 -0.005499958 -0.01164257 0.03615742 -0.005499958 0.004290699 0.04588478 -0.005499958 0.002411067 0.04644882 -0.005499958 4.6362e-4 0.04669076 -0.005499958 -0.01167225 0.03419524 -0.005499958 -0.01137357 0.03225564 -0.005499958 -0.01075488 0.0303933 -0.005114853 0.01359117 0.03456735 -0.005228579 0.01357418 0.03462189 -0.005251705 0.01356911 0.0346384 -0.005419552 0.01350438 0.03484648 -0.005433559 0.01349514 0.03487628 0.009334385 0.01321524 0.03439444 0.009357213 0.01319813 0.03445512 0.009367585 0.01318931 0.03449052 0.009281694 0.01324886 0.03430175 0.009164631 0.01330912 0.0342037 0.009149849 0.01331585 0.03419756 0.009040772 0.01336026 0.03418111 0.008915603 0.01340109 0.03421187 0.00514996 0.001830756 0.01387977 -0.005999982 0.001830756 0.01387977 0.00514996 0.003197789 0.01362985 -0.005999982 0.003197789 0.01362985 0.00514996 0.00453329 0.0132457 -0.005999982 0.00453329 0.0132457 0.00514996 0.005824148 0.01273101 -0.005999982 0.005824148 0.01273101 0.00514996 0.007057607 0.01209086 -0.005999982 0.007057607 0.01209086 0.00514996 0.008221566 0.01133161 -0.005999982 0.008221566 0.01133161 0.00514996 0.009304463 0.01046067 -0.005999982 0.009304463 0.01046067 0.00514996 0.01029574 0.009486675 -0.005999982 0.01029574 0.009486675 0.00514996 0.01118552 0.008419215 -0.005999982 0.01118552 0.008419215 0.00514996 0.01196509 0.007268786 -0.005999982 0.01196509 0.007268786 0.00514996 0.01262676 0.006046772 -0.005999982 0.01262676 0.006046772 0.00514996 0.01316404 0.004765152 -0.005999982 0.01316404 0.004765152 0.00514996 0.01357161 0.003436565 -0.005999982 0.01357161 0.003436565 0.00514996 0.0138455 0.002074122 -0.005999982 0.0138455 0.002074122 0.00514996 0.01398289 6.91293e-4 -0.005999982 0.01398289 6.91293e-4 0.005649983 -0.01110774 0.007131457 0.005649983 -0.01088738 0.007463455 0.005649983 -6.9217e-5 0.007463455 0.005649983 0.001274228 0.008019983 0.005649983 0.01335412 -4.16973e-4 0.005649983 0.01314663 -0.001185178 0.005649983 0.005760788 -0.01187652 0.005649983 0.004388034 -0.01244926 0.005649983 0.0128898 -0.002844572 0.005649983 0.01248794 -0.004276692 0.005649983 5.88405e-4 0.007580935 0.005649983 0.01192748 -0.005654513 0.005649983 0.01121556 -0.00696057 0.005649983 0.01036125 -0.008178234 0.005649983 0.009375333 -0.009292006 0.005649983 0.008270382 -0.01028782 0.005649983 0.007060408 -0.01115298 0.005649983 -0.01183956 0.005836427 0.005649983 0.001493453 -0.01311522 0.005649983 0.002959489 -0.01286393 0.005649983 0.01308691 0.003313839 0.005649983 0.01269394 0.004594981 0.005649983 0.001713335 0.008705854 0.005649983 0.01217585 0.005830824 0.005649983 0.01349908 -1.53553e-4 0.005649983 0.01348352 6.66604e-4 0.005649983 0.01335096 0.002000033 0.005649983 -0.001476705 -0.01311713 0.005649983 -0.002943098 -0.01286768 0.005649983 -0.01192027 -0.005669713 0.005649983 -0.01248252 -0.004292607 0.005649983 -0.01288622 -0.002860963 0.005649983 0.001830756 0.01337528 0.005649983 0.003083586 0.01314306 0.005649983 0.001830756 0.009363472 0.005649983 0.004371404 0.01277261 0.005649983 0.005616128 0.01227629 0.005649983 0.006805539 0.01165902 0.005649983 0.007927954 0.0109269 0.005649983 0.008972167 0.01008707 0.005649983 0.009927988 0.009147882 0.005649983 0.01078605 0.00811851 0.005649983 0.01153779 0.007009208 0.005649983 -0.004372179 -0.01245486 0.005649983 -0.005745649 -0.01188385 0.005649983 -0.01120668 -0.006974875 0.005649983 -0.007046222 -0.01116198 0.005649983 -0.008257269 -0.01029837 0.005649983 8.4088e-6 -0.01319998 0.005649983 -0.009363532 -0.009303987 0.005649983 -0.01035082 -0.008191406 0.005649983 -0.01312625 -0.00139302 0.005649983 -0.01319962 9.26263e-5 0.005649983 -0.01310545 0.001577079 0.005649983 -0.0128448 0.003041505 0.005649983 -0.01242101 0.004467368 -0.006499946 0.01314663 -0.001185178 -0.006499946 0.01335412 -4.16973e-4 -0.006499946 0.001274228 0.008019983 -0.006499946 0.01349908 -1.53553e-4 -0.006499946 0.01348352 6.66604e-4 -0.006499946 0.01121556 -0.00696057 -0.006499946 5.88405e-4 0.007580935 -0.006499946 0.01036125 -0.008178234 -0.006499946 0.009375333 -0.009292006 -0.006499946 0.009927988 0.009147882 -0.006499946 0.008972167 0.01008707 -0.006499946 0.001830756 0.009363472 -0.006499946 0.01269394 0.004594981 -0.006499946 0.001713335 0.008705854 -0.006499946 0.01308691 0.003313839 -0.006499946 0.01335096 0.002000033 -0.006499946 0.01192748 -0.005654513 -0.006499946 0.01248794 -0.004276692 -0.006499946 0.0128898 -0.002844572 -0.006499946 0.004388034 -0.01244926 -0.006499946 -6.9217e-5 0.007463455 -0.006499946 0.002959489 -0.01286393 -0.006499946 0.001493453 -0.01311522 -0.006499946 0.005760788 -0.01187652 -0.006499946 0.007060408 -0.01115298 -0.006499946 0.008270382 -0.01028782 -0.006499946 0.01217585 0.005830824 -0.006499946 0.01153779 0.007009208 -0.006499946 0.01078605 0.00811851 -0.006499946 0.007927954 0.0109269 -0.006499946 0.006805539 0.01165902 -0.006499946 0.005616128 0.01227629 -0.006499946 0.004371404 0.01277261 -0.006499946 0.003083586 0.01314306 -0.006499946 0.001830756 0.01337528 -0.006499946 -0.01088738 0.007463455 -0.006499946 -0.01110774 0.007131457 -0.006499946 -0.01183956 0.005836427 -0.006499946 -0.01242101 0.004467368 -0.006499946 -0.0128448 0.003041505 -0.006499946 -0.01310545 0.001577079 -0.006499946 -0.01288622 -0.002860963 -0.006499946 -0.01248252 -0.004292607 -0.006499946 -0.01192027 -0.005669713 -0.006499946 -0.01120668 -0.006974875 -0.006499946 -0.01035082 -0.008191406 -0.006499946 -0.009363532 -0.009303987 -0.006499946 -0.008257269 -0.01029837 -0.006499946 -0.004372179 -0.01245486 -0.006499946 -0.002943098 -0.01286768 -0.006499946 -0.001476705 -0.01311713 -0.006499946 8.4088e-6 -0.01319998 -0.006499946 -0.01319962 9.26263e-5 -0.006499946 -0.01312625 -0.00139302 -0.006499946 -0.007046222 -0.01116198 -0.006499946 -0.005745649 -0.01188385 -0.00646013 0.01369363 2.32601e-4 -0.006434977 0.01374298 3.11101e-4 -0.00643301 0.0137332 6.78948e-4 -0.006209611 0.001830756 0.01383328 -0.006250023 0.001830756 0.01381218 -0.006249964 0.00318247 0.01356464 -0.006495654 0.001830756 0.0134415 -0.006346881 0.001830756 0.01373863 -0.00643301 0.001830756 0.01362752 -0.00643301 0.003140687 0.01338648 -0.006446003 0.001830756 0.01360327 -0.006346821 0.01385164 4.8364e-4 -0.006251811 0.01391941 5.90925e-4 -0.006249964 0.01391601 6.87985e-4 -0.006227374 0.01393193 6.10704e-4 -0.006497979 0.01354432 -4.7574e-5 -0.006101787 0.01397317 6.75913e-4 -0.006249964 0.01377922 0.002064228 -0.006249964 0.01350671 0.003420114 -0.006249964 0.0131011 0.004742324 -0.006249964 0.01256638 0.006017804 -0.006249964 0.01190787 0.007234036 -0.006249964 0.011132 0.008378922 -0.006249964 0.01024645 0.009441316 -0.006249964 0.009259939 0.0104106 -0.006249964 0.008182227 0.01127737 -0.006249964 0.00702387 0.01203298 -0.006249964 0.005796313 0.01267009 -0.006249964 0.004511594 0.01318228 -0.00643301 0.01359826 0.002037107 -0.00643301 0.01332926 0.003375172 -0.00643301 0.01292896 0.004680037 -0.00643301 0.01240128 0.005938768 -0.00643301 0.01175141 0.007138967 -0.00643301 0.01098579 0.008268892 -0.00643301 0.01011186 0.009317278 -0.00643301 0.009138345 0.01027387 -0.00643301 0.00807476 0.01112926 -0.00643301 0.006931602 0.01187497 -0.00643301 0.005720138 0.01250368 -0.00643301 0.004452347 0.01300913 0.005639195 0.001830756 0.01347947 0.005576491 0.001830756 0.01363855 0.005582988 0.003140687 0.01338648 0.005464911 0.001830756 0.01376712 0.005400002 0.001830756 0.01381218 0.005399942 0.00318247 0.01356464 0.005153 0.001830756 0.01387971 0.005317926 0.001830756 0.01385045 0.005584359 0.01374399 3.12669e-4 0.005610108 0.01369363 2.32601e-4 0.005648016 0.01354432 -4.7574e-5 0.005402028 0.01391929 5.90725e-4 0.005524516 0.01382422 4.40106e-4 0.005582988 0.0137332 6.78948e-4 0.005582988 0.01359826 0.002037107 0.005582988 0.01332926 0.003375172 0.005582988 0.01292896 0.004680037 0.005582988 0.01240128 0.005938768 0.005582988 0.01175141 0.007138967 0.005582988 0.01098579 0.008268892 0.005582988 0.01011186 0.009317278 0.005582988 0.009138345 0.01027387 0.005582988 0.00807476 0.01112926 0.005582988 0.006931602 0.01187497 0.005582988 0.005720138 0.01250368 0.005582988 0.004452347 0.01300913 0.00528413 0.01396584 6.64372e-4 0.005399942 0.01391601 6.87985e-4 0.005399942 0.01377922 0.002064228 0.005399942 0.01350671 0.003420114 0.005399942 0.0131011 0.004742324 0.005399942 0.01256638 0.006017804 0.005399942 0.01190787 0.007234036 0.005399942 0.011132 0.008378922 0.005399942 0.01024645 0.009441316 0.005399942 0.009259939 0.0104106 0.005399942 0.008182227 0.01127737 0.005399942 0.00702387 0.01203298 0.005399942 0.005796313 0.01267009 0.005399942 0.004511594 0.01318228 0.01611977 -6.9217e-5 0.02728068 0.01615941 -9.33284e-4 0.02728068 0.01464128 -0.008935749 0.02728068 0.009420216 -0.008935749 0.02728068 0.0148369 -0.008892536 0.02728068 0.01500385 -0.00878179 0.02728068 0.01504665 -0.008742749 0.02728068 0.01516497 -0.008624911 0.02728068 0.01615679 -0.002741932 0.02728068 0.01606547 -0.004546523 0.02728068 0.01578593 -0.007288992 0.02728068 0.01553744 -0.008076608 0.02728068 0.0153324 -0.008419454 0.02728068 -0.01617282 -0.001695513 0.02728068 -0.01611977 -6.9217e-5 0.02728068 -0.01589506 -0.006522655 0.02728068 -0.01613074 -0.003317415 0.02728068 -0.01464128 -0.008935749 0.02728068 -0.01483672 -0.008892595 0.02728068 -0.01500385 -0.00878179 0.02728068 -0.01504665 -0.008742749 0.02728068 -0.01532292 -0.008432567 0.02728068 -0.005520224 -0.008935749 0.02728068 -0.01553773 -0.008075952 0.02728068 -0.01578593 -0.007288992 0.02728068 -0.01606059 0.001830756 0.02538067 -0.01602131 0.001707136 0.02605479 -0.0160222 0.00134778 0.02664637 -0.01602554 0.001274228 0.02672421 -0.01603955 0.001030027 0.02693039 -0.01608437 4.03553e-4 0.0272209 0.01606822 6.2049e-4 0.02715104 0.01602458 0.001740932 0.025958 0.01601958 0.001417577 0.02656364 0.01602822 0.001221179 0.02677518 0.01606059 0.001830756 0.02538067 -0.01711177 -6.9217e-5 0.007463455 -0.01709103 6.15336e-4 0.007591068 -0.01696425 0.00175476 0.00883156 -0.01701825 0.001441717 0.008211493 -0.01704508 0.001212716 0.007961094 -0.01693189 0.001830756 0.009363472 0.01693189 0.001830756 0.009363472 0.01697552 0.001705169 0.008684217 0.01703095 0.00134027 0.008089363 0.01703846 0.001274287 0.008019983 0.01705962 0.001061022 0.007836222 0.01709949 4.34996e-4 0.007531583 0.01711177 -6.9217e-5 0.007463455 0.01666766 -0.007442712 0.007463455 0.01678395 -0.006709694 0.007463455 0.0169239 -0.005534052 0.007463455 0.01704525 -0.003765344 0.007463455 0.0149666 -0.01078397 0.007463455 0.01582121 -0.009747266 0.007463455 0.0161333 -0.009281277 0.007463455 0.005658209 -0.0109719 0.007463455 0.01458573 -0.0109719 0.007463455 0.01479703 -0.01092058 0.007463455 0.01636332 -0.008776962 0.007463455 0.01662582 -0.007705271 0.007463455 -0.01458573 -0.0109719 0.007463455 -0.006508231 -0.0109719 0.007463455 -0.01710909 -7.73092e-4 0.007463455 -0.01700812 -0.004467129 0.007463455 -0.01666766 -0.007442712 0.007463455 -0.01662582 -0.007705271 0.007463455 -0.01636081 -0.008783578 0.007463455 -0.01479673 -0.01092076 0.007463455 -0.0149666 -0.01078397 0.007463455 -0.01582121 -0.009747266 0.007463455 0.009422481 -0.008946657 0.02728456 0.009645342 -0.0092839 0.02740472 0.009586632 -0.009252429 0.02739351 0.009518265 -0.009180605 0.02736788 0.005688548 -0.01110416 0.007405579 0.005722403 -0.01118582 0.007369816 0.00586003 -0.01133733 0.007303535 0.005798518 -0.01129209 0.007323324 0.005778431 -0.0112707 0.007332682 -0.005581617 -0.009119391 0.02734607 -0.00576353 -0.009289026 0.02740651 -0.0056414 -0.00921005 0.02737838 -0.005709707 -0.009267687 0.02739894 -0.006539821 -0.01110804 0.00740391 -0.00664854 -0.01129215 0.007323324 -0.006620705 -0.01126146 0.007336735 -0.006546318 -0.01112633 0.007395863 -0.006689965 -0.01132553 0.007308661 -0.006741821 -0.01135075 0.007297635 -0.006649971 0.01340544 -0.001208543 -0.006649971 -0.01132637 0.007271826 -0.006540179 -0.01123392 0.00721246 -0.006540179 -0.01197409 0.005902767 -0.006540179 -0.01256215 0.004518091 -0.006540179 -0.01299071 0.003076076 -0.006540179 -0.01325434 0.00159502 -0.006540179 -0.01334965 9.36789e-5 -0.006540179 -0.01327544 -0.001408815 -0.006540179 -0.01303261 -0.002893447 -0.006540179 -0.01262432 -0.004341363 -0.006540179 -0.01205575 -0.005734145 -0.006540179 -0.01133406 -0.00705409 -0.006540179 -0.01046848 -0.008284509 -0.006540179 -0.009469926 -0.009409666 -0.006540179 -0.008351147 -0.01041537 -0.006540179 -0.007126271 -0.01128882 -0.006540179 -0.005810976 -0.01201891 -0.006540179 -0.00442183 -0.01259636 -0.006540179 -0.002976536 -0.01301389 -0.006540179 -0.001493513 -0.01326614 -0.006540179 8.50435e-6 -0.01334995 -0.006540179 0.001510381 -0.01326423 -0.006540179 0.002993166 -0.01301008 -0.006540179 0.004437863 -0.01259076 -0.006540179 0.005826234 -0.01201152 -0.006540179 0.007140636 -0.01127976 -0.006540179 0.008364379 -0.01040476 -0.006540179 0.009481906 -0.009397625 -0.006540179 0.01047897 -0.008271157 -0.006540179 0.01134306 -0.007039666 -0.006540179 0.01206302 -0.005718767 -0.006540179 0.01262986 -0.00432527 -0.006540179 0.01303631 -0.002876877 -0.006649971 -0.01207256 0.005951344 -0.006649971 -0.01266551 0.004555284 -0.006649971 -0.01309758 0.003101408 -0.006649971 -0.01336336 0.001608133 -0.006649971 -0.01345944 9.44494e-5 -0.006649971 -0.01338464 -0.001420438 -0.006649971 -0.01313984 -0.002917289 -0.006649971 -0.01272815 -0.004377067 -0.006649971 -0.01215493 -0.005781292 -0.006649971 -0.01142728 -0.007112145 -0.006649971 -0.01055455 -0.008352637 -0.006649971 -0.009547829 -0.009487092 -0.006649971 -0.008419811 -0.01050102 -0.006649971 -0.007184922 -0.01138168 -0.006649971 -0.005858778 -0.0121178 -0.006649971 -0.004458189 -0.01270002 -0.006649971 -0.003001034 -0.01312094 -0.006649971 -0.001505792 -0.01337528 -0.006649971 8.5743e-6 -0.0134598 -0.006649971 0.001522839 -0.01337337 -0.006649971 0.003017783 -0.01311713 -0.006649971 0.004474401 -0.01269429 -0.006649971 0.005874156 -0.01211029 -0.006649971 0.007199406 -0.0113725 -0.006649971 0.008433163 -0.01049029 -0.006649971 0.009559869 -0.009474933 -0.006649971 0.01056522 -0.008339166 -0.006649971 0.01143634 -0.007097542 -0.006649971 0.01216226 -0.005765855 -0.006649971 0.01273375 -0.004360854 -0.006649971 0.01314353 -0.00290054 -0.006540179 0.01329606 -0.001198649 -0.006649971 0.01358944 -5.27084e-4 -0.006540179 0.01349002 -4.80545e-4 -0.006685137 0.01373267 -3.02764e-4 -0.006649971 0.01371806 -2.9342e-4 -0.006587862 0.01367789 -2.67754e-4 -0.006522834 0.01359587 -2.15358e-4 -0.006540179 0.0136255 -2.34305e-4 -0.006577432 0.0137301 -1.76304e-4 -0.00667715 0.01379054 -2.13434e-4 -0.006514191 0.0136432 -1.17771e-4 -0.006608426 0.01397335 1.70398e-5 -0.00654304 0.01392614 3.59754e-5 -0.006507396 0.01388955 5.7146e-5 -0.006479501 0.01385027 8.43478e-5 -0.006454229 0.01378935 1.34388e-4 -0.006450533 0.01376914 1.52973e-4 -0.006378054 0.01411521 2.53612e-4 -0.006328165 0.01401263 3.0264e-4 -0.005999982 0.0140208 5.59455e-4 -0.005999982 0.01411348 4.58282e-4 -0.006084501 0.01401454 5.4738e-4 -0.005999982 0.01424145 4.0893e-4 -0.006083309 0.01410788 4.48241e-4 -0.005999982 0.01437807 4.21719e-4 -0.006098568 0.01423382 3.98912e-4 -0.006126999 0.01436656 4.09553e-4 -0.006196498 0.01398539 4.94163e-4 -0.006317138 0.01391947 3.83958e-4 -0.006197929 0.0140801 4.02408e-4 -0.006231427 0.01419776 3.53174e-4 -0.006290555 0.01431566 3.55976e-4 -0.006458222 0.01420962 2.45272e-4 0.00514996 0.0140208 5.59455e-4 0.00514996 0.01411348 4.58282e-4 0.00514996 0.01424145 4.0893e-4 0.00514996 0.01437807 4.21719e-4 0.005649149 0.01417189 2.06086e-4 0.005497634 0.01389491 3.44867e-4 0.005512058 0.01398664 2.66321e-4 0.005604267 0.01378935 1.34388e-4 0.005600571 0.01376914 1.52973e-4 0.005565524 0.01408433 2.17379e-4 0.005657374 0.01388955 5.7146e-5 0.005629479 0.01385027 8.43478e-5 0.005782663 0.01398646 1.43766e-5 0.005758404 0.01397335 1.70398e-5 0.005693078 0.01392614 3.59754e-5 0.00547403 0.01429951 3.39034e-4 0.005409896 0.01418572 3.38294e-4 0.005372881 0.01407051 3.87499e-4 0.00537008 0.01397567 4.77319e-4 0.005318105 0.0143578 4.00292e-4 0.00528115 0.01422786 3.9118e-4 0.005261123 0.01410341 4.40492e-4 0.005262196 0.01400971 5.38187e-4 0.005672812 0.01359587 -2.15358e-4 0.005690157 0.0136255 -2.34305e-4 0.005664229 0.0136432 -1.17771e-4 0.005737841 0.01367789 -2.67754e-4 0.00572741 0.0137301 -1.76304e-4 0.005799949 0.01371806 -2.9342e-4 0.005827188 0.01379054 -2.13434e-4 0.005835175 0.01373267 -3.02764e-4 0.005690157 0.01349002 -4.80545e-4 0.005799949 0.01340544 -0.001208543 0.005690157 0.01329606 -0.001198649 0.005799949 0.01358944 -5.27084e-4 0.005690157 -0.01123392 0.00721246 0.005799949 0.01314353 -0.00290054 0.005799949 0.01273375 -0.004360854 0.005799949 0.01216226 -0.005765855 0.005799949 0.01143634 -0.007097542 0.005799949 0.01056522 -0.008339166 0.005799949 0.009559869 -0.009474933 0.005799949 0.008433163 -0.01049029 0.005799949 0.007199406 -0.0113725 0.005799949 0.005874156 -0.01211029 0.005799949 0.004474401 -0.01269429 0.005799949 0.003017783 -0.01311713 0.005799949 0.001522839 -0.01337337 0.005799949 8.5743e-6 -0.0134598 0.005799949 -0.001505792 -0.01337528 0.005799949 -0.003001034 -0.01312094 0.005799949 -0.004458189 -0.01270002 0.005799949 -0.005858778 -0.0121178 0.005799949 -0.007184922 -0.01138168 0.005799949 -0.008419811 -0.01050102 0.005799949 -0.009547829 -0.009487092 0.005799949 -0.01055455 -0.008352637 0.005799949 -0.01142728 -0.007112145 0.005799949 -0.01215493 -0.005781292 0.005799949 -0.01272815 -0.004377067 0.005799949 -0.01313984 -0.002917289 0.005799949 -0.01338464 -0.001420438 0.005799949 -0.01345944 9.44494e-5 0.005799949 -0.01336336 0.001608133 0.005799949 -0.01309758 0.003101408 0.005799949 -0.01266551 0.004555284 0.005799949 -0.01207256 0.005951344 0.005799949 -0.01132637 0.007271826 0.005690157 -0.01197409 0.005902767 0.005690157 -0.01256215 0.004518091 0.005690157 -0.01299071 0.003076076 0.005690157 -0.01325434 0.00159502 0.005690157 -0.01334965 9.36789e-5 0.005690157 -0.01327544 -0.001408815 0.005690157 -0.01303261 -0.002893447 0.005690157 -0.01262432 -0.004341363 0.005690157 -0.01205575 -0.005734145 0.005690157 -0.01133406 -0.00705409 0.005690157 -0.01046848 -0.008284509 0.005690157 -0.009469926 -0.009409666 0.005690157 -0.008351147 -0.01041537 0.005690157 -0.007126271 -0.01128882 0.005690157 -0.005810976 -0.01201891 0.005690157 -0.00442183 -0.01259636 0.005690157 -0.002976536 -0.01301389 0.005690157 -0.001493513 -0.01326614 0.005690157 8.50435e-6 -0.01334995 0.005690157 0.001510381 -0.01326423 0.005690157 0.002993166 -0.01301008 0.005690157 0.004437863 -0.01259076 0.005690157 0.005826234 -0.01201152 0.005690157 0.007140636 -0.01127976 0.005690157 0.008364379 -0.01040476 0.005690157 0.009481906 -0.009397625 0.005690157 0.01047897 -0.008271157 0.005690157 0.01134306 -0.007039666 0.005690157 0.01206302 -0.005718767 0.005690157 0.01262986 -0.00432527 0.005690157 0.01303631 -0.002876877 -0.00568515 0.007819294 0.0440725 -0.00568515 -0.005361676 0.04571002 -0.00568515 -0.007076263 0.04466319 -0.00568515 -0.009865701 0.04179114 -0.00568515 -0.001532316 0.04687869 -0.005587816 -0.001523971 0.0468142 -0.005587816 4.72026e-4 0.04690277 -0.00568515 -0.01164299 0.03219062 -0.005587816 -0.01157981 0.03220587 -0.005587816 -0.01188391 0.03418064 -0.005522787 -0.001511573 0.0467177 -0.005522787 4.68169e-4 0.0468055 -0.005522787 -0.01148515 0.0322287 -0.005522787 -0.01178681 0.03418731 -0.005522787 0.009100615 0.04253441 -0.005522787 -0.009930133 0.0285983 -0.005587816 -0.01001197 0.02854555 -0.00568515 -0.01006662 0.02851033 -0.005522787 -0.01175683 0.03616881 -0.005522787 -0.01139611 0.03811734 -0.005522787 -0.01071476 0.03997826 -0.005522787 0.00243473 0.04656118 -0.005522787 0.00433278 0.04599159 -0.005522787 0.006108999 0.04511284 -0.005587816 -0.01185369 0.03617841 -0.005587816 -0.01148998 0.03814303 -0.005587816 -0.01080298 0.04001927 -0.005587816 0.002454757 0.04665642 -0.005587816 0.004368484 0.04608213 -0.005587816 0.006159305 0.04519611 -0.005522787 0.01023191 0.04090738 -0.005540192 0.01026237 0.04092496 -0.005587816 0.009175598 0.04259651 -0.00568515 -0.01194876 0.03417617 -0.00568515 -0.01191836 0.03618484 -0.00568515 -0.01155269 0.0381602 -0.00568515 -0.01086199 0.04004669 -0.00568515 4.74603e-4 0.04696774 -0.00568515 0.002468168 0.04672008 -0.00568515 0.004392325 0.04614269 -0.00568515 0.006192922 0.04525178 -0.00568515 -0.01100969 0.03028416 -0.005587816 -0.0109499 0.03030973 -0.005522787 -0.01086044 0.03034806 -0.005522787 -0.009731948 0.04169911 -0.005587816 -0.009812116 0.04175424 -0.00568515 -0.00859183 0.04334455 -0.005587816 -0.008545219 0.04329925 -0.005522787 -0.008475363 0.04323142 -0.005522787 -0.006980359 0.04453223 -0.005587816 -0.007037878 0.04461073 -0.005522787 -0.005288958 0.04556483 -0.005587816 -0.005332529 0.04565185 -0.00568515 -0.00349617 0.0464555 -0.005587816 -0.003477156 0.04639327 -0.005522787 -0.003448784 0.04630023 -0.005522787 0.007713317 0.04394954 -0.005587816 0.007776856 0.04402321 -0.00568515 0.009225666 0.04263794 -0.005587816 0.01031619 0.04095602 -0.005649983 0.01035749 0.04097986 -0.00568515 0.01037251 0.04098856 -0.00568515 0.0136345 0.03533858 -0.005649983 0.01361948 0.03532987 -0.005587816 0.01357823 0.03530603 -0.005540192 0.01352441 0.03527498 -0.005522787 0.01349395 0.03525739 -0.004999995 0.01391875 0.03469341 -0.004999995 0.01400637 0.0346598 -0.005144596 0.01399767 0.03467607 -0.004999995 0.013794 0.03469341 -0.004999995 0.01385641 0.03469997 -0.005115747 0.01385086 0.0347135 -0.005414247 0.01362162 0.03491765 -0.005462706 0.01374387 0.03495681 -0.005554795 0.01384562 0.03495585 -0.005212783 0.01368868 0.03471875 -0.005104899 0.01370233 0.03467375 -0.004999995 0.01370638 0.0346598 -0.005235612 0.01383256 0.03475743 -0.005291283 0.01396954 0.03472822 0.006498277 0.01368004 0.03464269 0.006498277 0.013794 0.03469341 0.006498277 0.01391875 0.03469341 0.006498277 0.01403272 0.03464269 0.006724894 0.01403337 0.03463846 0.006724596 0.01391923 0.03469038 0.006722927 0.01379382 0.03469115 0.006720244 0.01367914 0.03464055 0.008994698 0.01385414 0.03428184 0.008993446 0.01373881 0.03434425 0.008974432 0.01360946 0.03435409 0.008941113 0.01349079 0.03430944 0.009650409 0.01341694 0.03486669 0.009678304 0.0134201 0.03486788 0.009622991 0.01354515 0.03457796 0.009522199 0.01336634 0.03484725 0.0095703 0.01339334 0.03485757 0.009509027 0.01349622 0.03459376 0.009432256 0.01326715 0.03480911 0.009480297 0.01333153 0.03483384 0.009419202 0.01340997 0.03458243 0.008955597 0.01348626 0.03430402 0.008989691 0.01360511 0.03434956 0.009011328 0.01373469 0.03433954 0.009016335 0.01384997 0.03427606 0.0090667 0.01344686 0.03428232 0.009171485 0.01340377 0.03430247 0.00927633 0.01335573 0.03438198 0.009356498 0.01331031 0.03451406 0.009369194 0.01330137 0.03454589 0.009420752 0.01324325 0.03479993 0.009104609 0.01356673 0.0343334 0.00920999 0.01352465 0.03435415 0.009317576 0.01347476 0.03442698 0.009404897 0.01342123 0.03455168 0.009146749 0.01369535 0.03432387 0.009272098 0.01364648 0.03434789 0.009397208 0.01358222 0.03442782 0.009493768 0.01351112 0.03456121 0.009184479 0.01380646 0.03425568 0.009344995 0.01374399 0.03428512 0.009499371 0.01365679 0.03438436 0.009607195 0.01356387 0.03454101 0.009585142 0.01089471 0.04008412 0.009610056 0.01198345 0.038082 0.009549975 0.01087963 0.04007542 0.009500682 0.01192802 0.03805428 0.009487867 0.01083838 0.04005157 0.009440183 0.01078456 0.04002052 0.009426295 0.01183742 0.03800886 0.009422779 0.0107541 0.04000294 0.009422779 0.01023191 0.04090738 0.009440183 0.01026237 0.04092496 0.009487867 0.01031619 0.04095602 0.009549975 0.01035749 0.04097986 0.009585142 0.01037251 0.04098856 0.009585142 -0.01006662 0.02851033 0.009487867 -0.01001197 0.02854555 0.009422779 -0.009930133 0.0285983 0.009585142 -0.01100969 0.03028416 0.009585142 -0.01191836 0.03618484 0.009585142 -0.01194876 0.03417617 0.009585142 -0.01164299 0.03219062 0.009585142 -0.009865701 0.04179114 0.009585142 -0.01086199 0.04004669 0.009585142 -0.01155269 0.0381602 0.009585142 -0.005361676 0.04571002 0.009585142 -0.007076263 0.04466319 0.009585142 -0.00859183 0.04334455 0.009585142 -0.00349617 0.0464555 0.009585142 -0.001532316 0.04687869 0.009585142 4.74603e-4 0.04696774 0.009585142 0.002468168 0.04672008 0.009585142 0.004392325 0.04614269 0.009585142 0.006192922 0.04525178 0.009585142 0.007819294 0.0440725 0.009585142 0.009225666 0.04263794 0.009487867 -0.0109499 0.03030973 0.009487867 -0.01157981 0.03220587 0.009487867 -0.01188391 0.03418064 0.009487867 -0.01185369 0.03617841 0.009487867 -0.01148998 0.03814303 0.009487867 -0.01080298 0.04001927 0.009487867 -0.009812116 0.04175424 0.009487867 -0.008545219 0.04329925 0.009487867 -0.007037878 0.04461073 0.009487867 -0.005332529 0.04565185 0.009487867 -0.003477156 0.04639327 0.009487867 -0.001523971 0.0468142 0.009487867 4.72026e-4 0.04690277 0.009487867 0.002454757 0.04665642 0.009487867 0.004368484 0.04608213 0.009487867 0.006159305 0.04519611 0.009487867 0.007776856 0.04402321 0.009487867 0.009175598 0.04259651 0.009422779 -0.01086044 0.03034806 0.009422779 -0.01148515 0.0322287 0.009422779 -0.01178681 0.03418731 0.009422779 -0.01175683 0.03616881 0.009422779 -0.01139611 0.03811734 0.009422779 -0.01071476 0.03997826 0.009422779 -0.009731948 0.04169911 0.009422779 -0.008475363 0.04323142 0.009422779 -0.006980359 0.04453223 0.009422779 -0.005288958 0.04556483 0.009422779 -0.003448784 0.04630023 0.009422779 -0.001511573 0.0467177 0.009422779 4.68169e-4 0.0468055 0.009422779 0.00243473 0.04656118 0.009422779 0.00433278 0.04599159 0.009422779 0.006108999 0.04511284 0.009422779 0.007713317 0.04394954 0.009422779 0.009100615 0.04253441</float_array>
          <technique_common>
            <accessor source="#MRH-F-Mid-Visual_00-mesh-positions-array" count="3182" stride="3">
              <param name="X" type="float"/>
              <param name="Y" type="float"/>
              <param name="Z" type="float"/>
            </accessor>
          </technique_common>
        </source>
        <source id="MRH-F-Mid-Visual_00-mesh-normals">
          <float_array id="MRH-F-Mid-Visual_00-mesh-normals-array" count="18651">0 0.9654101 -0.2607361 0 0.9654108 -0.2607336 0 0.7617664 -0.6478518 0.0145694 0.8186857 -0.5740571 0.01188403 0.8271716 -0.5618238 0 0.8761103 -0.4821107 0 0.9952814 -0.09703081 -0.02390027 0.9948768 0.0982303 -0.01517158 0.9966852 0.0799278 0.04038178 0.9980296 -0.04802429 -0.05462074 0.9977658 0.0384714 -0.02889126 0.9995676 0.005488812 -0.01516324 0.9996743 -0.0205295 -0.007538497 0.9991077 -0.04155904 -0.004807472 0.9985574 -0.05347859 -0.002893805 0.9980392 -0.06252545 -0.001159727 0.997096 -0.0761466 -4.66401e-4 0.9963333 -0.08555549 -5.51425e-5 0.9979102 0.06461858 2.27317e-5 0.9896365 0.1435959 -0.005102097 0.9920002 0.1261335 0.009158611 0.9812762 0.1923884 0.02676558 0.974291 0.223698 0.01148295 0.969707 0.2440009 -0.009258568 0.948402 0.3169354 -0.01417207 0.8761139 0.4818961 0.01877248 0.9129177 0.4077117 -6.13615e-4 0.9199272 0.3920886 4.10687e-4 0.9524114 0.3048155 -1.92869e-4 0.9958124 -0.09141957 0 0.9952809 -0.09703642 0 0.987095 -0.1601359 0 0.9870949 -0.1601371 0 0.9628115 -0.2701744 0 0.9628111 -0.2701755 0 0.9263016 -0.3767828 0 0.9263013 -0.3767838 0 0.8780295 -0.4786067 0 0.878029 -0.4786077 0 0.8186072 -0.5743539 0 0.8186079 -0.5743529 0 0.7487904 -0.6628069 0 0.6694661 -0.7428427 0 0.6694648 -0.7428438 0 0.5816396 -0.8134466 0 0.5816391 -0.813447 0 0.4864276 -0.8737209 0 0.4864273 -0.8737211 0 0.385039 -0.9229004 0 0.3850387 -0.9229004 0 0.2787606 -0.9603607 0 0.2787604 -0.9603607 0 0.1689428 -0.9856259 0 0.1689427 -0.9856259 0 0.05697929 -0.9983754 0 -0.05570775 -0.9984471 0 -0.05570775 -0.9984471 0 -0.1676865 -0.9858404 0 -0.1676865 -0.9858404 0 -0.2775367 -0.9607151 0 -0.2775366 -0.9607151 0 -0.3838626 -0.9233903 0 -0.3838624 -0.9233904 0 -0.4853138 -0.87434 0 -0.4853137 -0.8743402 0 -0.5806029 -0.8141869 0 -0.5806028 -0.8141871 0 -0.668519 -0.7436951 0 -0.6685177 -0.7436963 0 -0.7479461 -0.6637595 0 -0.7479454 -0.6637602 0 -0.817875 -0.5753959 0 -0.8178751 -0.5753958 0 -0.8774179 -0.4797269 0 -0.877419 -0.4797248 0 -0.9258207 -0.3779633 0 -0.9624661 -0.2714018 0 -0.9624662 -0.2714017 0 -0.9868901 -0.161394 0 -0.9987823 -0.04933571 0 -0.9987823 -0.04933571 0 -0.9979916 0.06334793 0 -0.9979915 0.06334787 0 -0.984528 0.175228 0 -0.9845281 0.1752268 0 -0.9585626 0.2848821 0 -0.9585627 0.284882 0 -0.9204252 0.3909189 0 -0.9204247 0.3909198 0 -0.8705997 0.4919921 0 0.8660255 0.4999999 -2.10547e-5 0.8660232 0.5000039 1.12994e-6 0.8660256 0.4999998 -1.70957e-5 0.8660254 0.5000001 0 0.8660252 0.5000005 0 0.8660255 0.4999998 0 0.8660242 0.5000023 1.78019e-5 0.8660268 0.4999975 -0.01107078 -0.8086815 -0.5881426 0.02200853 -0.8732805 -0.4867205 0.0164808 -0.8618412 -0.5069104 0.01174473 -0.8498268 -0.5269312 0.007807254 -0.8372602 -0.5467491 0.004655778 -0.8241197 -0.5663967 0.002301752 -0.8104164 -0.5858498 7.4352e-4 -0.7961567 -0.6050901 0 -0.7816843 -0.6236745 0.008107483 -0.9506979 -0.3100125 0.001014888 -0.9187832 -0.3947614 3.62866e-5 -0.9083663 -0.4181756 -1.78484e-4 -0.8732087 -0.4873465 0.009447038 -0.8971349 -0.4416558 0.00589323 -0.8864709 -0.462747 -0.02689164 -0.9106723 -0.4122535 -1.23941e-4 -0.9490067 -0.3152561 2.24785e-5 -0.9756953 -0.2191317 1.88833e-6 -0.9755979 -0.2195649 -7.56156e-6 -0.9902167 -0.1395379 5.30795e-4 -0.9905748 -0.1369717 -4.1166e-4 -0.9997957 -0.02020937 7.0008e-6 -0.9998443 -0.01764911 -3.81268e-6 -0.998125 0.06120914 4.47803e-4 -0.9978021 0.06626486 -0.001142561 -0.9864248 0.1642097 0.002982676 -0.983288 0.182033 0.001316487 -0.7590448 0.6510371 1.47077e-4 -0.7428091 0.6695033 6.75927e-4 -0.8051705 0.593043 0.003608942 -0.7791561 0.6268196 0.00646013 -0.7899842 0.6130933 0.003423273 -0.7747769 0.6322255 -7.83721e-5 -0.8196005 0.5729356 3.0324e-4 -0.8459451 0.5332698 8.70001e-4 -0.8484656 0.5292498 3.41779e-7 -0.8678967 0.4967448 5.13782e-7 -0.889863 0.456228 -0.001893579 -0.8968126 0.4424066 0.003355503 -0.9390308 0.3438167 6.67878e-4 -0.9431956 0.3322373 -1.27348e-4 -0.967168 0.2541378 -7.39759e-5 -0.5967919 0.802396 6.65822e-4 -0.6164305 0.7874091 0.002327263 -0.6356501 0.7719739 0.004908084 -0.6544224 0.7561134 0.008399248 -0.6727204 0.7398492 0.01280879 -0.6905419 0.723179 0.002682149 -0.6563966 0.7544114 -5.48336e-6 -0.7088516 0.7053577 2.58377e-6 -0.7238526 0.6899547 0 -0.7239227 0.6898811 0 -0.7323799 0.6808963 1.10948e-4 -0.5767507 0.8169202 5.17676e-4 -0.569291 0.8221359 -1.48813e-6 -0.5570206 0.8304987 0.001875758 -0.493118 0.8699605 0.004237353 -0.5144138 0.8575317 0.001754224 -0.4983358 0.8669824 3.14635e-5 -0.5356277 0.8444544 -7.47644e-7 -0.5467711 0.8372821 1.25738e-6 -0.3402713 0.9403273 4.45749e-4 -0.3589 0.933376 0.00191313 -0.3818916 0.9242051 0.004297018 -0.404644 0.9144642 0.002340495 -0.3911885 0.9203077 -3.78851e-4 -0.4383968 0.8987814 4.22446e-4 -0.4714685 0.8818829 9.63049e-7 -0.3285648 0.9444814 2.46254e-4 -0.3126366 0.9498728 2.24981e-4 -0.3122226 0.9500091 0.001981079 -0.2408825 0.9705523 4.79757e-4 -0.2647933 0.9643051 -1.0585e-4 -0.2885962 0.957451 3.42084e-4 -0.1498551 0.988708 0.001130342 -0.1682083 0.9857509 0.004572093 -0.2106604 0.9775486 0.007711529 -0.1928312 0.9812017 0.00439459 -0.2168865 0.9761869 1.36024e-6 -0.1139962 0.9934812 1.86535e-4 -0.1096466 0.9939707 -1.05596e-4 -0.1314766 0.9913193 0.003287851 -0.03335738 0.9994381 0.006764292 -0.004678368 0.9999663 0.001249074 -0.05781644 0.9983265 1.2379e-4 -0.08235442 0.9966031 8.83851e-7 -0.0972982 0.9952554 0 0.08935391 0.9960001 0.006418526 0.1301608 0.9914721 0.003809511 0.1103911 0.993881 0.001576602 0.08620643 0.9962761 2.64246e-4 0.06183224 0.9980866 -0.001149952 -0.03027385 0.9995411 0.01410871 0.0358088 0.9992591 0.01064544 0.01777225 0.9997855 9.18637e-4 0.1725741 0.9849962 2.24518e-4 0.1594668 0.9872033 0 0.1431165 0.9897059 -4.73883e-4 0.2874133 0.9578067 0.02178066 0.3615968 0.9320801 0.01734411 0.3459181 0.9381045 0.01207619 0.323731 0.9460721 0.007753491 0.3011865 0.9535338 0.004362523 0.278292 0.9604867 0.001918792 0.2550589 0.9669237 4.26374e-4 0.231545 0.9728241 -1.18122e-4 0.2077047 0.9781916 2.94267e-4 0.1836333 0.9829947 7.73996e-4 0.5442734 0.8389075 -0.003276526 0.443457 0.8962897 0.0253973 0.520076 0.8537424 0.01881068 0.5000771 0.8657766 0.01320576 0.4796352 0.8773688 0.008579969 0.4587824 0.8885073 0.004934489 0.4375119 0.8991992 0.002267658 0.4158326 0.9094383 5.90858e-4 0.3937706 0.9192086 4.78191e-5 0.3762122 0.9265335 9.95324e-5 0.7065387 0.7076745 0.0160858 0.7464538 0.6652429 0.01065528 0.7303689 0.6829699 0.006341099 0.7137835 0.7003378 0.003124058 0.6967165 0.7173398 -0.006161272 0.616923 0.7869994 0.01448351 0.6776814 0.7352131 0.009437739 0.6600262 0.7511833 0.005463421 0.6418991 0.7667697 0.002545773 0.6233007 0.7819782 6.97074e-4 0.6042318 0.7968083 0 0.5871317 0.8094915 -1.19517e-6 0.5487552 0.8359832 0.004481077 0.5766187 0.8170011 0.002651989 0.5643379 0.8255397 0 0.8210422 0.5708675 0.009896636 0.8368962 0.5472722 0.02146565 0.8223562 0.568568 0.03739374 0.8067002 0.5897767 0.0576756 0.7897055 0.6107689 -1.55571e-5 0.7633996 0.6459266 -0.003629803 0.816457 0.577395 0.1114389 0.750665 0.651217 0.0823819 0.7711256 0.6313308 0.001567482 0.9089467 0.4169096 -0.001506686 0.8945451 0.4469754 8.60989e-4 0.8983651 0.439249 -5.07939e-4 0.8872575 0.4612744 0.002212166 0.8792276 0.4763968 5.69136e-4 0.8755479 0.4831312 -1.30289e-4 0.866416 0.4993229 -4.33875e-4 0.8633788 0.5045562 0.002598345 0.8505349 0.5259124 0.08738595 0.9624935 0.2568462 0.05276376 0.9594776 0.276801 0.02171826 0.9532876 0.3012825 0.003735303 0.9457326 0.3249245 -0.00152707 0.9374194 0.3481991 0.01064664 0.9220747 0.3868653 0.02427238 0.9279996 0.3717899 0.009869456 0.9188483 0.3944877 0.1422064 0.891451 0.4302239 0.1970183 0.8844667 0.4229688 0.01118838 0.8735826 0.4865476 0.08619052 0.8805335 0.4660818 0.02825021 0.872654 0.4875212 0.2607703 0.8936186 0.3653011 0.2650868 0.8933906 0.3627428 0.3190898 0.8888146 0.3289231 0.2754192 0.8960884 0.3480948 0.4473823 0.8554707 0.2608048 0.4530314 0.8607001 0.2322888 0.4458715 0.8631325 0.2370674 0.413875 0.8820371 0.2252069 0.3513553 0.8776541 0.325995 0.3428862 0.8900136 0.3005079 0.3544802 0.8902857 0.2858939 0.3647881 0.8903954 0.2722602 0.3158965 0.8823778 0.3487393 0.3958502 0.8828247 0.2528303 0.4064241 0.8824528 0.236847 0.3055178 0.9050045 0.2960166 0.3418281 0.8949962 0.2865927 0.3920973 0.8790708 0.2710986 0.3851174 0.8792478 0.2803713 0.3647918 0.8786352 0.3081029 0.5191618 0.8349951 0.1823579 0.4838802 0.8493264 0.2109619 0.4582829 0.8640465 0.208328 0.6824222 0.7304325 0.0277189 0.5598224 0.8156294 0.1461078 0.6143575 0.7846078 0.08340054 0.5568203 0.8142296 0.1642602 0.6516962 0.7565433 0.05417019 0.001232683 0.8662524 0.4996052 0.05212408 0.8780575 0.475708 0.05187517 0.8792554 0.4735177 0.1221579 0.8881409 0.4430386 0.1754435 0.8954452 0.4091424 0.1774497 0.8966473 0.4056298 0.2459174 0.8941187 0.3742679 0.3038913 0.8904978 0.3386205 0 0.8660261 0.499999 0 0.9238802 0.382682 0 0.9238786 0.382686 0 0.9914443 0.1305305 0 0.9914455 0.1305215 0 1 0 0 1 0 0 1 1.47825e-7 0 0.707107 -0.7071066 -2.2031e-7 0.707112 -0.7071015 0 0.7071063 -0.7071073 2.62062e-7 0.7071053 -0.7071083 0 0.7071071 -0.7071065 0 0.7071078 -0.7071058 -1.3965e-7 0.7071066 -0.7071071 1.38212e-7 0.7071101 -0.7071035 -1.35926e-7 0.707107 -0.7071067 1.48007e-6 0.7071088 -0.7071049 -3.65238e-7 0.7071062 -0.7071075 0 0.7071077 -0.7071059 0 0.7071097 -0.707104 1.32088e-7 0.7071031 -0.7071104 0 0.7071058 -0.7071079 -3.61002e-5 0.7070659 -0.7071477 0 0.7071073 -0.7071064 0 0.7071067 -0.707107 3.60767e-5 0.7070966 -0.7071169 -0.7071048 0.7071088 1.93875e-7 -0.7071039 0.7071098 3.52434e-7 -0.7071147 0.707099 -7.29952e-7 -0.7071081 0.7071056 0 -0.7071049 0.7071086 -1.57304e-7 -0.707107 0.7071066 1.97597e-7 -0.7071096 0.707104 0 -0.7071064 0.7071072 1.29444e-7 -0.7071078 0.7071059 0 -0.7071068 0.7071068 0 -0.7071052 0.7071084 -1.58319e-6 -0.7071061 0.7071075 0 -0.7071053 0.7071084 0 -0.7071068 0.7071067 -1.39813e-7 -0.7071038 0.7071098 4.92721e-7 -0.7071089 0.7071048 0 -0.7071066 0.707107 -3.90392e-7 -0.7071089 0.7071048 6.66657e-7 -0.7071065 0.7071071 -3.35144e-7 -0.001519501 0.930167 0.3671337 -0.03429311 0.9233357 0.3824594 0.004064261 0.9920745 0.1255853 -0.007562875 0.9914166 0.1305222 -0.04993516 0.9354253 0.3499801 -0.07469618 0.9305125 0.3585627 -0.01361012 0.9926994 0.1198444 -0.02247112 0.9922212 0.1224421 -0.6532416 0.7548725 0.05867731 -0.6745786 0.7378056 0.0242238 -0.5568218 0.8142284 0.1642611 -0.6143575 0.7846078 0.08340054 -0.4667253 0.8599939 0.2063445 -0.4865102 0.8483381 0.2088785 -0.5191819 0.8349884 0.1823315 -0.5598224 0.8156294 0.1461078 -0.4587087 0.858729 0.2284094 -0.449589 0.8618823 0.2345826 -0.4408599 0.8648153 0.2402853 -0.4406343 0.864873 0.2404916 -0.3212667 0.8855389 0.3355723 -0.4205834 0.8742488 0.2424848 -0.4036393 0.8776041 0.2586244 -0.3794086 0.8816808 0.2805143 -0.3440011 0.8865769 0.3092647 -0.3031955 0.8906918 0.3387339 -0.2735628 0.8929127 0.3575897 -0.191034 0.89381 0.4057213 -0.2178868 0.8962942 0.3862408 -0.1288715 0.8887194 0.4399659 -0.02824676 0.8726552 0.4875195 -0.08524942 0.8821989 0.4630957 0.005918204 0.867316 0.4977228 -0.0366559 0.8753433 0.4821106 -0.161374 0.9332152 0.3210421 -0.1952888 0.9780817 0.07224005 -0.2123007 0.9764916 0.03731721 -0.1809162 0.963521 0.1972226 -0.4015087 0.9069544 0.1273756 -0.4122958 0.9082978 0.07076239 -0.5358377 0.8381108 0.1022164 -0.5445535 0.8355156 0.07331758 -0.6433665 0.7649456 0.03062814 -0.1489869 0.9888392 0 -0.001367986 0.9998916 0.01466387 -0.1275151 0.9918341 0.002261221 -0.3746316 0.9271724 -0.001652777 -0.3999461 0.9165387 2.75691e-4 -0.5325607 0.8463919 -1.06245e-4 -0.6049687 0.7962453 -0.00254184 -0.6384531 0.7696608 0 -0.9871378 -0.1595243 0.01053613 -0.9855316 0.1452952 0.08727449 -0.9601482 -0.268834 0.0764448 -0.9872729 -0.1363894 0.0817939 -0.9802801 -0.1975923 -0.002896606 -0.9853925 -0.1702929 0.001486897 -0.9956671 -0.09246325 0.009887039 -0.9913203 -0.131468 -5.71324e-4 -0.9857289 -0.1683391 7.15709e-4 -0.9990817 -0.04138112 0.01111668 -0.9980378 -0.06208014 0.008162677 -0.9956787 -0.09234154 0.009854078 -0.9993817 0.02753531 0.02187049 -0.9998227 -0.002883553 0.01860815 -0.9987117 0.04470646 0.02400487 -0.9991005 0.03613066 0.02220326 -0.9970722 0.07216513 0.02528208 -0.9961135 0.08375394 0.02726066 -0.9948788 0.09715741 0.02787029 -0.9865943 0.1579909 0.04087328 -0.9894106 0.1407528 0.0354315 -0.9922319 0.1204936 0.03094124 -0.975286 0.2154447 0.04900038 -0.973383 0.2226526 0.05432695 -0.974493 0.2183615 0.05178552 -0.9759366 0.2124716 0.04902672 -0.9778678 0.2041532 0.04578429 -0.9806129 0.1913699 0.04214477 -0.9676366 0.2462674 0.05506366 -0.9676054 0.2463761 0.05512481 -0.9675883 0.246434 0.05516523 -0.9677436 0.2458779 0.05492317 -0.9684794 0.2431564 0.05406272 -0.9697086 0.2384548 0.05295836 -0.9773172 0.2064028 0.04742395 -0.9764386 0.2112298 0.04415404 -0.9758939 0.2143329 0.04114151 -0.9757296 0.2156399 0.03809678 -0.9755539 0.2148771 0.04607033 -0.9674569 0.246262 0.05815666 -0.9670593 0.2481642 0.05666571 -0.9610624 0.2639199 0.08188605 -0.9630807 0.2554345 0.08502286 -0.9554455 0.2795822 0.09464645 -0.9599989 0.2676189 0.08235508 -0.9427378 0.3168706 0.1041086 -0.9414194 0.3208664 0.1037995 -0.940656 0.3231639 0.1035929 -0.9402118 0.3245299 0.103355 -0.9407251 0.3229008 0.1037859 -0.9412486 0.3211663 0.1044198 -0.9419317 0.3188714 0.1052886 -0.9425986 0.3164974 0.1064769 -0.9408407 0.3227614 0.1031689 -0.941251 0.321156 0.10443 -0.9416062 0.3194847 0.1063364 -0.9417634 0.3182758 0.1085459 -0.9418464 0.3204114 0.1013014 -0.9684548 0.2263852 0.1041396 -0.9624314 0.251617 0.1020527 -0.9582205 0.2693292 0.096309 -0.9755459 0.1956222 0.1002113 -0.9780765 0.1844322 0.09670197 -0.9813863 0.1633256 0.1010237 -0.9905965 0.09780508 0.09567022 -0.9916474 0.09007871 0.09231066 -0.9866737 0.1278569 0.100636 -0.9960806 -0.001741707 0.08843332 -0.9956151 0.009903669 0.09301823 -0.9938406 0.04964643 0.09907621 -0.9913673 -0.1011513 0.0834226 -0.9905508 -0.1095555 0.08250409 -0.9929862 -0.08352088 0.08368301 -0.9922317 -0.09296685 0.08266407 -0.9939316 -0.07082545 0.08416569 -0.9929648 -0.08522373 0.08220702 -0.989838 -0.1186798 0.07833176 -0.9932628 -0.0710588 0.09154182 -0.9950211 -0.03308141 0.09401375 -0.9626515 -0.2623972 0.06670814 -0.962449 -0.2599846 0.07810395 -0.9745 -0.2101421 0.07867813 -0.9546619 -0.2875763 0.07694572 -0.9614058 -0.2642486 0.07662695 -0.9578145 -0.2768417 0.07713609 -0.9624024 -0.2603911 0.07731896 -0.9659454 -0.2468951 0.07741075 -0.9495342 -0.3049286 0.07350683 -0.9509416 -0.3004887 0.07359826 -0.9545592 -0.2876137 0.07807147 -0.9611149 -0.2652364 0.07686263 -0.9576601 -0.2775635 0.07645708 -0.9589716 -0.2729843 0.07650536 -0.9263479 -0.3687231 0.07696068 -0.9262946 -0.3687229 0.07760095 -0.9262074 -0.3689742 0.07744711 -0.9261988 -0.3689964 0.07744312 -0.941132 -0.3295701 0.07519465 -0.9323648 -0.3537488 0.07454961 -0.9278038 -0.3653215 0.07563441 -0.9273938 -0.3659124 0.07777482 -0.9301214 -0.3588477 0.07811933 -0.9347507 -0.3466137 0.07810366 -0.9492688 -0.3057501 0.07352405 -0.9466101 -0.3137829 0.07395756 -0.8687223 -0.4876846 0.0865184 -0.9461112 -0.314609 0.07677841 -0.9518799 -0.2973069 0.07438755 -0.941751 -0.3273358 0.07717835 -0.982578 -0.173366 0.06696921 -0.9828221 -0.167645 0.0771749 -0.986678 -0.1397749 0.08324384 -0.9747002 -0.2092317 0.07862359 -0.9762799 -0.2038822 0.07286757 -0.9743689 -0.2145463 0.06763947 -0.9878073 -0.1407142 0.06660491 -0.9896518 -0.1254149 0.06971663 -0.9924921 -0.1023007 0.0670374 -0.9938812 -0.08691918 0.06815659 -0.9949629 -0.07402861 0.06759101 -0.9950323 -0.07300937 0.06767934 -0.9960474 -0.05788332 0.06737422 -0.9955773 -0.06635057 0.06650972 -0.9964705 -0.05138301 0.06637978 -0.997489 -0.02587604 0.06592565 -0.9975093 -0.0117824 0.06954401 -0.9969944 0.03252083 0.07031744 -0.9964686 0.04165863 0.07290345 -0.9899137 0.1151832 0.08248507 -0.992573 0.09397989 0.07724452 -0.9947727 0.07030642 0.07405716 -0.9862235 0.1478651 0.07415753 -0.9785673 0.1967848 0.06067973 -0.9831032 0.1745219 0.05523014 -0.98765 0.1481215 0.05106472 -0.9888184 0.1453306 0.03342479 -0.9842411 0.1706951 0.04618096 -0.9857716 0.1554657 0.06391197 -0.9870932 0.14574 0.06638497 -0.988143 0.1434456 0.05474346 -0.9875878 0.1485489 0.05102574 -0.9931567 0.1077442 0.04506874 -0.9985668 0.04409211 0.03033852 -0.9977161 0.05812549 0.03440856 -0.9957082 0.08477705 0.03712135 -0.99642 0.07852202 0.03133118 -0.9953807 0.0886237 0.0369209 -0.9996907 0.0230534 0.009329915 -0.9986695 0.03687453 0.03604704 -0.9996216 -0.003758966 0.02725452 -0.9995995 -0.002806603 0.02816385 -0.9994884 -0.01432931 0.02859765 -0.9995135 -0.0116561 0.02893042 -0.9994676 -0.01301068 0.0299232 -0.9994032 -0.01850569 0.02916741 -0.9993594 -0.01976901 0.02983385 -0.9989075 -0.03755706 0.02781051 -0.9988793 -0.03813278 0.02803891 -0.9958111 -0.0885964 0.02260339 -0.9954167 -0.09430468 0.01588129 -0.9980555 -0.05641376 0.02650773 -0.9871642 -0.1584926 0.0196731 -0.9887677 -0.1485921 0.01609283 -0.9883505 -0.1508508 0.0201804 -0.9670687 0.244944 0.06914329 -0.9743106 0.2143726 0.069018 -0.9730992 0.216562 0.07860678 -0.9720386 0.2214189 0.07819706 -0.9761787 0.1991577 0.08609038 -0.9866163 0.1435132 0.07741022 -0.9896993 0.1173972 0.08193516 -0.9963372 -0.05432093 0.06604039 -0.9954023 -0.05414634 0.07900857 -0.9963669 -0.01083678 0.08447378 -0.9961437 -0.001790761 0.0877186 -0.9955769 0.04288327 0.08359259 -0.9910447 0.09728938 0.09146225 -0.9896326 0.1156286 0.08519172 -0.9781687 0.1843304 0.09596043 -0.9755986 0.2000088 0.09057521 -0.9597953 0.2620158 0.100702 -0.9575447 0.2705482 0.09955853 -0.9512004 0.2909402 0.1028196 -0.9462094 0.3063584 0.1040783 -0.9997025 0.01213467 0.02116632 -0.9997987 -0.003371953 0.01978057 -0.9997575 -0.009834647 0.01970362 -0.9995556 -0.02323377 0.01868331 -0.9997308 -0.01382201 0.0186426 -0.9998059 -0.004163742 0.01926088 -0.999216 -0.03356111 0.02100217 -0.9953308 -0.0951839 0.01601827 -0.9965147 -0.08242487 0.0128374 -0.9856905 -0.1683157 0.009170413 -0.9890338 -0.1476311 0.004147589 -0.8582841 0.5125297 0.02572375 -0.9137604 0.4034031 0.04804164 -0.950027 0.3081474 0.04993838 -0.9752036 0.2133039 0.05898535 -0.9782937 0.1981819 0.06054288 -0.7689282 0.6390712 0.01837116 -0.9311442 0.3615295 0.04761147 -0.9306648 0.3619972 0.05311459 -0.9226758 0.3819923 0.05245459 -0.9216712 0.3829999 0.06191521 -0.9133754 0.4025884 0.06056469 -0.9121887 0.4037783 0.06982129 -0.9041928 0.4216769 0.0680024 -0.9028333 0.4230386 0.07700914 -0.8947262 0.4403428 0.07458943 -0.7977612 0.6027721 0.01558727 -0.7975627 0.6029699 0.0179224 -0.793221 0.6086775 0.01767271 -0.7928766 0.6090241 0.0208894 -0.7885517 0.61463 0.02040386 -0.7881489 0.6150342 0.02354532 -0.7841282 0.6201762 0.02290201 -0.7836673 0.6206387 0.02594745 -0.7797201 0.625625 0.02510064 -0.8158146 0.5580843 0.1516196 -0.7115833 0.6807777 0.1737555 -0.5927468 0.7927866 0.1419178 -0.535148 0.8382262 0.1048492 -0.544422 0.8314298 0.1110361 -0.4791314 0.8529465 0.2071607 -0.7222219 0.663262 0.1961613 -0.5025306 0.8411521 0.1998161 -0.8973107 0.4237989 0.1234023 -0.9309284 0.3486525 0.1086918 -0.6558629 0.7302581 0.1912252 -0.6576405 0.7361773 0.15985 -0.7003416 0.7017736 0.13052 -0.7022489 0.7037453 0.1076522 -0.7421239 0.6646214 0.08677887 -0.7458851 0.6635924 0.05745077 -0.7762449 0.6288794 0.04421043 -0.862828 0.4923739 0.1144368 -0.8620353 0.4891214 0.1328744 -0.8721287 0.4742684 0.1202544 -0.8727248 0.4748708 0.113354 -0.8828822 0.4580755 0.1033732 -0.8840578 0.4577547 0.09435302 -0.8924739 0.4425646 0.08733266 0 0.9914453 -0.1305235 0 0.9914442 -0.1305313 0 0.9469294 -0.3214417 0 0.9469318 -0.3214346 0 0.8968695 -0.4422953 0 0.8968759 -0.4422826 0 0.7933538 -0.608761 -6.00512e-4 0.896866 -0.4423021 -2.55081e-4 0.7933613 -0.6087512 -8.45702e-4 0.946933 -0.3214299 -0.001093089 0.9914435 -0.1305327 -2.59009e-4 0.7933434 -0.6087743 -0.02367699 0.7930833 -0.608653 -0.02708292 0.7955501 -0.6052823 -0.06834012 0.7848516 -0.615904 -0.08158624 0.7893402 -0.608511 -0.111666 0.7721858 -0.6255078 -0.1349702 0.7740059 -0.618626 -0.8336784 0.5091334 -0.2139243 -0.06651002 0.92175 -0.3820387 -0.0757417 0.926389 -0.3688724 -0.1930363 0.896292 -0.3992463 -0.2287143 0.9016442 -0.3670525 -0.3165504 0.8520379 -0.4169261 -0.3788037 0.8444029 -0.3788027 -0.001240909 0.9914458 -0.1305132 -0.1051369 0.9859106 -0.130102 -0.1182469 0.9873095 -0.1060088 -0.3050535 0.9397494 -0.1543158 -0.3532314 0.930965 -0.09236788 -0.4949418 0.8516005 -0.1726537 -0.5747903 0.8130209 -0.09280717 -0.6782397 0.7328114 -0.0545749 -0.6087477 0.7834142 -0.1252545 -0.6116639 0.7828935 -0.113776 -0.5936793 0.7858824 -0.173014 -0.3343387 0.8151265 -0.473061 -0.375941 0.823297 -0.425265 -0.394754 0.8296618 -0.3947538 -0.4525733 0.8183093 -0.3543266 -0.5326418 0.8009251 -0.2735174 -0.1417825 0.7672557 -0.625473 -0.05960601 0.7808259 -0.6218989 -0.1284065 0.7826116 -0.6091231 -0.2069472 0.7907779 -0.5760585 -0.2904418 0.8046592 -0.5178486 -0.6045694 0.7586471 0.2427974 -0.7715026 0.5936474 0.2288376 -0.5924572 0.7410946 0.3158692 -0.7437571 0.600206 0.294242 -0.7085291 0.5387326 0.4558001 -0.7080057 0.5394979 0.4557083 -0.6944609 0.5747342 0.4329027 -0.6804254 0.5881069 0.4372089 -0.7228076 0.5901741 0.3595048 -0.6948893 0.6191751 0.3657202 -0.7152464 0.6208152 0.3209536 -0.8011809 0.5873883 0.1143864 -0.7928345 0.5961377 0.1266232 -0.766616 0.5527565 0.3267418 -0.8239579 0.4520366 0.3416963 -0.8162015 0.4855608 0.3131228 -0.9277877 0.3476099 0.135564 -0.9770047 0.207526 0.04893767 -0.9747144 0.2152864 0.05986356 -0.9558508 0.2674847 0.1216599 -0.9480446 -0.2817979 -0.1476527 -0.8162261 -0.3935823 -0.4229279 -0.8092788 -0.4331666 -0.3967803 -0.8105504 -0.4360827 -0.3909475 -0.8266541 -0.2548028 -0.5017155 -0.8208733 -0.3102244 -0.479508 -0.8288555 -0.3236432 -0.4563481 -0.8199536 -0.3454707 -0.4564274 -0.8126699 -0.3918251 -0.4313243 -0.8312267 -0.1284466 -0.5408916 -0.8287581 -0.1735185 -0.5320258 -0.8333005 -0.1806132 -0.5224837 -0.8281995 -0.2099979 -0.5196024 -0.8243561 -0.2524634 -0.5066549 -0.832687 -0.002184092 -0.5537399 -0.8325019 -0.05321931 -0.5514602 -0.8377767 -0.0752002 -0.5408099 -0.8320913 -0.08995819 -0.5472949 -0.830859 -0.1269831 -0.5418013 -0.8302949 0.1634786 -0.5328087 -0.8325825 0.1149805 -0.5418356 -0.8322761 0.116841 -0.5419085 -0.8329386 0.08700358 -0.5464831 -0.8386645 0.07014501 -0.5401126 -0.8328747 0.05024099 -0.5511766 -0.8327211 -0.00223428 -0.5536883 -0.8198464 0.3683735 -0.4383525 -0.8284301 0.2984041 -0.4739817 -0.8238376 0.3058509 -0.4772285 -0.8306316 0.2347509 -0.5049192 -0.8297371 0.2363175 -0.5056585 -0.830477 0.2001235 -0.519864 -0.8323921 0.1600512 -0.5305724 -0.8087748 0.5062273 -0.2993615 -0.8180527 0.4606534 -0.3443664 -0.8115742 0.4708694 -0.3458749 -0.8182011 0.4372286 -0.3733339 -0.8228033 0.4179618 -0.385101 -0.8173507 0.4146867 -0.399966 -0.8253703 0.3594936 -0.4353486 -0.8014744 0.5633526 -0.200681 -0.8103961 0.5300738 -0.2495598 -0.8092221 0.5319992 -0.2492724 -0.8099488 0.5167192 -0.2774607 -0.8141159 0.4972066 -0.3000018 -0.7950912 0.6033987 -0.06115752 -0.8016633 0.5867239 -0.114416 -0.7970669 0.5933921 -0.1121171 -0.8024754 0.5782499 -0.1471747 -0.8045501 0.5741445 -0.1518464 -0.80197 0.5737614 -0.1662589 -0.8073325 0.554498 -0.201857 -0.793173 0.6000651 0.1039158 -0.7932491 0.600602 0.1001651 -0.7931509 0.6006162 0.1008554 -0.7935677 0.6040619 0.07320994 -0.7924468 0.6053691 0.07454222 -0.7949823 0.6060969 0.02549022 -0.7929517 0.6086615 0.02755129 -0.7962962 0.6047641 -0.01315194 -0.7975063 0.6031249 -0.01496946 -0.7961506 0.6041768 -0.03338778 -0.7988653 0.5981315 -0.06366425 -0.7916157 0.5923838 0.1497542 -0.7968733 0.5799317 0.1693289 -0.7927812 0.5829337 0.1780062 -0.794232 0.5685375 0.2143845 -0.7928093 0.5695588 0.2169244 -0.7958338 0.5484567 0.2566008 -0.7938373 0.5494843 0.2605561 -0.7979434 0.52396 0.2979133 -0.7953926 0.5247557 0.3032858 -0.8005648 0.4944414 0.3385613 -0.7976209 0.4946572 0.3451306 -0.7977016 0.4942575 0.3455165 -0.7248108 0.5282847 0.442227 -0.9482292 -0.2865059 -0.1370247 -0.954669 -0.2502019 -0.1612641 -0.9564658 -0.2524458 -0.146439 -0.9640263 -0.2008363 -0.1741215 -0.9657467 -0.2039319 -0.1604532 -0.9716944 -0.1503601 -0.182214 -0.9728748 -0.1544343 -0.1722349 -0.9768302 -0.1033533 -0.1874055 -0.9777944 -0.1073393 -0.1799901 -0.9797908 -0.07077854 -0.1870844 -0.9799994 -0.07470577 -0.1844465 -0.9810231 -0.04111278 -0.1894817 -0.9815842 -0.04386001 -0.185927 -0.9821574 -0.002370536 -0.1880463 -0.9823635 -0.003431677 -0.1869499 -0.9821732 0.03340584 -0.1849864 -0.9820723 0.03391188 -0.1854294 -0.9815925 0.05965346 -0.1814321 -0.9815175 0.06068521 -0.1814959 -0.9803686 0.08750873 -0.1766911 -0.979995 0.08920985 -0.1779092 -0.9773041 0.1314652 -0.1661142 -0.9767449 0.1338304 -0.1675082 -0.9731971 0.1719864 -0.1526697 -0.9724232 0.1750336 -0.1541309 -0.9682576 0.2092877 -0.1366598 -0.967278 0.2128955 -0.1380171 -0.9628341 0.2425389 -0.1188505 -0.9616889 0.2465208 -0.1199252 -0.9571842 0.2717987 -0.09961926 -0.9558466 0.2761816 -0.1004046 -0.9520041 0.2949578 -0.08178091 -0.9507807 0.2989188 -0.08163225 -0.947178 0.3143634 -0.063479 -0.9456713 0.3188715 -0.06345891 -0.9420025 0.3328424 -0.04297959 -0.9404384 0.3372949 -0.04251921 -0.93782 0.3461541 -0.02590173 -0.9366607 0.349377 -0.02454745 -0.9343793 0.3561648 -0.009048461 -0.9329636 0.3598842 -0.007890403 -0.9307215 0.3655824 0.01035165 -0.9294614 0.3687329 0.01173508 -0.9279201 0.371766 0.02746748 -0.9270468 0.3738225 0.02900117 -0.9258638 0.3752917 0.04395997 -0.9250819 0.3770577 0.04528903 -0.9242345 0.3768039 0.06172198 -0.9237654 0.3777965 0.06266897 -0.9235861 0.3766194 0.07174092 -0.9235386 0.3766335 0.07227587 -0.9233356 0.3752676 0.08139842 -0.923256 0.3754221 0.08158826 -0.9234342 0.3710272 0.09802114 -0.9236808 0.3706026 0.09730142 -0.9243916 0.3639413 0.1142234 -0.9249316 0.3631335 0.1124081 -0.9262387 0.3538925 0.1297769 -0.9269922 0.3529989 0.1267968 -0.9289548 0.3407003 0.1447974 -0.9298963 0.3398962 0.1405827 -0.932604 0.3238736 0.1592347 -0.9336424 0.3234651 0.1538903 -0.9362096 0.3089232 0.1675649 -0.9363676 0.3105552 0.1636198 -0.9297499 0.3421938 0.1358988 -0.8818287 0.3684051 0.2943739 -0.5077397 0.7040413 0.4965142 -0.2314246 0.846355 0.4797144 -0.4010097 0.7483273 0.5283914 -0.2627491 0.8017817 0.536758 -0.2174374 0.8408716 0.495637 -0.6412228 0.6188029 0.4537802 -0.7021014 0.5714631 0.4248338 -0.1949134 0.8593959 0.4727024 -0.1947936 0.9023042 0.384581 -0.1947915 0.9023049 0.3845806 -0.1949642 0.9341354 0.2989653 -0.1949644 0.9341352 0.2989655 -0.5752488 0.66665 0.47399 -0.5552813 0.6813381 0.4769079 -0.5552859 0.7160767 0.4229559 -0.5214523 0.7423307 0.4207526 -0.5555092 0.7386347 0.3818747 -0.5549594 0.7652665 0.3261707 -0.5549581 0.7652672 0.3261715 -0.5553067 0.7920698 0.2534958 -0.5553129 0.7920644 0.2534989 -0.08507812 0.8730249 0.4801971 0.09068769 0.9444106 0.3160135 1.92869e-4 0.9958124 -0.09141957 4.66401e-4 0.9963333 -0.08555549 0.001159727 0.997096 -0.0761466 0.002893805 0.9980389 -0.06253129 0.004807472 0.9985574 -0.05347859 0.007538497 0.9991077 -0.04155904 0.01516324 0.9996743 -0.0205295 0.02889126 0.9995676 0.005488812 -0.01296508 0.9987604 -0.04806005 3.40217e-4 0.9199261 0.3920918 -2.24361e-4 0.9524117 0.3048147 -0.02250814 0.9607943 0.2763469 -0.005367219 0.9697573 0.2440127 0.006441056 0.9863642 0.1644513 -0.009158611 0.9812762 0.1923884 0.005102097 0.9920002 0.1261338 -2.27317e-5 0.9896365 0.1435959 1.61967e-5 0.9945545 0.1042187 0.007868707 0.9978792 0.06461739 0.01517164 0.9966859 0.07992017 0.006086826 0.9982353 0.05906963 0 -0.8705999 0.4919918 0 -0.8705993 0.4919928 0 -0.9204252 0.3909189 0 -0.9585625 0.2848824 0 -0.9585629 0.2848815 0 -0.9845278 0.1752282 0 -0.9845281 0.1752272 0 -0.9979915 0.06334781 0 -0.9987823 -0.04933571 0 -0.9987823 -0.04933571 0 -0.9868901 -0.1613935 0 -0.98689 -0.1613946 0 -0.9624665 -0.271401 0 -0.9624661 -0.271402 0 -0.9258206 -0.3779635 0 -0.9258206 -0.3779636 0 -0.8774191 -0.4797247 0 -0.8774182 -0.4797264 0 -0.8178754 -0.5753954 0 -0.8178748 -0.5753962 0 -0.7479453 -0.6637604 0 -0.7479458 -0.6637598 0 -0.6685182 -0.7436958 0 -0.6685186 -0.7436954 0 -0.5806031 -0.8141867 0 -0.5806026 -0.8141872 0 -0.4853138 -0.8743401 0 -0.3838626 -0.9233903 0 -0.3838624 -0.9233903 0 -0.2775366 -0.9607151 0 -0.2775367 -0.9607151 0 -0.1676865 -0.9858404 0 -0.1676865 -0.9858404 0 -0.05570775 -0.9984471 0 -0.05570775 -0.9984472 0 0.05697929 -0.9983754 0 0.05697929 -0.9983754 0 0.1689428 -0.9856259 0 0.2787605 -0.9603607 0 0.2787604 -0.9603607 0 0.3850389 -0.9229003 0 0.4864273 -0.8737211 0 0.4864279 -0.8737208 0 0.581639 -0.8134471 0 0.5816394 -0.8134468 0 0.6694655 -0.7428433 0 0.6694654 -0.7428433 0 0.7487903 -0.662807 0 0.8186078 -0.574353 0 0.8186071 -0.5743538 0 0.8780294 -0.4786067 0 0.8780294 -0.4786069 0 0.9263013 -0.3767839 0 0.9263012 -0.3767839 0 0.9628114 -0.2701748 0 0.9628114 -0.2701748 0 0.9870948 -0.1601373 0 0.9870952 -0.1601352 0 0.9952812 -0.09703338 0 0.9952809 -0.09703606 -0.7070324 -0.6158965 -0.3475295 0.3845625 0.9134778 0.1329283 -0.6725876 0.7396516 -0.02327191 -0.7476506 0.6637572 0.02109676 -0.4238756 0.9038276 0.05852568 -0.8590201 0.5074507 0.06766349 -0.1023466 0.9844816 0.1425526 -0.6984637 0.6916922 -0.1836039 -0.7208542 0.6756033 -0.1546914 -0.6835488 0.7204856 -0.1168826 -0.7199388 0.6879192 -0.09195357 -0.7034235 0.7080318 -0.06234186 -0.7070857 0.7048212 -0.05706936 -0.706992 0.7065117 -0.03168118 -0.7108743 0.4229121 -0.5619637 -0.7027577 0.4762775 -0.5284803 -0.7096951 0.4838576 -0.5120692 -0.7070916 0.5067405 -0.4931892 -0.7070971 0.514129 -0.4854741 -0.7048494 0.5354089 -0.4653221 -0.7123234 0.540416 -0.4478236 -0.7008589 0.5839127 -0.4096863 -0.7077225 0.5855011 -0.39537 -0.7068783 0.6052871 -0.3659927 -0.7070892 0.6058664 -0.3646242 -0.7067523 0.6250571 -0.3313682 -0.705641 0.6252999 -0.333273 -0.7079241 0.6542356 -0.2661192 -0.6986237 0.6595771 -0.277278 -0.7096695 0.6696859 -0.2188378 -0.7070249 0.6706384 -0.2244104 -0.7070784 0.6777786 -0.2016342 -0.7058421 0.4157924 -0.5735012 -0.707268 0.3820493 -0.5948197 -0.7096261 0.3517994 -0.6104654 -0.7053278 0.344819 -0.6193647 -0.7079188 0.2776328 -0.6494391 -0.7066212 0.2750952 -0.6519273 -0.7071026 0.2368353 -0.6662696 -0.7071428 0.237748 -0.6659017 -0.7058753 0.1908293 -0.6821468 -0.7090663 0.1965656 -0.6771906 -0.7028628 -0.0396263 -0.7102209 -0.711435 -0.001906931 -0.7027493 -0.7027959 0.04053485 -0.7102358 -0.7071865 0.06178796 -0.704322 -0.7061464 0.119623 -0.697888 -0.7004128 0.106397 -0.7057632 -0.7061082 0.1381956 -0.6944878 -0.7031458 -0.1192334 -0.7009775 -0.7066689 -0.1062472 -0.6995217 -0.7071236 -0.06283605 -0.7042924 -0.7002291 -0.2956111 -0.649841 -0.7068058 -0.245917 -0.6632876 -0.7076039 -0.1961103 -0.6788502 -0.7043214 -0.2038864 -0.6799718 -0.7077044 -0.1494248 -0.6905264 -0.7149648 -0.2683821 -0.6455978 -0.7024622 -0.3454079 -0.6222863 -0.7082318 -0.3589608 -0.6079105 -0.7071041 -0.3810415 -0.5956603 -0.7069739 -0.4003214 -0.5830358 -0.6908211 -0.4568129 -0.5604358 -0.7070837 -0.6044354 -0.3670022 -0.7084423 -0.5988674 -0.3734535 -0.701154 -0.5831531 -0.410263 -0.7292577 -0.4006078 -0.5547042 -0.7012305 -0.4766099 -0.5302066 -0.708331 -0.4954792 -0.5027599 -0.7070809 -0.5058405 -0.4941275 -0.7069461 -0.5272545 -0.4714128 -0.7028178 -0.5360691 -0.4676291 -0.7098934 -0.5585328 -0.4290602 -0.6953494 -0.5927355 -0.4063912 -0.6907402 -0.6520282 -0.3126299 -0.7216868 -0.6109932 -0.3253543 -0.6974981 -0.6644092 -0.2684342 -0.6990953 -0.6619887 -0.2702534 -0.709679 -0.6651832 -0.232136 -0.7070734 -0.6717598 -0.2208757 -0.7065193 -0.686303 -0.1726812 -0.7145755 -0.6961129 0.06934571 -0.7070467 -0.7004106 0.09751963 -0.7065201 -0.6914669 0.1506751 -0.7156354 -0.6747646 -0.1804406 -0.6999371 -0.7048416 -0.1152675 -0.7139444 -0.6941816 -0.09162628 -0.7070614 -0.7043114 -0.063322 -0.7065188 -0.7076041 -0.01130115 -0.7171428 -0.69654 -0.02319878 -0.6992728 -0.7134191 0.04528605 -0.7186338 -0.6822478 0.1345492 -0.6987436 -0.685729 0.2037968 -0.7150676 -0.6613783 0.2264004 -0.7070268 -0.6602582 0.2533224 -0.7068971 -0.6452869 0.2896572 -0.706594 -0.6453307 0.2902985 -0.7071474 -0.6200281 0.3398643 -0.7008323 -0.6210215 0.3509507 -0.710051 -0.5882107 0.3870865 -0.7118183 -0.5895369 0.3817868 -0.701872 -0.5787718 0.4152095 -1 -2.28295e-6 0 -1 0 0 -1 8.04483e-6 0 -1 -2.11289e-6 0 -1 1.01011e-5 0 -1 7.85237e-6 0 -1 1.69614e-5 0 -0.9835228 -0.1807677 -0.002480328 -0.9899355 -0.1413544 -0.006841659 -0.9925269 -0.1213619 -0.01271706 -0.9940419 -0.1074241 -0.01846611 -0.9946942 -0.09970641 -0.02534151 -0.9947154 -0.09889805 -0.02757656 -0.9868106 -0.1572968 0.03824174 -0.9889212 -0.1471087 0.01984739 -0.9905013 -0.1326138 0.03634405 -0.9921865 -0.1239292 0.01440727 -0.9959589 -0.08654665 0.02399021 -0.9946768 -0.1030437 1.4247e-4 -0.9946752 -0.103035 0.002298772 -0.9950441 -0.09936147 0.003830015 -0.9950428 -0.09926348 0.006059765 -0.9954905 -0.09451496 0.008102059 -0.9954904 -0.09450811 0.008192896 -0.9964838 -0.07886862 0.02828526 -0.8224021 -0.4608849 0.3335264 -0.9649277 -0.239942 0.1065005 -0.9648762 -0.2388453 0.1093927 -0.9702156 -0.2078208 0.1244679 -0.9687014 -0.2271964 0.09999769 -0.9761579 -0.1848334 0.113809 -0.9913759 -0.1223637 0.04691576 -0.9755991 -0.1651225 0.14471 -0.9468422 -0.2824664 0.1539569 -0.896784 -0.3907286 0.2076289 -0.8225225 -0.466463 0.3253753 -0.8238641 -0.480377 0.3008088 -0.8273681 -0.4719598 0.304493 -0.8273654 -0.4711914 0.3056881 -0.7930788 -0.5346243 0.2918956 -0.9468727 -0.2934049 0.1317033 -0.9914351 -0.1191465 0.05348461 -0.7931779 -0.5555838 0.2493903 -0.896769 -0.4036926 0.1812117 -0.9914342 -0.119154 0.05348455 -0.9914165 -0.1236947 0.04234272 -0.9914163 -0.1236974 0.04234272 -0.9914167 -0.1277426 0.02783626 -0.9914166 -0.1277438 0.02783608 -0.9914165 -0.1300975 0.01296013 -0.991416 -0.1301014 0.01295983 -0.9914172 -0.1307196 -0.002087712 -0.9914158 -0.1307307 -0.002087891 -0.9914166 -0.129617 -0.01710802 -0.9914169 -0.1296143 -0.01710796 -0.9914171 -0.1267858 -0.03190165 -0.991416 -0.1267935 -0.03190106 -0.9914365 -0.1232976 -0.04302901 -0.9914358 -0.1233033 -0.04302948 -0.9468818 -0.303624 -0.10596 -0.9237034 -0.3616053 0.1265456 -0.923654 -0.3625728 0.1241148 -0.9236546 -0.3625713 0.1241142 -0.9236537 -0.3744416 0.08159297 -0.9236549 -0.3744388 0.08159279 -0.9236539 -0.3813402 0.03798872 -0.9236547 -0.3813385 0.03798812 -0.9236546 -0.3831776 -0.006119608 -0.9236558 -0.3831743 -0.006120383 -0.9236506 -0.379941 -0.05014592 -0.9236557 -0.379928 -0.05014759 -0.9236534 -0.3716459 -0.09350889 -0.923656 -0.3716393 -0.09350883 -0.9236252 -0.3720476 -0.09217971 -0.8967847 -0.4177589 -0.1457909 -0.79318 -0.5555804 0.2493915 -0.7928673 -0.5765493 0.1973639 -0.7928649 -0.5765526 0.197364 -0.7928654 -0.5954245 0.1297463 -0.7928643 -0.5954257 0.1297478 -0.7928642 -0.606397 0.06040811 -0.7928664 -0.606394 0.06040894 -0.7928633 -0.6093218 -0.00973165 -0.7928654 -0.6093192 -0.009731531 -0.7928647 -0.6041579 -0.07974267 -0.7928657 -0.6041566 -0.0797432 -0.7928632 -0.5909802 -0.1486952 -0.7928651 -0.5909776 -0.1486958 -0.7932066 -0.5749478 -0.2006452 -0.7932069 -0.574947 -0.200646 -0.991373 -0.126132 -0.03564143 -0.7771106 -0.4841851 -0.4020746 -0.8968636 -0.4114945 -0.1621977 -0.946909 -0.2974878 -0.1219208 -0.8299192 -0.5174556 -0.2085043 -0.8299694 -0.5086219 -0.2290297 -0.8245696 -0.5114973 -0.2417758 -0.9700002 -0.1306669 -0.2050024 -0.9789646 -0.1950179 -0.0599696 -0.9738488 -0.2052874 -0.09734296 -0.9729318 -0.219539 -0.07215529 -0.9673586 -0.225732 -0.1151628 -0.9651378 -0.2473011 -0.08573973 -0.9641839 -0.2351912 -0.1226158 -0.9609379 -0.2615907 -0.09038096 -0.9566882 -0.2572668 -0.1362408 -0.9508714 -0.2920007 -0.1028566 -0.9481675 -0.2811278 -0.1481412 -0.8255479 -0.4946387 -0.271668 -0.8251486 -0.4958222 -0.2707217 -0.8197252 -0.4907497 -0.2953223 -0.8200423 -0.4875748 -0.2996689 -0.8174973 -0.4824331 -0.3145736 -0.8181838 -0.4763058 -0.3220376 -0.8113763 -0.4735878 -0.3426122 -0.8130092 -0.4636638 -0.3521819 -0.8062118 -0.4573621 -0.3752897 -0.5549592 -0.7242318 0.4092784 -0.5549596 0.8301387 0.05375713 -0.5554661 0.8229218 0.1194041 -0.5554675 0.8229202 0.1194081 -0.5549584 0.8211429 -0.1332134 -0.5555205 0.8282979 -0.07293665 -0.5228239 0.8514556 -0.0409705 -0.5552646 0.8312624 -0.02615356 -0.554961 0.8301379 0.05375421 -0.5549579 0.7705702 -0.3134379 -0.5555315 0.7903696 -0.2582648 -0.526059 0.8188209 -0.2297699 -0.5552304 0.8038583 -0.21338 -0.5549625 0.8211399 -0.1332139 -0.5549575 0.6809837 -0.4777901 -0.5555477 0.711525 -0.4302314 -0.529904 0.7446192 -0.4058867 -0.5551848 0.7348492 -0.3895724 -0.55496 0.7705699 -0.3134353 -0.554961 0.5569131 -0.6179531 -0.5555536 0.5958573 -0.5799262 -0.5343384 0.6329311 -0.5602507 -0.555141 0.6277928 -0.5456141 -0.55496 0.6809796 -0.4777932 -0.554957 0.4046505 -0.7268292 -0.555566 0.4493443 -0.6995972 -0.5393463 0.489791 -0.6849893 -0.5550928 0.4882358 -0.6734225 -0.554961 0.5569103 -0.6179558 -0.5555619 -0.4480545 -0.7004272 -0.5549579 -0.4037208 -0.7273454 -0.5549638 -0.4037227 -0.7273398 -0.5549597 -0.3193248 -0.7681481 -0.5549612 -0.3193289 -0.7681454 -0.5549553 -0.2308767 -0.7992001 -0.5549575 -0.2308765 -0.7991986 -0.554964 -0.1394947 -0.8200954 -0.5549559 -0.1394961 -0.8201006 -0.5549595 -0.04634141 -0.8305856 -0.5549591 -0.04634231 -0.8305858 -0.5549595 0.04739952 -0.8305259 -0.55496 0.04740065 -0.8305256 -0.554964 0.1405383 -0.8199172 -0.5549597 0.1405394 -0.8199197 -0.5549595 0.2318928 -0.7989029 -0.5549558 0.2318966 -0.7989044 -0.5555682 0.2795823 -0.7830567 -0.5449042 0.3228562 -0.7738498 -0.5550412 0.3233925 -0.7663854 -0.5549597 0.4046475 -0.7268289 -0.5386551 -0.4932838 -0.6830241 -0.5549579 -0.4829919 -0.6773039 -0.5549602 -0.5561257 -0.6186626 -0.5316365 -0.6382563 -0.5567688 -0.5555609 -0.5947825 -0.5810215 -0.5549575 -0.5561264 -0.6186644 -0.5549569 -0.6222 -0.5521687 -0.5549575 -0.6803725 -0.4786601 -0.5549618 -0.6803711 -0.4786572 -0.5555475 -0.7107325 -0.4315396 -0.5245032 -0.7515031 -0.4001748 -0.5549578 -0.7299064 -0.3990721 -0.5549581 -0.7701703 -0.3144189 -0.5172571 -0.8267788 -0.2210926 -0.5555344 -0.789891 -0.259719 -0.5549614 -0.7701675 -0.3144199 -0.5549592 -0.8006538 -0.2257738 -0.5549587 -0.8209724 -0.1342577 -0.5549597 -0.8209714 -0.1342599 -0.5555211 -0.8281617 -0.07446283 -0.5098873 -0.8597646 -0.02863252 -0.5549562 -0.8308667 -0.04104101 -0.5549599 -0.8302063 0.05269801 -0.5024151 -0.8482869 0.1672977 -0.5555048 -0.8235698 0.1146622 -0.554958 -0.8302077 0.05269771 -0.5549598 -0.8190063 0.1457679 -0.5549586 -0.797408 0.2369844 -0.5549614 -0.7974047 0.236989 -0.5554895 -0.7763442 0.2978608 -0.494823 -0.7924992 0.3565043 -0.5549579 -0.7656818 0.3251972 -0.5549578 -0.7242349 0.4092746 -0.5597781 -0.6955253 0.4504367 -0.5544607 -0.7329479 0.3941583 -0.1946241 -0.7857941 0.5870682 -0.1947914 -0.8539237 0.4825666 -0.1947942 -0.8539216 0.4825693 -0.1947932 -0.902794 0.3834301 -0.1947925 -0.9027932 0.3834323 -0.1947923 -0.9402016 0.2794225 -0.1947923 -0.9402003 0.2794271 -0.1947914 -0.9656691 0.1718707 -0.1947917 -0.9656689 0.1718716 -0.1947898 -0.9788751 0.06213355 -0.1947943 -0.9788741 0.06213515 -0.1947944 -0.9796497 -0.04839164 -0.1947937 -0.9796499 -0.0483911 -0.1947938 -0.9679855 -0.1583018 -0.1947935 -0.9679856 -0.1583017 -0.194792 -0.9440296 -0.2662037 -0.1947926 -0.9440297 -0.2662029 -0.1947931 -0.9080857 -0.370724 -0.1947923 -0.9080857 -0.3707244 -0.194791 -0.860611 -0.4705372 -0.1947913 -0.8606119 -0.4705355 -0.1947902 -0.8022085 -0.5643743 -0.1947935 -0.8022074 -0.5643746 -0.1947937 -0.7336222 -0.6510407 -0.1947941 -0.7336161 -0.6510475 -0.1947914 -0.6557143 -0.7294484 -0.1947932 -0.6557103 -0.7294516 -0.1947917 -0.5694826 -0.7985899 -0.1947952 -0.5694781 -0.7985922 -0.194792 -0.4760172 -0.8575918 -0.1947958 -0.4760165 -0.8575914 -0.194786 -0.3765102 -0.9057033 -0.1947935 -0.3765072 -0.905703 -0.1947975 -0.2722216 -0.9423106 -0.1947914 -0.2722201 -0.9423124 -0.1947919 -0.1644745 -0.9669563 -0.1947935 -0.1644744 -0.9669559 -0.1947978 -0.05464005 -0.9793204 -0.1947914 -0.05464041 -0.9793216 -0.1947919 0.05588722 -0.9792512 -0.1947942 0.05588811 -0.9792506 -0.1947859 0.1657082 -0.9667468 -0.1947941 0.1657049 -0.9667456 -0.1947917 0.2734225 -0.941964 -0.1947932 0.2734203 -0.9419644 -0.1947919 0.3776624 -0.9052223 -0.194793 0.3776631 -0.9052218 -0.1947917 0.4771106 -0.8569841 -0.1947973 0.4771073 -0.8569847 -0.1947889 0.5704974 -0.7978659 -0.1947945 0.570497 -0.7978649 -0.1947916 0.6566426 -0.728613 -0.1947926 0.6566426 -0.7286126 -0.194792 0.7344474 -0.6501101 -0.1947957 0.7344455 -0.650111 -0.1947941 0.8029268 -0.5633506 -0.1947931 0.802927 -0.5633507 -0.1947944 0.8612092 -0.4694399 -0.1947897 0.8612096 -0.4694411 -0.1947904 0.9085587 -0.3695644 -0.1947926 0.9085572 -0.3695669 -0.194792 0.9443686 -0.2649986 -0.1947924 0.9443675 -0.2650023 -0.1947909 0.968187 -0.1570686 -0.1947926 0.9681867 -0.1570683 -0.1947906 0.9797114 -0.04714125 -0.1947926 0.9797109 -0.04714238 -0.1947906 0.978795 0.06338024 -0.1947928 0.9787946 0.06338047 -0.1950409 0.9706301 0.1408418 -0.195042 0.9706303 0.140838 -0.5578598 0.8051136 0.201456 -0.5554405 0.8062938 0.2034111 -0.1959777 0.9510976 0.2387593 -0.1950247 0.9511501 0.2393301 -0.5554226 0.8158182 0.1610796 -0.5578426 0.8145414 0.1591668 -0.1950227 0.9623702 0.1892344 -0.1959732 0.9622871 0.1886743 -0.8917366 -0.4525343 -0.004318058 -0.6954367 -0.7015782 -0.1554214 -0.8182302 -0.5307989 -0.2207987 -0.9513955 -0.2990312 -0.07366871 -0.6957263 -0.7011838 -0.1559045 -0.7015786 -0.6881837 -0.184907 -0.7033191 -0.6873009 -0.1815481 -0.7121097 -0.6669819 -0.219169 -0.7315695 -0.6423957 -0.2283287 -0.7271664 -0.6416303 -0.2440074 -0.7339426 -0.622522 -0.2716516 -0.7062336 -0.6364187 -0.3101698 -0.894035 -0.4478965 -0.00949335 -0.8971694 -0.4409739 -0.02508646 -0.9003002 -0.4351424 -0.01051914 -0.9093717 -0.4128088 -0.05130189 -0.9155284 -0.401567 -0.02349269 -0.9281346 -0.3641805 -0.07706403 -0.9342491 -0.3541979 -0.04150533 -0.9319862 -0.3609302 -0.03363358 -0.8236176 -0.4910603 -0.2837497 -0.151379 -0.9185043 -0.3652868 -0.1624755 -0.7915004 -0.5891764 -0.4839214 -0.7302364 -0.4822604 -0.1653861 -0.7897071 -0.5907709 -0.1606765 -0.8039053 -0.5726426 -0.1630468 -0.8059461 -0.5690929 -0.1589024 -0.8178356 -0.5530779 -0.1613563 -0.8198566 -0.5493627 -0.1572255 -0.831193 -0.5332903 -0.1597561 -0.8331803 -0.5294229 -0.1556428 -0.843986 -0.5132867 -0.1582628 -0.8459123 -0.5092989 -0.154184 -0.8562197 -0.4930672 -0.1568561 -0.8580778 -0.4889772 -0.1528257 -0.8679085 -0.4726303 -0.1555596 -0.8696849 -0.4684543 -0.1515752 -0.8790618 -0.4519684 -0.1543735 -0.8807408 -0.4477326 -0.1504517 -0.8896651 -0.4311153 -0.1532909 -0.8912411 -0.4268386 -0.1494497 -0.8997299 -0.4100623 -0.1523265 -0.9012018 -0.4057486 -0.148576 -0.9092516 -0.3888277 -0.1514602 -0.9106166 -0.3844961 -0.146815 -0.9202191 -0.3628253 -0.434847 -0.8563992 -0.2783675 -0.4326195 -0.8578984 -0.2772196 -0.436516 -0.8498264 -0.2953794 -0.4352769 -0.8496466 -0.2977162 -0.4387531 -0.8421723 -0.3134354 -0.437662 -0.8419563 -0.3155339 -0.4412958 -0.8339017 -0.3314604 -0.4403527 -0.8336728 -0.3332853 -0.4441498 -0.8250071 -0.3494198 -0.443374 -0.8247733 -0.3509537 -0.4473361 -0.8154429 -0.3673464 -0.4467218 -0.8152354 -0.3685526 -0.450814 -0.8052417 -0.3851656 -0.4503495 -0.8050661 -0.3860753 -0.4545714 -0.7943786 -0.4028992 -0.4542715 -0.7942371 -0.4035156 -0.4586015 -0.7828047 -0.4205966 -0.4584607 -0.7827311 -0.4208869 -0.4629072 -0.7704975 -0.4382359 -0.4629173 -0.7705113 -0.4382007 -0.4674701 -0.7574152 -0.4558442 -0.4676642 -0.7575297 -0.4554546 -0.4722599 -0.743644 -0.4732484 -0.4725622 -0.7438506 -0.4726217 -0.464942 -0.7656514 -0.4445301 -0.1730505 -0.7470396 -0.641861 1.44828e-4 -0.5967928 0.8023955 -8.22348e-4 -0.4714564 0.881889 2.07161e-4 -0.1314702 0.9913201 0 0.8350206 0.5502187 -0.009896695 0.8368962 0.5472722 -0.02146565 0.8223562 0.568568 -0.002598345 0.8505355 0.5259113 4.33875e-4 0.8633788 0.5045562 1.3082e-4 0.8664519 0.4992607 -0.005601644 0.9088661 0.4170504 0.003050029 0.9156319 0.4020062 -0.002765655 0.8983184 0.4393364 -0.009079158 0.8909572 0.4539964 -0.005748867 0.88708 0.4615802 -5.49511e-4 0.8755506 0.4831262 -0.01737755 0.9830837 0.1823314 -0.01301628 0.9372596 0.3483892 -0.01002258 0.9383592 0.3455166 -6.49661e-4 0.9284902 0.3713564 4.72702e-4 0.9190232 0.3942032 -3.95801e-4 0.9457498 0.3248958 3.41613e-4 0.9535087 0.3013654 -0.004844129 0.9569239 0.2902987 0.001728117 0.9606766 0.2776646 -0.003081679 0.9672772 0.2537033 -0.02492785 0.9730299 0.2293281 -0.02383828 0.973123 0.2290493 0.007084906 0.9785704 0.2057911 0 0.6326087 0.7744716 -8.33411e-5 0.6425229 0.7662665 -7.52111e-5 0.6424881 0.7662957 6.64534e-5 0.6610957 0.7503015 -0.0024513 0.6789995 0.7341347 -0.007639467 0.6962556 0.7177533 -0.01551383 0.712859 0.7011359 -0.01624912 0.7139839 0.6999735 -0.008203446 0.7305997 0.6827568 -0.002550184 0.7476543 0.6640833 1.31009e-4 0.7639529 0.6452721 -1.61908e-4 0.7795668 0.6263192 -0.001542627 0.7859343 0.6183083 1.39873e-6 0.794219 0.6076317 2.16765e-6 0.8350211 0.5502179 -0.04829478 0.7976872 0.6011346 -0.03739374 0.8067002 0.5897767 -0.001774787 0.5441402 0.8389924 -1.15789e-4 0.4382172 0.8988692 -0.002539694 0.4596683 0.8880871 -0.007183015 0.4805217 0.8769535 -0.004243314 0.4717553 0.8817194 -2.492e-4 0.5027679 0.8644214 1.7709e-4 0.5237581 0.8518671 -0.00608617 0.5638804 0.8258341 -0.01278156 0.5829968 0.812374 -0.009352922 0.5759401 0.8174386 -0.002383768 0.6040238 0.7969627 0 0.6230465 0.7821849 2.22971e-4 0.3713274 0.9285021 -0.001280426 0.3936701 0.9192509 -0.001690745 0.3961554 0.918182 -2.12793e-6 0.4151393 0.9097579 -2.58717e-6 0.4261367 0.9046589 -0.003970801 0.2547688 0.9669939 -8.82933e-4 0.231482 0.9728389 -0.009028315 0.277617 0.9606494 -0.01603651 0.2999584 0.9538175 -0.01091951 0.2873964 0.9577496 -0.003194272 0.3250483 0.945692 -4.14189e-4 0.3484537 0.937326 0 0.1995098 0.9798959 -2.39052e-4 0.194351 0.980932 2.44628e-4 0.2077214 0.978188 -0.003157675 0.08602637 0.996288 -0.007625997 0.1099358 0.9939095 -0.01394253 0.1334801 0.9909535 -0.008037626 0.1166284 0.9931432 -0.001646995 0.1592854 0.9872313 0 0.1822857 0.9832456 -2.44998e-4 -0.03309398 0.9994522 -0.002871334 -0.004313588 0.9999866 -0.007232487 0.01811134 0.9998099 -0.001710593 -0.005598545 0.999983 2.2495e-4 0.03729343 0.9993044 -5.29382e-4 0.06180328 0.9980883 -4.35635e-4 -0.1069667 0.9942626 -0.002884268 -0.08255833 0.9965821 -0.001676917 -0.0894429 0.9959906 0 -0.06043666 0.9981721 1.75136e-6 -0.04805839 0.9988446 -7.11246e-6 -0.2841376 0.9587836 -9.32103e-4 -0.2648051 0.9643016 -0.003847539 -0.2409381 0.970533 -0.008532404 -0.2170347 0.9761266 -0.01495409 -0.1931339 0.9810585 -0.008930623 -0.2106542 0.9775198 -0.002216875 -0.1682633 0.9857396 -6.69524e-4 -0.1498732 0.9887051 7.36951e-4 -0.4384047 0.8987774 -0.003054738 -0.4046594 0.9144624 -0.009370982 -0.3710734 0.9285564 -0.01299291 -0.3817842 0.9241603 -0.007043302 -0.3588847 0.9333554 -0.002855956 -0.3356689 0.9419758 -4.37872e-4 -0.3122245 0.9500083 3.93613e-6 -0.295988 0.9551917 -0.003647744 -0.4930673 0.8699836 -0.00118941 -0.4816023 0.8763891 1.44722e-6 -0.5093773 0.8605433 -2.17775e-4 -0.5767466 0.8169232 -0.002393007 -0.5562783 0.8309927 -0.002946257 -0.553403 0.8329085 -6.48541e-4 -0.5356049 0.8444685 0 -0.5199882 0.8541734 -0.009628236 -0.6541992 0.756261 -0.004566967 -0.6355469 0.7720489 -0.001305282 -0.6164062 0.7874273 -0.01646673 -0.6722866 0.7401078 -0.006276845 -0.6510215 0.7590335 -5.48867e-4 -0.6911735 0.7226887 -5.11653e-4 -0.8424912 0.5387099 0 -0.8411306 0.5408324 7.9215e-7 -0.8610041 0.5085981 1.59316e-4 -0.8196031 0.5729319 -0.0013749 -0.8051376 0.5930866 -0.008597671 -0.7732294 0.6340682 -0.01864314 -0.7892745 0.6137576 -0.01120221 -0.7743436 0.6326664 -0.005616903 -0.7588154 0.6512816 -0.001888632 -0.7427114 0.669609 -7.80407e-6 -0.7260596 0.6876319 5.43746e-6 -0.712382 0.7017919 1.33456e-6 -0.7124817 0.7016908 -3.72819e-6 -0.7037634 0.7104344 -0.002982974 -0.950982 -0.3092321 8.53607e-4 -0.9121285 -0.4099038 -0.001363813 -0.918757 -0.3948211 -0.002810657 -0.893446 0.4491618 0.006884813 -0.8835024 0.4683762 -0.007062256 -0.9393687 0.3428362 -7.89077e-6 -0.934136 0.3569176 3.5262e-6 -0.9643197 0.2647409 0.00238949 -0.9607775 0.27731 -0.007856309 -0.9864121 0.1641023 0.002996742 -0.9832882 0.1820317 -8.30524e-4 -0.9975897 0.06938523 5.79008e-6 -0.997223 0.07447326 -1.41389e-5 -0.9999279 -0.01201254 0.001020848 -0.9999551 -0.009423255 -0.001042008 -0.9909476 -0.1342451 1.86418e-5 -0.9913114 -0.1315367 -6.2052e-6 -0.9768802 -0.2137873 -5.93581e-5 -0.9767881 -0.214208 2.45543e-4 -0.9490065 -0.3152566 -0.005798757 -0.8749839 -0.4841176 0 -0.781686 -0.6236722 -0.001330196 -0.7960876 -0.60518 -0.004117012 -0.810212 -0.5861226 -0.008326947 -0.8236988 -0.5669665 -0.01396304 -0.8365472 -0.5477169 0.001196682 -0.8087309 -0.5881777 -3.17041e-4 -0.8510524 -0.5250808 -0.002304434 -0.8633387 -0.5046198 -0.01080447 -0.886007 -0.4635461 -0.01732468 -0.8963911 -0.4429254 -6.29441e-4 -0.8745407 -0.4849517 -6.05583e-7 -0.9039962 -0.4275405 0 -0.90912 -0.4165347 -0.5239887 0.8410737 0.1342796 -0.6363222 0.08327543 0.7669155 -0.4887307 -0.8654354 -0.1102908 -0.5549293 -0.8008223 -0.225249 -0.5630344 -0.795582 -0.2236998 -0.5625317 -0.7966407 -0.2211827 -0.5620588 -0.797621 -0.2188395 -0.563763 -0.7941308 -0.2269976 -0.5629263 -0.7954457 -0.2244552 -0.5538609 -0.8100721 -0.1924098 0.5360954 -0.7617033 -0.3638817 -0.2612502 -0.9371073 -0.2314699 -0.5487156 -0.8288222 -0.1093854 -0.1129152 -0.9860987 -0.1219004 -0.3432598 -0.9345581 -0.09366887 -0.539438 -0.8380893 -0.08132112 -0.488394 -0.8666961 0.101535 -0.51118 -0.8563189 0.07357317 -0.2800408 -0.9587402 0.04893207 -0.5111038 -0.8589814 0.03039985 -0.4696542 -0.8828428 0.00369054 -0.5143567 -0.8575744 0.001826405 -0.4542507 -0.8900412 -0.0385102 -0.5188581 -0.8304577 0.2027961 -0.4552826 -0.8716757 0.1813815 -0.01158207 -0.9852639 0.1706491 -0.1799362 -0.9701934 0.16232 -0.4935823 -0.8617532 0.1172949 -0.2872567 -0.9185211 0.2716663 -0.2571318 -0.9258714 0.2768492 -0.5388076 -0.8018269 0.2583798 -0.4571342 -0.8327569 0.312321 -0.5532323 -0.7852678 0.2780082 -0.5040477 -0.8000833 0.3252731 -0.5616587 -0.733772 0.382254 -0.5643817 -0.7266615 0.3917097 -0.5587177 -0.740208 0.3740679 -0.3167374 -0.8445841 0.4316889 -0.4487617 -0.8071696 0.3835235 -0.5751826 -0.7571093 0.3097589 -0.562026 -0.6932696 0.4511144 -0.5884134 -0.6895539 0.4222382 -0.6676815 -0.6493295 0.3641054 -0.5589682 -0.7232332 0.4055717 -0.5619501 -0.7342903 0.380828 -0.5621404 -0.7327408 0.3835221 -0.6001479 -0.6627747 0.4478306 -0.6870437 -0.5994539 0.4106411 -0.7273464 -0.5669107 0.3867552 -0.6565093 -0.6081305 0.4462879 -0.5852877 -0.6339431 0.5055239 -0.5882295 -0.6186745 0.5207955 -0.669752 -0.5619287 0.485457 -0.6678318 -0.5632314 0.4865913 -0.5955014 -0.5852377 0.550341 -0.6068868 -0.5644412 0.5595486 -0.6955309 -0.503404 0.5126609 -0.8112229 -0.4095658 0.4173409 -0.7569532 -0.4554374 0.4686135 -0.6367195 -0.5031295 0.5843364 -0.6079643 -0.4993543 0.617272 -0.6574017 -0.4618282 0.5954308 -0.7583833 -0.3933419 0.519747 -0.7807458 -0.376852 0.4984161 -0.6877858 -0.414215 0.5961348 -0.6227482 -0.4234208 0.6579511 -0.6434696 -0.3500393 0.6807491 -0.7878805 -0.3056082 0.5346477 -0.7186805 -0.34983 0.6009305 -0.637449 -0.4000201 0.6585156 -0.6308618 -0.2343645 0.7396531 -0.6737733 -0.2004568 0.711229 -0.7613237 -0.1573607 0.6289865 -0.6337097 -0.3216358 0.7035357 -0.7140492 -0.2732516 0.6445676 -0.8171849 -0.2121408 0.5359152 -0.7941082 -0.2201567 0.5665009 -0.6818058 -0.2420459 0.6903294 -0.7351263 -0.07370132 0.6739122 -0.8197763 -0.0385847 0.5713826 -0.7274515 -0.1630752 0.666499 -0.6434977 -0.1627241 0.7479516 -0.6468638 -0.1396249 0.7497147 -0.6436809 -0.1395412 0.7524648 -0.647036 -0.115591 0.7536466 -0.8086019 -0.03975766 0.5870113 -0.7153729 -0.04465812 0.6973144 -0.6386935 -0.03508532 0.768661 -0.6498669 -0.01000964 0.7599822 -0.7405222 0.02571952 0.6715396 -0.8202646 0.05061149 0.5697407 -0.7721992 0.05138063 0.6332998 -0.6452429 0.0628854 0.7613849 -0.6615506 0.1022551 0.7428962 -0.7599377 0.1293415 0.6369974 -0.8015041 0.1368634 0.5821165 -0.7202635 0.1484791 0.6776242 -0.6360195 0.1673316 0.7533123 -0.6090507 0.2738982 0.7443367 -0.6351453 0.2927562 0.7147617 -0.6608409 0.2961735 0.6896163 -0.6244083 0.1888827 0.7579168 -0.6897488 0.210045 0.6929125 -0.7793124 0.2211582 0.5863115 -0.7578823 0.2260361 0.6119821 -0.6580262 0.2515937 0.7097198 -0.5833165 0.4456437 0.6790755 -0.6600094 0.3814912 0.647188 -0.7372422 0.3765459 0.56097 -0.7159604 0.3851727 0.5822739 -0.6278524 0.4208988 0.6547103 -0.6106762 0.3141901 0.7268832 -0.6115303 0.3336374 0.7174378 -0.6459302 0.3393607 0.6838191 -0.6083099 0.3529816 0.710889 -0.6016614 0.3723452 0.706656 -0.602239 0.4585837 0.6534594 -0.6728845 0.4558722 0.5825866 -0.7134298 0.4477681 0.5390007 -0.6551539 0.475279 0.5872676 -0.5862975 0.5086053 0.6305364 -0.5696818 0.5274856 0.6302554 -0.6109776 0.5301682 0.5879015 -0.6774697 0.5165578 0.5236439 -0.6601268 0.525623 0.5366128 -0.5860531 0.5645716 0.5812063 -0.5555552 0.5871918 0.5886971 -0.581409 0.5914747 0.5586783 -0.6495897 0.5751599 0.4972165 -0.6699628 0.5675224 0.4786106 -0.6041404 0.6059913 0.5174832 -0.5513076 0.6379173 0.5377001 -0.5494422 0.6499266 0.5250798 -0.5977956 0.6401013 0.4826083 -0.6523954 0.6184747 0.4380288 -0.6237807 0.6367731 0.4532304 -0.5576933 0.6779176 0.4789633 -0.5331084 0.69836 0.4775865 -0.5607784 0.6952986 0.4495414 -0.6262001 0.6686196 0.4010254 -0.6372489 0.6628251 0.3931626 -0.571628 0.7070146 0.4163794 -0.5287367 0.7367104 0.4215393 -0.5329362 0.7398357 0.4106365 -0.5242201 0.747136 0.4086334 -0.552791 0.7403269 0.382542 -0.6174335 0.7086385 0.3414782 -0.6248896 0.7041882 0.3370937 -0.5597904 0.7505264 0.3512051 -0.5210062 0.7785962 0.3497723 -0.531584 0.7794868 0.3313893 -0.5857658 0.7528676 0.3001148 -0.6205159 0.7313401 0.2830227 -0.5756477 0.7648338 0.2892389 -0.5251289 0.8009566 0.2875908 -0.5199229 0.8093114 0.2733047 -0.5427475 0.7984002 0.2607343 -0.5197107 0.8279747 0.2106151 -0.5121098 0.8331285 0.2089031 -0.5357184 0.8140949 0.2241771 -0.5570537 0.799166 0.2258872 -0.5234249 0.8171221 0.2415328 -0.5202453 0.8142204 0.2576628 -0.5242584 0.8290866 0.1943414 -0.5738114 0.8001179 0.1747913 -0.6184691 0.7687164 0.1630069 -0.5234794 0.8410972 0.1361059 -0.5231444 0.8413305 0.1359528 -0.5306933 0.8348076 0.1464956 -0.584472 0.7955804 0.1595129 -0.5661894 -0.7713253 -0.2906667 -0.5895362 -0.7643953 -0.2610499 -0.6512032 -0.7284078 -0.2129706 -0.6365207 -0.7394998 -0.2190468 -0.5727638 -0.7849239 -0.2362967 -0.6079114 -0.7412672 -0.2845466 -0.6224833 -0.7314818 -0.2782966 -0.5772933 -0.7512323 -0.3199726 -0.5945723 -0.7342502 -0.3276592 -0.6374226 -0.7057583 -0.3091887 -0.5971154 -0.7245486 -0.344213 -0.6178582 -0.6763141 -0.4010619 -0.6613902 -0.6604821 -0.3554244 -0.7271155 -0.6209787 -0.2927263 -0.6687718 -0.6654413 -0.3315604 -0.5932531 -0.7174388 -0.3651471 -0.8962717 -0.4100649 0.1689491 -0.6948631 -0.6448232 0.318384 -0.6949238 -0.6437974 0.3203216 -0.695013 -0.6433346 0.3210569 -0.8976573 -0.3973731 0.1905417 -0.9309118 0.3486512 0.1088383 -0.8975256 0.42412 0.1207072 -0.59 0.7962322 0.1338452 -0.653025 0.7329508 0.1906344 -0.6538589 0.7395352 0.1598631 -0.6527163 0.7403546 0.1607377 -0.5442879 0.6042798 0.5818906 -0.7128418 0.6889694 0.1310635 -0.7289627 0.3779568 0.5707558 -0.71557 0.4469683 0.536823 -0.7139341 0.4463523 0.539507 -0.7018514 0.5057929 0.5015757 -0.6999945 0.5053362 0.5046218 -0.6890633 0.5575522 0.4629552 -0.6868802 0.5574779 0.4662769 -0.6774052 0.6037597 0.4202339 -0.6752657 0.6040253 0.4232844 -0.6677706 0.6430629 0.3749035 -0.6658415 0.6435847 0.3774308 -0.6630232 0.6626524 0.3482702 -0.6628624 0.6621339 0.34956 -0.6597273 0.6795766 0.3208355 -0.6580929 0.6802562 0.3227466 -0.6552521 0.7051603 0.2709125 -0.6538705 0.7058857 0.2723578 -0.6536386 0.7196446 0.2342401 -0.6622154 0.7169067 0.2179809 -0.6525834 0.7285447 0.2082253 -0.6532084 0.7330027 0.189805 -0.7669998 0.2822452 0.576237 -0.7403672 0.3240155 0.5889571 -0.7300903 0.3785948 0.5688885 -0.7440716 0.3034292 0.5952212 -0.7566642 0.2235875 0.6143844 -0.7562505 0.223195 0.6150361 -0.7677595 0.1377085 0.6257652 -0.7662836 0.1361351 0.6279147 -0.7759343 0.047136 0.6290501 -0.7732969 0.04408079 0.63251 -0.7804813 -0.04483717 0.6235693 -0.957255 -0.09892475 0.2718032 -0.9561752 -0.04730534 0.2889484 -0.9585325 -0.03970181 0.2822046 -0.9557377 0.01479411 0.2938482 -0.9570946 0.01913201 0.2891438 -0.9524517 0.07649075 0.2949321 -0.9529672 0.07798182 0.2928696 -0.9466659 0.1359894 0.2921141 -0.9463984 0.1353014 0.293298 -0.938843 0.1914179 0.2862395 -0.9378608 0.1893769 0.290781 -0.929527 0.2421995 0.278063 -0.927918 0.2396671 0.2855311 -0.919238 0.2883962 0.26801 -0.9169582 0.2863411 0.2778423 -0.9085409 0.3298436 0.2564309 -0.9057551 0.3287125 0.2674992 -0.898404 0.3649036 0.2443681 -0.8954717 0.364625 0.255302 -0.8891742 0.3948774 0.2311736 -0.8857438 0.3960278 0.2421156 -0.8806217 0.4211578 0.2170979 -0.877203 0.4232308 0.2266954 -0.8734515 0.4428875 0.2023196 -0.8703344 0.4454694 0.2099409 -0.868804 0.4552236 0.1948103 -0.8687226 0.4538636 0.198316 -0.8672742 0.4623449 0.1845883 -0.8647927 0.4648896 0.1897667 -0.8636007 0.4753834 0.1679425 -0.8618404 0.477441 0.171118 -0.8616044 0.4847891 0.1503916 -0.8606233 0.4860586 0.1519035 -0.861018 0.4888597 0.1402302 -0.8609453 0.4888196 0.1408149 -0.8612775 0.491307 0.1296867 -0.8611772 0.4914489 0.1298146 -0.862186 0.4929571 0.116742 -0.7839304 0.4747388 0.4000952 -0.9461084 -0.160373 0.2813529 -0.9529075 -0.1640079 0.255086 -0.9536629 -0.1101247 0.2799994 -0.9487752 -0.1813826 0.2587005 -0.9484073 -0.1914428 0.2527319 -0.9426028 -0.2192289 0.2518703 -0.9423161 -0.2189452 0.2531865 -0.9406436 -0.2494693 0.2301191 -0.9325583 -0.2716823 0.2377471 -0.9311321 -0.292107 0.2183268 -0.9227204 -0.3171426 0.2191069 -0.9208518 -0.335348 0.1989321 -0.9075976 -0.3665696 0.204679 -0.904501 -0.3903716 0.1717213 -0.6970045 -0.6250456 0.3514295 -0.7025871 -0.6230663 0.3437439 -0.7077937 -0.581525 0.4010695 -0.7213128 -0.5657717 0.3995127 -0.7254276 -0.5267642 0.4430285 -0.7362393 -0.510744 0.4439509 -0.7392259 -0.4673436 0.4849073 -0.7511884 -0.4521976 0.4808674 -0.7545269 -0.3931169 0.5254983 -0.7624762 -0.3827851 0.5216375 -0.764961 -0.3179204 0.5601441 -0.7710565 -0.3097297 0.5563628 -0.7718023 -0.2333067 0.5915142 -0.777992 -0.2252199 0.5865191 -0.7768121 -0.1520437 0.6111021 -0.7885081 -0.1330085 0.6004697 -0.7803029 -0.1052512 0.6164818 -0.7767878 -0.04953509 0.6278113 -0.8962731 -0.4103043 0.1683599 -0.8906079 -0.4547713 8.39351e-4 -0.881829 -0.4712288 0.01791679 -0.8842143 -0.4670592 0.004576861 -0.6909328 -0.7101517 -0.1352644 -0.8692873 -0.4778069 0.1266502 -0.8695504 -0.4741166 0.1381875 -0.8603589 -0.4952949 0.1202732 -0.8604506 -0.4935461 0.1266373 -0.853895 -0.5080085 0.1130964 -0.8539015 -0.5073621 0.1159147 -0.849263 -0.5172997 0.1056097 -0.8492666 -0.5173004 0.1055787 -0.8461224 -0.523899 0.09801542 -0.8462105 -0.5242378 0.09540754 -0.8442962 -0.5281963 0.09040302 -0.8447579 -0.5291172 0.08012002 -0.8440016 -0.5304785 0.07908195 -0.8452159 -0.5305296 0.06440985 -0.8462241 -0.5284665 0.06802839 -0.8476513 -0.5278609 0.0533871 -0.8495179 -0.5240253 0.06096756 -0.8517115 -0.522361 0.04155194 -0.8544504 -0.516686 0.05431592 -0.8577535 -0.5132874 0.02819699 -0.8614925 -0.5054588 0.04839694 -0.8664879 -0.4990622 0.01164358 -0.8715501 -0.4883245 0.04404258 -0.8778147 -0.4789999 6.81426e-4 -0.876855 -0.479938 0.0280199 -0.8798311 -0.474817 0.02112126 -0.8811933 -0.4725915 0.01247435 -0.6750331 -0.7262987 -0.1296941 -0.6684802 -0.7379406 -0.09261697 -0.665631 -0.7392813 -0.1019731 -0.6605633 -0.7474585 -0.07044172 -0.6572141 -0.7493625 -0.08078104 -0.6522927 -0.7564749 -0.04754173 -0.6476633 -0.7594909 -0.06087648 -0.6427477 -0.765654 -0.02548712 -0.639724 -0.767874 -0.03350931 -0.6358384 -0.7718159 -0.003157734 -0.6339406 -0.7733426 -0.007790505 -0.6308442 -0.7756683 0.01934832 -0.629881 -0.7765024 0.01714694 -0.6274263 -0.7775427 0.04199582 -0.6272642 -0.7776909 0.04167056 -0.6243185 -0.7774437 0.07620906 -0.6264479 -0.7755391 0.07811725 -0.6250521 -0.7727125 0.1105688 -0.627299 -0.7703364 0.1143583 -0.6267292 -0.7677125 0.133522 -0.6299313 -0.7641898 0.1385658 -0.6296986 -0.7609104 0.156509 -0.6340456 -0.7559388 0.1629192 -0.6340602 -0.752151 0.1795457 -0.6398697 -0.7452318 0.1876069 -0.6400721 -0.7411078 0.2026496 -0.6478723 -0.7313699 0.2129782 -0.6481621 -0.7272154 0.2259287 -0.6590933 -0.71276 0.2399361 -0.6592921 -0.7097697 0.2481148 -0.6659968 -0.7004563 0.2565332 -0.6666035 -0.6943061 0.2712545 -0.6748335 -0.682594 0.2804734 -0.6752784 -0.6789879 0.288053 -0.6809257 -0.667709 0.3008406 -0.6814059 -0.6637345 0.308452 -0.6948829 -0.6437621 0.3204812 -0.6948934 -0.6491267 0.3094477 -0.6950862 -0.6424469 0.3226721 -0.8964831 -0.4073811 0.174238 -0.8960829 -0.4103354 0.1692934 -0.8909749 -0.4240509 0.1623102 -0.8909832 -0.4239718 0.1624714 -0.8887366 -0.4315221 0.1547125 -0.8887239 -0.4316262 0.154495 -0.885627 -0.4398259 0.1490577 -0.8854802 -0.441308 0.1455072 -0.8829051 -0.4481731 0.14007 -0.8828544 -0.4383262 0.1686371 -0.882667 -0.4448632 0.151644 -0.8901374 -0.4556825 0.003007173 -0.6975724 -0.6972177 -0.1651678 -0.6925454 -0.7071102 -0.1427448 -0.6938676 -0.7044748 -0.1492079 -0.1524863 -0.9156245 -0.3719945 -0.4297221 -0.8666427 -0.2535141 -0.4343121 -0.8578539 -0.2746996 -0.4328374 -0.8602063 -0.2696239 -0.5104094 0.8490903 0.1361174 -0.4343786 -0.778971 0.4522382 -0.4845899 0.8627204 0.1445205 -0.4710816 0.8632583 0.1812936 -0.4622666 0.872554 0.1579855 -0.4530074 0.8750902 0.1702988 -0.4507039 0.8744493 0.1794564 -0.2178468 0.9619917 0.1646658 -0.2324299 0.9544399 0.1871389 -0.1852504 0.9609297 0.2056614 -0.188468 0.9595806 0.2090099 -0.1730069 0.9573934 0.2312284 -0.1363627 0.9594004 0.2468932 -0.1397957 0.9570388 0.2540355 -0.1368532 0.9561907 0.2587864 -0.1365842 0.9512706 0.2764583 -0.1368545 0.9512979 0.2762302 -0.1367235 0.9445097 0.2986773 -0.1367999 0.9445202 0.2986093 -0.1368854 0.937227 0.3207306 -0.1368178 0.9372038 0.3208271 -0.1371073 0.9294193 0.3426095 -0.1368654 0.9293614 0.3428634 -0.1373646 0.9210944 0.3643023 -0.1369168 0.9209966 0.3647179 -0.1376506 0.912259 0.3857926 -0.1370632 0.9121069 0.3863608 -0.1379598 0.9029156 0.4070755 -0.1372286 0.9027005 0.4077992 -0.1383228 0.8930769 0.4281127 -0.1374409 0.8927836 0.4290078 -0.1387348 0.8827303 0.448932 -0.1376891 0.8823627 0.4499754 -0.1391509 0.8719006 0.4694958 -0.1379879 0.8714419 0.4706892 -0.1396135 0.860583 0.4898011 -0.1383395 0.8600311 0.4911302 -0.1401171 0.8487844 0.5098356 -0.138731 0.8481307 0.5113005 -0.1406751 0.8365135 0.5295807 -0.1391375 0.8357503 0.5311896 -0.1412264 0.8237752 0.5490442 -0.1396059 0.8228961 0.5507741 -0.1418407 0.8105761 0.5681968 -0.1401029 0.809572 0.5700565 -0.142473 0.7969081 0.5870596 -0.1406373 0.7957976 0.5890054 -0.1431272 0.7828012 0.6055882 -0.1412358 0.7815567 0.6076362 -0.1438424 0.7682539 0.6237751 -0.14186 0.7668796 0.6259165 -0.1445541 0.7532587 0.6416428 -0.1425317 0.7517608 0.6438481 -0.1453531 0.7378251 0.659156 -0.1431823 0.7361997 0.6614445 -0.1461287 0.7219824 0.6763046 -0.143943 0.7202085 0.6786607 -0.1469464 0.7057095 0.6930952 -0.1446929 0.7038028 0.6955039 -0.1477922 0.6890271 0.7095062 -0.1454964 0.6869876 0.7119542 -0.1486627 0.6719289 0.725542 -0.1463066 0.6697611 0.728021 -0.1495279 0.6544503 0.7411722 -0.1471573 0.6521354 0.7436828 -0.1504138 0.6365554 0.7564212 -0.1480373 0.6341212 0.7589305 -0.1513528 0.6182764 0.7712501 -0.1610257 0.4155223 0.8952162 -0.1575171 0.4339074 0.8870811 -0.1600632 0.4373248 0.8849446 -0.1565372 0.4554589 0.8763865 -0.1590763 0.458818 0.8741743 -0.1555389 0.4766956 0.8651989 -0.158108 0.4799699 0.8629199 -0.1545938 0.4975861 0.8535274 -0.1571368 0.5007975 0.8511816 -0.1535845 0.5181677 0.8413762 -0.1561354 0.5212689 0.8389878 -0.1526051 0.5383847 0.8287665 -0.1551855 0.5414074 0.8263143 -0.1517092 0.5582633 0.8156754 -0.1541787 0.5611715 0.8132131 -0.1507458 0.5777766 0.8021533 -0.1532318 0.5805789 0.7996551 -0.1513391 0.5898185 0.7932281 -0.1521036 0.5996127 0.785703 -0.1523507 0.5993763 0.7858355 -0.1489418 0.615713 0.7737661 -0.1698427 0.1819062 0.9685369 -0.1667801 0.2029286 0.9648858 -0.1690762 0.2063392 0.9637621 -0.1659426 0.2270929 0.9596312 -0.1682809 0.2305802 0.9583916 -0.1651151 0.2510944 0.9537761 -0.1674392 0.2545943 0.9524421 -0.1642102 0.2748452 0.9473623 -0.1666049 0.2783995 0.9459052 -0.1632733 0.2983951 0.9403734 -0.165729 0.3019447 0.9388095 -0.1623552 0.3216706 0.9328285 -0.1647943 0.3252387 0.931162 -0.1613987 0.3446834 0.9247398 -0.1638737 0.3482377 0.9229713 -0.160435 0.3674228 0.916112 -0.1629443 0.370969 0.9142381 -0.1606341 0.3836392 0.9094052 -0.1628294 0.3934676 0.9048038 -0.1616947 0.3949292 0.9043705 -0.1584969 0.4120504 0.8972699 -0.1752458 0.1503374 0.9729787 -0.1699271 0.1621537 0.9720242 -0.1675981 0.1785387 0.9695539 -0.1679134 0.1570199 0.9732163 -0.1712164 0.1324895 0.9762845 -0.1690554 0.1292793 0.9770912 -0.171857 0.1075619 0.9792321 -0.1697285 0.1044321 0.979942 -0.1724362 0.08247822 0.9815616 -0.1703487 0.07946521 0.9821745 -0.1729174 0.05729889 0.9832683 -0.1709829 0.05437904 0.9837723 -0.1727329 0.03831011 0.9842235 -0.1719157 0.03558564 0.9844688 -0.1741134 0.0148772 0.9846132 -0.1715055 0.01209217 0.985109 -0.1741501 -0.0150789 0.9846038 -0.1723729 -0.01764178 0.9848738 -0.1744767 -0.04053771 0.9838265 -0.1727748 -0.04295617 0.9840243 -0.174736 -0.0660144 0.9824 -0.1776257 -0.09602922 0.9794016 -0.1743096 -0.08359348 0.9811363 -0.173112 -0.06828624 0.9825322 -0.1732386 -0.09163761 0.9806075 -0.1750686 -0.1169489 0.9775858 -0.1736194 -0.1189224 0.9776061 -0.1747491 -0.13604 0.9751697 -0.1740819 -0.1378336 0.9750372 -0.175152 -0.1550414 0.9722572 -0.1738466 -0.156763 0.9722154 -0.1751018 -0.1803381 0.9678934 -0.1739359 -0.1819017 0.9678111 -0.1750128 -0.2055191 0.9628772 -0.1739767 -0.2069241 0.962764 -0.1748933 -0.2305891 0.9572049 -0.1739139 -0.2318155 0.957087 -0.1747033 -0.2554787 0.9508993 -0.1737946 -0.2565601 0.9507747 -0.1744078 -0.2802133 0.943961 -0.173624 -0.2811468 0.9438281 -0.1740571 -0.3047643 0.9363883 -0.1779575 -0.3341466 0.9255686 -0.173607 -0.3223676 0.9305589 -0.1734142 -0.3055325 0.9362571 -0.1731529 -0.3291268 0.9282745 -0.1732142 -0.3531945 0.9193752 -0.1727951 -0.3536685 0.9192718 -0.172706 -0.3770452 0.9099503 -0.1724154 -0.3773654 0.9098727 -0.1721127 -0.4006276 0.8999305 -0.1719284 -0.4008261 0.8998773 -0.1711865 -0.43545 0.8837866 -0.171212 -0.4354416 0.8837856 -0.1700198 -0.4696998 0.8662998 -0.1703832 -0.4693249 0.8664317 -0.1695021 -0.4912642 0.8543585 -0.1698356 -0.4909319 0.8544834 -0.1688945 -0.5126447 0.8418254 -0.1691576 -0.5123609 0.8419454 -0.1680964 -0.5338954 0.8286733 -0.1678944 -0.5552519 0.8145594 -0.1678249 -0.5449432 0.8215058 -0.1684084 -0.5336273 0.8287826 -0.1675958 -0.5549589 0.8148205 -0.1663793 -0.575481 0.8007119 -0.1668601 -0.5750274 0.8009377 -0.1655544 -0.5954157 0.7861756 -0.16602 -0.5949991 0.7863927 -0.1646355 -0.6150326 0.7711226 -0.165071 -0.614651 0.7713338 -0.1636142 -0.6342934 0.7555809 -0.1639905 -0.6339631 0.7557764 -0.1624738 -0.6532174 0.7395331 -0.1627704 -0.6529592 0.739696 -0.1611401 -0.671879 0.7229194 -0.1614686 -0.6716003 0.7231051 -0.1597016 -0.6901223 0.7058517 -0.1600855 -0.6898388 0.7060419 -0.158216 -0.7079665 0.6882959 -0.4506614 0.8716336 0.192767 -0.4245322 0.893312 0.1475339 -0.4006167 0.8963879 0.1897236 -0.4022747 0.9003189 0.1661354 -0.4011616 0.9006186 0.1671996 -0.400251 0.8975852 0.1847702 -0.4008407 0.8974411 0.1841911 -0.399997 0.8936791 0.2033226 -0.4005102 0.893567 0.2028042 -0.3998752 0.8893318 0.2217857 -0.4002894 0.8892576 0.2213354 -0.3998305 0.884572 0.2401415 -0.4001767 0.8845134 0.2397802 -0.399899 0.8793783 0.2584078 -0.400192 0.8793332 0.2581074 -0.4000722 0.8737615 0.2765558 -0.4002771 0.8737352 0.2763423 -0.400339 0.8677279 0.2945793 -0.4004996 0.8677025 0.2944361 -0.4007183 0.8612692 0.3124744 -0.4008064 0.8612534 0.3124051 -0.4012103 0.8543837 0.3302404 -0.4012045 0.8543884 0.3302354 -0.4017965 0.8470951 0.3478357 -0.4017441 0.8470868 0.3479163 -0.4025123 0.8393742 0.3652876 -0.402373 0.8393757 0.3654373 -0.4032987 0.831256 0.3825752 -0.4031306 0.8312381 0.3827912 -0.4042239 0.8227105 0.3996882 -0.4039929 0.8226829 0.3999785 -0.4052219 0.8137772 0.4166077 -0.4049555 0.8137245 0.4169694 -0.406341 0.804417 0.4333593 -0.4060216 0.8043602 0.4337641 -0.4075618 0.7946618 0.4498955 -0.4072113 0.794566 0.4503818 -0.4088827 0.7845008 0.4662333 -0.4084751 0.7843871 0.4667816 -0.4103078 0.7739343 0.4823622 -0.4098797 0.773791 0.4829559 -0.4118286 0.762963 0.4982817 -0.411357 0.7627938 0.49893 -0.4134489 0.7515861 0.513983 -0.4129512 0.7513747 0.5146915 -0.4151794 0.7398225 0.5294231 -0.4146239 0.7395837 0.5301916 -0.4169661 0.7276632 0.5446517 -0.4164101 0.7273797 0.5454552 -0.4188632 0.7151024 0.5596268 -0.4182989 0.7147678 0.5604757 -0.4208431 0.7021378 0.5743637 -0.420253 0.7017695 0.5752452 -0.422913 0.6887793 0.588836 -0.422259 0.6883779 0.5897739 -0.4250611 0.6750202 0.6030513 -0.4243926 0.6745791 0.604015 -0.4272757 0.6608649 0.6170033 -0.4265926 0.6603846 0.6179895 -0.4295506 0.6463361 0.630663 -0.4288638 0.6457858 0.6316934 -0.4318814 0.6314195 0.6440403 -0.4312141 0.6308141 0.6450799 -0.4342914 0.6161095 0.657115 -0.4335883 0.6154477 0.6581986 -0.4367541 0.6003823 0.6699156 -0.4359977 0.5996857 0.6710315 -0.4392445 0.5842876 0.6824019 -0.4384815 0.5835321 0.6835381 -0.441775 0.567804 0.6945745 -0.4410035 0.5669981 0.695722 -0.4443455 0.5509501 0.7064073 -0.443533 0.5500779 0.7075966 -0.4469178 0.5336883 0.7179425 -0.4461027 0.5327789 0.7191238 -0.4495279 0.5160409 0.7291273 -0.4487334 0.5150622 0.7303077 -0.452152 0.4980305 0.7399488 -0.4513209 0.4969925 0.7411531 -0.4548155 0.4796044 0.750415 -0.4539559 0.4785247 0.7516238 -0.4574575 0.4608111 0.7605168 -0.4565934 0.4596718 0.7617246 -0.460094 0.4416417 0.7702378 -0.4592139 0.440449 0.771445 -0.4627395 0.4220672 0.7795713 -0.4618598 0.4208431 0.780754 -0.4653706 0.4021393 0.7884886 -0.4644587 0.4008538 0.7896801 -0.4679537 0.381842 0.7970045 -0.4670428 0.3805073 0.7981762 -0.4705144 0.3611658 0.8050935 -0.4696156 0.3597801 0.8062378 -0.4730628 0.3401311 0.8127255 -0.472114 0.3387131 0.8138685 -0.4755254 0.3187292 0.8199313 -0.4746033 0.3172692 0.8210312 -0.4779712 0.2969685 0.8266519 -0.477019 0.2954772 0.8277354 -0.4803404 0.274891 0.8328914 -0.4793879 0.2733446 0.8339484 -0.4826232 0.2525376 0.8386297 -0.4816584 0.250941 0.839663 -0.4848153 0.2298794 0.8438658 -0.483819 0.2282434 0.8448812 -0.4869083 0.2069444 0.8485838 -0.4859083 0.2052826 0.84956 -0.48891 0.1837698 0.8527577 -0.4878892 0.1820682 0.8537068 -0.4907863 0.1603323 0.856401 -0.4897385 0.1585933 0.857324 -0.4925686 0.1366805 0.8594734 -0.4914874 0.1349221 0.8603698 -0.4941892 0.1128311 0.8620014 -0.4931313 0.1110257 0.8628411 -0.4957069 0.08878564 0.8639398 -0.4946306 0.0869643 0.8647415 -0.4964357 0.07062131 0.8651961 -0.4960034 0.06886142 0.8655859 -0.4981668 0.04809892 0.8657462 -0.4965927 0.04622286 0.8667521 -0.4992878 0.01928329 0.8662217 -0.4981577 0.01741898 0.8669115 -0.5002392 -0.005331575 0.8658708 -0.4991288 -0.007177293 0.8664982 -0.5010622 -0.02997779 0.8648919 -0.4999499 -0.03184294 0.8654688 -0.5017427 -0.05471301 0.8632848 -0.5006006 -0.05656206 0.8638286 -0.5022395 -0.07950073 0.8610663 -0.5010953 -0.08133453 0.8615615 -0.5022004 -0.09812444 0.8591662 -0.5016974 -0.09984725 0.8592616 -0.5026697 -0.1166386 0.8565738 -0.5015489 -0.1184581 0.856981 -0.5027732 -0.1413308 0.8527864 -0.5016423 -0.1431493 0.8531492 -0.5026969 -0.1659597 0.8483828 -0.5015609 -0.1677474 0.8487035 -0.5024221 -0.1904935 0.8433767 -0.5013219 -0.1922501 0.8436328 -0.5020281 -0.2148743 0.8377332 -0.5009076 -0.2166017 0.837959 -0.5014602 -0.2391106 0.831483 -0.5003603 -0.2408033 0.8316571 -0.500749 -0.2631497 0.8246228 -0.4996134 -0.2648345 0.8247722 -0.4998307 -0.2870138 0.8171856 -0.4987288 -0.2886596 0.8172792 -0.4987788 -0.3106548 0.8091437 -0.4976656 -0.3122651 0.8092092 -0.4975745 -0.3340489 0.8005192 -0.4964391 -0.3356434 0.8005572 -0.4962036 -0.3571708 0.791335 -0.4950597 -0.3587392 0.791342 -0.4943229 -0.391219 0.7762685 -0.4921246 -0.3929752 0.7767778 -0.4911004 -0.424988 0.7603985 -0.4905811 -0.4256965 0.7603372 -0.4898049 -0.4446812 0.7498999 -0.4890442 -0.4456972 0.7497932 -0.4882124 -0.4645472 0.7388131 -0.487146 -0.4659411 0.7386391 -0.4862319 -0.4847002 0.7270793 -0.484973 -0.4863341 0.7268291 -0.4839766 -0.5050398 0.7146338 -0.4828327 -0.5064719 0.7143941 -0.4817379 -0.5244404 0.7020619 -0.4807053 -0.5257201 0.7018125 -0.479609 -0.5430012 0.6892931 -0.4783757 -0.5445089 0.6889606 -0.4772367 -0.5614456 0.6760355 -0.4757627 -0.5631992 0.6756157 -0.4745853 -0.5797007 0.6623564 -0.472801 -0.5817791 0.66181 -0.4715183 -0.5979331 0.6481872 -0.4694345 -0.6003357 0.6474785 -0.4680827 -0.6162232 0.6333779 -0.4657869 -0.6187926 0.6325649 -0.4643106 -0.6342781 0.6181481 -0.4619415 -0.6368834 0.6172435 -0.4603577 -0.6520463 0.6024171 -0.45797 -0.6546027 0.601464 -0.456312 -0.6694932 0.5861385 -0.4541838 -0.6716962 0.5852703 -0.4524289 -0.6860808 0.5697379 -0.4506152 -0.6879215 0.5689553 -0.4488428 -0.7018364 0.5531419 -0.4473218 -0.703343 0.5524599 -0.4455205 -0.7168614 0.5363034 -0.4443905 -0.7179561 0.5357762 -0.4425645 -0.7309954 0.5194059 -0.441762 -0.7317469 0.5190307 -0.4399853 -0.7442994 0.5024256 -0.439473 -0.7447603 0.502191 -0.4377467 -0.756861 0.4853239 -0.4375103 -0.7570779 0.4851987 -0.4341294 -0.7790167 0.452399 -0.1506631 -0.8425284 0.5171524 -0.1473251 -0.8421794 0.5186805 -0.1511385 -0.8167263 0.5568801 -0.1497756 -0.8175726 0.5560058 -0.1519046 -0.8028457 0.5765102 -0.1505903 -0.8036751 0.5756987 -0.1527726 -0.7884066 0.5958824 -0.1515403 -0.7892087 0.5951347 -0.1537308 -0.7734051 0.6149891 -0.1525975 -0.7741586 0.6143229 -0.1547954 -0.7578152 0.6338412 -0.1538531 -0.7584666 0.6332913 -0.1560142 -0.7416633 0.6523766 -0.1552137 -0.7422375 0.6519144 -0.156547 -0.7313172 0.6638284 -0.1592801 -0.7252492 0.6698086 -0.1569516 -0.7228352 0.6729603 -0.1586446 -0.7076388 0.6885341 -0.1480855 -0.8616221 0.485467 -0.4280435 -0.8194175 0.3812267 -0.3120759 -0.8457594 0.4327814 -0.1345608 -0.9495066 -0.283427 -0.4043267 -0.8893566 -0.213459 -0.4203234 -0.8825124 -0.2109504 -0.400721 -0.8446587 0.3549289 -0.3984089 -0.859563 0.320034 -0.2848343 -0.9129264 0.2922924 -0.3803589 -0.8877753 0.2591957 -0.3782538 -0.9124091 0.1563127 -0.1794329 -0.8865833 0.4263496 -0.140184 -0.8877508 0.4384599 -0.1325522 -0.9367744 0.3238576 -0.2180747 -0.9284316 0.3007626 -0.1298103 -0.9596781 0.2493339 -0.1279989 -0.9779706 0.1648935 -0.1238964 -0.9785889 0.1643573 -0.3520827 -0.9218825 0.161773 -0.3736839 -0.921907 0.1022146 -0.3758705 -0.9259597 0.03633457 -0.2293822 -0.9722523 0.04592829 -0.3756729 -0.926715 -0.008329093 -0.3841083 -0.9190592 -0.0882672 -0.2836173 -0.9543803 -0.09337919 -0.3918672 -0.9097458 -0.1371234 -0.1471419 -0.9478611 -0.2826809 -0.1326498 -0.9712714 -0.1975753 -0.2024531 -0.9716629 -0.1219996 -0.135677 -0.98332 -0.1211348 -0.1197052 -0.992653 0.01763057 -0.304586 -0.9524642 0.006271243 -0.1285035 -0.9894205 0.06733435 -0.1506851 -0.8419885 0.5180246 -0.4300307 -0.8106896 0.3973109 -0.4324477 -0.7935553 0.4280877 0.7071067 0.7071068 0 0.7071064 0.7071072 6.30547e-7 0.707107 0.7071067 -7.78121e-7 0.7071061 0.7071075 0 0.7071165 0.7070972 -7.29953e-7 0.7071039 0.7071098 3.52434e-7 0.707107 0.7071067 1.29445e-7 0.707109 0.7071046 0 0.7071053 0.7071083 0 0.7071048 0.7071089 0 0.7071089 0.7071048 0 0.7071067 0.7071069 0 0.7071075 0.7071061 1.80151e-7 0.7071068 0.7071067 -1.39813e-7 0.7071068 0.7071067 0 0.7071063 0.7071074 0 0.7071043 0.7071093 -8.9054e-7 0.7071068 0.7071068 -5.3623e-7 0.7071089 0.7071048 6.66657e-7 0.7071065 0.7071071 0 0.007198631 0.9922242 0.1242561 -0.003340065 0.9914386 0.130532 0.03146553 0.9309207 0.3638633 0.004883468 0.9238676 0.3826814 0.02162605 0.9927982 0.1178313 0.01451069 0.9922512 0.123398 0.07115501 0.9359623 0.3448355 0.05341178 0.9309322 0.3612651 0.6433668 0.7649452 0.03062814 0.1613738 0.9332152 0.321042 0.5277698 0.8456023 0.08009856 0.5488712 0.8292132 0.1055758 0.3760168 0.9245591 0.06166005 0.4198101 0.8995251 0.1208897 0.2644153 0.948859 0.172486 0.1696932 0.9777302 0.1234827 0.1952888 0.9780817 0.07224005 0.001357078 0.9999991 0 0.1273453 0.9918584 1.06219e-4 0.6384535 0.7696605 0 0.6049687 0.7962453 -0.00254184 0.5325607 0.8463919 -1.06245e-4 0.3750659 0.9269981 3.44058e-4 0.3995007 0.9167306 -0.002063333 0.1493282 0.9887859 0.001926779 0.9857288 -0.1683396 7.15727e-4 0.9418464 0.3204114 0.1013013 0.9578145 -0.2768417 0.07713609 0.954953 -0.286454 0.07751649 0.9615736 -0.2637318 0.07630169 0.9601446 -0.2688471 0.07644414 0.9466122 -0.3137764 0.07395792 0.9492685 -0.305751 0.07352429 0.9495332 -0.304932 0.07350659 0.950942 -0.3004873 0.07359808 0.9518799 -0.2973069 0.07438755 0.9417526 -0.3273308 0.07717895 0.9347507 -0.3466137 0.07810366 0.9278038 -0.3653215 0.07563441 0.9589726 -0.2729808 0.07650566 0.9576601 -0.2775635 0.07645708 0.9611149 -0.2652364 0.07686263 0.9545673 -0.2875881 0.0780676 0.8687223 -0.4876846 0.0865184 0.9461112 -0.314609 0.07677859 0.941132 -0.3295701 0.07519465 0.9323648 -0.3537488 0.07454961 0.9301235 -0.3588421 0.07811886 0.9273923 -0.3659161 0.07777535 0.9261988 -0.3689964 0.07744312 0.9262076 -0.3689736 0.07744741 0.9262949 -0.3687222 0.07760083 0.9263486 -0.3687212 0.07696074 0.974683 -0.2092885 0.07868611 0.9655823 -0.2480447 0.07826107 0.9939316 -0.07082545 0.08416569 0.9922317 -0.09296685 0.08266407 0.9907878 -0.1085565 0.08096325 0.9960806 -0.001741707 0.08843332 0.9950211 -0.03308141 0.09401375 0.9932628 -0.0710588 0.09154182 0.9866738 0.127856 0.100636 0.9916474 0.09007871 0.09231066 0.9905965 0.09780514 0.09567028 0.9938406 0.04964643 0.09907621 0.9956151 0.009903669 0.09301823 0.9582205 0.2693292 0.096309 0.962431 0.2516183 0.1020528 0.968455 0.2263846 0.1041396 0.9778125 0.184719 0.09880077 0.9763809 0.1942071 0.09467923 0.9813864 0.1633248 0.1010237 0.9408408 0.3227616 0.1031687 0.9417629 0.3182774 0.1085462 0.9416062 0.3194845 0.1063367 0.941251 0.321156 0.10443 0.942594 0.3165114 0.1064763 0.9419317 0.3188714 0.1052886 0.9412486 0.3211663 0.1044198 0.9407262 0.3228974 0.1037861 0.9402118 0.3245299 0.103355 0.940656 0.3231639 0.1035929 0.9414192 0.3208671 0.1037998 0.9427381 0.3168696 0.1041085 0.9462094 0.3063584 0.1040783 0.9513323 0.2941538 0.09187138 0.9588847 0.2690036 0.09042906 0.9640408 0.252216 0.08374118 0.9758939 0.2143329 0.04114151 0.9764386 0.2112298 0.04415404 0.9773169 0.2064043 0.04742401 0.9757296 0.21564 0.03809684 0.9755539 0.2148771 0.04607021 0.9674575 0.2462601 0.05815678 0.9670687 0.244944 0.06914329 0.9743105 0.2143728 0.069018 0.9785673 0.1967848 0.06067973 0.9684787 0.2431591 0.0540626 0.9677446 0.2458741 0.05492317 0.9675883 0.246434 0.05516523 0.9676062 0.2463727 0.05512475 0.967638 0.2462617 0.0550642 0.9670593 0.2481642 0.05666571 0.9778677 0.2041535 0.04578429 0.9759366 0.2124716 0.04902672 0.974493 0.2183615 0.05178552 0.9751738 0.2156774 0.05019354 0.9714969 0.2313377 0.05173641 0.9697086 0.2384548 0.05295836 0.9922319 0.1204936 0.03094124 0.9894107 0.1407523 0.03543156 0.9865944 0.1579905 0.04087328 0.9886827 0.1457014 0.03574365 0.9833536 0.1773585 0.03949385 0.9806129 0.1913699 0.04214477 0.9970722 0.07216513 0.02528208 0.9948981 0.09649568 0.02943462 0.999216 -0.03356111 0.02100217 0.9993814 0.02754241 0.02187049 0.9998227 -0.002884089 0.01860815 0.9997025 0.01213467 0.02116632 0.9997681 -0.009733736 0.01921093 0.9997904 -0.003376126 0.02019369 0.9997122 -0.01414775 0.0193752 0.9995661 -0.02329069 0.01803517 0.9998058 -0.004162728 0.01926088 0.9956786 -0.09234225 0.009854018 0.9980378 -0.06208014 0.008162677 0.9990816 -0.04138243 0.01111668 0.9817022 -0.1901918 0.00937438 0.9871651 -0.1588181 0.0167908 0.9871379 -0.1595238 0.01053613 0.9874193 -0.1578311 0.00962466 0.9855089 -0.1695697 0.004289329 0.9852254 -0.1712485 -0.00224483 0.9874397 -0.1566357 0.02069443 0.9877617 -0.1548868 0.01835823 0.9927329 -0.1181789 0.02269929 0.9975711 -0.06848341 0.01272726 0.9979997 0.05366641 0.03341668 0.9988768 0.03898745 0.02693122 0.9990701 0.03619652 0.02342772 0.9991005 0.03613144 0.02220326 0.9987117 0.04470646 0.02400487 0.9961556 0.08362776 0.02608585 0.9958166 0.08452486 0.03471082 0.9971832 0.06600368 0.0356245 0.988143 0.1434456 0.05474346 0.9831032 0.1745219 0.05523014 0.9876012 0.1484296 0.05111336 0.9876579 0.1481046 0.05096125 0.9931567 0.1077442 0.04506874 0.9955468 0.08702433 0.03623938 0.9833347 0.1482704 0.1052079 0.9857638 0.1454077 0.08441776 0.9861975 0.148387 0.07345634 0.9962806 0.04567497 0.07306879 0.9944308 0.07481181 0.07423329 0.9900349 0.1149873 0.08129507 0.9950959 -0.07264894 0.06712943 0.99277 -0.08453029 0.08521991 0.9913673 -0.1011513 0.0834226 0.9872727 -0.1363902 0.0817939 0.9870699 -0.1379889 0.08156025 0.9818749 -0.1712514 0.08120745 0.9745337 -0.2100265 0.0785681 0.9753438 -0.2080327 0.07366698 0.9775915 -0.1992593 0.0679025 0.9626515 -0.2623972 0.06670814 0.9624657 -0.2601583 0.0773155 0.9624024 -0.2603911 0.07731896 0.9957585 -0.06118047 0.06871777 0.9941296 -0.08536136 0.06648242 0.9948992 -0.07344335 0.06914943 0.9904844 -0.121004 0.06556642 0.9910005 -0.1151071 0.06832629 0.983285 -0.169597 0.06623917 0.9840549 -0.155692 0.0860008 0.9960191 -0.01058417 0.08851027 0.9963297 -0.00193721 0.08557718 0.9954023 -0.05414634 0.07900857 0.989838 -0.1186798 0.07833176 0.9929648 -0.08522373 0.08220702 0.9907285 0.1065967 0.08422738 0.9869065 0.1416629 0.07711857 0.9761787 0.1991577 0.08609038 0.9580523 0.2727924 0.08786451 0.9724985 0.2190923 0.07902657 0.9732564 0.2162884 0.07740455 0.9859479 0.1528095 0.06749957 0.9873173 0.145276 0.06402719 0.9511998 0.2909417 0.1028196 0.9590924 0.2653232 0.09871894 0.9571499 0.2709808 0.1021457 0.9791471 0.1832053 0.08778959 0.9745088 0.20152 0.09860229 0.991979 0.09613293 0.08207559 0.9886334 0.117119 0.0942716 0.9955769 0.04288327 0.08359259 0.9964231 0.04172843 0.07348316 0.9977582 -0.01202332 0.06583321 0.9975568 -0.001435756 0.06984686 0.9963927 -0.05433398 0.06518948 0.9967247 -0.04513609 0.06710201 0.9957279 -0.0658887 0.06468951 0.9963607 -0.05133366 0.06804585 0.9961724 -0.05539035 0.06762123 0.9993826 0.01565015 0.03145951 0.9996237 -0.005896091 0.02679175 0.9995363 -0.002787351 0.03032487 0.9995012 -0.01300203 0.02878284 0.9994764 -0.01188695 0.03009259 0.9993854 -0.01975786 0.0289576 0.9993753 -0.01883447 0.0299043 0.9989911 -0.03500419 0.02813696 0.9989529 -0.03701901 0.02688795 0.9952779 -0.0926333 0.02900123 0.9962415 -0.08496463 0.01685106 0.9955366 -0.09356248 0.01236879 0.9956671 -0.09246325 0.009887039 0.9913202 -0.131469 -5.7134e-4 0.7632716 0.6460099 0.009373426 0.9106019 0.4112738 0.04071825 0.8582739 0.512547 0.02572292 0.9783126 0.1980885 0.0605427 0.9751047 0.2137677 0.05894213 0.9497923 0.3088774 0.04989409 0.7973285 0.6031941 0.02059596 0.7975028 0.6030277 0.0186243 0.7932967 0.6085997 0.01693624 0.792807 0.6090916 0.0215525 0.7886381 0.6145417 0.01970684 0.7880694 0.6151123 0.02415907 0.7842241 0.6200784 0.02225846 0.7835795 0.620725 0.02652788 0.7798255 0.6255179 0.02449178 0.9310315 0.3616429 0.0489369 0.9304758 0.3621685 0.05521547 0.9228957 0.3817571 0.05024886 0.9214493 0.3832078 0.06390011 0.9136323 0.4023137 0.05847805 0.9119428 0.404012 0.07165735 0.9044739 0.4213801 0.06607657 0.9025642 0.4232928 0.07874691 0.8950333 0.4400234 0.07276588 0.4666928 0.8594084 0.2088423 0.5186121 0.8310277 0.2010834 0.8480579 0.4918233 0.1972506 0.4847676 0.8510407 0.201817 0.5064077 0.8383286 0.201882 0.6341765 0.7536846 0.1725682 0.7484434 0.6417601 0.1672621 0.8452008 0.519138 0.1270095 0.9193854 0.376468 0.114028 0.9303532 0.3500881 0.1090021 0.8616191 0.4877307 0.1404691 0.8625459 0.4910848 0.1218619 0.8709515 0.4731152 0.1326855 0.873551 0.4757527 0.1028018 0.8812285 0.4584293 0.1152352 0.8852424 0.4573718 0.08459913 0.8904889 0.444351 0.09788686 0.6561957 0.7312624 0.1861793 0.6587333 0.7412726 0.1287847 0.6967526 0.6980742 0.16501 0.7040723 0.7056574 0.07956093 0.7374315 0.6650763 0.1177642 0.7485038 0.6623032 0.03311431 0.7710619 0.6328914 0.07008808 8.48471e-4 0.9469318 -0.3214337 0.001240849 0.9914447 -0.1305224 6.09211e-4 0.896869 -0.4422962 2.77501e-4 0.7933583 -0.608755 0.001093029 0.991445 -0.1305213 0.1159902 0.9847092 -0.1299777 0.1079848 0.9887744 -0.1032695 0.3346555 0.928366 -0.1616858 0.3278805 0.9414641 -0.07835823 0.5335866 0.822906 -0.1952208 0.5434431 0.8370014 -0.0640189 0.8336784 0.5091334 -0.2139243 0.07391768 0.9212586 -0.3818625 0.06887316 0.9276974 -0.3669254 0.2134193 0.889531 -0.403964 0.2123051 0.9094986 -0.3574058 0.3433405 0.8342127 -0.4315166 0.3593993 0.8611998 -0.3593983 2.25639e-4 0.7933462 -0.6087708 0.02641713 0.7930188 -0.6086241 0.02459126 0.7961504 -0.6045991 0.07596129 0.782703 -0.6177427 0.07579183 0.7925043 -0.6051384 0.1217374 0.7661616 -0.6310123 0.1283318 0.780462 -0.6118907 0.04398727 0.7280763 -0.6840835 0.1260917 0.7826118 -0.6096062 0.1284065 0.7826116 -0.6091231 0.3759409 0.8232963 -0.4252665 0.394754 0.8296618 -0.3947538 0.3343387 0.8151265 -0.473061 0.2904418 0.8046592 -0.5178486 0.2069472 0.7907779 -0.5760585 0.6254726 0.7672562 -0.1417821 0.6254141 0.7784209 -0.05402189 0.6116654 0.7828903 -0.1137906 0.5936793 0.7858824 -0.173014 0.5326418 0.8009251 -0.2735174 0.4525733 0.8183093 -0.3543266 0.6045546 0.7586612 0.2427901 0.7085283 0.5387329 0.4558009 0.7714853 0.5936717 0.2288325 0.5924632 0.7410884 0.3158724 0.7437569 0.6002058 0.2942426 0.7152464 0.6208152 0.3209536 0.6859053 0.618061 0.3841022 0.7282216 0.590094 0.3485434 0.6743275 0.5874728 0.4473906 0.6928153 0.578718 0.430224 0.7080057 0.5394979 0.4557083 0.7968727 0.5799324 0.169329 0.9276716 0.3479261 0.1355466 0.955672 0.2679845 0.1219652 0.9746486 0.2155044 0.06015092 0.9770076 0.2075091 0.0489518 0.8127739 0.4620149 0.3548814 0.7736052 0.6003622 0.2027324 0.8161965 0.4855738 0.3131154 0.811385 -0.4315873 -0.3941914 0.9465664 -0.289597 -0.1419362 0.8083723 -0.4375995 -0.3937524 0.8169072 -0.3889553 -0.4258832 0.8118287 -0.3963293 -0.4287859 0.8199532 -0.3454722 -0.4564273 0.8288552 -0.3236429 -0.4563489 0.820873 -0.3102253 -0.4795079 0.8269156 -0.2513268 -0.5030362 0.8239732 -0.2558805 -0.5055626 0.8281998 -0.2099991 -0.5196015 0.8333 -0.1806133 -0.5224844 0.828759 -0.173518 -0.5320244 0.8312796 -0.1268869 -0.5411783 0.8307822 -0.1285402 -0.5415519 0.8320909 -0.08995759 -0.5472957 0.8377764 -0.07520014 -0.5408101 0.8325021 -0.05321794 -0.55146 0.8326876 -0.002235233 -0.5537388 0.8327229 -0.002183139 -0.5536859 0.8328751 0.05024176 -0.551176 0.8386642 0.07014507 -0.5401129 0.8329384 0.08700168 -0.5464835 0.8323374 0.1150395 -0.5421996 0.8325343 0.116782 -0.5415245 0.8304857 0.1606379 -0.5333752 0.8323035 0.1628971 -0.5298448 0.8304767 0.2001307 -0.5198619 0.8297376 0.2363155 -0.5056588 0.830632 0.234752 -0.504918 0.8245128 0.3005931 -0.479398 0.8279709 0.3036655 -0.4714356 0.8207557 0.3626344 -0.4414253 0.8247155 0.3652177 -0.4318106 0.8173511 0.4146869 -0.3999651 0.822803 0.417961 -0.3851023 0.8182011 0.4372306 -0.3733316 0.812761 0.465449 -0.3503955 0.817163 0.4659734 -0.3392838 0.8099546 0.5013511 -0.3043369 0.8131754 0.501961 -0.2945863 0.8099501 0.5167167 -0.2774612 0.8092228 0.531998 -0.2492725 0.8103964 0.5300734 -0.2495593 0.8025164 0.5600451 -0.2057107 0.8065898 0.5575466 -0.1963534 0.8019707 0.5737605 -0.1662587 0.8045495 0.5741452 -0.1518464 0.8024755 0.5782498 -0.1471751 0.7978131 0.591535 -0.1165362 0.80118 0.5882855 -0.1096854 0.7956401 0.6022798 -0.06493073 0.7985513 0.598961 -0.05967891 0.7961499 0.6041774 -0.03339165 0.7975063 0.603125 -0.01496821 0.7962957 0.6047648 -0.01315253 0.7931705 0.6084732 0.02531713 0.7949064 0.6060959 0.02777945 0.7925364 0.6054055 0.07328188 0.7935619 0.6039144 0.07447808 0.7931683 0.6007077 0.1001717 0.7932366 0.6005043 0.1008486 0.7931748 0.6000666 0.1038938 0.7928342 0.5961381 0.1266232 0.8011808 0.5873883 0.114387 0.7916164 0.5923828 0.1497536 0.7927812 0.5829337 0.1780062 0.7942699 0.5678429 0.2160788 0.7926549 0.5703805 0.2153238 0.7959644 0.5471334 0.2590097 0.7935436 0.5509614 0.2583215 0.7982001 0.5218821 0.3008583 0.7949333 0.5269875 0.3006085 0.8009583 0.4915522 0.3418221 0.7970035 0.4976677 0.342217 0.8021127 0.4698789 0.3685503 0.7526541 0.5762478 0.3185128 0.9497674 -0.2787595 -0.1422501 0.9534821 -0.2577968 -0.1562461 0.9577807 -0.2449483 -0.1505206 0.963164 -0.2081552 -0.1702547 0.9667449 -0.1967041 -0.1634373 0.9711523 -0.1568356 -0.1796271 0.9735272 -0.1480122 -0.1741761 0.9765493 -0.1086725 -0.1858541 0.978168 -0.1020511 -0.1810336 0.9796298 -0.07500714 -0.1862782 0.9801902 -0.0704866 -0.1850916 0.9809772 -0.04415112 -0.1890358 0.9816834 -0.04083234 -0.1860927 0.9821639 -0.00342983 -0.1879963 0.9823766 -0.002377629 -0.1868973 0.9821624 0.03386557 -0.1849603 0.9820748 0.03345531 -0.1854993 0.9815596 0.06067293 -0.1812723 0.9815468 0.05967032 -0.1816741 0.9802896 0.08888626 -0.1764408 0.9800503 0.08784204 -0.1782842 0.9771506 0.1332227 -0.1656151 0.976867 0.132088 -0.1681773 0.9729567 0.1740543 -0.1518563 0.9726249 0.1729927 -0.1551591 0.9679345 0.2115179 -0.1355106 0.9675565 0.2107066 -0.1394173 0.9624457 0.2447825 -0.1173884 0.9620275 0.2443412 -0.1216574 0.9567381 0.2740129 -0.09782266 0.9562354 0.27406 -0.102495 0.951541 0.2970058 -0.07973349 0.9511946 0.2969647 -0.08391046 0.9467038 0.3162238 -0.06127482 0.9460767 0.3171591 -0.06594723 0.9415427 0.3344354 -0.0406267 0.9408207 0.3358853 -0.04513961 0.9374142 0.3474227 -0.02349704 0.9370111 0.3482459 -0.02711302 0.9340176 0.3571632 -0.006748139 0.9332438 0.3590936 -0.01038086 0.9304391 0.3662349 0.01246166 0.9296615 0.3682928 0.009487867 0.9277254 0.3721115 0.02930426 0.9271817 0.3736308 0.02709627 0.9257376 0.3754321 0.04539459 0.9251468 0.3770725 0.04381531 0.9241804 0.3767902 0.06260949 0.9237799 0.3779082 0.06177657 0.9235713 0.3765557 0.07226246 0.9235485 0.376709 0.07175225 0.923329 0.3752504 0.08155292 0.9232556 0.3754562 0.08143651 0.9234338 0.3711665 0.09749573 0.9237051 0.3704099 0.09780412 0.9243524 0.364413 0.11303 0.9250252 0.3625482 0.1135223 0.9261207 0.3548498 0.1279931 0.9271885 0.3518924 0.128427 0.9287315 0.3422601 0.142534 0.9302162 0.3381761 0.1426004 0.9322613 0.3261166 0.1566431 0.9340915 0.321077 0.1561497 0.9357536 0.3116822 0.1649835 0.9368665 0.3077512 0.1660437 0.9460961 0.1940914 0.2592889 0.8914666 0.4341905 0.129484 0.4010097 0.7483274 0.5283911 0.5291842 0.6995361 0.4802222 0.5752488 0.66665 0.47399 0.6412196 0.6188069 0.4537792 0.7021046 0.5714597 0.4248328 0.2418318 0.8501937 0.4676409 0.2174374 0.8408716 0.495637 0.2627491 0.8017817 0.536758 0.5045415 0.7433944 0.4390929 0.5555092 0.7386347 0.3818747 0.554958 0.7652676 0.3261705 0.5549589 0.7652664 0.3261718 0.5553105 0.7920662 0.2534985 0.555309 0.792068 0.2534961 0.5552328 0.679834 0.4791059 0.5549556 0.7237141 0.4101979 0.1947904 0.8533079 0.4836552 0.1947928 0.9023053 0.384579 0.1947923 0.9023039 0.3845827 0.1949638 0.9341353 0.2989658 0.1949645 0.9341354 0.2989652 0.7160828 -0.5817224 0.385778 0.7065359 0.2780137 -0.6507806 0.7105978 -0.5872138 0.3875962 0.7091495 -0.5917941 0.383258 0.6988556 -0.6271716 0.3438847 0.7070279 -0.6156762 0.3479287 0.7065784 -0.6455774 0.2897874 0.7068864 -0.6450642 0.2901791 0.7070277 -0.6602586 0.2533189 0.7150681 -0.6613782 0.2263996 0.6987438 -0.6857285 0.2037976 0.7148395 -0.6832552 0.1488857 0.7068527 -0.6939938 0.1368647 0.7070451 -0.7004122 0.09751951 0.714575 -0.6961136 0.06934356 0.6992728 -0.7134192 0.04528605 0.7142785 -0.6997724 -0.01117724 0.7068181 -0.7070034 -0.02354675 0.7070608 -0.7043122 -0.06332057 0.713944 -0.694182 -0.09162634 0.6999368 -0.7048416 -0.1152685 0.7135746 -0.6794034 -0.1709452 0.7067816 -0.6834182 -0.1827548 0.7069302 -0.6677873 -0.2330449 0.7130449 -0.666038 -0.2189986 0.6998893 -0.6622477 -0.2675503 0.6984384 -0.6625828 -0.270496 0.7126091 -0.6328055 -0.3028954 0.7013695 -0.6291565 -0.3350268 0.7009843 -0.5307388 -0.4763793 0.7098929 -0.5585337 -0.4290597 0.6987688 -0.5850647 -0.4116084 0.7030009 -0.5869962 -0.4015287 0.7098394 -0.6020726 -0.3655634 0.7070111 -0.6000269 -0.3743035 0.7070304 -0.6158984 -0.3475302 0.7034941 -0.2728119 -0.6562543 0.711599 -0.2924376 -0.6388326 0.702462 -0.345408 -0.6222866 0.7082322 -0.3589611 -0.6079097 0.7071005 -0.3810433 -0.5956635 0.7069748 -0.4003199 -0.5830357 0.702655 -0.4165871 -0.5768287 0.7128593 -0.4471108 -0.5402996 0.7012302 -0.4766105 -0.5302063 0.7083311 -0.4954785 -0.5027607 0.7070771 -0.5058416 -0.4941319 0.7067883 -0.533096 -0.4650365 0.706288 -0.1187105 -0.6979005 0.7010644 -0.1068121 -0.7050531 0.7077044 -0.1494248 -0.6905264 0.7048829 -0.1968626 -0.6814582 0.7076073 -0.2032521 -0.6767426 0.7068067 -0.2459174 -0.6632865 0.7071041 0.2377742 -0.6659334 0.7071337 0.2368201 -0.6662419 0.706156 0.1973776 -0.6799895 0.7088718 0.190252 -0.6791944 0.7061082 0.1381956 -0.6944878 0.702974 0.1201545 -0.7009925 0.7066172 0.1056726 -0.6996609 0.7069638 0.04029917 -0.7061008 0.6977909 0.06247347 -0.713572 0.7178257 -0.0387839 -0.6951418 0.6950515 -0.001863837 -0.7189576 0.7071235 -0.06283688 -0.7042926 0.7070913 0.5067384 -0.4931918 0.7096948 0.4838582 -0.512069 0.7079437 0.2745817 -0.6507079 0.7053278 0.344819 -0.6193647 0.7096261 0.3517994 -0.6104654 0.7072718 0.3820443 -0.5948182 0.7052204 0.425414 -0.5671747 0.7121486 0.4120713 -0.5683676 0.7027579 0.4762775 -0.5284799 0.7070699 0.6721647 -0.2196515 0.7089069 0.6689921 -0.2233846 0.7003695 0.6611761 -0.26894 0.7078791 0.6520084 -0.2716473 0.7057301 0.6259571 -0.3318473 0.7067791 0.6244354 -0.3324813 0.7070839 0.6051105 -0.3658877 0.7068255 0.6060597 -0.3648143 0.7078081 0.5782685 -0.4057258 0.6984582 0.5917788 -0.4024351 0.7151613 0.5275612 -0.4585013 0.7035028 0.5458315 -0.4551395 0.707099 0.5141296 -0.4854705 0.4238756 0.9038276 0.05852568 0.7476506 0.6637572 0.02109676 0.6725791 0.7396593 -0.02327156 0.7069913 0.7065123 -0.03168118 0.7070503 0.7044376 -0.06202942 0.7012048 0.7105575 -0.05848127 0.7292568 0.6754102 -0.1095709 0.6729426 0.7319722 -0.1066067 0.7380231 0.6521895 -0.1731211 0.6906458 0.7034426 -0.1678596 0.7070817 0.677776 -0.2016317 -0.3845625 0.9134778 0.1329283 0.1023466 0.9844816 0.1425526 0.8590201 0.5074507 0.06766349 1 0 0 1 -2.51401e-6 0 1 -2.66679e-6 0 1 6.85728e-6 0 1 -7.01639e-6 0 1 -2.16995e-6 0 0.9998706 -0.01603168 0.001389324 0.9940419 -0.1074241 -0.01846611 0.9946942 -0.09970641 -0.02534151 0.9925262 -0.1213675 -0.01271718 0.9899355 -0.1413544 -0.006841659 0.9835225 -0.1807689 -0.002480328 0.9959589 -0.08654665 0.02399021 0.9940947 -0.1068778 0.01878648 0.9885094 -0.1502884 0.01620888 0.9889212 -0.1471087 0.01984739 0.9868106 -0.1572973 0.03824257 0.9954129 -0.09354555 0.0200622 0.995489 -0.09470093 0.005781054 0.9950362 -0.09916943 0.008277118 0.9950425 -0.09942716 0.002218186 0.9946706 -0.1030315 0.003854513 0.9946768 -0.1030443 1.4247e-4 0.9947154 -0.09889805 -0.02757656 0.9651699 -0.2392289 0.1059092 0.8273656 -0.4709001 0.3061363 0.8224459 -0.4821137 0.3019092 0.8108521 -0.5592916 0.1723713 0.8725674 -0.3984037 0.282667 0.965119 -0.2380995 0.1088763 0.7930788 -0.5346243 0.2918956 0.8273654 -0.4711914 0.3056881 0.896784 -0.3907286 0.2076289 0.9468422 -0.2824664 0.1539569 0.9701386 -0.2092134 0.1227231 0.9703195 -0.2057695 0.127039 0.975559 -0.2020526 0.08636814 0.9755991 -0.1651225 0.14471 0.9913759 -0.1223637 0.04691576 0.9468832 -0.3036193 -0.1059602 0.9914367 -0.1232962 -0.0430293 0.7932056 -0.5749489 -0.2006462 0.8967868 -0.4177543 -0.1457912 0.991436 -0.1233021 -0.04302895 0.9914166 -0.1267897 -0.03190165 0.9914166 -0.1267896 -0.03190135 0.9914171 -0.1296131 -0.0171085 0.991416 -0.1296209 -0.0171082 0.9914168 -0.1307235 -0.00208795 0.9914165 -0.1307252 -0.002088129 0.9914161 -0.1301013 0.01295989 0.9914165 -0.1300985 0.01296007 0.9914172 -0.1277388 0.02783602 0.9914162 -0.1277464 0.02783626 0.9914166 -0.1236947 0.04234248 0.9914163 -0.1236969 0.04234248 0.9914349 -0.1191477 0.05348449 0.9914346 -0.1191517 0.05348426 0.9468725 -0.2934052 0.1317045 0.9236237 -0.3720515 -0.09217947 0.9236534 -0.3716456 -0.09350931 0.9236553 -0.371641 -0.09350913 0.9236544 -0.3799316 -0.05014753 0.9236559 -0.3799276 -0.05014753 0.9236543 -0.3831779 -0.006120085 0.9236547 -0.3831773 -0.006120383 0.9236538 -0.3813407 0.0379883 0.9236557 -0.3813359 0.03798824 0.9236525 -0.374445 0.08159154 0.9236554 -0.3744374 0.08159291 0.9236539 -0.362573 0.1241139 0.9236553 -0.3625694 0.1241143 0.923704 -0.3616036 0.1265454 0.8967697 -0.4036912 0.1812114 0.7932068 -0.5749475 -0.2006451 0.792866 -0.5909762 -0.1486967 0.7928648 -0.5909779 -0.1486964 0.7928644 -0.6041584 -0.07974272 0.7928648 -0.6041575 -0.07974386 0.7928655 -0.609319 -0.00973165 0.7928646 -0.6093202 -0.009732365 0.7928643 -0.6063967 0.06040805 0.7928647 -0.6063966 0.06040626 0.7928653 -0.5954244 0.1297472 0.792865 -0.595425 0.1297461 0.7928653 -0.576552 0.1973637 0.7928655 -0.576552 0.1973627 0.7931789 -0.5555826 0.2493901 0.7931785 -0.555583 0.2493906 0.793317 -0.5646153 -0.2277229 0.9685268 -0.04221099 -0.2453044 0.946909 -0.2974878 -0.1219208 0.8968636 -0.4114945 -0.1621977 0.8246436 -0.4636805 -0.3239805 0.8298557 -0.5045391 -0.2382856 0.8240702 -0.5165903 -0.2324711 0.8255479 -0.4946388 -0.2716675 0.8251487 -0.4958212 -0.2707232 0.8197244 -0.490751 -0.2953225 0.8207897 -0.4787737 -0.3115769 0.8162633 -0.4919635 -0.3027973 0.8191857 -0.4657025 -0.3347478 0.8090925 -0.485971 -0.3304567 0.8150071 -0.4498326 -0.3652591 0.8025601 -0.4731801 -0.3633152 0.9788773 -0.1964917 -0.05648362 0.9791673 -0.1831442 -0.08769136 0.9727848 -0.2210581 -0.06944966 0.9739284 -0.2026563 -0.1019505 0.9651206 -0.2474205 -0.08558905 0.9673907 -0.2252857 -0.1157653 0.9612506 -0.2595494 -0.09290474 0.9639722 -0.2374785 -0.1198406 0.9519199 -0.2866562 -0.1080586 0.9557356 -0.2640559 -0.1297847 0.9412209 -0.3143902 -0.1235398 0.5549589 0.7705694 -0.3134383 0.5549587 0.6809822 -0.4777907 0.5549612 0.5569106 -0.6179553 0.5549575 0.4046482 -0.7268301 0.5549609 -0.724232 0.4092754 0.1950401 0.970631 0.140837 0.1950417 0.9706299 0.140842 0.1947922 0.9787947 0.06338059 0.1947913 0.9787949 0.06338012 0.194792 0.9681868 -0.157068 0.1947908 0.9443683 -0.2650001 0.1947938 0.9443675 -0.2650009 0.1947903 0.9085581 -0.3695662 0.1947901 0.8612107 -0.4694392 0.1947939 0.8612079 -0.4694425 0.1947936 0.8029249 -0.5633536 0.1947979 0.7344465 -0.6501093 0.1947922 0.7344451 -0.6501127 0.1947931 0.6566418 -0.7286132 0.1947861 0.5704985 -0.7978659 0.1947962 0.5704963 -0.797865 0.1947931 -0.9027936 0.383431 0.1947937 -0.9402009 0.2794237 0.1947913 -0.9402008 0.2794259 0.1947917 -0.965669 0.1718704 0.1947914 -0.9656689 0.1718719 0.1947927 -0.9788746 0.06213355 0.1947914 -0.9788746 0.06213521 0.1947934 -0.9796499 -0.04839128 0.1947946 -0.9796496 -0.04839146 0.1947945 -0.9679852 -0.1583029 0.1947929 -0.967986 -0.1583005 0.1947928 -0.944029 -0.266205 0.1947918 -0.9440302 -0.2662016 0.1947923 -0.9080855 -0.3707246 0.1947931 -0.9080857 -0.3707238 0.194791 -0.8606111 -0.4705371 0.1947913 -0.8606119 -0.4705356 0.1947914 -0.8022061 -0.5643773 0.1947923 -0.8022098 -0.5643717 0.194793 -0.7336189 -0.6510446 0.1947947 -0.7336193 -0.6510435 0.1947943 -0.6557103 -0.7294512 0.1947903 -0.6557143 -0.7294487 0.1947941 -0.5694788 -0.798592 0.1947928 -0.5694819 -0.7985901 0.1947966 -0.4760171 -0.8575909 0.1947882 -0.476017 -0.8575929 0.1947908 -0.3765078 -0.9057033 0.1947886 -0.3765095 -0.905703 0.1947966 -0.2722194 -0.9423115 0.1947923 -0.2722223 -0.9423115 0.1947907 -0.1644749 -0.9669564 0.1947947 -0.1644747 -0.9669556 0.1947907 -0.05464082 -0.9793217 0.1947986 -0.05463969 -0.9793202 0.1947966 0.05588769 -0.9792501 0.1947895 0.05588763 -0.9792516 0.1947907 0.1657055 -0.9667463 0.1947893 0.1657077 -0.9667462 0.1947848 0.2734214 -0.9419658 0.1948002 0.2734214 -0.9419627 0.1947966 0.3776624 -0.9052213 0.1947883 0.3776631 -0.9052228 0.1947968 0.4771085 -0.8569841 0.1945689 -0.7836856 0.5898982 0.1947922 -0.8539227 0.4825683 0.5599991 -0.6954015 0.4503531 0.5543279 -0.7345278 0.3913944 0.5549571 -0.7242341 0.4092772 0.1947929 -0.8539235 0.4825664 0.1947926 -0.9027937 0.3834314 0.5553304 -0.7584248 0.3411746 0.5186037 -0.7869776 0.3342403 0.5554845 -0.7763483 0.2978596 0.5549587 -0.7974071 0.2369872 0.5549613 -0.7974056 0.2369862 0.5552986 -0.8159348 0.1609154 0.5207354 -0.8405095 0.1495941 0.5555054 -0.8235688 0.1146659 0.5549579 -0.8302077 0.05269771 0.55496 -0.8302063 0.05269801 0.5552625 -0.8312144 -0.027682 0.5234912 -0.8509936 -0.04203647 0.5555213 -0.8281618 -0.07445991 0.5549556 -0.8209745 -0.1342586 0.5549625 -0.8209697 -0.1342589 0.5552193 -0.8034717 -0.2148598 0.5268699 -0.8180444 -0.2306761 0.5555375 -0.7898873 -0.2597236 0.554957 -0.770171 -0.3144192 0.5549622 -0.7701672 -0.3144195 0.5551753 -0.7341362 -0.3909277 0.5308508 -0.7435829 -0.4065489 0.5555498 -0.7107286 -0.4315431 0.5549573 -0.6803746 -0.4786573 0.5549607 -0.6803711 -0.4786583 0.5551312 -0.6267929 -0.5467723 0.5354115 -0.6317086 -0.5606057 0.5555632 -0.5947844 -0.5810174 0.5549578 -0.5561264 -0.6186642 0.5549597 -0.5561259 -0.618663 0.5550799 -0.4870012 -0.6743264 0.5405476 -0.4884679 -0.6849873 0.5555663 -0.4480554 -0.7004232 0.5549622 -0.4037232 -0.7273407 0.5549595 -0.4037203 -0.7273445 0.5549622 -0.3193285 -0.7681448 0.5549586 -0.3193252 -0.7681487 0.5549542 -0.2308778 -0.7992005 0.5549587 -0.2308753 -0.7991981 0.5549587 -0.1394943 -0.8200989 0.5549612 -0.1394957 -0.820097 0.5549629 -0.04634183 -0.8305833 0.5549557 -0.04634153 -0.8305881 0.5549585 0.04740035 -0.8305265 0.554961 0.04739987 -0.830525 0.5549628 0.1405398 -0.8199176 0.5549609 0.1405387 -0.8199192 0.5549586 0.2318946 -0.7989031 0.5549569 0.2318941 -0.7989044 0.194792 0.4771082 -0.8569853 0.5549622 0.4046482 -0.7268265 0.5549582 0.3203072 -0.7677401 0.5440222 0.3262117 -0.7730626 0.5555636 0.2795799 -0.7830609 0.1947916 0.6566426 -0.728613 0.5549598 0.5569146 -0.617953 0.5549598 0.4838543 -0.6766865 0.537091 0.4951214 -0.6829261 0.5555647 0.4493397 -0.6996012 0.194793 0.8029285 -0.5633487 0.5549582 0.6809818 -0.477792 0.554955 0.6229077 -0.5513721 0.5300461 0.640029 -0.55625 0.5555507 0.5958561 -0.5799302 0.1947932 0.9085576 -0.3695656 0.5549597 0.7705702 -0.313435 0.5549596 0.7304124 -0.3981427 0.5228853 0.7531164 -0.3992578 0.5555472 0.7115222 -0.4302366 0.1947923 0.9681866 -0.1570696 0.5549573 0.8211435 -0.1332137 0.5549584 0.8009421 -0.2247514 0.5156127 0.8281419 -0.2198281 0.5555344 0.7903677 -0.2582641 0.5082279 0.8607967 -0.02708333 0.5555191 0.8282988 -0.07293623 0.5549638 0.8211391 -0.1332137 0.1947909 0.9797113 -0.04714214 0.1947923 0.9797111 -0.04714149 0.554957 0.8309178 -0.0399819 0.5549604 0.8301382 0.05375409 0.5549601 0.8301382 0.05375725 0.5554637 0.8229234 0.1194036 0.5554699 0.8229185 0.1194087 0.195973 0.9509681 0.2392785 0.195024 0.9512814 0.2388088 0.5578394 0.804733 0.2030275 0.5554217 0.8067021 0.201838 0.1950252 0.962473 0.188708 0.1959762 0.9621838 0.189198 0.555443 0.8161177 0.1594845 0.5578618 0.8142175 0.1607487 0.8930509 -0.449831 -0.01059615 0.9486509 -0.3131718 0.04455393 0.7061688 -0.6364657 -0.310221 0.8235298 -0.4913379 -0.2835239 0.8181881 -0.5308445 -0.2208447 0.7339388 -0.6225345 -0.2716335 0.695604 -0.7014343 -0.1553223 0.7011964 -0.6891108 -0.1828938 0.7037914 -0.686313 -0.1834455 0.7164949 -0.6548695 -0.240377 0.7391454 -0.6434398 -0.1991215 0.7271983 -0.6415453 -0.2441359 0.945726 -0.3124571 -0.08929187 0.9379292 -0.3424065 -0.0551967 0.9249082 -0.3751693 -0.06158739 0.9186902 -0.393386 -0.0354368 0.9066269 -0.4202215 -0.03796708 0.9022297 -0.4308598 -0.01847696 0.8954828 -0.4447894 -0.01652318 0.8927166 -0.4506069 -0.003260374 0.6955609 -0.701325 -0.1560074 0.4345122 -0.8571684 -0.2765169 0.1475428 -0.918786 -0.3661468 0.1518875 -0.9097028 -0.3864855 0.1496881 -0.9107304 -0.3849204 0.1505166 -0.9051594 -0.3975315 0.1530909 -0.8995043 -0.4092131 0.1486598 -0.9014175 -0.4066286 0.1540613 -0.8894653 -0.4302521 0.1496597 -0.8914316 -0.4277288 0.1551557 -0.8788837 -0.451099 0.1507788 -0.880905 -0.4486337 0.1563564 -0.8677581 -0.4717505 0.1520186 -0.8698174 -0.46937 0.157646 -0.8560926 -0.4921922 0.1533868 -0.8581869 -0.4898857 0.1590442 -0.8438727 -0.5124295 0.1548591 -0.8460065 -0.510188 0.16053 -0.8310987 -0.5324522 0.1564484 -0.833255 -0.5302925 0.1620913 -0.8177582 -0.5522665 0.158161 -0.8199136 -0.5502063 0.1637523 -0.8038376 -0.5718657 0.1599755 -0.8059921 -0.5698989 0.16539 -0.7897073 -0.5907697 0.1624755 -0.7915004 -0.5891764 0.1731735 -0.7463745 -0.642601 0.4884995 -0.7631481 -0.4230524 0.4761527 -0.7326309 -0.4863441 0.4726685 -0.7435191 -0.4730369 0.4721511 -0.7439815 -0.4728264 0.4677323 -0.7573353 -0.455708 0.4674074 -0.7576093 -0.4555859 0.4629243 -0.7704983 -0.4382164 0.462904 -0.770509 -0.4382188 0.4583982 -0.7828743 -0.4206889 0.4586625 -0.782661 -0.4207975 0.4541637 -0.7945107 -0.4030984 0.4546784 -0.7941008 -0.4033257 0.4501994 -0.8054496 -0.3854497 0.4509578 -0.8048573 -0.3858003 0.446519 -0.8157246 -0.367715 0.4475254 -0.8149536 -0.3682008 0.443112 -0.8253743 -0.3498704 0.4443991 -0.8244072 -0.3505171 0.4400405 -0.8343576 -0.3319817 0.4415983 -0.8332172 -0.3327764 0.4373036 -0.8427081 -0.3140202 0.4390917 -0.8414239 -0.3149671 0.4348873 -0.85044 -0.296015 0.4368851 -0.8490359 -0.2971018 0.4330127 -0.8571112 -0.2790347 0.1507552 -0.9199373 -0.3619232 0.5199209 0.8093132 0.2733029 0.6016883 0.3723404 0.7066356 0.5568899 -0.7991138 -0.2264746 0.5626606 -0.7963698 -0.2218292 0.5624763 -0.7966594 -0.221256 0.5619462 -0.7977178 -0.2187757 0.5637649 -0.7941033 -0.2270886 0.5627883 -0.7955217 -0.2245321 0.5538609 -0.8100721 -0.1924098 -0.5360633 -0.7617301 -0.3638727 0.2612502 -0.9371073 -0.2314699 0.5487156 -0.8288222 -0.1093854 0.4269042 -0.8975008 -0.1106575 -0.280323 -0.9409577 -0.1897829 -0.08741044 -0.9828976 -0.1620854 0.4542507 -0.8900412 -0.0385102 0.5279756 -0.8491845 0.01129788 0.4552704 -0.8716834 0.1813756 0.02602493 -0.9848302 0.1715583 0.4554681 -0.8902286 -0.006486117 0.5104675 -0.8593618 0.03033846 0.2751449 -0.9601837 0.04840111 0.51118 -0.8563189 0.07357317 0.4878969 -0.8669097 0.1020998 0.4973222 -0.8596197 0.1171519 0.2055797 -0.9651818 0.1617445 0.518866 -0.8304532 0.202795 0.2872239 -0.9185305 0.2716691 0.2393823 -0.9297392 0.279788 0.5360437 -0.8034469 0.2590952 0.4817916 -0.8234237 0.2997505 0.5426866 -0.7888291 0.2885134 0.4872218 -0.8041864 0.3404397 -0.04817229 -0.8836753 0.4656153 0.1981127 -0.8719716 0.4476795 0.5587106 -0.7402139 0.3740667 0.5644896 -0.7265075 0.3918398 0.5617275 -0.7337154 0.3822618 0.5621462 -0.7327485 0.3834988 0.5619501 -0.7342903 0.380828 0.5589823 -0.7232242 0.4055683 0.619265 -0.6848533 0.3840401 0.544513 -0.7063779 0.4522566 0.5819479 -0.6830554 0.4413297 0.5611624 -0.7040066 0.4352833 0.5852887 -0.6339442 0.5055216 0.6565093 -0.6081305 0.4462879 0.7273499 -0.5669046 0.3867573 0.6870437 -0.5994539 0.4106411 0.6001483 -0.6627751 0.4478295 0.6068692 -0.564454 0.5595548 0.5955014 -0.5852377 0.550341 0.6678316 -0.5632313 0.4865918 0.669752 -0.5619287 0.485457 0.5882295 -0.6186745 0.5207955 0.6079643 -0.4993543 0.617272 0.6367195 -0.5031295 0.5843364 0.756957 -0.4554294 0.4686154 0.8112229 -0.4095658 0.4173409 0.6954805 -0.5034383 0.5126956 0.6374787 -0.4000121 0.6584916 0.6227517 -0.4234098 0.6579548 0.6877858 -0.414215 0.5961348 0.7807472 -0.3768477 0.4984172 0.7583833 -0.3933419 0.519747 0.657459 -0.4617975 0.5953912 0.7186802 -0.3498299 0.600931 0.7878805 -0.3056082 0.5346477 0.6434776 -0.3500346 0.6807441 0.6308957 -0.2343563 0.7396268 0.6818643 -0.2420281 0.6902779 0.7941082 -0.2201567 0.5665009 0.817199 -0.2121335 0.5358968 0.7140492 -0.2732516 0.6445676 0.6337097 -0.3216358 0.7035357 0.6737717 -0.20047 0.7112267 0.749769 -0.1635735 0.6411632 0.7025926 -0.1702863 0.690917 0.715373 -0.04465484 0.6973145 0.8086019 -0.03975766 0.5870113 0.8197762 -0.03858608 0.5713827 0.7350776 -0.07370692 0.6739645 0.647036 -0.115591 0.7536466 0.6431857 -0.1430686 0.7522259 0.6609231 -0.1357312 0.7380771 0.6356469 -0.1645128 0.754247 0.7861537 0.04582881 0.6163296 0.6498033 -0.01001381 0.7600365 0.6386935 -0.03508532 0.768661 0.6880093 0.1259379 0.7146908 0.7302804 0.1209817 0.6723496 0.66161 0.1022479 0.7428443 0.6363222 0.0832746 0.7669156 0.6452429 0.06288552 0.7613849 0.7721992 0.05138063 0.6332998 0.8820061 0.04888224 0.4686959 0.6368302 0.1658802 0.7529483 0.6435227 0.1675505 0.7468637 0.6249157 0.1447317 0.7671591 0.6289874 0.2884098 0.7219382 0.6090509 0.2738968 0.744337 0.6580253 0.2515993 0.7097187 0.7578823 0.2260361 0.6119821 0.779313 0.2211559 0.5863117 0.6897488 0.210045 0.6929125 0.6244083 0.1888819 0.7579168 0.60831 0.3529816 0.7108889 0.6790944 0.3261789 0.6576004 0.683911 0.3248351 0.6532594 0.6165395 0.3137772 0.7220963 0.6120632 0.2941683 0.7340598 0.659955 0.3815225 0.6472249 0.713981 0.37867 0.5889315 0.6649848 0.3971637 0.6325 0.5807928 0.4439174 0.6823614 0.5881699 0.4447994 0.675433 0.5970736 0.426368 0.6794951 0.7134307 0.4477646 0.5390024 0.6728845 0.4558722 0.5825866 0.6022402 0.4585844 0.6534578 0.569666 0.5274912 0.6302648 0.5862975 0.5086053 0.6305364 0.6551539 0.475279 0.5872676 0.6109243 0.5301944 0.5879332 0.6774888 0.5165454 0.5236313 0.6601268 0.525623 0.5366128 0.5813834 0.5914856 0.5586934 0.5555552 0.5871918 0.5886971 0.5860531 0.5645716 0.5812063 0.6495456 0.5751873 0.4972426 0.6699657 0.5675169 0.4786133 0.60414 0.605991 0.5174841 0.5496812 0.6473584 0.5279941 0.5498228 0.6473796 0.5278207 0.5513076 0.6379173 0.5377001 0.5577009 0.6779068 0.4789698 0.6237879 0.6367623 0.4532357 0.6252673 0.6358434 0.4524864 0.5631307 0.655306 0.5034459 0.5484296 0.6534526 0.5217515 0.6055219 0.6777993 0.4170508 0.5607779 0.6952978 0.4495434 0.5331084 0.69836 0.4775865 0.5353571 0.7335274 0.4187247 0.5313723 0.7269053 0.4350313 0.5767773 0.6960631 0.4275793 0.5277791 0.7360366 0.4239096 0.5329362 0.7398357 0.4106365 0.5242201 0.747136 0.4086334 0.552791 0.7403269 0.382542 0.6173968 0.7086715 0.3414762 0.6248763 0.704199 0.3370955 0.5597901 0.7505261 0.3512061 0.6054471 0.7419623 0.2879686 0.5315842 0.7794871 0.3313882 0.5210062 0.7785962 0.3497723 0.5251267 0.8009583 0.2875896 0.5756477 0.7648338 0.2892389 0.6486251 0.7083197 0.2785116 0.5624447 0.7883089 0.2494496 0.6168504 0.7534528 0.2276057 0.5952293 0.7703444 0.2286298 0.6458476 0.7475135 0.1552565 0.573799 0.8001263 0.1747931 0.5242441 0.8290955 0.1943423 0.520425 0.8281901 0.2079879 0.5155143 0.8304734 0.2110901 0.53571 0.8141017 0.2241724 0.5238398 0.8415541 0.131829 0.6038329 0.7800214 0.1641728 0.4911278 0.8602647 0.1368874 0.5512278 0.8214755 0.1460345 0.5230078 0.8418177 0.1334387 0.6235047 -0.7307783 -0.2778578 0.6079034 -0.7412724 -0.2845501 0.5727742 -0.7849155 -0.2362996 0.6365207 -0.7394998 -0.2190468 0.6511976 -0.7284135 -0.2129688 0.5895362 -0.7643953 -0.2610499 0.5662067 -0.771314 -0.2906625 0.6178377 -0.676329 -0.4010681 0.6614409 -0.6604389 -0.3554102 0.7271295 -0.6209644 -0.2927215 0.6687865 -0.6654287 -0.3315559 0.5777797 -0.7509846 -0.3196765 0.5936273 -0.7347505 -0.3282507 0.636712 -0.7061299 -0.309804 0.5971396 -0.7245317 -0.3442065 0.5932531 -0.7174388 -0.3651471 0.8962436 -0.4101151 0.1689772 0.6948565 -0.6438677 0.3203261 0.6948043 -0.6448837 0.31839 0.695037 -0.6433242 0.3210259 0.6357632 0.7606931 0.1309624 0.7501643 0.6484168 0.1296511 0.9193977 0.3764252 0.1140706 0.930311 0.3502214 0.1089335 0.8971013 -0.4030351 0.1810308 0.6444073 0.7287903 0.2315253 0.6527858 0.7404602 0.159967 0.6538468 0.7393795 0.1606311 0.6530538 0.7331289 0.1898496 0.6531882 0.7328175 0.1905875 0.652081 0.725644 0.2196162 0.6532776 0.7244057 0.2201475 0.653877 0.7062439 0.2714122 0.6553205 0.7047455 0.271825 0.6580558 0.680813 0.3216465 0.6598535 0.6789597 0.3218808 0.66277 0.6628337 0.348407 0.6631379 0.6619375 0.3494094 0.6639061 0.6572563 0.3567112 0.6732925 0.6385518 0.3727316 0.668654 0.6392005 0.3799008 0.6746725 0.6077993 0.4188044 0.6821548 0.5998434 0.4181541 0.6816638 0.5850399 0.4393891 0.6866488 0.5588495 0.4649738 0.6894062 0.5561456 0.464135 0.6997495 0.5067586 0.503534 0.7021915 0.5043509 0.5025508 0.7137102 0.4476675 0.5387129 0.7158756 0.4456464 0.5375142 0.7233756 0.4098969 0.5556188 0.7343283 0.3765095 0.5648032 0.7310401 0.3741462 0.5706095 0.7417836 0.3151047 0.5920019 0.7532351 0.3018348 0.5844081 0.7489769 0.2762892 0.6022441 0.7567206 0.2231606 0.6144699 0.7561751 0.2236176 0.6149752 0.7644414 0.167326 0.6226006 0.777493 0.1380335 0.6135564 0.7681359 0.1227411 0.6284123 0.7761254 0.04446464 0.629009 0.7729873 0.04672122 0.6326988 0.780651 -0.04860109 0.6230746 0.7764608 -0.04581397 0.628498 0.7804004 -0.1076012 0.6159524 0.7894662 -0.1326726 0.599284 0.9571805 -0.1061129 0.2693427 0.9559018 -0.0419588 0.2906742 0.9586486 -0.0451641 0.2809861 0.9554618 0.01822483 0.2945519 0.957273 0.01564389 0.2887623 0.9523044 0.07782667 0.2950583 0.953076 0.07662945 0.2928724 0.9467652 0.1352704 0.2921261 0.9463198 0.1360247 0.293217 0.939255 0.1888657 0.2865831 0.9375246 0.1919339 0.290188 0.9302526 0.238243 0.2790524 0.9273154 0.2436069 0.2841511 0.9201906 0.2837071 0.2697399 0.9161739 0.2909694 0.2756124 0.9096158 0.3249029 0.2589156 0.9048818 0.3335354 0.2644677 0.8994811 0.3601276 0.2474708 0.8946071 0.3692331 0.2516847 0.890158 0.3905882 0.2346481 0.8850002 0.4000835 0.2381341 0.8814144 0.4176364 0.2206546 0.8766494 0.4264794 0.2227134 0.8739991 0.4402992 0.2055778 0.8700008 0.4477832 0.2063708 0.869144 0.4532474 0.1978777 0.8684135 0.4557946 0.195216 0.8675696 0.4607387 0.1871974 0.8646641 0.4662584 0.1869733 0.8637219 0.474502 0.1698008 0.8618352 0.4781449 0.1691672 0.8616277 0.4844266 0.151422 0.8606624 0.48632 0.1508414 0.8610015 0.4887238 0.1408032 0.8609627 0.4889523 0.1402463 0.8612743 0.4912849 0.1297914 0.8611873 0.4914593 0.1297085 0.8526339 0.4812926 0.2034035 0.8458448 0.5223914 0.1079536 0.7769184 -0.1543471 0.6103891 0.777891 -0.2306517 0.5845387 0.7716568 -0.2279409 0.5937919 0.7708043 -0.3148703 0.5538209 0.7649768 -0.3128477 0.5629715 0.947596 -0.1712154 0.2697169 0.9533999 -0.1509642 0.2612253 0.9535149 -0.103128 0.2831503 0.9428476 -0.218129 0.2519094 0.9484073 -0.1914428 0.2527319 0.9487747 -0.181385 0.2587007 0.6965177 -0.6305698 0.3424105 0.7076481 -0.6167532 0.3447457 0.7049328 -0.6079844 0.3652738 0.7082602 -0.5752115 0.4092669 0.7203627 -0.5722289 0.3919588 0.7260007 -0.5177956 0.4525601 0.7352572 -0.5198624 0.4349022 0.739462 -0.4598776 0.4916387 0.7504365 -0.4599035 0.4746933 0.7620362 -0.3886051 0.5179642 0.7546248 -0.3874351 0.5295616 0.9422928 -0.2196983 0.2526207 0.9397611 -0.2597631 0.2221989 0.9329713 -0.2620125 0.2468079 0.9298216 -0.3051468 0.2057119 0.9235972 -0.3046126 0.2327647 0.9193232 -0.3467155 0.1861001 0.9084803 -0.3558999 0.2190862 0.9054636 -0.3841627 0.1804298 0.6879941 -0.7153558 -0.1221899 0.8965848 -0.4072163 0.1740999 0.8856403 -0.4643556 -0.003927767 0.8826312 -0.4698716 0.01352113 0.8804986 -0.473747 0.01691681 0.8798311 -0.474817 0.02112126 0.8768572 -0.4799337 0.02801966 0.8778162 -0.4789973 6.82965e-4 0.8755131 -0.4828566 0.01806873 0.8629171 -0.5038543 0.03879547 0.8639481 -0.5025954 0.03149163 0.8556094 -0.5156038 0.0456652 0.8559305 -0.5152832 0.04319894 0.850462 -0.5233656 0.05294263 0.8503289 -0.5234636 0.05409938 0.8469949 -0.5281617 0.06037497 0.8465747 -0.5283339 0.0646131 0.8449464 -0.5305284 0.06786286 0.8439067 -0.5304719 0.0801326 0.8447999 -0.5292087 0.07906556 0.8440211 -0.5276855 0.09579503 0.8463498 -0.5249585 0.09005838 0.8458264 -0.5227065 0.1065633 0.8493502 -0.5188124 0.09714943 0.8490321 -0.5150245 0.1178746 0.8538354 -0.5100681 0.1039032 0.8538126 -0.504049 0.1301494 0.8601384 -0.4980441 0.1100642 0.8604933 -0.4885966 0.1443074 0.8688951 -0.4814392 0.115056 0.8696786 -0.4659585 0.1629166 0.8815713 -0.457262 0.1172328 0.8828544 -0.4383262 0.1686371 0.8829046 -0.4481741 0.14007 0.676047 -0.671526 0.303337 0.6739748 -0.688508 0.2677963 0.6669847 -0.6888161 0.2840137 0.6654427 -0.704859 0.2456825 0.6594868 -0.7056725 0.2590436 0.6584966 -0.7189622 0.2224314 0.6483706 -0.7210922 0.2442165 0.6474828 -0.7352228 0.2005332 0.6401233 -0.7374323 0.2154898 0.6396567 -0.7477084 0.1782457 0.6339938 -0.7498558 0.1891248 0.6339776 -0.7575054 0.1557502 0.6295392 -0.759507 0.1637972 0.6299676 -0.7651253 0.1331318 0.6265181 -0.7669095 0.139014 0.6273903 -0.7708379 0.1104114 0.6248328 -0.7723118 0.1145369 0.6265105 -0.7756744 0.07624799 0.6241357 -0.7774059 0.07806932 0.6272442 -0.7776902 0.04198336 0.6274554 -0.7775359 0.04168581 0.6296877 -0.776612 0.01916587 0.6310969 -0.7755097 0.01736062 0.6335017 -0.7737328 -0.003653824 0.6363899 -0.7713338 -0.007205903 0.638885 -0.768845 -0.02652072 0.6437528 -0.7645525 -0.03227704 0.6461734 -0.7615833 -0.04950612 0.6539958 -0.7542346 -0.05848056 0.656008 -0.7512969 -0.07215684 0.6619933 -0.7453459 -0.07889515 0.6644783 -0.7413204 -0.09440726 0.6698895 -0.7356795 -0.1001193 0.6771323 -0.7218394 -0.1429678 0.8888007 -0.4582028 0.009139776 0.8854789 -0.4413102 0.1455081 0.8859077 -0.4365099 0.1569299 0.888229 -0.4353414 0.1467217 0.8892486 -0.426952 0.1641615 0.8903318 -0.4288022 0.1530956 0.8916673 -0.4178517 0.1741536 0.8950328 -0.41722 0.157619 0.8960325 -0.4107141 0.1686408 0.6950716 -0.642466 0.3226653 0.6948934 -0.6491267 0.3094477 0.6948803 -0.6437644 0.3204823 0.6814059 -0.6637345 0.308452 0.6798313 -0.6754626 0.2856217 0.8901251 -0.4557064 0.003005087 0.6926615 -0.7070446 -0.1425065 0.6973455 -0.6973871 -0.1654102 0.6938667 -0.7044717 -0.1492268 0.1525232 -0.9156398 -0.3719416 0.4341047 -0.8578735 -0.2749658 0.4300352 -0.866588 -0.2531701 0.4328742 -0.8601564 -0.269724 0.1381319 0.9727388 0.1862763 0.1414881 0.9655516 0.2183834 0.145069 0.9757895 0.1636765 0.1905691 0.9595119 0.2074139 0.3906801 0.8974311 0.2049062 0.3879835 0.8939685 0.2242523 0.3886328 0.9095264 0.147399 0.5035762 0.8535941 0.1333723 0.4763909 0.867989 0.1401674 0.4574511 0.877089 0.1464707 0.4287581 0.8890064 0.1607308 0.4060288 0.8956586 0.1814842 0.4343754 -0.7789233 0.4523234 0.1373351 0.9727004 0.1870647 0.1364163 0.9685161 0.2082481 0.1371844 0.9682487 0.2089855 0.1364398 0.9633303 0.2310392 0.1370331 0.9631139 0.2315893 0.1364871 0.9576065 0.2536953 0.1369248 0.9574388 0.2540919 0.136598 0.9513331 0.2762364 0.1368464 0.9512344 0.2764529 0.1367236 0.9445323 0.2986058 0.1368009 0.9444987 0.2986766 0.1369105 0.9371917 0.3208228 0.1367971 0.9372383 0.320735 0.137113 0.929332 0.3428443 0.1368513 0.9294494 0.3426302 0.137364 0.9209427 0.364686 0.136912 0.9211475 0.3643385 0.1376639 0.9120359 0.3863148 0.1370431 0.9123315 0.3858375 0.1379941 0.9026133 0.407734 0.1371861 0.9030046 0.4071398 0.1383734 0.8926852 0.4289125 0.1373799 0.893175 0.4282119 0.1387833 0.882254 0.4498524 0.1376286 0.8828388 0.4490591 0.1392304 0.8713265 0.470537 0.1378951 0.8720158 0.4696524 0.1397306 0.8599097 0.4909489 0.1382076 0.8607022 0.4899902 0.1402551 0.8480105 0.5110841 0.1385774 0.8489028 0.5100591 0.1408125 0.835626 0.5309436 0.1389838 0.8366331 0.5298384 0.1414169 0.8227762 0.5504914 0.1394084 0.8238891 0.5493378 0.142042 0.8094675 0.5697249 0.1398833 0.8106761 0.5685393 0.1415028 0.8021948 0.5800521 0.1431155 0.7968738 0.5869499 0.1407575 0.7952936 0.5896572 0.1434033 0.7814571 0.6072564 0.1409513 0.7828946 0.6059776 0.1441401 0.7667961 0.6254976 0.1415427 0.7683295 0.6242079 0.144896 0.751689 0.6434041 0.1421705 0.753322 0.6421009 0.1456785 0.7361394 0.6609665 0.1428372 0.7378762 0.6596486 0.4209583 0.7015894 0.5749492 0.4181757 0.7152759 0.5599193 0.4189863 0.7145897 0.5601894 0.416315 0.7278339 0.5449216 0.417065 0.7272043 0.5451887 0.414546 0.7400053 0.529664 0.4152463 0.739404 0.529955 0.4128639 0.7517607 0.5141978 0.4135318 0.7511994 0.5144814 0.4112825 0.7631323 0.4984734 0.4119002 0.7626227 0.4987434 0.4098122 0.7740922 0.4825302 0.4103685 0.773633 0.4827936 0.4084246 0.7846518 0.4663807 0.4089269 0.7842364 0.4666392 0.4071571 0.7947962 0.4500248 0.4076055 0.7944344 0.4502576 0.4059911 0.804541 0.4334573 0.4063714 0.804235 0.4336688 0.4049271 0.8138829 0.4166877 0.4052459 0.8136194 0.4168922 0.4039793 0.8228023 0.3997464 0.4042339 0.8225918 0.3999224 0.4031156 0.8313251 0.3826178 0.4033105 0.8311699 0.3827497 0.4023718 0.8394305 0.3653128 0.4025106 0.8393207 0.3654124 0.4017425 0.8471136 0.3478529 0.4018067 0.8470646 0.3478979 0.4012115 0.8543834 0.3302403 0.4012039 0.8543885 0.330236 0.4007961 0.8612359 0.3124663 0.4007299 0.8612861 0.312413 0.4004813 0.8676664 0.2945675 0.4003597 0.8677631 0.2944477 0.4002799 0.8736733 0.276534 0.4000734 0.8738217 0.276364 0.4001814 0.8792597 0.2583747 0.3999152 0.8794494 0.2581405 0.4001711 0.8844257 0.2401133 0.3998436 0.8846564 0.2398089 0.400291 0.889152 0.2217562 0.3998857 0.8894321 0.2213643 0.4004952 0.8934627 0.2032929 0.4000199 0.8937801 0.2028334 0.4008187 0.8973348 0.1847557 0.4002864 0.8976855 0.1842053 0.4012181 0.9007875 0.1661509 0.4006065 0.9011774 0.1655107 0.4025928 0.9058957 0.1314229 0.1998357 0.9682477 0.1502066 0.4196871 0.6867082 0.5935442 0.4221344 0.6926501 0.5848405 0.4201233 0.7023191 0.5746688 0.147351 0.70378 0.6949687 0.1442692 0.7057203 0.6936464 0.1482042 0.6869862 0.7113969 0.1450659 0.689015 0.7100805 0.1491043 0.6697799 0.7274358 0.1458479 0.6718951 0.7261443 0.1500164 0.6521743 0.7430772 0.1466518 0.6543952 0.7417954 0.1491347 0.6426958 0.7514659 0.1508839 0.636567 0.7563178 0.1481443 0.6335889 0.7593541 0.1518802 0.6158022 0.7731235 0.1483933 0.6181736 0.7719074 0.1528352 0.5970383 0.7875194 0.1492763 0.599493 0.7863363 0.153791 0.5778986 0.8014872 0.1501903 0.5804361 0.8003356 0.154766 0.5584124 0.8149989 0.1510968 0.5610045 0.8139066 0.1557445 0.5385516 0.8280736 0.1520391 0.5412221 0.8270204 0.1567461 0.518347 0.8406825 0.1529796 0.5210689 0.8396931 0.1577574 0.497793 0.8528274 0.1539682 0.5005713 0.8518933 0.1587016 0.4769119 0.8645051 0.1549388 0.4797337 0.8636258 0.1597154 0.4556888 0.8756933 0.1559001 0.4585676 0.8748776 0.158826 0.4437711 0.8819534 0.1606662 0.4373759 0.8848101 0.1576983 0.4329118 0.8875351 0.1616233 0.4123026 0.896596 0.1578896 0.4152489 0.8959014 0.1625781 0.3901479 0.9062853 0.1588721 0.3930985 0.9056673 0.163539 0.3676956 0.9154534 0.1598262 0.3706783 0.9149062 0.1644678 0.3449601 0.9240958 0.1607916 0.3479437 0.9236241 0.1653714 0.3219559 0.9322 0.1617752 0.3249349 0.9317972 0.1662698 0.2986797 0.9397578 0.1627352 0.3016449 0.9394295 0.1671484 0.2751313 0.9467652 0.1636683 0.2780966 0.9465067 0.1679918 0.2513769 0.953199 0.1645692 0.2542968 0.9530217 0.1687722 0.2273723 0.9590713 0.1654606 0.2302867 0.958953 0.1679482 0.2138762 0.9623152 0.1698486 0.2064158 0.9636099 0.1669912 0.2015475 0.9651387 0.1702955 0.1788065 0.9690344 0.1671447 0.181627 0.9690585 0.1709741 0.15424 0.9731279 0.1679134 0.1570199 0.9732163 0.1715835 0.1295334 0.9766168 0.168693 0.1322271 0.9767593 0.1721958 0.1046752 0.9794855 0.1693946 0.1073105 0.9796887 0.1727263 0.07969754 0.9817402 0.1700636 0.08223867 0.9819955 0.1732466 0.05459976 0.9833639 0.170659 0.05707228 0.983676 0.1730145 0.03568947 0.9842725 0.1716368 0.03820341 0.9844193 0.1743645 0.01236283 0.9846036 0.1712616 0.01460099 0.9851174 0.1743596 -0.01745462 0.9845274 0.1721689 -0.01526945 0.9849492 0.1737666 -0.032925 0.9842364 0.1758853 -0.04040706 0.9835811 0.1730238 -0.04573446 0.9838553 0.1748875 -0.06812673 0.9822287 0.1729658 -0.06617563 0.9827023 0.1750803 -0.09346723 0.9801076 0.1732386 -0.09163761 0.9806075 0.1751869 -0.1187909 0.9773424 0.1735062 -0.1170807 0.9778486 0.1748369 -0.1377712 0.9749109 0.1739963 -0.1361011 0.9752957 0.1752232 -0.1566513 0.9719862 0.1737797 -0.1551527 0.9724856 0.1751877 -0.1818048 0.9676034 0.1738539 -0.1804341 0.9681004 0.1751011 -0.206838 0.9625787 0.1738921 -0.2056042 0.9630621 0.1749306 -0.2317432 0.9569193 0.1738795 -0.2306606 0.9573723 0.1747083 -0.2564976 0.950624 0.1775668 -0.2762747 0.9445329 0.1744078 -0.2802133 0.943961 0.173788 -0.2555418 0.9510501 0.1737879 -0.2887594 0.9414966 0.1740569 -0.3054879 0.9361525 0.1734208 -0.3048074 0.9364923 0.1736594 -0.3296692 0.9279875 0.1731529 -0.3291268 0.9282745 0.1732249 -0.3536404 0.9192017 0.1727856 -0.3532203 0.9194459 0.1727015 -0.3773464 0.9098263 0.1724207 -0.3770632 0.909997 0.1721199 -0.4008127 0.8998466 0.1719214 -0.4006398 0.8999616 0.171194 -0.4354438 0.8837881 0.1712045 -0.4354479 0.883784 0.1700275 -0.4693427 0.866492 0.1703758 -0.4696807 0.8662402 0.169506 -0.4909522 0.8545371 0.1698327 -0.4912456 0.8543036 0.1691431 -0.5071658 0.8450879 0.1717171 -0.5124884 0.8413496 0.1689227 -0.5178374 0.8386355 0.1681153 -0.5336461 0.82883 0.168385 -0.5338808 0.8286241 0.1672477 -0.5546286 0.8151168 0.1675958 -0.5549589 0.8148205 0.1664131 -0.5750484 0.8010156 0.1668276 -0.5754606 0.8006334 0.1655912 -0.5950216 0.7864661 0.1659836 -0.595395 0.7861007 0.1646655 -0.6146774 0.7713994 0.1650418 -0.6150093 0.7710543 0.1636447 -0.6339861 0.755832 0.1639606 -0.6342695 0.7555257 0.1624952 -0.6529751 0.7397425 0.1627493 -0.6532048 0.7394838 0.161155 -0.6716239 0.7231531 0.1614531 -0.6718561 0.722871 0.1597344 -0.6898615 0.7060992 0.1600524 -0.6901022 0.7057919 0.1588061 -0.7025011 0.6937384 0.1611865 -0.7077934 0.6877845 0.1582641 -0.7113063 0.6848328 0.1567166 -0.724974 0.6707106 0.1572539 -0.7253757 0.6701503 0.155279 -0.7417104 0.6524984 0.1559495 -0.7421945 0.6517876 0.1539329 -0.7578755 0.6339792 0.1547267 -0.7584096 0.6331466 0.1527166 -0.7734752 0.6151536 0.1536179 -0.7740931 0.614151 0.1516365 -0.788488 0.5960647 0.1526662 -0.7891333 0.594947 0.1506831 -0.802936 0.5767049 0.1518193 -0.8035883 0.575497 0.1498719 -0.8168283 0.5570727 0.1510492 -0.8174721 0.555809 0.1478666 -0.8388614 0.523877 0.1641402 -0.8412325 0.5151562 0.1490703 -0.8562904 0.4945147 0.1465025 0.7201749 0.6781485 0.1435501 0.7220064 0.676831 0.422259 0.6883779 0.5897739 0.4251632 0.674403 0.6036695 0.4242691 0.6751976 0.6034103 0.4273841 0.6602084 0.6176308 0.4264716 0.661042 0.6173698 0.4296958 0.6456227 0.6312947 0.4287077 0.6464996 0.631069 0.4320679 0.6306504 0.6446686 0.4310247 0.631577 0.6444597 0.4344649 0.6152922 0.6577659 0.4334032 0.6162661 0.6575544 0.4369115 0.5995278 0.670578 0.4358292 0.6005371 0.6703792 0.4394125 0.5833898 0.6830615 0.4383025 0.5844262 0.6828888 0.4419744 0.5668466 0.6952294 0.4407927 0.5679489 0.6950798 0.4445394 0.5499391 0.7070727 0.4433264 0.5510853 0.7069418 0.4471349 0.5326442 0.7185823 0.445874 0.5338179 0.7184948 0.449777 0.514943 0.7297496 0.4484738 0.516153 0.7296968 0.4523766 0.4968901 0.7405781 0.4510856 0.4981253 0.7405357 0.4550376 0.4784234 0.7510339 0.4537218 0.4796991 0.7510161 0.4576987 0.4595778 0.7611177 0.456341 0.4608989 0.7611341 0.4603364 0.4403643 0.7708241 0.4589603 0.4417198 0.7708691 0.4629664 0.4207756 0.7801347 0.4616216 0.42213 0.7801998 0.4656156 0.4007916 0.78903 0.4642011 0.402198 0.7891477 0.4681959 0.3804655 0.7975203 0.4667901 0.3818746 0.7976709 0.4707797 0.3597528 0.8055709 0.4693397 0.3611858 0.8057699 0.473298 0.3386904 0.8131899 0.4718685 0.340147 0.8134127 0.4757707 0.3172605 0.8203586 0.4743483 0.318731 0.8206121 0.4782106 0.29548 0.8270467 0.4767691 0.2969607 0.8273485 0.4805819 0.2733596 0.8332561 0.4791362 0.2748688 0.8335921 0.4828806 0.2509694 0.8389521 0.4813905 0.2525032 0.8393482 0.485045 0.228284 0.8441669 0.4835794 0.2298321 0.8445876 0.4871351 0.2053334 0.8488449 0.4856714 0.2068892 0.8493058 0.4891272 0.1821269 0.8529855 0.4876627 0.1837016 0.8534864 0.4909763 0.1586661 0.8566023 0.4895387 0.160253 0.8571295 0.4927469 0.1350067 0.8596358 0.491299 0.1365912 0.860214 0.4943818 0.1111286 0.8621121 0.4929288 0.1127244 0.8627366 0.4958913 0.08707225 0.8640083 0.4944364 0.0886718 0.8646792 0.4966478 0.06891858 0.8652117 0.4957861 0.07056391 0.8655732 0.498303 0.04638683 0.8657612 0.4964433 0.04792845 0.866745 0.4994337 0.01756113 0.8661741 0.4980021 0.01913952 0.8669646 0.5003893 -0.007035017 0.8657721 0.4989692 -0.00547719 0.8666024 0.5012001 -0.03168541 0.8647511 0.4998026 -0.03013825 0.8656149 0.501846 -0.05640453 0.863116 0.5004748 -0.05487608 0.8640102 0.5023377 -0.08116751 0.8608534 0.500988 -0.07966953 0.8617795 0.5023038 -0.09976667 0.8589166 0.5015895 -0.09820795 0.8595134 0.5027742 -0.1182786 0.8562875 0.5014351 -0.116818 0.8572728 0.5028511 -0.1429581 0.8524693 0.5015555 -0.1415205 0.8534719 0.5027561 -0.1675541 0.8480342 0.5014802 -0.1661527 0.8490647 0.5024939 -0.1920555 0.8429797 0.5012549 -0.1906864 0.8440275 0.5020654 -0.2164004 0.837318 0.5008614 -0.2150794 0.8383787 0.5014801 -0.2406011 0.8310409 0.5003318 -0.2393118 0.8321046 0.5007417 -0.2646228 0.8241557 0.499613 -0.2633606 0.8252444 0.4998485 -0.2884393 0.8166727 0.498703 -0.2872326 0.8177975 0.4987875 -0.3120459 0.8086027 0.497648 -0.3108739 0.8097556 0.4975256 -0.3354132 0.799979 0.4964812 -0.3342732 0.8011043 0.4961668 -0.3585033 0.7907552 0.4950876 -0.3574059 0.7919276 0.4942709 -0.3924944 0.7756575 0.4921607 -0.3916941 0.7774019 0.491085 -0.4255795 0.7600775 0.4905914 -0.4251046 0.7606617 0.4897783 -0.4455189 0.7494199 0.4890624 -0.4448587 0.7502792 0.4881535 -0.4656913 0.7381314 0.4871951 -0.4647952 0.7393284 0.4861791 -0.486016 0.7262358 0.4850145 -0.4850145 0.7276825 0.4839051 -0.5061855 0.7138712 0.4828944 -0.5053232 0.7151654 0.4816648 -0.5254572 0.7013514 0.4807679 -0.524702 0.7025313 0.4795225 -0.5441841 0.6884198 0.4784503 -0.5433233 0.6898443 0.4771065 -0.5628125 0.67499 0.4758793 -0.5618281 0.6766743 0.4744458 -0.5812942 0.6610584 0.4729179 -0.5801819 0.6631272 0.4713768 -0.5997534 0.6466064 0.4695684 -0.5985035 0.6490756 0.4678881 -0.618148 0.6316437 0.4659658 -0.6168569 0.6343214 0.4641389 -0.6362119 0.6162869 0.4621122 -0.634933 0.6191223 0.4601764 -0.6539162 0.6005259 0.4581423 -0.6527186 0.6033772 0.4561211 -0.6710841 0.5844654 0.4543581 -0.6700962 0.5869666 0.4522697 -0.6873857 0.5682895 0.4507771 -0.6866042 0.5704163 0.4487208 -0.7028837 0.5519096 0.4474304 -0.7022916 0.5537081 0.4454175 -0.7176182 0.5353758 0.4444743 -0.7172005 0.536718 0.4424803 -0.7315094 0.5187535 0.441846 -0.7312287 0.5196892 0.4399379 -0.7446083 0.5020092 0.4395148 -0.7444518 0.5026116 0.43772 -0.7570036 0.4851256 0.4375337 -0.7569345 0.4854015 0.4341255 -0.7790677 0.4523149 0.4024333 -0.8290922 0.3881415 0.4285327 -0.8169618 0.385919 0.4197874 -0.8833242 -0.2086073 0.1468277 -0.9484704 -0.2807945 0.1349135 -0.9489504 -0.2851167 0.1439563 -0.8873861 0.4379758 0.1401423 -0.8880929 0.4377798 0.131485 -0.9417721 0.309479 0.30549 -0.8993128 0.3129096 0.3495363 -0.923522 0.1578976 0.3784419 -0.9115439 0.1608404 0.3802682 -0.8823117 0.277349 0.2427293 -0.9289905 0.2793906 0.3984541 -0.8592776 0.3207435 0.1299536 -0.9569832 0.2594132 0.1279868 -0.9780691 0.1643173 0.1238612 -0.978495 0.1649432 0.1281859 -0.9889066 0.07504707 0.2264915 -0.9736793 0.02550411 0.1221188 -0.9925134 -0.00206989 0.1368991 -0.9816455 -0.1327812 0.2449514 -0.9644165 -0.09949785 0.1317834 -0.9723905 -0.1925877 0.4047247 -0.8885311 -0.2161261 0.3826969 -0.9196401 -0.08834689 0.3841081 -0.9190593 -0.08826726 0.3757058 -0.9266996 -0.008554697 0.2766165 -0.9605378 0.02916353 0.3754422 -0.9252652 0.05410856 0.3736588 -0.9218428 0.1028839 0.1506851 -0.8419885 0.5180246 0.4294656 -0.8106309 0.3980413 0.4327535 -0.7935579 0.4277737 -0.9771449 0.205601 0.05400174 -0.9751269 0.2137079 0.05879223 -0.9746596 0.2164105 0.05661416 -0.9598792 0.2666003 0.08692806 -0.9559584 0.2839963 0.07409393 -0.9342178 0.3401058 0.1075419 -0.9277217 0.3568755 0.1094185 -0.9051517 0.4024615 0.1368408 -0.8914875 0.4339861 0.1300239 -0.8464397 0.5038049 0.1723966 -0.8207291 0.5454265 0.1700407 -0.7497871 0.6241056 0.2197991 -0.7735501 0.5970957 0.2123612 -0.7366017 0.6354649 0.2315221 -0.7641103 0.6040647 0.2263653 -0.7297575 0.64023 0.2399159 -0.7237905 0.6796396 0.1192367 -0.7255895 0.6450112 0.2397512 -0.5759039 0.7662943 0.2848295 -0.7218936 0.5962511 0.3512183 -0.7151821 0.6881409 0.1223791 -0.6871489 0.6292167 0.3631981 -0.7261141 0.6755135 0.1282182 -0.6965668 0.7054743 0.1307702 -0.7092735 0.6897438 0.1455496 -0.6760086 0.7237563 0.1385254 -0.6881282 0.707745 0.1599277 -0.6589372 0.737895 0.1459886 -0.6730777 0.7211167 0.1641863 -0.6424856 0.7523605 0.1454858 -0.6492897 0.7397138 0.1767669 -0.6157039 0.7743082 0.1461358 -0.6160141 0.7661378 0.1831926 -0.5863678 0.7969805 0.1448969 -0.5846571 0.7909457 0.1805028 -0.7274351 0.5749382 0.3745455 -0.6248701 0.6797799 0.3839749 -0.6654225 0.6154382 0.422432 -0.5564033 0.7281633 0.4002422 -0.5914053 0.6631807 0.4587277 -0.4977434 0.7615707 0.4150441 -0.5434755 0.696174 0.4690163 -0.4460345 0.7955635 0.4100391 -0.4584404 0.7384679 0.4944669 -0.358401 0.841466 0.4043313 -0.3471969 0.7923907 0.5015688 -0.2609609 0.8822342 0.3918703 -0.2459548 0.8383161 0.4865516 -0.5616527 0.8150897 0.1420397 -0.2058755 0.904177 0.3742718 -0.1938422 0.8952261 0.4012424 -0.5645703 0.8147106 0.132315 -0.5537294 0.8251988 0.1114937 -0.5636394 0.8200058 0.09950518 -0.5518801 0.8315964 0.062258 -0.5587378 0.8274014 0.05673629 -0.1768224 0.9315098 0.3178419 -0.1732614 0.9321052 0.3180572 -0.1995217 0.9491897 0.2433722 -0.179006 0.9674662 0.1787907 -0.2030382 0.9655057 0.1630161 -0.5418246 0.8388362 -0.05272495 -0.5213109 0.8533557 0.004367947 -0.4928598 0.8639891 -0.103015 -0.5023596 0.8628503 -0.05589562 -0.4727574 0.868038 -0.1516922 -0.4641793 0.8790999 -0.1082646 -0.409545 0.883431 -0.2276461 -0.4083471 0.8906517 -0.1999811 -0.3498437 0.8912212 -0.2886767 -0.351596 0.8935759 -0.2791101 -0.2959442 0.892189 -0.3411976 -0.2931622 0.8897309 -0.3499068 -0.2651759 0.8893643 -0.372442 -0.2518655 0.8879581 -0.3848301 -0.2337899 0.8870465 -0.398109 -0.217245 0.8778818 -0.4267649 -0.1829178 0.8770608 -0.444191 -0.1496282 0.8621037 -0.484137 -0.1331233 0.8619201 -0.4892565 -0.08276849 0.8435549 -0.5306266 -0.08005714 0.8435565 -0.5310399 -0.01454329 0.8186854 -0.5740581 -0.1936706 0.97682 0.09118318 -0.1809386 0.9818168 0.05742007 -0.1809939 0.9818177 0.05722981 -0.1717365 0.9848712 0.02313566 -0.1725669 0.9845998 0.02800011 -0.1618917 0.9867752 -0.008112549 -0.1617316 0.9868056 -0.007591426 -0.1392816 0.9886171 -0.05689436 -0.1406044 0.9879064 -0.06535583 -0.1198834 0.988063 -0.09674471 -0.1189192 0.9865675 -0.1119945 -0.1023917 0.9861525 -0.1304581 -0.0985952 0.9834606 -0.1519352 -0.09542447 0.9833808 -0.1544554 -0.08185333 0.9823796 -0.1680192 -0.08286952 0.9824227 -0.1672675 -0.07308274 0.9786325 -0.1921911 -0.06635487 0.9784414 -0.1955748 -0.05166572 0.9740381 -0.2204099 -0.04952794 0.9740021 -0.2210587 -0.03114897 0.9697979 -0.2419133 -0.0306313 0.9697951 -0.2419901 -0.01082861 0.9653535 -0.2607211 -0.009740471 0.8187346 -0.5740897 -0.01195269 0.8271629 -0.5618352 0 0.7617661 -0.6478521 0 0.9654106 -0.2607345 0 0.8761098 -0.4821116 0.1936706 0.97682 0.09118318 0.1809384 0.9818167 0.0574221 0.5506972 0.8347048 -8.24924e-4 0.1809939 0.9818177 0.05722981 0.1730319 0.9845228 0.02783489 0.1711726 0.9849661 0.02327609 0.1620091 0.9867592 -0.00771594 0.1615504 0.9868321 -0.007996261 0.1365663 0.9886392 -0.06278711 0.1443806 0.9877264 -0.0595892 0.1131283 0.9878134 -0.1068961 0.1272975 0.9865458 -0.1025812 0.09114223 0.9855272 -0.1429309 0.1118593 0.9836167 -0.1413713 0.08060491 0.9827988 -0.1661613 0.0969761 0.9828667 -0.156745 0.0662229 0.9815123 -0.1795781 0.09105354 0.9788709 -0.1830875 0.04642641 0.97755 -0.2055255 0.07176882 0.9741424 -0.2142334 0.02829384 0.9733775 -0.2274554 0.05151087 0.969699 -0.2388104 0.009837329 0.969461 -0.2450481 0.02987247 0.9649789 -0.2606214 0.5071696 0.8602726 -0.05205988 0.5059107 0.8607171 -0.05675029 0.4885721 0.8664644 -0.1026498 0.4846358 0.8670904 -0.1152493 0.4474041 0.8821606 -0.1470456 0.4200103 0.8837773 -0.206226 0.3944483 0.8917238 -0.2218996 0.3547407 0.8915518 -0.2815927 0.3456576 0.8937242 -0.2859684 0.290578 0.8917375 -0.3469418 0.2993658 0.889657 -0.3448053 0.2510125 0.888748 -0.383562 0.2662706 0.8883622 -0.3740487 0.2108938 0.8852693 -0.4145144 0.2413848 0.8776728 -0.4140337 0.1436175 0.8745526 -0.4631757 0.1881154 0.8615307 -0.4715691 0.08010369 0.8595932 -0.5046612 0.1321349 0.8425055 -0.5222308 0.01649415 0.8416629 -0.5397514 0.07099878 0.8167071 -0.572668 0.5573364 0.8290316 0.04563951 0.190185 0.973518 0.1268559 0.1991032 0.971059 0.1319181 0.554728 0.8308607 0.04412811 0.5612794 0.8240208 0.07717162 0.5508556 0.830909 0.07841235 0.5678586 0.8140652 0.1217978 0.5526666 0.8235852 0.1275436 0.2052644 0.9575913 0.2022013 0.1583821 0.957861 0.2396199 0.1921193 0.9430122 0.2716953 0.2214801 0.9112037 0.3473537 0.1681105 0.918178 0.3587312 0.7415271 0.5761632 0.3437639 0.7268255 0.6765902 0.1181128 0.6826309 0.6242827 0.3798502 0.6968934 0.6092349 0.3783815 0.6113675 0.6754305 0.412339 0.6332755 0.6521911 0.4166641 0.5339685 0.7265896 0.4323719 0.5686771 0.6895474 0.4484761 0.4824898 0.7616848 0.4324811 0.5191424 0.7237623 0.454598 0.4055293 0.7972845 0.4470832 0.4246122 0.7772837 0.464257 0.301085 0.8443897 0.4431185 0.3159734 0.8286596 0.4620437 0.2052624 0.8839916 0.4200314 0.7153052 0.6867671 0.1291881 0.713276 0.6888401 0.1293705 0.6950175 0.7047222 0.1425392 0.6954201 0.7043076 0.142625 0.6721323 0.7246096 0.1522473 0.6780812 0.7184386 0.1550873 0.6559239 0.7390261 0.1536373 0.6625531 0.7322278 0.1576894 0.6337032 0.7563413 0.1623826 0.6346245 0.7553877 0.1632212 0.6021162 0.7811757 0.1649872 0.602644 0.7806242 0.1656695 0.5723223 0.8043427 0.1596246 0.7237889 0.6796413 0.1192364 0.7256152 0.6443453 0.2414579 0.7297636 0.6408598 0.2382097 0.725394 0.6452063 0.2398175 0.4157364 0.8069973 0.4194266 0.7735868 0.5998837 0.2042136 0.7502688 0.6217901 0.224664 0.7648449 0.6065516 0.2170427 0.7367903 0.6331256 0.2372599 0.9771449 0.205601 0.05400174 0.9746654 0.2154939 0.05991435 0.9746494 0.2164658 0.05658042 0.956025 0.2779291 0.09365749 0.9563815 0.2827826 0.07327055 0.9276838 0.3548092 0.1162467 0.9327057 0.3456916 0.1027505 0.8918104 0.4263429 0.1513482 0.8998892 0.4189796 0.1210603 0.8213233 0.536861 0.1928953 0.8395141 0.520787 0.1549099 -0.1328514 0.9358133 0.326503 -0.1279492 0.9250657 0.3576067 -0.09995692 0.9279293 0.3591045 -0.06982409 0.9031334 0.4236444 -0.05266028 0.9054313 0.4212139 -0.03307795 0.8866387 0.4612786 0.02793252 0.8852927 0.4641945 -0.0101813 0.8763241 0.4816146 -0.00133717 0.866157 0.4997702 -0.146636 0.9442544 0.2947567 -0.2188529 0.9405926 0.2595943 -0.2198827 0.9408702 0.2577114 -0.2853277 0.9312716 0.2265426 -0.2871001 0.9313853 0.2238191 -0.3514356 0.9141132 0.2022133 -0.3461765 0.9147101 0.2084885 -0.387274 0.9032313 0.1849115 -0.3802939 0.9046763 0.1921914 -0.4238336 0.8876513 0.1801126 -0.4135884 0.8908725 0.1878589 -0.4433817 0.8791393 0.1747193 -0.4336034 0.8827463 0.1809621 -0.4605657 0.8697497 0.1772419 -0.4566238 0.8715193 0.1787424 -0.4699821 0.864277 0.1792827 -0.4703009 0.8641157 0.1792235 -0.4708306 0.8638153 0.1792815 -0.4856874 0.855549 0.1792865 -0.4792026 0.8595852 0.1774214 -0.509664 0.8412904 0.1802032 -0.4967097 0.8501071 0.1749214 -0.52223 0.8336344 0.1798047 -0.5165554 0.8375685 0.1779035 -0.5235989 0.8330883 0.178348 -0.5201925 0.835357 0.1777035 -0.9306055 0.3492866 0.1094173 -0.8975593 0.4239801 0.1209477 -0.8975048 0.424079 0.1210049 -0.8167079 0.559454 0.1414197 -0.8167744 0.5593137 0.1415908 -0.7129734 0.6829578 0.158863 -0.7130367 0.6828303 0.1591277 -0.5901037 0.7887181 0.1723417 -0.5901887 0.7886002 0.1725896 -0.1538766 -0.9578294 0.2426624 -0.6216062 -0.7633742 0.1756867 -0.05829918 -0.9632455 0.2622199 -0.03236371 -0.9624179 0.2696377 -0.01824951 -0.9614034 0.274537 0 -0.9594744 0.281796 0.006748855 -0.9602834 0.278945 0.02191126 -0.9617245 0.2731412 0.051705 -0.9632785 0.2634789 0.153872 -0.9578297 0.2426639 0.621601 -0.7633789 0.175684 -0.006813406 -0.9602878 0.2789286 0 -0.9594753 0.2817931 0 -0.9044318 0.4266185 0 -0.904432 0.4266178 0 -0.7904783 0.6124902 0 -0.7904787 0.6124898 0 -0.63895 0.7692483 0 -0.6389501 0.7692483 0 -0.4570507 0.8894407 0 -0.4570509 0.8894407 0 -0.2534256 0.967355 0 -0.2534255 0.9673549 0 -0.8660256 0.4999998 0 -0.8660255 0.4999998 -1.15608e-5 -0.8660274 0.4999967 -1.31937e-6 -0.8660255 0.5 -1 1.58814e-6 0 -1 8.06942e-7 0 -1 0 0 -1 -2.20068e-7 0 -1 -3.1636e-7 0 -1 -9.39567e-7 0 -1 -2.49057e-7 0 -1 2.62463e-7 0 -1 -2.77103e-7 0 -1 2.05403e-7 0 -1 7.42521e-7 0 -1 -1.61053e-6 0 -1 5.89745e-7 0 1 0 0 1 0 0 1 -3.35672e-7 0 1 0 0 1 -1.47422e-7 0 1 0 0 1 1.7309e-7 0 1 0 0 1 0 0 1 2.01316e-7 0 1 2.94873e-7 0 1 0 0 1 0 0 1 0 0 1 1.90179e-6 0 0.04416954 -0.8651809 0.499511 0.1171218 -0.8530502 0.5085153 0.3550716 -0.8144187 0.4589624 0.1554256 -0.8563474 0.4924553 0.3464354 -0.8117483 0.4701567 0.4805444 -0.7594935 0.4384595 0.7073915 -0.6120312 0.3535748 0.691459 -0.6242335 0.3636169 0.8534743 -0.4513193 0.2605619 0.9662552 -0.2230128 0.1289043 0.9659256 -0.2241456 0.129409 -0.8928334 -0.3900014 0.2252724 -0.9698303 -0.2078626 0.1273673 -0.9340994 -0.2953004 0.2006394 -0.9836767 -0.1558359 0.0899747 -0.819545 -0.496317 0.2863835 -0.6574455 -0.6464178 0.3871814 -0.7098866 -0.6090154 0.3537816 -0.51472 -0.7424942 0.4286792 -0.4042657 -0.792101 0.4573241 -0.3935373 -0.7964058 0.4592018 -0.2373077 -0.8411474 0.485959 -0.1275885 -0.8601191 0.4938791 -0.04319411 -0.8680613 0.4945745 -0.1573972 -0.854788 0.4945338 -0.01575863 -0.8659108 0.4999503 0 -0.1798146 -0.9837005 0 -0.1798146 -0.9837005 0 -0.2764531 -0.9610275 0 -0.3703675 -0.9288854 0 -0.460634 -0.8875903 0 -0.5463604 -0.8375503 0 -0.5463607 -0.83755 0 -0.626704 -0.7792574 0 -0.626704 -0.7792575 0 -0.7008729 -0.7132863 0 -0.7008728 -0.7132863 0 -0.7681354 -0.6402875 0 -0.768135 -0.6402881 0 -0.8278295 -0.56098 0 -0.8793674 -0.4761438 0 -0.8793666 -0.4761453 0 -0.9222402 -0.3866176 0 -0.9222403 -0.3866176 0 -0.9560266 -0.2932802 0 -0.956026 -0.2932819 0 -0.9803923 -0.1970559 0 -0.9950987 -0.09888762 -1 0 0 -1 -4.86869e-7 0 -1 -6.06289e-7 0 -1 6.31556e-7 0 -1 -1.50132e-7 0 -1 -1.43434e-7 0 -1 5.50749e-7 0 -1 3.65206e-7 0 -1 -1.58482e-7 0 -1 -3.09845e-7 0 -1 4.67376e-7 0 -1 0 0 -1 -4.76131e-7 0 -1 4.80361e-7 0 -1 0 0 -1 -7.39455e-6 0 -1 5.13082e-7 0 -1 -4.75355e-7 0 -1 8.84787e-7 0 -1 7.23824e-7 0 -1 0 0 -1 -3.13554e-7 0 -1 1.4625e-7 0 -1 0 0 -1 0 0 -1 1.10576e-6 0 -1 -7.26201e-7 0 -1 1.00374e-6 0 -1 -5.09288e-7 0 -1 -2.14437e-7 0 -1 3.17806e-7 0 -1 6.15432e-7 0 -1 -3.72416e-7 0 -1 -3.94469e-7 0 -1 -5.77253e-7 0 -1 1.9996e-7 0 -1 -3.72816e-7 0 1 6.19396e-7 0 1 -1.83758e-7 0 1 -5.73734e-7 0 1 5.84327e-7 0 1 0 0 1 -5.09647e-7 0 1 3.94722e-7 0 1 -1.6488e-7 0 1 9.60723e-7 0 1 -9.52261e-7 0 1 -4.95752e-7 0 1 1.93051e-7 0 1 4.64807e-7 0 1 -3.1799e-7 0 1 0 0 1 -1.4625e-7 0 1 1.56777e-7 0 1 -3.41172e-7 0 1 3.16673e-7 0 1 1.99896e-6 0 1 6.42642e-7 0 1 -4.97089e-7 0 1 3.33266e-7 0 1 0 0 1 4.42393e-7 0 1 -2.54644e-7 0 1 -3.28103e-7 0 1 -2.76439e-7 0 1 -1.53857e-7 0 1 -6.31151e-7 0 1 1.74403e-7 0 1 0 0 1 1.86207e-7 0 0.9012197 -0.4330528 -0.01638013 0.4573138 -0.160185 -0.87476 0.9978002 -0.01208055 -0.06518292 0.7853195 -0.1120467 -0.608867 0.8778381 -0.08668601 -0.4710476 0.6088965 -0.7922825 -0.03916138 0.4805525 -0.8760668 -0.03970438 0.9991244 -0.04183155 -7.95522e-4 0.3522243 -0.9316964 -0.08876943 0.1749311 -0.6156662 -0.7683452 0.2585212 -0.9612708 -0.09552735 0.2585241 -0.9612702 -0.09552514 0.2585241 -0.9470638 -0.1903567 0.2585204 -0.9470646 -0.1903577 0.2585191 -0.9235271 -0.2833119 0.2585232 -0.9235262 -0.283311 0.2585227 -0.8908895 -0.3734731 0.2585207 -0.8908886 -0.3734766 0.2585214 -0.8494725 -0.4599599 0.2585219 -0.8494738 -0.4599574 0.2585235 -0.7996872 -0.5419096 0.258522 -0.7996889 -0.5419078 0.2585234 -0.7420212 -0.6185225 0.2585151 -0.7420254 -0.618521 0.2585185 -0.6770452 -0.6890414 0.25852 -0.6770484 -0.6890377 0.2585231 -0.6053999 -0.7527661 0.2585151 -0.6054012 -0.7527679 0.2585187 -0.5277859 -0.8090798 0.2585244 -0.5277888 -0.8090761 0.2585233 -0.4449731 -0.8574174 0.2585295 -0.4449741 -0.8574151 0.2585229 -0.3577775 -0.8973077 0.2585203 -0.357778 -0.8973083 0.2585229 -0.2670544 -0.9283576 0.2585108 -0.2670558 -0.9283606 0.2586078 -0.180855 -0.9489012 0.2130414 -0.1756867 -0.9611179 0.7921681 -0.6099587 -0.02049636 0.7048966 -0.7001376 -0.1137024 0.7066717 -0.7040738 -0.06996607 0.7066668 -0.7040784 -0.06996852 0.706671 -0.6936688 -0.1394265 0.7066699 -0.6936705 -0.1394236 0.7066703 -0.6764295 -0.2075096 0.7066673 -0.6764328 -0.2075094 0.7066735 -0.6525213 -0.2735485 0.7066698 -0.652525 -0.273549 0.7066709 -0.6221892 -0.3368928 0.7066707 -0.6221904 -0.3368913 0.7066715 -0.5857234 -0.3969176 0.7066709 -0.5857255 -0.3969154 0.7066717 -0.5434864 -0.4530315 0.7066706 -0.5434889 -0.4530303 0.7066718 -0.495896 -0.5046803 0.7066729 -0.4958965 -0.5046784 0.7066661 -0.4434214 -0.5513624 0.7066715 -0.4434195 -0.551357 0.7066729 -0.3865721 -0.5926007 0.7066695 -0.3865737 -0.5926037 0.7066733 -0.3259155 -0.6280063 0.7066664 -0.3259212 -0.6280113 0.7066679 -0.2620519 -0.6572286 0.7066742 -0.2620499 -0.6572225 0.7066681 -0.1956022 -0.6799707 0.7066742 -0.1956015 -0.6799645 0.7069344 -0.1399024 -0.6933045 0.598378 -0.1443244 -0.7881081 0.9758501 -0.2178658 -0.01584821 0.9656673 -0.2572936 -0.03587132 0.9658455 -0.2578486 -0.02562308 0.9658473 -0.257842 -0.02562385 0.9658447 -0.2540415 -0.05106014 0.9658457 -0.2540373 -0.05106049 0.9658465 -0.2477207 -0.07599437 0.9658463 -0.2477217 -0.07599407 0.9658464 -0.2389668 -0.1001788 0.9658447 -0.2389734 -0.1001793 0.9658459 -0.2278596 -0.123377 0.9658463 -0.2278583 -0.1233766 0.9658461 -0.2145047 -0.1453592 0.9658461 -0.2145044 -0.145359 0.9658464 -0.1990352 -0.1659088 0.9658454 -0.1990398 -0.1659099 0.9658459 -0.1816077 -0.1848254 0.9658464 -0.1816062 -0.1848243 0.9658469 -0.162386 -0.2019176 0.9658461 -0.1623902 -0.2019181 0.9658462 -0.1415706 -0.217023 0.9658458 -0.1415718 -0.2170239 0.965846 -0.1193577 -0.2299897 0.9658456 -0.1193607 -0.2299901 0.9658461 -0.09596866 -0.2406896 0.9658458 -0.09596902 -0.2406902 0.9658468 -0.0716322 -0.2490159 0.9658458 -0.07163393 -0.2490189 0.9659227 -0.05681377 -0.2525183 0.9543992 -0.05795609 -0.2928537 -0.9283609 -0.06580311 -0.3658089 -0.5637469 -0.1487794 -0.8124371 -0.00346595 -0.1797963 -0.9836978 -0.1721025 -0.1774924 -0.9689568 -0.9343303 -0.3468227 -0.08210444 -0.9758493 -0.2178693 -0.01584821 -0.9991241 -0.04183739 -7.95522e-4 -0.6873918 -0.7185802 -0.1055234 -0.8163232 -0.5772454 -0.02010446 -0.965924 -0.2585793 -0.01130002 -0.9658461 -0.2578466 -0.0256235 -0.9658455 -0.2578487 -0.02562379 -0.9658445 -0.2540416 -0.05106097 -0.9658465 -0.2540346 -0.05106061 -0.9658448 -0.2477271 -0.07599478 -0.9658467 -0.2477199 -0.07599443 -0.965846 -0.238968 -0.1001798 -0.9658455 -0.2389699 -0.1001796 -0.9658454 -0.2278613 -0.1233778 -0.9658464 -0.2278565 -0.1233777 -0.9658454 -0.2145069 -0.1453598 -0.9658453 -0.2145071 -0.1453601 -0.9658455 -0.1990388 -0.1659106 -0.9658464 -0.1990337 -0.1659103 -0.965845 -0.1816121 -0.184826 -0.965846 -0.1816067 -0.184826 -0.9658458 -0.1623919 -0.2019183 -0.9658458 -0.1623893 -0.2019201 -0.9658456 -0.1415736 -0.217024 -0.9658455 -0.1415712 -0.2170257 -0.9658453 -0.1193606 -0.2299915 -0.9658458 -0.1193583 -0.22999 -0.9658455 -0.09596902 -0.2406918 -0.9658457 -0.09596866 -0.2406913 -0.9658454 -0.07163518 -0.2490206 -0.9658463 -0.0716325 -0.2490175 -0.9659253 -0.05933225 -0.2519285 -0.9945156 -0.01905715 -0.102838 -0.3882384 -0.9207238 -0.03922545 -0.7071009 -0.7060541 -0.03867763 -0.7066712 -0.7040742 -0.06996732 -0.7066698 -0.7040756 -0.0699675 -0.706671 -0.6936693 -0.1394243 -0.7066712 -0.6936687 -0.1394259 -0.7066724 -0.6764276 -0.2075089 -0.7066711 -0.6764289 -0.2075089 -0.7066715 -0.6525239 -0.2735471 -0.7066708 -0.652524 -0.2735488 -0.7066729 -0.6221873 -0.3368924 -0.7066713 -0.6221895 -0.3368917 -0.7066695 -0.5857259 -0.3969174 -0.7066721 -0.5857242 -0.3969152 -0.7066708 -0.5434879 -0.4530312 -0.7066733 -0.5434862 -0.4530293 -0.7066755 -0.4958932 -0.5046777 -0.7066711 -0.4958981 -0.5046792 -0.7066703 -0.4434194 -0.5513588 -0.7066684 -0.4434222 -0.5513589 -0.7066725 -0.3865727 -0.5926007 -0.7066711 -0.3865739 -0.5926015 -0.7066726 -0.3259168 -0.6280065 -0.706669 -0.3259183 -0.6280097 -0.70667 -0.2620508 -0.6572268 -0.7066739 -0.2620504 -0.6572227 -0.7066701 -0.1956019 -0.6799687 -0.7066738 -0.1956022 -0.6799647 -0.706898 -0.1378744 -0.6937478 -0.7496253 -0.1214865 -0.6506175 -0.4170258 -0.163714 -0.8940287 -0.258646 -0.184766 -0.9481371 -0.2585134 -0.2670563 -0.9283598 -0.2585203 -0.2670551 -0.9283582 -0.2585228 -0.3577787 -0.8973073 -0.2585204 -0.3577769 -0.8973087 -0.2585227 -0.4449747 -0.8574168 -0.2585205 -0.4449747 -0.8574175 -0.2585182 -0.5277875 -0.809079 -0.2585253 -0.5277855 -0.8090781 -0.2585177 -0.6054017 -0.7527666 -0.2585205 -0.6053994 -0.7527676 -0.2585228 -0.6770457 -0.6890393 -0.2585157 -0.6770479 -0.6890398 -0.2585178 -0.7420245 -0.618521 -0.2585203 -0.7420233 -0.6185213 -0.2585206 -0.7996887 -0.5419088 -0.258526 -0.7996857 -0.5419107 -0.2585197 -0.8494747 -0.459957 -0.258523 -0.8494724 -0.4599595 -0.2585202 -0.8908896 -0.3734744 -0.2585232 -0.8908883 -0.3734752 -0.2585221 -0.9235267 -0.2833109 -0.2585209 -0.9235265 -0.2833126 -0.2585192 -0.9470652 -0.190356 -0.2585245 -0.9470633 -0.1903579 -0.2585229 -0.9612704 -0.09552532 -0.2585212 -0.9612708 -0.09552669 -0.2167776 -0.7810595 -0.5856224 0 0 -1 6.29644e-5 0 -1 1.04125e-6 0 -1 -7.45041e-7 0 -1 -4.26534e-6 0 -1 3.88457e-6 0 -1 1.73767e-6 0 -1 4.17685e-7 0 -1 -3.14797e-5 0 -1 -4.601e-7 0 -1 1.06187e-6 0 -1 -9.42631e-7 0 -1 0 -0.9836015 -0.1803557 3.01826e-4 -0.9844266 -0.1757962 -3.12449e-4 -0.8546706 -0.5191706 -0.001899003 -0.8422156 -0.5391374 1.73097e-7 -0.7267374 -0.6869155 -2.70353e-7 -0.6451096 -0.7640902 -0.00398457 -0.5391342 -0.8422105 0.002406418 -0.4208372 -0.9071331 -0.002294182 -0.1757952 -0.9844241 0 -0.1254045 -0.9921057 0 -0.1846778 -0.9827991 -9.49806e-4 -0.1757956 -0.9844263 0.001057088 -0.5391381 -0.8422169 0.007675111 -0.8821359 -0.4709324 -6.29129e-4 -0.7329829 -0.6802468 0.002283155 -0.5302856 -0.8478161 -0.003024697 -0.8422133 -0.5391359 0.001969933 -0.9844248 -0.1757958 0 -0.9881073 -0.153766 0 -0.1832481 0.9830667 4.97999e-4 -0.1757963 0.9844265 -5.62353e-4 -0.5391384 0.8422171 -0.005992114 -0.8924376 0.4511312 5.40934e-4 -0.7379502 0.674855 -0.001671731 -0.5264901 0.8501796 0.003139257 -0.8422129 0.5391361 -0.001788437 -0.9844251 0.1757951 0 -0.9899524 0.1414011 0 -0.9833394 0.1817788 -3.70854e-4 -0.9844266 0.175796 3.86942e-4 -0.85236 0.5229554 0.001595973 -0.8422162 0.5391376 0 -0.7247089 0.6890552 0 -0.6527854 0.757543 0.003487706 -0.5391352 0.8422121 -0.001990914 -0.4376268 0.8991546 0.00188446 -0.175796 0.9844248 0 -0.1338938 0.9909957 -2.03612e-7 0 1 0 0 1 0 0 1 3.86702e-7 0 1 -7.61792e-7 0 1 5.63952e-6 0 1 2.64248e-7 0 1 -8.52289e-7 0 1 0 0 1 1.08027e-6 0 1 0 0 1 -4.3477e-7 0 1 0 -1 0 0 -1 0 0 -1 -5.79885e-7 0 -1 4.51828e-7 0 -1 1.69985e-7 0 -1 0 0 -1 5.39916e-6 0 -1 -2.2763e-6 0 -1 0 0 -1 1.87937e-7 0 -1 1.26834e-7 0 -1 0 0 -1 2.76609e-5 0 -0.3356518 -0.9419862 0 -0.3356557 -0.9419848 0 -0.3356552 -0.941985 0 -0.3356506 -0.9419866 8.36868e-6 -0.3356499 -0.9419868 4.69951e-5 -0.335633 -0.9419929 0.2681093 -0.4042857 -0.8744545 0.3376519 -0.276986 -0.8995944 0.08731889 -0.3952292 -0.914423 0.1511014 -0.3318021 -0.931169 0.3234681 -0.354128 -0.8774748 0.3165591 -0.3619291 -0.8768111 0.6688953 -0.2110214 -0.7127757 0.6024841 -0.09554964 -0.792391 0.5095521 -0.3046997 -0.804683 0.5055528 -0.2157113 -0.8353952 0.4155242 -0.338683 -0.8441763 0.4273234 -0.2937974 -0.855031 0.3386734 -0.3400655 -0.8773004 0.6987152 0.03204101 -0.7146821 0.6977691 0.03293401 -0.7155653 0.6986833 -9.94465e-4 -0.7154304 0.6968155 -7.3982e-5 -0.7172505 0.6959246 -0.03101503 -0.7174447 0.6930369 -0.03507649 -0.7200483 0.6949486 -0.03661966 -0.7181264 0.6961508 -0.03926819 -0.7168208 0.6959179 -0.04315859 -0.7168233 0.692892 -0.05141019 -0.7192063 0.6699714 -0.06829875 -0.7392386 0.6875522 -0.07991206 -0.7217243 0.6891219 -0.109035 -0.7163955 0.7000724 -0.08741575 -0.7087011 0.6940863 -0.08250498 -0.7151483 0.7106361 -0.3404356 -0.615711 0.7087267 -0.3396845 -0.6183212 0.7220736 -0.4913935 -0.4869726 0.7224645 -0.4918501 -0.4859305 0.7202313 -0.6122891 -0.3261427 0.7238297 -0.6111051 -0.3203454 0.7179908 -0.692367 -0.07153576 0.7232961 -0.6877536 -0.0619508 0.7201719 -0.6921434 0.04785323 0.6845391 -0.7279267 0.03910207 0.6659744 -0.7450943 0.03622919 0.7024914 -0.7109304 0.03292238 0.6579599 -0.08509963 0.7482292 0.656375 -0.08764111 0.749327 0.6612806 -0.293729 0.69024 0.6579194 -0.2986138 0.6913551 0.6734811 -0.443102 0.5916789 0.6663081 -0.4658843 0.5822245 0.6900305 -0.7037933 0.1689174 0.6944335 -0.6982832 0.1736745 0.6768913 -0.6007596 0.4253306 0.6814082 -0.5938455 0.4278207 0.6765595 -0.4955605 0.5446898 0.6590771 -0.04584336 0.7506769 0.6604295 -0.04533147 0.7495184 0.6572265 -0.0788331 0.7495591 0.6581561 -0.07834184 0.7487945 0.654491 -0.1043043 0.7488406 0.6549928 -0.1039044 0.7484574 0.6601395 -0.02355325 0.7507736 0.6502361 -0.01299262 0.7596212 0.6473896 -0.0116418 0.7620704 0.6558092 -0.008119344 0.7548831 0.6600456 -0.004285871 0.7512134 0.6565957 -0.104574 0.7469582 0.6539942 -0.1097884 0.7484906 0.3978645 -0.2664843 0.8778896 0.4530659 -0.257768 0.8533974 0.4752404 -0.2167291 0.8527457 0.5338748 -0.1933347 0.8231643 0.5540021 -0.1357148 0.821379 0.6567099 -0.1038275 0.7469619 0.3662711 -0.3061704 0.8786951 0.3693668 -0.3044736 0.8779887 0.3757283 -0.3185014 0.8702788 0.09695261 -0.3991094 0.9117632 0.1312122 -0.4117261 0.9018121 0.2730461 -0.3389608 0.9003063 0.3700812 -0.3252016 0.8702206 0 -0.4009987 0.9160788 0 -0.4009991 0.9160785 0 -0.4010012 0.9160776 3.9086e-5 -0.4009541 0.9160981 6.44111e-7 -0.400994 0.9160807 0 -0.4010228 0.9160681 0 -0.4009962 0.9160798 0 -0.335656 -0.9419847 0 -0.335657 -0.9419844 -5.82011e-5 -0.3356441 -0.941989 -1.57392e-4 -0.3356384 -0.941991 6.7464e-5 -0.3356589 -0.9419836 1.30107e-4 -0.3356914 -0.9419721 -0.07389694 -0.3347386 -0.939409 -0.1540936 -0.366891 -0.9174128 -0.2224718 -0.3355636 -0.9153706 -0.3571032 -0.3242972 -0.8759616 -0.3242008 -0.3549564 -0.8768693 -0.3157954 -0.361128 -0.8774167 -0.3595718 -0.3202895 -0.8764261 -0.4397997 -0.3072289 -0.8439115 -0.4607518 -0.2775661 -0.8430095 -0.5410419 -0.2422016 -0.8053645 -0.569347 -0.1795356 -0.8022537 -0.6852564 -0.1318622 -0.7162653 -0.6907886 -0.09839379 -0.7163308 -0.6722893 -0.05027604 -0.7385793 -0.674489 -0.04958957 -0.7366177 -0.6940718 -0.07162415 -0.716334 -0.6907777 -0.09839975 -0.7163404 -0.6991304 0.02374541 -0.7145999 -0.6974651 0.02275949 -0.7162572 -0.6976198 -0.01732712 -0.7162586 -0.6961643 -0.01808106 -0.7176548 -0.6953117 -0.03665637 -0.717773 -0.6913877 -0.04068237 -0.7213377 -0.7007237 -0.03763443 -0.7124394 -0.6969957 -0.04544776 -0.7156336 -0.7074069 -0.2550474 -0.6591861 -0.704564 -0.2597821 -0.6603808 -0.7188766 -0.4238651 -0.5509582 -0.7112441 -0.4464234 -0.5429899 -0.7226276 -0.6851015 -0.09189867 -0.7156974 -0.6931635 -0.08545023 -0.7226895 -0.5882644 -0.3628567 -0.7196085 -0.5930008 -0.361267 -0.7229094 -0.4864099 -0.4907215 -0.7201722 -0.6921432 0.04785317 -0.6845366 -0.7279291 0.03910189 -0.6659739 -0.7450949 0.03622913 -0.7024917 -0.7109301 0.03292238 -0.6555884 -0.1216413 0.7452566 -0.6530704 -0.119596 0.7477941 -0.6639743 -0.3598561 0.6554707 -0.6598132 -0.3583649 0.6604704 -0.6776596 -0.5088385 0.5309059 -0.6750087 -0.5069991 0.536018 -0.6845124 -0.627887 0.3704061 -0.6792501 -0.6296446 0.3770505 -0.6973191 -0.7034665 0.1374083 -0.6934272 -0.7061821 0.1430585 -0.6606088 -0.003145873 0.7507239 -0.6600438 -0.002485871 0.751223 -0.660542 -0.00883919 0.7507372 -0.6606792 -0.008180439 0.7506238 -0.6465991 -0.01767647 0.7626253 -0.6322823 -0.01264172 0.774635 -0.6541452 -0.02542275 0.7559417 -0.6599481 -0.03787201 0.7503562 -0.6572354 -0.07519942 0.7499245 -0.6157198 -0.05897885 0.7857549 -0.6555508 -0.1005604 0.7484256 -0.6549249 -0.1043052 0.748461 -0.6557615 -0.1100603 0.7469027 -0.4211848 -0.2358493 0.8757731 -0.6473646 -0.1590954 0.7453911 -0.571937 -0.07643139 0.8167291 -0.5143176 -0.2421721 0.8226968 -0.3800671 -0.3132916 0.8702858 -0.3643416 -0.3084951 0.8786842 -0.3134024 -0.3892814 0.8661633 -0.3508834 -0.2936137 0.8891974 -0.1030164 -0.4246345 0.899485 -0.1283999 -0.3976803 0.9084954 0 -0.4009993 0.9160785 1.65019e-6 -0.4009934 0.916081 -1.89793e-7 -0.4009988 0.9160786 1.40354e-6 -0.4010011 0.9160777 0 -0.4009971 0.9160794 0 -0.4010118 0.916073 0 -0.4009843 0.916085 -2.6639e-5 -0.4010396 0.9160608 0.2588136 0.9613695 -0.0937249 0.9932364 -0.09674876 0.06419605 0.5550829 -0.6998161 0.4496004 0.4364798 -0.7549039 0.4894955 0.3363805 -0.86022 0.3832362 0.9321742 -0.3031815 0.197819 0.8592384 -0.4280654 0.2801242 0.7434404 -0.5656189 0.3568918 0.3307899 0.931526 -0.1511207 0.9656186 -0.2313522 0.1185619 0.9658234 -0.2256604 0.1275249 0.9658227 -0.2256633 0.1275255 0.9658219 -0.2385815 0.1013265 0.9658242 -0.2385718 0.1013271 0.9658232 -0.2484614 0.07384175 0.9658243 -0.2484573 0.07384133 0.9658254 -0.2551831 0.04541975 0.9658216 -0.2551977 0.04541891 0.9658241 -0.258678 0.0164203 0.9658211 -0.2586892 0.01641952 0.9658248 -0.2588805 -0.01278746 0.9658242 -0.2588827 -0.01278829 0.9658223 -0.2558069 -0.04183369 0.9658235 -0.2558025 -0.04183322 0.9658222 -0.2494766 -0.07034826 0.9658241 -0.2494701 -0.07034742 0.9658226 -0.239977 -0.09796899 0.9658247 -0.2399682 -0.09796875 0.9658243 -0.2274238 -0.1243464 0.9658236 -0.227427 -0.1243454 0.9658236 -0.2119926 -0.1491443 0.9658225 -0.2119985 -0.1491429 0.9658235 -0.1938681 -0.1720472 0.9658233 -0.1938689 -0.1720476 0.9658223 -0.1732845 -0.192769 0.9658241 -0.1732797 -0.1927646 0.9658236 -0.150493 -0.2110375 0.9658233 -0.1504929 -0.2110384 0.9658226 -0.1257954 -0.2266326 0.9658237 -0.1257923 -0.2266296 0.965823 -0.09950023 -0.2393446 0.9658226 -0.09949845 -0.2393467 0.9658222 -0.07193797 -0.2490233 0.9658229 -0.07193911 -0.2490196 0.9658241 -0.04346442 -0.2555282 0.9658221 -0.04346477 -0.2555359 0.9658231 -0.0144391 -0.2587998 0.9658237 -0.01443892 -0.258798 0.9658231 0.01476955 -0.2587811 0.9658236 0.01476919 -0.2587795 0.965823 0.04379063 -0.2554765 0.9658236 0.0437901 -0.2554746 0.965823 0.07225656 -0.2489276 0.965822 0.07225704 -0.2489313 0.9658231 0.09980237 -0.2392179 0.9658226 0.09980356 -0.2392197 0.9658237 0.1260821 -0.2264686 0.9658234 0.1260807 -0.2264708 0.965823 0.1507631 -0.2108473 0.9658239 0.1507611 -0.2108446 0.9658238 0.1735262 -0.1925436 0.9658227 0.1735275 -0.1925483 0.9658232 0.1940879 -0.1718007 0.9658235 0.1940873 -0.1717998 0.9658228 0.2121865 -0.1488738 0.9658241 0.2121811 -0.1488731 0.965823 0.2275873 -0.1240561 0.9658223 0.2275906 -0.1240561 0.965824 0.2400957 -0.09766316 0.9658229 0.2401001 -0.09766244 0.9658237 0.2495605 -0.07002949 0.9658216 0.2495687 -0.07002997 0.7050497 -0.6344878 0.3167496 0.7065441 -0.6160973 0.3481662 0.706546 -0.6160933 0.3481692 0.7065461 -0.651354 0.2766419 0.7065423 -0.6513579 0.2766423 0.7065426 -0.6783468 0.2016016 0.7065451 -0.678344 0.2016022 0.7065435 -0.6967205 0.1240042 0.7065455 -0.6967188 0.1240017 0.7065455 -0.7062464 0.04482918 0.7065469 -0.7062449 0.04482972 0.7065442 -0.7068072 -0.03491389 0.7065411 -0.7068104 -0.03491306 0.7065444 -0.6983913 -0.1142129 0.7065457 -0.69839 -0.1142133 0.7065427 -0.6811091 -0.1920619 0.7065462 -0.6811055 -0.192062 0.7065426 -0.6551765 -0.2674721 0.7065467 -0.6551709 -0.2674748 0.7065452 -0.6209211 -0.3394863 0.7065443 -0.6209228 -0.3394851 0.7065455 -0.5787835 -0.4071893 0.7065471 -0.5787814 -0.4071896 0.7065464 -0.5292973 -0.4697196 0.7065422 -0.5292975 -0.4697258 0.706547 -0.4730898 -0.5262864 0.7065434 -0.4730888 -0.5262923 0.7065471 -0.4108727 -0.5761727 0.7065416 -0.4108755 -0.5761774 0.7065436 -0.3434407 -0.6187444 0.7065491 -0.3434405 -0.6187382 0.7065514 -0.2716441 -0.6534483 0.7065417 -0.2716469 -0.6534576 0.7065433 -0.1964063 -0.6798685 0.7065488 -0.1964028 -0.6798638 0.7065359 -0.1186667 -0.697657 0.7065427 -0.1186679 -0.6976499 0.7065513 -0.0394212 -0.7065631 0.7065466 -0.03942281 -0.7065676 0.7065435 0.04032254 -0.70652 0.7065441 0.04032248 -0.7065194 0.7065436 0.1195561 -0.6974974 0.7065454 0.1195548 -0.6974957 0.7065435 0.19727 -0.6796182 0.7065453 0.1972689 -0.6796166 0.7065433 0.2724817 -0.6531082 0.7065502 0.2724771 -0.6531027 0.7065438 0.3442291 -0.618306 0.7065484 0.3442294 -0.6183005 0.7065429 0.411609 -0.575652 0.7065427 0.411608 -0.5756529 0.706539 0.4737634 -0.525691 0.7065431 0.4737613 -0.5256873 0.7065435 0.529896 -0.4690485 0.7065455 0.5298956 -0.4690461 0.7065443 0.5793049 -0.4064492 0.7065439 0.5793021 -0.4064539 0.7065451 0.6213538 -0.338694 0.7065429 0.6213554 -0.3386954 0.7065423 0.6555163 -0.2666392 0.7065428 0.6555166 -0.2666369 0.7065437 0.6813524 -0.1911934 0.7065445 0.6813517 -0.1911934 0.1725595 -0.9446065 -0.2791808 0.2584346 -0.8410243 0.4752786 0.2584382 -0.8410243 0.4752766 0.2584392 -0.8891553 0.3776403 0.2584359 -0.8891569 0.3776385 0.2584379 -0.9259982 0.275204 0.2584336 -0.9260002 0.2752013 0.2584358 -0.9510815 0.1692777 0.2584338 -0.951083 0.1692725 0.2584351 -0.9640883 0.06119638 0.2584344 -0.9640887 0.06119567 0.2584332 -0.9648528 -0.04766047 0.2584389 -0.9648513 -0.04765987 0.2584407 -0.9533628 -0.1559098 0.2584323 -0.9533649 -0.1559111 0.2584356 -0.9297692 -0.2621839 0.2584307 -0.9297714 -0.2621807 0.2584354 -0.8943688 -0.3651241 0.2584308 -0.8943702 -0.3651241 0.2584353 -0.8476104 -0.4634305 0.25843 -0.8476132 -0.4634285 0.2584339 -0.7900905 -0.5558498 0.2584323 -0.790091 -0.5558497 0.2584311 -0.7225368 -0.6412129 0.2584392 -0.722537 -0.6412094 0.2584375 -0.6458088 -0.7184296 0.2584325 -0.6458079 -0.7184323 0.2584453 -0.5608761 -0.7865267 0.2584301 -0.5608808 -0.7865284 0.2584449 -0.468827 -0.8446346 0.258431 -0.4688285 -0.8446379 0.2584309 -0.3708207 -0.8920233 0.2584225 -0.3708258 -0.8920236 0.2584451 -0.2681074 -0.9280758 0.2584283 -0.268109 -0.92808 0.2584307 -0.1619899 -0.9523512 0.2584465 -0.1619908 -0.9523468 0.2584307 -0.0538153 -0.9645298 0.2584338 -0.05381476 -0.9645289 0.2584451 0.05504333 -0.9644566 0.2584309 0.05504405 -0.9644603 0.2584451 0.163203 -0.9521402 0.2584329 0.1632031 -0.9521434 0.2584307 0.2692905 -0.9277372 0.2584443 0.2692902 -0.9277336 0.2584449 0.3719582 -0.8915455 0.2584236 0.3719595 -0.8915512 0.2584307 0.4699035 -0.8440405 0.258431 0.4699034 -0.8440405 0.258439 0.5618762 -0.7858147 0.2584318 0.5618838 -0.7858116 0.2584378 0.6467221 -0.7176075 0.2584364 0.6467242 -0.7176061 0.2584369 0.7233554 -0.6402871 0.2584358 0.7233527 -0.6402904 0.2584355 0.7907962 -0.5548445 0.2584404 0.7907961 -0.5548425 0.2584348 0.8482018 -0.4623476 0.2584349 0.8482002 -0.4623505 0.2584378 0.8948324 -0.363985 0.258435 0.8948336 -0.3639839 0.2584335 0.9301037 -0.2609968 0.2584336 0.9301037 -0.2609964 0.2583282 0.9546899 -0.1477625 0.7063925 0.6994915 -0.1082655 0.7063905 0.699494 -0.1082633 0.9657935 0.2562616 -0.03966206 0.9657959 0.2562525 -0.039662 0.7017158 0.6878132 -0.1857634 0.7017129 0.6878167 -0.1857612 0.964931 0.2534239 -0.06844466 0.9649294 0.2534298 -0.06844556 0.2583037 0.8463763 -0.4657535 0.2551741 0.9334506 -0.2521033 0.2551736 0.9334506 -0.2521042 0.1950252 0.8402885 -0.5058462 0.4415315 0.7860837 -0.4325764 0.7063488 0.6201646 -0.3412733 0.6086369 0.6575123 -0.4441158 0.9807078 0.1712582 -0.09424895 0.9649999 0.2156522 -0.1492299 0.8965002 0.388153 -0.2135992 0.7927237 0.5340573 -0.2938913 0.7924275 0.4864153 -0.3680471 0.2057352 0.8128709 -0.5448982 0.1949873 0.8084054 -0.5553923 0.5791833 0.6776916 -0.4530793 0.6086249 0.679846 -0.4091274 0.4419534 0.7343311 -0.5152041 0.991121 0.1146184 -0.0673936 0.97928 0.1343387 -0.1515384 0.1970744 0.7222723 -0.6629363 0.2532065 0.7197555 -0.6464043 0.5641933 0.5566223 -0.6098013 0.5742112 0.5530391 -0.6036798 0.7435345 0.426946 -0.5146589 0.8369497 0.3012902 -0.4568802 0.855601 0.4483264 -0.2587477 0.8966959 0.361976 -0.2547744 0.8462636 0.2927106 -0.4451501 0.9420072 0.1398879 -0.3050473 0.9733033 -0.003338575 -0.229499 0.9770508 -0.01674044 -0.2123478 0.9845806 -0.1696289 -0.04274427 0.6640003 0.236836 -0.7092337 0.8463905 -0.08135181 -0.5263127 0.1324836 -0.9525594 -0.2740052 0.1493182 -0.7292321 -0.6677759 0.1352813 -0.3564411 -0.9244722 0.09356784 0.09281557 -0.9912771 0.03371912 0.5264 -0.8495682 0.1118345 -0.950147 -0.2910565 0.4093077 -0.8830841 -0.2294119 0.3728339 -0.8768486 -0.3035321 0.5750104 -0.7906289 -0.210402 0.5981912 -0.7787315 -0.1890631 0.7226913 -0.6523615 -0.2283458 0.8289673 -0.5453895 -0.1239494 0.8761395 -0.4542046 -0.161486 0.9539465 -0.2663068 -0.1380831 0.1302573 -0.7227849 -0.6786863 0.4576967 -0.6501248 -0.6065077 0.4151517 -0.6296493 -0.6566513 0.7204821 -0.4767233 -0.5036274 0.6787142 -0.4356719 -0.5912165 0.8998946 -0.221396 -0.3757306 0.8938978 -0.2039903 -0.3991676 0.1214044 -0.3491609 -0.9291651 0.4149201 -0.2878342 -0.8631297 0.3771774 -0.2639925 -0.8877192 0.6448762 -0.1313601 -0.7529138 0.5946187 -0.09262907 -0.7986543 0.7859915 0.08977079 -0.6116852 0.7683191 0.1087405 -0.6307626 0.08607131 0.0979678 -0.9914606 0.2886701 0.1379101 -0.9474442 0.2637771 0.1548589 -0.9520717 0.4467912 0.2444305 -0.8605995 0.4068645 0.2682963 -0.8732002 0.5378178 0.3906052 -0.7471141 0.5121943 0.4056125 -0.7570571 0.03149479 0.5280173 -0.8486495 0.1044273 0.5422232 -0.83372 0.09574621 0.5473135 -0.831433 0.1612704 0.5792284 -0.7990534 0.1457167 0.5853278 -0.7975952 0.1831899 0.6202397 -0.7627215 0.2073463 0.6146192 -0.7610853 0 -0.96103 -0.2764441 0 -0.9610351 -0.2764265 0 -0.7374986 -0.6753487 0 -0.7374987 -0.6753486 0 -0.3597487 -0.9330493 0 -0.3597488 -0.9330493 0 0.09322476 -0.9956452 0 0.09322303 -0.9956454 0 0.5267094 -0.8500455 0 0.5267009 -0.8500508 -0.1862095 0.6319361 -0.7523183 -0.8716421 -0.4779606 -0.1085998 -0.8625296 -0.5044223 0.04001116 -0.9108983 -0.1760121 -0.3732079 -0.9109025 -0.1766242 -0.3729084 -0.8982123 -0.3676834 -0.2408811 -0.7860371 0.1268986 -0.6050145 -0.7830417 0.1356481 -0.6069971 -0.8589606 -0.06139361 -0.5083481 -0.1707976 0.6461066 -0.7438915 -0.3694673 0.5259769 -0.7660563 -0.5314488 0.4121178 -0.7400818 -0.5219093 0.4263872 -0.7387859 -0.6729758 0.2539873 -0.6946899 -0.1647413 0.5856716 -0.7936304 -0.1575491 0.6005851 -0.7838851 -0.4550597 0.2622076 -0.8509806 -0.4446644 0.3166299 -0.8378659 -0.6535069 -0.1100026 -0.7488847 -0.6613394 -0.0139485 -0.7499572 -0.7240608 -0.462985 -0.5112543 -0.7724917 -0.3383879 -0.537355 -0.6537941 -0.7345997 -0.1814293 -0.7597528 -0.606123 -0.2353525 -0.1135013 0.5482742 -0.8285608 -0.1145113 0.5577133 -0.8220967 -0.310796 0.1543043 -0.9378679 -0.320361 0.1867378 -0.9287075 -0.439996 -0.2687267 -0.8568486 -0.4694308 -0.2150179 -0.8563891 -0.4752578 -0.6375581 -0.6063413 -0.5320861 -0.573981 -0.6224389 -0.4103112 -0.8811517 -0.2349818 -0.4953919 -0.8252711 -0.2711361 -0.04215043 0.5262371 -0.8492925 -0.04408514 0.529771 -0.8469943 -0.1148661 0.09260672 -0.989055 -0.1227769 0.1041992 -0.986949 -0.1613702 -0.3550375 -0.9208192 -0.1784442 -0.337476 -0.924266 -0.1721876 -0.7264925 -0.665252 -0.1985093 -0.708406 -0.6773146 -0.1459788 -0.9507383 -0.2734721 -0.1785045 -0.9386156 -0.2951896 -0.9806678 0.1727141 -0.09198075 -0.7908878 0.5538058 -0.2603759 -0.8552207 0.4020827 -0.3269972 -0.6086321 0.6571287 -0.4446897 -0.2052299 0.8065186 -0.5544444 -0.1950494 0.8151441 -0.545432 -0.9845796 -0.1696355 -0.04274249 -0.9736803 -0.002162933 -0.2279085 -0.9895457 0.0745874 -0.1234354 -0.8966943 0.3619754 -0.2547807 -0.8450459 0.2882177 -0.4503642 -0.8375152 0.3032984 -0.454509 -0.9420058 0.1399043 -0.3050444 -0.9755164 -0.02284985 -0.2187366 -0.7435403 0.4269351 -0.5146594 -0.5646205 0.558775 -0.6074326 -0.579457 0.6921972 -0.4302241 -0.4419509 0.7343272 -0.5152116 -0.203459 0.7204649 -0.6629741 -0.1972489 0.7238594 -0.6611509 -0.4202652 0.6457087 -0.6375246 -0.5731666 0.5501363 -0.607314 -0.8965002 0.388153 -0.2135992 -0.7017173 0.6878116 -0.1857637 -0.9649293 0.2534299 -0.0684455 -0.255174 0.9334518 -0.2520989 -0.9649305 0.2534257 -0.06844472 -0.9657884 0.2272018 -0.1250286 -0.980516 0.1517508 -0.1247398 -0.7927237 0.5340573 -0.2938913 -0.7046296 0.6028143 -0.3743154 -0.7017106 0.6878193 -0.1857607 -0.2551745 0.933449 -0.2521092 -0.1946913 0.8593467 -0.4728832 -0.2577247 0.8322345 -0.4908807 -0.441524 0.786092 -0.432569 -0.6079485 0.6956049 -0.3827956 -0.9932373 -0.09674042 0.06419587 -0.9506728 -0.2781409 0.1373281 -0.6468171 -0.718666 0.255239 -0.7124633 -0.6168435 0.3345151 -0.8205573 -0.4775565 0.3140471 -0.2588126 0.9613697 -0.09372448 -0.322884 0.935302 -0.1447627 -0.2584329 0.9535627 -0.154696 -0.2584335 0.9301037 -0.2609968 -0.2584351 0.9301029 -0.2609983 -0.2584323 0.8948345 -0.3639837 -0.2584378 0.8948333 -0.3639825 -0.2584292 0.848204 -0.4623466 -0.2584387 0.8482001 -0.4623485 -0.258441 0.7907972 -0.5548408 -0.2584358 0.7907973 -0.554843 -0.2584376 0.7233535 -0.6402888 -0.258438 0.7233518 -0.6402906 -0.258438 0.6467226 -0.717607 -0.258435 0.6467218 -0.7176087 -0.2584378 0.5618814 -0.7858112 -0.2584298 0.561879 -0.7858156 -0.2584446 0.4699045 -0.8440358 -0.2584229 0.4699013 -0.8440442 -0.2584305 0.3719597 -0.8915491 -0.2584447 0.3719573 -0.8915459 -0.2584306 0.2692922 -0.9277367 -0.2584417 0.2692892 -0.9277345 -0.2584307 0.1632037 -0.952144 -0.2584438 0.1632023 -0.9521408 -0.2584307 0.05504357 -0.9644604 -0.2584408 0.05504363 -0.9644578 -0.2584307 -0.05381578 -0.9645297 -0.2584281 -0.05381435 -0.9645305 -0.2584307 -0.1619908 -0.9523511 -0.2584463 -0.1619901 -0.952347 -0.2584306 -0.2681101 -0.928079 -0.2584375 -0.2681074 -0.9280779 -0.2584162 -0.3708255 -0.8920256 -0.2584291 -0.3708226 -0.8920231 -0.258445 -0.4688271 -0.8446344 -0.2584299 -0.4688265 -0.8446394 -0.2584377 -0.5608802 -0.7865262 -0.258435 -0.5608776 -0.786529 -0.2584376 -0.6458092 -0.7184292 -0.2584283 -0.6458073 -0.7184343 -0.2584378 -0.7225376 -0.6412094 -0.2584316 -0.7225377 -0.6412118 -0.2584332 -0.7900924 -0.5558475 -0.2584344 -0.7900889 -0.5558517 -0.2584301 -0.8476138 -0.4634271 -0.2584334 -0.8476113 -0.4634301 -0.2584336 -0.8943692 -0.3651242 -0.2584316 -0.8943697 -0.3651247 -0.2584329 -0.9297704 -0.2621821 -0.2584348 -0.9297694 -0.2621837 -0.2584324 -0.9533649 -0.1559108 -0.258439 -0.9533634 -0.1559092 -0.2584384 -0.9648513 -0.04766041 -0.2584348 -0.9648524 -0.04766017 -0.2584328 -0.964089 0.06119596 -0.2584362 -0.9640882 0.06119596 -0.2584332 -0.9510831 0.1692727 -0.258436 -0.9510816 0.1692771 -0.2584344 -0.9260002 0.2752004 -0.2584383 -0.9259973 0.2752065 -0.2584356 -0.8891573 0.3776379 -0.2584399 -0.8891553 0.3776398 -0.2584366 -0.8410258 0.475275 -0.2584339 -0.8410229 0.4752816 -0.2334604 -0.9664089 0.107472 -0.4036213 -0.7671048 0.4986384 -0.70709 -0.5979478 0.3774681 -0.7065492 -0.6160905 0.3481676 -0.7065397 -0.6161018 0.3481671 -0.7065398 -0.6513615 0.2766401 -0.7065451 -0.6513548 0.2766427 -0.7065418 -0.6783478 0.2016012 -0.7065415 -0.6783481 0.2016013 -0.706542 -0.696722 0.124004 -0.7065483 -0.6967158 0.124002 -0.7065475 -0.7062443 0.0448299 -0.7065454 -0.7062465 0.04482907 -0.7065478 -0.7068036 -0.03491294 -0.7065403 -0.7068111 -0.03491413 -0.7065435 -0.6983921 -0.1142142 -0.7065462 -0.6983897 -0.114212 -0.7065432 -0.6811089 -0.1920608 -0.7065445 -0.6811071 -0.1920627 -0.7065432 -0.6551753 -0.2674736 -0.7065438 -0.6551751 -0.2674725 -0.7065451 -0.6209216 -0.3394857 -0.706547 -0.6209188 -0.3394868 -0.7065467 -0.5787822 -0.4071891 -0.7065446 -0.5787849 -0.407189 -0.7065464 -0.5292962 -0.4697211 -0.7065421 -0.529299 -0.4697241 -0.7065475 -0.4730862 -0.5262891 -0.7065432 -0.4730919 -0.5262898 -0.7065419 -0.4108767 -0.5761761 -0.7065465 -0.4108723 -0.5761737 -0.7065508 -0.3434375 -0.618738 -0.7065426 -0.3434416 -0.6187452 -0.7065427 -0.2716492 -0.6534556 -0.7065501 -0.2716436 -0.65345 -0.7065504 -0.1964029 -0.679862 -0.7065418 -0.1964048 -0.6798704 -0.7065348 -0.1186688 -0.6976578 -0.7065438 -0.1186663 -0.6976491 -0.7065427 -0.03942251 -0.7065716 -0.7065551 -0.03942191 -0.7065591 -0.7065427 0.04032254 -0.7065208 -0.7065448 0.04032289 -0.7065186 -0.7065427 0.1195549 -0.6974984 -0.7065463 0.1195556 -0.6974948 -0.7065428 0.1972701 -0.6796189 -0.706546 0.1972688 -0.6796159 -0.7065508 0.2724762 -0.6531024 -0.706543 0.2724808 -0.6531089 -0.70655 0.344228 -0.6182994 -0.706546 0.3442286 -0.6183037 -0.7065384 0.4116117 -0.5756556 -0.7065463 0.4116078 -0.5756487 -0.7065461 0.4737594 -0.5256851 -0.7065359 0.4737656 -0.5256931 -0.7065436 0.529896 -0.4690485 -0.706546 0.5298944 -0.4690466 -0.7065467 0.5793003 -0.4064517 -0.7065424 0.5793054 -0.406452 -0.7065445 0.6213536 -0.3386955 -0.706546 0.6213521 -0.3386951 -0.7065485 0.6555098 -0.2666386 -0.7065428 0.6555155 -0.2666398 -0.7065459 0.6813499 -0.191194 -0.7065435 0.6813527 -0.1911931 -0.7063913 0.6994927 -0.1082652 -0.7063905 0.6994938 -0.1082635 -0.9659259 -0.2185217 0.1386914 -0.965824 -0.2256575 0.127525 -0.9658222 -0.2256653 0.1275253 -0.9658222 -0.2385799 0.1013267 -0.965824 -0.238573 0.1013271 -0.9658231 -0.2484616 0.07384198 -0.9658245 -0.2484566 0.07384115 -0.9658241 -0.2551881 0.04541969 -0.9658216 -0.2551975 0.04541891 -0.9658247 -0.2586761 0.01642006 -0.965822 -0.2586857 0.01641976 -0.9658227 -0.258888 -0.01278781 -0.9658236 -0.2588847 -0.01278787 -0.9658232 -0.2558038 -0.04183346 -0.9658239 -0.255801 -0.04183351 -0.9658233 -0.2494726 -0.07034826 -0.9658231 -0.2494736 -0.07034742 -0.9658229 -0.2399755 -0.09796893 -0.9658241 -0.2399711 -0.09796881 -0.9658234 -0.2274279 -0.1243453 -0.9658231 -0.227429 -0.1243461 -0.9658226 -0.211998 -0.1491429 -0.9658233 -0.2119941 -0.1491442 -0.9658236 -0.1938674 -0.1720474 -0.9658236 -0.1938677 -0.1720475 -0.9658236 -0.17328 -0.1927665 -0.9658229 -0.1732829 -0.1927672 -0.9658236 -0.1504922 -0.2110381 -0.9658237 -0.1504918 -0.2110379 -0.9658226 -0.1257939 -0.2266334 -0.9658236 -0.1257948 -0.2266288 -0.9658231 -0.09949749 -0.2393455 -0.9658226 -0.0994997 -0.2393458 -0.9658229 -0.07193827 -0.2490202 -0.9658222 -0.07193779 -0.2490228 -0.9658219 -0.04346489 -0.2555366 -0.9658244 -0.04346382 -0.2555276 -0.965824 -0.0144391 -0.2587965 -0.9658227 -0.01443916 -0.2588012 -0.9658229 0.01476931 -0.2587819 -0.9658238 0.01476842 -0.2587789 -0.9658229 0.04379051 -0.2554772 -0.9658237 0.04379016 -0.255474 -0.965822 0.07225483 -0.2489321 -0.9658234 0.07225489 -0.2489269 -0.9658231 0.09980112 -0.2392185 -0.9658226 0.09980481 -0.239219 -0.9658244 0.1260789 -0.2264676 -0.9658227 0.1260839 -0.2264718 -0.9658236 0.1507603 -0.2108463 -0.9658237 0.1507605 -0.2108458 -0.9658237 0.1735244 -0.1925457 -0.9658237 0.1735241 -0.1925463 -0.9658232 0.1940881 -0.1718002 -0.9658235 0.194087 -0.1718004 -0.9658236 0.2121835 -0.148873 -0.9658232 0.2121844 -0.1488739 -0.9658222 0.2275911 -0.1240563 -0.9658235 0.2275854 -0.1240562 -0.9658226 0.2401016 -0.09766227 -0.9658228 0.2401009 -0.09766316 -0.9658245 0.2495577 -0.07002985 -0.9658229 0.2495635 -0.07002973 -0.965794 0.2562594 -0.039662 -0.9657945 0.2562579 -0.039662 0.1946117 0.6930294 0.6941446 0.1947386 -0.3837003 0.9026911 0.195046 -0.5583587 0.8063453 0.1945675 -0.7642691 0.6148466 0.5543191 -0.03688222 0.8314868 0.5542129 -0.8226768 -0.1266931 0.8305932 -0.02467727 0.5563327 0.8305618 -0.5504378 -0.08476781 0.9806525 0.1607246 0.1117509 0.9806539 -0.008673369 0.195558 0.9806531 -0.1934736 -0.02979499 0.9847773 -0.1387385 -0.1047149 0.9807046 -0.1569727 -0.1165257 0.8308119 -0.4450327 -0.3342118 0.8721714 -0.3946263 -0.2891145 0.1947211 -0.856494 -0.4780186 0.1947963 -0.7932409 -0.5769085 0.0674954 -0.8133934 -0.5777852 0.231308 -0.7875388 -0.5712087 0.5548157 -0.6696965 -0.493646 0.4551279 -0.7240239 -0.5183128 0.6684084 -0.5983804 -0.4417818 0.980654 -0.193469 -0.02979463 0.9806549 -0.1957219 0.00296092 0.9806522 -0.1957365 0.00296092 0.9806537 -0.1924805 0.03563344 0.980654 -0.1924788 0.03563356 0.9806553 -0.1838092 0.0673024 0.9806522 -0.1838245 0.0673055 0.9806485 -0.008675336 0.1955846 0.9806539 0.02413219 0.1942569 0.9806552 0.02413237 0.1942501 0.9806539 0.05626142 0.1874908 0.9806517 0.05626547 0.1875007 0.9806489 0.08681833 0.1754719 0.9806565 0.08680206 0.1754371 0.8305594 -0.5504413 -0.08476793 0.8305595 -0.5568664 0.008424282 0.8305634 -0.5568604 0.008423626 0.830561 -0.5476232 0.1013779 0.8305627 -0.5476202 0.1013793 0.8305676 -0.5229663 0.191478 0.8305629 -0.522972 0.1914827 0.8305326 -0.02468091 0.5564231 0.8305152 0.06867039 0.5527469 0.8305817 0.06865662 0.5526486 0.8305737 0.1600637 0.5334108 0.830563 0.1600688 0.5334261 0.8305738 0.2469657 0.4991545 0.8305568 0.2469756 0.499178 0.980651 0.1607324 0.1117535 0.8962662 0.3641372 0.2532015 0.8306615 0.4556661 0.3199533 0.5542117 -0.8226776 -0.1266924 0.554218 -0.8322765 0.01258993 0.5542082 -0.8322829 0.0125904 0.5542163 -0.8184658 0.1515197 0.5542088 -0.8184706 0.1515207 0.5541993 -0.7816391 0.286188 0.5542213 -0.7816245 0.2861853 0.5541235 -0.03688663 0.8316169 0.5542328 0.1026164 0.826012 0.5542697 0.1026135 0.8259877 0.5542327 0.2392339 0.797241 0.554231 0.2392325 0.7972427 0.5541893 0.3691312 0.7460674 0.5542104 0.369126 0.7460542 0.1950531 -0.8935024 -0.4044846 0.424656 -0.7993967 -0.4250085 0.5542072 -0.7349627 -0.3907485 0.5542243 -0.7349514 -0.3907454 0.8305643 -0.4917427 -0.2614425 0.8305544 -0.4917583 -0.2614444 0.9806548 -0.1728345 -0.09189361 0.9806522 -0.17285 -0.09189337 0.9806532 -0.1857714 -0.06171143 0.9806532 -0.1857712 -0.0617125 0.8305641 -0.5285236 -0.1755737 0.8305636 -0.5285245 -0.1755738 0.5542129 -0.7899286 -0.2624141 0.5542077 -0.7899325 -0.2624129 0.1944442 -0.9308941 -0.3092375 0.1944252 -0.9308974 -0.3092395 0.1949224 -0.8727936 0.4474783 0.1944149 -0.9211199 0.3372553 0.1944191 -0.9211187 0.337256 0.1944178 -0.9645296 0.1785622 0.1944364 -0.9645267 0.1785571 0.1949827 -0.9786508 0.06499588 0.4810578 -0.8765887 0.01326078 0.1948425 -0.9806818 -0.0173093 0.1944312 -0.9694871 -0.1493028 0.423769 -0.8972335 -0.1240642 0.195078 -0.9568539 -0.2153491 0.980651 -0.1699945 0.09708458 0.9806554 -0.1699749 0.09707552 0.8305624 -0.4836143 0.2761948 0.8305515 -0.4836251 0.2762087 0.5542302 -0.7227945 0.4127919 0.5542387 -0.7227864 0.4127945 0.4914652 -0.7562549 0.4319037 0.1948621 -0.8322001 0.5191069 0.1951099 -0.7099486 0.6766869 0.3253654 -0.7311847 0.5995886 0.5542086 -0.6436418 0.5278052 0.5542476 -0.6436215 0.5277888 0.8305668 -0.4306423 0.3531373 0.8305632 -0.4306471 0.3531402 0.9806524 -0.1513689 0.1241307 0.9806541 -0.1513634 0.1241233 0.9806564 -0.1284811 0.1476675 0.9806534 -0.1284922 0.1476778 0.8305533 -0.365576 0.4201612 0.8305668 -0.3655611 0.4201477 0.5542326 -0.546361 0.6279457 0.5542004 -0.5463745 0.6279625 0.1944603 -0.6438674 0.7400135 0.1943855 -0.6438776 0.7400243 0.9806564 -0.1019928 0.1670647 0.9806514 -0.1020064 0.167086 0.8305727 -0.2901942 0.4753276 0.8305631 -0.2901964 0.4753432 0.5542327 -0.4337222 0.7104303 0.554188 -0.4337387 0.7104551 0.4584799 -0.4630796 0.7585206 0.1947236 -0.4887959 0.8503889 0.1950657 -0.306631 0.9316259 0.4333519 -0.3344336 0.8368754 0.5541653 -0.3088953 0.7729712 0.5542092 -0.3088864 0.7729434 0.8305589 -0.2066671 0.5171662 0.8305691 -0.2066676 0.5171496 0.9806554 -0.07263648 0.1817663 0.9806506 -0.07264643 0.1817883 0.9806538 -0.0412386 0.1913573 0.9806531 -0.04123759 0.1913612 0.8305541 -0.1173282 0.5444391 0.8305616 -0.1173234 0.544429 0.5542328 -0.1753486 0.8136823 0.5542141 -0.1753527 0.8136942 0.1944006 -0.2066454 0.9589088 0.1945081 -0.2066394 0.9588884 0.1949771 0.5382238 0.8199384 0.1944014 0.4349979 0.8791956 0.1944218 0.4349963 0.8791919 0.1944606 0.281929 0.9395217 0.1944025 0.2819302 0.9395334 0.1950266 0.1692617 0.9660823 0.4842055 0.1078676 0.8682797 0.1948055 0.08764165 0.9769185 0.1945197 -0.04346549 0.9799351 0.4059785 -0.02766686 0.9134637 0.1949713 -0.1118089 0.9744152 0.9806539 0.1149104 0.1584731 0.9806544 0.1149086 0.1584712 0.8305338 0.3269566 0.4509025 0.8305726 0.3269195 0.4508578 0.5541898 0.488634 0.6738772 0.5542237 0.4886205 0.6738591 0.4900685 0.5117003 0.7056882 0.1949075 0.6051055 0.7719188 0.1950992 0.7487367 0.6335058 0.3404173 0.6714276 0.6582561 0.5542512 0.5943627 0.5826995 0.554217 0.5943797 0.5827147 0.830569 0.3976802 0.3898789 0.830549 0.3977044 0.3898972 0.9806544 0.1397776 0.137037 0.9806537 0.1397814 0.1370388 0.7923039 0.5009396 0.3483016 0.6074458 0.6522035 0.4534758 0.5543022 0.6819101 0.4772294 0.4411031 0.7368503 0.5123278 0.1944009 0.8053775 0.559978 0.1944145 0.8053765 0.5599748 0.1951255 0.8493774 0.4903917 0.1951206 0.8493797 0.4903899 0.4421372 0.7767813 0.4484702 0.4423567 0.7766916 0.4484091 0.6087565 0.6870655 0.3966819 0.6087521 0.6870702 0.3966805 0.7933606 0.5271935 0.3043781 0.7933466 0.5272094 0.3043874 0.8968703 0.3830454 0.2211335 0.8968705 0.3830308 0.2211581 0.9807863 0.168949 0.09754192 0.9807843 0.1689587 0.09754568 0.08316606 0.3571479 0.9303381 0.1202124 -0.1037254 0.9873145 0.969517 0.09143209 0.2273258 0.9504427 -0.2177774 0.2218822 0.8796706 0.2782317 0.3857029 0.6033846 0.6147825 0.507907 0.7766588 0.4140273 0.4747449 0.4393301 0.7149085 0.5439623 0.194975 0.829257 0.5237534 0.9038056 -0.2513251 0.3463685 0.7792271 -0.3507017 0.5194359 0.6719107 -0.5511769 0.4947121 0.5535748 -0.5810896 0.5965651 0.4122735 -0.6209157 0.6667041 0.358052 -0.6621968 0.6582509 0.1398774 -0.6912002 0.7089969 0.120699 -0.7019304 0.7019442 0.8954387 0.2334395 0.379072 0.6942967 0.04499286 0.7182812 0.6766223 -0.08925139 0.7309012 0.3976913 -0.1789391 0.8999015 0.3649914 -0.2154986 0.9057272 0.1373484 -0.2464987 0.9593612 -0.01435148 -0.3583559 0.9334748 0.6343702 0.5794584 0.5116664 0.4853982 0.4468365 0.7514824 0.5012707 0.3703948 0.7820074 0.2852364 0.3092781 0.9071865 0.2714601 0.2875384 0.9184939 0.09946954 0.2641388 0.9593417 -0.062303 0.1042824 0.9925944 0.22892 0.8121842 0.5366122 0.1754817 0.7649792 0.6196879 0.1879132 0.7462617 0.6385782 0.1044029 0.7228853 0.6830351 0.1015821 0.717174 0.689451 0.03652483 0.708382 0.7048836 0.03479087 0.7066807 0.7066767 0 -0.74314 0.6691361 -5.67993e-4 -0.7071 0.7071134 4.27358e-4 -0.4067558 0.9135368 0 -0.3583958 0.9335698 0 -0.1044839 0.9945266 5.69392e-4 0 0.9999999 0 0.1044839 0.9945266 0 0.4067559 0.913537 5.68097e-4 0.3583957 0.9335696 -7.06993e-4 0.7431398 0.6691359 0 0.7071002 0.7071135 0.01557058 0.7497959 0.661486 0.01014733 0.743103 0.6691002 0.0156123 0.413869 0.9102027 0.01127254 0.406728 0.9134798 0.01332932 0.005617558 0.9998954 0.01021975 0 0.9999478 0.009037911 -0.4036605 0.9148643 0.007125496 -0.4067448 0.913514 0.003413736 -0.7424041 0.6699437 0.002732694 -0.7431458 0.669124 0.1594867 0.7953248 0.584827 0.1609711 0.7409284 0.6520074 0.1731391 0.4676374 0.8667976 0.1692996 0.407575 0.8973408 0.1546609 0.05224418 0.9865853 0.1483498 0.00378108 0.9889278 0.1069684 -0.3761393 0.9203678 0.1013578 -0.4033985 0.9093934 0.03839516 -0.7358115 0.6760971 0.03614968 -0.7424939 0.6688767 -0.1185411 0.9033001 0.412307 -0.5111924 0.7538254 0.4128315 -0.8107956 0.4730675 0.3446995 0.09018564 -0.7448976 0.6610553 0.2109127 -0.3954376 0.8939491 0.2937207 0.02934443 0.9554408 0.3233535 0.4479926 0.8335137 0.2947643 0.780385 0.5514649 0.2957598 0.7803545 0.5509747 0.0211966 -0.7388532 0.673533 -0.06450957 -0.7187696 0.6922491 -0.1317478 -0.7363386 0.6636626 -0.3671382 -0.6582934 0.6571601 -0.3945832 -0.6624962 0.6367126 -0.5233368 -0.5968204 0.6082139 -0.6935032 -0.4955812 0.5229272 -0.6597094 -0.4718412 0.5849354 -0.8677252 -0.3253363 0.3757783 -0.8551536 -0.3171218 0.4100565 -0.9376361 -0.1661169 0.3053584 -0.9592727 -0.1359149 0.2476351 -0.9324088 -0.1493441 0.3291054 -0.9928912 -0.04109781 0.1117051 -0.9686223 0.1112786 0.2222345 0.1581958 -0.3923246 0.9061211 0.04998767 -0.3695421 0.9278685 -0.001703321 -0.3914433 0.9202008 -0.295338 -0.2938323 0.9090864 -0.2960665 -0.2940905 0.908766 -0.6349336 -0.1236597 0.7626058 -0.5891284 -0.09914422 0.8019341 -0.8380721 0.08670854 0.538625 -0.7830249 0.135935 0.6069544 -0.8766441 0.2414545 0.4161671 -0.8476869 0.229828 0.4781277 -0.9072403 0.3306466 0.2599768 -0.9052887 0.333969 0.2625209 0.261662 0.03063213 0.9646733 0.1550544 0.05000197 0.9866397 0.1244704 0.03282308 0.9916803 -0.1448632 0.120366 0.9821032 -0.1410018 0.1219071 0.9824751 -0.449741 0.2726255 0.8505342 -0.4038513 0.2922775 0.8668783 -0.624083 0.457314 0.633549 -0.5636737 0.486409 0.6675914 -0.6388341 0.5777025 0.5080854 -0.6146022 0.5679867 0.5474079 -0.6684472 0.6481639 0.3647765 -0.6612562 0.6531071 0.3690412 0.309492 0.448422 0.8385299 0.2332103 0.4613419 0.8560237 0.2222523 0.4541882 0.8627381 0.03589904 0.5139945 0.8570421 0.04426836 0.5172187 0.8547077 -0.1705106 0.6203008 0.7656063 -0.1350793 0.6305638 0.7642924 -0.2860383 0.7439843 0.6038787 -0.2410608 0.7527744 0.6125522 -0.2880262 0.8129274 0.5061522 -0.2730026 0.8060254 0.5251596 -0.3118387 0.8583928 0.4073309 -0.3007636 0.8607423 0.4106875 0.2881581 0.781642 0.5531733 0.2711821 0.7889249 0.5514144 0.2676488 0.7877966 0.5547438 0.2118616 0.8056223 0.5532516 0.2229204 0.8081774 0.54512 0.1467242 0.8449276 0.5143632 0.1665671 0.8458838 0.5066915 0.1121774 0.8866133 0.4487016 0.129185 0.8848657 0.4475756 0.1133458 0.9049676 0.4101055 0.1173138 0.9025864 0.4142168 0.1042208 0.9202892 0.3771018 0.1148029 0.9184877 0.3784188 -0.4421358 0.790272 0.4242478 -0.492809 0.7674364 0.4100986 -0.6086048 0.6981968 0.3769901 -0.7932126 0.5366967 0.2876986 -0.9777886 0.1845256 0.09939783 -0.980764 0.1722346 0.09185391 -0.09308123 0.9088721 0.4065557 -0.09314042 0.8751696 0.4747663 -0.194991 0.8653373 0.4617033 -0.5140848 0.7839165 0.3481262 -0.4925625 0.795138 0.3537483 -0.3012753 0.8723056 0.3851186 -0.1413066 0.9048316 0.4016372 -0.1186822 0.9095393 0.3983124 0.114862 0.9250527 0.3620558 -0.6648233 0.6832465 0.3019674 -0.8058454 0.5409359 0.2408347 -0.8060385 0.5220792 0.2788106 -0.8968111 0.3894026 0.2099894 -0.982466 0.1704902 0.07545733 -0.9777649 0.1914569 0.08555805 -0.9123365 0.3744427 0.1656348 -0.819973 0.5231749 0.2322337 -0.9807851 0.1689546 0.09754461 -0.9807841 0.168959 0.09754753 -0.8968801 0.3830204 0.2211368 -0.8968644 0.3830467 0.2211548 -0.793356 0.527199 0.3043804 -0.7933623 0.5271944 0.3043721 -0.6087192 0.6870943 0.3966892 -0.6087777 0.6870496 0.396677 -0.4423748 0.7766855 0.4484021 -0.442226 0.7767362 0.4484608 -0.1950998 0.8493807 0.4903963 -0.1951274 0.8493816 0.4903838 -0.1947873 0.8190296 0.5396745 -0.09973859 -0.8046957 -0.5852496 -0.9847776 -0.1387346 -0.1047179 -0.3051016 -0.7693696 -0.5612338 -0.5332641 -0.6845522 -0.4970088 -0.942118 -0.2685003 -0.2008021 -0.8203728 -0.4578675 -0.3425579 -0.194848 -0.7955064 -0.573763 -0.1946854 -0.8578102 -0.4756672 -0.4048263 -0.8073773 -0.4292524 -0.4492931 -0.8932823 0.0135132 -0.1950707 -0.8946076 -0.4020259 -0.1944292 -0.9308972 -0.3092374 -0.19444 -0.9308944 -0.3092392 -0.1950595 -0.9580247 -0.2100961 -0.4278592 -0.8933144 -0.1375721 -0.194715 -0.9723376 -0.1290187 -0.1947582 -0.9808077 -0.009241878 -0.4773147 -0.7630577 0.4357909 -0.1950314 -0.9780732 0.07304543 -0.1944313 -0.9645276 0.1785585 -0.1944257 -0.9645285 0.1785598 -0.1950562 -0.9423282 0.2719756 -0.3735018 -0.8710775 0.3189365 -0.194613 -0.9162762 0.350091 -0.1948658 -0.8665845 0.4594113 -0.4910499 -0.4539216 0.7435222 -0.1950015 -0.8249841 0.5304486 -0.1944304 -0.7585027 0.6219892 -0.194407 -0.7585036 0.6219955 -0.1951168 -0.6986966 0.6882969 -0.2979004 -0.6265937 0.7201637 -0.1945427 -0.6385964 0.7445454 -0.1949009 -0.5427924 0.8169394 -0.1948802 -0.4723729 0.8595846 -0.1944605 -0.3640074 0.9108698 -0.1944425 -0.3640035 0.9108752 -0.1944606 -0.2066453 0.9588967 -0.1944482 -0.2066404 0.9589002 -0.1949281 -0.08772784 0.9768864 -0.4914454 -0.0385912 0.8700531 -0.1948586 -0.005491197 0.980816 -0.1943411 0.1209313 0.9734511 -0.3009443 0.1112269 0.9471331 -0.1950177 0.1956835 0.9610807 -0.1944011 0.2819342 0.9395326 -0.1944392 0.2819258 0.9395272 -0.1949774 0.3885561 0.9005599 -0.478491 0.3893955 0.7870309 -0.1948032 0.462726 0.8648331 -0.1944607 0.5758161 0.7941164 -0.3999365 0.5278986 0.7492489 -0.1950162 0.6301594 0.7515769 -0.1944 0.7004608 0.6867047 -0.1944021 0.7004522 0.6867129 -0.1950138 0.7708501 0.6064321 -0.5549287 -0.6718952 -0.4905213 -0.554207 -0.7349624 -0.3907493 -0.5542295 -0.7349457 -0.3907487 -0.5542201 -0.7899244 -0.2624114 -0.5541998 -0.7899374 -0.2624152 -0.5542109 -0.8226783 -0.1266922 -0.5542163 -0.8226743 -0.1266939 -0.5542224 -0.8322734 0.0125904 -0.5542144 -0.8322788 0.01259011 -0.5542073 -0.8184719 0.1515197 -0.5542145 -0.818467 0.1515197 -0.5542103 -0.7816311 0.2861887 -0.5542127 -0.7816305 0.2861859 -0.5542293 -0.7227933 0.4127952 -0.5542415 -0.7227853 0.4127926 -0.5542086 -0.6436418 0.5278052 -0.554252 -0.6436218 0.5277838 -0.554251 -0.5463526 0.627937 -0.5541793 -0.5463888 0.6279687 -0.554208 -0.43373 0.7104449 -0.5542134 -0.4337282 0.7104417 -0.5541655 -0.3088954 0.7729712 -0.5542091 -0.3088846 0.7729442 -0.5542507 -0.1753483 0.8136702 -0.5541958 -0.1753547 0.8137062 -0.5541651 -0.03688496 0.8315892 -0.5542772 -0.03688395 0.8315146 -0.5542938 0.1026137 0.8259715 -0.5542085 0.1026189 0.8260281 -0.5542511 0.2392287 0.7972298 -0.5542125 0.2392378 0.797254 -0.5542067 0.3691304 0.7460547 -0.554193 0.3691267 0.7460668 -0.5541656 0.4886429 0.6738908 -0.5542495 0.4886085 0.6738467 -0.5542084 0.5943832 0.5827192 -0.5542491 0.5943632 0.582701 -0.4512882 0.7326747 0.5094377 -0.4410974 0.7368491 0.5123342 -0.5543079 0.6819016 0.4772348 -0.6074467 0.6522067 0.4534699 -0.792294 0.5009491 0.3483109 -0.8307763 -0.4443891 -0.3351553 -0.8305577 -0.4917544 -0.2614418 -0.8305582 -0.4917496 -0.2614488 -0.8305557 -0.5285369 -0.1755735 -0.8305593 -0.5285299 -0.1755771 -0.8305566 -0.5504454 -0.08476793 -0.8305572 -0.5504444 -0.08476853 -0.8305537 -0.556875 0.008424103 -0.8305617 -0.556863 0.008424222 -0.8305667 -0.5476142 0.10138 -0.8305623 -0.5476209 0.1013787 -0.8305667 -0.5229673 0.1914792 -0.8305608 -0.5229753 0.1914833 -0.8305553 -0.4836226 0.2762011 -0.8305566 -0.4836175 0.2762063 -0.8305497 -0.430658 0.3531585 -0.8305782 -0.4306277 0.3531286 -0.8305577 -0.3655676 0.4201599 -0.8305602 -0.3655693 0.4201537 -0.8305561 -0.290205 0.4753501 -0.830577 -0.290185 0.4753258 -0.8305751 -0.2066653 0.5171409 -0.8305523 -0.2066729 0.5171743 -0.8305369 -0.1173332 0.5444645 -0.8305755 -0.1173184 0.5444089 -0.830537 -0.02468091 0.5564165 -0.830585 -0.02467811 0.5563448 -0.830537 0.06866431 0.5527147 -0.8305565 0.06866228 0.5526857 -0.8305761 0.1600599 0.5334082 -0.8305573 0.1600701 0.5334345 -0.8305764 0.2469604 0.4991527 -0.8305501 0.246984 0.499185 -0.8305564 0.3269349 0.4508767 -0.830547 0.3269426 0.4508884 -0.8305751 0.3976759 0.3898705 -0.8305444 0.3977075 0.3899034 -0.8306608 0.4556658 0.3199554 -0.8962597 0.3641594 0.2531931 -0.9807028 -0.156983 -0.1165266 -0.9806516 -0.1728525 -0.09189462 -0.9806535 -0.1728421 -0.09189325 -0.9806529 -0.1857726 -0.06171298 -0.9806551 -0.1857618 -0.06171101 -0.9806544 -0.1934666 -0.02979516 -0.980653 -0.1934739 -0.02979445 -0.980653 -0.1957321 0.002960681 -0.980654 -0.195727 0.002961158 -0.9806514 -0.192492 0.03563362 -0.9806545 -0.1924761 0.03563332 -0.9806528 -0.1838212 0.06730395 -0.980651 -0.1838313 0.06730365 -0.9806549 -0.169978 0.09707486 -0.9806523 -0.1699889 0.09708219 -0.98065 -0.1513813 0.1241342 -0.9806547 -0.1513622 0.1241205 -0.9806557 -0.1284829 0.1476711 -0.9806546 -0.1284871 0.1476744 -0.9806558 -0.1019917 0.1670689 -0.9806519 -0.1020072 0.1670819 -0.9806527 -0.07264482 0.1817773 -0.9806536 -0.07263958 0.181775 -0.9806529 -0.04123818 0.1913618 -0.9806541 -0.04123449 0.1913567 -0.9806529 -0.00867486 0.1955626 -0.9806494 -0.008674383 0.1955802 -0.9806576 0.02413129 0.1942375 -0.9806513 0.0241357 0.1942696 -0.9806527 0.05626678 0.1874952 -0.9806529 0.05626004 0.1874962 -0.9806533 0.08680409 0.1754542 -0.9806527 0.08680987 0.1754547 -0.9806548 0.1149106 0.1584672 -0.9806526 0.1149153 0.1584771 -0.9806534 0.1397853 0.1370369 -0.9806554 0.139772 0.137036 -0.9806534 0.1607198 0.1117502 -0.9806526 0.160725 0.1117504</float_array>
          <technique_common>
            <accessor source="#MRH-F-Mid-Visual_00-mesh-normals-array" count="6217" stride="3">
              <param name="X" type="float"/>
              <param name="Y" type="float"/>
              <param name="Z" type="float"/>
            </accessor>
          </technique_common>
        </source>
        <vertices id="MRH-F-Mid-Visual_00-mesh-vertices">
          <input semantic="POSITION" source="#MRH-F-Mid-Visual_00-mesh-positions"/>
        </vertices>
        <triangles material="black_spec-material" count="6360">
          <input semantic="VERTEX" source="#MRH-F-Mid-Visual_00-mesh-vertices" offset="0"/>
          <input semantic="NORMAL" source="#MRH-F-Mid-Visual_00-mesh-normals" offset="1"/>
          <p>0 0 1 0 2 0 2 1 1 1 3 1 4 2 5 2 6 2 4 3 6 3 0 3 0 4 6 4 7 4 0 5 7 5 1 5 2 6 3 6 8 6 9 7 10 7 11 7 11 8 10 8 12 8 11 9 12 9 13 9 13 10 12 10 14 10 13 11 14 11 15 11 15 12 16 12 13 12 13 13 16 13 17 13 13 14 17 14 18 14 18 15 19 15 13 15 13 16 19 16 20 16 13 17 20 17 21 17 11 18 22 18 9 18 9 19 22 19 23 19 9 20 23 20 24 20 24 21 23 21 25 21 24 22 25 22 26 22 26 23 25 23 27 23 26 24 27 24 28 24 29 25 30 25 31 25 31 26 30 26 28 26 31 27 28 27 32 27 32 28 28 28 27 28 21 29 2 29 13 29 13 30 2 30 8 30 13 31 8 31 33 31 33 32 8 32 34 32 33 33 34 33 35 33 35 34 34 34 36 34 35 35 36 35 37 35 37 36 36 36 38 36 37 37 38 37 39 37 39 38 38 38 40 38 39 39 40 39 41 39 41 40 40 40 42 40 41 41 42 41 43 41 43 41 42 41 44 41 43 42 44 42 45 42 45 43 44 43 46 43 45 44 46 44 47 44 47 45 46 45 48 45 47 46 48 46 49 46 49 47 48 47 50 47 49 48 50 48 51 48 51 49 50 49 52 49 51 50 52 50 53 50 53 51 52 51 54 51 53 52 54 52 55 52 55 53 54 53 56 53 55 54 56 54 57 54 57 54 56 54 58 54 57 55 58 55 59 55 59 56 58 56 60 56 59 57 60 57 61 57 61 58 60 58 62 58 61 59 62 59 63 59 63 60 62 60 64 60 63 61 64 61 65 61 65 62 64 62 66 62 65 63 66 63 67 63 67 64 66 64 68 64 67 65 68 65 69 65 69 66 68 66 70 66 69 67 70 67 71 67 71 68 70 68 72 68 71 69 72 69 73 69 73 70 72 70 74 70 73 71 74 71 75 71 75 72 74 72 76 72 75 73 76 73 77 73 77 74 76 74 78 74 77 75 78 75 79 75 79 75 78 75 80 75 79 76 80 76 81 76 81 77 80 77 82 77 81 78 82 78 83 78 83 78 82 78 84 78 83 79 84 79 85 79 85 80 84 80 86 80 85 81 86 81 87 81 87 82 86 82 88 82 87 83 88 83 89 83 89 84 88 84 90 84 89 85 90 85 91 85 91 86 90 86 92 86 91 87 92 87 93 87 93 88 92 88 94 88 93 89 94 89 95 89 95 89 94 89 96 89 97 90 98 90 99 90 99 91 98 91 100 91 99 92 100 92 101 92 101 93 100 93 102 93 103 94 104 94 105 94 105 95 104 95 101 95 105 96 101 96 106 96 106 97 101 97 102 97 107 98 108 98 109 98 109 99 108 99 110 99 109 100 110 100 111 100 111 101 112 101 109 101 109 102 112 102 113 102 109 103 113 103 114 103 114 104 115 104 109 104 109 105 115 105 116 105 109 106 116 106 117 106 118 107 119 107 120 107 119 108 121 108 120 108 120 109 121 109 122 109 120 110 122 110 107 110 107 111 122 111 123 111 107 112 123 112 108 112 120 113 124 113 118 113 118 114 124 114 125 114 118 115 125 115 126 115 126 116 125 116 127 116 126 117 127 117 128 117 128 118 127 118 129 118 128 119 129 119 130 119 130 120 129 120 131 120 130 121 131 121 132 121 132 122 131 122 133 122 132 123 133 123 134 123 134 124 133 124 135 124 136 125 137 125 138 125 138 126 137 126 139 126 140 127 141 127 142 127 142 128 141 128 137 128 142 129 137 129 143 129 143 130 137 130 136 130 140 131 144 131 141 131 141 132 144 132 145 132 141 133 145 133 146 133 146 134 145 134 147 134 146 135 147 135 148 135 148 136 147 136 149 136 148 137 149 137 135 137 135 138 149 138 150 138 135 139 150 139 134 139 151 140 152 140 153 140 153 141 154 141 151 141 151 142 154 142 155 142 151 143 155 143 156 143 156 144 157 144 151 144 151 145 157 145 158 145 151 146 158 146 159 146 159 147 158 147 160 147 159 148 160 148 137 148 137 149 160 149 161 149 137 150 161 150 139 150 152 151 151 151 162 151 162 152 151 152 163 152 162 153 163 153 164 153 165 154 166 154 167 154 167 155 166 155 168 155 167 156 168 156 163 156 163 157 168 157 169 157 163 158 169 158 164 158 170 159 171 159 172 159 172 160 171 160 173 160 173 161 174 161 172 161 172 162 174 162 175 162 172 163 175 163 167 163 167 164 175 164 176 164 167 165 176 165 165 165 170 166 172 166 177 166 177 167 172 167 178 167 177 168 178 168 179 168 180 169 181 169 178 169 178 170 181 170 182 170 178 171 182 171 179 171 183 172 184 172 185 172 185 173 184 173 186 173 185 174 186 174 178 174 178 175 186 175 187 175 178 176 187 176 180 176 188 177 189 177 185 177 185 178 189 178 190 178 185 179 190 179 183 179 191 180 188 180 192 180 192 181 188 181 193 181 191 182 194 182 188 182 188 183 194 183 195 183 188 184 195 184 189 184 196 185 197 185 198 185 198 186 197 186 199 186 198 187 199 187 200 187 200 188 201 188 198 188 198 189 201 189 202 189 198 190 202 190 188 190 188 191 202 191 203 191 188 192 203 192 193 192 204 193 205 193 196 193 196 194 205 194 206 194 196 195 206 195 197 195 204 196 207 196 208 196 208 197 209 197 204 197 204 198 209 198 210 198 204 199 210 199 211 199 211 200 212 200 204 200 204 201 212 201 213 201 204 202 213 202 214 202 214 203 215 203 204 203 204 204 215 204 216 204 204 205 216 205 205 205 217 206 218 206 219 206 217 207 219 207 207 207 207 208 219 208 220 208 207 209 220 209 221 209 221 210 222 210 207 210 207 211 222 211 223 211 207 212 223 212 224 212 224 213 225 213 207 213 207 214 225 214 226 214 207 215 226 215 208 215 227 216 228 216 229 216 229 217 228 217 230 217 229 218 230 218 231 218 231 219 232 219 229 219 229 220 232 220 233 220 229 221 233 221 234 221 234 222 233 222 235 222 235 223 236 223 234 223 234 224 236 224 237 224 234 225 237 225 238 225 238 226 239 226 234 226 234 227 239 227 240 227 234 228 240 228 217 228 217 229 240 229 241 229 217 230 241 230 218 230 242 231 97 231 99 231 99 232 243 232 244 232 244 233 245 233 99 233 99 234 245 234 246 234 99 235 246 235 247 235 227 236 242 236 228 236 228 237 242 237 99 237 228 238 99 238 248 238 248 239 99 239 247 239 249 240 250 240 251 240 249 241 251 241 252 241 251 242 253 242 252 242 252 243 253 243 254 243 252 244 254 244 255 244 255 245 254 245 256 245 255 246 256 246 99 246 99 247 256 247 257 247 99 248 257 248 243 248 258 249 259 249 260 249 260 250 259 250 261 250 260 251 261 251 262 251 262 252 263 252 260 252 260 253 263 253 264 253 260 254 264 254 249 254 249 255 264 255 265 255 249 256 265 256 250 256 266 257 267 257 268 257 268 258 267 258 269 258 268 259 269 259 103 259 103 260 269 260 270 260 103 261 270 261 104 261 266 262 271 262 267 262 267 263 271 263 272 263 267 264 272 264 273 264 273 265 272 265 274 265 273 266 274 266 275 266 276 267 277 267 275 267 276 268 275 268 278 268 279 269 278 269 280 269 280 270 278 270 281 270 282 271 283 271 284 271 283 272 285 272 284 272 284 273 285 273 286 273 284 274 286 274 280 274 280 275 286 275 287 275 280 276 287 276 279 276 274 277 288 277 275 277 275 278 288 278 289 278 275 279 289 279 278 279 278 280 289 280 290 280 278 281 290 281 281 281 291 282 275 282 292 282 292 283 275 283 277 283 292 284 277 284 293 284 294 285 295 285 296 285 291 286 297 286 275 286 275 287 297 287 294 287 275 288 294 288 298 288 298 289 294 289 296 289 299 290 300 290 301 290 301 291 300 291 302 291 301 292 302 292 303 292 302 293 304 293 303 293 303 294 304 294 305 294 303 295 305 295 284 295 284 296 305 296 306 296 284 297 306 297 282 297 301 298 307 298 299 298 101 299 104 299 308 299 101 300 308 300 309 300 309 301 308 301 310 301 309 302 310 302 311 302 312 303 313 303 314 303 315 303 316 303 317 303 317 304 316 304 311 304 317 303 311 303 314 303 314 305 311 305 310 305 314 304 310 304 312 304 318 306 319 306 320 306 320 307 319 307 321 307 320 308 321 308 322 308 322 309 321 309 323 309 322 310 323 310 324 310 5 311 4 311 325 311 325 312 4 312 326 312 325 313 326 313 327 313 327 314 326 314 328 314 323 315 329 315 324 315 324 316 329 316 330 316 324 308 330 308 331 308 332 317 333 317 328 317 328 318 333 318 334 318 328 319 334 319 327 319 332 320 335 320 333 320 333 321 335 321 336 321 333 322 336 322 330 322 330 323 336 323 337 323 330 324 337 324 331 324 338 325 339 325 340 325 340 326 339 326 341 326 340 327 341 327 342 327 343 328 344 328 345 328 345 329 344 329 346 329 345 330 346 330 347 330 348 331 349 331 350 331 350 332 349 332 351 332 350 333 351 333 352 333 352 334 351 334 345 334 352 335 345 335 353 335 353 336 345 336 354 336 348 337 350 337 355 337 355 338 350 338 356 338 355 334 356 334 340 334 340 339 356 339 357 339 340 340 357 340 338 340 347 341 358 341 345 341 345 342 358 342 359 342 345 343 359 343 354 343 360 344 101 344 361 344 361 345 101 345 309 345 361 346 309 346 316 346 316 347 309 347 311 347 362 348 360 348 363 348 363 349 360 349 361 349 363 350 361 350 315 350 315 351 361 351 316 351 345 352 351 352 364 352 364 353 351 353 365 353 364 354 365 354 366 354 366 355 365 355 367 355 368 356 369 356 370 356 370 357 369 357 366 357 370 358 366 358 371 358 371 359 366 359 367 359 369 360 372 360 366 360 366 361 372 361 373 361 366 362 373 362 374 362 374 363 373 363 375 363 374 364 375 364 376 364 376 365 375 365 377 365 377 366 378 366 376 366 376 367 378 367 379 367 376 368 379 368 380 368 380 369 381 369 376 369 376 370 381 370 382 370 376 371 382 371 362 371 362 372 382 372 383 372 362 373 383 373 384 373 101 374 360 374 99 374 99 375 360 375 362 375 99 376 362 376 385 376 385 377 362 377 384 377 362 378 363 378 376 378 376 379 363 379 315 379 376 380 315 380 374 380 374 381 315 381 386 381 374 382 386 382 366 382 366 383 386 383 387 383 366 384 387 384 364 384 364 385 387 385 388 385 364 386 388 386 345 386 315 387 317 387 386 387 386 388 317 388 389 388 389 389 390 389 386 389 386 390 390 390 391 390 386 391 391 391 387 391 387 392 391 392 388 392 388 393 391 393 343 393 388 394 343 394 345 394 392 395 393 395 394 395 395 396 396 396 397 396 398 397 399 397 400 397 401 398 402 398 403 398 404 399 405 399 406 399 406 400 405 400 407 400 408 401 409 401 407 401 407 402 409 402 410 402 407 403 410 403 406 403 411 404 412 404 408 404 408 405 412 405 413 405 408 406 413 406 409 406 414 407 415 407 416 407 414 408 416 408 417 408 415 409 414 409 418 409 418 410 414 410 419 410 418 411 419 411 420 411 420 412 419 412 421 412 420 413 421 413 422 413 423 414 424 414 421 414 421 415 424 415 425 415 421 416 425 416 422 416 426 417 427 417 428 417 428 418 427 418 429 418 428 419 429 419 430 419 430 420 431 420 428 420 428 421 431 421 432 421 428 422 432 422 433 422 434 423 435 423 426 423 426 424 435 424 436 424 426 425 436 425 437 425 437 426 438 426 426 426 426 427 438 427 439 427 426 428 439 428 427 428 440 429 441 429 428 429 428 430 441 430 442 430 442 431 443 431 428 431 428 432 443 432 444 432 428 433 444 433 426 433 426 434 444 434 445 434 426 435 445 435 434 435 446 436 447 436 448 436 448 437 447 437 449 437 448 438 449 438 450 438 450 439 449 439 451 439 452 440 453 440 451 440 453 441 454 441 451 441 451 442 454 442 455 442 451 443 455 443 456 443 456 444 457 444 451 444 451 445 457 445 458 445 451 446 458 446 459 446 459 447 460 447 451 447 451 448 460 448 461 448 451 449 461 449 462 449 462 450 463 450 451 450 451 451 463 451 464 451 451 452 464 452 450 452 465 453 466 453 467 453 467 454 466 454 468 454 467 455 468 455 469 455 465 456 467 456 470 456 470 457 467 457 471 457 470 458 471 458 472 458 473 459 474 459 471 459 471 460 474 460 475 460 471 461 475 461 472 461 476 462 477 462 473 462 473 463 477 463 478 463 473 464 478 464 474 464 403 465 402 465 479 465 479 466 402 466 480 466 479 467 480 467 481 467 481 468 480 468 482 468 481 469 482 469 483 469 483 470 482 470 484 470 483 471 484 471 476 471 476 472 484 472 485 472 476 473 485 473 477 473 486 474 487 474 488 474 488 475 487 475 489 475 488 476 489 476 490 476 400 477 399 477 491 477 491 478 399 478 492 478 491 479 492 479 487 479 487 480 492 480 493 480 487 481 493 481 489 481 494 482 495 482 496 482 496 483 495 483 400 483 497 484 498 484 495 484 495 485 498 485 400 485 400 486 498 486 499 486 400 487 499 487 398 487 500 488 501 488 502 488 501 489 503 489 502 489 502 490 503 490 504 490 502 491 504 491 505 491 506 492 507 492 502 492 502 493 507 493 508 493 502 494 508 494 500 494 505 495 509 495 502 495 502 496 509 496 510 496 502 497 510 497 511 497 494 498 512 498 495 498 495 499 512 499 506 499 495 500 506 500 497 500 497 501 506 501 502 501 497 502 502 502 513 502 513 503 502 503 511 503 514 504 515 504 516 504 401 505 403 505 490 505 490 506 403 506 514 506 490 507 514 507 488 507 488 508 514 508 516 508 488 509 516 509 486 509 515 510 514 510 517 510 517 511 514 511 403 511 517 512 403 512 518 512 518 513 403 513 479 513 518 514 479 514 519 514 519 515 479 515 481 515 519 516 481 516 520 516 520 517 481 517 483 517 520 518 483 518 521 518 521 519 522 519 523 519 523 520 522 520 524 520 523 521 524 521 525 521 525 522 524 522 526 522 527 523 528 523 526 523 526 524 528 524 529 524 526 525 529 525 525 525 395 526 397 526 530 526 531 527 440 527 532 527 532 528 440 528 428 528 532 529 428 529 421 529 421 530 428 530 433 530 421 531 433 531 423 531 530 532 397 532 533 532 533 533 397 533 532 533 533 534 532 534 534 534 534 535 532 535 421 535 534 536 421 536 535 536 536 537 537 537 419 537 419 538 537 538 538 538 419 539 538 539 421 539 421 540 538 540 539 540 421 541 539 541 535 541 536 542 419 542 540 542 540 543 419 543 414 543 540 544 414 544 541 544 541 545 414 545 417 545 541 546 417 546 542 546 542 547 417 547 543 547 542 548 543 548 544 548 544 549 543 549 545 549 544 550 545 550 546 550 546 551 545 551 547 551 546 552 547 552 548 552 394 553 549 553 547 553 547 554 549 554 550 554 547 555 550 555 548 555 394 556 393 556 549 556 549 557 393 557 551 557 549 558 551 558 552 558 446 559 531 559 447 559 447 560 531 560 532 560 447 561 532 561 449 561 449 562 532 562 397 562 449 563 397 563 527 563 527 564 397 564 396 564 527 565 396 565 528 565 521 566 483 566 522 566 522 567 483 567 476 567 522 568 476 568 524 568 524 569 476 569 473 569 524 570 473 570 526 570 526 571 473 571 471 571 526 572 471 572 527 572 527 573 471 573 467 573 527 574 467 574 449 574 449 575 467 575 469 575 449 576 469 576 451 576 451 577 469 577 553 577 451 578 553 578 452 578 416 579 554 579 417 579 417 580 554 580 555 580 417 581 555 581 543 581 543 582 555 582 411 582 543 583 411 583 545 583 545 584 411 584 408 584 545 585 408 585 547 585 547 586 408 586 407 586 547 587 407 587 394 587 394 588 407 588 405 588 394 589 405 589 392 589 556 590 557 590 558 590 557 591 559 591 531 591 559 592 560 592 531 592 531 593 560 593 561 593 531 594 561 594 440 594 556 595 558 595 342 595 557 596 531 596 558 596 558 597 531 597 446 597 558 598 446 598 562 598 562 599 446 599 448 599 562 600 448 600 563 600 563 601 448 601 450 601 563 602 450 602 564 602 564 603 450 603 464 603 564 604 464 604 565 604 342 605 558 605 340 605 340 606 558 606 562 606 340 607 562 607 355 607 355 608 562 608 563 608 355 609 563 609 348 609 348 610 563 610 564 610 348 611 564 611 349 611 349 612 564 612 565 612 349 613 565 613 351 613 566 614 567 614 568 614 568 615 567 615 569 615 569 616 570 616 568 616 568 617 570 617 571 617 568 618 571 618 572 618 368 619 370 619 573 619 573 620 370 620 371 620 573 621 371 621 572 621 566 622 461 622 574 622 574 623 461 623 460 623 572 624 371 624 568 624 568 625 371 625 367 625 568 626 367 626 575 626 575 627 367 627 365 627 575 628 365 628 576 628 576 629 365 629 351 629 576 630 351 630 565 630 566 631 568 631 461 631 461 632 568 632 575 632 461 633 575 633 462 633 462 634 575 634 576 634 462 635 576 635 463 635 463 636 576 636 565 636 463 637 565 637 464 637 317 638 314 638 577 638 577 639 314 639 578 639 577 640 578 640 579 640 579 641 578 641 580 641 579 642 580 642 581 642 581 643 580 643 582 643 581 644 582 644 336 644 336 644 582 644 337 644 579 645 581 645 583 645 581 646 336 646 335 646 584 647 577 647 579 647 577 648 584 648 317 648 581 649 335 649 583 649 583 650 335 650 332 650 583 651 332 651 585 651 585 652 332 652 328 652 585 653 328 653 586 653 586 654 328 654 326 654 586 655 326 655 587 655 579 656 583 656 584 656 584 657 583 657 585 657 584 658 585 658 588 658 588 659 585 659 586 659 588 660 586 660 589 660 589 661 586 661 587 661 589 662 587 662 590 662 317 663 584 663 389 663 389 664 584 664 588 664 389 665 588 665 390 665 390 666 588 666 589 666 390 667 589 667 391 667 391 668 589 668 590 668 391 669 590 669 343 669 344 670 343 670 591 670 591 671 343 671 590 671 591 672 590 672 592 672 592 673 590 673 593 673 594 674 595 674 587 674 587 675 595 675 596 675 587 676 596 676 590 676 590 677 596 677 597 677 590 678 597 678 593 678 326 679 4 679 587 679 587 680 4 680 598 680 598 681 599 681 587 681 587 682 599 682 600 682 587 683 600 683 594 683 601 684 602 684 603 684 603 685 602 685 604 685 603 686 604 686 605 686 605 687 604 687 606 687 607 688 608 688 609 688 609 689 608 689 610 689 609 690 610 690 611 690 611 691 610 691 612 691 611 692 612 692 606 692 606 693 612 693 613 693 606 694 613 694 605 694 614 695 615 695 616 695 616 696 615 696 617 696 618 697 619 697 620 697 620 698 619 698 621 698 620 699 621 699 622 699 623 700 624 700 441 700 440 701 625 701 441 701 441 702 625 702 626 702 441 703 626 703 623 703 627 704 404 704 406 704 628 705 629 705 630 705 630 706 629 706 631 706 630 707 631 707 627 707 632 708 633 708 634 708 634 709 633 709 635 709 634 710 635 710 628 710 628 711 635 711 636 711 628 712 636 712 629 712 637 713 638 713 639 713 639 714 638 714 640 714 639 715 640 715 632 715 632 716 640 716 641 716 632 717 641 717 633 717 642 718 643 718 644 718 644 719 643 719 645 719 644 720 645 720 637 720 637 721 645 721 646 721 637 722 646 722 638 722 647 723 648 723 649 723 649 724 648 724 650 724 649 725 650 725 651 725 651 726 650 726 652 726 651 727 652 727 642 727 642 728 652 728 653 728 642 729 653 729 643 729 654 730 655 730 656 730 656 731 655 731 657 731 656 732 657 732 658 732 658 733 657 733 659 733 658 734 659 734 647 734 647 735 659 735 660 735 647 736 660 736 648 736 661 737 662 737 663 737 663 738 662 738 664 738 663 739 664 739 665 739 665 740 664 740 666 740 665 741 666 741 654 741 654 742 666 742 667 742 654 743 667 743 655 743 668 744 669 744 670 744 670 745 669 745 671 745 670 746 671 746 661 746 661 747 671 747 672 747 661 748 672 748 662 748 673 749 674 749 675 749 675 750 674 750 676 750 675 751 676 751 677 751 677 752 676 752 678 752 677 753 678 753 668 753 668 754 678 754 679 754 668 755 679 755 669 755 615 756 680 756 617 756 617 757 680 757 681 757 617 758 681 758 682 758 682 759 681 759 683 759 682 760 683 760 684 760 684 761 683 761 685 761 684 762 685 762 686 762 686 763 685 763 687 763 686 764 687 764 673 764 673 765 687 765 688 765 673 766 688 766 674 766 614 767 616 767 601 767 601 768 616 768 689 768 601 769 689 769 602 769 602 770 689 770 690 770 602 771 690 771 604 771 604 772 690 772 691 772 604 773 691 773 606 773 606 774 691 774 692 774 606 775 692 775 611 775 611 776 692 776 619 776 611 777 619 777 609 777 609 778 619 778 618 778 609 779 618 779 607 779 627 780 406 780 630 780 630 781 406 781 410 781 630 782 410 782 628 782 628 783 410 783 409 783 628 784 409 784 634 784 634 785 409 785 413 785 634 786 413 786 632 786 632 787 413 787 412 787 632 788 412 788 639 788 639 789 412 789 411 789 639 790 411 790 637 790 637 791 411 791 555 791 637 792 555 792 644 792 644 793 555 793 554 793 644 794 554 794 642 794 642 795 554 795 416 795 642 796 416 796 651 796 651 797 416 797 415 797 651 798 415 798 649 798 649 799 415 799 418 799 649 800 418 800 647 800 647 801 418 801 420 801 647 802 420 802 658 802 658 803 420 803 422 803 658 804 422 804 656 804 656 805 422 805 425 805 656 806 425 806 654 806 654 807 425 807 424 807 654 808 424 808 665 808 665 809 424 809 423 809 665 810 423 810 663 810 663 811 423 811 433 811 663 812 433 812 661 812 661 813 433 813 432 813 661 814 432 814 670 814 670 815 432 815 431 815 670 816 431 816 668 816 668 817 431 817 430 817 668 818 430 818 677 818 677 819 430 819 429 819 677 820 429 820 675 820 675 821 429 821 427 821 675 822 427 822 673 822 673 823 427 823 439 823 673 824 439 824 686 824 686 825 439 825 438 825 686 826 438 826 684 826 684 827 438 827 437 827 684 828 437 828 682 828 682 829 437 829 436 829 682 830 436 830 617 830 617 831 436 831 435 831 617 832 435 832 616 832 616 833 435 833 434 833 616 834 434 834 689 834 689 835 434 835 445 835 689 836 445 836 690 836 690 837 445 837 444 837 690 838 444 838 691 838 691 839 444 839 443 839 691 840 443 840 692 840 692 841 443 841 442 841 692 842 442 842 619 842 619 843 442 843 441 843 619 844 441 844 621 844 621 845 441 845 624 845 621 846 624 846 622 846 693 847 694 847 695 847 696 848 695 848 29 848 694 849 697 849 695 849 695 850 697 850 698 850 695 851 698 851 29 851 699 852 612 852 700 852 700 853 612 853 610 853 29 854 31 854 696 854 696 855 31 855 32 855 696 856 32 856 701 856 701 857 32 857 27 857 701 858 27 858 702 858 699 859 693 859 612 859 612 860 693 860 695 860 612 861 695 861 613 861 613 862 695 862 696 862 613 863 696 863 605 863 605 864 696 864 701 864 605 865 701 865 603 865 603 866 701 866 702 866 603 867 702 867 601 867 703 868 704 868 705 868 703 869 705 869 706 869 707 870 708 870 709 870 709 871 708 871 710 871 709 872 710 872 711 872 711 873 712 873 709 873 709 874 712 874 713 874 709 875 713 875 714 875 714 876 715 876 709 876 709 877 715 877 716 877 709 878 716 878 717 878 705 879 718 879 706 879 706 880 718 880 719 880 706 881 719 881 720 881 720 882 719 882 721 882 720 883 721 883 722 883 722 884 721 884 723 884 722 885 723 885 724 885 724 886 723 886 725 886 724 887 725 887 726 887 726 888 725 888 717 888 726 889 717 889 727 889 727 890 717 890 716 890 728 891 729 891 730 891 730 892 729 892 731 892 730 893 731 893 732 893 732 893 731 893 733 893 732 894 733 894 734 894 734 895 733 895 735 895 734 896 735 896 736 896 736 897 735 897 737 897 736 898 737 898 738 898 738 898 737 898 739 898 738 899 739 899 740 899 740 900 739 900 741 900 740 901 741 901 742 901 742 902 741 902 743 902 742 903 743 903 744 903 744 904 743 904 745 904 744 905 745 905 746 905 746 906 745 906 747 906 746 907 747 907 748 907 748 908 747 908 749 908 748 909 749 909 750 909 750 910 749 910 751 910 750 911 751 911 752 911 752 912 751 912 753 912 752 913 753 913 754 913 754 914 753 914 755 914 754 915 755 915 756 915 756 916 755 916 757 916 756 917 757 917 758 917 758 917 757 917 759 917 758 918 759 918 760 918 760 919 759 919 761 919 760 920 761 920 762 920 762 921 761 921 763 921 762 922 763 922 764 922 764 923 763 923 765 923 764 924 765 924 766 924 766 925 765 925 767 925 766 926 767 926 768 926 768 927 767 927 769 927 768 928 769 928 770 928 770 928 769 928 771 928 770 929 771 929 772 929 772 930 771 930 773 930 772 931 773 931 774 931 774 931 773 931 775 931 774 932 775 932 776 932 776 933 775 933 777 933 776 934 777 934 778 934 778 935 777 935 779 935 778 936 779 936 780 936 780 937 779 937 781 937 780 41 781 41 782 41 782 938 781 938 783 938 782 939 783 939 784 939 784 940 783 940 785 940 784 941 785 941 786 941 786 942 785 942 787 942 786 943 787 943 788 943 788 944 787 944 789 944 788 945 789 945 790 945 790 946 789 946 791 946 790 947 791 947 709 947 709 948 791 948 792 948 709 949 792 949 707 949 707 950 792 950 793 950 794 951 795 951 796 951 680 952 615 952 797 952 798 953 685 953 799 953 799 954 685 954 683 954 799 955 683 955 797 955 797 956 683 956 681 956 797 957 681 957 680 957 800 958 676 958 801 958 801 959 676 959 674 959 801 960 674 960 802 960 802 961 674 961 688 961 802 962 688 962 798 962 798 963 688 963 687 963 798 964 687 964 685 964 655 965 667 965 803 965 803 966 667 966 804 966 804 967 667 967 666 967 804 968 666 968 805 968 805 969 666 969 664 969 805 970 664 970 806 970 806 971 664 971 662 971 806 972 662 972 807 972 807 973 662 973 672 973 807 974 672 974 808 974 808 975 672 975 671 975 808 976 671 976 809 976 809 977 671 977 669 977 809 978 669 978 810 978 810 979 669 979 679 979 810 980 679 980 800 980 800 981 679 981 678 981 800 982 678 982 676 982 803 983 811 983 655 983 655 984 811 984 812 984 655 985 812 985 657 985 657 986 812 986 813 986 657 987 813 987 659 987 659 988 813 988 814 988 659 989 814 989 660 989 660 990 814 990 815 990 660 991 815 991 648 991 648 992 815 992 816 992 817 993 643 993 818 993 818 994 643 994 653 994 818 995 653 995 819 995 819 996 653 996 652 996 819 997 652 997 816 997 816 998 652 998 650 998 816 999 650 999 648 999 820 1000 646 1000 817 1000 817 1001 646 1001 645 1001 817 1002 645 1002 643 1002 633 1003 641 1003 821 1003 821 1004 641 1004 640 1004 821 1005 640 1005 820 1005 820 1006 640 1006 638 1006 820 1007 638 1007 646 1007 821 1008 822 1008 633 1008 633 1009 822 1009 823 1009 633 1010 823 1010 635 1010 635 1011 823 1011 824 1011 635 1012 824 1012 636 1012 636 1013 824 1013 629 1013 796 1014 795 1014 825 1014 825 1015 795 1015 826 1015 825 1016 826 1016 827 1016 824 1017 828 1017 629 1017 629 1018 828 1018 829 1018 629 1019 829 1019 631 1019 631 1020 829 1020 830 1020 631 1021 830 1021 831 1021 831 1022 830 1022 827 1022 831 1023 827 1023 832 1023 832 1024 827 1024 826 1024 794 1025 796 1025 833 1025 833 1026 796 1026 834 1026 833 1027 834 1027 835 1027 835 1028 834 1028 836 1028 835 1029 836 1029 837 1029 837 1030 836 1030 838 1030 837 1031 838 1031 839 1031 840 1032 841 1032 842 1032 842 1033 841 1033 843 1033 842 1034 843 1034 844 1034 838 1035 845 1035 839 1035 839 1036 845 1036 846 1036 839 1037 846 1037 847 1037 847 1038 846 1038 848 1038 847 1039 848 1039 840 1039 840 1040 848 1040 849 1040 840 1041 849 1041 841 1041 843 1042 850 1042 844 1042 844 1043 850 1043 851 1043 844 1044 851 1044 852 1044 852 1045 851 1045 853 1045 852 1046 853 1046 854 1046 854 1047 853 1047 855 1047 854 1048 855 1048 856 1048 856 1049 855 1049 857 1049 856 1050 857 1050 858 1050 858 1051 857 1051 859 1051 858 1052 859 1052 860 1052 861 1053 862 1053 863 1053 861 1054 863 1054 864 1054 862 1055 865 1055 863 1055 863 1054 865 1054 866 1054 863 1056 866 1056 867 1056 867 1057 866 1057 868 1057 867 1058 868 1058 869 1058 864 1054 863 1054 870 1054 870 1054 863 1054 871 1054 870 1059 871 1059 872 1059 404 1060 873 1060 405 1060 405 1061 873 1061 874 1061 405 1062 874 1062 875 1062 875 1063 876 1063 405 1063 405 1064 876 1064 877 1064 405 1065 877 1065 872 1065 878 1066 552 1066 879 1066 879 1067 552 1067 551 1067 879 1068 551 1068 880 1068 880 1069 551 1069 393 1069 880 1070 393 1070 881 1070 872 1071 871 1071 405 1071 405 1072 871 1072 863 1072 405 1073 863 1073 392 1073 392 1074 863 1074 867 1074 392 1075 867 1075 393 1075 393 1076 867 1076 869 1076 393 1077 869 1077 881 1077 882 1078 883 1078 860 1078 878 1079 879 1079 882 1079 882 1080 879 1080 880 1080 882 1081 880 1081 883 1081 883 1082 880 1082 881 1082 883 1083 881 1083 884 1083 881 1084 869 1084 885 1084 881 1085 885 1085 884 1085 884 1086 885 1086 886 1086 884 1087 886 1087 887 1087 860 1088 883 1088 858 1088 858 1089 883 1089 884 1089 858 1090 884 1090 856 1090 856 1091 884 1091 887 1091 856 1092 887 1092 854 1092 886 1093 885 1093 888 1093 885 1094 869 1094 868 1094 854 1095 887 1095 889 1095 889 1096 887 1096 886 1096 885 1097 868 1097 888 1097 888 1098 868 1098 866 1098 888 1099 866 1099 890 1099 890 1100 866 1100 865 1100 890 1101 865 1101 891 1101 891 1102 865 1102 862 1102 891 1103 862 1103 892 1103 892 1104 862 1104 861 1104 892 1105 861 1105 893 1105 893 1106 861 1106 864 1106 893 1107 864 1107 894 1107 894 1108 864 1108 870 1108 894 1109 870 1109 895 1109 870 1110 872 1110 895 1110 895 1111 872 1111 896 1111 895 1112 896 1112 897 1112 886 1113 888 1113 889 1113 889 1114 888 1114 890 1114 889 1115 890 1115 898 1115 898 1116 890 1116 891 1116 898 1117 891 1117 899 1117 899 1118 891 1118 892 1118 899 1119 892 1119 900 1119 900 1120 892 1120 893 1120 900 1121 893 1121 901 1121 901 1122 893 1122 894 1122 901 1123 894 1123 902 1123 902 1124 894 1124 895 1124 902 1125 895 1125 903 1125 903 1126 895 1126 897 1126 903 1127 897 1127 904 1127 854 1128 889 1128 852 1128 852 1129 889 1129 898 1129 852 1130 898 1130 844 1130 844 1131 898 1131 899 1131 844 1132 899 1132 842 1132 842 1133 899 1133 900 1133 842 1134 900 1134 840 1134 840 1135 900 1135 901 1135 840 1136 901 1136 847 1136 847 1137 901 1137 902 1137 847 1138 902 1138 839 1138 839 1139 902 1139 903 1139 839 1140 903 1140 837 1140 837 1141 903 1141 904 1141 837 1142 904 1142 835 1142 896 1143 872 1143 877 1143 835 1144 904 1144 905 1144 905 1145 904 1145 897 1145 905 1146 897 1146 896 1146 835 1147 905 1147 833 1147 833 1148 905 1148 906 1148 833 1149 906 1149 794 1149 896 1150 877 1150 905 1150 905 1151 877 1151 876 1151 905 1152 876 1152 906 1152 906 1153 876 1153 875 1153 906 1154 875 1154 907 1154 907 1155 875 1155 874 1155 907 1156 874 1156 908 1156 908 1157 874 1157 873 1157 908 1158 873 1158 909 1158 909 1159 873 1159 404 1159 909 1160 404 1160 627 1160 794 1161 906 1161 795 1161 795 1162 906 1162 907 1162 795 1163 907 1163 826 1163 826 1164 907 1164 908 1164 826 1165 908 1165 832 1165 832 1166 908 1166 909 1166 832 1167 909 1167 831 1167 831 1168 909 1168 627 1168 831 1169 627 1169 631 1169 910 1170 857 1170 855 1170 911 1171 797 1171 912 1171 912 1172 797 1172 615 1172 912 1173 615 1173 913 1173 914 1174 802 1174 915 1174 915 1175 802 1175 798 1175 915 1176 798 1176 911 1176 911 1177 798 1177 799 1177 911 1178 799 1178 797 1178 916 1179 810 1179 917 1179 917 1180 810 1180 800 1180 917 1181 800 1181 914 1181 914 1182 800 1182 801 1182 914 1183 801 1183 802 1183 918 1184 807 1184 919 1184 919 1185 807 1185 808 1185 919 1186 808 1186 916 1186 916 1187 808 1187 809 1187 916 1188 809 1188 810 1188 920 1189 804 1189 921 1189 921 1190 804 1190 805 1190 921 1191 805 1191 918 1191 918 1192 805 1192 806 1192 918 1193 806 1193 807 1193 922 1194 812 1194 923 1194 923 1195 812 1195 811 1195 923 1196 811 1196 920 1196 920 1197 811 1197 803 1197 920 1198 803 1198 804 1198 824 1199 823 1199 924 1199 924 1200 823 1200 822 1200 924 1201 822 1201 925 1201 925 1202 822 1202 821 1202 925 1203 821 1203 926 1203 926 1204 821 1204 820 1204 926 1205 820 1205 927 1205 927 1206 820 1206 817 1206 927 1207 817 1207 928 1207 928 1208 817 1208 818 1208 928 1209 818 1209 929 1209 929 1210 818 1210 819 1210 929 1211 819 1211 930 1211 930 1212 819 1212 816 1212 930 1213 816 1213 931 1213 931 1214 816 1214 815 1214 931 1215 815 1215 932 1215 932 1216 815 1216 814 1216 932 1217 814 1217 922 1217 922 1218 814 1218 813 1218 922 1219 813 1219 812 1219 824 1220 924 1220 828 1220 828 1221 924 1221 933 1221 828 1222 933 1222 934 1222 827 1223 830 1223 934 1223 934 1224 830 1224 829 1224 934 1225 829 1225 828 1225 934 1226 935 1226 827 1226 827 1227 935 1227 936 1227 827 1228 936 1228 825 1228 825 1229 936 1229 796 1229 796 1230 936 1230 834 1230 834 1231 936 1231 937 1231 834 1232 937 1232 938 1232 845 1233 838 1233 938 1233 938 1234 838 1234 836 1234 938 1235 836 1235 834 1235 938 1236 939 1236 845 1236 845 1237 939 1237 940 1237 845 1238 940 1238 846 1238 846 1239 940 1239 848 1239 848 1240 940 1240 849 1240 849 1241 940 1241 941 1241 849 1242 941 1242 942 1242 850 1243 843 1243 942 1243 942 1244 843 1244 841 1244 942 1245 841 1245 849 1245 942 1246 943 1246 850 1246 850 1247 943 1247 944 1247 850 1248 944 1248 851 1248 851 1249 944 1249 853 1249 853 1250 944 1250 855 1250 855 1251 944 1251 945 1251 855 1252 945 1252 910 1252 859 1253 857 1253 946 1253 946 1254 857 1254 910 1254 946 1255 910 1255 95 1255 95 1256 910 1256 945 1256 95 1257 945 1257 93 1257 93 1258 945 1258 944 1258 93 1259 944 1259 91 1259 91 1260 944 1260 943 1260 91 1261 943 1261 89 1261 89 1262 943 1262 942 1262 89 1263 942 1263 87 1263 87 1264 942 1264 941 1264 87 1265 941 1265 85 1265 85 1266 941 1266 940 1266 85 1267 940 1267 83 1267 83 1268 940 1268 939 1268 83 1269 939 1269 81 1269 81 1270 939 1270 938 1270 81 1271 938 1271 79 1271 79 1272 938 1272 937 1272 79 1273 937 1273 77 1273 77 1274 937 1274 936 1274 77 1275 936 1275 75 1275 75 1276 936 1276 935 1276 75 1277 935 1277 73 1277 73 1278 935 1278 934 1278 73 1279 934 1279 71 1279 71 1280 934 1280 933 1280 71 1281 933 1281 69 1281 69 1282 933 1282 924 1282 69 1283 924 1283 67 1283 67 1284 924 1284 925 1284 67 1285 925 1285 65 1285 65 1286 925 1286 926 1286 65 1287 926 1287 63 1287 63 1288 926 1288 927 1288 63 1289 927 1289 61 1289 61 1290 927 1290 928 1290 61 1291 928 1291 59 1291 59 1292 928 1292 929 1292 59 1293 929 1293 57 1293 57 1294 929 1294 930 1294 57 1295 930 1295 55 1295 55 1296 930 1296 931 1296 55 1297 931 1297 53 1297 53 1298 931 1298 932 1298 53 1299 932 1299 51 1299 51 1300 932 1300 922 1300 51 1301 922 1301 49 1301 49 1302 922 1302 923 1302 49 1303 923 1303 47 1303 47 1304 923 1304 920 1304 47 1305 920 1305 45 1305 45 1306 920 1306 921 1306 45 1307 921 1307 43 1307 43 1308 921 1308 918 1308 43 1309 918 1309 41 1309 41 1310 918 1310 919 1310 41 1311 919 1311 39 1311 39 1312 919 1312 916 1312 39 1313 916 1313 37 1313 37 1314 916 1314 917 1314 37 1315 917 1315 35 1315 35 1316 917 1316 914 1316 35 1317 914 1317 33 1317 33 1318 914 1318 915 1318 33 1319 915 1319 13 1319 13 1320 915 1320 911 1320 13 1321 911 1321 11 1321 11 1322 911 1322 912 1322 11 1323 912 1323 22 1323 22 1324 912 1324 913 1324 22 1325 913 1325 23 1325 614 1326 601 1326 947 1326 947 1327 601 1327 702 1327 947 1328 702 1328 25 1328 25 1329 702 1329 27 1329 615 1330 614 1330 913 1330 913 1331 614 1331 947 1331 913 1332 947 1332 23 1332 23 1333 947 1333 25 1333 948 1334 949 1334 400 1334 950 1335 951 1335 949 1335 952 1336 953 1336 954 1336 516 1337 515 1337 955 1337 949 1338 948 1338 950 1338 950 1339 948 1339 956 1339 950 1340 956 1340 957 1340 957 1341 956 1341 958 1341 958 1342 956 1342 952 1342 958 1343 952 1343 959 1343 959 1344 952 1344 954 1344 959 1345 954 1345 960 1345 400 1346 491 1346 948 1346 948 1347 491 1347 487 1347 948 1348 487 1348 956 1348 956 1349 487 1349 486 1349 956 1350 486 1350 952 1350 952 1351 486 1351 516 1351 952 1352 516 1352 953 1352 953 1353 516 1353 955 1353 953 1354 955 1354 954 1354 121 1355 119 1355 961 1355 962 1356 963 1356 117 1356 964 1357 965 1357 966 1357 117 1358 116 1358 962 1358 962 1359 116 1359 115 1359 962 1360 115 1360 967 1360 967 1361 115 1361 114 1361 967 1362 114 1362 968 1362 968 1363 114 1363 113 1363 968 1364 113 1364 969 1364 969 1365 113 1365 112 1365 969 1366 112 1366 970 1366 970 1367 112 1367 111 1367 970 1368 111 1368 971 1368 971 1369 111 1369 110 1369 971 1370 110 1370 972 1370 972 1371 110 1371 108 1371 972 1372 108 1372 973 1372 973 1373 108 1373 123 1373 973 1374 123 1374 974 1374 974 1375 123 1375 122 1375 974 1376 122 1376 975 1376 975 1377 122 1377 121 1377 975 1378 121 1378 976 1378 976 1379 121 1379 961 1379 976 1380 961 1380 977 1380 977 1381 978 1381 976 1381 976 1382 978 1382 979 1382 976 1383 979 1383 975 1383 975 1384 979 1384 980 1384 975 1385 980 1385 974 1385 974 1386 980 1386 981 1386 974 1387 981 1387 973 1387 973 1388 981 1388 982 1388 973 1389 982 1389 972 1389 972 1390 982 1390 983 1390 972 1391 983 1391 971 1391 971 1392 983 1392 984 1392 971 1393 984 1393 970 1393 970 1394 984 1394 985 1394 970 1395 985 1395 969 1395 969 1396 985 1396 986 1396 969 1397 986 1397 968 1397 968 1398 986 1398 987 1398 968 1399 987 1399 967 1399 967 1400 987 1400 988 1400 967 1401 988 1401 962 1401 962 1402 988 1402 964 1402 962 1403 964 1403 963 1403 963 1404 964 1404 966 1404 963 1405 966 1405 117 1405 989 1406 990 1406 991 1406 992 1407 993 1407 994 1407 995 1408 996 1408 997 1408 299 1409 307 1409 998 1409 999 1410 1000 1410 299 1410 999 1411 299 1411 1001 1411 1000 1412 1002 1412 299 1412 299 1413 1002 1413 1003 1413 299 1414 1003 1414 300 1414 1004 1415 304 1415 1005 1415 1005 1416 304 1416 302 1416 1005 1417 302 1417 1006 1417 1006 1418 302 1418 300 1418 1006 1419 300 1419 1007 1419 1007 1420 300 1420 1003 1420 1008 1421 283 1421 282 1421 1009 1422 305 1422 1010 1422 1010 1423 305 1423 304 1423 1010 1424 304 1424 1011 1424 1011 1425 304 1425 1004 1425 1009 1426 1012 1426 305 1426 305 1427 1012 1427 1013 1427 305 1428 1013 1428 306 1428 1013 1429 1014 1429 306 1429 306 1430 1014 1430 1015 1430 306 1431 1015 1431 282 1431 282 1432 1015 1432 1016 1432 282 1433 1016 1433 1008 1433 1017 1434 1018 1434 1019 1434 1019 1435 1018 1435 1020 1435 1019 1436 1020 1436 1021 1436 1021 1437 1020 1437 1022 1437 1021 1438 1022 1438 1023 1438 1023 1439 1024 1439 1021 1439 1021 1440 1024 1440 1025 1440 1021 1441 1025 1441 1026 1441 1026 1442 1025 1442 1027 1442 1026 1443 1027 1443 1028 1443 1028 1444 1029 1444 1026 1444 1026 1445 1029 1445 1030 1445 1026 1446 1030 1446 998 1446 998 1447 1030 1447 1031 1447 998 1448 1031 1448 299 1448 299 1449 1031 1449 1032 1449 299 1450 1032 1450 1001 1450 1033 1451 1034 1451 1035 1451 1036 1452 1037 1452 1038 1452 1038 1453 1039 1453 1036 1453 1036 1454 1039 1454 1040 1454 1036 1455 1040 1455 1035 1455 1035 1456 1040 1456 1041 1456 1035 1457 1041 1457 1033 1457 1034 1458 1042 1458 1035 1458 1035 1459 1042 1459 1043 1459 1035 1460 1043 1460 1019 1460 1019 1461 1043 1461 1044 1461 1019 1462 1044 1462 1017 1462 1045 1463 1046 1463 1047 1463 1047 1464 1046 1464 1048 1464 1047 1465 1048 1465 1036 1465 1036 1466 1048 1466 1049 1466 1036 1467 1049 1467 1037 1467 1050 1468 1051 1468 1052 1468 1050 1469 1052 1469 1053 1469 1051 1470 1054 1470 1052 1470 1052 1471 1054 1471 1055 1471 1052 1472 1055 1472 1047 1472 1047 1473 1055 1473 1056 1473 1047 1474 1056 1474 1045 1474 1057 1475 1058 1475 1052 1475 1052 1476 1058 1476 1059 1476 1052 1477 1059 1477 1053 1477 1060 1478 1061 1478 1062 1478 1061 1479 1063 1479 1062 1479 1062 1480 1063 1480 1064 1480 1062 1481 1064 1481 1057 1481 1057 1482 1064 1482 1065 1482 1057 1483 1065 1483 1058 1483 1066 1484 1067 1484 1068 1484 1068 1485 1069 1485 1066 1485 1066 1486 1069 1486 1070 1486 1066 1487 1070 1487 1062 1487 1062 1488 1070 1488 1071 1488 1062 1489 1071 1489 1060 1489 996 1490 1072 1490 997 1490 997 1491 1072 1491 1073 1491 997 1492 1073 1492 1066 1492 1066 1493 1073 1493 1074 1493 1066 1494 1074 1494 1067 1494 1075 1495 1076 1495 1077 1495 1077 1496 1076 1496 1078 1496 1077 1497 1078 1497 1079 1497 1079 1498 1080 1498 1077 1498 1077 1499 1080 1499 1081 1499 1077 1500 1081 1500 997 1500 997 1501 1081 1501 1082 1501 997 1502 1082 1502 995 1502 993 1503 1083 1503 994 1503 994 1504 1083 1504 1084 1504 994 1505 1084 1505 1077 1505 1077 1506 1084 1506 1085 1506 1077 1507 1085 1507 1086 1507 1086 1508 1087 1508 1077 1508 1077 1509 1087 1509 1088 1509 1077 1510 1088 1510 1075 1510 992 1511 994 1511 1089 1511 1089 1512 994 1512 1090 1512 1089 1513 1090 1513 1091 1513 990 1514 1092 1514 991 1514 991 1515 1092 1515 1093 1515 991 1516 1093 1516 1090 1516 1090 1517 1093 1517 1094 1517 1090 1518 1094 1518 1091 1518 1095 1519 1096 1519 991 1519 991 1520 1096 1520 1097 1520 991 1521 1097 1521 989 1521 1095 1522 991 1522 1098 1522 1098 1523 991 1523 1099 1523 1098 1524 1099 1524 1100 1524 1101 1525 1102 1525 1103 1525 1103 1526 1102 1526 1104 1526 1103 1527 1104 1527 1105 1527 1101 1528 1106 1528 1102 1528 1102 1529 1106 1529 1107 1529 1102 1530 1107 1530 1108 1530 1107 1531 1109 1531 1108 1531 1108 1532 1109 1532 1110 1532 1108 1533 1110 1533 1111 1533 1111 1534 1112 1534 1108 1534 1108 1535 1112 1535 1113 1535 1108 1536 1113 1536 1099 1536 1099 1537 1113 1537 1114 1537 1099 1538 1114 1538 1100 1538 1115 1539 1116 1539 1117 1539 1117 1540 1116 1540 1118 1540 1117 1541 1118 1541 1119 1541 1105 1542 1104 1542 1120 1542 1120 1543 1104 1543 1121 1543 1120 1544 1121 1544 1122 1544 1122 1545 1121 1545 1123 1545 1122 1546 1123 1546 1124 1546 1124 1547 1123 1547 1125 1547 1124 1548 1125 1548 1126 1548 1126 1549 1125 1549 1127 1549 1126 1550 1127 1550 1128 1550 1128 1551 1127 1551 1129 1551 1128 1552 1129 1552 1130 1552 1130 1553 1129 1553 1131 1553 1130 1554 1131 1554 1132 1554 1132 1555 1131 1555 1133 1555 1132 1556 1133 1556 1115 1556 1115 1557 1133 1557 1134 1557 1115 1558 1134 1558 1116 1558 1135 1559 1136 1559 1137 1559 1138 1560 1139 1560 1140 1560 1140 1561 1139 1561 1141 1561 1140 1562 1141 1562 1142 1562 1142 1563 1143 1563 1140 1563 1140 1564 1143 1564 1144 1564 1140 1565 1144 1565 1137 1565 1137 1566 1144 1566 1145 1566 1137 1567 1145 1567 1135 1567 1136 1568 1146 1568 1137 1568 1137 1569 1146 1569 1147 1569 1137 1570 1147 1570 1118 1570 1118 1571 1147 1571 1148 1571 1118 1572 1148 1572 1119 1572 1149 1573 1150 1573 1151 1573 1152 1574 1153 1574 1154 1574 1155 1575 1156 1575 1157 1575 950 1576 978 1576 951 1576 951 1577 978 1577 977 1577 951 1578 977 1578 1158 1578 1158 1579 977 1579 1159 1579 1158 1580 1159 1580 1160 1580 1160 1581 1159 1581 1161 1581 1160 1582 1161 1582 1162 1582 1162 1583 1161 1583 1155 1583 1162 1584 1155 1584 1163 1584 1163 1585 1155 1585 1157 1585 1164 1586 1165 1586 1156 1586 1156 1587 1165 1587 1166 1587 1156 1588 1166 1588 1157 1588 1167 1589 1168 1589 1169 1589 1169 1590 1168 1590 1170 1590 1169 1591 1170 1591 1171 1591 1171 1592 1170 1592 1172 1592 1171 1593 1172 1593 1164 1593 1164 1594 1172 1594 1173 1594 1164 1595 1173 1595 1165 1595 1174 1596 1175 1596 1176 1596 1176 1597 1175 1597 1177 1597 1176 1598 1177 1598 1167 1598 1167 1599 1177 1599 1178 1599 1167 1600 1178 1600 1168 1600 1174 1601 1176 1601 1179 1601 1179 1602 1176 1602 1180 1602 1179 1603 1180 1603 1181 1603 1181 1604 1180 1604 1182 1604 1182 1605 1180 1605 1183 1605 1182 1606 1183 1606 1184 1606 1185 1607 1186 1607 1187 1607 1185 1608 1188 1608 1186 1608 1186 1609 1188 1609 1189 1609 1186 1610 1189 1610 1184 1610 1184 1611 1189 1611 1190 1611 1184 1612 1190 1612 1182 1612 1191 1613 1192 1613 1193 1613 1191 1614 1193 1614 1194 1614 1194 1615 1193 1615 1195 1615 1194 1616 1195 1616 1187 1616 1187 1617 1195 1617 1196 1617 1187 1618 1196 1618 1185 1618 1192 1619 1197 1619 1193 1619 1193 1620 1197 1620 1198 1620 1193 1621 1198 1621 1199 1621 1199 1622 1198 1622 1200 1622 1199 1623 1200 1623 1201 1623 1201 1624 1202 1624 1199 1624 1199 1625 1202 1625 1203 1625 1199 1626 1203 1626 1204 1626 1204 1627 1203 1627 1205 1627 1204 1628 1205 1628 1206 1628 1206 1629 1207 1629 1204 1629 1204 1630 1207 1630 1208 1630 1204 1631 1208 1631 1209 1631 1209 1632 1208 1632 1210 1632 1209 1633 1210 1633 1211 1633 1211 1634 1212 1634 1209 1634 1209 1635 1212 1635 1213 1635 1209 1636 1213 1636 1214 1636 1214 1637 1213 1637 1215 1637 1214 1638 1215 1638 1216 1638 1217 1639 1218 1639 1219 1639 1219 1640 1218 1640 1214 1640 1219 1641 1214 1641 1220 1641 1220 1642 1214 1642 1216 1642 1221 1643 1222 1643 1223 1643 1223 1644 1222 1644 1224 1644 1223 1645 1224 1645 1225 1645 1217 1646 1226 1646 1218 1646 1218 1647 1226 1647 1227 1647 1218 1648 1227 1648 1223 1648 1223 1649 1227 1649 1228 1649 1223 1650 1228 1650 1221 1650 1229 1651 1230 1651 1231 1651 1231 1652 1230 1652 1232 1652 1224 1653 1233 1653 1225 1653 1225 1654 1233 1654 1234 1654 1225 1655 1234 1655 1231 1655 1231 1656 1234 1656 1235 1656 1231 1657 1235 1657 1229 1657 1230 1658 1236 1658 1232 1658 1232 1659 1236 1659 1237 1659 1232 1660 1237 1660 1238 1660 1238 1661 1239 1661 1232 1661 1232 1662 1239 1662 1240 1662 1232 1663 1240 1663 1154 1663 1154 1664 1240 1664 1241 1664 1154 1665 1241 1665 1152 1665 1153 1666 1242 1666 1154 1666 1154 1667 1242 1667 1243 1667 1154 1668 1243 1668 1244 1668 1244 1669 1243 1669 1245 1669 1244 1670 1245 1670 1246 1670 1247 1671 1248 1671 1249 1671 1249 1672 1248 1672 1250 1672 1249 1673 1250 1673 1251 1673 1246 1674 1252 1674 1244 1674 1244 1675 1252 1675 1253 1675 1244 1676 1253 1676 1249 1676 1249 1677 1253 1677 1254 1677 1249 1678 1254 1678 1247 1678 1255 1679 1256 1679 1257 1679 1258 1680 1259 1680 1260 1680 1258 1681 1260 1681 1257 1681 1257 1682 1260 1682 1261 1682 1257 1683 1261 1683 1255 1683 1250 1684 1262 1684 1251 1684 1251 1685 1262 1685 1263 1685 1251 1686 1263 1686 1258 1686 1258 1687 1263 1687 1264 1687 1258 1688 1264 1688 1259 1688 1256 1689 1265 1689 1257 1689 1257 1690 1265 1690 1266 1690 1257 1691 1266 1691 1267 1691 1267 1692 1266 1692 1268 1692 1267 1693 1268 1693 1269 1693 1269 1694 1270 1694 1267 1694 1267 1695 1270 1695 1271 1695 1267 1696 1271 1696 1272 1696 1271 1697 1273 1697 1272 1697 1272 1698 1273 1698 1274 1698 1272 1699 1274 1699 1275 1699 1275 1700 1276 1700 1272 1700 1272 1701 1276 1701 1277 1701 1272 1702 1277 1702 1278 1702 1278 1703 1277 1703 1279 1703 1278 1704 1279 1704 1280 1704 1280 1705 1281 1705 1278 1705 1278 1706 1281 1706 1282 1706 1278 1707 1282 1707 1283 1707 1282 1708 1284 1708 1283 1708 1283 1709 1284 1709 1285 1709 1283 1710 1285 1710 1286 1710 1286 1711 1287 1711 1283 1711 1283 1712 1287 1712 1288 1712 1283 1713 1288 1713 1289 1713 1288 1714 1290 1714 1289 1714 1289 1715 1290 1715 1291 1715 1289 1716 1291 1716 1292 1716 1292 1717 1291 1717 1293 1717 1293 1718 1294 1718 1292 1718 1292 1719 1294 1719 1295 1719 1292 1720 1295 1720 1296 1720 1296 1721 1295 1721 1297 1721 1296 1722 1297 1722 1298 1722 1298 1723 1299 1723 1296 1723 1296 1724 1299 1724 1300 1724 1296 1725 1300 1725 1301 1725 1301 1726 1300 1726 1302 1726 1302 1727 1303 1727 1301 1727 1301 1728 1303 1728 1304 1728 1301 1729 1304 1729 1305 1729 1306 1730 1307 1730 1308 1730 1308 1731 1307 1731 1309 1731 1308 1732 1309 1732 1310 1732 1310 1733 1309 1733 1305 1733 1310 1734 1305 1734 1311 1734 1311 1735 1305 1735 1304 1735 1306 1736 1312 1736 1307 1736 1307 1737 1312 1737 1313 1737 1307 1738 1313 1738 1151 1738 1314 1739 1149 1739 1315 1739 1315 1740 1149 1740 1151 1740 1315 1741 1151 1741 1316 1741 1316 1742 1151 1742 1313 1742 982 1743 981 1743 957 1743 957 1744 981 1744 980 1744 957 1745 980 1745 950 1745 950 1746 980 1746 979 1746 950 1747 979 1747 978 1747 982 1748 957 1748 983 1748 983 1749 957 1749 958 1749 983 1750 958 1750 984 1750 984 1751 958 1751 985 1751 985 1752 958 1752 959 1752 985 1753 959 1753 986 1753 965 1754 964 1754 960 1754 960 1755 964 1755 988 1755 960 1756 988 1756 959 1756 959 1757 988 1757 987 1757 959 1758 987 1758 986 1758 1317 1759 1318 1759 493 1759 1195 1760 1318 1760 1196 1760 1196 1761 1318 1761 1317 1761 1196 1762 1317 1762 1185 1762 489 1763 493 1763 1318 1763 460 1764 459 1764 1319 1764 1319 1765 459 1765 1320 1765 1151 1766 1150 1766 1321 1766 1322 1767 1307 1767 1323 1767 1323 1768 1307 1768 1151 1768 1323 1769 1151 1769 1324 1769 1324 1770 1151 1770 1321 1770 1324 1771 1321 1771 1325 1771 1326 1772 1257 1772 1327 1772 1327 1773 1257 1773 1267 1773 1327 1774 1267 1774 1328 1774 1328 1775 1267 1775 1272 1775 1328 1776 1272 1776 1329 1776 1329 1777 1272 1777 1278 1777 1329 1778 1278 1778 1330 1778 1330 1779 1278 1779 1283 1779 1330 1780 1283 1780 1331 1780 1331 1781 1283 1781 1289 1781 1331 1782 1289 1782 1332 1782 1332 1783 1289 1783 1292 1783 1332 1784 1292 1784 1333 1784 1333 1785 1292 1785 1296 1785 1333 1786 1296 1786 1334 1786 1334 1787 1296 1787 1301 1787 1334 1788 1301 1788 1335 1788 1335 1789 1301 1789 1305 1789 1335 1790 1305 1790 1322 1790 1322 1791 1305 1791 1309 1791 1322 1792 1309 1792 1307 1792 1249 1793 1251 1793 1326 1793 1326 1794 1251 1794 1258 1794 1326 1795 1258 1795 1257 1795 1326 1796 1336 1796 1249 1796 1249 1797 1336 1797 1337 1797 1249 1798 1337 1798 1244 1798 1244 1799 1337 1799 1338 1799 1244 1800 1338 1800 1154 1800 1154 1801 1338 1801 1339 1801 1154 1802 1339 1802 1232 1802 1232 1803 1339 1803 1340 1803 485 1804 1341 1804 477 1804 477 1805 1341 1805 1340 1805 477 1806 1340 1806 478 1806 478 1807 1340 1807 1339 1807 478 1808 1339 1808 474 1808 474 1809 1339 1809 1338 1809 474 1810 1338 1810 475 1810 475 1811 1338 1811 1337 1811 475 1812 1337 1812 472 1812 472 1813 1337 1813 1336 1813 472 1814 1336 1814 470 1814 470 1815 1336 1815 1326 1815 470 1816 1326 1816 465 1816 465 1817 1326 1817 1327 1817 465 1818 1327 1818 466 1818 466 1819 1327 1819 1328 1819 466 1820 1328 1820 468 1820 468 1821 1328 1821 1329 1821 468 1822 1329 1822 469 1822 469 1823 1329 1823 1330 1823 469 1824 1330 1824 553 1824 553 1825 1330 1825 1331 1825 553 1826 1331 1826 452 1826 452 1827 1331 1827 1332 1827 452 1828 1332 1828 453 1828 453 1829 1332 1829 1333 1829 453 1830 1333 1830 454 1830 454 1831 1333 1831 1334 1831 454 1832 1334 1832 455 1832 455 1833 1334 1833 1335 1833 455 1834 1335 1834 456 1834 456 1835 1335 1835 1322 1835 456 1836 1322 1836 457 1836 457 1837 1322 1837 1323 1837 457 1838 1323 1838 458 1838 458 1839 1323 1839 1324 1839 458 1840 1324 1840 459 1840 459 1841 1324 1841 1325 1841 459 1842 1325 1842 1320 1842 484 1843 1342 1843 485 1843 485 1844 1342 1844 1343 1844 485 1845 1343 1845 1341 1845 484 1846 482 1846 1342 1846 1342 1847 482 1847 480 1847 1342 1848 480 1848 1344 1848 480 1849 402 1849 1344 1849 1344 1850 402 1850 401 1850 1344 1851 401 1851 1345 1851 1345 1852 401 1852 490 1852 1345 1853 490 1853 1346 1853 1346 1854 490 1854 489 1854 1346 1855 489 1855 1347 1855 1347 1856 489 1856 1318 1856 1347 1857 1318 1857 1195 1857 1195 1858 1193 1858 1347 1858 1347 1859 1193 1859 1199 1859 1347 1860 1199 1860 1346 1860 1346 1861 1199 1861 1204 1861 1346 1862 1204 1862 1345 1862 1345 1863 1204 1863 1209 1863 1345 1864 1209 1864 1344 1864 1344 1865 1209 1865 1214 1865 1344 1866 1214 1866 1342 1866 1342 1867 1214 1867 1218 1867 1342 1868 1218 1868 1343 1868 1343 1869 1218 1869 1223 1869 1343 1870 1223 1870 1341 1870 1341 1871 1223 1871 1225 1871 1341 1872 1225 1872 1340 1872 1340 1873 1225 1873 1231 1873 1340 1874 1231 1874 1232 1874 1348 1875 1317 1875 493 1875 496 1876 400 1876 1349 1876 1350 1877 496 1877 1351 1877 1351 1878 496 1878 1349 1878 1351 1879 1349 1879 1160 1879 1352 1880 513 1880 1353 1880 1353 1881 513 1881 511 1881 1353 1882 511 1882 1354 1882 1354 1883 511 1883 510 1883 1354 1884 510 1884 1355 1884 1355 1885 510 1885 509 1885 1355 1886 509 1886 1356 1886 1356 1887 509 1887 505 1887 1356 1888 505 1888 1357 1888 1357 1889 505 1889 504 1889 1357 1890 504 1890 1358 1890 1358 1891 504 1891 503 1891 1358 1892 503 1892 1359 1892 1359 1893 503 1893 501 1893 1359 1894 501 1894 1360 1894 1360 1895 501 1895 500 1895 1360 1896 500 1896 1361 1896 1361 1897 500 1897 508 1897 1361 1898 508 1898 1362 1898 1362 1899 508 1899 507 1899 1362 1900 507 1900 1363 1900 1363 1901 507 1901 506 1901 1363 1902 506 1902 1364 1902 1364 1903 506 1903 512 1903 1364 1904 512 1904 1350 1904 1350 1905 512 1905 494 1905 1350 1906 494 1906 496 1906 1160 1907 1162 1907 1351 1907 1351 1908 1162 1908 1163 1908 1351 1909 1163 1909 1350 1909 1350 1910 1163 1910 1157 1910 1350 1911 1157 1911 1364 1911 1364 1912 1157 1912 1166 1912 1364 1913 1166 1913 1363 1913 1363 1914 1166 1914 1165 1914 1363 1915 1165 1915 1362 1915 1362 1916 1165 1916 1173 1916 1362 1917 1173 1917 1361 1917 1361 1918 1173 1918 1172 1918 1361 1919 1172 1919 1360 1919 1360 1920 1172 1920 1170 1920 1360 1921 1170 1921 1359 1921 1359 1922 1170 1922 1168 1922 1359 1923 1168 1923 1358 1923 1358 1924 1168 1924 1178 1924 1358 1925 1178 1925 1357 1925 1357 1926 1178 1926 1177 1926 1357 1927 1177 1927 1356 1927 1356 1928 1177 1928 1175 1928 1356 1929 1175 1929 1355 1929 1355 1930 1175 1930 1174 1930 1355 1931 1174 1931 1354 1931 1354 1932 1174 1932 1179 1932 1354 1933 1179 1933 1353 1933 1353 1934 1179 1934 1181 1934 1353 1935 1181 1935 1352 1935 1352 1936 1181 1936 1182 1936 1352 1937 1182 1937 1365 1937 1365 1938 1182 1938 1190 1938 1365 1939 1190 1939 1366 1939 1366 1940 1190 1940 1189 1940 1366 1941 1189 1941 1367 1941 1367 1942 1189 1942 1188 1942 1367 1943 1188 1943 1348 1943 1348 1944 1188 1944 1185 1944 1348 1945 1185 1945 1317 1945 493 1946 492 1946 1348 1946 1348 1947 492 1947 399 1947 1348 1948 399 1948 1367 1948 1367 1949 399 1949 398 1949 1367 1950 398 1950 1366 1950 1366 1951 398 1951 499 1951 1366 1952 499 1952 1365 1952 1365 1953 499 1953 498 1953 1365 1954 498 1954 1352 1954 1352 1955 498 1955 497 1955 1352 1956 497 1956 513 1956 949 1957 1349 1957 400 1957 949 1958 951 1958 1349 1958 1349 1959 951 1959 1158 1959 1349 1960 1158 1960 1160 1960 1368 1961 961 1961 119 1961 1368 1962 1161 1962 961 1962 961 1963 1161 1963 1159 1963 961 1964 1159 1964 977 1964 1369 1965 1314 1965 1315 1965 1194 1966 1187 1966 1370 1966 1369 1967 1315 1967 1371 1967 1372 1968 1371 1968 1373 1968 1373 1969 1371 1969 1315 1969 1373 1970 1315 1970 1374 1970 1374 1971 1315 1971 1375 1971 1376 1972 1377 1972 1378 1972 1378 1973 1377 1973 1379 1973 1378 1974 1379 1974 1380 1974 1379 1975 1381 1975 1380 1975 1380 1976 1381 1976 1382 1976 1380 1977 1382 1977 258 1977 258 1978 1382 1978 1383 1978 258 1979 1383 1979 259 1979 259 1980 1383 1980 1384 1980 259 1981 1384 1981 261 1981 261 1982 1384 1982 1385 1982 261 1983 1385 1983 262 1983 262 1984 1385 1984 1386 1984 262 1985 1386 1985 263 1985 263 1986 1386 1986 1387 1986 263 1987 1387 1987 264 1987 264 1988 1387 1988 1388 1988 264 1989 1388 1989 265 1989 265 1990 1388 1990 1389 1990 265 1991 1389 1991 250 1991 250 1992 1389 1992 1390 1992 250 1993 1390 1993 251 1993 251 1994 1390 1994 1391 1994 251 1995 1391 1995 253 1995 253 1996 1391 1996 1392 1996 253 1997 1392 1997 254 1997 254 1998 1392 1998 1393 1998 254 1999 1393 1999 256 1999 256 2000 1393 2000 1394 2000 256 2001 1394 2001 257 2001 257 2002 1394 2002 1395 2002 257 2003 1395 2003 243 2003 243 2004 1395 2004 1396 2004 243 2005 1396 2005 244 2005 244 2006 1396 2006 1397 2006 244 2007 1397 2007 245 2007 245 2008 1397 2008 1398 2008 245 2009 1398 2009 246 2009 246 2010 1398 2010 1399 2010 246 2011 1399 2011 247 2011 247 2012 1399 2012 1400 2012 247 2013 1400 2013 248 2013 248 2014 1400 2014 1401 2014 248 2015 1401 2015 228 2015 228 2016 1401 2016 1402 2016 228 2017 1402 2017 230 2017 230 2018 1402 2018 1403 2018 230 2019 1403 2019 231 2019 231 2020 1403 2020 1404 2020 231 2021 1404 2021 232 2021 232 2022 1404 2022 1405 2022 232 2023 1405 2023 233 2023 233 2024 1405 2024 1406 2024 233 2025 1406 2025 235 2025 235 2026 1406 2026 1407 2026 235 2027 1407 2027 236 2027 236 2028 1407 2028 1408 2028 236 2029 1408 2029 237 2029 237 2030 1408 2030 1409 2030 237 2031 1409 2031 238 2031 238 2032 1409 2032 1410 2032 1411 2033 225 2033 1412 2033 1412 2034 225 2034 224 2034 1412 2035 224 2035 1413 2035 1413 2036 224 2036 223 2036 1413 2037 223 2037 1414 2037 1414 2038 223 2038 222 2038 1414 2039 222 2039 1415 2039 1415 2040 222 2040 221 2040 1415 2041 221 2041 1416 2041 1416 2042 221 2042 220 2042 1416 2043 220 2043 1417 2043 1417 2044 220 2044 219 2044 1417 2045 219 2045 1418 2045 1418 2046 219 2046 218 2046 1418 2047 218 2047 1419 2047 1419 2048 218 2048 241 2048 1419 2049 241 2049 1420 2049 1420 2050 241 2050 240 2050 1420 2051 240 2051 1410 2051 1410 2052 240 2052 239 2052 1410 2053 239 2053 238 2053 1421 2054 205 2054 1422 2054 1422 2055 205 2055 216 2055 1422 2056 216 2056 1423 2056 1423 2057 216 2057 215 2057 1423 2058 215 2058 1424 2058 1424 2059 215 2059 214 2059 1424 2060 214 2060 1425 2060 1425 2061 214 2061 213 2061 1425 2062 213 2062 1426 2062 1426 2063 213 2063 212 2063 1426 2064 212 2064 1427 2064 1427 2065 212 2065 211 2065 1427 2066 211 2066 1428 2066 1428 2067 211 2067 210 2067 1428 2068 210 2068 1429 2068 1429 2069 210 2069 209 2069 1429 2070 209 2070 1430 2070 1430 2071 209 2071 208 2071 1430 2072 208 2072 1411 2072 1411 2073 208 2073 226 2073 1411 2074 226 2074 225 2074 199 2075 197 2075 1421 2075 1421 2076 197 2076 206 2076 1421 2077 206 2077 205 2077 1421 2078 1431 2078 199 2078 199 2079 1431 2079 1432 2079 199 2080 1432 2080 200 2080 200 2081 1432 2081 1433 2081 200 2082 1433 2082 201 2082 201 2083 1433 2083 1434 2083 201 2084 1434 2084 202 2084 202 2085 1434 2085 1435 2085 202 2086 1435 2086 203 2086 203 2087 1435 2087 1436 2087 203 2088 1436 2088 193 2088 193 2089 1436 2089 1437 2089 193 2090 1437 2090 192 2090 192 2091 1437 2091 1438 2091 192 2092 1438 2092 191 2092 191 2093 1438 2093 1439 2093 191 2094 1439 2094 194 2094 194 2095 1439 2095 1440 2095 190 2096 189 2096 1440 2096 1440 2097 189 2097 195 2097 1440 2098 195 2098 194 2098 1440 2099 1441 2099 190 2099 190 2100 1441 2100 1442 2100 190 2101 1442 2101 183 2101 183 2102 1442 2102 1443 2102 183 2103 1443 2103 184 2103 184 2104 1443 2104 1444 2104 184 2105 1444 2105 186 2105 186 2106 1444 2106 1445 2106 186 2107 1445 2107 187 2107 187 2108 1445 2108 1446 2108 187 2109 1446 2109 180 2109 180 2110 1446 2110 1447 2110 180 2111 1447 2111 181 2111 181 2112 1447 2112 1448 2112 181 2113 1448 2113 182 2113 182 2114 1448 2114 1449 2114 182 2115 1449 2115 179 2115 179 2116 1449 2116 1450 2116 171 2117 170 2117 1450 2117 1450 2118 170 2118 177 2118 1450 2119 177 2119 179 2119 1450 2120 1451 2120 171 2120 171 2121 1451 2121 1452 2121 171 2122 1452 2122 173 2122 173 2123 1452 2123 1453 2123 173 2124 1453 2124 174 2124 174 2125 1453 2125 1454 2125 174 2126 1454 2126 175 2126 175 2127 1454 2127 1455 2127 175 2128 1455 2128 176 2128 176 2129 1455 2129 1456 2129 176 2130 1456 2130 165 2130 165 2131 1456 2131 1457 2131 165 2132 1457 2132 166 2132 166 2133 1457 2133 1458 2133 166 2134 1458 2134 168 2134 168 2135 1458 2135 1459 2135 162 2136 164 2136 1459 2136 1459 2137 164 2137 169 2137 1459 2138 169 2138 168 2138 1459 2139 1460 2139 162 2139 162 2140 1460 2140 1461 2140 162 2141 1461 2141 152 2141 152 2142 1461 2142 1462 2142 152 2143 1462 2143 153 2143 153 2144 1462 2144 1463 2144 153 2145 1463 2145 154 2145 154 2146 1463 2146 1464 2146 154 2147 1464 2147 155 2147 155 2148 1464 2148 1465 2148 155 2149 1465 2149 156 2149 156 2150 1465 2150 1466 2150 156 2151 1466 2151 157 2151 157 2152 1466 2152 1467 2152 157 2153 1467 2153 158 2153 158 2154 1467 2154 1468 2154 1375 2155 1315 2155 1469 2155 1469 2156 1315 2156 1316 2156 1469 2157 1316 2157 1376 2157 1376 2158 1316 2158 1313 2158 1376 2159 1313 2159 1377 2159 1377 2160 1313 2160 1312 2160 1377 2161 1312 2161 1379 2161 1379 2162 1312 2162 1306 2162 1379 2163 1306 2163 1381 2163 1381 2164 1306 2164 1308 2164 1381 2165 1308 2165 1382 2165 1382 2166 1308 2166 1310 2166 1382 2167 1310 2167 1383 2167 1383 2168 1310 2168 1311 2168 1383 2169 1311 2169 1384 2169 1384 2170 1311 2170 1304 2170 1384 2171 1304 2171 1385 2171 1385 2172 1304 2172 1303 2172 1385 2173 1303 2173 1386 2173 1386 2174 1303 2174 1302 2174 1386 2175 1302 2175 1387 2175 1387 2176 1302 2176 1300 2176 1387 2177 1300 2177 1388 2177 1388 2178 1300 2178 1299 2178 1388 2179 1299 2179 1389 2179 1389 2180 1299 2180 1298 2180 1389 2181 1298 2181 1390 2181 1390 2182 1298 2182 1297 2182 1390 2183 1297 2183 1391 2183 1391 2184 1297 2184 1295 2184 1391 2185 1295 2185 1392 2185 1392 2186 1295 2186 1294 2186 1392 2187 1294 2187 1393 2187 1393 2188 1294 2188 1293 2188 1393 2189 1293 2189 1394 2189 1394 2190 1293 2190 1291 2190 1394 2191 1291 2191 1395 2191 1395 2192 1291 2192 1290 2192 1395 2193 1290 2193 1396 2193 1396 2194 1290 2194 1288 2194 1396 2195 1288 2195 1397 2195 1397 2196 1288 2196 1287 2196 1397 2197 1287 2197 1398 2197 1398 2198 1287 2198 1286 2198 1398 2199 1286 2199 1399 2199 1399 2200 1286 2200 1285 2200 1399 2201 1285 2201 1400 2201 1400 2202 1285 2202 1284 2202 1400 2203 1284 2203 1401 2203 1401 2204 1284 2204 1282 2204 1401 2205 1282 2205 1402 2205 1402 2206 1282 2206 1281 2206 1402 2207 1281 2207 1403 2207 1403 2208 1281 2208 1280 2208 1403 2209 1280 2209 1404 2209 1404 2210 1280 2210 1279 2210 1404 2211 1279 2211 1405 2211 1405 2212 1279 2212 1277 2212 1405 2213 1277 2213 1406 2213 1406 2214 1277 2214 1276 2214 1406 2215 1276 2215 1407 2215 1407 2216 1276 2216 1275 2216 1407 2217 1275 2217 1408 2217 1408 2218 1275 2218 1274 2218 1408 2219 1274 2219 1409 2219 1409 2220 1274 2220 1273 2220 1409 2221 1273 2221 1410 2221 1410 2222 1273 2222 1271 2222 1410 2223 1271 2223 1420 2223 1420 2224 1271 2224 1270 2224 1420 2225 1270 2225 1419 2225 1419 2226 1270 2226 1269 2226 1419 2227 1269 2227 1418 2227 1418 2228 1269 2228 1268 2228 1418 2229 1268 2229 1417 2229 1417 2230 1268 2230 1266 2230 1417 2231 1266 2231 1416 2231 1416 2232 1266 2232 1265 2232 1416 2233 1265 2233 1415 2233 1415 2234 1265 2234 1256 2234 1415 2235 1256 2235 1414 2235 1414 2236 1256 2236 1255 2236 1414 2237 1255 2237 1413 2237 1413 2238 1255 2238 1261 2238 1413 2239 1261 2239 1412 2239 1412 2240 1261 2240 1260 2240 1412 2241 1260 2241 1411 2241 1411 2242 1260 2242 1259 2242 1411 2243 1259 2243 1430 2243 1430 2244 1259 2244 1264 2244 1430 2245 1264 2245 1429 2245 1429 2246 1264 2246 1263 2246 1429 2247 1263 2247 1428 2247 1428 2248 1263 2248 1262 2248 1428 2249 1262 2249 1427 2249 1427 2250 1262 2250 1250 2250 1427 2251 1250 2251 1426 2251 1426 2252 1250 2252 1248 2252 1426 2253 1248 2253 1425 2253 1425 2254 1248 2254 1247 2254 1425 2255 1247 2255 1424 2255 1424 2256 1247 2256 1254 2256 1424 2257 1254 2257 1423 2257 1423 2258 1254 2258 1253 2258 1423 2259 1253 2259 1422 2259 1422 2260 1253 2260 1252 2260 1422 2261 1252 2261 1421 2261 1421 2262 1252 2262 1246 2262 1421 2263 1246 2263 1431 2263 1431 2264 1246 2264 1245 2264 1431 2265 1245 2265 1432 2265 1432 2266 1245 2266 1243 2266 1432 2267 1243 2267 1433 2267 1433 2268 1243 2268 1242 2268 1433 2269 1242 2269 1434 2269 1434 2270 1242 2270 1153 2270 1434 2271 1153 2271 1435 2271 1435 2272 1153 2272 1152 2272 1435 2273 1152 2273 1436 2273 1436 2274 1152 2274 1241 2274 1436 2275 1241 2275 1437 2275 1437 2276 1241 2276 1240 2276 1437 2277 1240 2277 1438 2277 1438 2278 1240 2278 1239 2278 1438 2279 1239 2279 1439 2279 1439 2280 1239 2280 1238 2280 1439 2281 1238 2281 1440 2281 1440 2282 1238 2282 1237 2282 1440 2283 1237 2283 1441 2283 1441 2284 1237 2284 1236 2284 1441 2285 1236 2285 1442 2285 1442 2286 1236 2286 1230 2286 1442 2287 1230 2287 1443 2287 1443 2288 1230 2288 1229 2288 1443 2289 1229 2289 1444 2289 1444 2290 1229 2290 1235 2290 1444 2291 1235 2291 1445 2291 1445 2292 1235 2292 1234 2292 1445 2293 1234 2293 1446 2293 1446 2294 1234 2294 1233 2294 1446 2295 1233 2295 1447 2295 1447 2296 1233 2296 1224 2296 1447 2297 1224 2297 1448 2297 1448 2298 1224 2298 1222 2298 1448 2299 1222 2299 1449 2299 1449 2300 1222 2300 1221 2300 1449 2301 1221 2301 1450 2301 1450 2302 1221 2302 1228 2302 1450 2303 1228 2303 1451 2303 1451 2304 1228 2304 1227 2304 1451 2305 1227 2305 1452 2305 1452 2306 1227 2306 1226 2306 1452 2307 1226 2307 1453 2307 1453 2308 1226 2308 1217 2308 1453 2309 1217 2309 1454 2309 1454 2310 1217 2310 1219 2310 1454 2311 1219 2311 1455 2311 1455 2312 1219 2312 1220 2312 1455 2313 1220 2313 1456 2313 1456 2314 1220 2314 1216 2314 1456 2315 1216 2315 1457 2315 1457 2316 1216 2316 1215 2316 1457 2317 1215 2317 1458 2317 1458 2318 1215 2318 1213 2318 1458 2319 1213 2319 1459 2319 1459 2320 1213 2320 1212 2320 1459 2321 1212 2321 1460 2321 1460 2322 1212 2322 1211 2322 1460 2323 1211 2323 1461 2323 1461 2324 1211 2324 1210 2324 1461 2325 1210 2325 1462 2325 1462 2326 1210 2326 1208 2326 1462 2327 1208 2327 1463 2327 1463 2328 1208 2328 1207 2328 1463 2329 1207 2329 1464 2329 1464 2330 1207 2330 1206 2330 1464 2331 1206 2331 1465 2331 1465 2332 1206 2332 1205 2332 1465 2333 1205 2333 1466 2333 1466 2334 1205 2334 1203 2334 1466 2335 1203 2335 1467 2335 1467 2336 1203 2336 1202 2336 1467 2337 1202 2337 1468 2337 1468 2338 1202 2338 1201 2338 1468 2339 1201 2339 1470 2339 1470 2340 1201 2340 1200 2340 1470 2341 1200 2341 1471 2341 1471 2342 1200 2342 1198 2342 1471 2343 1198 2343 1472 2343 1472 2344 1198 2344 1197 2344 1472 2345 1197 2345 1473 2345 1473 2346 1197 2346 1192 2346 1473 2347 1192 2347 1474 2347 1474 2348 1192 2348 1191 2348 1474 2349 1191 2349 1475 2349 1475 2350 1191 2350 1194 2350 1475 2351 1194 2351 1476 2351 1476 2352 1194 2352 1370 2352 1476 2353 1370 2353 145 2353 145 2354 144 2354 1476 2354 1476 2355 144 2355 140 2355 1476 2356 140 2356 1475 2356 1475 2357 140 2357 142 2357 1475 2358 142 2358 1474 2358 1474 2359 142 2359 143 2359 1474 2360 143 2360 1473 2360 1473 2361 143 2361 136 2361 1473 2362 136 2362 1472 2362 1472 2363 136 2363 138 2363 1472 2364 138 2364 1471 2364 1471 2365 138 2365 139 2365 1471 2366 139 2366 1470 2366 1470 2367 139 2367 161 2367 1470 2368 161 2368 1468 2368 1468 2369 161 2369 160 2369 1468 2370 160 2370 158 2370 147 2371 145 2371 1477 2371 1477 2372 1186 2372 1478 2372 1478 2373 1186 2373 1184 2373 119 2374 1479 2374 1368 2374 1368 2375 1479 2375 1155 2375 1368 2376 1155 2376 1161 2376 1184 2377 1183 2377 1478 2377 1478 2378 1183 2378 1180 2378 1478 2379 1180 2379 1480 2379 1480 2380 1180 2380 1176 2380 1480 2381 1176 2381 1481 2381 147 2382 1477 2382 149 2382 149 2383 1477 2383 1478 2383 149 2384 1478 2384 150 2384 150 2385 1478 2385 1480 2385 150 2386 1480 2386 134 2386 134 2387 1480 2387 1481 2387 134 2388 1481 2388 132 2388 1176 2389 1167 2389 1481 2389 1481 2390 1167 2390 1169 2390 1481 2391 1169 2391 1482 2391 1169 2392 1171 2392 1482 2392 1482 2393 1171 2393 1164 2393 1482 2394 1164 2394 1479 2394 1479 2395 1164 2395 1156 2395 1479 2396 1156 2396 1155 2396 119 2397 118 2397 1479 2397 1479 2398 118 2398 126 2398 1479 2399 126 2399 1482 2399 1482 2400 126 2400 128 2400 1482 2401 128 2401 1481 2401 1481 2402 128 2402 130 2402 1481 2403 130 2403 132 2403 145 2404 1370 2404 1477 2404 1477 2405 1370 2405 1187 2405 1477 2406 1187 2406 1186 2406 296 2407 1483 2407 1484 2407 1484 2408 1483 2408 1485 2408 1484 2409 1485 2409 1486 2409 1487 2410 1488 2410 296 2410 1489 2411 1490 2411 1491 2411 1491 2412 1490 2412 1492 2412 295 2413 1493 2413 1494 2413 1494 2414 1493 2414 1495 2414 1494 2415 1495 2415 1496 2415 1492 2416 1497 2416 1491 2416 1491 2417 1497 2417 1498 2417 1491 2418 1498 2418 1496 2418 1496 2419 1498 2419 1499 2419 1496 2420 1499 2420 1494 2420 295 2421 1494 2421 296 2421 296 2422 1494 2422 1500 2422 296 2423 1500 2423 1487 2423 1488 2424 1501 2424 296 2424 296 2425 1501 2425 1502 2425 296 2426 1502 2426 1483 2426 312 2427 310 2427 1503 2427 1503 2428 310 2428 308 2428 1503 2429 308 2429 270 2429 270 2430 308 2430 104 2430 313 2431 312 2431 1504 2431 1504 2432 312 2432 1503 2432 1504 2433 1503 2433 269 2433 269 2434 1503 2434 270 2434 1505 2435 298 2435 296 2435 1504 2436 269 2436 267 2436 298 2437 1505 2437 275 2437 275 2438 1505 2438 1506 2438 275 2439 1506 2439 273 2439 273 2440 1506 2440 1507 2440 273 2441 1507 2441 267 2441 267 2442 1507 2442 313 2442 267 2443 313 2443 1504 2443 1508 2444 314 2444 313 2444 1508 2445 313 2445 1509 2445 296 2446 1484 2446 1505 2446 1505 2447 1484 2447 1510 2447 1505 2448 1510 2448 1506 2448 1506 2449 1510 2449 1509 2449 1506 2450 1509 2450 1507 2450 1507 2451 1509 2451 313 2451 1511 2452 1512 2452 1513 2452 1514 2453 1515 2453 1516 2453 1517 2454 1518 2454 1519 2454 1517 2455 1519 2455 1520 2455 1520 2456 1519 2456 1521 2456 1520 2457 1521 2457 1522 2457 1523 2458 1524 2458 1525 2458 1524 2459 1526 2459 1525 2459 1525 2460 1526 2460 1527 2460 1525 2461 1527 2461 1520 2461 1528 2462 1529 2462 1530 2462 1530 2463 1529 2463 1531 2463 1530 2464 1531 2464 1532 2464 1530 2465 1533 2465 1534 2465 1522 2466 1535 2466 1520 2466 1520 2467 1535 2467 1536 2467 1520 2468 1536 2468 1525 2468 1525 2469 1536 2469 1528 2469 1525 2470 1528 2470 1523 2470 1523 2471 1528 2471 1530 2471 1523 2472 1530 2472 1537 2472 1537 2473 1530 2473 1534 2473 1532 2474 1538 2474 1530 2474 1530 2475 1538 2475 1539 2475 1530 2476 1539 2476 1540 2476 1540 2477 1541 2477 1530 2477 1530 2478 1541 2478 1542 2478 1530 2479 1542 2479 1533 2479 1543 2480 1544 2480 1545 2480 1545 2481 1544 2481 1546 2481 1547 2482 1548 2482 1549 2482 1549 2483 1548 2483 1550 2483 1549 2484 1550 2484 1551 2484 1552 2485 1553 2485 1554 2485 1554 2486 1553 2486 1555 2486 1554 2487 1555 2487 1556 2487 1557 2488 1558 2488 1559 2488 1559 2489 1558 2489 1560 2489 1559 2490 1560 2490 1552 2490 1552 2491 1560 2491 1561 2491 1552 2492 1561 2492 1553 2492 1562 2493 1563 2493 1564 2493 1564 2494 1565 2494 1562 2494 1562 2495 1565 2495 1566 2495 1562 2496 1566 2496 1559 2496 1559 2497 1566 2497 1567 2497 1559 2498 1567 2498 1557 2498 1568 2499 1569 2499 1515 2499 1514 2500 1570 2500 1515 2500 1515 2501 1570 2501 1571 2501 1515 2502 1571 2502 1568 2502 1569 2503 1572 2503 1515 2503 1515 2504 1572 2504 1573 2504 1515 2505 1573 2505 1574 2505 1574 2506 1575 2506 1515 2506 1515 2507 1575 2507 1576 2507 1515 2508 1576 2508 1577 2508 1577 2509 1578 2509 1515 2509 1515 2510 1578 2510 1579 2510 1515 2511 1579 2511 1580 2511 1516 2512 1515 2512 1581 2512 1581 2513 1515 2513 1582 2513 1581 2514 1582 2514 1583 2514 1584 2515 1585 2515 1586 2515 1586 2516 1585 2516 1587 2516 1586 2517 1587 2517 1588 2517 1584 2518 1586 2518 1589 2518 1589 2519 1586 2519 1590 2519 1589 2520 1590 2520 1591 2520 1583 2521 1592 2521 1593 2521 1593 2522 1592 2522 1594 2522 1593 2523 1594 2523 1588 2523 1595 2524 1596 2524 1590 2524 1590 2525 1596 2525 1597 2525 1590 2526 1597 2526 1598 2526 1598 2527 1599 2527 1590 2527 1590 2528 1599 2528 1600 2528 1590 2529 1600 2529 1591 2529 1601 2530 1602 2530 1586 2530 1602 2531 1603 2531 1586 2531 1586 2532 1603 2532 1604 2532 1586 2533 1604 2533 1590 2533 1590 2534 1604 2534 1605 2534 1590 2535 1605 2535 1595 2535 1606 2536 1607 2536 1608 2536 1608 2537 1609 2537 1606 2537 1606 2538 1609 2538 1610 2538 1606 2539 1610 2539 1586 2539 1586 2540 1610 2540 1611 2540 1586 2541 1611 2541 1601 2541 1612 2542 1613 2542 1614 2542 1614 2543 1613 2543 1607 2543 1615 2544 1616 2544 1617 2544 1618 2545 1619 2545 1620 2545 1620 2546 1619 2546 1621 2546 1620 2547 1621 2547 1622 2547 1622 2548 1621 2548 1623 2548 1622 2549 1623 2549 1624 2549 1624 2550 1623 2550 1615 2550 1624 2551 1615 2551 1625 2551 1625 2552 1615 2552 1617 2552 1626 2553 1627 2553 1617 2553 1617 2554 1627 2554 1628 2554 1617 2555 1628 2555 1625 2555 1511 2556 1513 2556 1629 2556 1630 2557 1631 2557 1632 2557 1632 2558 1631 2558 1633 2558 1632 2559 1633 2559 1513 2559 1513 2560 1633 2560 1634 2560 1513 2561 1634 2561 1629 2561 1635 2562 1630 2562 1636 2562 1636 2563 1630 2563 1632 2563 1636 2564 1632 2564 1637 2564 1637 2565 1632 2565 1638 2565 1614 2566 1639 2566 1640 2566 1640 2567 1641 2567 1614 2567 1614 2568 1641 2568 1619 2568 1614 2569 1619 2569 1612 2569 1612 2570 1619 2570 1618 2570 1607 2571 1606 2571 1614 2571 1614 2572 1606 2572 1642 2572 1614 2573 1642 2573 1639 2573 1594 2574 1643 2574 1644 2574 1588 2575 1594 2575 1586 2575 1586 2576 1594 2576 1644 2576 1586 2577 1644 2577 1606 2577 1606 2578 1644 2578 1645 2578 1606 2579 1645 2579 1642 2579 1646 2580 1647 2580 1648 2580 1648 2581 1647 2581 1649 2581 1648 2582 1649 2582 1650 2582 1651 2583 1652 2583 1653 2583 1653 2584 1652 2584 1654 2584 1653 2585 1654 2585 1655 2585 1656 2586 1549 2586 1657 2586 1657 2587 1549 2587 1551 2587 1657 2588 1551 2588 1658 2588 1658 2589 1551 2589 1659 2589 1658 2590 1659 2590 1543 2590 1543 2591 1659 2591 1660 2591 1543 2592 1660 2592 1544 2592 1661 2593 1543 2593 1662 2593 1662 2594 1543 2594 1545 2594 1662 2595 1545 2595 1518 2595 1518 2596 1545 2596 1546 2596 1518 2597 1546 2597 1519 2597 1656 2598 1657 2598 1663 2598 1663 2599 1657 2599 1658 2599 1663 2600 1658 2600 1664 2600 1664 2601 1658 2601 1543 2601 1664 2602 1543 2602 1665 2602 1665 2603 1543 2603 1661 2603 1665 2604 1661 2604 1666 2604 1667 2605 1552 2605 1668 2605 1668 2606 1552 2606 1554 2606 1668 2607 1554 2607 1547 2607 1547 2608 1554 2608 1556 2608 1547 2609 1556 2609 1548 2609 1654 2610 1646 2610 1655 2610 1655 2611 1646 2611 1648 2611 1655 2612 1648 2612 1582 2612 1583 2613 1582 2613 1592 2613 1592 2614 1582 2614 1648 2614 1592 2615 1648 2615 1594 2615 1594 2616 1648 2616 1650 2616 1594 2617 1650 2617 1643 2617 1580 2618 1563 2618 1515 2618 1515 2619 1563 2619 1562 2619 1515 2620 1562 2620 1582 2620 1582 2621 1562 2621 1559 2621 1582 2622 1559 2622 1655 2622 1655 2623 1559 2623 1552 2623 1655 2624 1552 2624 1653 2624 1653 2625 1552 2625 1667 2625 1653 2626 1667 2626 1651 2626 1651 2627 1667 2627 1668 2627 1651 2628 1668 2628 1669 2628 1669 2629 1668 2629 1547 2629 1669 2630 1547 2630 1670 2630 1670 2631 1547 2631 1549 2631 1670 2632 1549 2632 1671 2632 1671 2633 1549 2633 1656 2633 1641 2634 1672 2634 1619 2634 1619 2635 1672 2635 1673 2635 1619 2636 1673 2636 1621 2636 1621 2637 1673 2637 1674 2637 1621 2638 1674 2638 1623 2638 1623 2639 1674 2639 1675 2639 1623 2640 1675 2640 1615 2640 1615 2641 1675 2641 1638 2641 1615 2642 1638 2642 1616 2642 1616 2643 1638 2643 1632 2643 1616 2644 1632 2644 1617 2644 1617 2645 1632 2645 1513 2645 1617 2646 1513 2646 1626 2646 1626 2647 1513 2647 1512 2647 1676 2648 1489 2648 1491 2648 1677 2649 1678 2649 1679 2649 1679 2650 1678 2650 1676 2650 1588 2651 1680 2651 1593 2651 1593 2652 1680 2652 1681 2652 1593 2653 1681 2653 1677 2653 1676 2654 1491 2654 1679 2654 1679 2655 1491 2655 1496 2655 1679 2656 1496 2656 1682 2656 1682 2657 1496 2657 1495 2657 1682 2658 1495 2658 1683 2658 1683 2659 1495 2659 1493 2659 1683 2660 1493 2660 1684 2660 1684 2661 1493 2661 295 2661 1684 2662 295 2662 1685 2662 1677 2663 1679 2663 1593 2663 1593 2664 1679 2664 1682 2664 1593 2665 1682 2665 1583 2665 1583 2666 1682 2666 1683 2666 1583 2667 1683 2667 1581 2667 1581 2668 1683 2668 1684 2668 1581 2669 1684 2669 1516 2669 1516 2670 1684 2670 1685 2670 1516 2671 1685 2671 1514 2671 292 2672 293 2672 1686 2672 1687 2673 1688 2673 291 2673 292 2674 1686 2674 291 2674 291 2675 1686 2675 1689 2675 291 2676 1689 2676 1687 2676 1688 2677 1690 2677 1691 2677 1691 2678 1690 2678 1692 2678 1692 2679 1693 2679 1568 2679 1568 2680 1693 2680 1694 2680 1568 2681 1694 2681 1569 2681 1692 2682 1568 2682 1691 2682 1691 2683 1568 2683 1571 2683 1691 2684 1571 2684 1695 2684 1695 2685 1571 2685 1570 2685 1695 2686 1570 2686 1696 2686 1696 2687 1570 2687 1514 2687 1696 2688 1514 2688 1685 2688 1688 2689 1691 2689 291 2689 291 2690 1691 2690 1695 2690 291 2691 1695 2691 297 2691 297 2692 1695 2692 1696 2692 297 2693 1696 2693 294 2693 294 2694 1696 2694 1685 2694 294 2695 1685 2695 295 2695 580 2696 578 2696 1697 2696 578 2697 314 2697 1508 2697 1698 2698 582 2698 580 2698 582 2699 1698 2699 337 2699 578 2700 1508 2700 1697 2700 1697 2701 1508 2701 1509 2701 1697 2702 1509 2702 1699 2702 1699 2703 1509 2703 1510 2703 1699 2704 1510 2704 1700 2704 1700 2705 1510 2705 1484 2705 1700 2706 1484 2706 1701 2706 580 2707 1697 2707 1698 2707 1698 2708 1697 2708 1699 2708 1698 2709 1699 2709 1702 2709 1702 2710 1699 2710 1700 2710 1702 2711 1700 2711 1703 2711 1703 2712 1700 2712 1701 2712 1703 2713 1701 2713 1704 2713 337 2714 1698 2714 331 2714 331 2715 1698 2715 1702 2715 331 2716 1702 2716 324 2716 324 2717 1702 2717 1703 2717 324 2718 1703 2718 322 2718 322 2719 1703 2719 1704 2719 322 2720 1704 2720 320 2720 318 2721 320 2721 1705 2721 1705 2722 320 2722 1704 2722 1705 2723 1704 2723 1706 2723 1707 2724 1704 2724 1708 2724 1708 2725 1704 2725 1701 2725 1707 2726 1709 2726 1704 2726 1704 2727 1709 2727 1710 2727 1704 2728 1710 2728 1706 2728 1484 2729 1486 2729 1701 2729 1701 2730 1486 2730 1711 2730 1701 2731 1711 2731 1712 2731 1712 2732 1713 2732 1701 2732 1701 2733 1713 2733 1714 2733 1701 2734 1714 2734 1708 2734 1715 2735 1716 2735 1717 2735 1718 2736 1719 2736 1720 2736 1715 2737 1717 2737 1721 2737 1721 2738 1717 2738 1722 2738 1721 2739 1722 2739 1723 2739 1723 2740 1722 2740 1724 2740 1723 2741 1724 2741 1725 2741 1725 2742 1724 2742 1726 2742 1725 2743 1726 2743 1720 2743 1720 2744 1726 2744 1727 2744 1720 2745 1727 2745 1718 2745 1728 2746 1729 2746 1716 2746 1587 2747 1730 2747 1731 2747 1731 2748 1732 2748 1587 2748 1587 2749 1732 2749 1733 2749 1587 2750 1733 2750 1588 2750 1734 2751 1735 2751 1736 2751 1736 2752 1735 2752 1737 2752 1736 2753 1737 2753 1738 2753 1739 2754 1740 2754 1741 2754 1629 2755 1739 2755 1742 2755 1739 2756 1741 2756 1742 2756 1742 2757 1741 2757 1743 2757 1742 2758 1743 2758 1744 2758 1744 2759 1743 2759 1745 2759 1744 2760 1745 2760 1746 2760 1745 2761 1747 2761 1746 2761 1746 2762 1747 2762 1748 2762 1746 2763 1748 2763 1749 2763 1749 2764 1748 2764 1750 2764 1749 2765 1750 2765 1751 2765 1750 2766 1752 2766 1751 2766 1751 2767 1752 2767 1753 2767 1751 2768 1753 2768 1754 2768 1754 2769 1753 2769 1755 2769 1754 2770 1755 2770 1756 2770 1755 2771 1757 2771 1756 2771 1756 2772 1757 2772 1758 2772 1756 2773 1758 2773 1759 2773 1759 2774 1758 2774 1760 2774 1759 2775 1760 2775 1761 2775 1760 2776 1762 2776 1761 2776 1761 2777 1762 2777 1763 2777 1761 2778 1763 2778 1764 2778 1764 2779 1763 2779 1765 2779 1764 2780 1765 2780 1766 2780 1766 2781 1765 2781 1767 2781 1766 2782 1767 2782 1768 2782 1767 2783 1769 2783 1768 2783 1768 2784 1769 2784 1770 2784 1768 2785 1770 2785 1771 2785 1771 2786 1770 2786 1772 2786 1771 2787 1772 2787 1773 2787 1773 2788 1772 2788 1774 2788 1773 2789 1774 2789 1775 2789 1774 2790 1776 2790 1775 2790 1775 2791 1776 2791 1777 2791 1775 2792 1777 2792 1778 2792 1778 2793 1777 2793 1779 2793 1778 2794 1779 2794 1780 2794 1780 2795 1779 2795 1781 2795 1780 2796 1781 2796 1782 2796 1781 2797 1783 2797 1782 2797 1782 2798 1783 2798 1784 2798 1782 2799 1784 2799 1785 2799 1785 2800 1784 2800 1786 2800 1785 2801 1786 2801 1787 2801 1786 2802 1788 2802 1787 2802 1787 2803 1788 2803 1789 2803 1787 2804 1789 2804 1790 2804 1790 2805 1789 2805 1791 2805 1790 2806 1791 2806 1792 2806 1792 2807 1791 2807 1793 2807 1792 2808 1793 2808 1794 2808 1793 2809 1795 2809 1794 2809 1794 2810 1795 2810 1796 2810 1794 2811 1796 2811 1797 2811 1797 2812 1796 2812 1798 2812 1797 2813 1798 2813 1799 2813 1799 2814 1798 2814 1800 2814 1799 2815 1800 2815 1801 2815 1801 2816 1800 2816 1802 2816 1801 2817 1802 2817 1729 2817 1729 2818 1802 2818 1803 2818 1729 2819 1803 2819 1716 2819 1716 2820 1715 2820 1728 2820 1728 2821 1715 2821 1721 2821 1728 2822 1721 2822 1804 2822 1804 2823 1721 2823 1723 2823 1804 2824 1723 2824 1805 2824 1805 2825 1723 2825 1725 2825 1805 2826 1725 2826 1806 2826 1806 2827 1725 2827 1720 2827 1806 2828 1720 2828 1734 2828 1734 2829 1720 2829 1719 2829 1734 2830 1719 2830 1735 2830 1629 2831 1742 2831 1511 2831 1511 2832 1742 2832 1744 2832 1511 2833 1744 2833 1512 2833 1512 2834 1744 2834 1746 2834 1512 2835 1746 2835 1626 2835 1626 2836 1746 2836 1749 2836 1626 2837 1749 2837 1627 2837 1627 2838 1749 2838 1751 2838 1627 2839 1751 2839 1628 2839 1628 2840 1751 2840 1754 2840 1628 2841 1754 2841 1625 2841 1625 2842 1754 2842 1756 2842 1625 2843 1756 2843 1624 2843 1624 2844 1756 2844 1759 2844 1624 2845 1759 2845 1622 2845 1622 2846 1759 2846 1761 2846 1622 2847 1761 2847 1620 2847 1620 2848 1761 2848 1764 2848 1620 2849 1764 2849 1618 2849 1618 2850 1764 2850 1766 2850 1618 2851 1766 2851 1612 2851 1612 2852 1766 2852 1768 2852 1612 2853 1768 2853 1613 2853 1613 2854 1768 2854 1771 2854 1613 2855 1771 2855 1607 2855 1607 2856 1771 2856 1773 2856 1607 2857 1773 2857 1608 2857 1608 2858 1773 2858 1775 2858 1608 2859 1775 2859 1609 2859 1609 2860 1775 2860 1778 2860 1609 2861 1778 2861 1610 2861 1610 2862 1778 2862 1780 2862 1610 2863 1780 2863 1611 2863 1611 2864 1780 2864 1782 2864 1611 2865 1782 2865 1601 2865 1601 2866 1782 2866 1785 2866 1601 2867 1785 2867 1602 2867 1602 2868 1785 2868 1787 2868 1602 2869 1787 2869 1603 2869 1603 2870 1787 2870 1790 2870 1603 2871 1790 2871 1604 2871 1604 2872 1790 2872 1792 2872 1604 2873 1792 2873 1605 2873 1605 2874 1792 2874 1794 2874 1605 2875 1794 2875 1595 2875 1595 2876 1794 2876 1797 2876 1595 2877 1797 2877 1596 2877 1596 2878 1797 2878 1799 2878 1596 2879 1799 2879 1597 2879 1597 2880 1799 2880 1801 2880 1597 2881 1801 2881 1598 2881 1598 2882 1801 2882 1729 2882 1598 2883 1729 2883 1599 2883 1599 2884 1729 2884 1728 2884 1599 2885 1728 2885 1600 2885 1600 2886 1728 2886 1804 2886 1600 2887 1804 2887 1591 2887 1591 2888 1804 2888 1805 2888 1591 2889 1805 2889 1589 2889 1589 2890 1805 2890 1806 2890 1589 2891 1806 2891 1584 2891 1584 2892 1806 2892 1734 2892 1584 2893 1734 2893 1585 2893 1585 2894 1734 2894 1736 2894 1585 2895 1736 2895 1587 2895 1587 2896 1736 2896 1738 2896 1587 2897 1738 2897 1730 2897 1807 2898 1808 2898 1809 2898 1808 2899 1810 2899 1726 2899 1810 2900 1811 2900 1726 2900 1726 2901 1811 2901 1812 2901 1726 2902 1812 2902 1727 2902 705 2903 704 2903 1809 2903 1809 2904 704 2904 1813 2904 1809 2905 1813 2905 1807 2905 1726 2906 1724 2906 1814 2906 1724 2907 1722 2907 1814 2907 1814 2908 1722 2908 1717 2908 1814 2909 1717 2909 1815 2909 1815 2910 1717 2910 1716 2910 1815 2911 1716 2911 1816 2911 1808 2912 1726 2912 1809 2912 1809 2913 1726 2913 1814 2913 1809 2914 1814 2914 705 2914 705 2915 1814 2915 1815 2915 705 2916 1815 2916 718 2916 718 2917 1815 2917 1816 2917 718 2918 1816 2918 719 2918 1817 2919 1818 2919 1819 2919 1769 2920 1767 2920 1820 2920 1817 2921 1821 2921 1818 2921 1818 2922 1821 2922 1822 2922 1818 2923 1822 2923 1823 2923 1823 2924 1822 2924 1824 2924 1823 2925 1824 2925 1825 2925 1824 2926 1826 2926 1825 2926 1825 2927 1826 2927 1827 2927 1825 2928 1827 2928 1828 2928 1828 2929 1827 2929 1829 2929 1828 2930 1829 2930 1830 2930 1829 2931 1831 2931 1830 2931 1830 2932 1831 2932 1832 2932 1830 2933 1832 2933 1833 2933 1833 2934 1832 2934 1834 2934 1833 2935 1834 2935 1835 2935 1834 2936 1836 2936 1835 2936 1835 2937 1836 2937 1837 2937 1835 2938 1837 2938 1838 2938 1838 2939 1837 2939 1839 2939 1838 2940 1839 2940 1840 2940 1840 2941 1839 2941 1841 2941 1840 2942 1841 2942 1842 2942 1842 2943 1841 2943 1843 2943 1842 2944 1843 2944 1844 2944 1844 2945 1843 2945 1845 2945 1844 2946 1845 2946 1846 2946 1846 2947 1845 2947 1847 2947 1740 2948 1848 2948 1849 2948 1849 2949 1848 2949 1850 2949 1849 2950 1850 2950 1851 2950 1851 2951 1850 2951 1852 2951 1851 2952 1852 2952 1847 2952 1847 2953 1852 2953 1853 2953 1847 2954 1853 2954 1846 2954 1854 2955 1748 2955 1855 2955 1855 2956 1748 2956 1747 2956 1855 2957 1747 2957 1856 2957 1856 2958 1747 2958 1745 2958 1856 2959 1745 2959 1857 2959 1857 2960 1745 2960 1743 2960 1857 2961 1743 2961 1858 2961 1858 2962 1743 2962 1741 2962 1858 2963 1741 2963 1859 2963 1859 2964 1741 2964 1740 2964 1859 2965 1740 2965 1860 2965 1860 2966 1740 2966 1849 2966 1861 2967 1862 2967 1755 2967 1755 2968 1753 2968 1861 2968 1861 2969 1753 2969 1752 2969 1861 2970 1752 2970 1854 2970 1854 2971 1752 2971 1750 2971 1854 2972 1750 2972 1748 2972 1820 2973 1767 2973 1863 2973 1863 2974 1767 2974 1765 2974 1863 2975 1765 2975 1864 2975 1765 2976 1763 2976 1864 2976 1864 2977 1763 2977 1762 2977 1864 2978 1762 2978 1865 2978 1865 2979 1762 2979 1760 2979 1865 2980 1760 2980 1866 2980 1866 2981 1760 2981 1758 2981 1866 2982 1758 2982 1862 2982 1862 2983 1758 2983 1757 2983 1862 2984 1757 2984 1755 2984 1867 2985 1774 2985 1868 2985 1868 2986 1774 2986 1772 2986 1820 2987 1869 2987 1769 2987 1769 2988 1869 2988 1870 2988 1769 2989 1870 2989 1770 2989 1770 2990 1870 2990 1871 2990 1770 2991 1871 2991 1772 2991 1772 2992 1871 2992 1872 2992 1772 2993 1872 2993 1868 2993 1873 2994 1786 2994 1874 2994 1874 2995 1786 2995 1784 2995 1874 2996 1784 2996 1875 2996 1875 2997 1784 2997 1783 2997 1875 2998 1783 2998 1876 2998 1876 2999 1783 2999 1781 2999 1876 3000 1781 3000 1877 3000 1877 3001 1781 3001 1779 3001 1877 3002 1779 3002 1878 3002 1878 3003 1779 3003 1777 3003 1878 3004 1777 3004 1867 3004 1867 3005 1777 3005 1776 3005 1867 3006 1776 3006 1774 3006 1879 3007 1796 3007 1880 3007 1880 3008 1796 3008 1795 3008 1880 3009 1795 3009 1881 3009 1881 3010 1795 3010 1793 3010 1881 3011 1793 3011 1882 3011 1882 3012 1793 3012 1791 3012 1882 3013 1791 3013 1883 3013 1883 3014 1791 3014 1789 3014 1883 3015 1789 3015 1873 3015 1873 3016 1789 3016 1788 3016 1873 3017 1788 3017 1786 3017 1802 3018 1800 3018 1879 3018 1879 3019 1800 3019 1798 3019 1879 3020 1798 3020 1796 3020 1884 3021 1885 3021 1886 3021 1887 3022 1888 3022 1889 3022 1889 3021 1888 3021 1890 3021 1884 3021 1886 3021 1889 3021 1889 3023 1886 3023 1891 3023 1889 3024 1891 3024 1887 3024 1890 3025 1892 3025 1889 3025 1889 3021 1892 3021 1893 3021 1889 3026 1893 3026 1894 3026 1894 3021 1893 3021 1895 3021 1896 3027 1885 3027 1884 3027 1897 3028 1634 3028 1898 3028 1898 3029 1634 3029 1899 3029 1897 3030 1900 3030 1634 3030 1634 3031 1900 3031 1901 3031 1634 3032 1901 3032 1629 3032 1902 3033 1896 3033 1631 3033 1902 3034 1631 3034 1903 3034 1631 3035 1630 3035 1903 3035 1903 3036 1630 3036 1635 3036 1903 3037 1635 3037 1904 3037 1896 3038 1884 3038 1631 3038 1631 3039 1884 3039 1889 3039 1631 3040 1889 3040 1633 3040 1633 3041 1889 3041 1894 3041 1633 3042 1894 3042 1634 3042 1634 3043 1894 3043 1895 3043 1634 3044 1895 3044 1899 3044 1905 3045 1903 3045 1904 3045 1818 3046 1906 3046 1819 3046 1819 3047 1906 3047 1907 3047 1819 3048 1907 3048 1908 3048 1908 3049 1907 3049 1905 3049 1903 3050 1905 3050 1902 3050 1818 3051 1823 3051 1909 3051 1818 3052 1909 3052 1906 3052 1906 3053 1909 3053 1910 3053 1906 3054 1910 3054 1911 3054 1905 3055 1907 3055 1902 3055 1902 3056 1907 3056 1906 3056 1902 3057 1906 3057 1896 3057 1896 3058 1906 3058 1911 3058 1896 3059 1911 3059 1885 3059 1912 3060 1913 3060 1914 3060 1913 3061 1895 3061 1893 3061 1842 3062 1915 3062 1916 3062 1916 3063 1915 3063 1912 3063 1913 3064 1893 3064 1914 3064 1914 3065 1893 3065 1892 3065 1914 3066 1892 3066 1917 3066 1917 3067 1892 3067 1890 3067 1917 3068 1890 3068 1918 3068 1918 3069 1890 3069 1888 3069 1918 3070 1888 3070 1919 3070 1919 3071 1888 3071 1887 3071 1919 3072 1887 3072 1920 3072 1920 3073 1887 3073 1891 3073 1920 3074 1891 3074 1921 3074 1921 3075 1891 3075 1886 3075 1921 3076 1886 3076 1922 3076 1886 3077 1885 3077 1922 3077 1922 3078 1885 3078 1911 3078 1922 3079 1911 3079 1910 3079 1912 3080 1914 3080 1916 3080 1916 3081 1914 3081 1917 3081 1916 3082 1917 3082 1923 3082 1923 3083 1917 3083 1918 3083 1923 3084 1918 3084 1924 3084 1924 3085 1918 3085 1919 3085 1924 3086 1919 3086 1925 3086 1925 3087 1919 3087 1920 3087 1925 3088 1920 3088 1926 3088 1926 3089 1920 3089 1921 3089 1926 3090 1921 3090 1927 3090 1927 3091 1921 3091 1922 3091 1927 3092 1922 3092 1928 3092 1928 3093 1922 3093 1910 3093 1928 3094 1910 3094 1909 3094 1842 3095 1916 3095 1840 3095 1840 3096 1916 3096 1923 3096 1840 3097 1923 3097 1838 3097 1838 3098 1923 3098 1924 3098 1838 3099 1924 3099 1835 3099 1835 3100 1924 3100 1925 3100 1835 3101 1925 3101 1833 3101 1833 3102 1925 3102 1926 3102 1833 3103 1926 3103 1830 3103 1830 3104 1926 3104 1927 3104 1830 3105 1927 3105 1828 3105 1828 3106 1927 3106 1928 3106 1828 3107 1928 3107 1825 3107 1825 3108 1928 3108 1909 3108 1825 3109 1909 3109 1823 3109 1915 3110 1842 3110 1844 3110 1895 3111 1913 3111 1929 3111 1929 3112 1913 3112 1912 3112 1929 3113 1912 3113 1915 3113 1915 3114 1844 3114 1929 3114 1929 3115 1844 3115 1846 3115 1929 3116 1846 3116 1930 3116 1930 3117 1846 3117 1853 3117 1930 3118 1853 3118 1931 3118 1853 3119 1852 3119 1931 3119 1931 3120 1852 3120 1850 3120 1931 3121 1850 3121 1932 3121 1932 3122 1850 3122 1848 3122 1932 3123 1848 3123 1933 3123 1933 3124 1848 3124 1740 3124 1933 3125 1740 3125 1739 3125 1895 3126 1929 3126 1899 3126 1899 3127 1929 3127 1930 3127 1899 3128 1930 3128 1898 3128 1898 3129 1930 3129 1931 3129 1898 3130 1931 3130 1897 3130 1897 3131 1931 3131 1932 3131 1897 3132 1932 3132 1900 3132 1900 3133 1932 3133 1933 3133 1900 3134 1933 3134 1901 3134 1901 3135 1933 3135 1739 3135 1901 3136 1739 3136 1629 3136 1934 3137 1874 3137 1875 3137 1935 3138 1877 3138 1878 3138 1936 3139 1868 3139 1872 3139 1937 3140 1870 3140 1869 3140 1938 3141 1824 3141 1822 3141 723 3142 1939 3142 1940 3142 723 3143 1940 3143 725 3143 725 3144 1940 3144 1941 3144 725 3145 1941 3145 717 3145 709 3146 1942 3146 790 3146 790 3147 1942 3147 1934 3147 790 3148 1934 3148 788 3148 788 3149 1943 3149 786 3149 786 3150 1943 3150 1935 3150 786 3151 1935 3151 784 3151 784 3152 1944 3152 782 3152 782 3153 1944 3153 1936 3153 782 3154 1936 3154 780 3154 780 3155 1945 3155 778 3155 778 3156 1945 3156 1937 3156 778 3157 1937 3157 776 3157 1938 3158 732 3158 1946 3158 1946 3159 732 3159 734 3159 1946 3160 734 3160 1947 3160 1947 3161 734 3161 736 3161 1947 3162 736 3162 1948 3162 1948 3163 736 3163 738 3163 1948 3164 738 3164 1949 3164 1949 3165 738 3165 740 3165 1949 3166 740 3166 1950 3166 1950 3167 740 3167 742 3167 1950 3168 742 3168 1951 3168 1951 3169 742 3169 744 3169 1951 3170 744 3170 1952 3170 1952 3171 744 3171 746 3171 1952 3172 746 3172 1953 3172 1953 3173 746 3173 748 3173 1953 3174 748 3174 1954 3174 1954 3175 748 3175 750 3175 1954 3176 750 3176 1955 3176 1955 3177 750 3177 752 3177 1955 3178 752 3178 1956 3178 1956 3179 752 3179 754 3179 1956 3180 754 3180 1957 3180 1957 3181 754 3181 756 3181 1957 3182 756 3182 1958 3182 1958 3183 756 3183 758 3183 1958 3184 758 3184 1959 3184 1959 3185 758 3185 760 3185 1959 3186 760 3186 1960 3186 1960 3187 760 3187 762 3187 1960 3188 762 3188 1961 3188 1961 3189 762 3189 764 3189 1961 3190 764 3190 1962 3190 1962 3191 764 3191 766 3191 1962 3192 766 3192 1963 3192 1963 3193 766 3193 768 3193 1963 3194 768 3194 1964 3194 1964 3195 768 3195 770 3195 1964 3196 770 3196 1965 3196 1965 3197 770 3197 772 3197 1965 3198 772 3198 1966 3198 1966 3199 772 3199 774 3199 1966 3200 774 3200 1967 3200 1967 3201 774 3201 776 3201 1968 3202 728 3202 1969 3202 1969 3203 728 3203 730 3203 1821 3204 1968 3204 1822 3204 1822 3205 1968 3205 1969 3205 1822 3206 1969 3206 1938 3206 1938 3207 1969 3207 730 3207 1938 3208 730 3208 732 3208 1824 3209 1938 3209 1826 3209 1826 3210 1938 3210 1946 3210 1826 3211 1946 3211 1827 3211 1827 3212 1946 3212 1947 3212 1827 3213 1947 3213 1829 3213 1829 3214 1947 3214 1831 3214 1831 3215 1947 3215 1948 3215 1831 3216 1948 3216 1832 3216 1832 3217 1948 3217 1949 3217 1832 3218 1949 3218 1834 3218 1834 3219 1949 3219 1836 3219 1836 3220 1949 3220 1950 3220 1836 3221 1950 3221 1837 3221 1837 3222 1950 3222 1951 3222 1837 3223 1951 3223 1839 3223 1839 3224 1951 3224 1841 3224 1841 3225 1951 3225 1952 3225 1841 3226 1952 3226 1843 3226 1843 3227 1952 3227 1953 3227 1843 3228 1953 3228 1845 3228 1845 3229 1953 3229 1847 3229 1847 3230 1953 3230 1954 3230 1847 3231 1954 3231 1851 3231 1851 3232 1954 3232 1955 3232 1851 3233 1955 3233 1849 3233 1849 3234 1955 3234 1860 3234 1860 3235 1955 3235 1956 3235 1860 3236 1956 3236 1859 3236 1859 3237 1956 3237 1957 3237 1859 3238 1957 3238 1858 3238 1858 3239 1957 3239 1857 3239 1857 3240 1957 3240 1958 3240 1857 3241 1958 3241 1856 3241 1856 3242 1958 3242 1959 3242 1856 3243 1959 3243 1855 3243 1855 3244 1959 3244 1960 3244 1855 3245 1960 3245 1854 3245 1854 3246 1960 3246 1961 3246 1854 3247 1961 3247 1861 3247 1861 3248 1961 3248 1962 3248 1861 3249 1962 3249 1862 3249 1862 3250 1962 3250 1963 3250 1862 3251 1963 3251 1866 3251 1866 3252 1963 3252 1964 3252 1866 3253 1964 3253 1865 3253 1865 3254 1964 3254 1965 3254 1865 3255 1965 3255 1864 3255 1864 3256 1965 3256 1966 3256 1864 3257 1966 3257 1863 3257 776 3258 1937 3258 1967 3258 1967 3259 1937 3259 1869 3259 1967 3260 1869 3260 1966 3260 1966 3261 1869 3261 1820 3261 1966 3262 1820 3262 1863 3262 780 3263 1936 3263 1945 3263 1945 3264 1936 3264 1872 3264 1945 3265 1872 3265 1937 3265 1937 3266 1872 3266 1871 3266 1937 3267 1871 3267 1870 3267 784 3268 1935 3268 1944 3268 1944 3269 1935 3269 1878 3269 1944 3270 1878 3270 1936 3270 1936 3271 1878 3271 1867 3271 1936 3272 1867 3272 1868 3272 788 3273 1934 3273 1943 3273 1943 3274 1934 3274 1875 3274 1943 3275 1875 3275 1935 3275 1935 3276 1875 3276 1876 3276 1935 3277 1876 3277 1877 3277 709 3278 1970 3278 1942 3278 1942 3279 1970 3279 1883 3279 1942 3280 1883 3280 1934 3280 1934 3281 1883 3281 1873 3281 1934 3282 1873 3282 1874 3282 1880 3283 1881 3283 1970 3283 1970 3284 1881 3284 1882 3284 1970 3285 1882 3285 1883 3285 709 3286 717 3286 1970 3286 1970 3287 717 3287 1941 3287 1970 3288 1941 3288 1880 3288 1880 3289 1941 3289 1940 3289 1880 3290 1940 3290 1879 3290 1879 3291 1940 3291 1939 3291 1879 3292 1939 3292 1802 3292 721 3293 719 3293 1971 3293 1971 3294 719 3294 1816 3294 1971 3295 1816 3295 1803 3295 1803 3296 1816 3296 1716 3296 723 3297 721 3297 1939 3297 1939 3298 721 3298 1971 3298 1939 3299 1971 3299 1802 3299 1802 3300 1971 3300 1803 3300 1517 3301 1520 3301 1972 3301 1973 3302 1974 3302 1666 3302 1975 3303 1976 3303 1977 3303 1974 3304 1973 3304 1977 3304 1977 3305 1973 3305 1978 3305 1977 3306 1978 3306 1975 3306 1979 3307 1980 3307 1981 3307 1981 3308 1980 3308 1982 3308 1981 3309 1982 3309 1983 3309 1983 3310 1982 3310 1978 3310 1978 3311 1982 3311 1984 3311 1978 3312 1984 3312 1975 3312 1666 3313 1661 3313 1973 3313 1973 3314 1661 3314 1662 3314 1973 3315 1662 3315 1978 3315 1978 3316 1662 3316 1518 3316 1978 3317 1518 3317 1983 3317 1983 3318 1518 3318 1517 3318 1983 3319 1517 3319 1981 3319 1981 3320 1517 3320 1972 3320 1981 3321 1972 3321 1979 3321 1985 3322 1986 3322 1987 3322 1117 3323 1119 3323 1988 3323 1988 3324 1119 3324 1148 3324 1988 3325 1148 3325 1989 3325 1148 3326 1147 3326 1989 3326 1989 3327 1147 3327 1146 3327 1989 3328 1146 3328 1990 3328 1990 3329 1146 3329 1136 3329 1990 3330 1136 3330 1991 3330 1991 3331 1136 3331 1135 3331 1991 3332 1135 3332 1992 3332 1992 3333 1135 3333 1145 3333 1992 3334 1145 3334 1993 3334 1993 3335 1145 3335 1144 3335 1993 3336 1144 3336 1994 3336 1994 3337 1144 3337 1143 3337 1994 3338 1143 3338 1995 3338 1995 3339 1143 3339 1142 3339 1995 3340 1142 3340 1996 3340 1996 3341 1142 3341 1141 3341 1996 3342 1141 3342 1997 3342 1997 3343 1141 3343 1139 3343 1997 3344 1139 3344 1998 3344 1998 3345 1139 3345 1138 3345 1998 3346 1138 3346 1999 3346 1999 3347 1138 3347 2000 3347 1999 3348 2000 3348 2001 3348 2001 3349 2002 3349 1999 3349 1999 3350 2002 3350 2003 3350 1999 3351 2003 3351 1998 3351 1998 3352 2003 3352 2004 3352 1998 3353 2004 3353 1997 3353 1997 3354 2004 3354 2005 3354 1997 3355 2005 3355 1996 3355 1996 3356 2005 3356 2006 3356 1996 3357 2006 3357 1995 3357 1995 3358 2006 3358 2007 3358 1995 3359 2007 3359 1994 3359 1994 3360 2007 3360 2008 3360 1994 3361 2008 3361 1993 3361 1993 3362 2008 3362 2009 3362 1993 3363 2009 3363 1992 3363 1992 3364 2009 3364 2010 3364 1992 3365 2010 3365 1991 3365 1991 3366 2010 3366 2011 3366 1991 3367 2011 3367 1990 3367 1990 3368 2011 3368 2012 3368 1990 3369 2012 3369 1989 3369 1989 3370 2012 3370 1985 3370 1989 3371 1985 3371 1988 3371 1988 3372 1985 3372 1987 3372 1988 3373 1987 3373 1117 3373 2013 3374 2014 3374 2015 3374 2016 3375 2017 3375 2018 3375 1986 3376 1985 3376 1980 3376 1980 3377 1979 3377 1986 3377 1986 3378 1979 3378 2019 3378 1986 3379 2019 3379 2020 3379 2020 3380 2019 3380 2021 3380 2020 3381 2021 3381 2022 3381 2022 3382 2021 3382 2023 3382 2022 3383 2023 3383 2024 3383 2024 3384 2023 3384 2025 3384 2025 3385 2026 3385 2024 3385 2024 3386 2026 3386 2027 3386 2024 3387 2027 3387 2028 3387 2027 3388 2029 3388 2028 3388 2028 3389 2029 3389 2030 3389 2028 3390 2030 3390 2031 3390 2032 3391 2033 3391 2034 3391 2034 3392 2033 3392 2035 3392 2030 3393 2036 3393 2031 3393 2031 3394 2036 3394 2037 3394 2031 3395 2037 3395 2038 3395 2038 3396 2037 3396 2039 3396 2038 3397 2039 3397 2035 3397 2035 3398 2039 3398 2040 3398 2035 3399 2040 3399 2034 3399 2032 3400 2041 3400 2033 3400 2033 3401 2041 3401 2042 3401 2033 3402 2042 3402 2043 3402 2043 3403 2042 3403 2044 3403 2043 3404 2044 3404 2045 3404 2044 3405 2046 3405 2045 3405 2045 3406 2046 3406 2047 3406 2045 3407 2047 3407 2048 3407 2048 3408 2047 3408 2049 3408 2049 3409 2050 3409 2048 3409 2048 3410 2050 3410 2051 3410 2048 3411 2051 3411 2052 3411 2051 3412 2053 3412 2052 3412 2052 3413 2053 3413 2054 3413 2052 3414 2054 3414 2055 3414 2055 3415 2054 3415 2056 3415 2057 3416 2058 3416 2056 3416 2056 3417 2058 3417 2059 3417 2056 3418 2059 3418 2055 3418 2060 3419 2061 3419 2062 3419 2062 3420 2061 3420 2063 3420 2062 3421 2063 3421 2057 3421 2057 3422 2063 3422 2064 3422 2057 3423 2064 3423 2058 3423 2065 3424 2066 3424 2067 3424 2067 3425 2066 3425 2068 3425 2067 3426 2068 3426 2062 3426 2062 3427 2068 3427 2069 3427 2062 3428 2069 3428 2060 3428 2070 3429 2071 3429 2072 3429 2072 3430 2071 3430 2073 3430 2072 3431 2073 3431 2067 3431 2067 3432 2073 3432 2074 3432 2067 3433 2074 3433 2065 3433 2075 3434 2076 3434 2077 3434 2077 3435 2078 3435 2075 3435 2075 3436 2078 3436 2079 3436 2075 3437 2079 3437 2072 3437 2072 3438 2079 3438 2080 3438 2072 3439 2080 3439 2070 3439 2076 3440 2075 3440 2081 3440 2081 3441 2075 3441 2082 3441 2081 3442 2082 3442 2083 3442 2084 3443 2085 3443 2086 3443 2086 3444 2087 3444 2084 3444 2084 3445 2087 3445 2088 3445 2084 3446 2088 3446 2082 3446 2082 3447 2088 3447 2089 3447 2082 3448 2089 3448 2083 3448 2085 3449 2084 3449 2090 3449 2090 3450 2084 3450 2091 3450 2090 3451 2091 3451 2092 3451 2093 3452 2094 3452 2095 3452 2095 3453 2094 3453 2096 3453 2095 3454 2096 3454 2097 3454 2096 3455 2098 3455 2097 3455 2097 3456 2098 3456 2099 3456 2097 3457 2099 3457 2091 3457 2091 3458 2099 3458 2100 3458 2091 3459 2100 3459 2092 3459 2101 3460 2102 3460 2095 3460 2095 3461 2102 3461 2103 3461 2095 3462 2103 3462 2093 3462 2104 3463 2105 3463 2106 3463 2104 3464 2106 3464 2101 3464 2101 3465 2106 3465 2107 3465 2101 3466 2107 3466 2108 3466 2108 3467 2109 3467 2101 3467 2101 3468 2109 3468 2110 3468 2101 3469 2110 3469 2102 3469 2111 3470 2112 3470 2104 3470 2104 3471 2112 3471 2113 3471 2104 3472 2113 3472 2105 3472 2114 3473 2115 3473 2116 3473 2116 3474 2115 3474 2117 3474 2117 3475 2118 3475 2116 3475 2116 3476 2118 3476 2119 3476 2116 3477 2119 3477 2111 3477 2111 3478 2119 3478 2120 3478 2111 3479 2120 3479 2112 3479 2017 3480 2121 3480 2018 3480 2018 3481 2121 3481 2122 3481 2018 3482 2122 3482 2114 3482 2114 3483 2122 3483 2123 3483 2114 3484 2123 3484 2115 3484 2016 3485 2018 3485 2124 3485 2124 3486 2018 3486 2125 3486 2124 3487 2125 3487 2126 3487 2127 3488 2128 3488 2125 3488 2125 3489 2128 3489 2129 3489 2125 3490 2129 3490 2126 3490 2130 3491 2131 3491 2127 3491 2127 3492 2131 3492 2132 3492 2127 3493 2132 3493 2128 3493 2133 3494 2134 3494 2130 3494 2130 3495 2134 3495 2135 3495 2130 3496 2135 3496 2131 3496 2133 3497 2130 3497 2136 3497 2136 3498 2130 3498 2137 3498 2136 3499 2137 3499 2138 3499 2139 3500 2140 3500 2137 3500 2137 3501 2140 3501 2141 3501 2137 3502 2141 3502 2138 3502 2139 3503 2137 3503 2142 3503 2142 3504 2137 3504 2143 3504 2142 3505 2143 3505 2144 3505 2145 3506 2146 3506 2143 3506 2143 3507 2146 3507 2147 3507 2143 3508 2147 3508 2144 3508 2148 3509 2149 3509 2150 3509 2150 3510 2149 3510 2151 3510 2150 3511 2151 3511 2145 3511 2145 3512 2151 3512 2152 3512 2145 3513 2152 3513 2146 3513 2153 3514 2154 3514 2150 3514 2150 3515 2154 3515 2155 3515 2150 3516 2155 3516 2148 3516 2156 3517 2157 3517 2153 3517 2153 3518 2157 3518 2158 3518 2153 3519 2158 3519 2154 3519 2153 3520 2159 3520 2156 3520 2156 3521 2159 3521 2160 3521 2156 3522 2160 3522 2161 3522 2161 3523 2160 3523 2162 3523 2162 3524 2160 3524 2163 3524 2163 3525 2160 3525 2164 3525 2163 3526 2164 3526 2165 3526 2015 3527 2166 3527 2164 3527 2164 3528 2166 3528 2167 3528 2164 3529 2167 3529 2165 3529 2014 3530 2168 3530 2015 3530 2015 3531 2168 3531 2169 3531 2015 3532 2169 3532 2166 3532 2013 3533 2015 3533 2170 3533 2170 3534 2015 3534 2171 3534 2170 3535 2171 3535 2172 3535 2173 3536 2174 3536 2175 3536 2175 3537 2176 3537 2173 3537 2173 3538 2176 3538 2177 3538 2173 3539 2177 3539 2171 3539 2171 3540 2177 3540 2178 3540 2171 3541 2178 3541 2172 3541 2179 3542 1688 3542 1687 3542 2173 3543 2179 3543 2174 3543 2174 3544 2179 3544 1687 3544 2174 3545 1687 3545 2180 3545 2180 3546 1687 3546 1689 3546 1984 3547 1982 3547 2008 3547 2008 3548 1982 3548 2009 3548 1985 3549 2012 3549 1980 3549 1980 3550 2012 3550 2011 3550 1980 3551 2011 3551 1982 3551 1982 3552 2011 3552 2010 3552 1982 3553 2010 3553 2009 3553 2002 3554 2001 3554 1976 3554 2002 3555 1976 3555 2003 3555 2003 3556 1976 3556 1975 3556 2003 3557 1975 3557 2004 3557 2008 3558 2007 3558 1984 3558 1984 3559 2007 3559 2006 3559 1984 3560 2006 3560 1975 3560 1975 3561 2006 3561 2005 3561 1975 3562 2005 3562 2004 3562 1546 3563 2181 3563 2182 3563 2181 3564 2054 3564 2182 3564 2182 3565 2054 3565 2053 3565 2182 3566 2053 3566 2051 3566 1690 3567 1688 3567 2179 3567 2183 3568 1692 3568 1690 3568 1693 3569 1572 3569 1694 3569 1694 3570 1572 3570 1569 3570 2184 3571 2181 3571 1546 3571 1690 3572 2179 3572 2183 3572 2183 3573 2179 3573 2173 3573 2183 3574 2173 3574 2185 3574 2185 3575 2173 3575 2171 3575 2185 3576 2171 3576 2186 3576 2186 3577 2171 3577 2015 3577 2186 3578 2015 3578 2187 3578 2187 3579 2015 3579 2164 3579 2187 3580 2164 3580 2188 3580 2188 3581 2164 3581 2160 3581 2188 3582 2160 3582 2189 3582 2189 3583 2160 3583 2159 3583 2189 3584 2159 3584 2190 3584 2190 3585 2159 3585 2153 3585 2190 3586 2153 3586 2191 3586 2153 3587 2150 3587 2191 3587 2191 3588 2150 3588 2145 3588 2191 3589 2145 3589 2192 3589 2145 3590 2143 3590 2192 3590 2192 3591 2143 3591 2137 3591 2192 3592 2137 3592 2193 3592 2193 3593 2137 3593 2130 3593 2193 3594 2130 3594 2194 3594 2194 3595 2130 3595 2127 3595 2194 3596 2127 3596 2195 3596 2195 3597 2127 3597 2125 3597 2195 3598 2125 3598 2196 3598 2125 3599 2018 3599 2196 3599 2196 3600 2018 3600 2114 3600 2196 3601 2114 3601 2197 3601 2114 3602 2116 3602 2197 3602 2197 3603 2116 3603 2111 3603 2197 3604 2111 3604 2198 3604 2198 3605 2111 3605 2104 3605 2198 3606 2104 3606 2199 3606 2104 3607 2101 3607 2199 3607 2199 3608 2101 3608 2095 3608 2199 3609 2095 3609 2200 3609 2200 3610 2095 3610 2097 3610 2200 3611 2097 3611 2201 3611 2201 3612 2097 3612 2091 3612 2201 3613 2091 3613 2202 3613 2203 3614 1553 3614 2202 3614 2202 3615 1553 3615 1561 3615 2202 3616 1561 3616 2201 3616 2201 3617 1561 3617 1560 3617 2201 3618 1560 3618 2200 3618 2200 3619 1560 3619 1558 3619 2200 3620 1558 3620 2199 3620 2199 3621 1558 3621 1557 3621 2199 3622 1557 3622 2198 3622 2198 3623 1557 3623 1567 3623 2198 3624 1567 3624 2197 3624 2197 3625 1567 3625 1566 3625 2197 3626 1566 3626 2196 3626 2196 3627 1566 3627 1565 3627 2196 3628 1565 3628 2195 3628 2195 3629 1565 3629 1564 3629 2195 3630 1564 3630 2194 3630 2194 3631 1564 3631 1563 3631 2194 3632 1563 3632 2193 3632 2193 3633 1563 3633 1580 3633 2193 3634 1580 3634 2192 3634 2192 3635 1580 3635 1579 3635 2192 3636 1579 3636 2191 3636 2191 3637 1579 3637 1578 3637 2191 3638 1578 3638 2190 3638 2190 3639 1578 3639 1577 3639 2190 3640 1577 3640 2189 3640 2189 3641 1577 3641 1576 3641 2189 3642 1576 3642 2188 3642 2188 3643 1576 3643 1575 3643 2188 3644 1575 3644 2187 3644 2187 3645 1575 3645 1574 3645 2187 3646 1574 3646 2186 3646 2186 3647 1574 3647 1573 3647 2186 3648 1573 3648 2185 3648 2185 3649 1573 3649 1572 3649 2185 3650 1572 3650 2183 3650 2183 3651 1572 3651 1693 3651 2183 3652 1693 3652 1692 3652 2091 3653 2084 3653 2202 3653 2202 3654 2084 3654 2082 3654 2202 3655 2082 3655 2203 3655 2203 3656 2082 3656 2075 3656 2203 3657 2075 3657 2204 3657 2204 3658 1556 3658 2203 3658 2203 3659 1556 3659 1555 3659 2203 3660 1555 3660 1553 3660 1551 3661 1550 3661 2204 3661 2204 3662 1550 3662 1548 3662 2204 3663 1548 3663 1556 3663 2054 3664 2181 3664 2056 3664 2056 3665 2181 3665 2184 3665 2056 3666 2184 3666 2057 3666 2057 3667 2184 3667 2205 3667 2057 3668 2205 3668 2062 3668 2062 3669 2205 3669 2206 3669 2062 3670 2206 3670 2067 3670 2067 3671 2206 3671 2207 3671 2067 3672 2207 3672 2072 3672 2075 3673 2072 3673 2204 3673 2204 3674 2072 3674 2207 3674 2204 3675 2207 3675 1551 3675 1551 3676 2207 3676 2206 3676 1551 3677 2206 3677 1659 3677 1659 3678 2206 3678 2205 3678 1659 3679 2205 3679 1660 3679 1660 3680 2205 3680 2184 3680 1660 3681 2184 3681 1544 3681 1544 3682 2184 3682 1546 3682 2023 3683 2021 3683 2208 3683 1519 3684 1546 3684 2182 3684 1520 3685 1527 3685 2209 3685 2209 3686 1527 3686 1526 3686 2209 3687 1526 3687 2210 3687 2210 3688 1526 3688 1524 3688 2210 3689 1524 3689 2211 3689 1524 3690 1523 3690 2211 3690 2211 3691 1523 3691 1537 3691 2211 3692 1537 3692 2212 3692 2212 3693 1537 3693 1534 3693 2212 3694 1534 3694 2213 3694 2213 3695 1534 3695 1533 3695 2213 3696 1533 3696 2214 3696 2214 3697 1533 3697 1542 3697 2214 3698 1542 3698 2215 3698 2215 3699 1542 3699 1541 3699 2215 3700 1541 3700 2216 3700 2216 3701 1541 3701 1540 3701 2216 3702 1540 3702 2217 3702 2217 3703 1540 3703 1539 3703 2217 3704 1539 3704 2218 3704 2218 3705 1539 3705 1538 3705 2218 3706 1538 3706 2219 3706 2219 3707 1538 3707 1532 3707 2219 3708 1532 3708 2220 3708 2220 3709 1532 3709 1531 3709 2220 3710 1531 3710 2221 3710 2221 3711 1531 3711 1529 3711 2221 3712 1529 3712 2222 3712 2222 3713 1529 3713 1528 3713 2222 3714 1528 3714 2223 3714 2223 3715 1528 3715 1536 3715 2223 3716 1536 3716 2224 3716 2225 3717 2047 3717 2226 3717 2226 3718 2047 3718 2046 3718 2226 3719 2046 3719 2224 3719 2224 3720 2046 3720 2044 3720 2224 3721 2044 3721 2223 3721 2223 3722 2044 3722 2042 3722 2223 3723 2042 3723 2222 3723 2222 3724 2042 3724 2041 3724 2222 3725 2041 3725 2221 3725 2221 3726 2041 3726 2032 3726 2221 3727 2032 3727 2220 3727 2220 3728 2032 3728 2034 3728 2220 3729 2034 3729 2219 3729 2219 3730 2034 3730 2040 3730 2219 3731 2040 3731 2218 3731 2218 3732 2040 3732 2039 3732 2218 3733 2039 3733 2217 3733 2217 3734 2039 3734 2037 3734 2217 3735 2037 3735 2216 3735 2216 3736 2037 3736 2036 3736 2216 3737 2036 3737 2215 3737 2215 3738 2036 3738 2030 3738 2215 3739 2030 3739 2214 3739 2214 3740 2030 3740 2029 3740 2214 3741 2029 3741 2213 3741 2213 3742 2029 3742 2027 3742 2213 3743 2027 3743 2212 3743 2212 3744 2027 3744 2026 3744 2212 3745 2026 3745 2211 3745 2211 3746 2026 3746 2025 3746 2211 3747 2025 3747 2210 3747 2210 3748 2025 3748 2023 3748 2210 3749 2023 3749 2209 3749 2209 3750 2023 3750 2208 3750 2209 3751 2208 3751 1520 3751 1536 3752 1535 3752 2224 3752 2224 3753 1535 3753 1522 3753 2224 3754 1522 3754 2226 3754 2226 3755 1522 3755 1521 3755 2226 3756 1521 3756 2225 3756 2225 3757 1521 3757 1519 3757 2225 3758 1519 3758 2227 3758 2227 3759 1519 3759 2182 3759 2182 3760 2051 3760 2227 3760 2227 3761 2051 3761 2050 3761 2227 3762 2050 3762 2225 3762 2225 3763 2050 3763 2049 3763 2225 3764 2049 3764 2047 3764 1520 3765 2208 3765 1972 3765 1979 3766 1972 3766 2019 3766 2019 3767 1972 3767 2208 3767 2019 3768 2208 3768 2021 3768 1117 3769 1987 3769 2228 3769 2022 3770 2228 3770 2020 3770 2020 3771 2228 3771 1987 3771 2020 3772 1987 3772 1986 3772 2229 3773 2230 3773 283 3773 283 3774 2230 3774 285 3774 285 3775 2230 3775 2231 3775 285 3776 2231 3776 286 3776 278 3777 279 3777 2180 3777 2180 3778 279 3778 287 3778 2180 3779 287 3779 2174 3779 1689 3780 1686 3780 2180 3780 2180 3781 1686 3781 293 3781 293 3782 277 3782 2180 3782 2180 3783 277 3783 276 3783 2180 3784 276 3784 278 3784 2232 3785 2233 3785 2052 3785 283 3786 1008 3786 2229 3786 2229 3787 1008 3787 1016 3787 2229 3788 1016 3788 2234 3788 2234 3789 1016 3789 1015 3789 2234 3790 1015 3790 2235 3790 2235 3791 1015 3791 1014 3791 2235 3792 1014 3792 2236 3792 2236 3793 1014 3793 1013 3793 2236 3794 1013 3794 2237 3794 2237 3795 1013 3795 1012 3795 2237 3796 1012 3796 2238 3796 2238 3797 1012 3797 1009 3797 2238 3798 1009 3798 2239 3798 2239 3799 1009 3799 1010 3799 2239 3800 1010 3800 2240 3800 2240 3801 1010 3801 1011 3801 2240 3802 1011 3802 2241 3802 2241 3803 1011 3803 1004 3803 2241 3804 1004 3804 2242 3804 2242 3805 1004 3805 1005 3805 2242 3806 1005 3806 2243 3806 2243 3807 1005 3807 1006 3807 2243 3808 1006 3808 2244 3808 2244 3809 1006 3809 1007 3809 2244 3810 1007 3810 2245 3810 2245 3811 1007 3811 1003 3811 2245 3812 1003 3812 2246 3812 2246 3813 1003 3813 1002 3813 2246 3814 1002 3814 2247 3814 2247 3815 1002 3815 1000 3815 2247 3816 1000 3816 2248 3816 2248 3817 1000 3817 999 3817 2248 3818 999 3818 2249 3818 2249 3819 999 3819 1001 3819 2249 3820 1001 3820 2250 3820 2250 3821 1001 3821 1032 3821 2250 3822 1032 3822 2251 3822 2251 3823 1032 3823 1031 3823 2251 3824 1031 3824 2252 3824 1031 3825 1030 3825 2252 3825 2252 3826 1030 3826 1029 3826 2252 3827 1029 3827 2253 3827 2253 3828 1029 3828 1028 3828 2253 3829 1028 3829 2254 3829 2254 3830 1028 3830 1027 3830 2254 3831 1027 3831 2255 3831 2255 3832 1027 3832 1025 3832 2255 3833 1025 3833 2256 3833 2256 3834 2151 3834 2255 3834 2255 3835 2151 3835 2149 3835 2255 3836 2149 3836 2254 3836 2254 3837 2149 3837 2148 3837 2254 3838 2148 3838 2253 3838 2253 3839 2148 3839 2155 3839 2253 3840 2155 3840 2252 3840 2252 3841 2155 3841 2154 3841 2252 3842 2154 3842 2251 3842 2251 3843 2154 3843 2158 3843 2251 3844 2158 3844 2250 3844 2250 3845 2158 3845 2157 3845 2250 3846 2157 3846 2249 3846 2249 3847 2157 3847 2156 3847 2249 3848 2156 3848 2248 3848 2248 3849 2156 3849 2161 3849 2248 3850 2161 3850 2247 3850 2247 3851 2161 3851 2162 3851 2247 3852 2162 3852 2246 3852 2246 3853 2162 3853 2163 3853 2246 3854 2163 3854 2245 3854 2245 3855 2163 3855 2165 3855 2245 3856 2165 3856 2244 3856 2244 3857 2165 3857 2167 3857 2244 3858 2167 3858 2243 3858 2243 3859 2167 3859 2166 3859 2243 3860 2166 3860 2242 3860 2242 3861 2166 3861 2169 3861 2242 3862 2169 3862 2241 3862 2241 3863 2169 3863 2168 3863 2241 3864 2168 3864 2240 3864 2240 3865 2168 3865 2014 3865 2240 3866 2014 3866 2239 3866 2239 3867 2014 3867 2013 3867 2239 3868 2013 3868 2238 3868 2238 3869 2013 3869 2170 3869 2238 3870 2170 3870 2237 3870 2237 3871 2170 3871 2172 3871 2237 3872 2172 3872 2236 3872 2236 3873 2172 3873 2178 3873 2236 3874 2178 3874 2235 3874 2235 3875 2178 3875 2177 3875 2235 3876 2177 3876 2234 3876 2234 3877 2177 3877 2176 3877 2234 3878 2176 3878 2229 3878 2229 3879 2176 3879 2175 3879 2229 3880 2175 3880 2230 3880 2230 3881 2175 3881 2174 3881 2230 3882 2174 3882 2231 3882 2231 3883 2174 3883 287 3883 2231 3884 287 3884 286 3884 2147 3885 2146 3885 2256 3885 2256 3886 2146 3886 2152 3886 2256 3887 2152 3887 2151 3887 2257 3888 1024 3888 1023 3888 2257 3889 1023 3889 2258 3889 2258 3890 1023 3890 1022 3890 2258 3891 1022 3891 2259 3891 2259 3892 1022 3892 1020 3892 2259 3893 1020 3893 2260 3893 2260 3894 1020 3894 1018 3894 2260 3895 1018 3895 2261 3895 2261 3896 1018 3896 1017 3896 2261 3897 1017 3897 2262 3897 1017 3898 1044 3898 2262 3898 2262 3899 1044 3899 1043 3899 2262 3900 1043 3900 2263 3900 2263 3901 1043 3901 1042 3901 2263 3902 1042 3902 2264 3902 2264 3903 1042 3903 1034 3903 2264 3904 1034 3904 2265 3904 2265 3905 1034 3905 1033 3905 2265 3906 1033 3906 2266 3906 2266 3907 1033 3907 1041 3907 2266 3908 1041 3908 2267 3908 2267 3909 1041 3909 1040 3909 2267 3910 1040 3910 2268 3910 2268 3911 1040 3911 1039 3911 2268 3912 1039 3912 2269 3912 2269 3913 1039 3913 1038 3913 2269 3914 1038 3914 2270 3914 2270 3915 1038 3915 1037 3915 2270 3916 1037 3916 2271 3916 2271 3917 1037 3917 1049 3917 2271 3918 1049 3918 2272 3918 1049 3919 1048 3919 2272 3919 2272 3920 1048 3920 1046 3920 2272 3921 1046 3921 2273 3921 2273 3922 1046 3922 1045 3922 2273 3923 1045 3923 2274 3923 2274 3924 1045 3924 1056 3924 2274 3925 1056 3925 2275 3925 2275 3926 1056 3926 1055 3926 2275 3927 1055 3927 2276 3927 2276 3928 1055 3928 1054 3928 2276 3929 1054 3929 2277 3929 2277 3930 1054 3930 1051 3930 2277 3931 1051 3931 2278 3931 2278 3932 1051 3932 1050 3932 2278 3933 1050 3933 2279 3933 2279 3934 1050 3934 1053 3934 2279 3935 1053 3935 2280 3935 2280 3936 1053 3936 1059 3936 2280 3937 1059 3937 2281 3937 2281 3938 1059 3938 1058 3938 2281 3939 1058 3939 2282 3939 1058 3940 1065 3940 2282 3940 2282 3941 1065 3941 1064 3941 2282 3942 1064 3942 2283 3942 2283 3943 1064 3943 1063 3943 2283 3944 1063 3944 2284 3944 2284 3945 1063 3945 1061 3945 2284 3946 1061 3946 2285 3946 2285 3947 1061 3947 1060 3947 2285 3948 1060 3948 2286 3948 2286 3949 1060 3949 1071 3949 2286 3950 1071 3950 2287 3950 2287 3951 1071 3951 1070 3951 2287 3952 1070 3952 2288 3952 2288 3953 1070 3953 1069 3953 2288 3954 1069 3954 2289 3954 2289 3955 1069 3955 1068 3955 2289 3956 1068 3956 2290 3956 2290 3957 1068 3957 1067 3957 2290 3958 1067 3958 2291 3958 2291 3959 1067 3959 1074 3959 2291 3960 1074 3960 2292 3960 1074 3961 1073 3961 2292 3961 2292 3962 1073 3962 1072 3962 2292 3963 1072 3963 2293 3963 2293 3964 1072 3964 996 3964 2293 3965 996 3965 2294 3965 2294 3966 996 3966 995 3966 2294 3967 995 3967 2295 3967 2295 3968 995 3968 1082 3968 2295 3969 1082 3969 2296 3969 2296 3970 1082 3970 1081 3970 2296 3971 1081 3971 2297 3971 2297 3972 1081 3972 1080 3972 2297 3973 1080 3973 2298 3973 2298 3974 1080 3974 1079 3974 2298 3975 1079 3975 2299 3975 2299 3976 1079 3976 1078 3976 2299 3977 1078 3977 2300 3977 2300 3978 1078 3978 1076 3978 1075 3979 2301 3979 1076 3979 1076 3980 2301 3980 2302 3980 1076 3981 2302 3981 2300 3981 1075 3982 1088 3982 2301 3982 2301 3983 1088 3983 1087 3983 2301 3984 1087 3984 2303 3984 2303 3985 1087 3985 1086 3985 2303 3986 1086 3986 2304 3986 2304 3987 1086 3987 1085 3987 2304 3988 1085 3988 2305 3988 2305 3989 1085 3989 1084 3989 2305 3990 1084 3990 2306 3990 2306 3991 1084 3991 1083 3991 2306 3992 1083 3992 2307 3992 2307 3993 1083 3993 993 3993 2307 3994 993 3994 2308 3994 2308 3995 993 3995 992 3995 2308 3996 992 3996 2309 3996 2309 3997 992 3997 1089 3997 2309 3998 1089 3998 2310 3998 2310 3999 1089 3999 1091 3999 2310 4000 1091 4000 2311 4000 1091 4001 1094 4001 2311 4001 2311 4002 1094 4002 1093 4002 2311 4003 1093 4003 2312 4003 2312 4004 1093 4004 1092 4004 2312 4005 1092 4005 2313 4005 2313 4006 1092 4006 990 4006 2313 4007 990 4007 2314 4007 2314 4008 990 4008 989 4008 2314 4009 989 4009 2315 4009 2315 4010 989 4010 1097 4010 2315 4011 1097 4011 2316 4011 2316 4012 1097 4012 1096 4012 2316 4013 1096 4013 2317 4013 2317 4014 1096 4014 1095 4014 2317 4015 1095 4015 2318 4015 2318 4016 1095 4016 1098 4016 2318 4017 1098 4017 2319 4017 2319 4018 1098 4018 1100 4018 2319 4019 1100 4019 2320 4019 2320 4020 1100 4020 1114 4020 2320 4021 1114 4021 2321 4021 1114 4022 1113 4022 2321 4022 2321 4023 1113 4023 1112 4023 2321 4024 1112 4024 2322 4024 2322 4025 1112 4025 1111 4025 2322 4026 1111 4026 2323 4026 2323 4027 1111 4027 1110 4027 2323 4028 1110 4028 2324 4028 2324 4029 1110 4029 1109 4029 2324 4030 1109 4030 2325 4030 2325 4031 1109 4031 1107 4031 2325 4032 1107 4032 2326 4032 2326 4033 1107 4033 1106 4033 2326 4034 1106 4034 2327 4034 2327 4035 1106 4035 1101 4035 2327 4036 1101 4036 2232 4036 2232 4037 1101 4037 1103 4037 2232 4038 1103 4038 2233 4038 2233 4039 1103 4039 1105 4039 1025 4040 1024 4040 2256 4040 2256 4041 1024 4041 2257 4041 2256 4042 2257 4042 2147 4042 2147 4043 2257 4043 2258 4043 2147 4044 2258 4044 2144 4044 2144 4045 2258 4045 2259 4045 2144 4046 2259 4046 2142 4046 2142 4047 2259 4047 2260 4047 2142 4048 2260 4048 2139 4048 2139 4049 2260 4049 2261 4049 2139 4050 2261 4050 2140 4050 2140 4051 2261 4051 2262 4051 2140 4052 2262 4052 2141 4052 2141 4053 2262 4053 2263 4053 2141 4054 2263 4054 2138 4054 2138 4055 2263 4055 2264 4055 2138 4056 2264 4056 2136 4056 2136 4057 2264 4057 2265 4057 2136 4058 2265 4058 2133 4058 2133 4059 2265 4059 2266 4059 2133 4060 2266 4060 2134 4060 2134 4061 2266 4061 2267 4061 2134 4062 2267 4062 2135 4062 2135 4063 2267 4063 2268 4063 2135 4064 2268 4064 2131 4064 2131 4065 2268 4065 2269 4065 2131 4066 2269 4066 2132 4066 2132 4067 2269 4067 2270 4067 2132 4068 2270 4068 2128 4068 2128 4069 2270 4069 2271 4069 2128 4070 2271 4070 2129 4070 2129 4071 2271 4071 2272 4071 2129 4072 2272 4072 2126 4072 2126 4073 2272 4073 2273 4073 2126 4074 2273 4074 2124 4074 2124 4075 2273 4075 2274 4075 2124 4076 2274 4076 2016 4076 2016 4077 2274 4077 2275 4077 2016 4078 2275 4078 2017 4078 2017 4079 2275 4079 2276 4079 2017 4080 2276 4080 2121 4080 2121 4081 2276 4081 2277 4081 2121 4082 2277 4082 2122 4082 2122 4083 2277 4083 2278 4083 2122 4084 2278 4084 2123 4084 2123 4085 2278 4085 2279 4085 2123 4086 2279 4086 2115 4086 2115 4087 2279 4087 2280 4087 2115 4088 2280 4088 2117 4088 2117 4089 2280 4089 2281 4089 2117 4090 2281 4090 2118 4090 2118 4091 2281 4091 2282 4091 2118 4092 2282 4092 2119 4092 2119 4093 2282 4093 2283 4093 2119 4094 2283 4094 2120 4094 2120 4095 2283 4095 2284 4095 2120 4096 2284 4096 2112 4096 2112 4097 2284 4097 2285 4097 2112 4098 2285 4098 2113 4098 2113 4099 2285 4099 2286 4099 2113 4100 2286 4100 2105 4100 2105 4101 2286 4101 2287 4101 2105 4102 2287 4102 2106 4102 2106 4103 2287 4103 2288 4103 2106 4104 2288 4104 2107 4104 2107 4105 2288 4105 2289 4105 2107 4106 2289 4106 2108 4106 2108 4107 2289 4107 2290 4107 2108 4108 2290 4108 2109 4108 2109 4109 2290 4109 2291 4109 2109 4110 2291 4110 2110 4110 2110 4111 2291 4111 2292 4111 2110 4112 2292 4112 2102 4112 2102 4113 2292 4113 2293 4113 2102 4114 2293 4114 2103 4114 2103 4115 2293 4115 2294 4115 2103 4116 2294 4116 2093 4116 2093 4117 2294 4117 2295 4117 2093 4118 2295 4118 2094 4118 2094 4119 2295 4119 2296 4119 2094 4120 2296 4120 2096 4120 2096 4121 2296 4121 2297 4121 2096 4122 2297 4122 2098 4122 2098 4123 2297 4123 2298 4123 2098 4124 2298 4124 2099 4124 2099 4125 2298 4125 2299 4125 2099 4126 2299 4126 2100 4126 2100 4127 2299 4127 2300 4127 2100 4128 2300 4128 2092 4128 2092 4129 2300 4129 2302 4129 2092 4130 2302 4130 2090 4130 2090 4131 2302 4131 2301 4131 2090 4132 2301 4132 2085 4132 2085 4133 2301 4133 2303 4133 2085 4134 2303 4134 2086 4134 2086 4135 2303 4135 2304 4135 2086 4136 2304 4136 2087 4136 2087 4137 2304 4137 2305 4137 2087 4138 2305 4138 2088 4138 2088 4139 2305 4139 2306 4139 2088 4140 2306 4140 2089 4140 2089 4141 2306 4141 2307 4141 2089 4142 2307 4142 2083 4142 2083 4143 2307 4143 2308 4143 2083 4144 2308 4144 2081 4144 2081 4145 2308 4145 2309 4145 2081 4146 2309 4146 2076 4146 2076 4147 2309 4147 2310 4147 2076 4148 2310 4148 2077 4148 2077 4149 2310 4149 2311 4149 2077 4150 2311 4150 2078 4150 2078 4151 2311 4151 2312 4151 2078 4152 2312 4152 2079 4152 2079 4153 2312 4153 2313 4153 2079 4154 2313 4154 2080 4154 2080 4155 2313 4155 2314 4155 2080 4156 2314 4156 2070 4156 2070 4157 2314 4157 2315 4157 2070 4158 2315 4158 2071 4158 2071 4159 2315 4159 2316 4159 2071 4160 2316 4160 2073 4160 2073 4161 2316 4161 2317 4161 2073 4162 2317 4162 2074 4162 2074 4163 2317 4163 2318 4163 2074 4164 2318 4164 2065 4164 2065 4165 2318 4165 2319 4165 2065 4166 2319 4166 2066 4166 2066 4167 2319 4167 2320 4167 2066 4168 2320 4168 2068 4168 2068 4169 2320 4169 2321 4169 2068 4170 2321 4170 2069 4170 2069 4171 2321 4171 2322 4171 2069 4172 2322 4172 2060 4172 2060 4173 2322 4173 2323 4173 2060 4174 2323 4174 2061 4174 2061 4175 2323 4175 2324 4175 2061 4176 2324 4176 2063 4176 2063 4177 2324 4177 2325 4177 2063 4178 2325 4178 2064 4178 2064 4179 2325 4179 2326 4179 2064 4180 2326 4180 2058 4180 2058 4181 2326 4181 2327 4181 2058 4182 2327 4182 2059 4182 2059 4183 2327 4183 2232 4183 2059 4184 2232 4184 2055 4184 2055 4185 2232 4185 2052 4185 2328 4186 2045 4186 2329 4186 2329 4187 2045 4187 2048 4187 2022 4188 2330 4188 2228 4188 2228 4189 2330 4189 1115 4189 2228 4190 1115 4190 1117 4190 2329 4191 1105 4191 2328 4191 2328 4192 1105 4192 1120 4192 2328 4193 1120 4193 2331 4193 2331 4194 1120 4194 1122 4194 2332 4195 2035 4195 2331 4195 2331 4196 2035 4196 2033 4196 2331 4197 2033 4197 2328 4197 2328 4198 2033 4198 2043 4198 2328 4199 2043 4199 2045 4199 1122 4200 1124 4200 2331 4200 2331 4201 1124 4201 1126 4201 2331 4202 1126 4202 2332 4202 2332 4203 1126 4203 1128 4203 2332 4204 1128 4204 2333 4204 2333 4205 1128 4205 1130 4205 2333 4206 1130 4206 2330 4206 2330 4207 1130 4207 1132 4207 2330 4208 1132 4208 1115 4208 2022 4209 2024 4209 2330 4209 2330 4210 2024 4210 2028 4210 2330 4211 2028 4211 2333 4211 2333 4212 2028 4212 2031 4212 2333 4213 2031 4213 2332 4213 2332 4214 2031 4214 2038 4214 2332 4215 2038 4215 2035 4215 1105 4216 2329 4216 2233 4216 2233 4217 2329 4217 2048 4217 2233 4218 2048 4218 2052 4218 440 4219 561 4219 625 4219 625 4220 561 4220 560 4220 625 4221 560 4221 626 4221 626 4222 560 4222 559 4222 626 4223 559 4223 623 4223 623 4224 559 4224 557 4224 623 4225 557 4225 624 4225 624 4226 557 4226 556 4226 624 4227 556 4227 622 4227 622 4228 556 4228 342 4228 622 4229 342 4229 620 4229 620 4230 342 4230 341 4230 620 4231 341 4231 618 4231 618 4232 341 4232 339 4232 618 4233 339 4233 607 4233 607 4234 339 4234 338 4234 338 4235 357 4235 2334 4235 607 4236 338 4236 608 4236 608 4237 338 4237 2334 4237 608 4238 2334 4238 610 4238 2334 4239 357 4239 356 4239 610 4240 2334 4240 2335 4240 2334 4241 356 4241 2335 4241 2335 4242 356 4242 350 4242 2335 4243 350 4243 2336 4243 2336 4244 350 4244 352 4244 2336 4245 352 4245 2337 4245 2337 4246 352 4246 353 4246 2337 4247 353 4247 2338 4247 2338 4248 353 4248 354 4248 2338 4249 354 4249 2339 4249 2339 4250 354 4250 359 4250 2339 4251 359 4251 2340 4251 2340 4252 359 4252 358 4252 2340 4253 358 4253 2341 4253 610 4254 2335 4254 700 4254 700 4255 2335 4255 2336 4255 700 4256 2336 4256 699 4256 699 4257 2336 4257 2337 4257 699 4258 2337 4258 693 4258 693 4259 2337 4259 2338 4259 693 4260 2338 4260 694 4260 694 4261 2338 4261 2339 4261 694 4262 2339 4262 697 4262 697 4263 2339 4263 2340 4263 697 4264 2340 4264 698 4264 698 4265 2340 4265 2341 4265 698 4266 2341 4266 29 4266 2341 4267 358 4267 347 4267 30 4268 29 4268 2342 4268 2342 4269 29 4269 2341 4269 2341 4270 347 4270 2342 4270 2342 4271 347 4271 346 4271 2342 4272 346 4272 2343 4272 2343 4273 346 4273 344 4273 2343 4274 344 4274 2344 4274 30 4275 2342 4275 28 4275 28 4276 2342 4276 2343 4276 28 4277 2343 4277 26 4277 26 4278 2343 4278 2344 4278 26 4279 2344 4279 24 4279 2344 4280 344 4280 591 4280 2344 4281 591 4281 2345 4281 2345 4282 591 4282 592 4282 2345 4283 592 4283 2346 4283 2346 4284 592 4284 593 4284 2346 4285 593 4285 2347 4285 2347 4286 593 4286 597 4286 2347 4287 597 4287 2348 4287 2348 4288 597 4288 596 4288 2348 4289 596 4289 2349 4289 2349 4290 596 4290 595 4290 2349 4291 595 4291 2350 4291 2350 4292 595 4292 594 4292 2350 4293 594 4293 2351 4293 2351 4294 594 4294 600 4294 2351 4295 600 4295 2352 4295 2352 4296 600 4296 599 4296 2352 4297 599 4297 2353 4297 2353 4298 599 4298 598 4298 2353 4299 598 4299 2354 4299 2354 4300 598 4300 4 4300 2354 4301 4 4301 0 4301 24 4302 2344 4302 9 4302 9 4303 2344 4303 2345 4303 9 4304 2345 4304 10 4304 10 4305 2345 4305 2346 4305 10 4306 2346 4306 12 4306 12 4307 2346 4307 2347 4307 12 4308 2347 4308 14 4308 14 4309 2347 4309 2348 4309 14 4310 2348 4310 15 4310 15 4311 2348 4311 2349 4311 15 4312 2349 4312 16 4312 16 4313 2349 4313 2350 4313 16 4314 2350 4314 17 4314 17 4315 2350 4315 2351 4315 17 4316 2351 4316 18 4316 18 4317 2351 4317 2352 4317 18 4318 2352 4318 19 4318 19 4319 2352 4319 2353 4319 19 4320 2353 4320 20 4320 20 4321 2353 4321 2354 4321 20 4322 2354 4322 21 4322 21 4323 2354 4323 0 4323 21 4324 0 4324 2 4324 2355 4325 2356 4325 318 4325 318 4326 2356 4326 2357 4326 318 4327 2357 4327 319 4327 707 4328 793 4328 2355 4328 2355 4328 793 4328 2358 4328 2355 4329 2358 4329 2356 4329 722 4330 724 4330 2359 4330 2359 4331 724 4331 2360 4331 2359 4332 2360 4332 1486 4332 724 4333 726 4333 2360 4333 2360 4334 726 4334 727 4334 2360 4335 727 4335 2361 4335 2361 4336 727 4336 716 4336 2361 4337 716 4337 2362 4337 2362 4338 716 4338 715 4338 2362 4339 715 4339 2363 4339 2363 4340 715 4340 714 4340 2363 4341 714 4341 2364 4341 2364 4342 714 4342 713 4342 2364 4343 713 4343 2365 4343 2365 4344 713 4344 712 4344 2365 4345 712 4345 2366 4345 2366 4346 712 4346 711 4346 2366 4347 711 4347 2367 4347 2367 4348 711 4348 710 4348 2367 4349 710 4349 2368 4349 2368 4350 710 4350 708 4350 2368 4351 708 4351 2369 4351 2369 4352 708 4352 707 4352 2369 4353 707 4353 2355 4353 1486 4354 2360 4354 1711 4354 1711 4355 2360 4355 2361 4355 1711 4356 2361 4356 1712 4356 1712 4357 2361 4357 2362 4357 1712 4358 2362 4358 1713 4358 1713 4359 2362 4359 2363 4359 1713 4360 2363 4360 1714 4360 1714 4361 2363 4361 2364 4361 1714 4362 2364 4362 1708 4362 1708 4363 2364 4363 2365 4363 1708 4364 2365 4364 1707 4364 1707 4365 2365 4365 2366 4365 1707 4366 2366 4366 1709 4366 1709 4367 2366 4367 2367 4367 1709 4368 2367 4368 1710 4368 1710 4369 2367 4369 2368 4369 1710 4370 2368 4370 1706 4370 1706 4371 2368 4371 2369 4371 1706 4372 2369 4372 1705 4372 1705 4373 2369 4373 2355 4373 1705 4374 2355 4374 318 4374 2359 4375 1486 4375 1485 4375 720 4376 722 4376 2370 4376 2370 4377 722 4377 2359 4377 2359 4378 1485 4378 2370 4378 2370 4379 1485 4379 1483 4379 2370 4380 1483 4380 2371 4380 2371 4381 1483 4381 1502 4381 2371 4382 1502 4382 2372 4382 720 4383 2370 4383 706 4383 706 4384 2370 4384 2371 4384 706 4385 2371 4385 703 4385 703 4386 2371 4386 2372 4386 703 4387 2372 4387 704 4387 2373 4388 1727 4388 1812 4388 1498 4389 2373 4389 2374 4389 2373 4390 1812 4390 2374 4390 2374 4391 1812 4391 1811 4391 2374 4392 1811 4392 2375 4392 2375 4393 1811 4393 1810 4393 2375 4394 1810 4394 2376 4394 2376 4395 1810 4395 1808 4395 2376 4396 1808 4396 2377 4396 2377 4397 1808 4397 1807 4397 2377 4398 1807 4398 2378 4398 2378 4399 1807 4399 1813 4399 2378 4400 1813 4400 2379 4400 2379 4401 1813 4401 704 4401 2379 4402 704 4402 2372 4402 1498 4403 2374 4403 1499 4403 1499 4404 2374 4404 2375 4404 1499 4405 2375 4405 1494 4405 1494 4406 2375 4406 2376 4406 1494 4407 2376 4407 1500 4407 1500 4408 2376 4408 2377 4408 1500 4409 2377 4409 1487 4409 1487 4410 2377 4410 2378 4410 1487 4411 2378 4411 1488 4411 1488 4412 2378 4412 2379 4412 1488 4413 2379 4413 1501 4413 1501 4414 2379 4414 2372 4414 1501 4415 2372 4415 1502 4415 2373 4416 1498 4416 1497 4416 1492 4417 1719 4417 1718 4417 1492 4418 1718 4418 1497 4418 1497 4419 1718 4419 1727 4419 1497 4420 1727 4420 2373 4420 1489 4421 1737 4421 1735 4421 1489 4422 1735 4422 1490 4422 1490 4423 1735 4423 1719 4423 1490 4424 1719 4424 1492 4424 1588 4425 1733 4425 1680 4425 1680 4426 1733 4426 1732 4426 1680 4427 1732 4427 1681 4427 1681 4428 1732 4428 1731 4428 1681 4429 1731 4429 1677 4429 1677 4430 1731 4430 1730 4430 1677 4431 1730 4431 1678 4431 1678 4432 1730 4432 1738 4432 1678 4433 1738 4433 1676 4433 1676 4434 1738 4434 1737 4434 1676 4435 1737 4435 1489 4435 381 4436 258 4436 382 4436 382 4437 258 4437 260 4437 382 4438 260 4438 383 4438 383 4439 260 4439 249 4439 383 4440 249 4440 384 4440 384 4441 249 4441 252 4441 384 4442 252 4442 385 4442 385 4443 252 4443 255 4443 385 4444 255 4444 99 4444 258 4445 381 4445 380 4445 258 4446 380 4446 1380 4446 1380 4447 380 4447 379 4447 1380 4448 379 4448 1378 4448 1378 4449 379 4449 378 4449 1378 4450 378 4450 1376 4450 1376 4451 378 4451 377 4451 1376 4452 377 4452 1469 4452 1469 4453 377 4453 375 4453 1469 4454 375 4454 1375 4454 1375 4455 375 4455 373 4455 1375 4456 373 4456 1374 4456 1374 4457 373 4457 372 4457 1374 4458 372 4458 1373 4458 1373 4459 372 4459 369 4459 1373 4460 369 4460 1372 4460 1372 4461 369 4461 368 4461 1372 4462 368 4462 1371 4462 1371 4463 368 4463 573 4463 1371 4464 573 4464 1369 4464 1369 4465 573 4465 572 4465 1369 4466 572 4466 1314 4466 1314 4467 572 4467 571 4467 1314 4468 571 4468 1149 4468 1149 4469 571 4469 570 4469 1149 4470 570 4470 1150 4470 460 4471 1319 4471 574 4471 574 4472 1319 4472 1320 4472 574 4473 1320 4473 566 4473 566 4474 1320 4474 1325 4474 566 4475 1325 4475 567 4475 567 4476 1325 4476 1321 4476 567 4477 1321 4477 569 4477 569 4478 1321 4478 1150 4478 569 4479 1150 4479 570 4479 2380 4480 2381 4480 2382 4480 2382 4481 2381 4481 2383 4481 2380 4482 2384 4482 2381 4482 2381 4483 2384 4483 2385 4483 2381 4484 2385 4484 2386 4484 2387 4485 2388 4485 2389 4485 2389 4486 2388 4486 2390 4486 2389 4487 2390 4487 2391 4487 2391 4488 2392 4488 2389 4488 2389 4489 2392 4489 2393 4489 2389 4490 2393 4490 2394 4490 2386 4491 2387 4491 2381 4491 2381 4492 2387 4492 2389 4492 2381 4493 2389 4493 2395 4493 2395 4494 2389 4494 2396 4494 2395 4495 2396 4495 2397 4495 2397 4496 2396 4496 2398 4496 2397 4497 2398 4497 2399 4497 2399 4498 2398 4498 2400 4498 2399 4499 2400 4499 2401 4499 2401 4500 2400 4500 2402 4500 2401 4501 2402 4501 2403 4501 2403 4502 2402 4502 2404 4502 2405 4503 2388 4503 2406 4503 2406 4504 2388 4504 2387 4504 2406 4505 2387 4505 2407 4505 2407 4506 2387 4506 2408 4506 2409 4507 2383 4507 2410 4507 2410 1054 2383 1054 2411 1054 2412 1054 2413 1054 2414 1054 2414 4508 2413 4508 2415 4508 2414 1054 2415 1054 2410 1054 2410 1054 2415 1054 2416 1054 2410 4509 2416 4509 2409 4509 2403 1054 2417 1054 2401 1054 2401 4510 2417 4510 2399 4510 2383 4511 2381 4511 2411 4511 2411 1054 2381 1054 2395 1054 2411 1054 2395 1054 2417 1054 2417 1054 2395 1054 2397 1054 2417 1054 2397 1054 2399 1054 2418 4512 2419 4512 2420 4512 2421 1054 2422 1054 2423 1054 2423 4513 2422 4513 2424 4513 2423 1054 2424 1054 2414 1054 2414 4514 2424 4514 2425 4514 2414 4515 2425 4515 2412 4515 2426 1054 2427 1054 2428 1054 2423 1054 2429 1054 2421 1054 2421 4516 2429 4516 2420 4516 2421 1054 2420 1054 2430 1054 2430 1054 2420 1054 2419 1054 2428 1054 2427 1054 2431 1054 2418 1054 2420 1054 2427 1054 2427 1054 2420 1054 2432 1054 2427 4517 2432 4517 2431 4517 2433 1054 2434 1054 2435 1054 2428 4518 2436 4518 2426 4518 2426 4519 2436 4519 2433 4519 2426 1054 2433 1054 2437 1054 2437 1054 2433 1054 2435 1054 2438 3021 2439 3021 2440 3021 2441 3021 2442 3021 2443 3021 2443 4520 2442 4520 2444 4520 2445 3021 2446 3021 2398 3021 2444 3021 2447 3021 2443 3021 2443 4521 2447 4521 2448 4521 2443 3021 2448 3021 2440 3021 2440 4522 2448 4522 2449 4522 2398 3021 2396 3021 2445 3021 2445 3021 2396 3021 2389 3021 2445 3021 2389 3021 2441 3021 2441 4523 2389 4523 2394 4523 2441 4524 2394 4524 2442 4524 2404 3021 2402 3021 2446 3021 2446 4525 2402 4525 2400 4525 2446 4526 2400 4526 2398 4526 2450 3021 2451 3021 2438 3021 2450 3021 2438 3021 2452 3021 2451 3021 2453 3021 2438 3021 2438 4527 2453 4527 2454 4527 2438 4528 2454 4528 2455 4528 2455 3021 2456 3021 2438 3021 2438 4529 2456 4529 2457 4529 2438 4530 2457 4530 2458 4530 2449 3021 2459 3021 2440 3021 2440 4531 2459 4531 2460 4531 2440 3021 2460 3021 2438 3021 2438 4532 2460 4532 2461 4532 2438 4533 2461 4533 2452 4533 2462 3021 2463 3021 2458 3021 2458 4534 2463 4534 2464 4534 2458 3021 2464 3021 2438 3021 2390 4535 2388 4535 2405 4535 2465 4536 2392 4536 2405 4536 2405 4537 2392 4537 2391 4537 2405 4538 2391 4538 2390 4538 2465 4539 2466 4539 2392 4539 2392 4540 2466 4540 2467 4540 2392 4541 2467 4541 2393 4541 2393 4542 2467 4542 2468 4542 2468 4543 2469 4543 2393 4543 2393 4544 2469 4544 2442 4544 2393 4545 2442 4545 2394 4545 2470 4546 2382 4546 2471 4546 2471 4547 2382 4547 2383 4547 2471 4548 2383 4548 2472 4548 2472 4549 2383 4549 2409 4549 2470 4550 2473 4550 2382 4550 2382 4551 2473 4551 2474 4551 2382 4552 2474 4552 2380 4552 2380 4553 2474 4553 2475 4553 2380 4554 2475 4554 2384 4554 2384 4555 2475 4555 2476 4555 2384 4556 2476 4556 2385 4556 2385 4557 2476 4557 2386 4557 2386 4558 2476 4558 2387 4558 2387 4559 2476 4559 2477 4559 2387 4560 2477 4560 2408 4560 2478 4561 2479 4561 2480 4561 2480 4562 2479 4562 2481 4562 2480 4563 2481 4563 2482 4563 2482 4563 2481 4563 2483 4563 2482 4564 2483 4564 2484 4564 2484 4564 2483 4564 2485 4564 2484 4565 2485 4565 2486 4565 2486 4565 2485 4565 2487 4565 2486 4566 2487 4566 2488 4566 2488 4567 2487 4567 2489 4567 2488 4568 2489 4568 2490 4568 2490 4569 2489 4569 2491 4569 2490 4570 2491 4570 2492 4570 2492 4571 2491 4571 2493 4571 2492 4572 2493 4572 2494 4572 2494 4573 2493 4573 2495 4573 2494 4574 2495 4574 2496 4574 2496 4574 2495 4574 2497 4574 2496 4575 2497 4575 2498 4575 2498 4576 2497 4576 2499 4576 2498 4577 2499 4577 2500 4577 2500 4578 2499 4578 2501 4578 2500 4579 2501 4579 2502 4579 2502 4580 2501 4580 2503 4580 2502 4581 2503 4581 2504 4581 2504 4581 2503 4581 2505 4581 2504 4582 2505 4582 2506 4582 2506 4582 2505 4582 2507 4582 2508 1054 2509 1054 2510 1054 2511 4583 2512 4583 2513 4583 2514 4584 2515 4584 2510 4584 2513 1054 2516 1054 2511 1054 2511 4585 2516 4585 2517 4585 2511 1054 2517 1054 2518 1054 2517 4586 2519 4586 2518 4586 2518 4587 2519 4587 2520 4587 2518 4588 2520 4588 2521 4588 2521 4589 2522 4589 2518 4589 2518 4590 2522 4590 2523 4590 2518 1054 2523 1054 2510 1054 2510 4591 2523 4591 2524 4591 2510 4592 2524 4592 2514 4592 2525 4593 2508 4593 2526 4593 2526 4594 2508 4594 2510 4594 2526 4595 2510 4595 2527 4595 2527 4596 2510 4596 2515 4596 2528 1054 2511 1054 2529 1054 2529 4597 2511 4597 2530 4597 2529 1054 2530 1054 2531 1054 2532 4598 2512 4598 2533 4598 2533 4599 2512 4599 2511 4599 2533 4600 2511 4600 2534 4600 2534 1054 2511 1054 2528 1054 2535 1054 2536 1054 2537 1054 2538 4601 2539 4601 2526 4601 2540 4602 2541 4602 2542 4602 2542 4603 2541 4603 2543 4603 2542 1054 2543 1054 2544 1054 2544 4604 2545 4604 2542 4604 2542 4605 2545 4605 2546 4605 2542 1054 2546 1054 2547 1054 2547 1054 2548 1054 2542 1054 2542 1054 2548 1054 2549 1054 2542 4606 2549 4606 2530 4606 2530 1054 2549 1054 2550 1054 2530 4607 2550 4607 2531 4607 2536 4608 2551 4608 2537 4608 2537 4609 2551 4609 2552 4609 2537 4610 2552 4610 2553 4610 2552 1054 2554 1054 2555 1054 2538 4611 2526 4611 2537 4611 2537 4612 2526 4612 2556 4612 2537 4613 2556 4613 2535 4613 2555 1054 2557 1054 2552 1054 2552 4614 2557 4614 2558 4614 2552 4615 2558 4615 2553 4615 2539 1054 2559 1054 2526 1054 2526 1054 2559 1054 2560 1054 2526 4616 2560 4616 2561 4616 2561 4617 2562 4617 2526 4617 2526 4618 2562 4618 2563 4618 2526 4619 2563 4619 2525 4619 2564 3021 2565 3021 2566 3021 2566 4620 2565 4620 2567 4620 2566 4621 2567 4621 2568 4621 2569 4622 2570 4622 2571 4622 2571 3021 2570 3021 2572 3021 2573 3021 2574 3021 2575 3021 2576 4623 2577 4623 2578 4623 2578 4624 2577 4624 2566 4624 2578 4625 2566 4625 2579 4625 2579 3021 2566 3021 2568 3021 2569 3021 2580 3021 2570 3021 2570 4626 2580 4626 2581 4626 2570 3021 2581 3021 2566 3021 2566 3021 2581 3021 2582 3021 2566 4627 2582 4627 2564 4627 2583 4628 2584 4628 2585 4628 2585 4629 2584 4629 2586 4629 2583 3021 2587 3021 2584 3021 2584 4630 2587 4630 2588 4630 2584 3021 2588 3021 2570 3021 2570 4631 2588 4631 2589 4631 2570 4632 2589 4632 2572 4632 2576 4633 2590 4633 2577 4633 2577 3021 2590 3021 2591 3021 2577 3021 2591 3021 2575 3021 2575 4634 2591 4634 2592 4634 2575 3021 2592 3021 2573 3021 2574 3021 2593 3021 2575 3021 2575 4635 2593 4635 2594 4635 2575 4636 2594 4636 2595 4636 2595 3021 2596 3021 2575 3021 2575 4637 2596 4637 2597 4637 2575 4638 2597 4638 2598 4638 2584 3021 2599 3021 2586 3021 2586 4639 2599 4639 2600 4639 2586 4640 2600 4640 2601 4640 2601 4641 2602 4641 2586 4641 2586 4642 2602 4642 2603 4642 2586 4643 2603 4643 2604 4643 2605 4644 2606 4644 2586 4644 2586 4645 2606 4645 2607 4645 2586 3021 2607 3021 2608 3021 2608 3021 2609 3021 2586 3021 2586 4646 2609 4646 2610 4646 2586 4647 2610 4647 2611 4647 2612 4648 2613 4648 2586 4648 2586 3021 2613 3021 2614 3021 2586 3021 2614 3021 2615 3021 2604 4649 2616 4649 2586 4649 2586 4650 2616 4650 2617 4650 2586 4651 2617 4651 2605 4651 2611 3021 2618 3021 2586 3021 2586 3021 2618 3021 2619 3021 2586 4652 2619 4652 2612 4652 2620 4653 2621 4653 2622 4653 2623 4654 2624 4654 2625 4654 2626 4655 2598 4655 2597 4655 2627 4656 2628 4656 2629 4656 2629 4657 2628 4657 2630 4657 2631 4658 2632 4658 2633 4658 2633 4659 2632 4659 2634 4659 2568 4660 2567 4660 2635 4660 2634 4661 2636 4661 2633 4661 2633 4662 2636 4662 2507 4662 2633 4663 2507 4663 2637 4663 2637 4664 2507 4664 2505 4664 2637 4665 2505 4665 2638 4665 2638 4666 2505 4666 2503 4666 2638 4667 2503 4667 2639 4667 2639 4668 2503 4668 2501 4668 2639 4669 2501 4669 2640 4669 2640 4670 2501 4670 2499 4670 2640 4671 2499 4671 2641 4671 2641 4672 2499 4672 2497 4672 2641 4673 2497 4673 2642 4673 2642 4674 2497 4674 2495 4674 2642 4675 2495 4675 2643 4675 2643 4676 2495 4676 2493 4676 2643 4677 2493 4677 2644 4677 2644 4678 2493 4678 2491 4678 2644 4679 2491 4679 2645 4679 2645 4680 2491 4680 2489 4680 2645 4681 2489 4681 2646 4681 2646 4682 2489 4682 2487 4682 2646 4683 2487 4683 2647 4683 2647 4684 2487 4684 2485 4684 2647 4685 2485 4685 2648 4685 2648 4686 2485 4686 2483 4686 2648 4687 2483 4687 2625 4687 2625 4688 2483 4688 2481 4688 2625 4689 2481 4689 2623 4689 2623 4690 2481 4690 2479 4690 2621 4691 2631 4691 2622 4691 2622 4692 2631 4692 2633 4692 2622 4693 2633 4693 2649 4693 2649 4694 2633 4694 2637 4694 2649 4695 2637 4695 2650 4695 2650 4696 2637 4696 2638 4696 2650 4697 2638 4697 2651 4697 2651 4698 2638 4698 2639 4698 2651 4699 2639 4699 2652 4699 2652 4700 2639 4700 2640 4700 2652 4701 2640 4701 2653 4701 2653 4702 2640 4702 2641 4702 2653 4703 2641 4703 2654 4703 2654 4704 2641 4704 2642 4704 2654 4705 2642 4705 2655 4705 2655 4706 2642 4706 2643 4706 2655 4707 2643 4707 2656 4707 2656 4708 2643 4708 2644 4708 2656 4709 2644 4709 2657 4709 2657 4710 2644 4710 2645 4710 2657 4711 2645 4711 2658 4711 2658 4712 2645 4712 2646 4712 2658 4713 2646 4713 2659 4713 2659 4714 2646 4714 2647 4714 2659 4715 2647 4715 2660 4715 2660 4716 2647 4716 2648 4716 2660 4717 2648 4717 2629 4717 2629 4718 2648 4718 2625 4718 2629 4719 2625 4719 2627 4719 2627 4720 2625 4720 2624 4720 2635 4721 2620 4721 2568 4721 2568 4722 2620 4722 2622 4722 2568 4723 2622 4723 2579 4723 2579 4724 2622 4724 2649 4724 2579 4725 2649 4725 2578 4725 2578 4726 2649 4726 2650 4726 2578 4727 2650 4727 2576 4727 2576 4728 2650 4728 2651 4728 2576 4729 2651 4729 2590 4729 2590 4730 2651 4730 2652 4730 2590 4731 2652 4731 2591 4731 2591 4732 2652 4732 2653 4732 2591 4733 2653 4733 2592 4733 2592 4734 2653 4734 2654 4734 2592 4735 2654 4735 2573 4735 2573 4736 2654 4736 2655 4736 2573 4737 2655 4737 2574 4737 2574 4738 2655 4738 2656 4738 2574 4739 2656 4739 2593 4739 2593 4740 2656 4740 2657 4740 2593 4741 2657 4741 2594 4741 2594 4742 2657 4742 2658 4742 2594 4743 2658 4743 2595 4743 2595 4744 2658 4744 2659 4744 2595 4745 2659 4745 2596 4745 2596 4746 2659 4746 2660 4746 2596 4747 2660 4747 2597 4747 2597 4748 2660 4748 2629 4748 2597 4749 2629 4749 2626 4749 2626 4750 2629 4750 2630 4750 2661 4751 2662 4751 2663 4751 2664 4752 2665 4752 2666 4752 2667 4753 2478 4753 2480 4753 2667 4754 2480 4754 2668 4754 2669 4755 2670 4755 2533 4755 2533 4756 2670 4756 2671 4756 2533 4757 2671 4757 2532 4757 2672 4758 2673 4758 2674 4758 2673 4759 2669 4759 2674 4759 2674 4760 2669 4760 2533 4760 2674 4761 2533 4761 2675 4761 2675 4762 2533 4762 2534 4762 2675 4763 2534 4763 2676 4763 2676 4764 2534 4764 2528 4764 2676 4765 2528 4765 2677 4765 2677 4766 2528 4766 2529 4766 2677 4767 2529 4767 2678 4767 2678 4768 2529 4768 2531 4768 2678 4769 2531 4769 2679 4769 2679 4770 2531 4770 2550 4770 2679 4771 2550 4771 2680 4771 2680 4772 2550 4772 2549 4772 2680 4773 2549 4773 2681 4773 2681 4774 2549 4774 2548 4774 2681 4775 2548 4775 2682 4775 2682 4776 2548 4776 2547 4776 2682 4777 2547 4777 2683 4777 2683 4778 2547 4778 2546 4778 2683 4779 2546 4779 2684 4779 2684 4780 2546 4780 2545 4780 2684 4781 2545 4781 2685 4781 2685 4782 2545 4782 2544 4782 2685 4783 2544 4783 2686 4783 2686 4784 2544 4784 2543 4784 2686 4785 2543 4785 2663 4785 2663 4786 2543 4786 2541 4786 2663 4787 2541 4787 2661 4787 2661 4788 2541 4788 2540 4788 2687 4789 2672 4789 2688 4789 2688 4790 2672 4790 2674 4790 2688 4791 2674 4791 2689 4791 2689 4792 2674 4792 2675 4792 2689 4793 2675 4793 2690 4793 2690 4794 2675 4794 2676 4794 2690 4795 2676 4795 2691 4795 2691 4796 2676 4796 2677 4796 2691 4797 2677 4797 2692 4797 2692 4798 2677 4798 2678 4798 2692 4799 2678 4799 2693 4799 2693 4800 2678 4800 2679 4800 2693 4801 2679 4801 2694 4801 2694 4802 2679 4802 2680 4802 2694 4803 2680 4803 2695 4803 2695 4804 2680 4804 2681 4804 2695 4805 2681 4805 2696 4805 2696 4806 2681 4806 2682 4806 2696 4807 2682 4807 2697 4807 2697 4808 2682 4808 2683 4808 2697 4809 2683 4809 2698 4809 2698 4810 2683 4810 2684 4810 2698 4811 2684 4811 2699 4811 2699 4812 2684 4812 2685 4812 2699 4813 2685 4813 2700 4813 2700 4814 2685 4814 2686 4814 2700 4815 2686 4815 2666 4815 2666 4816 2686 4816 2663 4816 2666 4817 2663 4817 2664 4817 2664 4818 2663 4818 2662 4818 2665 4819 2668 4819 2666 4819 2666 4820 2668 4820 2480 4820 2666 4821 2480 4821 2700 4821 2700 4822 2480 4822 2482 4822 2700 4823 2482 4823 2699 4823 2699 4824 2482 4824 2484 4824 2699 4825 2484 4825 2698 4825 2698 4826 2484 4826 2486 4826 2698 4827 2486 4827 2697 4827 2697 4828 2486 4828 2488 4828 2697 4829 2488 4829 2696 4829 2696 4830 2488 4830 2490 4830 2696 4831 2490 4831 2695 4831 2695 4832 2490 4832 2492 4832 2695 4833 2492 4833 2694 4833 2694 4834 2492 4834 2494 4834 2694 4835 2494 4835 2693 4835 2693 4836 2494 4836 2496 4836 2693 4837 2496 4837 2692 4837 2692 4838 2496 4838 2498 4838 2692 4839 2498 4839 2691 4839 2691 4840 2498 4840 2500 4840 2691 4841 2500 4841 2690 4841 2690 4842 2500 4842 2502 4842 2690 4843 2502 4843 2689 4843 2689 4844 2502 4844 2504 4844 2689 4845 2504 4845 2688 4845 2688 4846 2504 4846 2506 4846 2688 4847 2506 4847 2687 4847 2423 4848 2701 4848 2702 4848 2703 4848 2704 4848 2429 4848 2705 4849 2703 4849 2706 4849 2706 4848 2703 4848 2429 4848 2706 4850 2429 4850 2707 4850 2707 4848 2429 4848 2423 4848 2707 4848 2423 4848 2708 4848 2702 4848 2709 4848 2423 4848 2423 4848 2709 4848 2710 4848 2423 4851 2710 4851 2711 4851 2711 4852 2712 4852 2423 4852 2423 4853 2712 4853 2713 4853 2423 4854 2713 4854 2708 4854 2714 4848 2715 4848 2440 4848 2439 4848 2716 4848 2440 4848 2440 4855 2716 4855 2717 4855 2440 4848 2717 4848 2714 4848 2718 4856 2719 4856 2720 4856 2439 4848 2721 4848 2722 4848 2721 4857 2439 4857 2720 4857 2720 4848 2439 4848 2723 4848 2720 4848 2723 4848 2718 4848 2722 4858 2724 4858 2439 4858 2439 4848 2724 4848 2725 4848 2439 4859 2725 4859 2716 4859 2726 4860 2446 4860 2727 4860 2727 4861 2446 4861 2445 4861 2727 4862 2445 4862 2728 4862 2728 4863 2445 4863 2441 4863 2728 4864 2441 4864 2729 4864 2729 4865 2441 4865 2730 4865 2730 4866 2441 4866 2443 4866 2730 4867 2443 4867 2731 4867 2731 4868 2443 4868 2440 4868 2731 4869 2440 4869 2715 4869 2701 4870 2423 4870 2732 4870 2732 4871 2423 4871 2414 4871 2732 4872 2414 4872 2410 4872 2733 4873 2734 4873 2410 4873 2410 4874 2734 4874 2735 4874 2410 4875 2735 4875 2732 4875 2410 4876 2411 4876 2733 4876 2733 4877 2411 4877 2417 4877 2733 4878 2417 4878 2736 4878 2737 4879 2584 4879 2738 4879 2738 4880 2584 4880 2570 4880 2738 4881 2570 4881 2566 4881 2739 4882 2740 4882 2566 4882 2566 4883 2740 4883 2741 4883 2566 4884 2741 4884 2738 4884 2566 4885 2577 4885 2739 4885 2739 4886 2577 4886 2575 4886 2739 4887 2575 4887 2742 4887 2743 4888 2542 4888 2744 4888 2744 4889 2542 4889 2530 4889 2744 4890 2530 4890 2745 4890 2745 4891 2530 4891 2511 4891 2745 4892 2511 4892 2746 4892 2746 4893 2511 4893 2747 4893 2747 4894 2511 4894 2518 4894 2747 4895 2518 4895 2748 4895 2748 4896 2518 4896 2510 4896 2748 4897 2510 4897 2749 4897 2510 4898 2750 4898 2751 4898 2751 4899 2752 4899 2510 4899 2510 4900 2752 4900 2753 4900 2510 4899 2753 4899 2749 4899 2509 4899 2754 4899 2510 4899 2510 4901 2754 4901 2755 4901 2510 4902 2755 4902 2756 4902 2509 4899 2757 4899 2754 4899 2754 4899 2757 4899 2758 4899 2754 4903 2758 4903 2759 4903 2756 4899 2760 4899 2510 4899 2510 4904 2760 4904 2761 4904 2510 4905 2761 4905 2750 4905 2762 4899 2763 4899 2599 4899 2737 4899 2764 4899 2584 4899 2584 4899 2764 4899 2765 4899 2584 4906 2765 4906 2599 4906 2765 4899 2766 4899 2599 4899 2599 4907 2766 4907 2767 4907 2599 4899 2767 4899 2768 4899 2769 4899 2762 4899 2770 4899 2770 4908 2762 4908 2599 4908 2770 4899 2599 4899 2771 4899 2771 4909 2599 4909 2768 4909 2446 4910 2726 4910 2404 4910 2404 4911 2726 4911 2742 4911 2736 4910 2417 4910 2743 4910 2743 4910 2417 4910 2403 4910 2743 4910 2403 4910 2662 4910 2667 4912 2668 4912 2403 4912 2662 4910 2661 4910 2743 4910 2743 4913 2661 4913 2540 4913 2743 4910 2540 4910 2542 4910 2404 4910 2627 4910 2624 4910 2742 4910 2575 4910 2598 4910 2668 4910 2665 4910 2403 4910 2403 4914 2665 4914 2664 4914 2403 4915 2664 4915 2662 4915 2598 4916 2626 4916 2742 4916 2742 4917 2626 4917 2630 4917 2742 4918 2630 4918 2404 4918 2404 4919 2630 4919 2628 4919 2404 4920 2628 4920 2627 4920 2624 4910 2623 4910 2404 4910 2404 4910 2623 4910 2479 4910 2404 4910 2479 4910 2403 4910 2403 4921 2479 4921 2478 4921 2403 4922 2478 4922 2667 4922 2704 4923 2703 4923 2772 4923 2772 4924 2703 4924 1138 4924 2772 4925 1138 4925 1140 4925 1140 4926 2773 4926 2772 4926 2772 4927 2773 4927 2774 4927 2772 4928 2774 4928 2775 4928 2706 4929 2001 4929 2705 4929 2705 4930 2001 4930 2000 4930 2705 4931 2000 4931 2703 4931 2703 4932 2000 4932 1138 4932 2707 4933 1976 4933 2706 4933 2706 4934 1976 4934 2001 4934 2711 4935 1666 4935 2712 4935 2712 4936 1666 4936 1974 4936 2712 4937 1974 4937 2713 4937 2713 4938 1974 4938 1977 4938 2713 4939 1977 4939 2708 4939 2708 4940 1977 4940 1976 4940 2708 4941 1976 4941 2707 4941 2701 4942 1652 4942 2702 4942 2702 4943 1652 4943 1651 4943 2702 4944 1651 4944 2709 4944 1651 4945 1669 4945 2709 4945 2709 4946 1669 4946 1670 4946 2709 4947 1670 4947 2710 4947 2710 4948 1670 4948 1671 4948 2710 4949 1671 4949 1656 4949 1656 4950 1663 4950 2710 4950 2710 4951 1663 4951 1664 4951 2710 4952 1664 4952 2711 4952 2711 4953 1664 4953 1665 4953 2711 4954 1665 4954 1666 4954 1652 4955 2701 4955 1654 4955 1654 4956 2701 4956 2732 4956 1654 4957 2732 4957 1646 4957 1646 4958 2732 4958 2735 4958 1646 4959 2735 4959 1647 4959 1647 4960 2735 4960 2734 4960 1647 4961 2734 4961 1649 4961 1649 4962 2734 4962 2733 4962 1649 4963 2733 4963 1650 4963 1650 4964 2733 4964 2736 4964 1643 4965 1650 4965 2736 4965 1643 4966 2736 4966 1644 4966 1644 4967 2736 4967 2743 4967 1644 4968 2743 4968 1645 4968 2749 4969 1672 4969 2748 4969 2748 4970 1672 4970 1641 4970 2748 4971 1641 4971 2747 4971 2747 4972 1641 4972 1640 4972 2747 4973 1640 4973 2746 4973 2746 4974 1640 4974 1639 4974 1645 4975 2743 4975 1642 4975 1642 4976 2743 4976 2744 4976 1642 4977 2744 4977 1639 4977 1639 4978 2744 4978 2745 4978 1639 4979 2745 4979 2746 4979 1638 4980 2753 4980 1637 4980 1637 4981 2753 4981 2752 4981 1637 4982 2752 4982 1636 4982 1636 4983 2752 4983 2751 4983 1636 4984 2751 4984 1635 4984 1635 4985 2751 4985 2750 4985 1638 4986 1675 4986 2753 4986 2753 4987 1675 4987 1674 4987 2753 4988 1674 4988 2749 4988 2749 4989 1674 4989 1673 4989 2749 4990 1673 4990 1672 4990 2761 4991 1904 4991 2750 4991 2750 4992 1904 4992 1635 4992 2755 4993 1819 4993 2756 4993 2756 4994 1819 4994 1908 4994 2756 4995 1908 4995 2760 4995 2760 4996 1908 4996 1905 4996 2760 4997 1905 4997 2761 4997 2761 4998 1905 4998 1904 4998 1819 4999 2755 4999 1817 4999 1817 5000 2755 5000 2754 5000 1817 5001 2754 5001 1821 5001 2758 5002 728 5002 2759 5002 2759 5003 728 5003 1968 5003 2759 5004 1968 5004 2754 5004 2754 5005 1968 5005 1821 5005 729 5006 728 5006 2758 5006 2757 5007 2776 5007 2758 5007 2758 5008 2776 5008 2777 5008 2778 5009 729 5009 2779 5009 2779 5010 729 5010 2758 5010 2779 5011 2758 5011 2780 5011 2780 5012 2758 5012 2777 5012 109 5013 117 5013 2718 5013 2718 5014 2723 5014 109 5014 109 5015 2723 5015 2781 5015 109 5016 2781 5016 2782 5016 2782 5017 2781 5017 2783 5017 2782 5018 2783 5018 2784 5018 2718 5019 117 5019 2719 5019 2719 5020 117 5020 966 5020 2719 5021 966 5021 2720 5021 2720 5022 966 5022 965 5022 2720 5023 965 5023 2721 5023 2721 5024 965 5024 960 5024 2721 5025 960 5025 2722 5025 2722 5026 960 5026 954 5026 2722 5027 954 5027 2724 5027 2724 5028 954 5028 955 5028 2724 5029 955 5029 2725 5029 2725 5030 955 5030 515 5030 2716 5031 2725 5031 515 5031 519 5032 2717 5032 518 5032 518 5033 2717 5033 2716 5033 518 5034 2716 5034 517 5034 517 5035 2716 5035 515 5035 525 5036 2715 5036 523 5036 523 5037 2715 5037 2714 5037 523 5038 2714 5038 521 5038 521 5039 2714 5039 2717 5039 521 5040 2717 5040 520 5040 520 5041 2717 5041 519 5041 2715 5042 525 5042 2731 5042 2731 5043 525 5043 529 5043 2731 5044 529 5044 2730 5044 2730 5045 529 5045 528 5045 2730 5046 528 5046 2729 5046 2729 5047 528 5047 396 5047 530 5048 2726 5048 395 5048 395 5049 2726 5049 2727 5049 395 5050 2727 5050 396 5050 396 5051 2727 5051 2728 5051 396 5052 2728 5052 2729 5052 530 5053 533 5053 2726 5053 2726 5054 533 5054 534 5054 2726 5055 534 5055 2742 5055 2742 5056 534 5056 535 5056 540 5057 2737 5057 536 5057 536 5058 2737 5058 2738 5058 536 5059 2738 5059 537 5059 537 5060 2738 5060 2741 5060 537 5061 2741 5061 538 5061 538 5062 2741 5062 2740 5062 538 5063 2740 5063 539 5063 539 5064 2740 5064 2739 5064 539 5065 2739 5065 535 5065 535 5066 2739 5066 2742 5066 541 5067 2764 5067 540 5067 540 5068 2764 5068 2737 5068 541 5069 542 5069 2764 5069 2764 5070 542 5070 544 5070 2764 5071 544 5071 2765 5071 2765 5072 544 5072 546 5072 546 5073 548 5073 2765 5073 2765 5074 548 5074 550 5074 2765 5075 550 5075 2766 5075 2766 5076 550 5076 549 5076 2766 5077 549 5077 552 5077 2766 5078 552 5078 2767 5078 2767 5079 552 5079 878 5079 860 5080 2771 5080 2768 5080 2767 5081 878 5081 2768 5081 2768 5082 878 5082 882 5082 2768 5083 882 5083 860 5083 2770 5084 2771 5084 859 5084 859 5085 2771 5085 860 5085 2770 5086 859 5086 2769 5086 2769 5087 859 5087 946 5087 2769 5088 946 5088 2762 5088 2762 5089 946 5089 95 5089 2785 5090 2763 5090 2762 5090 2786 5091 2787 5091 2762 5091 2762 5092 2787 5092 2788 5092 2762 5093 2788 5093 2785 5093 2762 5094 95 5094 2786 5094 2786 5095 95 5095 96 5095 2786 5096 96 5096 2789 5096 2789 5097 96 5097 2790 5097 8 5098 3 5098 2791 5098 2600 5099 2599 5099 2763 5099 2787 5100 2786 5100 2792 5100 2792 5101 2786 5101 2789 5101 2792 5102 2789 5102 2790 5102 2763 5103 2785 5103 2793 5103 2793 5104 2785 5104 2788 5104 2793 5105 2788 5105 2787 5105 8 5106 2791 5106 34 5106 2763 5107 2793 5107 2600 5107 2600 5108 2793 5108 2794 5108 2600 5109 2794 5109 2601 5109 2601 5110 2794 5110 2795 5110 2601 5111 2795 5111 2602 5111 2602 5112 2795 5112 2796 5112 2602 5113 2796 5113 2603 5113 2603 5114 2796 5114 2797 5114 2603 5115 2797 5115 2604 5115 2604 5116 2797 5116 2798 5116 2604 5117 2798 5117 2616 5117 2616 5118 2798 5118 2799 5118 2616 5119 2799 5119 2617 5119 2617 5120 2799 5120 2800 5120 2617 5121 2800 5121 2605 5121 2605 5122 2800 5122 2801 5122 2605 5123 2801 5123 2606 5123 2606 5124 2801 5124 2802 5124 2606 5125 2802 5125 2607 5125 2607 5126 2802 5126 2803 5126 2607 5127 2803 5127 2608 5127 2608 5128 2803 5128 2804 5128 2608 5129 2804 5129 2609 5129 2609 5130 2804 5130 2805 5130 2609 5131 2805 5131 2610 5131 2610 5132 2805 5132 2806 5132 2610 5133 2806 5133 2611 5133 2611 5134 2806 5134 2807 5134 2611 5135 2807 5135 2618 5135 2618 5136 2807 5136 2808 5136 2618 5137 2808 5137 2619 5137 2619 5138 2808 5138 2809 5138 2619 5139 2809 5139 2612 5139 2612 5140 2809 5140 2810 5140 2612 5141 2810 5141 2613 5141 2613 5142 2810 5142 2811 5142 2613 5143 2811 5143 2614 5143 2614 5144 2811 5144 2812 5144 2614 5145 2812 5145 2615 5145 2615 5146 2812 5146 2813 5146 2615 5147 2813 5147 2586 5147 2586 5148 2813 5148 2814 5148 2586 5149 2814 5149 2585 5149 2585 5150 2814 5150 2815 5150 2585 5151 2815 5151 2583 5151 2583 5152 2815 5152 2816 5152 2583 5153 2816 5153 2587 5153 2587 5154 2816 5154 2817 5154 2587 5155 2817 5155 2588 5155 2588 5156 2817 5156 2818 5156 2588 5157 2818 5157 2589 5157 2589 5158 2818 5158 2819 5158 2589 5159 2819 5159 2572 5159 2572 5160 2819 5160 2820 5160 2572 5161 2820 5161 2571 5161 2571 5162 2820 5162 2821 5162 2571 5163 2821 5163 2569 5163 2569 5164 2821 5164 2822 5164 2569 5165 2822 5165 2580 5165 2580 5166 2822 5166 2823 5166 2580 5167 2823 5167 2581 5167 2581 5168 2823 5168 2824 5168 2581 5169 2824 5169 2582 5169 2787 5170 2792 5170 2793 5170 2793 5171 2792 5171 2825 5171 2793 5172 2825 5172 2794 5172 2794 5173 2825 5173 2826 5173 2794 5174 2826 5174 2795 5174 2795 5175 2826 5175 2827 5175 2795 5176 2827 5176 2796 5176 2796 5177 2827 5177 2828 5177 2796 5178 2828 5178 2797 5178 2797 5179 2828 5179 2829 5179 2797 5180 2829 5180 2798 5180 2798 5181 2829 5181 2830 5181 2798 5182 2830 5182 2799 5182 2799 5183 2830 5183 2831 5183 2799 5184 2831 5184 2800 5184 2800 5185 2831 5185 2832 5185 2800 5186 2832 5186 2801 5186 2801 5187 2832 5187 2833 5187 2801 5188 2833 5188 2802 5188 2802 5189 2833 5189 2834 5189 2802 5190 2834 5190 2803 5190 2803 5191 2834 5191 2835 5191 2803 5192 2835 5192 2804 5192 2804 5193 2835 5193 2836 5193 2804 5194 2836 5194 2805 5194 2805 5195 2836 5195 2837 5195 2805 5196 2837 5196 2806 5196 2806 5197 2837 5197 2838 5197 2806 5198 2838 5198 2807 5198 2807 5199 2838 5199 2839 5199 2807 5200 2839 5200 2808 5200 2808 5201 2839 5201 2840 5201 2808 5202 2840 5202 2809 5202 2809 5203 2840 5203 2841 5203 2809 5204 2841 5204 2810 5204 2810 5205 2841 5205 2842 5205 2810 5206 2842 5206 2811 5206 2811 5207 2842 5207 2843 5207 2811 5208 2843 5208 2812 5208 2812 5209 2843 5209 2844 5209 2812 5210 2844 5210 2813 5210 2813 5211 2844 5211 2845 5211 2813 5212 2845 5212 2814 5212 2814 5213 2845 5213 2846 5213 2814 5214 2846 5214 2815 5214 2815 5215 2846 5215 2847 5215 2815 5216 2847 5216 2816 5216 2816 5217 2847 5217 2848 5217 2816 5218 2848 5218 2817 5218 2817 5219 2848 5219 2849 5219 2817 5220 2849 5220 2818 5220 2818 5221 2849 5221 2850 5221 2818 5222 2850 5222 2819 5222 2819 5223 2850 5223 2851 5223 2819 5224 2851 5224 2820 5224 2820 5225 2851 5225 2852 5225 2820 5226 2852 5226 2821 5226 2821 5227 2852 5227 2853 5227 2821 5228 2853 5228 2822 5228 2822 5229 2853 5229 2854 5229 2822 5230 2854 5230 2823 5230 2823 5231 2854 5231 2855 5231 2823 5232 2855 5232 2824 5232 2790 5233 96 5233 2792 5233 2792 5234 96 5234 94 5234 2792 5235 94 5235 2825 5235 2825 5236 94 5236 92 5236 2825 5237 92 5237 2826 5237 2826 5238 92 5238 90 5238 2826 5239 90 5239 2827 5239 2827 5240 90 5240 88 5240 2827 5241 88 5241 2828 5241 2828 5242 88 5242 86 5242 2828 5243 86 5243 2829 5243 2829 5244 86 5244 84 5244 2829 5245 84 5245 2830 5245 2830 5246 84 5246 82 5246 2830 5247 82 5247 2831 5247 2831 5248 82 5248 80 5248 2831 5249 80 5249 2832 5249 2832 5250 80 5250 78 5250 2832 5251 78 5251 2833 5251 2833 5252 78 5252 76 5252 2833 5253 76 5253 2834 5253 2834 5254 76 5254 74 5254 2834 5255 74 5255 2835 5255 2835 5256 74 5256 72 5256 2835 5257 72 5257 2836 5257 2836 5258 72 5258 70 5258 2836 5259 70 5259 2837 5259 2837 5260 70 5260 68 5260 2837 5261 68 5261 2838 5261 2838 5262 68 5262 66 5262 2838 5263 66 5263 2839 5263 2839 5264 66 5264 64 5264 2839 5265 64 5265 2840 5265 2840 5266 64 5266 62 5266 2840 5267 62 5267 2841 5267 2841 5268 62 5268 60 5268 2841 5269 60 5269 2842 5269 2842 5270 60 5270 58 5270 2842 5271 58 5271 2843 5271 2843 5272 58 5272 56 5272 2843 5273 56 5273 2844 5273 2844 5274 56 5274 54 5274 2844 5275 54 5275 2845 5275 2845 5276 54 5276 52 5276 2845 5277 52 5277 2846 5277 2846 5278 52 5278 50 5278 2846 5279 50 5279 2847 5279 2847 5280 50 5280 48 5280 2847 5281 48 5281 2848 5281 2848 5282 48 5282 46 5282 2848 5283 46 5283 2849 5283 2849 5284 46 5284 44 5284 2849 5285 44 5285 2850 5285 2850 5286 44 5286 42 5286 2850 5287 42 5287 2851 5287 2851 5288 42 5288 40 5288 2851 5289 40 5289 2852 5289 2852 5290 40 5290 38 5290 2852 5291 38 5291 2853 5291 2853 5292 38 5292 36 5292 2853 5293 36 5293 2854 5293 2854 5294 36 5294 34 5294 2854 5295 34 5295 2855 5295 2855 5296 34 5296 2791 5296 2855 5297 2791 5297 2824 5297 2824 5298 2791 5298 2856 5298 2824 5299 2856 5299 2582 5299 2582 5300 2856 5300 2564 5300 2791 5301 2857 5301 2856 5301 2856 5302 2857 5302 2858 5302 2856 5303 2858 5303 2564 5303 2564 5304 2858 5304 2565 5304 7 5305 2857 5305 1 5305 1 5306 2857 5306 2791 5306 1 5307 2791 5307 3 5307 7 5308 2859 5308 2857 5308 2857 5309 2859 5309 2860 5309 2857 5310 2860 5310 2858 5310 2858 5311 2860 5311 2861 5311 2567 5312 2565 5312 2862 5312 2862 5313 2565 5313 2858 5313 2862 5314 2858 5314 2863 5314 2863 5315 2858 5315 2861 5315 2863 5316 2861 5316 2864 5316 2865 5317 2859 5317 6 5317 6 5318 2859 5318 7 5318 2864 5319 2861 5319 2865 5319 2865 5320 2861 5320 2860 5320 2865 5321 2860 5321 2859 5321 2635 5322 2567 5322 2866 5322 2866 5323 2567 5323 2862 5323 6 5324 5 5324 2865 5324 2865 5325 5 5325 2867 5325 2865 5326 2867 5326 2864 5326 2864 5327 2867 5327 2868 5327 2868 5328 2869 5328 2864 5328 2864 5329 2869 5329 2866 5329 2864 5330 2866 5330 2863 5330 2863 5331 2866 5331 2862 5331 2869 5332 2870 5332 2866 5332 2866 5333 2870 5333 2871 5333 2866 5334 2871 5334 2635 5334 2635 5335 2871 5335 2872 5335 2635 5336 2872 5336 2620 5336 2869 5337 2868 5337 2873 5337 2871 5338 2870 5338 2874 5338 2875 5339 2507 5339 2636 5339 2876 5340 2875 5340 2877 5340 2878 5341 2876 5341 2879 5341 2880 5342 2878 5342 2881 5342 333 5343 2880 5343 2882 5343 2875 5344 2636 5344 2877 5344 2877 5345 2636 5345 2634 5345 2877 5346 2634 5346 2883 5346 2883 5347 2634 5347 2632 5347 2883 5348 2632 5348 2884 5348 2884 5349 2632 5349 2631 5349 2884 5350 2631 5350 2872 5350 2872 5351 2631 5351 2621 5351 2872 5352 2621 5352 2620 5352 2876 5353 2877 5353 2879 5353 2879 5354 2877 5354 2883 5354 2879 5355 2883 5355 2885 5355 2885 5356 2883 5356 2884 5356 2885 5357 2884 5357 2874 5357 2874 5358 2884 5358 2872 5358 2874 5359 2872 5359 2871 5359 2878 5360 2879 5360 2881 5360 2881 5361 2879 5361 2885 5361 2881 5362 2885 5362 2886 5362 2886 5363 2885 5363 2874 5363 2886 5364 2874 5364 2873 5364 2873 5365 2874 5365 2870 5365 2873 5366 2870 5366 2869 5366 2880 5367 2881 5367 2882 5367 2882 5368 2881 5368 2886 5368 2882 5369 2886 5369 2887 5369 2887 5370 2886 5370 2873 5370 2887 5371 2873 5371 2888 5371 2888 5372 2873 5372 2868 5372 2888 5373 2868 5373 2867 5373 333 5374 2882 5374 334 5374 334 5375 2882 5375 2887 5375 334 5376 2887 5376 327 5376 327 5377 2887 5377 2888 5377 327 5378 2888 5378 325 5378 325 5379 2888 5379 2867 5379 325 5380 2867 5380 5 5380 2506 5381 2507 5381 2875 5381 2506 5382 2875 5382 2889 5382 2889 5383 2875 5383 2876 5383 2889 5384 2876 5384 2890 5384 2890 5385 2876 5385 2878 5385 2890 5386 2878 5386 2891 5386 2891 5387 2878 5387 2880 5387 2891 5388 2880 5388 2892 5388 2892 5389 2880 5389 333 5389 2892 5390 333 5390 330 5390 2893 5391 321 5391 319 5391 2669 5392 2673 5392 2894 5392 2669 5393 2894 5393 2670 5393 2895 5394 2896 5394 2894 5394 2894 5395 2896 5395 2897 5395 2894 5396 2897 5396 2670 5396 2898 5397 2899 5397 2895 5397 2895 5398 2899 5398 2900 5398 2895 5399 2900 5399 2896 5399 319 5400 2901 5400 2893 5400 2893 5401 2901 5401 2902 5401 2893 5402 2902 5402 2898 5402 2898 5403 2902 5403 2903 5403 2898 5404 2903 5404 2899 5404 323 5405 321 5405 2904 5405 2904 5406 321 5406 2893 5406 2904 5407 2893 5407 2905 5407 2905 5408 2893 5408 2898 5408 2905 5409 2898 5409 2906 5409 2906 5410 2898 5410 2895 5410 2906 5411 2895 5411 2907 5411 2907 5412 2895 5412 2894 5412 2907 5413 2894 5413 2672 5413 2672 5414 2894 5414 2673 5414 329 5415 323 5415 2908 5415 2908 5416 323 5416 2904 5416 2908 5417 2904 5417 2909 5417 2909 5418 2904 5418 2905 5418 2909 5419 2905 5419 2910 5419 2910 5420 2905 5420 2906 5420 2910 5421 2906 5421 2911 5421 2911 5422 2906 5422 2907 5422 2911 5423 2907 5423 2687 5423 2687 5424 2907 5424 2672 5424 330 5425 329 5425 2892 5425 2892 5426 329 5426 2908 5426 2892 5427 2908 5427 2891 5427 2891 5428 2908 5428 2909 5428 2891 5429 2909 5429 2890 5429 2890 5430 2909 5430 2910 5430 2890 5431 2910 5431 2889 5431 2889 5432 2910 5432 2911 5432 2889 5433 2911 5433 2506 5433 2506 5434 2911 5434 2687 5434 2912 5435 2532 5435 2671 5435 2913 5436 2914 5436 2915 5436 2915 5437 2914 5437 2916 5437 2915 5438 2916 5438 2917 5438 2357 5439 2356 5439 2918 5439 2918 5440 2356 5440 2919 5440 2670 5441 2897 5441 2671 5441 2671 5442 2897 5442 2914 5442 2671 5443 2914 5443 2912 5443 2912 5444 2914 5444 2913 5444 2899 5445 2916 5445 2900 5445 2900 5446 2916 5446 2914 5446 2900 5447 2914 5447 2896 5447 2896 5448 2914 5448 2897 5448 2899 5449 2903 5449 2916 5449 2916 5450 2903 5450 2918 5450 2916 5451 2918 5451 2917 5451 2917 5452 2918 5452 2919 5452 319 5453 2357 5453 2901 5453 2901 5454 2357 5454 2918 5454 2901 5455 2918 5455 2902 5455 2902 5456 2918 5456 2903 5456 2912 5457 2913 5457 2920 5457 2921 5458 2922 5458 2920 5458 2922 5459 2513 5459 2512 5459 2923 5460 2358 5460 793 5460 2922 5461 2512 5461 2920 5461 2920 5462 2512 5462 2532 5462 2920 5463 2532 5463 2912 5463 2913 5464 2915 5464 2920 5464 2920 5465 2915 5465 2923 5465 2920 5466 2923 5466 2921 5466 2921 5467 2923 5467 793 5467 2356 5468 2358 5468 2919 5468 2919 5469 2358 5469 2923 5469 2919 5470 2923 5470 2917 5470 2917 5471 2923 5471 2915 5471 2757 5472 2509 5472 2508 5472 2757 5473 2508 5473 2776 5473 2779 5474 2780 5474 2924 5474 2924 5475 2780 5475 2777 5475 2924 5476 2777 5476 2776 5476 2921 5477 793 5477 792 5477 2921 5478 792 5478 2925 5478 792 5479 791 5479 2925 5479 2925 5480 791 5480 789 5480 2925 5481 789 5481 2926 5481 2926 5482 789 5482 787 5482 2926 5483 787 5483 2927 5483 2927 5484 787 5484 785 5484 2927 5485 785 5485 2928 5485 2928 5486 785 5486 783 5486 2928 5487 783 5487 2929 5487 2929 5488 783 5488 781 5488 2929 5489 781 5489 2930 5489 2930 5490 781 5490 779 5490 2930 5491 779 5491 2931 5491 2931 5492 779 5492 777 5492 2931 5493 777 5493 2932 5493 2932 5494 777 5494 775 5494 2932 5495 775 5495 2933 5495 2933 5496 775 5496 773 5496 2933 5497 773 5497 2934 5497 2934 5498 773 5498 771 5498 2934 5499 771 5499 2935 5499 2935 5500 771 5500 769 5500 2935 5501 769 5501 2936 5501 2936 5502 769 5502 767 5502 2936 5503 767 5503 2937 5503 2937 5504 767 5504 765 5504 2937 5505 765 5505 2938 5505 2938 5506 765 5506 763 5506 2938 5507 763 5507 2939 5507 2939 5508 763 5508 761 5508 2939 5509 761 5509 2940 5509 2940 5510 761 5510 759 5510 2940 5511 759 5511 2941 5511 2941 5512 759 5512 757 5512 2941 5513 757 5513 2942 5513 2942 5514 757 5514 755 5514 2942 5515 755 5515 2943 5515 2943 5516 755 5516 753 5516 2943 5517 753 5517 2944 5517 2944 5518 753 5518 751 5518 2944 5519 751 5519 2945 5519 2945 5520 751 5520 749 5520 2945 5521 749 5521 2946 5521 2946 5522 749 5522 747 5522 2946 5523 747 5523 2947 5523 2947 5524 747 5524 745 5524 2947 5525 745 5525 2948 5525 2948 5526 745 5526 743 5526 2948 5527 743 5527 2949 5527 2949 5528 743 5528 741 5528 2949 5529 741 5529 2950 5529 2950 5530 741 5530 739 5530 2950 5531 739 5531 2951 5531 2951 5532 739 5532 737 5532 2951 5533 737 5533 2952 5533 2952 5534 737 5534 735 5534 2952 5535 735 5535 2953 5535 2953 5536 735 5536 733 5536 2953 5537 733 5537 2954 5537 2954 5538 733 5538 731 5538 2954 5539 731 5539 2955 5539 2955 5540 731 5540 729 5540 2955 5541 729 5541 2956 5541 2956 5542 729 5542 2778 5542 2956 5543 2778 5543 2779 5543 2779 5544 2924 5544 2956 5544 2956 5545 2924 5545 2957 5545 2956 5546 2957 5546 2955 5546 2955 5547 2957 5547 2958 5547 2955 5548 2958 5548 2954 5548 2954 5549 2958 5549 2959 5549 2954 5550 2959 5550 2953 5550 2953 5551 2959 5551 2960 5551 2953 5552 2960 5552 2952 5552 2952 5553 2960 5553 2961 5553 2952 5554 2961 5554 2951 5554 2951 5555 2961 5555 2962 5555 2951 5556 2962 5556 2950 5556 2950 5557 2962 5557 2963 5557 2950 5558 2963 5558 2949 5558 2949 5559 2963 5559 2964 5559 2949 5560 2964 5560 2948 5560 2948 5561 2964 5561 2965 5561 2948 5562 2965 5562 2947 5562 2947 5563 2965 5563 2966 5563 2947 5564 2966 5564 2946 5564 2946 5565 2966 5565 2967 5565 2946 5566 2967 5566 2945 5566 2945 5567 2967 5567 2968 5567 2945 5568 2968 5568 2944 5568 2944 5569 2968 5569 2969 5569 2944 5570 2969 5570 2943 5570 2943 5571 2969 5571 2970 5571 2943 5572 2970 5572 2942 5572 2942 5573 2970 5573 2971 5573 2942 5574 2971 5574 2941 5574 2941 5575 2971 5575 2972 5575 2941 5576 2972 5576 2940 5576 2940 5577 2972 5577 2973 5577 2940 5578 2973 5578 2939 5578 2939 5579 2973 5579 2974 5579 2939 5580 2974 5580 2938 5580 2938 5581 2974 5581 2975 5581 2938 5582 2975 5582 2937 5582 2937 5583 2975 5583 2976 5583 2937 5584 2976 5584 2936 5584 2936 5585 2976 5585 2977 5585 2936 5586 2977 5586 2935 5586 2935 5587 2977 5587 2978 5587 2935 5588 2978 5588 2934 5588 2934 5589 2978 5589 2979 5589 2934 5590 2979 5590 2933 5590 2933 5591 2979 5591 2980 5591 2933 5592 2980 5592 2932 5592 2932 5593 2980 5593 2981 5593 2932 5594 2981 5594 2931 5594 2931 5595 2981 5595 2982 5595 2931 5596 2982 5596 2930 5596 2930 5597 2982 5597 2983 5597 2930 5598 2983 5598 2929 5598 2929 5599 2983 5599 2984 5599 2929 5600 2984 5600 2928 5600 2928 5601 2984 5601 2985 5601 2928 5602 2985 5602 2927 5602 2927 5603 2985 5603 2986 5603 2927 5604 2986 5604 2926 5604 2926 5605 2986 5605 2987 5605 2926 5606 2987 5606 2925 5606 2925 5607 2987 5607 2922 5607 2925 5608 2922 5608 2921 5608 2776 5609 2508 5609 2924 5609 2924 5610 2508 5610 2525 5610 2924 5611 2525 5611 2957 5611 2957 5612 2525 5612 2563 5612 2957 5613 2563 5613 2958 5613 2958 5614 2563 5614 2562 5614 2958 5615 2562 5615 2959 5615 2959 5616 2562 5616 2561 5616 2959 5617 2561 5617 2960 5617 2960 5618 2561 5618 2560 5618 2960 5619 2560 5619 2961 5619 2961 5620 2560 5620 2559 5620 2961 5621 2559 5621 2962 5621 2962 5622 2559 5622 2539 5622 2962 5623 2539 5623 2963 5623 2963 5624 2539 5624 2538 5624 2963 5625 2538 5625 2964 5625 2964 5626 2538 5626 2537 5626 2964 5627 2537 5627 2965 5627 2965 5628 2537 5628 2553 5628 2965 5629 2553 5629 2966 5629 2966 5630 2553 5630 2558 5630 2966 5631 2558 5631 2967 5631 2967 5632 2558 5632 2557 5632 2967 5633 2557 5633 2968 5633 2968 5634 2557 5634 2555 5634 2968 5635 2555 5635 2969 5635 2969 5636 2555 5636 2554 5636 2969 5637 2554 5637 2970 5637 2970 5638 2554 5638 2552 5638 2970 5639 2552 5639 2971 5639 2971 5640 2552 5640 2551 5640 2971 5641 2551 5641 2972 5641 2972 5642 2551 5642 2536 5642 2972 5643 2536 5643 2973 5643 2973 5644 2536 5644 2535 5644 2973 5645 2535 5645 2974 5645 2974 5646 2535 5646 2556 5646 2974 5647 2556 5647 2975 5647 2975 5648 2556 5648 2526 5648 2975 5649 2526 5649 2976 5649 2976 5650 2526 5650 2527 5650 2976 5651 2527 5651 2977 5651 2977 5652 2527 5652 2515 5652 2977 5653 2515 5653 2978 5653 2978 5654 2515 5654 2514 5654 2978 5655 2514 5655 2979 5655 2979 5656 2514 5656 2524 5656 2979 5657 2524 5657 2980 5657 2980 5658 2524 5658 2523 5658 2980 5659 2523 5659 2981 5659 2981 5660 2523 5660 2522 5660 2981 5661 2522 5661 2982 5661 2982 5662 2522 5662 2521 5662 2982 5663 2521 5663 2983 5663 2983 5664 2521 5664 2520 5664 2983 5665 2520 5665 2984 5665 2984 5666 2520 5666 2519 5666 2984 5667 2519 5667 2985 5667 2985 5668 2519 5668 2517 5668 2985 5669 2517 5669 2986 5669 2986 5670 2517 5670 2516 5670 2986 5671 2516 5671 2987 5671 2987 5672 2516 5672 2513 5672 2987 5673 2513 5673 2922 5673 227 5674 229 5674 2988 5674 172 5675 167 5675 2989 5675 163 5676 151 5676 2990 5676 137 5677 141 5677 2991 5677 2992 5678 2993 5678 2994 5678 2995 5679 2996 5679 2997 5679 2993 5680 2998 5680 2999 5680 2996 5681 3000 5681 3001 5681 3002 5682 2447 5682 2444 5682 2998 5683 2452 5683 2461 5683 3000 5684 2463 5684 2462 5684 2723 5685 2439 5685 2438 5685 2438 5686 3003 5686 2723 5686 2723 5687 3003 5687 3004 5687 2723 5688 3004 5688 2781 5688 120 5689 107 5689 3005 5689 3005 5690 107 5690 109 5690 109 5691 2782 5691 3005 5691 3005 5692 2782 5692 2784 5692 3005 5693 2784 5693 3004 5693 3004 5694 2784 5694 2783 5694 3004 5695 2783 5695 2781 5695 3000 5696 2462 5696 3001 5696 3001 5697 2462 5697 2458 5697 3001 5698 2458 5698 3006 5698 3006 5699 2458 5699 2457 5699 3006 5700 2457 5700 3007 5700 3007 5701 2457 5701 2456 5701 3007 5702 2456 5702 3008 5702 2998 5703 2461 5703 2999 5703 2999 5704 2461 5704 2460 5704 2999 5705 2460 5705 3009 5705 3009 5706 2460 5706 2459 5706 3009 5707 2459 5707 3010 5707 3010 5708 2459 5708 2449 5708 3010 5709 2449 5709 3011 5709 2996 5710 3001 5710 2997 5710 2997 5711 3001 5711 3006 5711 2997 5712 3006 5712 3012 5712 3012 5713 3006 5713 3007 5713 3012 5714 3007 5714 3013 5714 3013 5715 3007 5715 3008 5715 3013 5716 3008 5716 3014 5716 2993 5717 2999 5717 2994 5717 2994 5718 2999 5718 3009 5718 2994 5719 3009 5719 3015 5719 3015 5720 3009 5720 3010 5720 3015 5721 3010 5721 3016 5721 3016 5722 3010 5722 3011 5722 3016 5723 3011 5723 3017 5723 2444 5724 3018 5724 3002 5724 3002 5725 3018 5725 3019 5725 3002 5726 3019 5726 3020 5726 2995 5727 2997 5727 3021 5727 3021 5728 2997 5728 3012 5728 3021 5729 3012 5729 3022 5729 3022 5730 3012 5730 3013 5730 3022 5731 3013 5731 3023 5731 3023 5732 3013 5732 3014 5732 3023 5733 3014 5733 3024 5733 2992 5734 2994 5734 3025 5734 3025 5735 2994 5735 3015 5735 3025 5736 3015 5736 3026 5736 3026 5737 3015 5737 3016 5737 3026 5738 3016 5738 3027 5738 3027 5739 3016 5739 3017 5739 3027 5740 3017 5740 3028 5740 124 5741 120 5741 3029 5741 3029 5742 120 5742 3005 5742 3029 5743 3005 5743 3030 5743 3030 5744 3005 5744 3004 5744 3030 5745 3004 5745 3031 5745 3031 5746 3004 5746 3003 5746 3031 5747 3003 5747 2464 5747 2464 5748 3003 5748 2438 5748 2464 5749 2463 5749 3031 5749 3031 5750 2463 5750 3000 5750 3031 5751 3000 5751 3030 5751 3030 5752 3000 5752 2996 5752 3030 5753 2996 5753 3029 5753 3029 5754 2996 5754 2995 5754 3029 5755 2995 5755 124 5755 124 5756 2995 5756 125 5756 146 5757 148 5757 3024 5757 3024 5758 148 5758 135 5758 3024 5759 135 5759 3023 5759 3023 5760 135 5760 133 5760 3023 5761 133 5761 3022 5761 3022 5762 133 5762 131 5762 3022 5763 131 5763 3021 5763 3021 5764 131 5764 129 5764 3021 5765 129 5765 2995 5765 2995 5766 129 5766 127 5766 2995 5767 127 5767 125 5767 2456 5768 2455 5768 3008 5768 3008 5769 2455 5769 3032 5769 3008 5770 3032 5770 3014 5770 3014 5771 3032 5771 3033 5771 3014 5772 3033 5772 3024 5772 3024 5773 3033 5773 2991 5773 3024 5774 2991 5774 146 5774 146 5775 2991 5775 141 5775 159 5776 137 5776 3034 5776 3034 5777 137 5777 2991 5777 3034 5778 2991 5778 3035 5778 3035 5779 2991 5779 3033 5779 3035 5780 3033 5780 3036 5780 3036 5781 3033 5781 3032 5781 3036 5782 3032 5782 2454 5782 2454 5783 3032 5783 2455 5783 2454 5784 2453 5784 3036 5784 3036 5785 2453 5785 3037 5785 3036 5786 3037 5786 3035 5786 3035 5787 3037 5787 3038 5787 3035 5788 3038 5788 3034 5788 3034 5789 3038 5789 2990 5789 3034 5790 2990 5790 159 5790 159 5791 2990 5791 151 5791 2453 5792 2451 5792 3037 5792 3037 5793 2451 5793 3039 5793 3037 5794 3039 5794 3038 5794 3038 5795 3039 5795 3040 5795 3038 5796 3040 5796 2990 5796 2990 5797 3040 5797 2989 5797 2990 5798 2989 5798 163 5798 163 5799 2989 5799 167 5799 178 5800 172 5800 3041 5800 3041 5801 172 5801 2989 5801 3041 5802 2989 5802 3042 5802 3042 5803 2989 5803 3040 5803 3042 5804 3040 5804 3043 5804 3043 5805 3040 5805 3039 5805 3043 5806 3039 5806 2450 5806 2450 5807 3039 5807 2451 5807 2450 5808 2452 5808 3043 5808 3043 5809 2452 5809 2998 5809 3043 5810 2998 5810 3042 5810 3042 5811 2998 5811 2993 5811 3042 5812 2993 5812 3041 5812 3041 5813 2993 5813 2992 5813 3041 5814 2992 5814 178 5814 178 5815 2992 5815 185 5815 234 5816 217 5816 3028 5816 3028 5817 217 5817 207 5817 3028 5818 207 5818 3027 5818 3027 5819 207 5819 204 5819 3027 5820 204 5820 3026 5820 3026 5821 204 5821 196 5821 3026 5822 196 5822 3025 5822 3025 5823 196 5823 198 5823 3025 5824 198 5824 2992 5824 2992 5825 198 5825 188 5825 2992 5826 188 5826 185 5826 2449 5827 2448 5827 3011 5827 3011 5828 2448 5828 3044 5828 3011 5829 3044 5829 3017 5829 3017 5830 3044 5830 3045 5830 3017 5831 3045 5831 3028 5831 3028 5832 3045 5832 2988 5832 3028 5833 2988 5833 234 5833 234 5834 2988 5834 229 5834 242 5835 227 5835 3046 5835 3046 5836 227 5836 2988 5836 3046 5837 2988 5837 3020 5837 3020 5838 2988 5838 3045 5838 3020 5839 3045 5839 3002 5839 3002 5840 3045 5840 3044 5840 3002 5841 3044 5841 2447 5841 2447 5842 3044 5842 2448 5842 3019 5843 3047 5843 3020 5843 3020 5844 3047 5844 3048 5844 3020 5845 3048 5845 3046 5845 3046 5846 3048 5846 3049 5846 3046 5847 3049 5847 242 5847 242 5848 3049 5848 97 5848 98 5849 97 5849 3050 5849 3050 5850 97 5850 3049 5850 3050 5851 3049 5851 3051 5851 3051 5852 3049 5852 3048 5852 3051 5853 3048 5853 3052 5853 3052 5854 3048 5854 3047 5854 3052 5855 3047 5855 3053 5855 3053 5856 3047 5856 3019 5856 3053 5857 3019 5857 3054 5857 3054 5858 3019 5858 3018 5858 3054 5859 3018 5859 2442 5859 2442 5860 3018 5860 2444 5860 3055 5861 3056 5861 3057 5861 3058 5862 3059 5862 3060 5862 2442 5863 2469 5863 3054 5863 3054 5864 2469 5864 3061 5864 3054 5865 3061 5865 3053 5865 3051 5866 3052 5866 3062 5866 3062 5867 3052 5867 3053 5867 3063 5868 3050 5868 3051 5868 3050 5869 3063 5869 98 5869 2469 5870 2468 5870 3061 5870 3061 5871 2468 5871 2467 5871 3061 5872 2467 5872 3064 5872 2467 5873 2466 5873 3064 5873 3064 5874 2466 5874 2465 5874 3064 5875 2465 5875 3065 5875 3065 5876 2465 5876 2405 5876 3065 5877 2405 5877 3066 5877 3053 5878 3061 5878 3062 5878 3062 5879 3061 5879 3064 5879 3062 5880 3064 5880 3067 5880 3067 5881 3064 5881 3065 5881 3067 5882 3065 5882 3060 5882 3060 5883 3065 5883 3066 5883 3060 5884 3066 5884 3058 5884 3051 5885 3062 5885 3063 5885 3063 5886 3062 5886 3067 5886 3063 5887 3067 5887 3068 5887 3068 5888 3067 5888 3060 5888 3068 5889 3060 5889 3057 5889 3057 5890 3060 5890 3059 5890 3057 5891 3059 5891 3055 5891 98 5892 3063 5892 100 5892 100 5893 3063 5893 3068 5893 100 5894 3068 5894 102 5894 102 5895 3068 5895 3057 5895 102 5896 3057 5896 106 5896 106 5897 3057 5897 3056 5897 106 5898 3056 5898 105 5898 2405 5899 2406 5899 3069 5899 2405 5900 3069 5900 3066 5900 3066 5901 3069 5901 3070 5901 3066 5902 3070 5902 3058 5902 3058 5903 3070 5903 3059 5903 3059 5904 3070 5904 3071 5904 3059 5905 3071 5905 3055 5905 3055 5906 3071 5906 3072 5906 3055 5907 3072 5907 3056 5907 3056 5908 3072 5908 103 5908 3056 5909 103 5909 105 5909 268 5910 103 5910 3073 5910 3073 5911 103 5911 3072 5911 3073 5912 3072 5912 3074 5912 3074 5913 3072 5913 3071 5913 3074 5914 3071 5914 3075 5914 3075 5915 3071 5915 3070 5915 3075 5916 3070 5916 3076 5916 3076 5917 3070 5917 3069 5917 3076 5918 3069 5918 2407 5918 2407 5919 3069 5919 2406 5919 266 5920 268 5920 3077 5920 3077 5921 268 5921 3073 5921 3077 5922 3073 5922 3078 5922 3078 5923 3073 5923 3074 5923 3078 5924 3074 5924 3079 5924 3079 5925 3074 5925 3075 5925 3079 5926 3075 5926 3080 5926 3080 5927 3075 5927 3076 5927 3080 5928 3076 5928 2408 5928 2408 5929 3076 5929 2407 5929 3081 5930 3082 5930 3083 5930 3084 5931 3085 5931 3086 5931 3087 5932 3088 5932 3089 5932 3080 5933 2408 5933 2477 5933 3079 5934 3080 5934 3090 5934 3078 5935 3079 5935 3091 5935 3077 5936 3078 5936 3092 5936 271 5937 266 5937 3093 5937 3093 5938 266 5938 3077 5938 3080 5939 2477 5939 3090 5939 3090 5940 2477 5940 2476 5940 3090 5941 2476 5941 3094 5941 3094 5942 2476 5942 2475 5942 3094 5943 2475 5943 3095 5943 2475 5944 2474 5944 3095 5944 3095 5945 2474 5945 2473 5945 3095 5946 2473 5946 3096 5946 3096 5947 2473 5947 2470 5947 3096 5948 2470 5948 3097 5948 2470 5949 2471 5949 3097 5949 3097 5950 2471 5950 2472 5950 3097 5951 2472 5951 3098 5951 3098 5952 2472 5952 2409 5952 3098 5953 2409 5953 3099 5953 3079 5954 3090 5954 3091 5954 3091 5955 3090 5955 3094 5955 3091 5956 3094 5956 3100 5956 3100 5957 3094 5957 3095 5957 3100 5958 3095 5958 3101 5958 3101 5959 3095 5959 3096 5959 3101 5960 3096 5960 3102 5960 3102 5961 3096 5961 3097 5961 3102 5962 3097 5962 3103 5962 3103 5963 3097 5963 3098 5963 3103 5964 3098 5964 3089 5964 3089 5965 3098 5965 3099 5965 3089 5966 3099 5966 3087 5966 3078 5967 3091 5967 3092 5967 3092 5968 3091 5968 3100 5968 3092 5969 3100 5969 3104 5969 3104 5970 3100 5970 3101 5970 3104 5971 3101 5971 3105 5971 3105 5972 3101 5972 3102 5972 3105 5973 3102 5973 3106 5973 3106 5974 3102 5974 3103 5974 3106 5975 3103 5975 3107 5975 3107 5976 3103 5976 3089 5976 3107 5977 3089 5977 3086 5977 3086 5978 3089 5978 3088 5978 3086 5979 3088 5979 3084 5979 3077 5980 3092 5980 3093 5980 3093 5981 3092 5981 3104 5981 3093 5982 3104 5982 3108 5982 3108 5983 3104 5983 3105 5983 3108 5984 3105 5984 3109 5984 3109 5985 3105 5985 3106 5985 3109 5986 3106 5986 3110 5986 3110 5987 3106 5987 3107 5987 3110 5988 3107 5988 3111 5988 3111 5989 3107 5989 3086 5989 3111 5990 3086 5990 3083 5990 3083 5991 3086 5991 3085 5991 3083 5992 3085 5992 3081 5992 271 5993 3093 5993 272 5993 272 5994 3093 5994 3108 5994 272 5995 3108 5995 274 5995 274 5996 3108 5996 3109 5996 274 5997 3109 5997 288 5997 288 5998 3109 5998 3110 5998 288 5999 3110 5999 289 5999 289 6000 3110 6000 3111 6000 289 6001 3111 6001 290 6001 290 6002 3111 6002 3083 6002 290 6003 3083 6003 281 6003 281 6004 3083 6004 3082 6004 281 6005 3082 6005 280 6005 3112 6006 3113 6006 3114 6006 3114 6007 3113 6007 3115 6007 3114 6008 3115 6008 3116 6008 3116 6009 3115 6009 3117 6009 2416 6010 2415 6010 3118 6010 3118 6011 2415 6011 3119 6011 284 6012 3113 6012 303 6012 303 6013 3113 6013 3112 6013 303 6014 3112 6014 301 6014 3084 6015 3115 6015 3085 6015 3085 6016 3115 6016 3113 6016 3085 6017 3113 6017 3081 6017 3081 6018 3113 6018 284 6018 3081 6019 284 6019 3082 6019 3082 6020 284 6020 280 6020 3084 6021 3088 6021 3115 6021 3115 6022 3088 6022 3118 6022 3115 6023 3118 6023 3117 6023 3117 6024 3118 6024 3119 6024 2409 6025 2416 6025 3099 6025 3099 6026 2416 6026 3118 6026 3099 6027 3118 6027 3087 6027 3087 6028 3118 6028 3088 6028 2415 6029 2413 6029 3119 6029 3119 6030 2413 6030 3120 6030 3119 6031 3120 6031 3117 6031 3117 6032 3120 6032 3121 6032 3117 6033 3121 6033 3116 6033 3116 6034 3121 6034 3122 6034 3116 6035 3122 6035 3114 6035 3114 6036 3122 6036 3123 6036 3114 6037 3123 6037 3112 6037 3112 6038 3123 6038 3124 6038 3112 6039 3124 6039 301 6039 301 6040 3124 6040 307 6040 998 6041 307 6041 3124 6041 2773 6042 1140 6042 1137 6042 2420 6043 2429 6043 2704 6043 3125 6044 2774 6044 2773 6044 3126 6045 2775 6045 2774 6045 2704 6046 2772 6046 3127 6046 3127 6047 2772 6047 2775 6047 2773 6048 1137 6048 3125 6048 3125 6049 1137 6049 1118 6049 3125 6050 1118 6050 3128 6050 1129 6051 3129 6051 3130 6051 1118 6052 1116 6052 3128 6052 3128 6053 1116 6053 1134 6053 3128 6054 1134 6054 3131 6054 3131 6055 1134 6055 1133 6055 3131 6056 1133 6056 3130 6056 3130 6057 1133 6057 1131 6057 3130 6058 1131 6058 1129 6058 1104 6059 3132 6059 3133 6059 1129 6060 1127 6060 3129 6060 3129 6061 1127 6061 1125 6061 3129 6062 1125 6062 3134 6062 3134 6063 1125 6063 1123 6063 3134 6064 1123 6064 3133 6064 3133 6065 1123 6065 1121 6065 3133 6066 1121 6066 1104 6066 1090 6067 3135 6067 3136 6067 1104 6068 1102 6068 3132 6068 3132 6069 1102 6069 1108 6069 3132 6070 1108 6070 3137 6070 3137 6071 1108 6071 1099 6071 3137 6072 1099 6072 3136 6072 3136 6073 1099 6073 991 6073 3136 6074 991 6074 1090 6074 1090 6075 994 6075 3135 6075 3135 6076 994 6076 1077 6076 3135 6077 1077 6077 3138 6077 3138 6078 1077 6078 997 6078 3138 6079 997 6079 3139 6079 3139 6080 997 6080 1066 6080 3139 6081 1066 6081 3140 6081 3140 6082 1066 6082 1062 6082 3140 6083 1062 6083 3141 6083 3141 6084 1062 6084 1057 6084 1057 6085 1052 6085 3141 6085 3141 6086 1052 6086 1047 6086 3141 6087 1047 6087 3142 6087 3142 6088 1047 6088 1036 6088 3142 6089 1036 6089 3143 6089 3143 6090 1036 6090 1035 6090 3143 6091 1035 6091 3144 6091 3144 6092 1035 6092 1019 6092 1019 6093 1021 6093 3144 6093 3144 6094 1021 6094 1026 6094 3144 6095 1026 6095 3145 6095 3145 6096 1026 6096 998 6096 2774 6097 3125 6097 3126 6097 3126 6098 3125 6098 3128 6098 3126 6099 3128 6099 3146 6099 3146 6100 3128 6100 3131 6100 3146 6101 3131 6101 3147 6101 3147 6102 3131 6102 3130 6102 3147 6103 3130 6103 3148 6103 3148 6104 3130 6104 3129 6104 3148 6105 3129 6105 3149 6105 3149 6106 3129 6106 3134 6106 3149 6107 3134 6107 3150 6107 3150 6108 3134 6108 3133 6108 3150 6109 3133 6109 3151 6109 3151 6110 3133 6110 3132 6110 3151 6111 3132 6111 3152 6111 3152 6112 3132 6112 3137 6112 3152 6113 3137 6113 3153 6113 3153 6114 3137 6114 3136 6114 3153 6115 3136 6115 3154 6115 3154 6116 3136 6116 3135 6116 3154 6117 3135 6117 3155 6117 3155 6118 3135 6118 3138 6118 3155 6119 3138 6119 3156 6119 3156 6120 3138 6120 3139 6120 3156 6121 3139 6121 3157 6121 3157 6122 3139 6122 3140 6122 3157 6123 3140 6123 3158 6123 3158 6124 3140 6124 3141 6124 3158 6125 3141 6125 3159 6125 3159 6126 3141 6126 3142 6126 3159 6127 3142 6127 3160 6127 3160 6128 3142 6128 3143 6128 3160 6129 3143 6129 3161 6129 3161 6130 3143 6130 3144 6130 3161 6131 3144 6131 3162 6131 3162 6132 3144 6132 3145 6132 3162 6133 3145 6133 3163 6133 998 6134 3124 6134 3145 6134 3145 6135 3124 6135 3123 6135 3145 6136 3123 6136 3163 6136 3163 6137 3123 6137 3122 6137 3163 6138 3122 6138 3121 6138 2775 6139 3126 6139 3127 6139 3127 6140 3126 6140 3146 6140 3127 6141 3146 6141 3164 6141 3164 6142 3146 6142 3147 6142 3164 6143 3147 6143 3165 6143 3165 6144 3147 6144 3148 6144 3165 6145 3148 6145 3166 6145 3166 6146 3148 6146 3149 6146 3166 6147 3149 6147 3167 6147 3167 6148 3149 6148 3150 6148 3167 6149 3150 6149 3168 6149 3168 6150 3150 6150 3151 6150 3168 6151 3151 6151 3169 6151 3169 6152 3151 6152 3152 6152 3169 6153 3152 6153 3170 6153 3170 6154 3152 6154 3153 6154 3170 6155 3153 6155 3171 6155 3171 6156 3153 6156 3154 6156 3171 6157 3154 6157 3172 6157 3172 6158 3154 6158 3155 6158 3172 6159 3155 6159 3173 6159 3173 6160 3155 6160 3156 6160 3173 6161 3156 6161 3174 6161 3174 6162 3156 6162 3157 6162 3174 6163 3157 6163 3175 6163 3175 6164 3157 6164 3158 6164 3175 6165 3158 6165 3176 6165 3176 6166 3158 6166 3159 6166 3176 6167 3159 6167 3177 6167 3177 6168 3159 6168 3160 6168 3177 6169 3160 6169 3178 6169 3178 6170 3160 6170 3161 6170 3178 6171 3161 6171 3179 6171 3179 6172 3161 6172 3162 6172 3179 6173 3162 6173 3180 6173 3180 6174 3162 6174 3163 6174 3180 6175 3163 6175 3181 6175 3181 6176 3163 6176 3121 6176 3181 6177 3121 6177 3120 6177 2704 6178 3127 6178 2420 6178 2420 6179 3127 6179 3164 6179 2420 6180 3164 6180 2432 6180 2432 6181 3164 6181 3165 6181 2432 6182 3165 6182 2431 6182 2431 6183 3165 6183 3166 6183 2431 6184 3166 6184 2428 6184 2428 6185 3166 6185 3167 6185 2428 6186 3167 6186 2436 6186 2436 6187 3167 6187 3168 6187 2436 6188 3168 6188 2433 6188 2433 6189 3168 6189 3169 6189 2433 6190 3169 6190 2434 6190 2434 6191 3169 6191 3170 6191 2434 6192 3170 6192 2435 6192 2435 6193 3170 6193 3171 6193 2435 6194 3171 6194 2437 6194 2437 6195 3171 6195 3172 6195 2437 6196 3172 6196 2426 6196 2426 6197 3172 6197 3173 6197 2426 6198 3173 6198 2427 6198 2427 6199 3173 6199 3174 6199 2427 6200 3174 6200 2418 6200 2418 6201 3174 6201 3175 6201 2418 6202 3175 6202 2419 6202 2419 6203 3175 6203 3176 6203 2419 6204 3176 6204 2430 6204 2430 6205 3176 6205 3177 6205 2430 6206 3177 6206 2421 6206 2421 6207 3177 6207 3178 6207 2421 6208 3178 6208 2422 6208 2422 6209 3178 6209 3179 6209 2422 6210 3179 6210 2424 6210 2424 6211 3179 6211 3180 6211 2424 6212 3180 6212 2425 6212 2425 6213 3180 6213 3181 6213 2425 6214 3181 6214 2412 6214 2412 6215 3181 6215 3120 6215 2412 6216 3120 6216 2413 6216</p>
        </triangles>
      </mesh>
    </geometry>
    <geometry id="MRH-F-Mid-MagTac-Sensor-Visual_00-mesh" name="MRH-F-Mid-MagTac-Sensor-Visual,00">
      <mesh>
        <source id="MRH-F-Mid-MagTac-Sensor-Visual_00-mesh-positions">
          <float_array id="MRH-F-Mid-MagTac-Sensor-Visual_00-mesh-positions-array" count="2913">0.005649983 -0.01152509 0.007947981 -0.006499946 -0.01152509 0.007947981 0.005649983 -0.009885966 0.009912967 -0.006499946 -0.009885966 0.009912967 0.005649983 -0.00791651 0.01154679 -0.006499946 -0.00791651 0.01154679 0.005649983 -0.005682528 0.01279485 -0.006499946 -0.005682528 0.01279485 0.005649983 -0.003258764 0.01361542 -0.006499946 -0.003258764 0.01361542 0.005649983 -7.26132e-4 0.0139811 -0.006499946 -7.26132e-4 0.0139811 0.005649983 0.001830756 0.01387977 -0.006499946 0.001830756 0.01387977 0.00939995 0.001830756 0.02263474 -0.005499958 0.001830756 0.02263474 0.00939995 -2.67155e-4 0.02250283 -0.005499958 -2.67155e-4 0.02250283 0.00939995 -0.002357482 0.02272433 -0.005499958 -0.002357482 0.02272433 0.00939995 -0.004381239 0.02329295 -0.005499958 -0.004381239 0.02329295 0.00939995 -0.006281018 0.02419263 -0.005499958 -0.006281018 0.02419263 0.00939995 -0.008003234 0.02539801 -0.005499958 -0.008003234 0.02539801 0.00939995 -0.009499073 0.02687489 -0.005499958 -0.009499073 0.02687489 0.00939995 0.001830756 0.02538067 0.00939995 5.88405e-4 0.0271632 0.00939995 -6.9217e-5 0.02728068 0.00939995 -0.008620738 0.02718329 0.00939995 -0.007743597 0.02728068 0.00939995 0.001274228 0.02672415 0.00939995 0.001713335 0.02603828 -0.005499958 -6.9217e-5 0.02728068 -0.005499958 -0.007743597 0.02728068 -0.005499958 -0.008620738 0.02718329 -0.005499958 0.001830756 0.02538067 -0.005499958 0.001713335 0.02603828 -0.005499958 0.001274228 0.02672415 -0.005499958 5.88405e-4 0.0271632 0.003999948 -0.01653409 0.0150932 0 -0.01653409 0.0150932 0.003999948 -0.01662975 0.01439368 0 -0.01663476 0.01383125 0.003999948 -0.01663476 0.01383125 0.003999948 -0.01650863 0.01292759 0 -0.01640403 0.0125485 0.003999948 -0.01640403 0.0125485 0.003999948 -0.01628178 0.01220828 0 -0.01587152 0.01140356 0.003999948 -0.01587152 0.01140356 0.003999948 -0.01552408 0.01091861 0 -0.0150882 0.01044654 0.003999948 -0.0150882 0.01044654 0 -0.01447248 0.009947061 0.003999948 -0.01447248 0.009947061 0.003999948 -0.01314496 0.02397 0 -0.01314496 0.02397 0.003999948 -0.01396632 0.02315622 0 -0.01418268 0.02289015 0.003999948 -0.01418268 0.02289015 0.003999948 -0.01465082 0.02220433 0 -0.01497191 0.02160376 0.003999948 -0.01497191 0.02160376 0.003999948 -0.01516687 0.0211516 0 -0.01544517 0.02027028 0.003999948 -0.01544517 0.02027028 0 -0.01549667 0.02004349 0.003999948 -0.01549667 0.02004349 0.004950284 -0.01547759 0.02007341 0.01470595 -0.0109269 0.02577674 0.01503211 -0.01035255 0.02625393 0.01474744 -0.01031476 0.02634483 0.007244169 -0.01388776 0.02323341 0.005627751 -0.01395362 0.02317011 0.005728244 -0.01461172 0.02225035 0.007035613 -0.01317679 0.0239433 0.005525827 -0.01316237 0.02395546 0.004523873 -0.01314777 0.02396768 0.009402751 -0.01455187 0.02186137 0.008534908 -0.01475 0.02164727 0.008087515 -0.01512122 0.02055907 0.007642924 -0.01490736 0.0214709 0.006437897 -0.01536822 0.02023273 0.006735861 -0.01502525 0.02133238 0.006040751 -0.01540732 0.02017736 0.01565158 -0.01009333 0.02564924 0.01551812 -0.01023352 0.02588003 0.01543837 -0.01055234 0.02531826 0.01518082 -0.01087003 0.02538871 0.01477628 -0.01144522 0.02489393 0.01431059 -0.01197135 0.02441138 0.01466518 -0.01171177 0.02427971 0.0149461 -0.01134896 0.02463042 0.01515203 -0.01104712 0.02490633 0.01532757 -0.01075673 0.0251547 0.01252847 -0.0133233 0.0231049 0.01293557 -0.01324927 0.0226714 0.01318204 -0.01291251 0.02350848 0.01314949 -0.01310175 0.02283018 0.01377809 -0.01246058 0.02394622 0.01400911 -0.01240384 0.02357119 0.01416558 -0.01225435 0.02372694 0.01426345 -0.01215654 0.02382838 0.01530289 -0.01032572 0.0260927 0.01496589 -0.01093041 0.02560561 0.01454377 -0.01148027 0.02513945 0.01405054 -0.01197832 0.02470356 0.0134887 -0.01243269 0.02429813 0.01286798 -0.01284158 0.02392911 0.01219838 -0.01320272 0.02360004 0.01181489 -0.01369565 0.02273625 0.01148056 -0.01352035 0.02330863 0.01104712 -0.01402652 0.02240502 0.01072126 -0.0137943 0.02305501 0.01024168 -0.01431131 0.02211374 0.009935617 -0.01402288 0.02283996 0.009126663 -0.0142101 0.02266043 0.008297026 -0.01435941 0.02251386 0.007449626 -0.01447415 0.02239787 0.01443487 -0.01086366 0.02588427 0.0142982 -0.01103419 0.02574115 0.0142706 -0.01144695 0.025339 0.0139873 -0.01135218 0.02547436 0.0137521 -0.01190906 0.02494668 0.01361989 -0.01165056 0.02522397 0.01316261 -0.01231896 0.02459663 0.01282733 -0.01213198 0.02482002 0.01251929 -0.01267498 0.02429145 0.01254987 -0.01226532 0.02470815 0.01183611 -0.0129767 0.02403169 0.01146584 -0.01266294 0.02437448 0.0111171 -0.0132305 0.02381253 0.01134258 -0.01269823 0.02434486 0.01036947 -0.01343888 0.02363169 0.01001125 -0.01298248 0.02410638 0.009607076 -0.01360315 0.02348804 0.009711623 -0.01302516 0.02407056 0.008831501 -0.01372921 0.02337664 0.008531451 -0.01313489 0.02397847 0.007708191 -0.01316797 0.02395069 0.004909217 -0.01515209 0.02117198 0.005822896 -0.01510584 0.02123248 0.009619295 -0.01474994 0.02100908 0.00964719 -0.01474171 0.02101874 0.01004886 -0.01461678 0.02116435 0.01141399 -0.01408898 0.02175962 0.01172155 -0.01394414 0.02191865 0.01280641 -0.01333415 0.02257984 0.007134139 -0.01511394 0.0104407 0.007038056 -0.01463782 0.01006072 0.008847773 -0.01473307 0.01012617 0.0130071 -0.01469296 0.01051908 0.01364374 -0.0142529 0.01016354 0.01391673 -0.0142489 0.01059943 0.01174318 -0.0146529 0.01009953 0.01155102 -0.01444995 0.009931623 0.01172709 -0.01440042 0.00989753 0.01245403 -0.01437628 0.009905874 0.01226532 -0.01421689 0.009771406 0.01311826 -0.01402789 0.009663224 0.0149458 -0.0118826 0.008167028 0.01524758 -0.01195013 0.008279085 0.01465487 -0.01238811 0.008514463 0.01488411 -0.01257574 0.008709013 0.01411819 -0.01303476 0.008958935 0.01443105 -0.01315498 0.009111821 0.0138719 -0.01326417 0.00911659 0.01389753 -0.01367771 0.009479403 0.01356106 -0.01351267 0.009287416 0.01155579 -0.01539736 0.01112788 0.01230686 -0.01507627 0.01084208 0.01246774 -0.01513332 0.01114684 0.01329755 -0.01472157 0.01104146 0.01348221 -0.0146054 0.01156902 0.01344978 -0.01462817 0.0115953 0.01302641 -0.01490342 0.01192247 0.01553153 -0.01194667 0.008481919 0.01574414 -0.0118665 0.008746802 0.0151658 -0.01259279 0.008925139 0.01538038 -0.01252913 0.009201347 0.01472717 -0.01319772 0.009359955 0.01495629 -0.01314949 0.009670138 0.01421678 -0.0137552 0.009776771 0.01446735 -0.01372599 0.01014101 0.01413893 -0.01407998 0.01099282 0.005713701 -0.01626753 0.01216232 0.005752861 -0.01648569 0.01285558 0.009232938 -0.01616787 0.01228839 0.009112119 -0.01601189 0.01176208 0.01009011 -0.01599156 0.01205658 0.009952366 -0.01585853 0.01158547 0.01091992 -0.01576405 0.0117892 0.01076918 -0.01565587 0.01137477 0.01171445 -0.0154798 0.01148623 0.004907131 -0.01662361 0.01436191 0.004917263 -0.01652884 0.01505494 0.004556298 -0.0165323 0.01507902 0.004893839 -0.01661807 0.01363939 0.006677985 -0.01655405 0.01344609 0.005786657 -0.01659649 0.01356583 0.006720244 -0.01655822 0.01411938 0.005814194 -0.01660162 0.01426911 0.006752431 -0.01646918 0.01476567 0.006362974 -0.01648902 0.01484918 0.007497489 -0.01638829 0.0126422 0.00845468 -0.01638466 0.01307642 0.007567524 -0.01648557 0.01328229 0.008526265 -0.0163843 0.01366472 0.007624685 -0.01648795 0.01391673 0.008580803 -0.0163033 0.01423013 0.008316636 -0.01633614 0.01432144 0.01260536 -0.01514375 0.01146328 0.01271617 -0.01510965 0.01178002 0.01185065 -0.0155074 0.01185685 0.0119611 -0.01548188 0.01222681 0.01104968 -0.01580876 0.01221662 0.01115524 -0.01579153 0.01264232 0.01020884 -0.0160523 0.01254141 0.01030564 -0.01604223 0.01302337 0.009337186 -0.01624292 0.01282912 0.009422302 -0.01623851 0.01336598 0.005577445 -0.0150578 0.01040774 0.005531013 -0.01452624 0.009984016 0.006338179 -0.01458346 0.01002335 0.005624413 -0.01553857 0.01091969 0.01043492 -0.01466006 0.01007604 0.01100212 -0.01485753 0.01024413 0.01006573 -0.01469647 0.01010107 0.01024448 -0.01499611 0.01034349 0.009473502 -0.01508063 0.01040583 0.008692085 -0.01512205 0.0104385 0.007231414 -0.01554405 0.01090043 0.005670368 -0.01594769 0.01150995 0.01330012 -0.01412993 0.009801208 0.01347762 -0.0142064 0.009969532 0.01264512 -0.01451325 0.01007771 0.01283186 -0.01462072 0.010284 0.01193779 -0.01483035 0.01031029 0.01212799 -0.01497381 0.01056009 0.01119309 -0.01507925 0.01049727 0.01137995 -0.015262 0.01079457 0.01042538 -0.01526355 0.01064091 0.01060241 -0.01548677 0.01098781 0.009638547 -0.01539331 0.01074761 0.009800076 -0.01565647 0.01114439 0.008836805 -0.01547789 0.01082313 0.008978486 -0.01577889 0.01126837 0.007326602 -0.01590955 0.01143097 0.007416307 -0.01619464 0.0120179 0.01585584 -0.01172935 0.009024143 0.01549893 -0.0124014 0.009488582 0.01511418 -0.01298946 0.009960412 0.01461774 -0.01360225 0.01051431 0.01460444 -0.0136168 0.01052832 0.01204425 -0.01540845 0.01258438 0.01159602 -0.01558995 0.01285153 0.01037925 -0.0159673 0.01348769 0.01010155 -0.01603406 0.01361656 0.01293885 -0.01390606 0.009557783 0.008571922 -0.01568996 0.01732605 0.007521688 -0.01585459 0.01732593 0.005235254 -0.0160427 0.01732575 0.01214331 -0.0145601 0.01732683 0.01134574 -0.01491326 0.01732659 0.01048439 -0.01521933 0.01732641 0.009559631 -0.01547819 0.01732623 0.01354521 -0.01371204 0.01732724 0.01287657 -0.01415967 0.01732701 0.01414877 -0.01321715 0.01732742 0.01468682 -0.01267492 0.01732754 0.01515895 -0.01208543 0.01732772 0.01556462 -0.01144868 0.01732784 0.01590359 -0.01076447 0.0173279 0.0161519 -0.01010596 0.01732832 0.01611751 -0.009961783 0.01900422 0.01579481 -0.009711563 0.02587115 0.01591289 -0.009318172 0.02604413 0.01624566 -0.01078194 0.008608281 0.0162155 -0.01045745 0.01302027 0.01606047 -0.01126694 0.008779168 0.006409287 -0.01597219 0.01732581 0.01580238 -0.009432733 0.02634137 0.01567262 -0.009842097 0.02613717 0.01527637 -0.009520173 0.02680194 0.01495307 -0.009477674 0.02688527 0.01493269 -0.009580552 0.02683389 0.01557952 -0.009506046 0.02661192 0.0154528 -0.009926378 0.02638113 0.01516491 -0.009945809 0.02655899 0.01485997 -0.009902477 0.02664786 0.01596271 -0.01137489 0.008465468 0.01616185 -0.01085233 0.008265256 0.01574885 -0.01142692 0.008168697 0.01594758 -0.01087045 0.007943212 0.01545077 -0.0114066 0.007951378 0.01563626 -0.01082646 0.007717132 0.01513159 -0.01132452 0.007846534 0.01530063 -0.01073545 0.007623076 0.01622527 -0.007935583 0.02634131 0.01649433 -0.007949173 0.02159148 0.0165891 -0.007164359 0.02234321 0.01617556 -0.009547233 0.0203185 0.01635617 -0.008750855 0.0209015 0.0161761 -0.008179545 0.02633273 0.01607823 -0.00863099 0.02626937 0.016047 -0.008767187 0.02623772 0.01669567 -0.004392206 0.0250619 0.01657104 -0.005184412 0.02634114 0.01668977 -0.005028963 0.02451604 0.01651597 -0.005859792 0.02634131 0.01667672 -0.005700111 0.02385079 0.01650619 -0.005963206 0.02634137 0.01634228 -0.007271051 0.02634131 0.01674294 -3.45329e-4 0.02546226 0.01671773 -0.002004563 0.02634024 0.01676452 -0.001718699 0.02558237 0.01670771 -0.002508342 0.02633893 0.01675248 -0.00241059 0.02561199 0.01667898 -0.003206014 0.02633798 0.01672488 -0.00310564 0.02561444 0.01666283 -0.003540992 0.02633881 0.0167126 -0.00344038 0.02555787 0.01664733 -0.003863096 0.02633953 0.01670432 -0.003763377 0.02544313 0.01664149 -0.003982722 0.02633976 0.01661294 -0.004523634 0.0263406 0.01666271 9.1494e-4 0.02544623 0.0166561 9.08445e-4 0.02555471 0.01664537 8.40307e-4 0.02580267 0.01664245 7.62119e-4 0.02594357 0.01664274 6.29668e-4 0.02609753 0.01664811 4.34851e-4 0.02623569 0.0166524 3.27316e-4 0.02628427 0.01666975 -1.19563e-5 0.02634555 0.01750737 5.69491e-4 0.008736133 0.01749223 7.67389e-4 0.008989632 0.01706379 -0.001006364 0.02003365 0.01749014 7.87321e-4 0.009029924 0.01747381 8.69607e-4 0.009399533 0.0170263 4.28161e-4 0.01990896 0.01712834 8.91114e-4 0.01742559 0.01752912 -3.28708e-4 0.008495509 0.01752752 -5.93908e-5 0.008496046 0.01752537 8.73416e-5 0.008507728 0.01752066 2.71333e-4 0.008556008 0.01751226 4.79277e-4 0.008664846 0.01705884 -0.001732766 0.02006435 0.01703751 -0.002465605 0.02006691 0.01752132 -0.001150667 0.008494675 0.01702791 -0.002823352 0.0200082 0.01751518 -0.001560866 0.00849545 0.01702195 -0.003173232 0.01988911 0.01750916 -0.001970708 0.008495867 0.01749932 -0.002543628 0.008495986 0.01729011 -0.003317475 0.01374608 0.01749336 -0.002816438 0.008495926 0.01728332 -0.004106938 0.01318836 0.01746463 -0.003724396 0.008495092 0.01726192 -0.004950761 0.01250863 0.0174148 -0.004677951 0.008493661 0.01739108 -0.00501579 0.008493125 0.01712435 -0.006822049 0.01096832 0.01727229 -0.006246268 0.008491039 0.01698249 -0.007835566 0.01020026 0.01709532 -0.007471561 0.00848931 0.01678085 -0.008871674 0.009495258 0.01685029 -0.008690774 0.008488297 0.01652222 -0.009895622 0.008899629 0.0165314 -0.009901106 0.008488178 0.0163455 -0.01049083 0.008541464 0.01638484 -0.009725987 0.01456785 0.01701647 -0.003866136 0.01949322 0.01701122 -0.004578411 0.01892644 0.01699554 -0.005334854 0.01823562 0.01688665 -0.007000386 0.01667022 0.01677042 -0.007898509 0.01588964 0.01660251 -0.00881648 0.01517319 0.01647019 -0.009882926 0.008111059 0.01546114 -0.0101006 0.007492899 0.01632308 -0.010369 0.008155047 0.01611 -0.0103476 0.007816374 0.0157898 -0.01027613 0.007586359 0.01557332 -0.009616851 0.007463455 0.01592397 -0.009720921 0.007532894 0.01625567 -0.009819328 0.007761418 0.01598149 -0.008683502 0.02660202 0.01614004 -0.007918894 0.02669233 0.01575911 -0.008700907 0.02690404 0.01544481 -0.008675575 0.02710801 0.01510763 -0.008616507 0.02718424 0.01591825 -0.007875382 0.02700889 0.01559472 -0.007812023 0.0272153 0.01524573 -0.007743597 0.02728068 0.01655513 -0.003978431 0.02669119 0.01658195 -1.70013e-5 0.02669531 0.01663118 -0.00200361 0.02669155 0.01641976 -0.005954802 0.02669233 0.01619482 -0.005933046 0.02700889 0.01635617 -2.99807e-5 0.02701032 0.01602762 -4.88612e-5 0.0272156 0.01640522 -0.002001166 0.02700853 0.01607537 -0.00199759 0.02721518 0.01599997 -0.003951013 0.02721518 0.01632946 -0.003967285 0.02700835 0.01586663 -0.005901277 0.0272153 0.01551264 -0.005867004 0.02728068 0.01564443 -0.003933489 0.02728068 0.01571953 -0.001993775 0.02728068 0.01567351 -6.9217e-5 0.02728068 0.01654464 0.001027345 0.02615457 0.01654815 0.001152515 0.02593415 0.0163207 0.001431822 0.0260474 0.01600587 0.001726567 0.02576857 0.01632964 0.001530349 0.02574384 0.01655668 0.001230716 0.02569305 0.0166561 9.08445e-4 0.02555471 0.01600694 6.14023e-4 0.02708554 0.01633238 5.53102e-4 0.02689486 0.01599955 9.23171e-4 0.02692693 0.01632368 8.24549e-4 0.02675563 0.01599508 0.00120294 0.02670699 0.01631826 0.001070022 0.02656316 0.01599431 0.00143665 0.02643448 0.01655918 4.49294e-4 0.02660548 0.01654577 8.63228e-4 0.02634334 0.01634347 2.63891e-4 0.02697986 0.0160166 2.85006e-4 0.0271818 0.01566451 2.79512e-4 0.02724814 0.01631706 0.001275122 0.0263251 0.01599782 0.001614987 0.02611637 0.01565796 0.001791238 0.02576494 0.01566845 0.001830756 0.02538067 0.01601839 0.001767218 0.02540373 0.01634365 0.001567006 0.02542519 0.01657009 0.001259028 0.02544015 0.01565724 6.08339e-4 0.02715575 0.01565116 9.49032e-4 0.02698475 0.01564788 0.001243352 0.02675437 0.0156477 0.001489102 0.02646762 0.01565092 0.00167334 0.02613794 0.01739287 0.001226842 0.009396612 0.01704174 0.00124216 0.01742148 0.01716804 0.001551449 0.009388506 0.01681602 0.001558899 0.01741027 0.01683515 0.001763641 0.009376466 0.01648664 0.00176537 0.0173937 0.01647526 0.001830756 0.009363472 0.0161314 0.001830756 0.0173757 0.01652562 2.73906e-4 0.007494747 0.01652008 6.9257e-4 0.007622897 0.01689428 5.93105e-4 0.007659852 0.01752537 8.73416e-5 0.008507728 0.01746606 -5.99953e-5 0.008116781 0.01648288 0.001787841 0.008962035 0.01684463 0.001724839 0.008991539 0.0164889 0.00170654 0.008687734 0.01685541 0.001608133 0.008628547 0.01722782 7.93633e-4 0.008014261 0.01688671 9.01506e-4 0.007814049 0.01721686 0.001041829 0.008204758 0.01687729 0.001182794 0.008029639 0.01720428 0.001253902 0.008447051 0.01686656 0.001423656 0.008304476 0.01719135 0.001415908 0.00873214 0.01717889 0.001517951 0.009050965 0.01740312 0.001199305 0.009129703 0.01741486 0.00111705 0.008877873 0.01742714 9.87266e-4 0.008653044 0.01743888 8.17843e-4 0.00846225 0.01751226 4.79277e-4 0.008664846 0.0174576 4.03144e-4 0.008205354 0.0172367 5.2101e-4 0.007877767 0.0168997 2.68331e-4 0.007567524 0.01652812 -6.9217e-5 0.007463455 0.01724302 2.33558e-4 0.00779587 0.0172429 -6.2189e-5 0.00776422 0.01689577 -6.56023e-5 0.00753349 0.01650834 0.001218616 0.007966578 0.01650524 0.001322507 0.008070111 0.01649135 0.001663863 0.008584797 0.01647531 -0.003437638 0.007463455 0.01686763 -0.002531051 0.00753349 0.01641345 -0.004673123 0.007463455 0.0167604 -0.004968106 0.007533252 0.01639437 -0.00494045 0.007463455 0.01664376 -0.006171524 0.007533133 0.01613056 -0.007180631 0.007463455 0.01647108 -0.007364571 0.007532954 0.01623308 -0.008548021 0.007532894 0.01587641 -0.008465468 0.007463455 0.01678812 -0.008676409 0.008111119 0.01703268 -0.007460832 0.008111834 0.0172097 -0.006238818 0.008113145 0.01732891 -0.005011081 0.008114635 0.01743781 -0.002542376 0.008116781 0.01721471 -0.002537965 0.00776416 0.01710617 -0.004994273 0.007763147 0.0169878 -0.006212413 0.007762432 0.01681226 -0.007423043 0.007761776 0.01657021 -0.008625984 0.007761478 -0.003999948 -0.0150882 0.01044654 -0.003999948 -0.01447248 0.009947061 -0.003999948 -0.01550716 0.01089781 -0.003999948 -0.01587152 0.01140356 -0.003999948 -0.01627492 0.01219129 -0.003999948 -0.01640403 0.0125485 -0.003999948 -0.01650553 0.01291429 -0.003999948 -0.01663476 0.01383125 -0.003999948 -0.01662999 0.01438933 -0.003999948 -0.01653409 0.0150932 -0.003999948 -0.01544517 0.02027028 -0.003999948 -0.01549667 0.02004349 0 -0.01544517 0.02027028 -0.003999948 -0.01516407 0.02115875 0 -0.01497191 0.02160376 -0.003999948 -0.01497191 0.02160376 -0.003999948 -0.01464283 0.02221763 0 -0.01418268 0.02289015 -0.003999948 -0.01418268 0.02289015 -0.003999948 -0.0139513 0.02317368 -0.003999948 -0.01314496 0.02397 -0.01474744 -0.01031476 0.02634483 -0.01503211 -0.01035255 0.02625393 -0.01470065 -0.01092618 0.02577948 -0.0139873 -0.01135212 0.02547436 -0.01428103 -0.01105469 0.02572393 -0.01443558 -0.01086395 0.02588403 -0.014265 -0.01144558 0.02534234 -0.01374602 -0.01190698 0.02495086 -0.01356387 -0.01169091 0.02519011 -0.01315599 -0.01231592 0.02460181 -0.01282733 -0.01213198 0.02482002 -0.01251226 -0.01267081 0.02429783 -0.01248121 -0.01229596 0.0246824 -0.01182883 -0.01297128 0.02403938 -0.01146584 -0.01266294 0.02437448 -0.01110976 -0.0132237 0.02382159 -0.01124256 -0.01272565 0.02432185 -0.01036244 -0.01343077 0.02364212 -0.01001125 -0.01298248 0.02410638 -0.009604692 -0.01303875 0.02405917 -0.00960052 -0.01359373 0.02349978 -0.008531451 -0.01313489 0.02397847 -0.0088256 -0.01371848 0.02338969 -0.007240056 -0.01387482 0.02324867 -0.00753647 -0.01317143 0.02394783 -0.004148364 -0.01314532 0.0239697 -0.005525827 -0.01316237 0.02395546 -0.005625784 -0.0139392 0.02318698 -0.007447004 -0.01446741 0.02240949 -0.005726933 -0.01460409 0.02226316 -0.006040751 -0.01540732 0.02017736 -0.006734967 -0.01502269 0.02133905 -0.006437897 -0.01536822 0.02023273 -0.007641732 -0.01490509 0.02147722 -0.007815897 -0.01517188 0.02049463 -0.004908919 -0.01514929 0.02117908 -0.0058223 -0.01510316 0.02123939 -0.0143091 -0.01197165 0.0244134 -0.01477491 -0.01144564 0.02489566 -0.0149461 -0.01134896 0.02463042 -0.01551812 -0.01023352 0.02588003 -0.01565158 -0.01009333 0.02564924 -0.01517957 -0.01087063 0.0253902 -0.01532757 -0.01075673 0.0251547 -0.01515203 -0.01104712 0.02490633 -0.01377636 -0.01246064 0.02394866 -0.01400911 -0.01240384 0.02357119 -0.01318013 -0.01291233 0.02351135 -0.01314949 -0.01310175 0.02283018 -0.01252645 -0.01332288 0.02310824 -0.01466518 -0.01171177 0.02427971 -0.01426345 -0.01215654 0.02382838 -0.01416558 -0.01225435 0.02372694 -0.008533418 -0.01474797 0.02165311 -0.008293807 -0.01435327 0.02252477 -0.009401023 -0.01455008 0.02186679 -0.009122908 -0.01420462 0.02267044 -0.01023977 -0.01430988 0.02211868 -0.009931445 -0.01401823 0.02284902 -0.01104515 -0.01402544 0.02240943 -0.01071673 -0.01379036 0.02306312 -0.0118128 -0.01369488 0.02274018 -0.01147592 -0.01351726 0.02331572 -0.01219379 -0.0132004 0.02360618 -0.01286357 -0.01283997 0.02393436 -0.01348459 -0.01243174 0.02430248 -0.01404684 -0.01197791 0.02470713 -0.01454037 -0.01148027 0.02514243 -0.01496273 -0.01093083 0.02560824 -0.01530289 -0.01032572 0.0260927 -0.004950284 -0.01547759 0.02007341 -0.01293557 -0.01324927 0.0226714 -0.01280641 -0.01333415 0.02257984 -0.01172155 -0.01394414 0.02191865 -0.008087515 -0.01512122 0.02055907 -0.00964719 -0.01474171 0.02101874 -0.01004886 -0.01461678 0.02116435 -0.01133054 -0.01412647 0.02171826 -0.01141399 -0.01408898 0.02175962 -0.01311057 -0.01402306 0.009658098 -0.01329356 -0.01412659 0.009795606 -0.01389139 -0.01367539 0.009474873 -0.008685946 -0.01510596 0.01042371 -0.008549034 -0.01472675 0.01012182 -0.006536841 -0.01459872 0.01003384 -0.008768498 -0.01473194 0.01012539 -0.009466528 -0.0150665 0.01039266 -0.01006567 -0.01469653 0.01010107 -0.01173496 -0.01464474 0.01009154 -0.01053029 -0.01464819 0.01006782 -0.01099407 -0.01484745 0.01023447 -0.01023685 -0.01498401 0.0103321 -0.01226538 -0.01421695 0.009771466 -0.01180022 -0.01437842 0.00988245 -0.01155102 -0.01444995 0.009931623 -0.01244592 -0.01436996 0.009899437 -0.01293885 -0.01390606 0.009557783 -0.01356112 -0.01351273 0.009287416 -0.01442533 -0.01315343 0.009108185 -0.01396745 -0.013179 0.009058058 -0.01487869 -0.01257473 0.008705854 -0.01458603 -0.01248735 0.008582651 -0.01524758 -0.01195013 0.008279085 -0.0149458 -0.0118826 0.008167028 -0.01472622 -0.01227962 0.008439898 -0.01329612 -0.01472187 0.01103824 -0.01300305 -0.01469165 0.01051312 -0.01230269 -0.01507431 0.01083499 -0.01302641 -0.01490342 0.01192247 -0.01271557 -0.01510995 0.01177811 -0.01205509 -0.01540374 0.01257771 -0.0119605 -0.01548218 0.01222461 -0.01204425 -0.01540845 0.01258438 -0.01363992 -0.01425212 0.01015859 -0.0144661 -0.01372647 0.01013875 -0.01460444 -0.0136168 0.01052832 -0.01495516 -0.01315009 0.009668171 -0.01511418 -0.01298946 0.009960412 -0.01537936 -0.01252973 0.009199559 -0.01574414 -0.0118665 0.008746802 -0.01553153 -0.01194667 0.008481919 -0.0151627 -0.01259309 0.0089221 -0.01472389 -0.01319777 0.009356439 -0.0142132 -0.01375484 0.009772658 -0.01391535 -0.01424932 0.01059669 -0.01344978 -0.01462817 0.0115953 -0.01413893 -0.01407998 0.01099282 -0.005752205 -0.01648265 0.01284277 -0.005712687 -0.01626098 0.01214593 -0.00489366 -0.01661735 0.01363056 -0.00910902 -0.01600712 0.01174968 -0.009230852 -0.01616579 0.01227867 -0.009948849 -0.01585441 0.01157438 -0.01008772 -0.01598984 0.01204788 -0.01076537 -0.01565247 0.01136505 -0.01091736 -0.01576268 0.01178151 -0.01155173 -0.01539468 0.01111948 -0.01171177 -0.01547878 0.01147955 -0.012465 -0.01513266 0.01114118 -0.005786299 -0.01659578 0.01355725 -0.006677389 -0.0165534 0.01343786 -0.006720006 -0.01655846 0.01411539 -0.005814015 -0.01660186 0.01426494 -0.004907071 -0.01662391 0.01435756 -0.007496118 -0.01638561 0.01263064 -0.00756675 -0.01648497 0.01327455 -0.008453726 -0.01638412 0.01306921 -0.007624387 -0.01648825 0.01391297 -0.008525907 -0.0163846 0.0136612 -0.01260381 -0.01514393 0.01145946 -0.01184916 -0.01550734 0.01185232 -0.01115471 -0.01579183 0.01263982 -0.01104825 -0.01580858 0.01221144 -0.01030516 -0.01604253 0.01302051 -0.01020753 -0.016052 0.01253551 -0.009421825 -0.0162388 0.01336282 -0.009336054 -0.0162425 0.01282256 -0.005669057 -0.01593655 0.01149106 -0.007414221 -0.0161888 0.01200318 -0.01263827 -0.01450878 0.01007086 -0.01193076 -0.01482445 0.01030188 -0.01118624 -0.0150718 0.01048731 -0.01041889 -0.01525455 0.01062917 -0.009632587 -0.01538276 0.01073414 -0.00883162 -0.01546585 0.01080805 -0.007130026 -0.01509457 0.010423 -0.005531013 -0.01452624 0.009984016 -0.005622744 -0.01552224 0.01089966 -0.007323741 -0.01589959 0.01141405 -0.01585584 -0.01172935 0.009024143 -0.01553207 -0.01234483 0.009446382 -0.01549893 -0.0124014 0.009488582 -0.01347237 -0.0142045 0.009964048 -0.01282638 -0.01461791 0.01027733 -0.01212239 -0.01497006 0.01055198 -0.01137441 -0.01525712 0.01078498 -0.01059716 -0.01548081 0.01097667 -0.009795308 -0.01564937 0.0111317 -0.008974313 -0.01577073 0.01125413 -0.007227897 -0.01552945 0.01088243 -0.005575478 -0.01503622 0.01038795 -0.01159602 -0.01558995 0.01285153 -0.01037925 -0.0159673 0.01348769 -0.01010155 -0.01603406 0.01361656 -0.008580803 -0.0163033 0.01423013 -0.008316636 -0.01633614 0.01432144 -0.006752431 -0.01646918 0.01476567 -0.006362974 -0.01648902 0.01484918 -0.004917263 -0.01652884 0.01505494 -0.004556298 -0.0165323 0.01507902 -0.005235254 -0.0160427 0.01732575 -0.01214331 -0.0145601 0.01732683 -0.01287657 -0.01415967 0.01732701 -0.006409287 -0.01597219 0.01732581 -0.007521688 -0.01585459 0.01732593 -0.008571922 -0.01568996 0.01732605 -0.009559631 -0.01547819 0.01732623 -0.01048439 -0.01521933 0.01732641 -0.01134574 -0.01491326 0.01732659 -0.01354521 -0.01371204 0.01732724 -0.01414877 -0.01321715 0.01732742 -0.01468682 -0.01267492 0.01732754 -0.01590359 -0.01076447 0.0173279 -0.0161519 -0.0101059 0.01732832 -0.01621806 -0.01047611 0.01277965 -0.01624566 -0.01078194 0.008608281 -0.01606059 -0.01126664 0.008779048 -0.01556462 -0.01144868 0.01732784 -0.01515895 -0.01208543 0.01732772 -0.01579481 -0.009711623 0.02587109 -0.01591289 -0.009318172 0.02604413 -0.01611661 -0.009958148 0.01904624 -0.01557332 -0.009616851 0.007463455 -0.006499946 -0.009616851 0.007463455 -0.01545786 -0.01011329 0.00749439 -0.006499946 -0.0108031 0.007643401 -0.01530063 -0.01073545 0.007623076 -0.01513171 -0.01132416 0.007846355 0.005649983 -0.0108031 0.007643401 0.005649983 -0.009616851 0.007463455 -0.01485997 -0.009902477 0.0266478 -0.01493269 -0.009580552 0.02683389 -0.01495307 -0.009477674 0.02688527 -0.01510763 -0.008616507 0.02718424 -0.01524573 -0.007743597 0.02728068 -0.01527631 -0.009520232 0.02680194 -0.01516491 -0.009945809 0.02655899 -0.01557952 -0.009506106 0.02661192 -0.0154528 -0.009926378 0.02638113 -0.01580238 -0.009432792 0.02634131 -0.01567262 -0.009842157 0.02613717 -0.01545089 -0.01140624 0.0079512 -0.01563626 -0.01082646 0.007717132 -0.01574903 -0.01142656 0.008168518 -0.01594758 -0.01087045 0.007943212 -0.01596289 -0.01137459 0.00846529 -0.01616191 -0.01085227 0.008265256 -0.01617556 -0.009547352 0.0203185 -0.01634222 -0.007271409 0.02634131 -0.0165891 -0.007164716 0.02234286 -0.01649427 -0.007949471 0.02159124 -0.01712429 -0.006822526 0.01096796 -0.01709532 -0.007471561 0.00848931 -0.01698243 -0.007835984 0.01020002 -0.01685029 -0.008690774 0.008488297 -0.01678079 -0.008871912 0.009495198 -0.0165314 -0.009901106 0.008488178 -0.01652216 -0.009895741 0.008899629 -0.01634061 -0.01050555 0.008544206 -0.01729011 -0.00331825 0.01374572 -0.01746463 -0.003725171 0.008495092 -0.01728332 -0.004107654 0.01318788 -0.0174148 -0.004678666 0.008493661 -0.01726192 -0.004951417 0.01250815 -0.01739108 -0.00501579 0.008493125 -0.01727229 -0.006246268 0.008491039 -0.01705884 -0.001733839 0.02006447 -0.01752126 -0.00115168 0.008494675 -0.01703751 -0.002466559 0.02006691 -0.01751518 -0.00156188 0.00849545 -0.01702791 -0.002824246 0.02000802 -0.01750916 -0.001971662 0.008495867 -0.01702195 -0.003174006 0.01988881 -0.01749932 -0.002543628 0.008495986 -0.01749336 -0.002817332 0.008495926 -0.01752066 2.7133e-4 0.008556008 -0.01752531 9.00142e-5 0.008508026 -0.01706379 -0.001007497 0.02003377 -0.01752752 -5.93908e-5 0.008496046 -0.01752912 -3.29857e-4 0.008495509 -0.01749217 7.68065e-4 0.008990824 -0.01750737 5.69481e-4 0.008736133 -0.01751208 4.83276e-4 0.008667409 -0.01666271 9.1494e-4 0.02544623 -0.01712834 8.91114e-4 0.01742559 -0.01702636 4.26874e-4 0.01990914 -0.01747381 8.69607e-4 0.009399533 -0.01749014 7.87318e-4 0.009029924 -0.0166524 3.27328e-4 0.02628427 -0.01664805 4.3578e-4 0.02623534 -0.016743 -3.46561e-4 0.02546244 -0.01664274 6.29673e-4 0.02609747 -0.01664245 7.63486e-4 0.02594208 -0.01664537 8.40302e-4 0.02580267 -0.01665616 9.08859e-4 0.0255531 -0.01666975 -1.19563e-5 0.02634555 -0.01676452 -0.001719772 0.02558249 -0.01671773 -0.002004563 0.02634024 -0.01675248 -0.002411544 0.02561199 -0.01670771 -0.002509295 0.02633893 -0.01672482 -0.003106534 0.02561438 -0.01667892 -0.003206908 0.02633798 -0.01671254 -0.003441214 0.02555769 -0.01666283 -0.003541827 0.02633881 -0.01670432 -0.003764092 0.02544283 -0.01664733 -0.003863811 0.02633953 -0.01664149 -0.003982722 0.02633976 -0.01669567 -0.004392802 0.02506148 -0.01661288 -0.00452429 0.0263406 -0.01668971 -0.005029559 0.0245155 -0.01657098 -0.005185008 0.02634114 -0.01667672 -0.005700647 0.02385026 -0.01651597 -0.005860328 0.02634131 -0.01650619 -0.005963206 0.02634137 -0.0160495 -0.008756279 0.02624094 -0.01617884 -0.008166253 0.02633363 -0.01622527 -0.007935583 0.02634131 -0.01635617 -0.008751034 0.02090138 -0.01701647 -0.003866851 0.0194928 -0.01701122 -0.004579067 0.0189259 -0.01699554 -0.00533545 0.01823508 -0.01688665 -0.007000803 0.01666986 -0.01677036 -0.007898807 0.0158894 -0.01660251 -0.008816719 0.01517307 -0.01638484 -0.009726047 0.01456785 -0.01593065 -0.009722948 0.007535696 -0.0157898 -0.01027613 0.007586359 -0.01611 -0.0103476 0.007816374 -0.01632308 -0.010369 0.008155047 -0.01647102 -0.009883224 0.008113384 -0.01625919 -0.009820401 0.007765173 -0.01544481 -0.008675575 0.02710801 -0.01575911 -0.008700907 0.02690404 -0.01598149 -0.008683502 0.02660202 -0.01613909 -0.007918655 0.02669447 -0.01558822 -0.007810711 0.0272178 -0.01591473 -0.007874727 0.02701222 -0.01641875 -0.005954742 0.02669447 -0.01606875 -0.00199753 0.02721768 -0.01571953 -0.001993775 0.02728068 -0.01567351 -6.9217e-5 0.02728068 -0.01599329 -0.003950715 0.02721768 -0.01568567 -0.003081262 0.02728068 -0.01544618 -0.006471872 0.02728068 -0.01586002 -0.005900621 0.0272178 -0.0155009 -0.005985379 0.02728068 -0.01602107 -4.92406e-5 0.0272181 -0.01635259 -3.01862e-5 0.02701365 -0.01640164 -0.002001166 0.02701187 -0.01658099 -1.70576e-5 0.02669745 -0.01663023 -0.00200361 0.0266937 -0.01655417 -0.003978431 0.0266934 -0.01632589 -0.003967106 0.02701175 -0.01619124 -0.005932688 0.02701228 -0.01656913 0.001261115 0.02544009 -0.01655966 0.001224637 0.02569192 -0.01665616 9.08859e-4 0.0255531 -0.01655113 0.001146852 0.02593177 -0.01654762 0.001022279 0.02615112 -0.01654875 8.59e-4 0.02633887 -0.01656216 4.47121e-4 0.02659964 -0.01601195 0.001769602 0.02540332 -0.01634013 0.001570224 0.02542495 -0.01600801 0.001725792 0.02576851 -0.01633316 0.00152719 0.02574336 -0.01599997 0.001614212 0.02611613 -0.01632422 0.001428842 0.02604627 -0.01599639 0.001435995 0.02643406 -0.01632058 0.001272499 0.02632331 -0.01599717 0.001202404 0.02670639 -0.01632177 0.001067876 0.02656084 -0.0160017 9.22789e-4 0.02692621 -0.0163272 8.22909e-4 0.02675288 -0.01600909 6.13807e-4 0.0270847 -0.0163359 5.52048e-4 0.02689176 -0.01601874 2.84962e-4 0.02718096 -0.01634699 2.63461e-4 0.02697658 -0.01566845 0.001830756 0.02538067 -0.01565796 0.001791238 0.02576494 -0.01565092 0.00167334 0.02613794 -0.0156477 0.001489102 0.02646762 -0.01564788 0.001243352 0.02675437 -0.01565116 9.49032e-4 0.02698475 -0.01565724 6.08339e-4 0.02715575 -0.01566451 2.79512e-4 0.02724814 -0.01648008 0.001767814 0.01739341 -0.01612216 0.001830756 0.0175563 -0.01647526 0.001830756 0.009363472 -0.01682853 0.001766204 0.009376227 -0.01716446 0.001554846 0.009388387 -0.01681244 0.001562178 0.01741009 -0.01739192 0.001228988 0.009396612 -0.01704072 0.001244306 0.01742142 -0.01684683 0.001724004 0.008991837 -0.01752531 9.00142e-5 0.008508026 -0.01746016 4.00724e-4 0.00821191 -0.01744157 8.13271e-4 0.008467376 -0.01751208 4.83276e-4 0.008667409 -0.01742982 9.81836e-4 0.008657157 -0.0174176 0.00111097 0.008880794 -0.01740592 0.001192808 0.009131252 -0.017466 -5.9996e-5 0.008116602 -0.01652008 6.9257e-4 0.007622897 -0.01689654 5.92838e-4 0.007660746 -0.01688897 9.01098e-4 0.007814824 -0.01724034 5.19784e-4 0.007881283 -0.01723146 7.91817e-4 0.00801748 -0.01687955 0.001182198 0.008030354 -0.01722043 0.001039505 0.008207499 -0.01686882 0.001422941 0.008305072 -0.01720792 0.001251101 0.008449256 -0.01685762 0.001607358 0.008628964 -0.01719492 0.001412749 0.008733749 -0.01718246 0.001514613 0.009051859 -0.01724666 2.32954e-4 0.007799625 -0.01690196 2.68209e-4 0.007568478 -0.01652562 2.73906e-4 0.007494747 -0.01724261 -6.2192e-5 0.007763862 -0.01689517 -6.56079e-5 0.007533311 -0.01652812 -6.9217e-5 0.007463455 -0.01650834 0.001218616 0.007966578 -0.01650524 0.001322507 0.008070111 -0.01649135 0.001663863 0.008584797 -0.0164889 0.00170654 0.008687734 -0.01648288 0.001787841 0.008962035 -0.01743775 -0.002542376 0.008116602 -0.01623255 -0.008547842 0.007532656 -0.01650005 -0.00252372 0.007463455 -0.01643258 -0.004362344 0.007463455 -0.01675987 -0.004968106 0.007533073 -0.01639437 -0.00494045 0.007463455 -0.01613503 -0.007153511 0.007463455 -0.01656991 -0.008625924 0.00776112 -0.01647049 -0.007364511 0.007532775 -0.01681196 -0.007422983 0.007761478 -0.01664322 -0.006171464 0.007532894 -0.0169875 -0.006212413 0.007762134 -0.01678806 -0.008676409 0.00811094 -0.01703262 -0.007460832 0.008111655 -0.01720964 -0.006238818 0.008112967 -0.01587635 -0.008465468 0.007463455 -0.01710587 -0.004994213 0.007762849 -0.01732885 -0.005011081 0.008114457 -0.01686704 -0.002531051 0.007533311 -0.01721441 -0.002537965 0.007763862 0.005649983 -6.9217e-5 0.007463455 0.005649983 5.88405e-4 0.007580935 0.005649983 0.001274228 0.008019983 0.005649983 0.001713335 0.008705854 0.005649983 0.001830756 0.009363472 -0.006499946 0.001830756 0.009363472 -0.006499946 0.001713335 0.008705854 -0.006499946 0.001274228 0.008019983 -0.006499946 5.88405e-4 0.007580935 -0.006499946 -6.9217e-5 0.007463455 -0.0155009 -0.005985379 0.02728068 -0.01613503 -0.007153511 0.007463455</float_array>
          <technique_common>
            <accessor source="#MRH-F-Mid-MagTac-Sensor-Visual_00-mesh-positions-array" count="971" stride="3">
              <param name="X" type="float"/>
              <param name="Y" type="float"/>
              <param name="Z" type="float"/>
            </accessor>
          </technique_common>
        </source>
        <source id="MRH-F-Mid-MagTac-Sensor-Visual_00-mesh-normals">
          <float_array id="MRH-F-Mid-MagTac-Sensor-Visual_00-mesh-normals-array" count="5553">0 0.7678964 -0.6405742 0 0.6384747 -0.7696429 0 0.6384745 -0.7696431 0 0.4877226 -0.8729987 0 0.4877224 -0.8729988 0 0.3206761 -0.947189 0 0.320676 -0.947189 0 0.1429166 -0.9897348 0 0.1429166 -0.9897348 0 -0.03961747 -0.999215 0 -0.06276738 0.9980282 0 0.1053611 0.9944341 0 0.2705096 0.9627173 0 0.4280086 0.9037746 0 0.4280083 0.9037748 0 0.5734028 0.8192737 0 0.7025812 0.7116037 0 0.7025809 0.7116039 -1 0 0 -1 0 0 -1 1.02329e-6 0 -1 -1.24988e-6 0 -1 1.58853e-6 0 1 0 0 1 -5.11643e-7 0 1 0 0 1 7.75768e-7 0 1 5.29509e-7 0 1 -3.1247e-7 0 1 0 0 1 -1.14935e-6 0 0 -0.9907782 0.1354944 -0.009927988 -0.9967813 0.07955181 0 -0.9999598 0.008970737 0 -0.9904013 -0.1382222 -0.00897032 -0.9841591 -0.1770612 0 -0.9639382 -0.266126 0 -0.9411177 -0.338079 -0.008162677 -0.9067052 -0.4216862 0 -0.8908986 -0.4542023 0 -0.8129355 -0.5823538 -0.009582042 -0.773805 -0.6333516 0 -0.7346756 -0.6784186 0 -0.6299789 -0.7766122 0 -0.62998 -0.7766113 0 -0.7038559 0.7103429 -0.007078588 -0.7210251 0.6928728 0 -0.7757996 0.6309795 0 -0.8259186 0.5637894 -0.01009774 -0.8523224 0.5229194 0 -0.8818824 0.4714694 0 -0.9182673 0.3959609 -0.008126318 -0.942373 0.3344658 0 -0.9535855 0.3011227 0 -0.975196 0.2213433 0.01259672 -0.9751154 0.2213397 0.1402145 -0.6786209 0.7209811 0.01032286 -0.8126742 0.5826268 0.001089334 -0.7064346 0.7077775 -0.001041769 -0.704491 0.7097122 -0.001588523 -0.7045261 0.7096764 0.1528825 -0.9528375 0.2621597 0.1131275 -0.9536659 0.2787896 0.09039437 -0.9589078 0.2689327 0.08220869 -0.9575252 0.2763825 0.05465328 -0.9573284 0.2837879 0.8396856 -0.5147906 0.1729705 0.7809969 -0.5842348 0.2207114 0.6272819 -0.7494419 0.2117883 0.683982 -0.7062289 0.1827824 0.7077885 -0.6745922 0.2096685 0.7084757 -0.6751213 0.2056055 0.7653995 -0.6175578 0.1810692 0.7819911 -0.5884013 0.2056058 0.4097092 -0.8816754 0.2340661 0.4361074 -0.8719796 0.2224004 0.4860304 -0.8475425 0.213181 0.5145915 -0.8360108 0.1904771 0.5517658 -0.8049836 0.2180737 0.5512496 -0.8057914 0.2163892 0.5782925 -0.7898917 0.2040809 0.6248803 -0.7572624 0.1899431 0.6581758 -0.6465327 0.3857461 0.6096273 -0.6747675 0.4159849 0.5787508 -0.7261953 0.3710634 0.5329056 -0.7466796 0.398097 0.5043616 -0.7820881 0.3660025 0.4600979 -0.7973893 0.3904874 0.4346572 -0.8223172 0.3672431 0.3929727 -0.8331506 0.3891435 0.3711963 -0.8505135 0.3726126 0.3318645 -0.8578569 0.3923616 0.3125435 -0.8705503 0.3800773 0.2765552 -0.8749478 0.3974713 0.2602899 -0.8837983 0.3887799 0.2278029 -0.8857854 0.4043394 0.2130067 -0.892434 0.3977307 0.1845828 -0.8925545 0.4114312 0.17049 -0.8977305 0.4062184 0.1465535 -0.8966345 0.4178143 0.133688 -0.900447 0.4139115 0.1139178 -0.8986166 0.4236875 0.1020041 -0.9014149 0.4207688 0.08606261 -0.8992342 0.4289186 0.07464396 -0.9013006 0.4267151 0.06245577 -0.8991217 0.4332199 0.0511204 -0.9006341 0.4315609 0.1281365 -0.6792986 0.7225887 0.1203288 -0.6929425 0.710881 0.1216955 -0.6968239 0.7068427 0.1052227 -0.6975722 0.7087463 0.09875398 -0.7061041 0.701188 0.09416818 -0.7054178 0.7025085 0.07850986 -0.7102544 0.6995535 0.07253962 -0.7084659 0.7020072 0.06519669 -0.7147959 0.6962876 0.06191325 -0.714011 0.6973916 0.04988306 -0.7140491 0.6983163 0.04545831 -0.711938 0.7007696 0.03977441 -0.7152884 0.6976966 0.03662025 -0.7144218 0.6987564 0.02934664 -0.7130598 0.7004889 0.02582222 -0.7107886 0.7029315 0.02139455 -0.7125557 0.7012893 0.01733875 -0.7112992 0.7026755 0.0146113 -0.7110868 0.7029525 0.01087051 -0.708772 0.7053539 0.007298707 -0.7096899 0.7044764 0.004593253 -0.7073789 0.7068196 0.001470208 -0.7063789 0.7078324 0.00876379 -0.9535485 0.3011121 0.02634173 -0.9581962 0.2848972 0.02961999 -0.9580749 0.2849831 0.006063938 -0.9182502 0.3959544 0.01831948 -0.9084212 0.4176547 0.03121495 -0.8814523 0.4712404 0.008682787 -0.8992663 0.4373157 0.003657996 -0.8259131 0.5637857 0.01406449 -0.8124431 0.582871 6.376e-4 -0.7758013 0.6309769 -6.00352e-4 -0.7038453 0.7103531 -5.72381e-4 -0.7038569 0.7103416 0.1543554 -0.9529896 0.2607399 0.1862686 -0.9454939 0.2671053 0.1901993 -0.944454 0.2680127 0.1981369 -0.9440787 0.2635474 0.2399243 -0.9372767 0.2528814 0.2584231 -0.9363673 0.2375578 0.2885748 -0.9233078 0.2534312 0.3067268 -0.919835 0.244586 0.3512365 -0.9062205 0.2353666 0.374667 -0.9014278 0.2169165 0.4114967 -0.8803319 0.2359795 0.03498685 -0.9589994 0.2812403 0.05336922 -0.9571851 0.2845147 0.03126138 -0.8980306 0.4388208 0.03387606 -0.8968027 0.4411321 0.01582324 -0.8165795 0.5770161 0.03099668 -0.8145219 0.5793041 0.02933621 -0.8157399 0.5776745 0.04690754 -0.8202483 0.5700812 0.0511142 -0.819254 0.5711482 0.06479853 -0.8222605 0.5654104 0.06999582 -0.8207101 0.567041 0.08633261 -0.8237581 0.5603297 0.09283995 -0.8213516 0.5628166 0.1120012 -0.8242838 0.5549882 0.1194972 -0.8208931 0.5584397 0.1412078 -0.8233839 0.5496358 0.1504988 -0.8182832 0.5547639 0.1744374 -0.8200769 0.545019 0.1868129 -0.8118662 0.5531495 0.2130205 -0.8127489 0.5422744 0.2279049 -0.8007399 0.553963 0.2559552 -0.8003084 0.5422117 0.2740595 -0.7823458 0.559309 0.3043096 -0.779971 0.5468466 0.3254728 -0.7533982 0.5713657 0.3576052 -0.7482827 0.558741 0.3808807 -0.709186 0.5932835 0.4154117 -0.6996746 0.5812819 -0.004603683 -0.6243419 -0.7811377 0.4416146 -0.8559876 -0.2688161 0.02434301 -0.6236 -0.7813646 0.02962142 -0.6233022 -0.7814198 0.02963179 -0.6237456 -0.7810657 0.0373587 -0.6180909 -0.7852185 0.1489266 -0.6168811 -0.7728381 0.1496948 -0.6175477 -0.772157 0.129984 -0.6326205 -0.763476 0.1299972 -0.632631 -0.7634649 0.1197853 -0.6464818 -0.7534673 0.1205856 -0.6504271 -0.7499359 0.108623 -0.651753 -0.7506126 0.27017 -0.9104989 -0.3130497 0.3271773 -0.8824825 -0.3379048 0.4001405 -0.8756473 -0.270425 0.566131 -0.8241465 -0.01668578 0.5411748 -0.840881 -0.007012367 0.6854659 -0.6338176 -0.3583459 0.6760183 -0.6315339 -0.3796897 0.634195 -0.6983637 -0.3317905 0.6255887 -0.6952114 -0.3540055 0.5759316 -0.7573911 -0.3076712 0.5688684 -0.7528704 -0.3310209 0.440319 -0.8492649 -0.2913216 0.6063292 -0.7952132 -0.001014471 0.6046314 -0.7956715 -0.03643935 0.008209526 -0.9537327 -0.3005439 0.1117612 -0.9454787 -0.3059077 0.109959 -0.9476516 -0.2997756 0.1569274 -0.9374871 -0.3106315 0.1554199 -0.9405316 -0.3020678 0.2097108 -0.9247165 -0.3176803 0.01847946 -0.9906452 0.1352068 -0.01114666 -0.9903396 -0.1382144 0.01698189 -0.9998239 -0.007995069 0.007056891 -0.9999349 0.008975744 0.01130312 -0.9912153 0.1317749 0.006635963 -0.9907562 0.1354925 0.02611285 -0.9875221 -0.1553006 0.04630589 -0.9988863 -0.00905472 0.04632639 -0.998885 -0.009088277 0.06928396 -0.9887195 0.1327912 0.07620608 -0.9898441 0.1200058 0.001703977 -0.9639335 -0.2661375 0.00660783 -0.9879797 -0.1544429 0.01028561 -0.98632 -0.1645213 0.02348124 -0.9996907 -0.008197963 0.02342188 -0.9996928 -0.008112013 0.03970515 -0.9872651 0.1540498 0.0464183 -0.9898012 0.1346814 0.07534623 -0.984584 -0.1578523 0.1100575 -0.9938425 -0.01283127 0.1104075 -0.9937918 -0.01371502 0.148068 -0.9808758 0.1263272 0.156898 -0.9825037 0.1003469 0.4136929 -0.9092144 -0.0467711 0.4123716 -0.9090037 -0.06051301 0.3376912 -0.9405665 -0.03604471 0.3376522 -0.9401576 -0.04576891 0.2682476 -0.9629534 -0.02764087 0.2688173 -0.9625941 -0.0339114 0.2069438 -0.978124 -0.02115952 0.2076399 -0.977889 -0.02487874 0.1582376 -0.9734155 -0.1655995 0.1570428 -0.9744619 -0.1605044 0.2120351 -0.9619345 -0.1724045 0.211057 -0.9634864 -0.1647694 0.2736996 -0.9444773 -0.1818003 0.273487 -0.9465667 -0.1709287 0.3418482 -0.9195036 -0.1940436 -0.006120085 -0.6236054 -0.7817154 -0.003376007 -0.6299749 -0.7766083 -0.007222652 -0.6236602 -0.7816623 -0.002542138 -0.734674 -0.6784156 -0.006838738 -0.8129157 -0.5823413 -0.006026387 -0.7292486 -0.6842224 -0.01181328 -0.7294746 -0.6839059 -0.005933225 -0.6237891 -0.7815701 -0.006827592 -0.6246098 -0.7809072 0.01744776 -0.62762 -0.7783243 0.0175271 -0.6184146 -0.7856566 0.00976938 -0.6317414 -0.7751178 0.01184308 -0.6246958 -0.7807784 0.002797007 -0.6280096 -0.7782006 0.004794359 -0.6216183 -0.7833057 5.6562e-4 -0.6262663 -0.7796092 -0.004337489 -0.6250658 -0.7805601 -0.004746973 -0.730736 -0.6826437 -0.01067119 -0.7313251 -0.6819456 -0.009629368 -0.8221779 -0.5691493 -0.001206696 -0.8219079 -0.5696191 -0.01170176 -0.8908376 -0.4541712 0.2137184 -0.7847616 -0.5817849 0.2092249 -0.776854 -0.5939046 0.1712103 -0.8018254 -0.572506 0.1689434 -0.7936658 -0.5844251 0.1298192 -0.8139298 -0.5662733 0.129686 -0.8062685 -0.5771591 0.09191054 -0.8214881 -0.56277 0.09339833 -0.8148609 -0.5720825 0.05994725 -0.8251925 -0.5616615 0.06231909 -0.8198925 -0.5691156 0.03422677 -0.8264197 -0.5620134 0.03687542 -0.8223994 -0.5677142 0.01005309 -0.8269159 -0.5622359 0.02764981 -0.8974782 -0.4401916 0.001439094 -0.8994012 -0.4371219 0.01558524 -0.9544085 -0.2980967 0.01641166 -0.953502 -0.3009397 0.03627699 -0.9874045 -0.1540012 0.04248273 -0.9826779 -0.1803873 0.0748648 -0.9971382 -0.01052892 0.07502132 -0.997123 -0.01084649 0.1144276 -0.9785226 0.1714642 0.1205171 -0.9842126 0.1296194 0.1225811 -0.7138749 -0.6894611 0.1197046 -0.7071446 -0.6968626 0.09549778 -0.7238903 -0.6832737 0.09422904 -0.7168747 -0.6908051 0.06925636 -0.7305887 -0.6792966 0.06956243 -0.7239043 -0.6863845 0.04546195 -0.7342988 -0.6773023 0.04698449 -0.7284168 -0.6835215 0.02586579 -0.7354965 -0.6770346 0.0280345 -0.7307156 -0.6821062 0.01059919 -0.7351884 -0.67778 0.01293873 -0.7315119 -0.6817059 -0.002410471 -0.7344526 -0.6786559 0.006559014 -0.8229414 -0.5680885 -0.00800836 -0.8241493 -0.5663162 -2.97615e-4 -0.8978915 -0.440217 -0.004345715 -0.8979882 -0.439998 -0.001252174 -0.9411157 -0.3380824 0.8484389 -0.5227307 -0.08309102 0.8427432 -0.5261538 -0.1137822 0.8001821 -0.5962181 -0.06505829 0.7935613 -0.6000804 -0.1008166 0.7459968 -0.6647919 -0.03925073 0.7398054 -0.6684662 -0.07642686 0.7116722 -0.7003949 -0.05449581 0.4378933 -0.6679029 -0.6017934 0.4298233 -0.6634374 -0.6124565 0.3991387 -0.7130616 -0.5763953 0.3913987 -0.7070931 -0.5889198 0.3556548 -0.7526516 -0.5540986 0.3490068 -0.7448095 -0.5687294 0.3136341 -0.7809339 -0.540163 0.5107292 -0.8106339 -0.286406 0.5063289 -0.8047631 -0.3098186 0.6746377 -0.7375009 -0.03092831 0.6718537 -0.7380363 -0.06257051 0.2091003 -0.9287163 -0.3062077 0.2690917 -0.9057313 -0.3274762 0.3431389 -0.9219449 -0.1796482 0.4132449 -0.8863201 -0.2089629 0.4851046 -0.8711598 -0.07585686 0.5539739 -0.8325331 -0.001347124 0.5029939 -0.8529884 0.1393133 0.4903776 -0.8691225 0.0644685 0.3991561 -0.9120017 0.09448522 0.3978068 -0.9163682 0.04493618 0.3455939 -0.924206 0.1625059 0.3407001 -0.9351597 0.09695279 0.2574536 -0.9595323 0.1140848 0.2637824 -0.9620464 0.06989866 0.03833246 -0.6210795 -0.7828097 0.04596227 -0.6141847 -0.7878227 0.1699498 -0.67191 -0.7208704 0.09996104 -0.6611834 -0.743535 0.2473521 -0.757085 -0.6046812 0.3785774 -0.7728549 -0.5092883 0.3079537 -0.8312434 -0.4628163 0.3023993 -0.8242059 -0.4787896 0.2524101 -0.8559417 -0.4512792 0.2493821 -0.8486781 -0.4664269 0.19793 -0.8743438 -0.4431104 0.1972641 -0.8675996 -0.4564622 0.1475144 -0.8867908 -0.4379972 0.1486038 -0.8810585 -0.4490579 0.1040802 -0.8941149 -0.4355754 0.1061275 -0.8896288 -0.4441819 0.06816512 -0.8979117 -0.4348657 0.07052958 -0.8945804 -0.4413065 0.03163421 -0.9005514 -0.4335972 0.05809873 -0.9534358 -0.2959468 0.0590831 -0.951231 -0.3027688 0.09341484 -0.9835668 -0.1544998 0.09802681 -0.9732197 -0.2079287 0.154087 -0.9879227 -0.01630884 0.1546528 -0.9878002 -0.01825886 0.2186459 -0.957425 0.1884977 0.2189651 -0.9686037 0.1177339 0.1518684 -0.9688792 0.1954719 0.04340302 -0.9776765 0.2055844 0.01326268 -0.9791392 0.2027576 0.018615 -0.9785689 0.2050768 0.399577 -0.9023386 0.1616272 0.2896914 -0.9417837 0.1706535 0.3291087 -0.926432 0.1827872 0.2334259 -0.9562028 0.1766033 0.2650176 -0.9468058 0.1825504 0.2181465 -0.9580454 0.1859059 0.1787989 -0.9657449 0.188063 0.554377 -0.8218892 0.131013 0.4950615 -0.8589476 0.1308559 0.5512578 -0.8234722 0.1341961 0.4708946 -0.8705067 0.1430965 0.4742974 -0.8686971 0.1428552 0.4089945 -0.8987351 0.1581106 0.3535809 -0.9222741 0.1561771 0.6419138 -0.7584903 0.1124239 0.7061033 -0.7007427 0.1018718 0.6844012 -0.7219149 0.1021465 0.7409273 -0.6649139 0.09442609 0.777674 -0.6228294 0.08547997 0.7853084 -0.6132782 0.08473861 0.8222495 -0.5637586 0.0779885 0.8411234 -0.535914 0.07285428 0.8517209 -0.5190691 0.07168638 0.8942425 -0.4430086 0.06382614 0.8867114 -0.4579026 0.06378322 0.9345408 -0.3524016 0.04946422 0.9229748 -0.3803685 0.05862855 0.9286448 -0.3665652 0.0569989 0.9492459 -0.3095299 0.05588817 0.9374379 -0.3466876 0.03190541 0.9214025 -0.3865354 0.0400964 0.8419402 -0.5364296 0.05813896 0.8951703 -0.4433051 0.04637539 0.8951078 -0.4434313 0.04637742 0.9222794 -0.3845133 0.03937453 0.9348373 -0.3525161 0.04256504 0.7070028 -0.7016354 0.08862817 0.7731702 -0.6294056 0.07782459 0.7782179 -0.623264 0.07693445 0.8042123 -0.5904884 0.0675733 0.8560354 -0.5136719 0.05783319 0.6308896 -0.7677373 0.112062 0.6730842 -0.7329382 0.09878885 0.7456548 -0.6603897 0.08879423 0.2407709 -0.9540939 0.1781409 0.310103 -0.9325218 0.1850388 0.2652728 -0.9477129 0.1773998 0.3709838 -0.9133515 0.1678098 0.3304863 -0.9302954 0.159152 0.4500667 -0.8788938 0.158069 0.4001164 -0.9035543 0.1532865 0.525433 -0.8393731 0.1391873 0.4749652 -0.8699143 0.1328812 0.6067487 -0.7850276 0.1248516 0.5520933 -0.8247151 0.1226298 0.6300318 -0.768402 0.1123312 0.6299 -0.7682402 0.1141624 0.6240954 -0.7728927 0.1146387 0.06794422 -0.9769621 0.2023083 0.1029431 -0.9740912 0.2013679 0.105767 -0.9735879 0.2023366 0.151935 -0.9693074 0.1932849 0.2053869 -0.958166 0.1993346 0.2058159 -0.9601633 0.1890138 0.1878083 -0.9622356 0.1970552 0.05872458 -0.9777727 0.2012764 0.05870509 -0.9774406 0.2028882 0.1029429 -0.9740925 0.2013618 0.09377259 -0.9741207 0.2056592 0.1371847 -0.9717504 0.1920458 0.008511424 -0.9775682 0.2104471 0.02308994 -0.9782402 0.206187 0.05560815 -0.9778965 0.2015593 0.9109113 -0.3611715 0.1994892 0.8785648 -0.4390023 0.1881517 0.1626941 -0.4663449 0.8695131 0.8936868 -0.3921113 0.2181115 0.738519 -0.4735145 0.4799727 0.7261 -0.4860121 0.4863857 0.4680382 -0.5295918 0.707441 0.4721513 -0.5269805 0.7066574 0.1693154 -0.5216358 0.8361989 0.1694646 -0.52155 0.836222 0.8558442 -0.4739504 0.2071273 0.7009484 -0.5637508 0.4368713 0.6854993 -0.577548 0.4433161 0.4390578 -0.6285443 0.6419972 0.4438318 -0.6259143 0.6412835 0.1360386 -0.6225066 0.7707003 0.165406 -0.6129555 0.7726101 0.880007 -0.4573488 -0.1281397 0.9060953 -0.3972398 -0.1455745 0.9063542 -0.3988325 -0.1394807 0.7549169 -0.4649036 -0.4625637 0.7508915 -0.4601344 -0.4737496 0.4979408 -0.4725062 -0.7271814 0.4797976 -0.4560348 -0.7495509 0.1846962 -0.4181541 -0.8894012 0.1497412 -0.3879414 -0.9094389 0.8810076 -0.4584861 -0.1166889 0.7220754 -0.5563549 -0.4111889 0.7184653 -0.5539123 -0.4207006 0.4734352 -0.5913361 -0.6528253 0.454478 -0.5783756 -0.6774448 0.1771651 -0.5559141 -0.8121405 0.13959 -0.527706 -0.8378789 0.983389 -0.1725913 0.05620092 0.9644243 -0.258661 0.05459314 0.9783756 -0.1991133 0.05599331 0.9742141 -0.2188814 0.0547533 0.9749165 -0.2155937 0.05529415 0.9702797 -0.2355356 0.05550056 0.9655438 -0.2543263 0.05516755 0.9963871 -0.06044465 0.05965852 0.9950286 -0.08109349 0.0578106 0.9951913 -0.0780161 0.05922639 0.9938488 -0.09428477 0.05809611 0.9916253 -0.116572 0.05559068 0.99058 -0.1241212 0.05783778 0.9832929 -0.1731774 0.05607867 0.9973199 0.0217874 0.06984424 0.9983328 -0.01990932 0.05417865 0.9981205 -0.01483452 0.05945998 0.9975862 -0.04122167 0.0558803 0.9975475 -0.0394333 0.05782788 0.9972484 -0.04782366 0.05664575 0.9972671 -0.04634523 0.05753666 0.9972056 -0.04789388 0.05733412 0.9972328 -0.04619777 0.05824673 0.9971241 -0.04884785 0.05794399 0.997125 -0.04881799 0.0579549 0.9968712 -0.05247223 0.05911445 0.9963193 -0.06313413 0.05798238 0.9958426 0.06421613 0.06460607 0.9960628 0.06451189 0.060804 0.9962099 0.06556326 0.05715996 0.9962604 0.06637454 0.05531466 0.9962633 0.0665158 0.05509245 0.9962713 0.06543499 0.05623126 0.9963351 0.06161129 0.05933368 0.9969996 0.02380609 0.07365697 0.9988594 0.0221402 0.04230618 0.9988873 0.02113306 0.04216229 0.9990673 0.01372063 0.04094344 0.9985936 0.02990359 0.0437811 0.9990223 0.01036006 0.04297804 0.9991568 0.00584799 0.04063946 0.9990918 0.01130008 0.04108583 0.999034 0.01471519 0.04140675 0.9989535 0.01851099 0.04182523 0.9988911 0.02098464 0.04214537 0.9991868 -0.005092203 0.03999823 0.9988923 -0.02895969 0.0370903 0.9991265 -0.009548962 0.04068338 0.9987315 -0.03304225 0.0379976 0.999063 -0.0148403 0.04065501 0.9987812 -0.03031873 0.03894722 0.999045 -0.01461064 0.04118043 0.9990938 -0.02172917 0.03660076 0.9988042 -0.03366422 0.03545266 0.998851 -0.03161507 0.03601598 0.9980133 -0.05288159 0.03425025 0.9980421 -0.05219691 0.03446102 0.9969885 -0.07008212 0.03320664 0.9943392 -0.1007933 0.03361904 0.9946798 -0.09611338 0.03707224 0.987572 -0.1554986 0.02284467 0.9891225 -0.1429163 0.03480994 0.9785917 -0.2047417 0.02096104 0.9798873 -0.1969294 0.03224414 0.9664273 -0.2561066 0.02068483 0.966691 -0.2547279 0.02494764 0.9540925 -0.2984457 0.02525448 0.9531633 -0.3009734 0.02991414 0.9475497 -0.3182086 0.02987957 0.9606249 -0.2744546 0.0432958 0.9943679 0.08905529 0.05745965 0.9961475 0.06417465 0.0597642 0.9979964 0.0308845 0.05522161 0.9981905 0.02063214 0.05648148 0.9985698 -0.004527449 0.053272 0.9984647 -0.0151053 0.05329346 0.9982502 -0.02888363 0.05159801 0.9978833 -0.03947013 0.05168414 0.9980124 -0.03535413 0.05216723 0.9976349 -0.04536139 0.05164271 0.9979901 -0.03502655 0.05281245 0.9976529 -0.04412251 0.05236494 0.9978646 -0.03816205 0.0530104 0.9975324 -0.04590129 0.05312639 0.9973863 -0.04933083 0.05279397 0.9970991 -0.05468815 0.05294167 0.9963387 -0.06799685 0.05182534 0.9961346 -0.0708304 0.05195307 0.9925972 -0.1110706 0.04913461 0.992756 -0.1097479 0.04889994 0.984654 -0.1681295 0.04678744 0.9854876 -0.1633214 0.04626482 0.9758124 -0.2138548 0.04534751 0.9774078 -0.2066462 0.04440087 0.964472 -0.2604172 0.04446035 0.9670909 -0.2507736 0.0429871 0.9612175 -0.2723484 0.04344421 0.9489932 -0.3102928 0.0559504 0.9523686 -0.3024783 0.03874224 0.9568304 -0.2888987 0.03183341 0.9672042 -0.2521034 0.03098356 0.9643328 -0.2626488 0.03283452 0.9783319 -0.204443 0.03270852 0.9764109 -0.2132205 0.03404021 0.9867872 -0.1581888 0.03503561 0.9856179 -0.1651287 0.0359143 0.9941528 -0.1009714 0.03827702 0.9936695 -0.1052992 0.0391556 0.997332 -0.05942165 0.04240369 0.9973314 -0.05943083 0.04240477 0.9981453 -0.04222023 0.04385739 0.99826 -0.03952461 0.0437591 0.9984625 -0.03322875 0.0443691 0.9988228 0.02229416 0.0430811 0.999015 -0.01719516 0.04090702 0.9359529 -0.3100818 -0.1668579 0.1995548 -0.2449603 -0.9487741 0.9259169 -0.3442562 -0.1554527 0.7815467 -0.3744394 -0.498979 0.777195 -0.3656285 -0.5121366 0.5174654 -0.3500995 -0.7808073 0.5011118 -0.3299377 -0.8000176 0.1309784 -0.2636423 -0.955687 0.2174109 -0.1094152 -0.9699283 0.1547895 -0.1316971 -0.9791303 0.5134883 -0.2043348 -0.8334129 0.5329498 -0.2316859 -0.8138096 0.7962008 -0.275637 -0.5385987 0.801666 -0.2899224 -0.5227586 0.9426362 -0.2987607 -0.1489269 0.9206792 -0.3537352 -0.1649894 0.9355732 -0.268141 0.2297899 0.949946 -0.19988 0.2401058 0.9332697 -0.2398186 0.267385 0.9217931 -0.3073249 0.2363244 0.925956 -0.3007713 0.228347 0.7586158 -0.3683194 0.5374413 0.7650259 -0.363469 0.5316257 0.4784541 -0.3918118 0.7858532 0.5036054 -0.3813695 0.7752026 0.1446657 -0.3624879 0.9206923 0.1897693 -0.3522679 0.9164578 0.9446893 -0.2241837 0.2393823 0.7817763 -0.2305451 0.5793746 0.7907622 -0.2247973 0.5693519 0.4979914 -0.2030938 0.8430643 0.5230238 -0.1938845 0.8299729 0.153975 -0.1480745 0.9769164 0.1952998 -0.1381452 0.9709655 0.9697442 -0.05077493 0.2387849 0.9695987 0.02269637 0.243646 0.9707233 0.02359366 0.2390394 0.9707747 -0.01984089 0.239171 0.9699269 -0.04715794 0.2387844 0.969896 -0.04617923 0.2391012 0.9698629 -0.04604011 0.2392615 0.9663978 -0.09168028 0.2401461 0.966644 -0.07872056 0.2437266 0.9632247 -0.120697 0.2400637 0.9455589 -0.1346527 0.2962886 0.9560372 -0.1683776 0.2400869 0.8061099 -0.1147629 0.5805311 0.8060066 -0.1147831 0.5806707 0.8120872 -0.05530709 0.5809094 0.960679 -0.0656625 0.2697858 0.9652876 -0.06101351 0.2539635 0.5293878 0.01239728 0.8482894 0.5310135 0.01282221 0.8472664 0.5306941 -0.02050912 0.8473153 0.8122287 0.01901328 0.5830293 0.8142049 0.01973819 0.580242 0.8137748 -0.03139734 0.5803318 0.5307061 -0.0205121 0.8473077 0.5299165 -0.03616952 0.8472782 0.5258306 -0.07482701 0.8472917 0.5256693 -0.07484066 0.8473905 0.5295294 -0.03605002 0.8475252 0.812603 -0.05552071 0.5801671 0.813857 -0.03142797 0.5802147 0.9656729 -0.03721809 0.2570813 0.9630164 -0.04008424 0.2664448 0.1792097 -0.02549248 0.9834806 0.1791647 -0.02549582 0.9834887 0.1804515 -0.01229619 0.9835071 0.1805648 -0.012281 0.9834864 0.1808366 -0.007003068 0.9834883 0.1808283 -0.007001042 0.9834898 0.1809642 0.004330992 0.9834802 0.1803762 0.004205107 0.9835887 0.9653753 0.09331214 0.243605 0.7950052 0.5219408 0.309103 0.9601088 0.2355369 0.1507103 0.9603472 0.2355477 0.1491662 0.9607335 0.2111682 0.1799973 0.5133153 0.8117583 0.2784888 0.7980937 0.5658423 0.2070487 0.7958368 0.5671191 0.2121791 0.9611564 0.2507211 0.1154012 0.962098 0.2494565 0.1101769 0.5178809 0.4002575 0.756038 0.5203849 0.4027969 0.7529638 0.5162149 0.5344416 0.6692491 0.5172626 0.535158 0.6678662 0.515596 0.6510593 0.5570301 0.9638547 0.1408349 0.2261632 0.959176 0.1729179 0.2237878 0.9651287 0.09415334 0.2442574 0.8243128 0.1456121 0.5470883 0.807204 0.09515428 0.5825527 0.527487 0.1100559 0.8424045 0.5228611 0.102996 0.8461726 0.1824818 0.105015 0.977585 0.1744565 0.0958898 0.9799848 0.9613071 0.17651 0.2115017 0.9610033 0.211519 0.1781364 0.795802 0.4593232 0.3946154 0.7966746 0.5217917 0.3050296 0.5134163 0.7444059 0.4269235 0.5180583 0.8108847 0.2721799 0.1709952 0.9370136 0.3045755 0.1806773 0.9778735 0.105448 0.1700674 0.9787107 0.1149021 0.5213347 0.8459514 0.1121445 0.514614 0.8489323 0.12036 0.8010881 0.5895969 0.1031195 0.798353 0.5922975 0.1087036 0.9616773 0.2621416 0.08036589 0.9626451 0.2603761 0.07428848 0.169376 0.4444444 0.8796482 0.1786557 0.4524856 0.8736928 0.1737558 0.6081934 0.7745385 0.1765055 0.6100883 0.7724236 0.1745565 0.747678 0.6407087 0.1744137 0.7476148 0.6408213 0.1760094 0.8586267 0.4814364 0.1762843 0.9375877 0.2997552 0.174292 0.8581047 0.4829895 0.5161386 0.7446604 0.4231808 0.5148475 0.6507765 0.5580521 0.7968195 0.4597621 0.3920428 0.7979097 0.3827803 0.4656387 0.8194151 0.3254614 0.471841 0.8006477 0.2934815 0.5223332 0.8046679 0.195679 0.5605528 0.523889 0.258685 0.8115556 0.520143 0.253897 0.8154677 0.1845181 0.2810558 0.9417859 0.1741428 0.2699571 0.946994 0.9743512 0.2212011 0.04135096 0.9692371 0.2397777 0.05555307 0.9699181 0.2397838 0.04198265 0.8211816 0.5696024 0.03484416 0.8132452 0.5808585 0.03515261 0.5368009 0.8434015 0.02277803 0.5302199 0.8475518 0.02286773 0.1830079 0.983081 0.00774616 0.1806645 0.9835143 0.007752954 0.9638669 0.2604018 0.0561397 0.8126763 0.5808513 0.0465734 0.8036827 0.5932182 0.04675966 0.5298494 0.8475481 0.03036385 0.5225052 0.852096 0.03034514 0.1805348 0.9835145 0.0103234 0.1779272 0.9839899 0.01029056 0.1701329 0.2905165 -0.9416236 0.9867442 0.02717685 -0.1599919 0.9818283 0.07128393 -0.1758741 0.1858711 0.9773798 -0.1008993 0.1783781 0.9794224 -0.09440976 0.1868126 0.9429755 -0.2754967 0.2032346 0.9338932 -0.2941759 0.5482485 0.5242714 -0.6515851 0.5519939 0.5188153 -0.652789 0.5443348 0.6449598 -0.5364015 0.5486583 0.6392561 -0.5388189 0.5403685 0.7419152 -0.3969429 0.5450027 0.7365628 -0.4005589 0.5366401 0.8094982 -0.2381809 0.5413217 0.8050217 -0.2427155 0.5335794 0.8431315 -0.06650227 0.5379768 0.8399229 -0.07148885 0.9751306 0.2211427 0.01471012 0.9782762 0.2072831 -0.003063321 0.9769867 0.2119891 -0.02361381 0.9783893 0.2011559 -0.04786306 0.9785115 0.1971002 -0.06055402 0.9818713 0.1733228 -0.07673466 0.981185 0.1704124 -0.09075099 0.9828527 0.1441907 -0.1149332 0.981818 0.1299498 -0.1383712 0.5516393 0.3877025 -0.7384991 0.5566303 0.235598 -0.7966532 0.1878122 0.2713226 -0.9439865 0.1916002 0.09044444 -0.9772969 0.9845687 0.1107279 -0.1355129 0.9860587 0.04846423 -0.1591836 0.8607056 0.1107289 -0.4969156 0.8434941 0.05697661 -0.5341082 0.5506362 0.08880859 -0.8300077 0.5546862 0.3829675 -0.7386875 0.2036492 0.4418317 -0.8736771 0.0655592 0.608418 -0.7909044 0.1925812 0.539644 -0.8195711 0.1823358 0.7429681 -0.6440125 0.2500008 0.6873185 -0.6819773 0.07590645 0.8676491 -0.4913485 0.1903929 0.8204888 -0.5390258 0.1840334 0.9095546 -0.3726155 0.8220705 0.5685948 -0.03000569 0.8206596 0.5707646 -0.02730727 0.8256866 0.5458345 -0.1425005 0.82444 0.5482242 -0.1405313 0.8298408 0.5005502 -0.2466046 0.8287741 0.5029461 -0.2453138 0.8341436 0.4356647 -0.3382318 0.8332172 0.43799 -0.3375117 0.8381991 0.3549052 -0.4140828 0.8569891 0.2987539 -0.4199 0.8410871 0.2637896 -0.4722157 0.8442376 0.1638876 -0.5102978 0.5543714 0.2392355 -0.7971441 0.5575417 0.07770437 -0.8265044 0.1853324 0.09750652 -0.9778264 0.1821457 -0.002855241 -0.9832675 0.1871694 -0.002135396 -0.9823254 0.55346 -0.006318509 -0.8328519 0.1978957 -0.009912967 -0.980173 0.1904533 -0.008284687 -0.9816614 0.186362 -0.01327145 -0.9823916 0.1860121 -0.01789927 -0.9823845 0.1738831 -0.02047878 -0.9845533 0.1860221 -0.02681565 -0.9821797 0.1810073 -0.03633868 -0.9828103 0.1829036 -0.03617823 -0.982465 0.8146286 -0.21464 -0.5388042 0.9534418 -0.2512136 -0.1668551 0.9534516 -0.2512545 -0.1667377 0.9667035 -0.1941157 -0.1667433 0.9667906 -0.1944096 -0.165895 0.9760468 -0.1407428 -0.1659041 0.9762327 -0.1412538 -0.1643689 0.9818563 -0.09453433 -0.1643823 0.9820993 -0.09513413 -0.1625747 0.984285 -0.06885707 -0.1626092 0.9827263 -0.05108183 -0.1778756 0.9781005 -0.04297202 -0.2036492 0.9855035 -0.03101068 -0.1667969 0.9870948 0.006205618 -0.1600171 0.9865814 -0.01503896 -0.1625761 0.9864257 -0.01464903 -0.1635541 0.9869604 -0.01703196 -0.16006 0.9868752 -0.02141022 -0.160059 0.9852891 -0.009211719 -0.1706474 0.9842866 -0.01119381 -0.1762231 0.8449551 -0.009604275 -0.5347511 0.8442685 -0.03678327 -0.5346568 0.8433148 -0.03703814 -0.5361422 0.8401721 -0.08089721 -0.5362524 0.8394339 -0.08126884 -0.5373511 0.8347402 -0.1203679 -0.5373271 0.8341015 -0.1206507 -0.5382547 0.8263059 -0.1659229 -0.5382267 0.8259412 -0.1660615 -0.5387437 0.814671 -0.2146815 -0.5387236 0.5330685 -0.140455 -0.8343323 0.180428 -0.04749649 -0.9824408 0.1802825 -0.04750257 -0.9824672 0.5331114 -0.1404864 -0.8342997 0.5404853 -0.1086425 -0.8343095 0.540777 -0.1085842 -0.8341282 0.5458691 -0.07892298 -0.8341451 0.5463977 -0.07878923 -0.8338117 0.5494602 -0.05315113 -0.8338275 0.5500764 -0.05296659 -0.833433 0.5522015 -0.02420818 -0.8333593 0.5529804 -0.0240851 -0.8328461 0.5533769 -0.006298542 -0.8329073 0.8450144 -0.009624004 -0.5346571 0 -0.732855 -0.6803849 0.009594917 -0.7738048 -0.6333515 0 -0.8113686 -0.5845349 0 -0.8900657 -0.4558326 0.008402705 -0.9067044 -0.421683 0 -0.9404951 -0.3398074 0 -0.9635731 -0.2674454 0.008788108 -0.9841611 -0.1770588 0 -0.9902114 -0.139576 0 -0.9999637 0.008532166 0.009911715 -0.9967815 0.07955187 0 -0.9908366 0.135066 0 -0.9534199 0.3016462 0.008066236 -0.9423738 0.3344648 0 -0.9180493 0.3964662 0 -0.8813624 0.472441 0.01013451 -0.8523215 0.5229201 0 -0.8252958 0.5647007 0 -0.7747642 0.6322504 0.007404088 -0.7210234 0.6928712 0 -0.7026859 0.7115002 -0.1404957 -0.6779382 0.7215683 -0.1244022 -0.7070108 0.6961751 -0.1179668 -0.692633 0.7115781 -0.1259661 -0.6786729 0.7235577 -0.1071062 -0.6912532 0.714631 -0.09671777 -0.7050225 0.7025588 -0.09032273 -0.703998 0.704435 -0.07784616 -0.7097556 0.7001336 -0.0705679 -0.7077024 0.7029776 -0.06381207 -0.7135217 0.6977212 -0.05958771 -0.7124549 0.6991834 -0.04923945 -0.7132793 0.6991481 -0.04408055 -0.7109125 0.7018976 -0.03888064 -0.7139768 0.6990891 -0.03516048 -0.7128947 0.7003891 -0.02889573 -0.7122078 0.7013738 -0.02480208 -0.7097 0.7040674 -0.01720559 -0.7127198 0.7012378 -0.02028399 -0.709811 0.7041002 -0.01065719 -0.7098808 0.7042412 -0.01332253 -0.7068197 0.7072683 -0.0070827 -0.7084295 0.7057461 -0.004084229 -0.7058103 0.7083892 0.001321554 -0.7033293 0.7108629 4.80244e-4 -0.7032773 0.7109155 -0.001026391 -0.7051656 0.709042 -0.01041847 -0.8156061 0.5785139 -0.01465362 -0.810786 0.5851594 -0.05457347 -0.9571857 0.2842838 -0.0820133 -0.9573725 0.2769692 -0.08417665 -0.9577468 0.2750189 -0.008737146 -0.9533839 0.3016334 -0.006048262 -0.9180322 0.3964596 -0.01824384 -0.9080789 0.4184016 -0.02326524 -0.8977895 0.43981 -0.6616517 -0.7325745 0.1598489 -0.8239439 -0.5481772 0.1435912 -0.7961428 -0.5599103 0.2294714 -0.7425982 -0.6524788 0.1510608 -0.6923122 -0.6627181 0.2854971 -0.7073117 -0.6748784 0.2103551 -0.5043033 -0.8437205 0.1838858 -0.5000075 -0.8399083 0.2110608 -0.4140384 -0.8816217 0.2265295 -0.6305382 -0.7334902 0.2537989 -0.6243561 -0.7575132 0.1906651 -0.5546944 -0.8048402 0.2110602 -0.5558412 -0.7978505 0.2333993 -0.5513104 -0.8051322 0.2186762 -0.0978142 -0.8962025 0.4327278 -0.08834302 -0.9036696 0.4190189 -0.1274839 -0.8944501 0.4286106 -0.1177507 -0.9041153 0.4107437 -0.1616146 -0.8910955 0.4240632 -0.1525762 -0.90312 0.4013663 -0.2006529 -0.8854598 0.4191651 -0.193602 -0.8997969 0.3910037 -0.2439647 -0.8772057 0.4135112 -0.2403441 -0.8931012 0.3802698 -0.2918858 -0.8651443 0.4078333 -0.2930495 -0.8815526 0.3701179 -0.3457036 -0.8470978 0.4036266 -0.3529474 -0.8629474 0.3615939 -0.4046994 -0.8218784 0.4009168 -0.4184459 -0.8356422 0.3558163 -0.4698684 -0.7854782 0.4028002 -0.4903045 -0.7962661 0.3543471 -0.5407101 -0.7339715 0.4109971 -0.5672016 -0.7408929 0.3596667 -0.6163288 -0.658965 0.4311658 -0.650527 -0.6627147 0.3709769 -0.01259672 -0.9751155 0.2213398 -0.0264576 -0.9580354 0.2854263 -0.03448498 -0.9577184 0.2856332 -0.02991724 -0.9592786 0.280873 -0.05323857 -0.9570396 0.2850282 -0.03102415 -0.8973138 0.4403017 -0.0463435 -0.8899604 0.4536769 -0.03503054 -0.9018323 0.430664 2.38004e-4 -0.7026859 0.7115002 5.99394e-4 -0.7026534 0.7115321 -5.85533e-4 -0.7747663 0.6322475 -0.01457649 -0.8107907 0.5851547 -0.003614008 -0.8252891 0.5646989 -0.0073058 -0.8813384 0.4724293 -0.4198478 -0.8736582 0.245864 -0.4111117 -0.8803616 0.2365391 -0.3635502 -0.9071487 0.2119258 -0.3648772 -0.9014331 0.2329878 -0.2909734 -0.9240169 0.2480471 -0.1545458 -0.9526168 0.2619866 -0.1533958 -0.9533566 0.2599636 -0.1954908 -0.9428614 0.2698068 -0.1908615 -0.9449631 0.2657378 -0.2493638 -0.9353322 0.2509412 -0.2456001 -0.9395022 0.2387807 -0.2885382 -0.9231312 0.2541152 -0.2984876 -0.9185097 0.2593163 -0.4107651 -0.7102038 0.5717364 -0.3825626 -0.6988989 0.6043065 -0.347936 -0.7571294 0.5528976 -0.3280987 -0.7447824 0.581077 -0.2931808 -0.7885556 0.5405784 -0.2784396 -0.7738381 0.5688992 -0.2434677 -0.8084692 0.5358182 -0.2340783 -0.7923238 0.5634097 -0.1991508 -0.8204295 0.5359429 -0.1948786 -0.8035687 0.5624054 -0.1596612 -0.8268933 0.5392178 -0.1600463 -0.8104575 0.5635103 -0.1260583 -0.8290841 0.5447283 -0.13004 -0.8138017 0.5664067 -0.09720635 -0.8286502 0.5512621 -0.1036803 -0.8152223 0.569792 -0.07259339 -0.8267204 0.55791 -0.08042925 -0.8156345 0.57295 -0.05250972 -0.823973 0.5641908 -0.06071519 -0.8151382 0.576076 -0.03052002 -0.8222055 0.568372 -0.04047697 -0.805477 0.5912431 -0.03043985 -0.8129317 0.581563 -0.06365734 -0.90241 0.4261502 -0.07199555 -0.8970043 0.4361194 -0.1129022 -0.9535492 0.2792792 -0.1119223 -0.9537882 0.2788577 0 -0.9787385 0.2051126 0 -0.9787386 0.2051119 0 -0.6427876 0.7660446 0 -0.6427877 0.7660444 4.3224e-6 -0.6427868 0.7660453 0 -0.6427886 0.7660437 0 -0.642786 0.7660458 -9.19326e-6 -0.6428042 0.7660307 0 -0.6427877 0.7660445 0 -0.642788 0.7660442 0 -0.6427869 0.766045 3.73102e-6 -0.6427911 0.7660416 -9.62763e-7 -0.6427857 0.7660461 1.43025e-6 -0.6427875 0.7660446 0 -0.6427882 0.766044 -1.10716e-5 -0.6427917 0.7660411 -4.30241e-7 -0.6427857 0.7660461 0 -0.6427863 0.7660456 -3.29117e-6 -0.6427903 0.7660423 -6.41758e-6 -0.6427896 0.7660428 0 -0.6427777 0.7660529 0 -0.6427811 0.7660499 0 -0.6427839 0.7660475 -4.82942e-6 -0.6427927 0.7660403 0 -0.6427899 0.7660427 0 -0.6427825 0.7660489 2.5274e-6 -0.6427858 0.7660461 1.50407e-5 -0.6427824 0.7660489 0 -0.6427917 0.7660411 0 -0.6427818 0.7660495 0 -0.6427875 0.7660446 -1.60532e-5 -0.6427782 0.7660524 0 -0.6428097 0.766026 -4.67525e-5 -0.6427652 0.7660633 -0.1415302 -0.6912239 -0.7086458 0.005531489 -0.623997 -0.7814072 0.002016842 -0.623228 -0.7820377 -4.75764e-4 -0.6235654 -0.781771 -0.002259731 -0.6212916 -0.7835763 -0.01724022 -0.6174044 -0.7864571 -0.009695768 -0.6280118 -0.7781435 -0.0112853 -0.6222758 -0.7827167 -0.005423307 -0.6244258 -0.7810653 -0.02907592 -0.6217143 -0.7827043 -0.02367931 -0.6209883 -0.7834621 -0.01714605 -0.6248027 -0.7805945 -0.0284931 -0.6212719 -0.783077 -0.0357325 -0.615973 -0.7869564 -0.03668659 -0.6187988 -0.7846924 -0.04398322 -0.6122002 -0.7894786 -0.1104797 -0.646045 -0.7552616 -0.111356 -0.6450722 -0.7559642 -0.1181716 -0.6561546 -0.7453165 -0.1192001 -0.627989 -0.7690391 -0.1292654 -0.6375798 -0.7594621 -0.1491714 -0.6163895 -0.773183 -0.1544219 -0.6162029 -0.7723005 -0.1382305 -0.6226595 -0.7701867 -0.3694736 -0.8928411 -0.2575346 -0.5135151 -0.8507935 0.1115924 -0.4733933 -0.8781935 0.06837326 -0.4399338 -0.8943785 0.08090472 -0.4296221 -0.8555305 -0.2889509 -0.7321098 -0.6776621 -0.06920611 -0.7529678 -0.6562255 -0.04906833 -0.787433 -0.6092439 -0.09365487 -0.6890978 -0.6270121 -0.363318 -0.6700798 -0.6392484 -0.3772993 -0.6370356 -0.6920742 -0.3394393 -0.6190653 -0.7020826 -0.3519065 -0.580532 -0.7504515 -0.3159198 -0.5610104 -0.7597726 -0.3286533 -0.4499202 -0.8488726 -0.2774656 -0.5934554 -0.8043617 -0.02851569 -0.6164294 -0.7873286 -0.01134264 -0.001651585 -0.963571 -0.2674478 -0.008208572 -0.9527657 -0.3035957 0.001325488 -0.9404988 -0.3397948 0.00481075 -0.8900556 -0.4558266 0.01202118 -0.9901393 -0.1395699 -0.1075291 -0.9452096 -0.3082473 -0.1125597 -0.946148 -0.3035365 -0.151755 -0.9376789 -0.3126157 -0.1586612 -0.9386401 -0.3062377 -0.2037141 -0.9255295 -0.3192113 -0.2128487 -0.9263059 -0.3108905 -0.2626032 -0.9072452 -0.3285511 -0.2740347 -0.9075338 -0.3182568 -0.3766226 -0.8526425 -0.3621547 -0.006265461 -0.9867943 -0.1618577 -0.01096105 -0.9875566 -0.1568821 -0.02582329 -0.9871782 -0.1575197 -0.04612618 -0.9988818 -0.01037311 -0.0460928 -0.998883 -0.01040685 -0.02328908 -0.9996834 -0.009515285 -0.023359 -0.9996826 -0.009439766 -0.006425082 -0.9999377 -0.009136438 -0.02142626 -0.999734 0.00854206 -0.07483536 -0.9842714 -0.16003 -0.1095088 -0.9938732 -0.01496851 -0.1102949 -0.9937977 -0.01418656 -0.4177682 -0.9071848 -0.04985386 -0.4074773 -0.9112228 -0.0602923 -0.3410411 -0.9392582 -0.03853493 -0.3334842 -0.9416304 -0.04604798 -0.2706395 -0.9622248 -0.02962565 -0.2656022 -0.963461 -0.03461951 -0.2084204 -0.977773 -0.02282136 -0.20537 -0.9783429 -0.02585208 -0.5502693 -0.8349304 0.009757399 -0.5468034 -0.8371999 -0.01011908 -0.4844159 -0.87144 -0.07702994 -0.4120418 -0.8864052 -0.2109673 -0.3471837 -0.9196004 -0.183844 -0.3360564 -0.9215394 -0.1945029 -0.2770897 -0.9448548 -0.1745589 -0.2685172 -0.9457829 -0.1827385 -0.213902 -0.9623225 -0.1678734 -0.2077534 -0.9626196 -0.1737878 -0.1590919 -0.9736741 -0.1632445 -0.1549032 -0.9736601 -0.1673051 9.64422e-4 -0.8113696 -0.5845327 0.01168113 -0.8963171 -0.4432599 -7.62047e-4 -0.8960489 -0.4439547 -0.01490974 -0.9525814 -0.3039184 -0.01640486 -0.9534062 -0.3012437 -0.03410333 -0.9848326 -0.1701228 -0.04705214 -0.9864275 -0.1573114 -0.07452803 -0.997145 -0.01214802 -0.07481598 -0.9971271 -0.01184982 -0.1214013 -0.7086794 -0.6950074 -0.1142163 -0.7054823 -0.6994637 -0.09554266 -0.7184334 -0.6890029 -0.08887463 -0.7149037 -0.6935518 -0.07033425 -0.7251167 -0.6850248 -0.06447517 -0.7215725 -0.6893303 -0.04728621 -0.7290112 -0.6828665 -0.04231667 -0.7257004 -0.6867083 -0.02803105 -0.7305109 -0.6823255 -0.02398544 -0.7276321 -0.6855483 -0.01280426 -0.7305122 -0.6827797 -0.00959599 -0.7281205 -0.6853821 0.005024611 -0.7309135 -0.6824517 0.004169702 -0.62041 -0.7842666 0.006015121 -0.6217722 -0.7831751 0.006034195 -0.7328399 -0.6803745 0.006959915 -0.8192631 -0.5733757 0.008396089 -0.8193061 -0.5732948 4.64835e-4 -0.8977067 -0.4405934 -0.02954977 -0.8954832 -0.4441133 -0.05617666 -0.9505245 -0.3055281 -0.05993449 -0.9522451 -0.2993948 -0.08643913 -0.9788573 -0.1853823 -0.1126483 -0.9806494 -0.1601161 -0.1531634 -0.9880102 -0.01941275 -0.1548311 -0.9877814 -0.01776266 -0.85432 -0.5117369 -0.09090018 -0.8355184 -0.5374671 -0.1141843 -0.8263597 -0.5550103 -0.09535944 -0.8066302 -0.5865036 -0.07322221 -0.4402501 -0.6632902 -0.6051661 -0.4228994 -0.6680752 -0.612235 -0.3982381 -0.7079854 -0.5832351 -0.3844769 -0.7107169 -0.5891172 -0.3564824 -0.7464891 -0.5618491 -0.3411976 -0.7485358 -0.5685758 -0.3227823 -0.7675716 -0.5537557 -0.2438592 -0.7553989 -0.6081984 -0.2140948 -0.7800246 -0.587984 -0.2029641 -0.7770811 -0.5957774 -0.1727706 -0.7969691 -0.5787838 -0.1625387 -0.7935089 -0.586451 -0.1322811 -0.8092277 -0.5724093 -0.1233713 -0.8056185 -0.5794466 -0.09490323 -0.8171195 -0.5686028 -0.08745265 -0.8136734 -0.5747067 -0.063012 -0.8212413 -0.5670911 -0.05704236 -0.8181924 -0.5721079 -0.03707438 -0.8228489 -0.5670495 -0.03242301 -0.8202877 -0.5710314 -0.00647366 -0.8246034 -0.5656743 0.003042578 -0.7266021 -0.6870518 0.01187872 -0.7274919 -0.6860135 0.005685925 -0.6211978 -0.7836334 0.002892076 -0.6210558 -0.783761 -0.4184101 -0.9039941 0.08790838 -0.3880157 -0.9191681 0.06763136 -0.3575291 -0.9239811 0.1357641 -0.3226748 -0.941177 0.1003341 -0.2799963 -0.9537784 0.1091282 -0.2525568 -0.9624127 0.09988486 -0.2319713 -0.9605344 0.1535023 -0.1982442 -0.9727925 0.119892 -0.1645674 -0.9785456 0.1239606 -0.1459635 -0.9821876 0.1183317 -0.1262772 -0.9804295 0.1510367 -0.1057245 -0.985843 0.1301389 -0.07865029 -0.9881504 0.1318072 -0.06834191 -0.9895563 0.1269169 -0.04795527 -0.9881501 0.1458071 -0.03776472 -0.9902034 0.1344282 -0.01845103 -0.9907031 0.1347844 -0.01128679 -0.9912692 0.1313696 -0.006624937 -0.9908146 0.135065 0.008083641 -0.629958 -0.7765873 0.00167042 -0.7251223 -0.6886181 0.01064586 -0.7254986 -0.6881414 0.009810864 -0.8214546 -0.5701897 -0.008558392 -0.8199107 -0.5724275 -0.02791208 -0.8992213 -0.4366029 -0.0658378 -0.8935111 -0.4441882 -0.07109612 -0.8954439 -0.4394607 -0.1005373 -0.8890185 -0.4466972 -0.1074591 -0.891258 -0.4405815 -0.1422665 -0.8810384 -0.4511447 -0.1511102 -0.8834468 -0.4434945 -0.1905297 -0.8682252 -0.4581306 -0.2013021 -0.8705404 -0.4490401 -0.2425877 -0.8499162 -0.4677538 -0.255155 -0.8518186 -0.4574944 -0.2958752 -0.82592 -0.4799105 -0.3097031 -0.8270596 -0.4691018 -0.3525093 -0.792607 -0.4975053 -0.4969801 -0.8115276 -0.3073009 -0.5172677 -0.8033502 -0.295064 -0.6629889 -0.7466042 -0.0550276 -0.685188 -0.727345 -0.03855854 -1.12175e-6 -0.5664222 -0.8241152 0 -0.5664228 -0.8241149 -2.00495e-7 -0.5664219 -0.8241155 3.48196e-6 -0.5664284 -0.8241111 6.58406e-7 -0.5664238 -0.8241143 0 -0.5664238 -0.8241141 0 -0.5664231 -0.8241146 -6.78989e-7 -0.5664243 -0.8241139 0 -0.5664212 -0.8241159 -9.22812e-7 -0.566422 -0.8241154 8.16207e-7 -0.5664234 -0.8241146 -3.1785e-7 -0.5664218 -0.8241156 0 -0.5664191 -0.8241174 1.04186e-5 -0.5664309 -0.8241093 -1.06132e-5 -0.5664216 -0.8241156 -5.2378e-6 -0.5664212 -0.8241159 3.35092e-6 -0.5664287 -0.8241108 -2.97017e-6 -0.5664145 -0.8241205 1.74133e-7 -0.5664225 -0.8241151 0 -0.5664235 -0.8241144 -2.69431e-7 -0.5664216 -0.8241156 3.93499e-6 -0.566426 -0.8241127 3.01256e-5 -0.5664215 -0.8241158 0 -0.5664219 -0.8241154 -3.54025e-6 -0.5664322 -0.8241084 0 -0.5664173 -0.8241186 -1.11573e-6 -0.5664297 -0.8241102 0 -0.5664226 -0.824115 -1.69042e-6 -0.5664232 -0.8241146 -3.19059e-6 -0.5664205 -0.8241164 -0.018615 -0.9785689 0.2050768 -0.4741151 -0.8683645 0.1454581 -0.05560803 -0.9778965 0.2015596 -0.02308994 -0.9782402 0.206187 -0.008511483 -0.9775683 0.2104471 -0.1029112 -0.9737903 0.2028344 -0.1371846 -0.9717503 0.1920462 -0.1518684 -0.9688792 0.1954719 -0.1860519 -0.9637066 0.1914531 -0.2057464 -0.9598358 0.1907449 -0.2407709 -0.9540939 0.1781409 -0.2651122 -0.9471426 0.1806557 -0.3058366 -0.9360462 0.1740158 -0.4500671 -0.8788936 0.1580691 -0.4761487 -0.8646098 0.1604124 -0.5221415 -0.8428217 0.1304604 -0.5516631 -0.824078 0.1286991 -0.6028396 -0.7893649 0.1161355 -0.7066256 -0.7012594 0.09442168 -0.7432578 -0.6638423 0.08295363 -0.9348509 -0.3525139 0.04228407 -0.9374198 -0.346762 0.03162771 -0.9214129 -0.3865095 0.04011106 -0.9222559 -0.3845688 0.03938096 -0.8967438 -0.4401542 0.04598695 -0.8950953 -0.4434203 0.04672122 -0.8778279 -0.4763036 0.0505293 -0.8419402 -0.5364297 0.05813896 -0.8560354 -0.5136719 0.05783319 -0.8034362 -0.5915288 0.06770569 -0.9492334 -0.3095597 0.05593746 -0.9233357 -0.3797019 0.05725133 -0.7853084 -0.6132782 0.08473861 -0.8222509 -0.5637564 0.07798862 -0.8411234 -0.535914 0.07285434 -0.8752197 -0.4788025 0.06883859 -0.8942993 -0.4430387 0.06281399 -0.9278991 -0.3683229 0.05780577 -0.9345375 -0.3524038 0.04951006 -0.7782196 -0.623265 0.07690954 -0.7774555 -0.622654 0.08868551 -0.7444151 -0.6618337 0.08844423 -0.5618792 -0.8185864 0.1191985 -0.6240975 -0.7728908 0.1146392 -0.7059809 -0.7006199 0.1035505 -0.6482967 -0.7544717 0.1023905 -0.6844017 -0.7219145 0.1021465 -0.6710895 -0.7347317 0.09903639 -0.6300316 -0.7684022 0.1123313 -0.6286429 -0.7667118 0.130235 -0.5514924 -0.8238264 0.1310199 -0.4887138 -0.860931 0.141268 -0.4001289 -0.9035821 0.1530892 -0.3998262 -0.9029008 0.1578267 -0.4730621 -0.8664411 0.1596631 -0.4154241 -0.8977316 0.1466321 -0.4708887 -0.8705098 0.1430968 -0.2872048 -0.9426842 0.1698822 -0.3336254 -0.9277305 0.1673626 -0.3485131 -0.9224593 0.1661554 -0.2059091 -0.9605954 0.186703 -0.2300997 -0.955403 0.1850928 -0.2652022 -0.9474626 0.1788371 -0.3291085 -0.9264322 0.1827871 -0.3297705 -0.9282885 0.1718488 -0.3673693 -0.9163647 0.159109 -0.01326274 -0.9791392 0.2027573 -0.05865341 -0.9765937 0.2069413 -0.05870473 -0.9774407 0.202888 -0.0929777 -0.9750159 0.2017405 -0.04405128 -0.9788864 0.1996023 -0.06794416 -0.9769622 0.2023082 -0.1029431 -0.9740914 0.2013676 -0.1007062 -0.9744835 0.2005999 -0.1518926 -0.9690364 0.1946725 -0.1360706 -0.9720364 0.19139 -0.1768365 -0.9644929 0.196169 0 -0.06217491 -0.9980653 0.004897773 -0.1499698 -0.9886785 7.09424e-4 -0.2023422 -0.9793146 -5.64673e-4 -0.3547594 -0.9349575 0.001801967 -0.3886749 -0.9213732 -0.001391768 -0.4983423 -0.8669793 0 -0.522458 -0.8526651 0 -0.522457 -0.8526657 0.001263856 -0.4983538 -0.8669729 -0.001638472 -0.3886754 -0.9213734 5.15163e-4 -0.3547941 -0.9349444 -6.59231e-4 -0.2006802 -0.9796566 -0.004428565 -0.1499704 -0.9886806 0 -0.06071913 -0.9981549 0 -0.1103128 0.9938969 0 -0.4494152 0.8933231 4.98966e-5 -0.4466984 0.8946846 -4.85583e-4 -0.3313206 0.9435182 8.53164e-5 -0.3280211 0.9446704 -8.34729e-5 -0.1097654 0.9939576 0 -0.5921863 0.8058012 1.62512e-7 -0.5921897 0.8057987 0 -0.500372 0.8658105 0 -0.5003786 0.8658068 0 -0.4494028 0.8933292 -2.91972e-5 -0.4466936 0.894687 2.8525e-4 -0.3313208 0.9435181 -5.07432e-5 -0.3280155 0.9446724 4.93432e-5 -0.1103129 0.9938969 0 -0.1097784 0.9939562 -0.1626902 -0.4663475 0.8695125 -0.1692891 -0.5215356 0.8362666 -0.1401737 -0.6109025 0.7791981 -0.1694445 -0.5216677 0.8361527 -0.4687339 -0.5272825 0.7087044 -0.4714539 -0.5294495 0.7052761 -0.7356784 -0.4827334 0.4751272 -0.7286651 -0.4764102 0.4920167 -0.9048139 -0.3813466 0.1894381 -0.8992967 -0.3714663 0.2308211 -0.1608924 -0.6253151 0.7636064 -0.4398717 -0.6263576 0.6435753 -0.4430371 -0.628257 0.6395399 -0.6974471 -0.572851 0.430592 -0.6886824 -0.567992 0.450668 -0.8711059 -0.4588626 0.174985 -0.862733 -0.453599 0.223472 -0.193129 -0.3959072 -0.897752 -0.1417222 -0.409193 -0.9013745 -0.503434 -0.4569799 -0.7332965 -0.4738424 -0.4707477 -0.7442245 -0.757041 -0.4588089 -0.4651703 -0.7485072 -0.4659574 -0.471827 -0.9050385 -0.4001242 -0.1442427 -0.907494 -0.395922 -0.1403582 -0.1861925 -0.5351759 -0.8239656 -0.1308386 -0.5472882 -0.826654 -0.4790772 -0.5775821 -0.660972 -0.4483662 -0.5913257 -0.6702997 -0.7238406 -0.5520247 -0.4139124 -0.716502 -0.5580564 -0.4185667 -0.8780434 -0.4619484 -0.1250745 -0.883117 -0.4538235 -0.1189484 -0.9614711 -0.2715058 0.04310506 -0.9834074 -0.1725176 0.05610376 -0.9864221 -0.1613315 0.03071981 -0.9801464 -0.1969704 0.02271336 -0.9771672 -0.210394 0.02964514 -0.9667803 -0.2547494 0.02094823 -0.9657061 -0.2584328 0.02498477 -0.9539937 -0.2987616 0.02525186 -0.9481155 -0.3134112 0.05338919 -0.9987818 -0.03393638 0.03582465 -0.9980465 -0.05221533 0.03430622 -0.9980003 -0.05302774 0.03440314 -0.9969896 -0.07006657 0.03320592 -0.9943375 -0.1008127 0.03361326 -0.9946796 -0.09611266 0.037081 -0.9893933 -0.1429397 0.02587032 -0.9988397 -0.02897393 0.03846645 -0.9990862 -0.01484161 0.04008156 -0.9987039 -0.03313344 0.03863573 -0.9990653 -0.0146175 0.04068201 -0.9987541 -0.03050738 0.03949332 -0.999015 -0.01719331 0.0409078 -0.9988238 0.02225089 0.04308235 -0.9990933 -0.02174645 0.0366013 -0.9988636 -0.0316326 0.035649 -0.9990336 0.01473814 0.04140943 -0.999091 0.01135152 0.04108965 -0.9991969 -0.005143344 0.03973841 -0.9991289 0.005830585 0.04132354 -0.9991755 -0.009575963 0.03945571 -0.9988592 0.02214443 0.04230862 -0.9988909 0.02098989 0.04214709 -0.9989525 0.01855516 0.04183077 -0.9943761 0.0889641 0.05746042 -0.9990212 0.01047021 0.04297769 -0.9985949 0.02986621 0.04377681 -0.9990678 0.01368713 0.04094368 -0.9988846 0.02126759 0.04215806 -0.9962747 0.06541585 0.05619233 -0.996266 0.06649214 0.05507224 -0.9962629 0.06636184 0.05528616 -0.9962097 0.06553995 0.05719113 -0.9960645 0.06449538 0.060795 -0.9963369 0.06160581 0.05930972 -0.9969888 0.02213507 0.07431888 -0.9972224 0.02382022 0.07057112 -0.9983156 -0.01501941 0.05603927 -0.9980722 -0.01993441 0.05877554 -0.9976433 -0.03947484 0.05612242 -0.997489 -0.04124128 0.05757629 -0.9973111 -0.0462206 0.05687266 -0.9972086 -0.0478186 0.05734568 -0.997281 -0.04598081 0.05758845 -0.9971641 -0.04788655 0.05805695 -0.9968712 -0.05247044 0.05911511 -0.9965273 -0.05936855 0.05838501 -0.9962342 -0.06314134 0.05941832 -0.9953323 -0.07699924 0.05817937 -0.994957 -0.08110582 0.05901372 -0.9911914 -0.1190569 0.05801051 -0.990752 -0.1241545 0.05473858 -0.993848 -0.09429216 0.05809652 -0.9735176 -0.2219958 0.05460292 -0.9784595 -0.1986991 0.05599725 -0.9832842 -0.1731889 0.05619549 -0.9492657 -0.3094613 0.05593085 -0.9657156 -0.2538264 0.05445855 -0.9642954 -0.2590287 0.05512309 -0.9747996 -0.2159994 0.05576795 -0.9971598 -0.05417335 0.05232399 -0.9973342 -0.049784 0.05335092 -0.9961747 -0.07051271 0.0516141 -0.9963026 -0.06829285 0.05212754 -0.9927039 -0.1100813 0.0492056 -0.9926368 -0.1108371 0.0488618 -0.985346 -0.1639806 0.04694396 -0.9847645 -0.1676465 0.04619091 -0.9771702 -0.2075358 0.04546922 -0.9760044 -0.2131729 0.04441511 -0.9667618 -0.2517838 0.04446011 -0.9647407 -0.2596365 0.04317694 -0.9609158 -0.2734078 0.04346585 -0.9520104 -0.3036277 0.0385558 -0.9958394 0.06419795 0.06467342 -0.9961488 0.06415492 0.05976372 -0.9983454 0.02035933 0.05377668 -0.9978445 0.03106695 0.05780392 -0.9985365 -0.01520621 0.05190181 -0.9984986 -0.004504024 0.05459183 -0.9979529 -0.03951495 0.05028593 -0.9981804 -0.02889966 0.05292183 -0.997673 -0.04524153 0.05100774 -0.9979774 -0.03545415 0.05276578 -0.9976909 -0.04391944 0.0518068 -0.9979562 -0.03520292 0.05333244 -0.951481 -0.306361 0.0287584 -0.9568969 -0.288679 0.03182834 -0.9646211 -0.2617864 0.03121072 -0.9668439 -0.2532504 0.03282147 -0.9766368 -0.2123892 0.03273189 -0.9780474 -0.2055593 0.03418582 -0.9857705 -0.1644282 0.03492814 -0.9865927 -0.1591497 0.03614205 -0.9937922 -0.104507 0.0381506 -0.9940016 -0.1020258 0.03939139 -0.9973303 -0.05945175 0.04240137 -0.9973312 -0.05943506 0.042405 -0.9982374 -0.03975427 0.04406499 -0.9981705 -0.04197061 0.04352205 -0.9984622 -0.03323793 0.04436916 -0.9978024 -0.03863888 0.05382817 -0.9976044 -0.04535901 0.05223226 -0.9971247 -0.04882282 0.05795496 -0.9971235 -0.04885721 0.05794537 -0.1683998 -0.1002489 -0.9806078 -0.9231405 -0.3526883 -0.1530446 -0.1891054 -0.2766485 -0.9421809 -0.5229262 -0.3324282 -0.7848821 -0.4949139 -0.3469436 -0.7966747 -0.7843654 -0.3652375 -0.5013705 -0.7739186 -0.3745604 -0.5106415 -0.9242317 -0.3453729 -0.16283 -0.9385611 -0.3102502 -0.1511551 -0.9393587 -0.3002704 -0.1656592 -0.7943151 -0.2877474 -0.5350374 -0.8048093 -0.2787061 -0.5240277 -0.5120486 -0.225468 -0.8288369 -0.5385871 -0.2118635 -0.8154985 -0.2001138 -0.1398065 -0.9697467 -0.1500102 -0.236436 -0.9599974 -0.1483111 -0.3480275 0.9256786 -0.1864802 -0.3673917 0.9111798 -0.4812833 -0.381923 0.7889875 -0.5016433 -0.3917216 0.7713031 -0.7596598 -0.3647398 0.538407 -0.7643458 -0.3671374 0.5300809 -0.9237141 -0.3025512 0.2349791 -0.9252001 -0.3043105 0.2267159 -0.9498186 -0.1990997 0.2412555 -0.1537896 -0.1324842 0.9791817 -0.1919699 -0.1548264 0.9691112 -0.4960945 -0.1897891 0.8472723 -0.5208856 -0.2066049 0.8282468 -0.7814068 -0.2235304 0.5826127 -0.7896924 -0.2314174 0.5681831 -0.9396879 -0.2248127 0.2577712 -0.9433512 -0.2424036 0.2265593 -0.9557557 -0.1683372 0.2412338 -0.9661172 -0.09160703 0.2413001 -0.1774865 0.004247248 0.9841141 -0.1849413 -0.005760371 0.9827327 -0.1905108 -0.03003144 0.9812256 -0.1769882 -0.0199092 0.9840117 -0.1749999 -0.01113247 0.9845055 -0.1769091 0.00412774 0.9842185 -0.5242883 0.01265943 0.8514468 -0.525923 0.01231706 0.850443 -0.8100858 0.01963567 0.5859825 -0.812094 0.01901572 0.5832169 -0.9695799 -0.04603135 0.2404079 -0.9692894 0.02355158 0.2447929 -0.9704579 0.02272647 0.2401977 -0.9704911 -0.01985991 0.240318 -0.1773538 -0.006866991 0.9841233 -0.5256022 -0.0203129 0.8504879 -0.525614 -0.02031522 0.8504806 -0.8116552 -0.03131556 0.5832968 -0.8117398 -0.03134691 0.5831776 -0.9639353 -0.03715401 0.2635305 -0.9668862 -0.04023861 0.2520162 -0.9696131 -0.0461632 0.240249 -0.9696446 -0.04715228 0.2399296 -0.9694623 -0.0507673 0.2399283 -0.9663671 -0.07872343 0.2448208 -0.1692649 -0.01150906 0.9855034 -0.5248215 -0.03582215 0.8504583 -0.5244463 -0.03570371 0.8506947 -0.8104887 -0.05537605 0.5831308 -0.8099724 -0.05516409 0.583868 -0.9627916 -0.06581211 0.2621092 -0.9578623 -0.06052643 0.2807784 -0.1757785 -0.02501302 0.9841119 -0.5206314 -0.07409012 0.8505608 -0.5207864 -0.07414144 0.8504615 -0.8039091 -0.1144493 0.5836365 -0.804012 -0.1144982 0.5834851 -0.9608148 -0.1368246 0.2410681 -0.9386017 -0.1176284 0.3243308 -0.9623684 0.2614713 0.07402569 -0.9623332 0.2616587 0.07382148 -0.9630079 0.2444054 0.1134979 -0.9621227 0.2493833 0.1101272 -0.9611229 0.2331664 0.1479063 -0.9612503 0.2323502 0.1483624 -0.9616805 0.2097099 0.1766134 -0.9619983 0.207796 0.1771444 -0.9620474 0.1676437 0.2153148 -0.9581571 0.1828576 0.2202231 -0.9647648 0.1394243 0.2231363 -0.5109912 0.852788 0.1078919 -0.5242304 0.8422843 0.1254581 -0.516841 0.811581 0.2724183 -0.5211445 0.8071668 0.2772912 -0.5166578 0.7443743 0.4230503 -0.5192356 0.7412986 0.4252891 -0.5179014 0.6500064 0.5561205 -0.5186368 0.6490352 0.5565692 -0.5202022 0.5329924 0.6673146 -0.5191256 0.5344901 0.6669551 -0.523337 0.3988737 0.7530062 -0.5206111 0.4027475 0.7528339 -0.5268887 0.2529649 0.8114168 -0.9660265 0.09291136 0.2411648 -0.9653239 0.09075939 0.2447704 -0.8261531 0.1480988 0.5436339 -0.8056432 0.08916962 0.5856518 -0.5163677 0.1168737 0.8483543 -0.1674862 0.9802314 0.1053318 -0.181372 0.9761672 0.1191719 -0.1724399 0.9382575 0.299896 -0.1774446 0.9358734 0.3043918 -0.1754496 0.858716 0.4814813 -0.1771369 0.8576385 0.4827824 -0.1755412 0.7475475 0.640592 -0.17567 0.7474387 0.6406837 -0.1776141 0.6077983 0.7739731 -0.1747484 0.6102663 0.7726824 -0.1798492 0.443755 0.8779156 -0.1695563 0.4530746 0.8751996 -0.1864205 0.2695986 0.9447562 -0.174507 0.2813351 0.943609 -0.1839401 0.09596949 0.9782413 -0.7973795 0.5954531 0.09808903 -0.8044515 0.5828455 0.11467 -0.7997531 0.5637024 0.2064818 -0.8016278 0.5597128 0.2100343 -0.7987482 0.5193701 0.3037366 -0.8002855 0.5157908 0.3057824 -0.7994075 0.457162 0.3898084 -0.8004103 0.4546883 0.3906429 -0.8013951 0.3799758 0.4619355 -0.822382 0.3232063 0.4682154 -0.8041383 0.2914667 0.5180819 -0.8081176 0.1945386 0.5559683 -0.5226963 0.2588645 0.8122672 -0.5306361 0.0971294 0.8420162 -0.1699361 0.1099008 0.9793077 -0.1765224 0.9842673 0.007606863 -0.1745394 0.9845982 0.01012194 -0.1795197 0.9837251 0.007600724 -0.531707 0.8466178 0.02293407 -0.5252194 0.8506754 0.02227133 -0.8190692 0.5726004 0.03542023 -0.8111845 0.5837786 0.03438514 -0.9740555 0.2223396 0.0422008 -0.9696743 0.240921 0.0410968 -0.1776465 0.984042 0.01016145 -0.5248069 0.8506754 0.03048169 -0.5175699 0.8551275 0.02964168 -0.8105476 0.5837697 0.04717874 -0.8016313 0.5960542 0.04589796 -0.968903 0.2409085 0.05648136 -0.9636244 0.2615058 0.05516272 -0.182367 0.9782662 -0.09867942 -0.9866924 0.06484949 -0.1491065 -0.9842746 0.122955 -0.1268286 -0.9815112 0.1187431 -0.1501201 -0.9834836 0.1425467 -0.1115369 -0.9818705 0.1677361 -0.08828902 -0.9825428 0.1705335 -0.07435107 -0.979241 0.1940174 -0.0586875 -0.9791078 0.1980696 -0.04600441 -0.9777382 0.2086268 -0.0224272 -0.9789988 0.2038536 -0.002268612 -0.9747415 0.2223397 0.02107661 -0.9867233 0.0273208 -0.1600964 -0.204756 0.4417692 -0.8734502 -0.5551593 0.3828674 -0.7383839 -0.5578779 0.3860216 -0.7346833 -0.5480192 0.6395881 -0.5390752 -0.551789 0.6414908 -0.5329339 -0.5440711 0.7371025 -0.4008324 -0.5481183 0.7377036 -0.3941572 -0.5403277 0.8056358 -0.2428929 -0.5444432 0.8048125 -0.2363442 -0.53675 0.8410993 -0.06672072 -0.53292 0.8430604 -0.07242643 -0.8599021 0.2962475 -0.4156992 -0.844486 0.2615525 -0.467369 -0.8476145 0.1625149 -0.5051124 -0.5598558 0.2383542 -0.7935671 -0.5577864 0.2354397 -0.7958911 -0.1672396 0.2720378 -0.9476425 -0.1882624 0.2897722 -0.9383972 -0.9847735 0.04703652 -0.1673579 -0.8628265 0.1127897 -0.4927565 -0.8435119 0.05319148 -0.5344701 -0.5610566 0.09190922 -0.8226593 -0.5508545 0.07640653 -0.8310965 -0.1927883 0.09900593 -0.9762328 -0.1852217 0.09050714 -0.97852 -0.1874005 0.696286 -0.6928686 -0.2092127 0.7394785 -0.6398449 -0.1240534 0.8284775 -0.5461098 -0.1900582 0.8560113 -0.4807521 -0.1852179 0.9093588 -0.3725062 -0.2042666 0.9337083 -0.2940477 -0.1879872 0.9427679 -0.2754079 -0.1799732 0.9784598 -0.1011248 -0.81993 0.5714126 -0.03468084 -0.8238581 0.5662978 -0.02376705 -0.8291221 0.541715 -0.1382088 -0.8281437 0.5424289 -0.141241 -0.833253 0.4972162 -0.2417961 -0.8324316 0.4972552 -0.2445299 -0.8375395 0.4331583 -0.3330189 -0.8368414 0.432683 -0.3353835 -0.8415886 0.351846 -0.4097965 -0.5551527 0.5217046 -0.6477885 -0.5518587 0.5189015 -0.6528348 -0.1922985 0.6010616 -0.7757231 -0.1237618 0.5446075 -0.8295094 -0.987078 0.006184518 -0.1601212 -0.9868589 -0.02142083 -0.1601586 -0.1836403 -0.04968059 -0.9817373 -0.1952539 -0.007163882 -0.9807267 -0.1861299 -0.01229137 -0.9824483 -0.185415 -0.02172923 -0.9824201 -0.1868622 -0.002138197 -0.9823839 -0.5386074 -0.1404759 -0.8307639 -0.5324687 -0.1412979 -0.8345729 -0.5400562 -0.1085568 -0.8345986 -0.5403466 -0.1084995 -0.8344181 -0.5454355 -0.07886159 -0.8344346 -0.5459679 -0.07872688 -0.8340991 -0.8168892 -0.2142785 -0.5355156 -0.8144025 -0.2150476 -0.5389835 -0.8257771 -0.1660296 -0.5390052 -0.8261386 -0.16589 -0.5384939 -0.8339349 -0.1206233 -0.538519 -0.8345752 -0.1203458 -0.5375884 -0.1799749 -0.04736518 -0.9825302 -0.1824561 -0.03663015 -0.9825314 -0.1806172 -0.0356124 -0.9829086 -0.1859975 -0.02681243 -0.9821844 -0.1654587 -0.01590728 -0.9860885 -0.5490255 -0.05310803 -0.8341166 -0.5496448 -0.05292487 -0.8337204 -0.8392661 -0.08125042 -0.5376159 -0.8400045 -0.08088248 -0.5365172 -0.1868302 -0.002131819 -0.9823899 -0.5529385 -0.006311595 -0.8331983 -0.5530287 -0.006296336 -0.8331384 -0.8447839 -0.009621381 -0.5350213 -0.8448461 -0.009601891 -0.5349233 -0.9854814 -0.03102284 -0.1669253 -0.9537401 -0.2509018 -0.1656149 -0.9534444 -0.2512138 -0.1668396 -0.9666334 -0.1943753 -0.1668473 -0.9668261 -0.194147 -0.1659952 -0.9759619 -0.14121 -0.1660066 -0.9762833 -0.1407788 -0.1644761 -0.9817838 -0.09510004 -0.1644885 -0.9821366 -0.09456533 -0.1626812 -0.9842676 -0.06885993 -0.1627135 -0.1867079 -0.00811994 -0.982382 -0.5517638 -0.02418804 -0.8336496 -0.5525485 -0.02406579 -0.8331333 -0.843146 -0.03702968 -0.5364081 -0.8440976 -0.03677648 -0.5349269 -0.9818477 -0.04315435 -0.184697 -0.9726152 -0.05050116 -0.2268689 -0.9869442 -0.01703673 -0.1601593 -0.9864099 -0.01464712 -0.1636493 -0.9849845 -0.01120012 -0.1722788 -0.9822362 -0.01502382 -0.1870465 -0.9852621 -0.009236454 -0.1708025 0 0.09074556 -0.9958742 -0.002716243 0.1757957 -0.984423 8.89001e-4 0.2927333 -0.9561938 -0.002005696 0.5468515 -0.8372272 -0.001380741 0.5391379 -0.8422164 1.32507e-4 0.7059547 -0.708257 -0.001152336 0.8333661 -0.5527201 -0.002178013 0.8422152 -0.5391371 -6.13814e-5 0.9237875 -0.3829057 0 0.9844267 -0.1757961 -0.004327893 0.9943227 -0.106319 1.25594e-4 0.9587377 -0.2842922 0 0.9947567 0.1022698 -0.01247656 0.9534756 0.3012118 0.003497064 0.9844207 0.1757946 -0.002189636 0.872997 0.4877207 -0.006826758 0.8421975 0.539126 6.08852e-4 0.7592805 0.6507632 -7.59413e-4 0.6163654 0.78746 -0.007058799 0.5391251 0.8421962 -3.59653e-4 0.4485165 0.8937746 2.90204e-4 0.2705029 0.9627192 -0.004674196 0.1757937 0.984416 0 0.09287631 0.9956777 0 0 1 2.31297e-6 0 1 0 0 -1 -1.43484e-7 0 -1 0 0.9943407 -0.1062387 0.002839624 0.9844227 -0.1757952 -1.36279e-4 0.9587377 -0.2842923 6.66111e-5 0.9237875 -0.3829054 0.002572119 0.8333465 -0.552745 0.001360952 0.8422162 -0.5391382 -1.43762e-4 0.7059546 -0.7082572 0.001498043 0.5391378 -0.8422162 0.002175867 0.5468487 -0.8372287 -9.64352e-4 0.2927342 -0.9561935 0.002946496 0.1757956 -0.9844224 0 1 0 0 1 0 0 1 0 0 1 0 -3.74861e-4 0.7592805 0.6507635 8.64569e-4 0.5391384 0.8422169 0.008051276 0.6162952 0.7874741 2.2174e-4 0.4485186 0.8937735 -3.80135e-4 0.1757957 0.9844267 0.006194472 0.2703638 0.9627383 0 0.09287631 0.9956778 0.006155729 0.8729991 0.487683 0.001974165 0.8422155 0.5391376 -7.9763e-4 0.9534776 0.3014631 0.002821505 0.9844227 0.1757954 0 0.9947569 0.1022686 1.30173e-6 0 1 -7.62871e-7 0 1 3.92198e-7 0 -1 -3.07976e-7 0 -1 -1 0 0 -1 -1.44245e-7 0 -1 -3.2756e-6 0 -1 -1.87084e-7 0 -1 0 0 -1 1.91778e-7 0 1 0 0 1 -5.57053e-7 0 1 6.91133e-7 0 1 6.71566e-7 0</float_array>
          <technique_common>
            <accessor source="#MRH-F-Mid-MagTac-Sensor-Visual_00-mesh-normals-array" count="1851" stride="3">
              <param name="X" type="float"/>
              <param name="Y" type="float"/>
              <param name="Z" type="float"/>
            </accessor>
          </technique_common>
        </source>
        <vertices id="MRH-F-Mid-MagTac-Sensor-Visual_00-mesh-vertices">
          <input semantic="POSITION" source="#MRH-F-Mid-MagTac-Sensor-Visual_00-mesh-positions"/>
        </vertices>
        <triangles material="black_spec_mag_tac_sensor-material" count="1916">
          <input semantic="VERTEX" source="#MRH-F-Mid-MagTac-Sensor-Visual_00-mesh-vertices" offset="0"/>
          <input semantic="NORMAL" source="#MRH-F-Mid-MagTac-Sensor-Visual_00-mesh-normals" offset="1"/>
          <p>0 0 1 0 2 0 2 0 1 0 3 0 2 1 3 1 4 1 4 2 3 2 5 2 4 3 5 3 6 3 6 4 5 4 7 4 6 5 7 5 8 5 8 6 7 6 9 6 8 7 9 7 10 7 10 8 9 8 11 8 10 9 11 9 12 9 12 9 11 9 13 9 14 10 15 10 16 10 16 10 15 10 17 10 16 11 17 11 18 11 18 11 17 11 19 11 18 12 19 12 20 12 20 12 19 12 21 12 20 13 21 13 22 13 22 14 21 14 23 14 22 15 23 15 24 15 24 15 23 15 25 15 24 16 25 16 26 16 26 17 25 17 27 17 28 18 14 18 16 18 29 18 16 18 30 18 30 18 16 18 18 18 26 18 31 18 24 18 24 19 31 19 32 19 24 20 32 20 22 20 22 18 32 18 30 18 22 18 30 18 20 18 20 18 30 18 18 18 29 18 33 18 16 18 16 21 33 21 34 21 16 22 34 22 28 22 21 23 35 23 23 23 23 23 35 23 36 23 23 24 36 24 25 24 25 25 36 25 37 25 25 26 37 26 27 26 15 23 38 23 17 23 17 27 38 27 39 27 17 28 39 28 40 28 21 23 19 23 35 23 35 29 19 29 17 29 35 30 17 30 41 30 41 23 17 23 40 23 42 31 43 31 44 31 44 32 43 32 45 32 44 33 45 33 46 33 46 34 45 34 47 34 47 35 45 35 48 35 47 36 48 36 49 36 49 37 48 37 50 37 50 38 48 38 51 38 50 39 51 39 52 39 52 40 51 40 53 40 53 41 51 41 54 41 53 42 54 42 55 42 55 43 54 43 56 43 55 44 56 44 57 44 58 45 59 45 60 45 60 46 59 46 61 46 60 47 61 47 62 47 62 48 61 48 63 48 63 49 61 49 64 49 63 50 64 50 65 50 65 51 64 51 66 51 66 52 64 52 67 52 66 53 67 53 68 53 68 54 67 54 69 54 68 54 69 54 70 54 68 55 70 55 71 55 72 56 73 56 74 56 75 57 76 57 77 57 75 58 78 58 76 58 76 59 78 59 79 59 76 60 79 60 80 60 81 61 82 61 83 61 83 62 82 62 84 62 83 63 84 63 85 63 85 64 84 64 86 64 85 65 86 65 87 65 88 66 89 66 90 66 90 67 89 67 91 67 92 68 93 68 94 68 94 69 95 69 92 69 92 70 95 70 96 70 92 71 96 71 91 71 91 72 96 72 97 72 91 73 97 73 90 73 98 74 99 74 100 74 100 75 99 75 101 75 100 76 101 76 102 76 101 77 103 77 102 77 102 78 103 78 104 78 102 79 104 79 93 79 93 80 104 80 105 80 93 81 105 81 94 81 89 82 106 82 91 82 91 83 106 83 107 83 91 84 107 84 92 84 92 85 107 85 108 85 92 86 108 86 93 86 93 87 108 87 109 87 93 88 109 88 102 88 102 89 109 89 110 89 102 90 110 90 100 90 100 91 110 91 111 91 100 92 111 92 98 92 98 93 111 93 112 93 98 94 112 94 113 94 113 95 112 95 114 95 113 96 114 96 115 96 115 97 114 97 116 97 115 98 116 98 117 98 117 99 116 99 118 99 117 100 118 100 81 100 81 101 118 101 119 101 81 102 119 102 82 102 82 103 119 103 120 103 82 104 120 104 84 104 84 105 120 105 121 105 84 106 121 106 86 106 74 107 122 107 72 107 72 108 122 108 123 108 72 109 123 109 124 109 124 110 123 110 125 110 124 111 125 111 126 111 126 112 125 112 127 112 126 113 127 113 128 113 128 114 127 114 129 114 128 115 129 115 130 115 130 116 129 116 131 116 130 117 131 117 132 117 132 118 131 118 133 118 132 119 133 119 134 119 134 120 133 120 135 120 134 121 135 121 136 121 136 122 135 122 137 122 136 123 137 123 138 123 138 124 137 124 139 124 138 125 139 125 140 125 140 126 139 126 141 126 140 127 141 127 75 127 75 128 141 128 142 128 75 129 142 129 78 129 66 130 68 130 143 130 143 131 68 131 71 131 143 132 71 132 144 132 66 133 143 133 65 133 65 134 143 134 144 134 65 135 144 135 63 135 63 136 144 136 77 136 63 137 77 137 62 137 62 138 77 138 76 138 62 139 76 139 60 139 60 140 76 140 80 140 60 141 80 141 58 141 83 142 145 142 81 142 81 143 145 143 146 143 81 144 146 144 117 144 117 145 146 145 147 145 117 146 147 146 115 146 115 147 147 147 148 147 115 148 148 148 113 148 113 149 148 149 149 149 113 150 149 150 98 150 98 151 149 151 150 151 98 152 150 152 99 152 71 153 87 153 144 153 144 154 87 154 86 154 144 155 86 155 77 155 77 156 86 156 121 156 77 157 121 157 75 157 75 158 121 158 120 158 75 159 120 159 140 159 140 160 120 160 119 160 140 161 119 161 138 161 138 162 119 162 118 162 138 163 118 163 136 163 136 164 118 164 116 164 136 165 116 165 134 165 134 166 116 166 114 166 134 167 114 167 132 167 132 168 114 168 112 168 132 169 112 169 130 169 130 170 112 170 111 170 130 171 111 171 128 171 128 172 111 172 110 172 128 173 110 173 126 173 126 174 110 174 109 174 126 175 109 175 124 175 124 176 109 176 108 176 124 177 108 177 72 177 72 178 108 178 107 178 72 179 107 179 73 179 73 180 107 180 106 180 151 181 152 181 153 181 154 182 155 182 156 182 157 183 158 183 159 183 157 184 159 184 160 184 160 185 159 185 161 185 160 186 161 186 162 186 163 187 164 187 165 187 165 188 164 188 166 188 165 189 166 189 167 189 167 190 166 190 168 190 167 191 168 191 169 191 169 192 168 192 170 192 169 193 170 193 171 193 172 194 173 194 174 194 174 195 173 195 154 195 174 196 154 196 175 196 176 197 177 197 175 197 175 198 177 198 178 198 179 199 180 199 181 199 181 200 180 200 182 200 181 201 182 201 183 201 183 202 182 202 184 202 183 203 184 203 185 203 185 204 184 204 186 204 154 205 156 205 175 205 175 206 156 206 187 206 175 207 187 207 176 207 188 208 189 208 49 208 190 209 191 209 192 209 192 210 191 210 193 210 192 211 193 211 194 211 194 212 193 212 195 212 194 213 195 213 196 213 197 214 198 214 199 214 47 215 200 215 46 215 46 216 200 216 197 216 46 217 197 217 44 217 44 218 197 218 199 218 44 219 199 219 42 219 189 220 201 220 202 220 202 221 201 221 203 221 202 222 203 222 204 222 204 223 203 223 205 223 204 224 205 224 206 224 49 225 189 225 47 225 47 226 189 226 202 226 47 227 202 227 200 227 200 228 202 228 204 228 200 229 204 229 197 229 197 230 204 230 206 230 197 231 206 231 198 231 207 232 208 232 209 232 209 233 208 233 210 233 209 234 210 234 211 234 211 235 210 235 212 235 211 236 212 236 213 236 214 237 215 237 216 237 216 238 215 238 217 238 216 239 217 239 218 239 218 240 217 240 219 240 218 241 219 241 220 241 220 242 219 242 221 242 220 243 221 243 222 243 222 244 221 244 223 244 222 245 190 245 220 245 220 246 190 246 192 246 220 247 192 247 218 247 218 248 192 248 194 248 218 249 194 249 216 249 216 250 194 250 196 250 216 251 196 251 214 251 224 252 225 252 226 252 57 253 225 253 55 253 55 254 225 254 224 254 55 255 224 255 53 255 52 256 53 256 227 256 227 257 53 257 224 257 227 258 224 258 151 258 151 259 224 259 226 259 151 260 226 260 152 260 158 261 157 261 228 261 228 262 157 262 229 262 228 263 229 263 230 263 230 264 229 264 231 264 230 265 231 265 153 265 231 266 232 266 153 266 153 267 232 267 233 267 153 268 233 268 151 268 151 269 233 269 234 269 151 270 234 270 227 270 227 271 234 271 235 271 227 272 235 272 52 272 52 273 235 273 50 273 236 274 237 274 238 274 238 275 237 275 239 275 238 276 239 276 240 276 240 277 239 277 241 277 240 278 241 278 242 278 242 279 241 279 243 279 242 280 243 280 244 280 244 281 243 281 245 281 244 282 245 282 246 282 246 283 245 283 247 283 246 284 247 284 248 284 248 285 247 285 249 285 248 286 249 286 250 286 250 287 249 287 251 287 250 288 251 288 188 288 188 289 251 289 207 289 188 290 207 290 189 290 189 291 207 291 209 291 189 292 209 292 201 292 201 293 209 293 211 293 201 294 211 294 203 294 203 295 211 295 213 295 203 296 213 296 205 296 162 297 236 297 160 297 160 298 236 298 238 298 160 299 238 299 157 299 157 300 238 300 240 300 157 301 240 301 229 301 229 302 240 302 242 302 229 303 242 303 231 303 231 304 242 304 244 304 231 305 244 305 232 305 232 306 244 306 246 306 232 307 246 307 233 307 233 308 246 308 248 308 233 309 248 309 234 309 234 310 248 310 250 310 234 311 250 311 235 311 235 312 250 312 188 312 235 313 188 313 50 313 50 314 188 314 49 314 180 315 252 315 182 315 182 316 252 316 253 316 182 317 253 317 184 317 184 318 253 318 254 318 184 319 254 319 186 319 186 320 254 320 255 320 186 321 255 321 256 321 164 322 179 322 166 322 166 323 179 323 181 323 166 324 181 324 168 324 168 325 181 325 183 325 168 326 183 326 170 326 170 327 183 327 185 327 170 328 185 328 155 328 155 329 185 329 186 329 155 330 186 330 156 330 156 331 186 331 256 331 156 332 256 332 187 332 195 333 172 333 196 333 196 334 172 334 174 334 196 335 174 335 214 335 214 336 174 336 175 336 214 337 175 337 215 337 215 338 175 338 178 338 215 339 178 339 217 339 217 340 178 340 257 340 217 341 257 341 219 341 219 342 257 342 258 342 219 343 258 343 221 343 221 344 258 344 259 344 221 345 259 345 223 345 223 346 259 346 260 346 161 347 261 347 162 347 162 348 261 348 171 348 162 349 171 349 236 349 236 350 171 350 170 350 236 351 170 351 237 351 237 352 170 352 155 352 237 353 155 353 239 353 239 354 155 354 154 354 239 355 154 355 241 355 241 356 154 356 173 356 241 357 173 357 243 357 243 358 173 358 172 358 243 359 172 359 245 359 245 360 172 360 195 360 245 361 195 361 247 361 247 362 195 362 193 362 247 363 193 363 249 363 249 364 193 364 191 364 249 365 191 365 251 365 251 366 191 366 190 366 251 367 190 367 207 367 207 368 190 368 222 368 207 369 222 369 208 369 208 370 222 370 223 370 208 371 223 371 210 371 210 372 223 372 260 372 210 373 260 373 212 373 213 374 262 374 263 374 87 375 71 375 264 375 264 376 71 376 70 376 264 377 70 377 42 377 265 378 148 378 266 378 266 379 148 379 147 379 266 380 147 380 267 380 267 381 147 381 146 381 267 382 146 382 268 382 268 383 146 383 145 383 268 384 145 384 83 384 103 385 101 385 269 385 269 386 101 386 99 386 269 387 99 387 270 387 270 388 99 388 150 388 270 389 150 389 265 389 265 390 150 390 149 390 265 391 149 391 148 391 104 392 271 392 105 392 105 393 271 393 272 393 105 394 272 394 94 394 94 395 272 395 95 395 95 396 272 396 273 396 95 397 273 397 96 397 96 398 273 398 97 398 97 399 273 399 274 399 97 400 274 400 90 400 90 401 274 401 275 401 90 402 275 402 88 402 275 403 276 403 277 403 88 404 275 404 278 404 278 405 275 405 277 405 278 406 277 406 279 406 280 407 281 407 282 407 282 408 281 408 252 408 273 409 253 409 274 409 274 410 253 410 252 410 274 411 252 411 275 411 275 412 252 412 281 412 275 413 281 413 276 413 271 414 256 414 272 414 272 415 256 415 255 415 272 416 255 416 273 416 273 417 255 417 254 417 273 418 254 418 253 418 177 419 176 419 271 419 271 420 176 420 187 420 271 421 187 421 256 421 212 422 260 422 268 422 268 423 260 423 259 423 268 424 259 424 267 424 267 425 259 425 258 425 267 426 258 426 266 426 266 427 258 427 257 427 266 428 257 428 265 428 265 429 257 429 178 429 265 430 178 430 270 430 270 431 178 431 177 431 270 432 177 432 269 432 269 433 177 433 271 433 269 434 271 434 103 434 103 435 271 435 104 435 87 436 283 436 85 436 85 437 283 437 263 437 85 438 263 438 83 438 83 439 263 439 262 439 83 440 262 440 268 440 268 441 262 441 213 441 268 442 213 442 212 442 87 443 264 443 283 443 283 444 264 444 206 444 283 445 206 445 263 445 263 446 206 446 205 446 263 447 205 447 213 447 42 448 199 448 264 448 264 449 199 449 198 449 264 450 198 450 206 450 278 451 279 451 284 451 88 452 278 452 285 452 286 453 287 453 288 453 278 454 284 454 285 454 285 455 284 455 289 455 285 456 289 456 290 456 290 457 289 457 286 457 290 458 286 458 291 458 291 459 286 459 288 459 291 460 288 460 292 460 88 461 285 461 89 461 89 462 285 462 290 462 89 463 290 463 106 463 106 464 290 464 291 464 106 465 291 465 73 465 73 466 291 466 292 466 73 467 292 467 74 467 282 468 252 468 180 468 280 469 282 469 293 469 280 470 293 470 294 470 294 471 293 471 295 471 294 472 295 472 296 472 296 473 295 473 297 473 296 474 297 474 298 474 298 475 297 475 299 475 298 476 299 476 300 476 282 477 180 477 293 477 293 478 180 478 179 478 293 479 179 479 295 479 295 480 179 480 164 480 295 481 164 481 297 481 297 482 164 482 163 482 297 483 163 483 299 483 301 484 302 484 303 484 279 485 304 485 305 485 301 486 306 486 302 486 302 487 306 487 307 487 302 488 307 488 305 488 305 489 307 489 308 489 305 490 308 490 279 490 309 491 310 491 311 491 311 492 310 492 312 492 311 493 312 493 313 493 313 494 312 494 314 494 313 495 314 495 303 495 303 496 314 496 315 496 303 497 315 497 301 497 316 498 317 498 318 498 318 499 317 499 319 499 318 500 319 500 320 500 320 501 319 501 321 501 320 502 321 502 322 502 322 503 321 503 323 503 322 504 323 504 324 504 324 505 323 505 325 505 324 506 325 506 326 506 326 507 325 507 327 507 326 508 327 508 309 508 309 509 327 509 328 509 309 510 328 510 310 510 329 511 330 511 316 511 316 512 330 512 331 512 331 513 332 513 316 513 316 514 332 514 333 514 316 515 333 515 334 515 334 516 335 516 316 516 316 517 335 517 336 517 316 518 336 518 317 518 337 519 338 519 339 519 338 520 340 520 339 520 339 521 340 521 341 521 339 522 341 522 342 522 342 523 341 523 343 523 344 524 345 524 339 524 339 525 345 525 346 525 346 526 347 526 339 526 339 527 347 527 348 527 339 528 348 528 337 528 339 529 349 529 344 529 344 530 349 530 350 530 344 531 350 531 351 531 351 532 350 532 352 532 351 533 352 533 353 533 353 534 352 534 354 534 353 535 354 535 355 535 356 536 357 536 358 536 358 537 357 537 359 537 358 538 359 538 360 538 360 539 359 539 361 539 360 540 361 540 362 540 362 541 361 541 363 541 363 542 361 542 364 542 363 543 364 543 365 543 365 544 364 544 366 544 365 545 366 545 367 545 367 546 366 546 368 546 367 547 368 547 369 547 369 548 368 548 370 548 369 549 370 549 371 549 371 550 370 550 372 550 372 551 370 551 281 551 372 552 281 552 280 552 277 553 276 553 373 553 343 554 329 554 342 554 342 555 329 555 316 555 342 556 316 556 339 556 339 557 316 557 318 557 339 558 318 558 349 558 349 559 318 559 320 559 349 560 320 560 350 560 350 561 320 561 322 561 350 562 322 562 352 562 352 563 322 563 324 563 352 564 324 564 354 564 354 565 324 565 326 565 354 566 326 566 374 566 374 567 326 567 309 567 374 568 309 568 375 568 375 569 309 569 311 569 375 570 311 570 376 570 376 571 311 571 313 571 376 572 313 572 377 572 377 573 313 573 303 573 377 574 303 574 378 574 378 575 303 575 302 575 378 576 302 576 379 576 379 577 302 577 305 577 379 578 305 578 373 578 373 579 305 579 304 579 373 580 304 580 277 580 277 581 304 581 279 581 276 582 281 582 373 582 373 583 281 583 370 583 373 584 370 584 379 584 379 585 370 585 368 585 379 586 368 586 378 586 378 587 368 587 366 587 378 588 366 588 377 588 377 589 366 589 364 589 377 590 364 590 376 590 376 591 364 591 361 591 376 592 361 592 375 592 375 593 361 593 359 593 375 594 359 594 374 594 374 595 359 595 357 595 374 596 357 596 354 596 354 597 357 597 356 597 354 598 356 598 355 598 380 599 371 599 372 599 298 600 300 600 381 600 280 601 294 601 382 601 382 602 294 602 296 602 382 603 296 603 383 603 383 604 296 604 298 604 383 605 298 605 384 605 384 606 298 606 381 606 384 607 381 607 385 607 385 608 386 608 384 608 384 609 386 609 387 609 384 610 387 610 383 610 383 611 387 611 380 611 383 612 380 612 382 612 382 613 380 613 372 613 382 614 372 614 280 614 308 615 307 615 388 615 306 616 301 616 389 616 306 617 389 617 307 617 308 618 388 618 279 618 279 619 388 619 284 619 284 620 388 620 390 620 284 621 390 621 289 621 289 622 390 622 391 622 289 623 391 623 286 623 286 624 391 624 392 624 286 625 392 625 287 625 307 626 389 626 388 626 388 627 389 627 393 627 388 628 393 628 390 628 390 629 393 629 394 629 390 630 394 630 391 630 391 631 394 631 395 631 391 632 395 632 392 632 328 633 327 633 396 633 336 634 397 634 317 634 317 635 397 635 398 635 317 636 398 636 319 636 327 637 325 637 396 637 396 638 325 638 323 638 396 639 323 639 321 639 314 640 312 640 399 640 399 641 312 641 310 641 314 642 399 642 315 642 315 643 399 643 389 643 315 644 389 644 301 644 393 645 389 645 400 645 400 646 389 646 399 646 400 647 399 647 396 647 396 648 399 648 310 648 396 649 310 649 328 649 401 650 402 650 403 650 403 651 402 651 404 651 403 652 404 652 405 652 397 653 401 653 398 653 398 654 401 654 403 654 398 655 403 655 406 655 406 656 403 656 405 656 406 657 405 657 407 657 394 658 393 658 407 658 407 659 393 659 400 659 407 660 400 660 406 660 406 661 400 661 396 661 406 662 396 662 398 662 398 663 396 663 321 663 398 664 321 664 319 664 395 665 394 665 408 665 408 666 394 666 407 666 408 667 407 667 409 667 409 668 407 668 405 668 409 669 405 669 410 669 410 670 405 670 404 670 410 671 404 671 411 671 411 672 404 672 402 672 397 673 336 673 335 673 412 674 413 674 414 674 331 675 413 675 332 675 332 676 413 676 412 676 332 677 412 677 333 677 415 678 414 678 416 678 416 679 414 679 413 679 416 680 413 680 417 680 417 681 413 681 331 681 417 682 331 682 418 682 419 683 420 683 421 683 421 684 420 684 422 684 421 685 422 685 423 685 423 686 422 686 424 686 423 687 424 687 425 687 426 688 335 688 334 688 426 689 334 689 427 689 335 690 426 690 397 690 397 691 426 691 428 691 397 692 428 692 401 692 401 693 428 693 429 693 401 694 429 694 402 694 402 695 429 695 430 695 402 696 430 696 411 696 334 697 333 697 427 697 427 698 333 698 412 698 427 699 412 699 431 699 431 700 412 700 414 700 431 701 414 701 432 701 432 702 414 702 415 702 432 703 415 703 433 703 433 704 415 704 434 704 434 705 415 705 435 705 435 706 415 706 416 706 435 707 416 707 436 707 436 708 416 708 417 708 436 709 417 709 437 709 437 710 417 710 418 710 437 711 418 711 329 711 438 712 419 712 439 712 439 713 419 713 421 713 439 714 421 714 440 714 440 715 421 715 423 715 440 716 423 716 441 716 441 717 423 717 425 717 441 718 425 718 442 718 433 719 442 719 432 719 432 720 442 720 425 720 432 721 425 721 431 721 431 722 425 722 424 722 431 723 424 723 427 723 427 724 424 724 422 724 427 725 422 725 426 725 426 726 422 726 420 726 426 727 420 727 428 727 428 728 420 728 419 728 428 729 419 729 429 729 429 730 419 730 438 730 429 731 438 731 430 731 343 732 341 732 443 732 329 733 343 733 444 733 343 734 443 734 444 734 444 735 443 735 445 735 444 736 445 736 446 736 446 737 445 737 447 737 446 738 447 738 448 738 448 739 447 739 449 739 448 740 449 740 450 740 329 741 444 741 437 741 437 742 444 742 446 742 437 743 446 743 436 743 436 744 446 744 448 744 436 745 448 745 435 745 435 746 448 746 450 746 435 747 450 747 434 747 451 748 452 748 453 748 454 749 345 749 455 749 454 750 455 750 347 750 449 751 447 751 456 751 456 752 447 752 457 752 456 753 457 753 458 753 458 754 457 754 459 754 460 755 461 755 462 755 462 756 461 756 463 756 462 757 463 757 464 757 464 758 463 758 465 758 464 759 465 759 466 759 466 760 465 760 459 760 466 761 459 761 467 761 467 762 459 762 457 762 467 763 457 763 445 763 445 764 457 764 447 764 443 765 341 765 468 765 468 766 341 766 340 766 468 767 340 767 469 767 469 768 340 768 338 768 469 769 338 769 470 769 470 770 338 770 337 770 470 771 337 771 471 771 471 772 337 772 472 772 471 773 472 773 473 773 460 774 474 774 453 774 453 775 474 775 475 775 453 776 475 776 451 776 451 777 475 777 476 777 472 778 347 778 473 778 473 779 347 779 455 779 473 780 455 780 477 780 477 781 455 781 478 781 477 782 478 782 479 782 460 783 453 783 461 783 461 784 453 784 452 784 461 785 452 785 463 785 463 786 452 786 480 786 463 787 480 787 465 787 465 788 480 788 481 788 465 789 481 789 459 789 459 790 481 790 482 790 459 791 482 791 458 791 445 792 443 792 467 792 467 793 443 793 468 793 467 794 468 794 466 794 466 795 468 795 469 795 466 796 469 796 464 796 464 797 469 797 470 797 464 798 470 798 462 798 462 799 470 799 471 799 462 800 471 800 460 800 460 801 471 801 473 801 460 802 473 802 474 802 474 803 473 803 477 803 474 804 477 804 475 804 475 805 477 805 479 805 475 806 479 806 476 806 483 807 476 807 484 807 484 808 476 808 479 808 484 809 479 809 478 809 483 810 484 810 485 810 485 811 484 811 486 811 485 812 486 812 487 812 487 813 486 813 488 813 487 814 488 814 489 814 488 815 490 815 489 815 489 816 490 816 491 816 489 817 491 817 492 817 493 818 380 818 387 818 371 819 380 819 369 819 369 820 380 820 493 820 369 821 493 821 367 821 367 822 493 822 494 822 367 823 494 823 365 823 365 824 494 824 495 824 365 825 495 825 363 825 363 826 495 826 496 826 363 827 496 827 362 827 362 828 496 828 360 828 360 829 496 829 497 829 360 830 497 830 358 830 455 831 345 831 344 831 351 832 353 832 497 832 353 833 355 833 497 833 497 834 355 834 356 834 497 835 356 835 358 835 344 836 351 836 455 836 455 837 351 837 497 837 455 838 497 838 498 838 498 839 497 839 496 839 498 840 496 840 499 840 499 841 496 841 495 841 499 842 495 842 500 842 500 843 495 843 494 843 500 844 494 844 501 844 501 845 494 845 493 845 501 846 493 846 502 846 502 847 493 847 387 847 502 848 387 848 386 848 385 849 492 849 386 849 386 850 492 850 491 850 386 851 491 851 502 851 502 852 491 852 490 852 502 853 490 853 501 853 501 854 490 854 488 854 501 855 488 855 500 855 500 856 488 856 486 856 500 857 486 857 499 857 499 858 486 858 484 858 499 859 484 859 498 859 498 860 484 860 478 860 498 861 478 861 455 861 503 43 504 43 54 43 54 44 504 44 56 44 503 862 54 862 505 862 505 863 54 863 51 863 505 864 51 864 506 864 506 865 51 865 507 865 507 866 51 866 48 866 507 867 48 867 508 867 508 868 48 868 509 868 509 869 48 869 45 869 509 870 45 870 510 870 510 871 45 871 511 871 511 872 45 872 43 872 511 873 43 873 512 873 513 54 514 54 515 54 515 54 514 54 69 54 513 874 515 874 516 874 516 875 515 875 517 875 516 876 517 876 518 876 518 877 517 877 519 877 519 878 517 878 520 878 519 879 520 879 521 879 521 880 520 880 522 880 522 881 520 881 59 881 522 882 59 882 523 882 524 883 525 883 526 883 527 884 528 884 526 884 526 885 528 885 529 885 526 886 529 886 524 886 526 887 530 887 527 887 527 888 530 888 531 888 527 889 531 889 532 889 532 890 531 890 533 890 532 891 533 891 534 891 534 892 533 892 535 892 534 893 535 893 536 893 536 894 535 894 537 894 536 895 537 895 538 895 538 896 537 896 539 896 538 897 539 897 540 897 540 898 539 898 541 898 540 899 541 899 542 899 542 900 541 900 543 900 543 901 541 901 544 901 543 902 544 902 545 902 544 903 546 903 545 903 545 904 546 904 547 904 545 905 547 905 548 905 549 906 550 906 551 906 551 907 550 907 548 907 548 908 547 908 551 908 551 909 547 909 552 909 551 910 552 910 553 910 554 911 555 911 556 911 556 912 555 912 557 912 556 913 557 913 558 913 513 914 516 914 559 914 559 915 516 915 518 915 559 916 518 916 560 916 560 917 518 917 553 917 561 918 562 918 563 918 564 919 565 919 566 919 566 920 565 920 567 920 566 921 567 921 562 921 562 922 567 922 568 922 562 923 568 923 563 923 569 924 570 924 571 924 571 925 570 925 572 925 571 926 572 926 573 926 563 927 574 927 561 927 561 928 574 928 575 928 561 929 575 929 569 929 569 930 575 930 576 930 569 931 576 931 570 931 577 932 578 932 579 932 579 933 578 933 580 933 579 934 580 934 581 934 581 935 580 935 582 935 581 936 582 936 583 936 583 937 582 937 584 937 583 938 584 938 585 938 585 939 584 939 586 939 585 940 586 940 573 940 573 941 586 941 587 941 573 942 587 942 571 942 571 943 587 943 588 943 571 944 588 944 569 944 569 945 588 945 589 945 569 946 589 946 561 946 561 947 589 947 590 947 561 948 590 948 562 948 562 949 590 949 591 949 562 950 591 950 566 950 566 951 591 951 592 951 566 952 592 952 564 952 564 953 592 953 593 953 514 954 513 954 594 954 594 955 513 955 559 955 594 956 559 956 554 956 554 957 559 957 560 957 554 958 560 958 555 958 555 959 560 959 553 959 555 960 553 960 557 960 557 961 553 961 552 961 523 962 549 962 522 962 522 963 549 963 551 963 522 964 551 964 521 964 521 965 551 965 553 965 521 966 553 966 519 966 519 967 553 967 518 967 572 968 595 968 573 968 573 969 595 969 596 969 573 970 596 970 585 970 585 971 596 971 597 971 585 972 597 972 583 972 598 973 577 973 599 973 599 974 577 974 579 974 599 975 579 975 600 975 600 976 579 976 581 976 600 977 581 977 601 977 601 978 581 978 583 978 601 979 583 979 602 979 602 980 583 980 597 980 525 981 593 981 526 981 526 982 593 982 592 982 526 983 592 983 530 983 530 984 592 984 591 984 530 985 591 985 531 985 531 986 591 986 590 986 531 987 590 987 533 987 533 988 590 988 589 988 533 989 589 989 535 989 535 990 589 990 588 990 535 991 588 991 537 991 537 992 588 992 587 992 537 993 587 993 539 993 539 994 587 994 586 994 539 995 586 995 541 995 541 996 586 996 584 996 541 997 584 997 544 997 544 998 584 998 582 998 544 999 582 999 546 999 546 1000 582 1000 580 1000 546 1001 580 1001 547 1001 547 1002 580 1002 578 1002 547 1003 578 1003 552 1003 552 1004 578 1004 577 1004 552 1005 577 1005 557 1005 557 1006 577 1006 598 1006 557 1007 598 1007 558 1007 42 1008 70 1008 43 1008 43 1009 70 1009 69 1009 43 1008 69 1008 512 1008 512 1009 69 1009 514 1009 548 1010 550 1010 524 1010 58 1011 80 1011 74 1011 548 1012 524 1012 545 1012 538 1013 540 1013 524 1013 550 1014 549 1014 524 1014 524 1015 549 1015 523 1015 524 1016 523 1016 74 1016 74 1017 523 1017 59 1017 74 1018 59 1018 58 1018 80 1019 79 1019 74 1019 74 1020 79 1020 78 1020 74 1021 78 1021 142 1021 540 1022 542 1022 524 1022 524 1023 542 1023 543 1023 524 1024 543 1024 545 1024 142 1025 141 1025 74 1025 74 1026 141 1026 139 1026 74 1027 139 1027 137 1027 532 1028 534 1028 527 1028 527 1029 534 1029 528 1029 524 1030 529 1030 538 1030 538 1031 529 1031 528 1031 538 1032 528 1032 536 1032 536 1033 528 1033 534 1033 137 1034 135 1034 74 1034 74 1035 135 1035 133 1035 74 1036 133 1036 122 1036 122 1037 133 1037 123 1037 133 1038 131 1038 123 1038 123 1039 131 1039 129 1039 123 1040 129 1040 125 1040 125 1041 129 1041 127 1041 603 1042 604 1042 605 1042 606 1043 607 1043 608 1043 607 1044 606 1044 609 1044 609 1045 606 1045 610 1045 609 1046 610 1046 611 1046 612 1047 613 1047 614 1047 614 1048 613 1048 611 1048 614 1049 611 1049 615 1049 615 1050 611 1050 610 1050 616 1051 617 1051 612 1051 612 1052 617 1052 618 1052 612 1053 618 1053 613 1053 612 1054 619 1054 616 1054 616 1055 619 1055 603 1055 616 1056 603 1056 620 1056 620 1057 603 1057 621 1057 603 1058 605 1058 621 1058 621 1059 605 1059 622 1059 621 1060 622 1060 623 1060 623 1061 622 1061 624 1061 623 1062 624 1062 625 1062 626 1063 627 1063 624 1063 624 1064 627 1064 628 1064 624 1065 628 1065 625 1065 629 1066 630 1066 631 1066 632 1067 633 1067 634 1067 634 1068 633 1068 635 1068 634 1069 635 1069 636 1069 630 1070 629 1070 637 1070 638 1071 639 1071 640 1071 640 1072 639 1072 641 1072 640 1073 641 1073 642 1073 643 1074 644 1074 642 1074 642 1075 644 1075 645 1075 642 1076 645 1076 640 1076 640 1077 645 1077 646 1077 640 1078 646 1078 638 1078 638 1079 646 1079 647 1079 637 1080 629 1080 648 1080 648 1081 629 1081 649 1081 648 1082 649 1082 650 1082 509 1083 651 1083 508 1083 508 1084 651 1084 652 1084 508 1085 652 1085 507 1085 507 1086 652 1086 506 1086 509 1087 510 1087 653 1087 654 1088 655 1088 656 1088 656 1089 655 1089 657 1089 656 1090 657 1090 658 1090 658 1091 657 1091 659 1091 658 1092 659 1092 660 1092 660 1093 659 1093 661 1093 660 1094 661 1094 631 1094 631 1095 661 1095 662 1095 631 1096 662 1096 629 1096 509 1097 653 1097 651 1097 651 1098 653 1098 663 1098 651 1099 663 1099 664 1099 665 1100 664 1100 666 1100 666 1101 664 1101 663 1101 666 1102 663 1102 667 1102 667 1103 663 1103 653 1103 667 1104 653 1104 511 1104 511 1105 653 1105 510 1105 668 1106 669 1106 670 1106 670 1107 669 1107 671 1107 670 1108 671 1108 672 1108 633 1109 673 1109 635 1109 635 1110 673 1110 674 1110 635 1111 674 1111 675 1111 675 1112 674 1112 676 1112 675 1113 676 1113 677 1113 677 1114 676 1114 678 1114 677 1115 678 1115 679 1115 679 1116 678 1116 680 1116 632 1117 649 1117 633 1117 633 1118 649 1118 629 1118 633 1119 629 1119 673 1119 673 1120 629 1120 662 1120 673 1121 662 1121 674 1121 674 1122 662 1122 661 1122 674 1123 661 1123 676 1123 676 1124 661 1124 659 1124 676 1125 659 1125 678 1125 678 1126 659 1126 657 1126 678 1127 657 1127 680 1127 680 1128 657 1128 655 1128 505 1129 506 1129 681 1129 681 1130 506 1130 652 1130 681 1131 652 1131 682 1131 682 1132 652 1132 651 1132 682 1133 651 1133 668 1133 668 1134 651 1134 664 1134 668 1135 664 1135 669 1135 669 1136 664 1136 665 1136 669 1137 665 1137 671 1137 604 1138 603 1138 683 1138 683 1139 603 1139 619 1139 683 1140 619 1140 684 1140 684 1141 619 1141 612 1141 684 1142 612 1142 685 1142 685 1143 612 1143 614 1143 685 1144 614 1144 686 1144 686 1145 614 1145 615 1145 686 1146 615 1146 687 1146 687 1147 615 1147 610 1147 687 1148 610 1148 688 1148 688 1149 610 1149 606 1149 688 1150 606 1150 689 1150 689 1151 606 1151 608 1151 689 1152 608 1152 690 1152 503 1153 505 1153 691 1153 691 1154 505 1154 681 1154 691 1155 681 1155 692 1155 692 1156 681 1156 682 1156 692 1157 682 1157 654 1157 654 1158 682 1158 668 1158 654 1159 668 1159 655 1159 655 1160 668 1160 670 1160 655 1161 670 1161 680 1161 680 1162 670 1162 672 1162 680 1163 672 1163 679 1163 693 1164 643 1164 694 1164 694 1165 643 1165 642 1165 694 1166 642 1166 695 1166 695 1167 642 1167 641 1167 644 1168 626 1168 645 1168 645 1169 626 1169 624 1169 645 1170 624 1170 646 1170 646 1171 624 1171 622 1171 646 1172 622 1172 647 1172 647 1173 622 1173 605 1173 647 1174 605 1174 696 1174 696 1175 605 1175 604 1175 696 1176 604 1176 697 1176 697 1177 604 1177 683 1177 697 1178 683 1178 698 1178 698 1179 683 1179 684 1179 698 1180 684 1180 699 1180 699 1181 684 1181 685 1181 699 1182 685 1182 700 1182 700 1183 685 1183 686 1183 700 1184 686 1184 701 1184 701 1185 686 1185 687 1185 701 1186 687 1186 702 1186 702 1187 687 1187 688 1187 702 1188 688 1188 703 1188 703 1189 688 1189 689 1189 703 1190 689 1190 704 1190 704 1191 689 1191 690 1191 704 1192 690 1192 504 1192 636 1193 635 1193 705 1193 705 1194 635 1194 675 1194 705 1195 675 1195 706 1195 706 1196 675 1196 677 1196 706 1197 677 1197 707 1197 707 1198 677 1198 679 1198 707 1199 679 1199 708 1199 708 1200 679 1200 672 1200 708 1201 672 1201 709 1201 709 1202 672 1202 671 1202 709 1203 671 1203 710 1203 710 1204 671 1204 665 1204 710 1205 665 1205 711 1205 711 1206 665 1206 666 1206 711 1207 666 1207 712 1207 712 1208 666 1208 667 1208 712 1209 667 1209 713 1209 713 1210 667 1210 511 1210 713 1211 511 1211 512 1211 504 1212 503 1212 704 1212 704 1213 503 1213 691 1213 704 1214 691 1214 703 1214 703 1215 691 1215 692 1215 703 1216 692 1216 702 1216 702 1217 692 1217 654 1217 702 1218 654 1218 701 1218 701 1219 654 1219 656 1219 701 1220 656 1220 700 1220 700 1221 656 1221 658 1221 700 1222 658 1222 699 1222 699 1223 658 1223 660 1223 699 1224 660 1224 698 1224 698 1225 660 1225 631 1225 698 1226 631 1226 697 1226 697 1227 631 1227 630 1227 697 1228 630 1228 696 1228 696 1229 630 1229 637 1229 696 1230 637 1230 647 1230 647 1231 637 1231 648 1231 647 1232 648 1232 638 1232 638 1233 648 1233 650 1233 638 1234 650 1234 639 1234 226 1235 225 1235 163 1235 690 1236 608 1236 627 1236 627 1237 608 1237 607 1237 228 1238 230 1238 163 1238 225 1239 57 1239 163 1239 163 1240 57 1240 56 1240 163 1241 56 1241 627 1241 627 1240 56 1240 504 1240 627 1242 504 1242 690 1242 165 1243 167 1243 159 1243 230 1244 153 1244 163 1244 163 1245 153 1245 152 1245 163 1246 152 1246 226 1246 167 1247 169 1247 159 1247 159 1248 169 1248 171 1248 159 1249 171 1249 161 1249 161 1250 171 1250 261 1250 165 1251 159 1251 163 1251 163 1252 159 1252 158 1252 163 1253 158 1253 228 1253 607 1254 609 1254 627 1254 627 1255 609 1255 611 1255 627 1256 611 1256 613 1256 621 1257 623 1257 625 1257 613 1258 618 1258 627 1258 627 1259 618 1259 617 1259 627 1260 617 1260 628 1260 628 1261 617 1261 616 1261 628 1262 616 1262 625 1262 625 1263 616 1263 620 1263 625 1264 620 1264 621 1264 714 1265 512 1265 514 1265 634 1266 715 1266 716 1266 711 1267 712 1267 714 1267 714 1268 712 1268 713 1268 714 1269 713 1269 512 1269 717 1270 718 1270 710 1270 710 1271 718 1271 709 1271 709 1272 718 1272 719 1272 709 1273 719 1273 708 1273 708 1274 719 1274 720 1274 708 1275 720 1275 707 1275 707 1276 720 1276 721 1276 707 1277 721 1277 706 1277 636 1278 705 1278 722 1278 636 1279 722 1279 634 1279 634 1280 716 1280 632 1280 632 1281 716 1281 723 1281 632 1282 723 1282 649 1282 724 1283 725 1283 650 1283 650 1284 725 1284 639 1284 726 1285 727 1285 728 1285 729 1286 730 1286 728 1286 728 1287 730 1287 693 1287 728 1288 693 1288 726 1288 726 1289 693 1289 694 1289 726 1290 694 1290 731 1290 731 1291 694 1291 695 1291 731 1292 695 1292 732 1292 732 1293 695 1293 641 1293 732 1294 641 1294 639 1294 733 1295 734 1295 735 1295 733 1296 735 1296 565 1296 563 1297 568 1297 732 1297 732 1298 568 1298 567 1298 732 1299 567 1299 731 1299 731 1300 567 1300 565 1300 731 1301 565 1301 726 1301 726 1302 565 1302 735 1302 726 1303 735 1303 727 1303 639 1304 725 1304 732 1304 732 1305 725 1305 574 1305 732 1306 574 1306 563 1306 572 1307 570 1307 724 1307 724 1308 570 1308 576 1308 724 1309 576 1309 725 1309 725 1310 576 1310 575 1310 725 1311 575 1311 574 1311 650 1312 649 1312 724 1312 724 1313 649 1313 723 1313 724 1314 723 1314 572 1314 572 1315 723 1315 716 1315 572 1316 716 1316 595 1316 634 1317 722 1317 715 1317 715 1318 722 1318 597 1318 715 1319 597 1319 716 1319 716 1320 597 1320 596 1320 716 1321 596 1321 595 1321 600 1322 601 1322 722 1322 722 1323 601 1323 602 1323 722 1324 602 1324 597 1324 719 1325 599 1325 720 1325 720 1326 599 1326 600 1326 720 1327 600 1327 721 1327 721 1328 600 1328 722 1328 721 1329 722 1329 706 1329 706 1330 722 1330 705 1330 514 1331 594 1331 714 1331 714 1332 594 1332 717 1332 714 1333 717 1333 711 1333 711 1334 717 1334 710 1334 594 1335 554 1335 717 1335 717 1336 554 1336 556 1336 717 1337 556 1337 718 1337 718 1338 556 1338 558 1338 718 1339 558 1339 719 1339 719 1340 558 1340 598 1340 719 1341 598 1341 599 1341 736 1342 737 1342 738 1342 738 1343 737 1343 739 1343 738 1344 739 1344 740 1344 740 1345 739 1345 741 1345 741 1346 739 1346 1 1346 741 1347 1 1347 627 1347 627 1348 1 1348 0 1348 627 1349 0 1349 163 1349 163 1350 0 1350 299 1350 299 1351 0 1351 742 1351 299 1352 742 1352 300 1352 300 1353 742 1353 381 1353 381 1354 742 1354 743 1354 381 1355 743 1355 385 1355 395 1356 32 1356 31 1356 27 1357 288 1357 26 1357 26 1358 288 1358 287 1358 26 1359 287 1359 31 1359 31 1360 287 1360 392 1360 31 1361 392 1361 395 1361 524 1362 74 1362 292 1362 524 1363 292 1363 744 1363 744 1364 292 1364 288 1364 744 1365 288 1365 745 1365 745 1366 288 1366 27 1366 745 1367 27 1367 746 1367 746 1368 27 1368 37 1368 746 1369 37 1369 747 1369 747 1370 37 1370 36 1370 747 1371 36 1371 748 1371 745 1372 746 1372 749 1372 745 1373 749 1373 744 1373 524 1374 744 1374 750 1374 744 1375 749 1375 750 1375 750 1376 749 1376 751 1376 750 1377 751 1377 752 1377 752 1378 751 1378 753 1378 752 1379 753 1379 754 1379 754 1380 753 1380 734 1380 754 1381 734 1381 733 1381 524 1382 750 1382 525 1382 525 1383 750 1383 752 1383 525 1384 752 1384 593 1384 593 1385 752 1385 754 1385 593 1386 754 1386 564 1386 564 1387 754 1387 733 1387 564 1388 733 1388 565 1388 740 1389 741 1389 755 1389 740 1390 755 1390 756 1390 756 1391 755 1391 757 1391 756 1392 757 1392 758 1392 758 1393 757 1393 759 1393 758 1394 759 1394 760 1394 760 1395 759 1395 730 1395 760 1396 730 1396 729 1396 741 1397 627 1397 626 1397 741 1398 626 1398 755 1398 755 1399 626 1399 644 1399 755 1400 644 1400 757 1400 757 1401 644 1401 643 1401 757 1402 643 1402 759 1402 759 1403 643 1403 693 1403 759 1404 693 1404 730 1404 727 1405 735 1405 761 1405 762 1406 763 1406 764 1406 765 1407 766 1407 767 1407 767 1408 766 1408 768 1408 767 1409 768 1409 769 1409 769 1410 768 1410 770 1410 769 1411 770 1411 771 1411 771 1412 770 1412 772 1412 771 1413 772 1413 729 1413 773 1414 774 1414 775 1414 775 1415 774 1415 776 1415 775 1416 776 1416 777 1416 777 1417 776 1417 778 1417 777 1418 778 1418 765 1418 765 1419 778 1419 779 1419 765 1420 779 1420 766 1420 780 1421 781 1421 782 1421 782 1422 781 1422 783 1422 782 1423 783 1423 784 1423 784 1424 783 1424 785 1424 784 1425 785 1425 786 1425 786 1426 785 1426 787 1426 786 1427 787 1427 773 1427 773 1428 787 1428 788 1428 773 1429 788 1429 774 1429 789 1430 790 1430 791 1430 791 1431 790 1431 792 1431 791 1432 792 1432 780 1432 780 1433 792 1433 793 1433 780 1434 793 1434 781 1434 794 1435 795 1435 791 1435 791 1436 795 1436 796 1436 791 1437 796 1437 789 1437 797 1438 798 1438 799 1438 799 1439 798 1439 800 1439 799 1440 800 1440 791 1440 791 1441 800 1441 801 1441 791 1442 801 1442 794 1442 802 1443 803 1443 804 1443 804 1444 803 1444 805 1444 805 1445 806 1445 804 1445 804 1446 806 1446 807 1446 804 1447 807 1447 808 1447 802 1448 804 1448 809 1448 809 1449 804 1449 810 1449 809 1450 810 1450 811 1450 811 1451 810 1451 812 1451 811 1452 812 1452 813 1452 813 1453 812 1453 814 1453 813 1454 814 1454 815 1454 815 1455 814 1455 816 1455 815 1456 816 1456 817 1456 817 1457 816 1457 818 1457 817 1458 818 1458 819 1458 820 1459 821 1459 822 1459 822 1460 821 1460 823 1460 822 1461 823 1461 824 1461 824 1462 823 1462 825 1462 824 1463 825 1463 826 1463 763 1464 762 1464 825 1464 825 1465 762 1465 827 1465 825 1466 827 1466 826 1466 828 1467 829 1467 764 1467 764 1468 829 1468 830 1468 764 1469 830 1469 762 1469 735 1470 734 1470 761 1470 761 1471 734 1471 828 1471 761 1472 828 1472 831 1472 831 1473 828 1473 764 1473 821 1474 832 1474 823 1474 823 1475 832 1475 833 1475 823 1476 833 1476 825 1476 825 1477 833 1477 834 1477 825 1478 834 1478 763 1478 763 1479 834 1479 835 1479 763 1480 835 1480 764 1480 764 1481 835 1481 836 1481 764 1482 836 1482 831 1482 831 1483 836 1483 837 1483 831 1484 837 1484 761 1484 761 1485 837 1485 838 1485 761 1486 838 1486 727 1486 727 1487 838 1487 728 1487 808 1488 797 1488 804 1488 804 1489 797 1489 799 1489 804 1490 799 1490 810 1490 810 1491 799 1491 791 1491 810 1492 791 1492 812 1492 812 1493 791 1493 780 1493 812 1494 780 1494 814 1494 814 1495 780 1495 782 1495 814 1496 782 1496 816 1496 816 1497 782 1497 784 1497 816 1498 784 1498 818 1498 818 1499 784 1499 786 1499 729 1500 728 1500 771 1500 771 1501 728 1501 838 1501 771 1502 838 1502 769 1502 769 1503 838 1503 837 1503 769 1504 837 1504 767 1504 767 1505 837 1505 836 1505 767 1506 836 1506 765 1506 765 1507 836 1507 835 1507 765 1508 835 1508 777 1508 777 1509 835 1509 834 1509 777 1510 834 1510 775 1510 775 1511 834 1511 833 1511 775 1512 833 1512 773 1512 773 1513 833 1513 832 1513 773 1514 832 1514 786 1514 786 1515 832 1515 821 1515 786 1516 821 1516 818 1516 818 1517 821 1517 820 1517 818 1518 820 1518 819 1518 839 1519 736 1519 738 1519 760 1520 729 1520 772 1520 740 1521 756 1521 840 1521 840 1522 756 1522 758 1522 840 1523 758 1523 841 1523 841 1524 758 1524 760 1524 841 1525 760 1525 842 1525 842 1526 760 1526 772 1526 842 1527 772 1527 770 1527 770 1528 843 1528 842 1528 842 1529 843 1529 844 1529 842 1530 844 1530 841 1530 841 1531 844 1531 839 1531 841 1532 839 1532 840 1532 840 1533 839 1533 738 1533 840 1534 738 1534 740 1534 746 1535 747 1535 845 1535 746 1536 845 1536 749 1536 749 1537 845 1537 846 1537 749 1538 846 1538 751 1538 751 1539 846 1539 847 1539 751 1540 847 1540 753 1540 753 1541 847 1541 828 1541 753 1542 828 1542 734 1542 848 1543 830 1543 829 1543 747 1544 748 1544 849 1544 747 1545 849 1545 845 1545 845 1546 849 1546 850 1546 845 1547 850 1547 846 1547 846 1548 850 1548 848 1548 846 1549 848 1549 847 1549 847 1550 848 1550 829 1550 847 1551 829 1551 828 1551 762 1552 830 1552 848 1552 826 1553 827 1553 851 1553 852 1554 853 1554 854 1554 855 1555 856 1555 853 1555 748 1556 857 1556 858 1556 858 1557 857 1557 859 1557 858 1558 859 1558 856 1558 854 1559 860 1559 852 1559 852 1560 860 1560 861 1560 852 1561 861 1561 862 1561 862 1562 861 1562 863 1562 862 1563 863 1563 864 1563 815 1564 817 1564 865 1564 863 1565 809 1565 864 1565 864 1566 809 1566 811 1566 864 1567 811 1567 813 1567 853 1568 852 1568 855 1568 855 1569 852 1569 862 1569 855 1570 862 1570 866 1570 866 1571 862 1571 864 1571 866 1572 864 1572 865 1572 865 1573 864 1573 813 1573 865 1574 813 1574 815 1574 817 1575 819 1575 865 1575 865 1576 819 1576 820 1576 865 1577 820 1577 822 1577 826 1578 851 1578 824 1578 856 1579 855 1579 858 1579 858 1580 855 1580 866 1580 858 1581 866 1581 867 1581 867 1582 866 1582 865 1582 867 1583 865 1583 851 1583 851 1584 865 1584 822 1584 851 1585 822 1585 824 1585 748 1586 858 1586 849 1586 849 1587 858 1587 867 1587 849 1588 867 1588 850 1588 850 1589 867 1589 851 1589 850 1590 851 1590 848 1590 848 1591 851 1591 827 1591 848 1592 827 1592 762 1592 868 1593 797 1593 869 1593 869 1594 797 1594 870 1594 869 1595 870 1595 871 1595 871 1596 870 1596 807 1596 871 1597 807 1597 872 1597 872 1598 807 1598 806 1598 872 1599 806 1599 873 1599 873 1600 806 1600 805 1600 873 1601 805 1601 874 1601 874 1602 805 1602 803 1602 874 1603 803 1603 802 1603 875 1604 876 1604 877 1604 877 1605 876 1605 878 1605 877 1606 878 1606 879 1606 879 1607 878 1607 880 1607 879 1608 880 1608 881 1608 881 1609 880 1609 882 1609 881 1610 882 1610 883 1610 883 1611 882 1611 884 1611 883 1612 884 1612 885 1612 885 1613 884 1613 886 1613 885 1614 886 1614 887 1614 887 1615 886 1615 888 1615 887 1616 888 1616 889 1616 802 1617 809 1617 874 1617 874 1618 809 1618 863 1618 874 1619 863 1619 890 1619 890 1620 863 1620 861 1620 890 1621 861 1621 860 1621 891 1622 875 1622 892 1622 892 1623 875 1623 877 1623 892 1624 877 1624 893 1624 893 1625 877 1625 879 1625 893 1626 879 1626 894 1626 894 1627 879 1627 881 1627 894 1628 881 1628 895 1628 895 1629 881 1629 883 1629 895 1630 883 1630 896 1630 896 1631 883 1631 885 1631 896 1632 885 1632 897 1632 897 1633 885 1633 887 1633 897 1634 887 1634 898 1634 898 1635 887 1635 889 1635 898 1636 889 1636 854 1636 876 1637 868 1637 878 1637 878 1638 868 1638 869 1638 878 1639 869 1639 880 1639 880 1640 869 1640 871 1640 880 1641 871 1641 882 1641 882 1642 871 1642 872 1642 882 1643 872 1643 884 1643 884 1644 872 1644 873 1644 884 1645 873 1645 886 1645 886 1646 873 1646 874 1646 886 1647 874 1647 888 1647 888 1648 874 1648 890 1648 888 1649 890 1649 889 1649 889 1650 890 1650 860 1650 889 1651 860 1651 854 1651 899 1652 900 1652 901 1652 875 1653 891 1653 900 1653 901 1654 902 1654 899 1654 899 1655 902 1655 903 1655 899 1656 903 1656 904 1656 904 1657 903 1657 905 1657 904 1658 905 1658 906 1658 906 1659 905 1659 800 1659 906 1660 800 1660 798 1660 900 1661 899 1661 875 1661 875 1662 899 1662 904 1662 875 1663 904 1663 876 1663 876 1664 904 1664 906 1664 876 1665 906 1665 868 1665 868 1666 906 1666 798 1666 868 1667 798 1667 797 1667 907 1668 902 1668 901 1668 908 1669 789 1669 909 1669 909 1670 789 1670 910 1670 789 1671 911 1671 910 1671 910 1672 911 1672 795 1672 910 1673 795 1673 912 1673 912 1674 795 1674 794 1674 912 1675 794 1675 913 1675 913 1676 794 1676 801 1676 913 1677 801 1677 914 1677 914 1678 801 1678 800 1678 914 1679 800 1679 905 1679 915 1680 792 1680 908 1680 916 1681 917 1681 918 1681 918 1682 917 1682 919 1682 918 1683 919 1683 920 1683 921 1684 922 1684 923 1684 923 1685 922 1685 924 1685 923 1686 924 1686 925 1686 925 1687 924 1687 926 1687 925 1688 926 1688 907 1688 907 1689 926 1689 927 1689 907 1690 927 1690 902 1690 902 1691 927 1691 903 1691 910 1692 920 1692 909 1692 909 1693 920 1693 919 1693 909 1694 919 1694 928 1694 928 1695 919 1695 917 1695 928 1696 917 1696 929 1696 929 1697 917 1697 916 1697 929 1698 916 1698 930 1698 908 1699 909 1699 915 1699 915 1700 909 1700 928 1700 915 1701 928 1701 931 1701 931 1702 928 1702 929 1702 931 1703 929 1703 932 1703 932 1704 929 1704 930 1704 932 1705 930 1705 933 1705 934 1706 921 1706 935 1706 935 1707 921 1707 923 1707 935 1708 923 1708 936 1708 936 1709 923 1709 925 1709 936 1710 925 1710 937 1710 937 1711 925 1711 907 1711 937 1712 907 1712 938 1712 938 1713 907 1713 901 1713 905 1714 903 1714 914 1714 914 1715 903 1715 927 1715 914 1716 927 1716 913 1716 913 1717 927 1717 926 1717 913 1718 926 1718 912 1718 912 1719 926 1719 924 1719 912 1720 924 1720 910 1720 910 1721 924 1721 922 1721 910 1722 922 1722 920 1722 920 1723 922 1723 921 1723 920 1724 921 1724 918 1724 918 1725 921 1725 934 1725 918 1726 934 1726 916 1726 793 1727 792 1727 915 1727 788 1728 787 1728 939 1728 736 1729 839 1729 940 1729 941 1730 942 1730 943 1730 943 1731 942 1731 944 1731 943 1732 944 1732 945 1732 932 1733 933 1733 941 1733 839 1734 844 1734 940 1734 940 1735 844 1735 946 1735 940 1736 946 1736 947 1736 947 1737 946 1737 948 1737 947 1738 948 1738 949 1738 949 1739 948 1739 950 1739 844 1740 843 1740 946 1740 946 1741 843 1741 951 1741 946 1742 951 1742 948 1742 948 1743 951 1743 952 1743 948 1744 952 1744 950 1744 950 1745 952 1745 953 1745 736 1746 940 1746 954 1746 954 1747 940 1747 947 1747 954 1748 947 1748 945 1748 945 1749 947 1749 949 1749 945 1750 949 1750 943 1750 943 1751 949 1751 950 1751 943 1752 950 1752 955 1752 955 1753 950 1753 953 1753 955 1754 953 1754 956 1754 941 1755 957 1755 932 1755 932 1756 957 1756 958 1756 932 1757 958 1757 931 1757 931 1758 958 1758 939 1758 931 1759 939 1759 915 1759 788 1760 939 1760 774 1760 843 1761 770 1761 951 1761 951 1762 770 1762 768 1762 951 1763 768 1763 952 1763 952 1764 768 1764 766 1764 952 1765 766 1765 953 1765 953 1766 766 1766 779 1766 953 1767 779 1767 956 1767 956 1768 779 1768 778 1768 956 1769 778 1769 776 1769 941 1770 943 1770 957 1770 957 1771 943 1771 955 1771 957 1772 955 1772 958 1772 958 1773 955 1773 956 1773 958 1774 956 1774 939 1774 939 1775 956 1775 776 1775 939 1776 776 1776 774 1776 787 1777 785 1777 939 1777 939 1778 785 1778 783 1778 939 1779 783 1779 915 1779 915 1780 783 1780 781 1780 915 1781 781 1781 793 1781 476 1782 959 1782 451 1782 451 1783 959 1783 960 1783 451 1784 960 1784 452 1784 452 1785 960 1785 480 1785 480 1786 960 1786 961 1786 480 1787 961 1787 481 1787 481 1788 961 1788 482 1788 482 1789 961 1789 962 1789 482 1790 962 1790 458 1790 963 1791 449 1791 962 1791 962 1792 449 1792 456 1792 962 1793 456 1793 458 1793 433 1794 434 1794 28 1794 433 1795 28 1795 442 1795 442 1796 28 1796 34 1796 442 1797 34 1797 441 1797 441 1798 34 1798 33 1798 441 1799 33 1799 440 1799 440 1800 33 1800 439 1800 439 1801 33 1801 29 1801 439 1802 29 1802 438 1802 438 1803 29 1803 430 1803 430 1804 29 1804 30 1804 430 1805 30 1805 411 1805 411 1806 30 1806 410 1806 410 1806 30 1806 409 1806 409 1807 30 1807 408 1807 408 1806 30 1806 32 1806 408 1806 32 1806 395 1806 485 1808 959 1808 483 1808 483 1808 959 1808 476 1808 485 1808 487 1808 959 1808 959 1809 487 1809 489 1809 959 1808 489 1808 743 1808 743 1808 489 1808 492 1808 743 1808 492 1808 385 1808 901 1810 964 1810 938 1810 938 1811 964 1811 965 1811 938 1812 965 1812 937 1812 937 1813 965 1813 936 1813 936 1814 965 1814 935 1814 935 1815 965 1815 966 1815 935 1816 966 1816 934 1816 934 1817 966 1817 967 1817 934 1818 967 1818 916 1818 916 1819 967 1819 930 1819 930 1820 967 1820 968 1820 930 1782 968 1782 933 1782 891 1821 38 1821 900 1821 900 1822 38 1822 15 1822 900 1822 15 1822 901 1822 449 1822 963 1822 450 1822 450 1822 963 1822 12 1822 450 1822 12 1822 434 1822 28 1822 434 1822 14 1822 14 1822 434 1822 12 1822 14 1823 12 1823 15 1823 15 1824 12 1824 13 1824 15 1822 13 1822 901 1822 901 1822 13 1822 964 1822 894 1825 895 1825 40 1825 40 1826 895 1826 41 1826 895 1827 896 1827 41 1827 41 1828 896 1828 897 1828 41 1829 897 1829 35 1829 35 1830 897 1830 898 1830 35 1831 898 1831 854 1831 894 1832 40 1832 893 1832 893 1833 40 1833 39 1833 893 1834 39 1834 892 1834 892 1835 39 1835 38 1835 892 1836 38 1836 891 1836 35 1806 854 1806 853 1806 853 1837 856 1837 35 1837 35 1806 856 1806 969 1806 35 1806 969 1806 36 1806 36 1838 969 1838 857 1838 36 1806 857 1806 748 1806 941 1808 933 1808 968 1808 941 1839 968 1839 942 1839 736 1808 954 1808 737 1808 737 1808 954 1808 970 1808 737 1808 970 1808 968 1808 968 1808 970 1808 944 1808 968 1840 944 1840 942 1840 0 18 2 18 742 18 742 18 2 18 743 18 743 18 2 18 959 18 959 1841 2 1841 4 1841 959 1842 4 1842 6 1842 961 1843 960 1843 962 1843 962 1844 960 1844 959 1844 962 18 959 18 963 18 963 18 959 18 12 18 6 18 8 18 959 18 959 1845 8 1845 10 1845 959 1846 10 1846 12 1846 968 1847 11 1847 9 1847 968 23 967 23 966 23 1 23 739 23 3 23 3 1848 739 1848 737 1848 3 1849 737 1849 5 1849 5 23 737 23 968 23 5 23 968 23 7 23 7 23 968 23 9 23 13 23 11 23 964 23 964 23 11 23 968 23 964 23 968 23 965 23 965 1850 968 1850 966 1850</p>
        </triangles>
      </mesh>
    </geometry>
  </library_geometries>
  <library_visual_scenes>
    <visual_scene id="Scene" name="Scene">
      <node id="MRH-F-Mid-Visual_00" name="MRH-F-Mid-Visual,00" type="NODE">
        <matrix sid="transform">1 0 0 0 0 1 0 0 0 0 1 0 0 0 0 1</matrix>
        <instance_geometry url="#MRH-F-Mid-Visual_00-mesh" name="MRH-F-Mid-Visual,00">
          <bind_material>
            <technique_common>
              <instance_material symbol="black_spec-material" target="#black_spec-material"/>
            </technique_common>
          </bind_material>
        </instance_geometry>
      </node>
      <node id="MRH-F-Mid-MagTac-Sensor-Visual_00" name="MRH-F-Mid-MagTac-Sensor-Visual,00" type="NODE">
        <matrix sid="transform">1 0 0 0 0 1 0 0 0 0 1 0 0 0 0 1</matrix>
        <instance_geometry url="#MRH-F-Mid-MagTac-Sensor-Visual_00-mesh" name="MRH-F-Mid-MagTac-Sensor-Visual,00">
          <bind_material>
            <technique_common>
              <instance_material symbol="black_spec_mag_tac_sensor-material" target="#black_spec_mag_tac_sensor-material"/>
            </technique_common>
          </bind_material>
        </instance_geometry>
      </node>
    </visual_scene>
  </library_visual_scenes>
  <scene>
    <instance_visual_scene url="#Scene"/>
  </scene>
</COLLADA>
