<?xml version="1.0" encoding="utf-8"?>
<!--
 Copyright (C) 2024-2025 Shadow Robot Company Ltd - All Rights Reserved. Proprietary and Confidential.
 Unauthorized copying of the content in this file, via any medium is strictly prohibited.
-->
<COLLADA xmlns="http://www.collada.org/2005/11/COLLADASchema" version="1.4.1" xmlns:xsi="http://www.w3.org/2001/XMLSchema-instance">
  <asset>
    <contributor>
      <author>Blender User</author>
      <authoring_tool>Blender 3.0.1</authoring_tool>
    </contributor>
    <created>2024-11-05T10:53:31</created>
    <modified>2024-11-05T10:53:31</modified>
    <unit name="meter" meter="1"/>
    <up_axis>Y_UP</up_axis>
  </asset>
  <library_effects>
    <effect id="Material_001-effect">
      <profile_COMMON>
        <technique sid="common">
          <lambert>
            <emission>
              <color sid="emission">0 0 0 1</color>
            </emission>
            <diffuse>
              <color sid="diffuse">0.80848 0.80848 0.80848 1</color>
            </diffuse>
            <reflectivity>
              <float sid="specular">0.3</float>
            </reflectivity>
            <index_of_refraction>
              <float sid="ior">1</float>
            </index_of_refraction>
          </lambert>
        </technique>
      </profile_COMMON>
    </effect>
    <effect id="black_spec-effect">
      <profile_COMMON>
        <technique sid="common">
          <lambert>
            <emission>
              <color sid="emission">0 0 0 1</color>
            </emission>
            <diffuse>
              <color sid="diffuse">0.21961 0.21961 0.21961 1</color>
            </diffuse>
            <index_of_refraction>
              <float sid="ior">1</float>
            </index_of_refraction>
          </lambert>
        </technique>
      </profile_COMMON>
    </effect>
    <effect id="black_spec_mag_tac_sensor-effect">
      <profile_COMMON>
        <technique sid="common">
          <lambert>
            <emission>
              <color sid="emission">0 0 0 1</color>
            </emission>
            <diffuse>
              <color sid="diffuse">0.4336422 0.4336422 0.4336422 1</color>
            </diffuse>
            <index_of_refraction>
              <float sid="ior">1</float>
            </index_of_refraction>
          </lambert>
        </technique>
      </profile_COMMON>
    </effect>
  </library_effects>
  <library_images/>
  <library_materials>
    <material id="Material_001-material" name="Material_001">
      <instance_effect url="#Material_001-effect"/>
    </material>
    <material id="black_spec-material" name="black_spec">
      <instance_effect url="#black_spec-effect"/>
    </material>
    <material id="black_spec_mag_tac_sensor-material" name="black_spec_mag_tac_sensor">
      <instance_effect url="#black_spec_mag_tac_sensor-effect"/>
    </material>
  </library_materials>
  <library_geometries>
    <geometry id="MRH-F-Prox-Visual_00-Main-mesh" name="MRH-F-Prox-Visual,00-Main">
      <mesh>
        <source id="MRH-F-Prox-Visual_00-Main-mesh-positions">
          <float_array id="MRH-F-Prox-Visual_00-Main-mesh-positions-array" count="7554">0 0.01495093 0.03607523 0 0.01605337 0.03366982 0 0.01503711 0.03629678 0 0.01501125 0.03653305 0 0.01399999 0.03319996 0 0.01583427 0.03319996 0 0.01477223 0.03591853 0 0.01454138 0.03586202 0 0.01449996 0.03586202 0 0.01399999 0.03579854 -0.006499946 0.01583427 0.03319996 -0.006499946 0.01399999 0.03319996 -0.006499946 0.01605337 0.03366982 -0.006499946 0.01399999 0.03609997 -0.006499946 0.01516884 0.03609997 -0.009499967 0.01480489 0.03709995 -0.007499992 0.01480489 0.03709995 -0.009499967 0.01399999 0.03709995 -0.007499992 0.01399999 0.03709995 -0.006633937 0.01399999 0.03659999 -0.006633937 0.01498687 0.03659999 -0.006999969 0.01399999 0.03696602 -0.006999969 0.01485365 0.03696602 -0.007241129 0.01481729 0.03706592 -0.01488554 -0.002999961 0.01802331 -0.01449996 -0.002999961 0.01802331 -0.01488554 -0.001238048 0.0182293 -0.01449996 0 0.01827126 -0.01488554 0 0.01827126 -0.01449996 0.005499958 0.01827126 -0.01457381 0.005499958 0.01827126 -0.0147528 0.003128588 0.01827126 -0.01486843 0.001060903 0.01827126 0.00514996 -0.003333687 0.03680831 0.00514996 -0.003075778 0.03644454 0.00514996 -0.002999961 0.03642755 0.00514996 0.01148599 0.05709367 0.00514996 0.008364677 0.03877359 0.00514996 0.01296865 0.04255813 0.00514996 0.01503711 0.03629678 0.00514996 0.01501125 0.03653305 0.00514996 0.01495093 0.03607523 0.00514996 0.01454138 0.03586202 0.00514996 0.01477223 0.03591853 0.00514996 0.00531876 0.06240803 0.00514996 0.002692222 0.06322878 0.00514996 -0.003724098 0.03702384 0.00514996 -0.002999961 0.03632515 0.00514996 -6.25553e-4 0.03601396 0.00514996 0.001767158 0.03611195 0.00514996 0.00410819 0.03661632 0.00514996 0.006329059 0.03751224 0.00514996 0.0130884 0.04181593 0.00514996 0.009495258 0.0372563 0.00514996 0.01037842 0.03651565 0.00514996 0.01313138 0.04329216 0.00514996 0.01355355 0.04391419 0.00514996 0.01268583 0.05461722 0.00514996 0.01577347 0.04613405 0.00514996 0.009808957 0.05927544 0.00514996 0.007724344 0.06107175 0.00514996 0.0115 0.03624999 0.00514996 0.01399999 0.03624999 0.00514996 0.01399999 0.03586202 0.00514996 -4.6177e-5 0.06349992 0.00514996 -0.002782642 0.06321007 0.00514996 -0.005403518 0.06237137 0.00514996 -0.01050794 0.04152458 0.00514996 -0.008571028 0.03956985 0.00514996 -0.009872198 0.05920809 0.00514996 -0.007799863 0.06101864 0.00514996 -0.006277978 0.03804856 0.00514996 -0.01200824 0.0438314 0.00514996 -0.01153427 0.05701494 0.00514996 -0.01271712 0.05453038 0.00514996 -0.01337158 0.05185753 0.00514996 -0.01347047 0.04910749 0.00514996 -0.0130096 0.04639452 0.002399981 0.01449996 0.03586202 0.002399981 0.01399999 0.03586202 -0.01299995 -0.002999961 0.01500296 -0.01299995 -0.002999961 0.01469689 -0.01297092 -0.002999961 0.01486831 0.01449996 -0.002999961 0.01802331 0.01449996 -0.002999961 0.03632515 0.01299995 -0.002999961 0.01802331 -0.01449996 -0.002999961 0.03632515 -0.005999982 -0.002999961 0.03632515 -0.005999982 -0.002999961 0.03642755 -0.01398646 -0.002999961 0.01600778 -0.01517266 -0.002999961 0.01759564 -0.006707072 -0.002999961 0.01764678 -0.006431043 -0.002999961 0.01760739 -0.01537865 -0.002999961 0.01736402 -0.01662129 -0.002999961 0.01610153 -0.01671767 -0.002999961 0.01600778 0.01249998 -0.002999961 0.01520687 0.01266312 -0.002999961 0.01517897 -0.00929284 -0.002999961 0.01764678 -0.01210707 -0.002999961 0.01520687 -0.01249998 -0.002999961 0.01520687 -0.01260036 -0.002999961 0.0151965 -0.00999999 -0.002999961 0.0173496 -0.009762465 -0.002999961 0.01752793 -0.009443581 -0.002999961 0.01763522 -0.01293307 -0.002999961 0.01495188 -0.01288652 -0.002999961 0.01502043 -0.0127573 -0.002999961 0.01513421 0.01275008 -0.002999961 0.01513856 0.01280784 -0.002999961 0.01509881 0.0129193 -0.002999961 0.01497471 0.01293301 -0.002999961 0.01495194 0.01298558 -0.002999961 0.01481831 0.01299995 -0.002999961 0.01469689 -0.00613296 -0.002999961 0.0174629 -0.005999982 -0.002999961 0.0173496 -0.003892838 -0.002999961 0.01520687 -0.01449996 -2.7357e-4 0.03600263 -0.005999982 -2.7357e-4 0.03600263 -0.01449996 0.00246334 0.0362184 -0.005999982 0.00246334 0.0362184 -0.01449996 0.005105555 0.03696411 -0.005999982 0.005105555 0.03696411 -0.01449996 0.007551431 0.03821122 -0.005999982 0.007551431 0.03821122 -0.01449996 0.009706914 0.03991162 -0.005999982 0.009706914 0.03991162 -0.01449996 0.01148909 0.04199999 -0.005999982 0.01148909 0.04199999 -0.01452606 0.006176948 0.01833552 -0.01449996 0.006826817 0.0185247 -0.01449996 0.007217705 0.01837593 -0.01490187 0.002784311 0.01802885 -0.01490187 7.78871e-4 0.01822596 -0.01490187 -0.001236081 0.01820069 -0.01537865 -0.001194 0.0175808 -0.01460218 0.006933867 0.01765322 -0.01460218 0.008838653 0.01678073 -0.01449996 0.009200453 0.01746773 -0.01460218 0.01063555 0.01570349 -0.01449996 0.01107096 0.01634639 -0.01460218 0.01230269 0.01443463 -0.01449996 0.01280635 0.01502555 -0.01460218 0.01381969 0.01298964 -0.01449996 0.01699995 0.01003849 -0.0147283 0.01601141 0.009454727 -0.01449996 0.01578903 0.01185226 -0.01460218 0.01516807 0.01138615 -0.01449996 0.01438546 0.01352143 -0.01490187 0.01458942 0.01095175 -0.01490187 0.01329249 0.01249408 -0.01537865 0.00268948 0.0174148 -0.01537865 7.52344e-4 0.01760524 -0.01537865 -4.78391e-4 0.01761478 -0.01490187 0.01183336 0.01388394 -0.01490187 0.01022982 0.01510441 -0.01490187 0.00850147 0.01614058 -0.01490187 0.006669342 0.01697975 -0.01490187 0.004755854 0.0176118 -0.01537865 0.004593849 0.01701194 -0.01537865 0.009881377 0.01458996 -0.01537865 0.00821191 0.01559084 -0.01537865 0.006442189 0.01640146 -0.01537865 0.005285799 0.01680982 -0.01537865 0.01517337 0.008959889 -0.01537865 0.01451843 0.009986221 -0.01537865 0.01409256 0.01057875 -0.01537865 0.01283979 0.01206856 -0.01537865 0.01143032 0.0134111 -0.01537865 0.01047343 0.014171 -0.01449996 0.0130214 0.04199999 -0.005999982 0.0130214 0.04199999 -0.01815915 -0.003456354 0.01516842 -0.01797175 -0.00336796 0.0152328 -0.01796615 -0.002993404 0.01531231 -0.01712739 -0.003056347 0.01567673 -0.01724261 -0.003050923 0.01560646 -0.01757442 -0.003199815 0.01540803 -0.01662129 -0.001799702 0.01627945 -0.01874262 0.01536935 0.002007842 -0.01840263 0.01549178 9.24005e-4 -0.01874262 0.01547253 9.21781e-4 -0.01873421 0.01549994 2.27917e-5 -0.01874262 0.01549994 0 -0.01796913 0.01545721 0.002115964 -0.01796615 0.01529026 0.003104269 -0.01774686 0.01542878 0.00273925 -0.01758545 0.01542407 0.003098011 -0.0173639 0.01545011 0.003472506 -0.01796615 0.01503401 0.004172146 -0.01729828 0.01546305 0.003573358 -0.01724261 0.01491779 0.00550723 -0.01662129 0.01574283 0.004519283 -0.01724261 0.0153228 0.004252254 -0.01694864 0.01557087 0.004075706 -0.01724261 -0.00174731 0.0158056 -0.01688694 -0.003011047 0.01585942 -0.01874262 -0.002973794 0.01521199 -0.01874262 -0.003757536 0.01503759 -0.01873308 -0.00375235 0.0150389 -0.01874262 -0.001703143 0.01540613 -0.01796615 -0.001714408 0.01550769 -0.01874262 -0.001473367 0.01542979 -0.01874262 -4.208e-4 0.01549428 -0.01796615 -4.23576e-4 0.01559644 -0.01874262 8.64469e-4 0.01547586 -0.01796615 8.7017e-4 0.01557791 -0.01874262 0.001473367 0.01542979 -0.01874262 0.00214374 0.01535099 -0.01796615 0.002157926 0.01545226 -0.01874262 0.003408372 0.01512056 -0.01796615 0.003430843 0.01522028 -0.01874262 0.004366815 0.01487213 -0.01796615 0.004680156 0.01488369 -0.01874262 0.00464946 0.01478618 -0.01874262 0.005858659 0.01435011 -0.01796615 0.005897283 0.0144447 -0.01874262 0.007027506 0.01381528 -0.01796615 0.007073879 0.01390641 -0.01874262 0.007102489 0.01377689 -0.01874262 0.008148074 0.0131855 -0.01796615 0.008201777 0.01327246 -0.01874262 0.009212553 0.01246505 -0.01796615 0.00927335 0.01254725 -0.01874262 0.009581446 0.01218378 -0.01874262 0.01021373 0.01165884 -0.01796615 0.01028108 0.01173573 -0.01874262 0.01114463 0.01077246 -0.01796615 0.01121813 0.01084351 -0.01874262 0.0117141 0.01015031 -0.01796615 0.01207804 0.009876728 -0.01874262 0.01199889 0.009811997 -0.01874262 0.01277065 0.008784055 -0.01796615 0.01285487 0.008841991 -0.01874262 0.01342338 0.007749974 -0.01796615 0.0135433 0.007746458 -0.01874262 0.01345455 0.007695674 -0.01724261 -4.31712e-4 0.01589602 -0.01662129 -4.44655e-4 0.01637262 -0.01724261 8.86885e-4 0.01587712 -0.01662129 9.13475e-4 0.01635318 -0.01724261 0.002199351 0.01574909 -0.01662129 0.002265274 0.01622122 -0.01724261 0.003496706 0.0155127 -0.01662129 0.003601551 0.01597774 -0.01724261 0.00477004 0.01516962 -0.01662129 0.004913091 0.0156244 -0.01724261 0.006010591 0.01472222 -0.01662129 0.006190776 0.0151636 -0.01724261 0.007209777 0.01417356 -0.01662129 0.007425904 0.01459848 -0.01724261 0.008359372 0.01352745 -0.01662129 0.00860995 0.013933 -0.01724261 0.009451448 0.01278829 -0.01662129 0.009734809 0.01317167 -0.01724261 0.01047855 0.01196116 -0.01662129 0.01079273 0.0123198 -0.01724261 0.0114336 0.01105177 -0.01662129 0.01177638 0.01138311 -0.01724261 0.01231002 0.01006644 -0.01662129 0.0126791 0.01036822 -0.01724261 0.01310181 0.009011805 -0.01662129 0.01349461 0.009281992 -0.01724261 0.01380342 0.007895231 -0.01662129 0.01421725 0.00813198 -0.01724261 0.01441013 0.006724357 -0.01662129 0.01484221 0.006926 -0.01662129 0.015365 0.005672395 -0.01874262 0.01404595 0.006554424 -0.01796615 0.01413857 0.006597638 -0.01874262 0.01454073 0.005368053 -0.01796615 0.01463663 0.005403459 -0.01874262 0.01464748 0.005069553 -0.01874262 0.01493549 0.004144787 -0.01874262 0.01519006 0.003083944 -0.01874262 0.01534223 0.002205848 -0.01800328 0.01546096 0.002021074 -0.02089995 0.007102489 0.01377689 -0.01319998 0.01549994 0 -0.01319998 0.01548242 -7.3752e-4 -0.02066797 -0.01029908 0.0115835 -0.02060633 -0.01013284 0.01172918 -0.02089995 -0.009581446 0.01218378 -0.02067017 -0.01033747 0.01154929 -0.02089995 -0.0117141 0.01015031 -0.02067017 -0.0117141 0.01015031 -0.0204733 -0.009992301 0.01184916 -0.02044683 -0.009973049 0.01186537 -0.0202158 -0.009861052 0.01195859 -0.0201562 -0.009843647 0.01197296 -0.01986581 -0.009807109 0.01200288 -0.01893413 -0.009807109 0.01200288 -0.01864761 -0.009842693 0.01197373 -0.01319998 -0.009581446 0.01218378 -0.0184251 -0.009928822 0.01190239 -0.02067017 -0.01262587 0.008990824 -0.02089995 -0.01342338 0.007749974 -0.02067017 -0.01342338 0.007749974 -0.02067017 -0.01409929 0.00643891 -0.02089995 -0.01464748 0.005069553 -0.02067017 -0.01464748 0.005069553 -0.02067017 -0.01506304 0.003654241 -0.02089995 -0.01534223 0.002205848 -0.02067017 -0.01534223 0.002205848 -0.02067017 -0.01548242 7.3752e-4 -0.02089995 -0.01548242 -7.3752e-4 -0.02067017 -0.01548242 -7.3752e-4 -0.02067017 -0.01534223 -0.002205848 -0.02089995 -0.01506304 -0.003654241 -0.02067017 -0.01506304 -0.003654241 -0.02067017 -0.01464748 -0.005069553 -0.02089995 -0.01409929 -0.00643891 -0.02067017 -0.01409929 -0.00643891 -0.02067017 -0.01342338 -0.007749974 -0.02089995 -0.01262587 -0.008990824 -0.02067017 -0.01262587 -0.008990824 -0.02067017 -0.0117141 -0.01015031 -0.02089995 -0.01069617 -0.01121783 -0.02067017 -0.01069617 -0.01121783 -0.02067017 -0.009581446 -0.01218378 -0.02089995 -0.008379876 -0.01303941 -0.02067017 -0.008379876 -0.01303941 -0.02067017 -0.007102489 -0.01377689 -0.02089995 -0.005760729 -0.01438969 -0.02067017 -0.005760729 -0.01438969 -0.02067017 -0.004366815 -0.01487213 -0.02089995 -0.002933382 -0.01521986 -0.02067017 -0.002933382 -0.01521986 -0.02067017 -0.001473367 -0.01542979 -0.02089995 0 -0.01549994 -0.02067017 0 -0.01549994 -0.02089995 0.002933382 -0.01521986 -0.02089995 0.005760729 -0.01438969 -0.02003717 0.005761742 -0.01438927 -0.02047389 0.003249287 -0.01515555 -0.02051043 0.002934336 -0.01521968 -0.02066552 4.99684e-4 -0.0154919 -0.01922053 0.006643414 -0.01400405 -0.01931494 0.006682157 -0.01398563 -0.02089995 0.008379876 -0.01303941 -0.01892387 0.006282567 -0.01416963 -0.01908862 0.006536304 -0.01405435 -0.01319998 0.008379876 -0.01303941 -0.01942926 0.006691873 -0.01398098 -0.01955574 0.006655871 -0.01399815 -0.01966154 0.006584823 -0.0140317 -0.01982504 0.006379842 -0.01412606 -0.01987642 0.006281733 -0.01416999 -0.02000617 0.005895614 -0.01433491 -0.01879376 0.005895614 -0.01433491 -0.01319998 0.007126808 -0.01376432 -0.01876258 0.005760908 -0.01438963 -0.01319998 0.005760729 -0.01438969 -0.01868927 0.005428373 -0.01451832 -0.01319998 0.00451523 -0.01482772 -0.01828956 0.002934575 -0.01521962 -0.01319998 0.002933382 -0.01521986 -0.01827079 0.002758145 -0.01525259 -0.01319998 0.001754283 -0.0154004 -0.01812982 0 -0.01549994 -0.01319998 0 -0.01549994 -0.01812982 -0.001473367 -0.01542979 -0.01319998 -0.001064717 -0.01546335 -0.01812982 -0.002933382 -0.01521986 -0.01319998 -0.002933382 -0.01521986 -0.01812982 -0.004366815 -0.01487213 -0.01319998 -0.003848552 -0.01501458 -0.01812982 -0.005760729 -0.01438969 -0.01319998 -0.005760729 -0.01438969 -0.01812982 -0.007102489 -0.01377689 -0.01319998 -0.006505012 -0.0140689 -0.01812982 -0.008379876 -0.01303941 -0.01319998 -0.008379876 -0.01303941 -0.01812982 -0.009581446 -0.01218378 -0.01319998 -0.00894618 -0.01265758 -0.01812982 -0.01069617 -0.01121783 -0.01319998 -0.01069617 -0.01121783 -0.01812982 -0.0117141 -0.01015031 -0.01319998 -0.01109129 -0.01082742 -0.01812982 -0.01262587 -0.008990824 -0.01319998 -0.01262587 -0.008990824 -0.01812982 -0.01342338 -0.007749974 -0.01319998 -0.01286929 -0.008638858 -0.01812982 -0.01409929 -0.00643891 -0.01319998 -0.01409929 -0.00643891 -0.01812982 -0.01464748 -0.005069553 -0.01319998 -0.01422142 -0.006164431 -0.01812982 -0.01506304 -0.003654241 -0.01319998 -0.01506304 -0.003654241 -0.01812982 -0.01534223 -0.002205848 -0.01319998 -0.01510286 -0.003485977 -0.01812982 -0.01548242 -7.3752e-4 -0.01319998 -0.01548242 -7.3752e-4 -0.01319998 -0.01548451 -6.92216e-4 -0.01812982 -0.01548242 7.3752e-4 -0.01319998 -0.01535367 0.002124488 -0.01812982 -0.01534223 0.002205848 -0.01319998 -0.01534223 0.002205848 -0.01812982 -0.01506304 0.003654241 -0.01319998 -0.01471471 0.004870891 -0.01812982 -0.01464748 0.005069553 -0.01319998 -0.01464748 0.005069553 -0.01812982 -0.01409929 0.00643891 -0.01319998 -0.01358878 0.007456123 -0.01812982 -0.01342338 0.007749974 -0.01319998 -0.01342338 0.007749974 -0.01812982 -0.01262587 0.008990824 -0.01319998 -0.01201313 0.009794533 -0.01812982 -0.0117141 0.01015031 -0.01319998 -0.0117141 0.01015031 -0.01812982 -0.01033747 0.01154929 -0.01319998 -0.01003992 0.01180887 -0.01816576 -0.01018261 0.01168602 -0.01826661 -0.01004421 0.01180523 -0.02089995 0.01548242 -7.3752e-4 -0.02089995 0.01534223 0.002205848 -0.02089995 0.01464748 0.005069553 -0.02089995 0.01342338 0.007749974 -0.02089995 0.0117141 0.01015031 -0.02089995 0.009581446 0.01218378 -0.02089995 0.004366815 0.01487213 -0.02089995 0.001473367 0.01542979 -0.02089995 -0.001473367 0.01542979 -0.02089995 -0.004366815 0.01487213 -0.01319998 -0.007734417 0.01343232 -0.02089995 -0.007102489 0.01377689 -0.01319998 -0.003757536 0.01503759 -0.01319998 -0.004366815 0.01487213 -0.01319998 -0.005172967 0.0146113 -0.01319998 -0.007102489 0.01377689 -0.01319998 0.01524347 -0.002808034 -0.02089995 0.01506304 -0.003654241 -0.01319998 0.01506304 -0.003654241 -0.01319998 0.01448249 -0.005523204 -0.02089995 0.01409929 -0.00643891 -0.01319998 0.01409929 -0.00643891 -0.01319998 0.01324224 -0.008055508 -0.02089995 0.01262587 -0.008990824 -0.01319998 0.01262587 -0.008990824 -0.01319998 0.01156371 -0.01032125 -0.02089995 0.01069617 -0.01121783 -0.01319998 0.00950253 -0.01224541 -0.01319998 0.01069617 -0.01121783 0.01449996 0.01399999 0.03624999 -0.01099997 0.01399999 0.01725 -0.01449996 0.01399999 0.01725 -0.01449996 0.01399999 0.0393114 0.01449996 0.01399999 0.01725 0.00514996 0.01399999 0.01725 0.00514996 0.01399999 0.02146202 0 0.01399999 0.02146202 -0.00999999 0.01399999 0.01524996 -0.01049995 0.01399999 0.01538395 -0.01086598 0.01399999 0.01574999 0 0.01399999 0.01524996 -0.01099997 0.01399999 0.01624995 0.002049267 0.01399999 0.03579854 -0.009499967 0.01399999 0.0393114 0.00514996 0.01899999 0.01524996 0 0.01899999 0.01524996 0.00514996 0.01799994 0.01551795 0 0.01799994 0.01551795 0.00514996 0.01726794 0.01624995 0 0.01726794 0.01624995 0.00514996 0.01699995 0.01725 0 0.01699995 0.01725 -0.01249998 0.01487237 0.00436598 -0.01210707 0.0148341 0.00449419 -0.01249998 0.01445263 0.005600988 -0.01210707 0.01415324 0.006319403 -0.01249998 0.01386964 0.006919741 -0.01210707 0.01386964 0.006919741 -0.01249998 0.0131666 0.008178591 -0.01210707 0.0128858 0.008614242 -0.01249998 0.01234966 0.009366691 -0.01210707 0.01234966 0.009366691 -0.01249998 0.01142585 0.01047372 -0.01210707 0.01124978 0.01066261 -0.01249998 0.01040315 0.0114901 -0.01210707 0.01040315 0.0114901 -0.01249998 0.009290456 0.01240712 -0.01210707 0.009291946 0.01240599 -0.01249998 0.00809735 0.01321673 -0.01210707 0.00809735 0.01321673 -0.01249998 0.006834208 0.01391196 -0.01210707 0.007068336 0.01379448 -0.01249998 0.005511879 0.01448684 -0.01210707 0.005511879 0.01448684 -0.01249998 0.004141867 0.01493632 -0.01210707 0.004642486 0.01478838 -0.01249998 0.002736032 0.01525658 -0.01210707 0.002736032 0.01525658 -0.01249998 0.001306533 0.01544481 -0.01210707 0.002083897 0.01535922 -0.01249998 -1.34288e-4 0.01549941 -0.01210707 -1.34288e-4 0.01549941 -0.01249998 -0.00157392 0.01541984 -0.01210707 -5.34329e-4 0.01549077 -0.00999999 0.01701694 0.004520356 -0.00999999 0.01659226 0.005891084 -0.01028031 0.01673215 0.004499971 -0.00999999 0.0160523 0.007234156 -0.01199996 0.01494425 0.004499971 -0.00999999 -0.00151503 0.01754176 -0.00999999 -0.002950906 0.01735806 -0.00999999 0.001377522 0.01755309 -0.00999999 -6.90108e-5 0.01760697 -0.00999999 -6.06967e-4 0.0175966 -0.00999999 0.004232943 0.01709067 -0.00999999 0.00281471 0.01738065 -0.00999999 0.002367138 0.01744723 -0.00999999 0.006974101 0.01616698 -0.00999999 0.005622506 0.01668518 -0.00999999 0.00527364 0.01679873 -0.00999999 0.008278548 0.01553946 -0.00999999 0.008029222 0.01566976 -0.00999999 0.0154038 0.008528292 -0.00999999 0.01465117 0.00976479 -0.00999999 0.01379954 0.0109353 -0.00999999 0.01285463 0.01203191 -0.00999999 0.01182287 0.01304715 -0.00999999 0.01071113 0.01397424 -0.00999999 0.009527027 0.01480692 -0.01299995 0.01529997 0.002574324 -0.01299995 0.01550418 0.003499984 -0.01299995 0.01458591 0.003499984 -0.01299995 0.01529997 0 -0.01299995 -0.00510621 0.01442277 -0.01299995 -0.01528471 -6.83284e-4 -0.01299995 -0.007634639 0.01325899 -0.01299995 -0.009910345 0.01165646 -0.01299995 -0.01185816 0.009668171 -0.01299995 -0.01341348 0.007359862 -0.01299995 -0.01452487 0.004808008 -0.01299995 -0.01515555 0.00209707 -0.01299995 0.01429563 -0.005451917 -0.01299995 0.01504677 -0.002771794 -0.01299995 -0.001051008 -0.01526385 -0.01299995 0.01442956 0.004097163 -0.01299995 -0.01270323 -0.008527398 -0.01299995 -0.01094818 -0.0106877 -0.01299995 -0.003798902 -0.01482087 -0.01299995 0.0139864 0.005420267 -0.01299995 -0.01490801 -0.003441035 -0.01299995 -0.0140379 -0.006084918 -0.01299995 0.007034838 -0.01358675 -0.01299995 0.009379923 -0.01208746 -0.01299995 0.004456996 -0.01463639 -0.01299995 0.01141452 -0.0101881 -0.01299995 0.001731634 -0.01520168 -0.01299995 -0.008830726 -0.01249426 -0.01299995 -0.006421089 -0.01388734 -0.01299995 0.008990764 0.01200687 -0.01299995 0.007836163 0.01279038 -0.01299995 0.006613731 0.01346319 -0.01299995 0.005334079 0.01401948 -0.01299995 0.004008293 0.01445448 -0.01299995 0.002647757 0.01476442 -0.01299995 0.001264393 0.01494657 -0.01299995 -1.29956e-4 0.01499938 -0.01299995 -0.001523137 0.01492244 -0.01299995 0.01307141 -0.007951557 -0.01299995 0.01342219 0.006696522 -0.01299995 0.01274186 0.007914781 -0.01299995 0.01195126 0.009064495 -0.01299995 0.01105725 0.01013582 -0.01299995 0.01006758 0.01111948 -0.01049995 0.02099996 0.01255434 0.00514996 0.02099996 0.01255434 -0.01049995 0.02099323 0.01243823 0.00514996 0.02093964 0.01221233 -0.01049995 0.02097302 0.01232373 -0.01049995 0.02093964 0.01221233 -0.01449996 0.01699995 0.01524996 -0.01449996 0.01599997 0.01524996 -0.00999999 0.01599997 0.01524996 -0.01285111 0.02023601 0.01524996 -0.01373606 0.01935112 0.01524996 -0.01430422 0.01823604 0.01524996 0.00514996 0.02099996 0.01524996 -0.01049995 0.02099996 0.01524996 -0.01173603 0.02080422 0.01524996 -0.01447123 0.0174787 0.008577525 -0.01438838 0.01793819 0.007071018 -0.01434934 0.01808726 0.006552398 -0.012685 0.02035045 0.01121592 -0.01339071 0.01976472 0.01000893 -0.01374512 0.01933854 0.009130775 -0.01396858 0.01899218 0.00841701 -0.01194322 0.02073055 0.01199913 -0.01122415 0.02093386 0.01241815 -0.005999982 0.0130884 0.04181593 -0.01449996 0.01499998 0.01551795 -0.01449996 0.01426792 0.01624995 -0.01039159 0.0154404 0.01532983 -0.01021444 0.01569575 0.01527327 -0.01000511 0.0159927 0.01524996 -0.01091593 0.01457291 0.01584869 -0.0108639 0.01468127 0.01574629 -0.01074278 0.01489877 0.01558041 -0.01067256 0.01501387 0.01550996 -0.01049751 0.015284 0.01538252 -0.01099997 0.01426792 0.01624995 -0.01095163 0.01448619 0.01594287 0.00514996 0.02004343 0.009749948 0.01263868 0.02004343 0.009749948 0.01299297 0.01960849 0.008555054 -0.01341021 0.01868325 0.006012797 -0.01338702 0.01875513 0.006210386 -0.01310139 0.01943379 0.008074998 0.0134871 0.01821696 0.004731833 0.01283478 0.01821696 0.004731833 0.01332902 0.01893788 0.006712436 0.0124427 0.01842051 0.005291104 0.01199996 0.01861155 0.005815923 -0.01343911 0.01861155 0.005815923 -0.01266801 0.02001321 0.009666919 -0.01213872 0.02045249 0.01087391 -0.01158243 0.02073758 0.01165711 -0.01104307 0.02089011 0.01207613 -0.01415103 0.01844304 0.006402492 -0.01380872 0.01868057 0.006280899 -0.01375031 0.01924264 0.008280217 -0.01344823 0.01939648 0.008161127 -0.01318562 0.01991957 0.009881198 -0.01251846 0.02042984 0.01109409 -0.01182872 0.02075982 0.01188075 -0.01116549 0.02093601 0.0123015 -0.01293796 0.02000474 0.009763956 -0.01233333 0.02046447 0.01097816 -0.0117073 0.0207622 0.01176565 -0.01110482 0.02092134 0.01218688 -0.01532834 0.015926 0.007658243 -0.01560825 0.01655834 0.00531888 -0.01518338 0.01665848 0.006318688 -0.01506894 0.01704275 0.005573451 -0.01570546 0.01647454 0.005262017 -0.01618772 0.01607531 0.004923045 -0.009413003 0.01729631 0.004581153 -0.00929284 0.01730328 0.004583239 -0.00929284 0.01686829 0.005989134 -0.009675562 -0.002987205 0.01757174 -0.009675562 -0.001533687 0.01775777 -0.009675562 -6.98604e-5 0.01782369 -0.009675562 0.00139445 0.01776921 -0.009675562 0.0028494 0.01759463 -0.009675562 0.004285037 0.01730108 -0.009675562 0.005691766 0.01689064 -0.009675562 0.007059991 0.016366 -0.009675562 0.008380472 0.01573079 -0.009675562 0.009644329 0.01498919 -0.009675562 0.01084303 0.01414632 -0.009675562 0.01196843 0.01320779 -0.009675562 0.01301288 0.01218003 -0.009675562 0.01396942 0.01106995 -0.009675562 0.01483154 0.009885013 -0.009675562 0.01559346 0.008633315 -0.009675562 0.01624989 0.007323205 -0.009675562 0.01679658 0.005963623 -0.009730577 0.01720589 0.004556894 -0.00929284 0.01631933 0.007354497 -0.00929284 0.01566004 0.008670151 -0.00929284 0.0148949 0.009927272 -0.00929284 0.01402908 0.01111721 -0.00929284 0.01306849 0.01223206 -0.00929284 0.01201951 0.01326423 -0.00929284 0.01088935 0.0142067 -0.00929284 0.009685516 0.01505321 -0.00929284 0.008416295 0.01579797 -0.00929284 0.007090091 0.01643592 -0.00929284 0.005716025 0.01696276 -0.00929284 0.004303336 0.01737499 -0.00929284 0.002861559 0.01766973 -0.00929284 0.001400411 0.01784509 -0.00929284 -7.01588e-5 0.01789981 -0.00929284 -0.001540243 0.01783359 -0.006707072 0.01730328 0.004583239 -0.006707072 0.01686829 0.005989134 -0.006707072 0.01631933 0.007354497 -0.006707072 0.01566004 0.008670151 -0.006707072 0.0148949 0.009927272 -0.006707072 0.01402908 0.01111721 -0.006707072 0.01306849 0.01223206 -0.006707072 0.01201951 0.01326423 -0.006707072 0.01088935 0.0142067 -0.006707072 0.009685516 0.01505321 -0.006707072 0.008416295 0.01579797 -0.006707072 0.007090091 0.01643592 -0.006707072 0.005716025 0.01696276 -0.006707072 0.004303336 0.01737499 -0.006707072 0.002861559 0.01766973 -0.006707072 0.001400411 0.01784509 -0.006707072 -7.01588e-5 0.01789981 -0.006707072 -0.001540243 0.01783359 -0.01199996 0.01673215 0.004499971 -0.01199996 0.01711606 0.004537165 0.01199996 0.01673215 0.004499971 -0.005719602 0.01673215 0.004499971 0.01199996 0.017147 0.004543483 -0.005999982 0.01701694 0.004520356 0.01199996 0.01765453 0.004725337 -0.006083071 0.01709061 0.004532337 -0.006376564 0.01724916 0.004567921 -0.01387971 0.01711606 0.004537165 -0.01372349 0.01757884 0.004688024 -0.01355648 0.0181393 0.005078673 -0.01352423 0.01826012 0.005209505 0.01199996 0.01809507 0.005036234 -0.01346218 0.01851022 0.005584239 0.01199996 0.01843655 0.005453467 -0.01366186 0.01777553 0.004793703 -0.01382166 0.01861608 0.006091535 -0.01384001 0.01855164 0.005902588 -0.01415908 0.01839184 0.006217658 -0.01417207 0.01834058 0.006033182 -0.01436167 0.0180509 0.006368458 -0.01437813 0.01801455 0.006185173 -0.01219481 0.01695871 0.004499733 -0.0123865 0.01680195 0.004448592 -0.01269656 0.01649606 0.004304111 -0.01420807 0.01684856 0.004465281 -0.01294714 0.01619005 0.004085659 -0.01436185 0.01674711 0.004427254 -0.01490116 0.0164234 0.004259884 -0.01499837 0.01636725 0.004222691 -0.01312768 0.01591086 0.003788769 -0.01548057 0.01609945 0.004002094 -0.01319998 0.01568561 0.003415822 -0.0159142 0.01587545 0.003740906 -0.01319998 0.01549994 0.002574324 -0.01741498 0.01549994 0.002574324 -0.01719969 0.015513 0.002802312 -0.01690435 0.01555573 0.003043293 -0.01681679 0.01557272 0.003108799 -0.01635062 0.015697 0.003439962 -0.01403743 0.01839655 0.005781412 -0.01376467 0.01849627 0.005664288 -0.01382476 0.01828604 0.005320191 -0.01425379 0.01822072 0.005924105 -0.01385718 0.0181846 0.005198776 -0.01396584 0.01787906 0.004927992 -0.01403087 0.01771318 0.004822909 -0.01419991 0.01731866 0.004657268 -0.01409429 0.01823043 0.00548613 -0.0141257 0.01814991 0.005382001 -0.01423299 0.01790684 0.005149424 -0.01429808 0.01777458 0.005058646 -0.0144695 0.01745891 0.004913449 -0.01430493 0.01809895 0.005690097 -0.01433342 0.01803886 0.005608737 -0.01443094 0.01785552 0.005431115 -0.01449018 0.01775503 0.005364358 -0.01464593 0.01751464 0.005265235 -0.01439255 0.01798617 0.006078362 -0.01443499 0.01790523 0.005911052 -0.01445806 0.01786333 0.005854785 -0.01453572 0.01773124 0.005738914 -0.01458203 0.0176571 0.005700111 -0.0147013 0.01747709 0.005657076 -0.005999982 0.01296865 0.04255813 -0.005999982 0.01313138 0.04329216 -0.005999982 -0.003075778 0.03644454 -0.005999982 0.01268583 0.05461722 -0.005999982 -0.003333687 0.03680831 -0.005999982 0.01148599 0.05709367 -0.005999982 -0.003724098 0.03702384 -0.005999982 0.009808957 0.05927544 -0.005999982 -0.0130096 0.04639452 -0.005999982 -0.01347047 0.04910749 -0.005999982 0.007724344 0.06107175 -0.005999982 -4.6177e-5 0.06349992 -0.005999982 0.002692222 0.06322878 -0.005999982 -0.01271712 0.05453038 -0.005999982 0.01577347 0.04613405 -0.005999982 0.01355355 0.04391419 -0.005999982 -0.01337158 0.05185753 -0.005999982 0.00531876 0.06240803 -0.005999982 -0.006277978 0.03804856 -0.005999982 -0.008571028 0.03956985 -0.005999982 -0.007799863 0.06101864 -0.005999982 -0.009872198 0.05920809 -0.005999982 -0.01153427 0.05701494 -0.005999982 -0.005403518 0.06237137 -0.005999982 -0.002782642 0.06321007 -0.005999982 -0.01050794 0.04152458 -0.005999982 -0.01200824 0.0438314 -0.0149523 0.0171613 0.005607187 -0.01468038 0.01724207 0.006679058 -0.01474547 0.01663362 0.008090078 -0.01500546 0.01712232 0.005209386 -0.01496303 0.01712507 0.005090057 -0.01547592 0.01667684 0.004895567 -0.01462471 0.01696312 0.00459212 -0.01484996 0.01709443 0.004865884 -0.01522237 0.01662844 0.004515886 -0.01470571 0.01701754 0.004672944 -0.01531583 0.01656013 0.004478693 -0.0157808 0.01623076 0.004248738 -0.01620042 0.01595079 0.003963351 -0.01556873 0.01659852 0.004850327 -0.01603049 0.01622223 0.004573941 -0.01644742 0.01590442 0.004235208 -0.01763921 0.01546812 0.002685785 -0.01752799 0.01549196 0.002630531 -0.01746296 0.01548057 0.003000855 -0.01733314 0.01551049 0.002901375 -0.01722317 0.01552999 0.003329575 -0.01715266 0.01555007 0.003417968 -0.01678276 0.01569718 0.003855526 -0.01706755 0.01556575 0.003184258 -0.01698929 0.01558727 0.003260314 -0.01657712 0.01574051 0.003636896 -0.01873141 0.01549994 2.13212e-5 -0.02139997 0.00283873 -0.0147289 -0.02139997 0.005574882 -0.01392549 -0.02139997 0.008109569 -0.01261878 -0.02139997 0.01035118 -0.01085597 -0.02139997 0.01221859 -0.008700847 -0.02139997 0.01364445 -0.006231188 -0.02139997 0.01457715 -0.003536343 -0.02139997 0.01498299 -7.13729e-4 -0.02139997 0.01484727 0.00213468 -0.02139997 0.01417499 0.004905998 -0.02139997 0.01299035 0.007499992 -0.02139997 0.0113362 0.009822905 -0.02139997 0.009272336 0.01179075 -0.02139997 0.006873369 0.01333248 -0.02139997 0.004225969 0.01439237 -0.02139997 0.001425802 0.01493203 -0.02139997 -0.001425802 0.01493203 -0.02139997 -0.004225969 0.01439237 -0.02139997 -0.006873369 0.01333248 -0.02139997 -0.009272336 0.01179075 -0.02139997 -0.0113362 0.009822905 -0.02139997 -0.01299035 0.007499992 -0.02139997 -0.01417499 0.004905998 -0.02139997 -0.01484727 0.00213468 -0.02139997 -0.01498299 -7.13729e-4 -0.02139997 -0.01457715 -0.003536343 -0.02139997 -0.01364445 -0.006231188 -0.02139997 -0.01221859 -0.008700847 -0.02139997 -0.01035118 -0.01085597 -0.02139997 -0.008109569 -0.01261878 -0.02139997 -0.005574882 -0.01392549 -0.02139997 -0.00283873 -0.0147289 -0.02139997 0 -0.01499998 -0.0194 -0.009314835 0.011101 -0.01901376 -0.009745061 0.01161372 -0.01978617 -0.009745061 0.01161372 -0.01893413 -0.009833753 0.01171946 -0.01986581 -0.009833753 0.01171946 -0.01896697 -0.009530663 0.01059377 -0.01858073 -0.009961187 0.01110625 -0.01896858 -0.009526491 0.01059377 -0.01864111 -0.009794712 0.01129138 -0.01910752 -0.009279012 0.01060909 -0.0187993 -0.009715795 0.01147675 -0.01928889 -0.00910592 0.01065039 -0.01914769 -0.009230434 0.01061677 -0.0194 -0.009311735 0.01109731 -0.0194 -0.009048342 0.010683 -0.01870894 -0.009881675 0.01172614 -0.01838785 -0.01007688 0.0116285 -0.01840955 -0.01005417 0.01164346 -0.01853406 -0.009960234 0.01169705 -0.01862043 -0.009915888 0.01171612 -0.01833063 -0.01015943 0.0115686 -0.01830303 -0.01027077 0.01147478 -0.01896697 -0.01046156 0.009675562 -0.01896697 0 -0.01424998 -0.01830303 0 -0.01539999 -0.01896697 -0.001936316 -0.01411777 -0.01830303 -0.00146383 -0.01533025 -0.01896697 -0.002643823 -0.01400256 -0.01830303 -0.002914428 -0.01512169 -0.01896697 -0.003836691 -0.01372373 -0.01830303 -0.004338681 -0.01477617 -0.01896697 -0.005195856 -0.01326894 -0.01830303 -0.005615174 -0.01433974 -0.01896697 -0.005665957 -0.01307511 -0.01830303 -0.005723595 -0.01429682 -0.01830303 -0.007056653 -0.01368802 -0.01896697 -0.007390081 -0.0121839 -0.01830303 -0.008178174 -0.013049 -0.01896697 -0.007567465 -0.01207458 -0.01830303 -0.008325815 -0.0129553 -0.01896697 -0.008977174 -0.01106673 -0.01830303 -0.009519636 -0.01210516 -0.01896697 -0.009676277 -0.01046091 -0.01830303 -0.01045721 -0.01130515 -0.01830303 -0.01062721 -0.01114547 -0.01896697 -0.01039767 -0.009744226 -0.01830303 -0.01163852 -0.0100848 -0.01896697 -0.01144915 -0.008484005 -0.01830303 -0.01237308 -0.009168684 -0.01896697 -0.01162528 -0.008240997 -0.01896697 -0.01421362 -0.001017153 -0.01896697 -0.01394355 -0.002939105 -0.01830303 -0.01524323 -0.002191603 -0.01830303 -0.01254445 -0.008932828 -0.01830303 -0.01333677 -0.007699966 -0.01896697 -0.01263731 -0.006584823 -0.01830303 -0.01385939 -0.006713926 -0.01896697 -0.01282441 -0.006212532 -0.01830303 -0.01400828 -0.006397366 -0.01896697 -0.01341485 -0.004806578 -0.01830303 -0.01455301 -0.00503683 -0.01896697 -0.01375442 -0.003725349 -0.01830303 -0.01486438 -0.004025995 -0.01830303 -0.01496589 -0.003630638 -0.01830303 -0.01535326 -0.001198232 -0.01830303 -0.01538252 -7.32762e-4 -0.01896697 -0.01421999 9.23627e-4 -0.01830303 -0.01538252 7.32762e-4 -0.01896697 -0.01416581 0.001546263 -0.01830303 -0.01530903 0.001671016 -0.01830303 -0.01524323 0.002191603 -0.01896697 -0.01396262 0.002847313 -0.01830303 -0.01496589 0.003630638 -0.01896697 -0.01363301 0.004147648 -0.01830303 -0.01473319 0.004482328 -0.01896697 -0.01344621 0.004718184 -0.01830303 -0.01163852 0.0100848 -0.01830303 -0.01208454 0.009545862 -0.01896697 -0.01118212 0.008832991 -0.01830303 -0.01254445 0.008932828 -0.01896697 -0.01167929 0.008164286 -0.01830303 -0.01333677 0.007699966 -0.01896697 -0.01262676 0.006604969 -0.01830303 -0.01364576 0.007138013 -0.01896697 -0.01268035 0.006501495 -0.01830303 -0.01400828 0.006397366 -0.01830303 -0.01455301 0.00503683 -0.01896697 0.005819559 -0.01424998 -0.01886248 0.005358338 -0.01443099 -0.018444 0.002722561 -0.01515579 -0.01910609 0 -0.01409548 -0.01929605 0 -0.0140109 -0.01917755 0.006451964 -0.01405215 -0.01905989 0.006201505 -0.01413339 -0.01951122 0.006569981 -0.01401251 -0.01942092 0.006605505 -0.01400041 -0.01950395 0 -0.0140109 -0.0193392 0.006595969 -0.01400369 -0.01927179 0.006557703 -0.01401668 -0.01969385 0 -0.01409548 -0.01983296 0 -0.01424998 -0.01983296 0.005819559 -0.01424998 -0.01974028 0.00620073 -0.01413369 -0.01970362 0.006297528 -0.01410269 -0.0195868 0.006499826 -0.01403617 -0.02049696 0 -0.01539999 -0.02049237 4.93237e-4 -0.015392 -0.02030068 0.003207385 -0.01506 -0.01983296 -0.01046156 0.009675562 -0.02049696 -0.01163852 0.0100848 -0.01983296 -0.01118212 0.008832991 -0.02049696 -0.01208454 0.009545862 -0.01983296 -0.01167929 0.008164286 -0.01983296 -0.009530663 0.01059377 -0.0202192 -0.009961187 0.01110625 -0.02049696 -0.01027077 0.01147478 -0.01983296 -0.01396262 0.002847313 -0.02049696 -0.01524323 0.002191603 -0.01983296 -0.01416581 0.001546263 -0.02049696 -0.01530903 0.001671016 -0.01983296 -0.01421999 9.23627e-4 -0.02049696 -0.01254445 0.008932828 -0.02049696 -0.01333677 0.007699966 -0.01983296 -0.01262676 0.006604969 -0.02049696 -0.01364576 0.007138013 -0.01983296 -0.01268035 0.006501495 -0.02049696 -0.01400828 0.006397366 -0.01983296 -0.01344621 0.004718184 -0.02049696 -0.01455301 0.00503683 -0.01983296 -0.01363301 0.004147648 -0.02049696 -0.01473319 0.004482328 -0.02049696 -0.01496589 0.003630638 -0.01983296 -0.01394355 -0.002939105 -0.02049696 -0.01496589 -0.003630638 -0.01983296 -0.01375442 -0.003725349 -0.02049696 -0.01486438 -0.004025995 -0.01983296 -0.01341485 -0.004806578 -0.02049696 -0.01538252 7.32762e-4 -0.02049696 -0.01538252 -7.32762e-4 -0.01983296 -0.01421362 -0.001017153 -0.02049696 -0.01535326 -0.001198232 -0.02049696 -0.01524323 -0.002191603 -0.01983296 -0.01039767 -0.009744226 -0.02049696 -0.01062721 -0.01114547 -0.01983296 -0.009676277 -0.01046091 -0.02049696 -0.01045721 -0.01130515 -0.01983296 -0.008977174 -0.01106673 -0.02049696 -0.01455301 -0.00503683 -0.02049696 -0.01400828 -0.006397366 -0.01983296 -0.01282441 -0.006212532 -0.02049696 -0.01385939 -0.006713926 -0.01983296 -0.01263731 -0.006584823 -0.02049696 -0.01333677 -0.007699966 -0.01983296 -0.01162528 -0.008240997 -0.02049696 -0.01254445 -0.008932828 -0.01983296 -0.01144915 -0.008484005 -0.02049696 -0.01237308 -0.009168684 -0.02049696 -0.01163852 -0.0100848 -0.02049696 -0.009519636 -0.01210516 -0.02049696 -0.008325815 -0.0129553 -0.01983296 -0.007567465 -0.01207458 -0.02049696 -0.008178174 -0.013049 -0.01983296 -0.007390081 -0.0121839 -0.01983296 -0.005665957 -0.01307511 -0.02049696 -0.007056653 -0.01368802 -0.02049696 -0.005723595 -0.01429682 -0.01983296 -0.005195856 -0.01326894 -0.02049696 -0.005615174 -0.01433974 -0.01983296 -0.003836691 -0.01372373 -0.02049696 -0.004338681 -0.01477617 -0.01983296 -0.002643823 -0.01400256 -0.02049696 -0.002914428 -0.01512169 -0.01983296 -0.001936316 -0.01411777 -0.02049696 -0.00146383 -0.01533025 -0.02000063 -0.009715795 0.01147675 -0.02015882 -0.009794712 0.01129138 -0.01983135 -0.009526491 0.01059377 -0.01969248 -0.009279012 0.01060909 -0.01965224 -0.009230434 0.01061677 -0.01951104 -0.00910592 0.01065039 -0.02034324 -0.0100128 0.0116688 -0.02041167 -0.01007634 0.01162886 -0.02044761 -0.01012229 0.01159662 -0.02049541 -0.01024371 0.01149892 -0.02009403 -0.009882688 0.01172596 -0.02014088 -0.009899735 0.01172155 -0.02017968 -0.009915947 0.01171606 -0.02032244 -0.009997189 0.01167774 -0.01448911 0.01706284 0.004617393 -0.01489096 0.0172317 0.005234003 -0.01472854 0.01719713 0.004886925 -0.02139997 0 0 -0.01969385 -0.01155269 0.008075773 -0.01969385 -0.01250028 -0.006513476 -0.01969385 -0.003795146 -0.01357495 -0.01910609 -0.01155269 0.008075773 -0.01910609 -0.01034814 0.009570658 -0.01929605 -0.01028609 0.009513258 -0.01910609 -0.005604505 -0.01293331 -0.01910609 -0.007309973 -0.01205182 -0.01929605 -0.007266104 -0.01197952 -0.01910609 -0.0125429 0.006431043 -0.01910609 -0.0140658 9.13612e-4 -0.01910609 -0.01405948 -0.001006126 -0.01910609 -0.01379239 -0.002907276 -0.01910609 -0.01149928 -0.00815159 -0.01910609 -0.001915335 -0.01396471 -0.01969385 -0.01034814 0.009570658 -0.01950395 -0.01028609 0.009513258 -0.01910609 -0.00887984 -0.01094675 -0.01910609 -0.01250028 -0.006513476 -0.01910609 -0.01326942 -0.004754483 -0.01910609 -0.01330041 0.004666984 -0.01929605 -0.001903831 -0.01388096 -0.01929605 0 -0.0140109 -0.01910609 0 -0.01409548 -0.01950395 -0.008826553 -0.01088106 -0.01929605 -0.008826553 -0.01088106 -0.01929605 -0.01148337 0.008027315 -0.01969385 -0.01028496 -0.009638547 -0.01950395 -0.0102232 -0.009580731 -0.01929605 -0.0102232 -0.009580731 -0.01910609 -0.01028496 -0.009638547 -0.01950395 -0.01372838 0.00279951 -0.01950395 -0.01398146 9.08131e-4 -0.01929605 -0.01398146 9.08131e-4 -0.01929605 -0.01246762 0.006392419 -0.01950395 -0.01148337 0.008027315 -0.01969385 -0.001915335 -0.01396471 -0.01950395 -0.001903831 -0.01388096 -0.01969385 -0.007309973 -0.01205182 -0.01969385 -0.005604505 -0.01293331 -0.01950395 -0.005570888 -0.01285576 -0.01950395 -0.003772377 -0.01349347 -0.01929605 -0.003772377 -0.01349347 -0.01969385 -0.0140658 9.13612e-4 -0.01969385 -0.01381123 0.002816438 -0.01969385 -0.01330041 0.004666984 -0.01969385 -0.0125429 0.006431043 -0.01950395 -0.0132206 0.004639029 -0.01929605 -0.01372838 0.00279951 -0.01950395 0 -0.0140109 -0.01969385 0 -0.01409548 -0.01969385 -0.00887984 -0.01094675 -0.01950395 -0.007266104 -0.01197952 -0.01929605 -0.005570888 -0.01285576 -0.01910609 -0.003795146 -0.01357495 -0.01969385 -0.01149928 -0.00815159 -0.01929605 -0.01143026 -0.008102715 -0.01950395 -0.01143026 -0.008102715 -0.01929605 -0.0124253 -0.006474375 -0.01950395 -0.0124253 -0.006474375 -0.01929605 -0.01318979 -0.004725933 -0.01950395 -0.01318979 -0.004725933 -0.01969385 -0.01326942 -0.004754483 -0.01969385 -0.01379239 -0.002907276 -0.01929605 -0.01370966 -0.002889811 -0.01950395 -0.01370966 -0.002889811 -0.01929605 -0.01397514 -0.001000106 -0.01950395 -0.01397514 -0.001000106 -0.01969385 -0.01405948 -0.001006126 -0.01950395 -0.01246762 0.006392419 -0.01929605 -0.0132206 0.004639029 -0.01910609 -0.01381123 0.002816438 -0.01298379 0.01467192 0.003679215 -0.01293426 0.01475197 0.00385648 -0.01293301 0.01467007 0.00416547 -0.01270258 0.01487225 0.004211544 -0.01274996 0.01484608 0.004215478 -0.0128706 0.01480692 0.003991901 -0.01293301 -0.001548528 0.01517117 -0.01274996 -0.001567125 0.0153532 -0.01299995 0.01458877 0.003505766 -0.01274996 0.01439017 0.005576789 -0.01274996 0.01380968 0.00688982 -0.01274996 0.01310968 0.008143246 -0.01274996 0.01229631 0.009326219 -0.01274996 0.0113765 0.01042842 -0.01274996 0.01035821 0.01144045 -0.01274996 0.009250283 0.01235347 -0.01274996 0.008062362 0.01315957 -0.01274996 0.006804645 0.01385182 -0.01274996 0.005488038 0.0144242 -0.01274996 0.004123985 0.01487177 -0.01274996 0.00272423 0.01519066 -0.01274996 0.001300871 0.01537805 -0.01274996 -1.33707e-4 0.01543241 -0.01293301 0.01421952 0.005510628 -0.01293301 0.01364594 0.006808102 -0.01293301 0.01295423 0.008046686 -0.01293301 0.01215046 0.009215593 -0.01293301 0.01124155 0.0103048 -0.01293301 0.01023536 0.01130479 -0.01293301 0.00914061 0.01220697 -0.01293301 0.007966756 0.01300352 -0.01293301 0.00672394 0.01368755 -0.01293301 0.005423009 0.01425313 -0.01293301 0.00407505 0.0146954 -0.01293301 0.002691924 0.01501047 -0.01293301 0.001285433 0.01519572 -0.01293301 -1.32122e-4 0.01524943 -0.01293975 0.01575195 0.003841817 -0.01278924 0.01605904 0.004113972 -0.01270568 0.01620137 0.004208505 -0.01232206 0.01673215 0.004446685 -0.01258045 0.01639562 0.004314243 -0.01216232 0.0169233 0.004495799 -0.01358473 -0.003096044 0.01558005 -0.0133019 -0.003365874 0.01523452 -0.01322722 -0.003545582 0.01511698 -0.01993674 0.005876541 -0.01432865 -0.02053701 4.95783e-4 -0.01544523 -0.02060174 0 -0.0154879 -0.02059715 4.98023e-4 -0.01547992 -0.02057015 0 -0.01547318 -0.0205416 0 -0.01545315 -0.02034497 0.003224015 -0.01511198 -0.02040517 0.003238558 -0.01514524 -0.01987642 0.005850017 -0.01429903 -0.02057015 -0.004359304 -0.01484638 -0.02057015 -0.00709021 -0.01375311 -0.02057015 -0.005750775 -0.01436477 -0.02061837 -0.01033288 0.01154422 -0.02052873 -0.01029837 0.01150566 -0.02057015 -0.01031959 0.01152932 -0.02057015 -0.01169383 0.01013278 -0.02057015 -0.01340013 0.007736563 -0.02057015 -0.01260405 0.008975327 -0.02057015 -0.01462215 0.005060732 -0.02057015 -0.01407492 0.006427764 -0.02057015 -0.01531571 0.002202033 -0.02057015 -0.015037 0.003647923 -0.02057015 -0.01545566 -7.36245e-4 -0.02057015 -0.01545566 7.36245e-4 -0.02057015 -0.015037 -0.003647923 -0.02057015 -0.01531571 -0.002202033 -0.02057015 -0.01407492 -0.006427764 -0.02057015 -0.01462215 -0.005060732 -0.02057015 -0.01260405 -0.008975327 -0.02057015 -0.01340013 -0.007736563 -0.02057015 -0.01067769 -0.01119846 -0.02057015 -0.01169383 -0.01013278 -0.02057015 -0.009564876 -0.01216274 -0.02057015 -0.008365392 -0.01301687 -0.02057015 -0.002928316 -0.01519358 -0.02057015 -0.001470804 -0.01540309 -0.02060174 0 -0.0154879 -0.0205416 0 -0.01545315 -0.01892352 0.005850017 -0.01429903 -0.0188632 0.005876541 -0.01432865 -0.01902085 0.006231546 -0.01415914 -0.0189743 0.006259262 -0.01417148 -0.01915013 0.006481766 -0.01406097 -0.01925557 0.006587445 -0.01401799 -0.01933145 0.006625592 -0.01400226 -0.0194236 0.006635189 -0.01399827 -0.0195254 0.006599664 -0.01401299 -0.0196101 0.006529569 -0.01404166 -0.0197395 0.006327509 -0.01412206 -0.01977938 0.006230771 -0.01415944 -0.01912003 0.006510257 -0.01406174 -0.01923829 0.006616294 -0.01401376 -0.01932328 0.00665456 -0.01399618 -0.0194264 0.006664156 -0.01399177 -0.01954036 0.006628572 -0.01400816 -0.01963537 0.006558239 -0.01404017 -0.01978087 0.006355524 -0.01413005 -0.01982593 0.006258487 -0.01417183 -0.02052706 -0.01026922 0.01153171 -0.02056837 -0.0102877 0.01155781 -0.02061641 -0.01029783 0.01157546 -0.0204758 -0.01014065 0.01163917 -0.02036434 -0.01002919 0.01172143 -0.02015054 -0.009921848 0.01178479 -0.02034223 -0.01001375 0.01173186 -0.02010142 -0.009907007 0.01179075 -0.01986581 -0.009871482 0.01178848 -0.02051359 -0.01014876 0.01167726 -0.02039492 -0.01003116 0.01177185 -0.02037137 -0.01001507 0.01178419 -0.02016764 -0.009922385 0.01185029 -0.02011555 -0.009908258 0.01185894 -0.01986581 -0.009879708 0.01186674 -0.02055817 -0.01014614 0.01170802 -0.02043229 -0.01001846 0.01181572 -0.02040731 -0.01000112 0.01183003 -0.02019023 -0.009901344 0.01191055 -0.02013456 -0.009886205 0.01192224 -0.01986581 -0.009857058 0.01194208 -0.01881885 0.005386352 -0.01448071 -0.01875853 0.00541073 -0.01451116 -0.01839959 0.002736628 -0.01520812 -0.01833939 0.002749025 -0.0152418 -0.01825839 0 -0.01545315 -0.01822978 0 -0.01547318 -0.01819819 0 -0.0154879 -0.01893413 -0.009871482 0.01178848 -0.01893413 -0.009879708 0.01186674 -0.01893413 -0.009857058 0.01194208 -0.0182712 -0.01029837 0.01150566 -0.01818156 -0.01033288 0.01154422 -0.01822978 -0.01031959 0.01152932 -0.01822978 -0.01169383 0.01013278 -0.01822978 -0.01260405 0.008975327 -0.01822978 -0.01340013 0.007736563 -0.01822978 -0.01407492 0.006427764 -0.01822978 -0.01462215 0.005060732 -0.01822978 -0.015037 0.003647923 -0.01822978 -0.01531571 0.002202033 -0.01822978 -0.01545566 7.36245e-4 -0.01822978 -0.01545566 -7.36245e-4 -0.01822978 -0.01531571 -0.002202033 -0.01822978 -0.015037 -0.003647923 -0.01822978 -0.01462215 -0.005060732 -0.01822978 -0.01407492 -0.006427764 -0.01822978 -0.01340013 -0.007736563 -0.01822978 -0.01260405 -0.008975327 -0.01822978 -0.01169383 -0.01013278 -0.01822978 -0.01067769 -0.01119846 -0.01822978 -0.009564876 -0.01216274 -0.01822978 -0.008365392 -0.01301687 -0.01822978 -0.00709021 -0.01375311 -0.01822978 -0.005750775 -0.01436477 -0.01822978 -0.004359304 -0.01484638 -0.01822978 -0.002928316 -0.01519358 -0.01822978 -0.001470804 -0.01540309 -0.01825839 0 -0.01545315 -0.01819819 0 -0.0154879 -0.01830089 -0.01017951 0.011608 -0.01870161 -0.009906172 0.01179105 -0.01868772 -0.009907424 0.01185941 -0.018669 -0.00988537 0.01192289 -0.01851773 -0.009977877 0.01175463 -0.01838535 -0.01007062 0.01169222 -0.0184924 -0.009978294 0.01181167 -0.01835155 -0.01007449 0.01173782 -0.01826155 -0.01019042 0.01164221 -0.01846045 -0.009961366 0.01186257 -0.01831084 -0.01006543 0.0117765 -0.01821541 -0.0101915 0.01166886 0.01449996 0.008364677 0.03877359 0.01449996 0.006329059 0.03751224 0.01449996 0.00410819 0.03661632 0.01449996 0.001767158 0.03611195 0.01449996 -6.25553e-4 0.03601396 0.01449996 0.007680475 0.01900678 0.01449996 0.006657242 0.01846235 0.01455777 0.007184028 0.01868951 0.01470106 0.006657242 0.01846235 0.01489675 0.006087064 0.01831948 0.01449996 0.005499958 0.01827126 0.0150904 0.005499958 0.01827126 0.01449996 0 0.01827126 0.01712864 0 0.01827126 0.01649999 0.002899765 0.01827126 0.01707088 0.001454293 0.01827126 0.0169 0.002899765 0.01827126 0.01638269 0.00292164 0.01827126 0.01624518 0.003001987 0.01827126 0.01599055 0.003294527 0.01827126 0.01535987 0.004662275 0.01827126 0.01568245 0.003860533 0.01827126 0.01449996 -0.002530455 0.01809519 0.01299995 -0.005396306 0.01745623 0.0138002 -0.007761895 0.01654064 0.01380002 -0.007751703 0.01654541 0.01299995 -0.007761895 0.01654064 0.01379996 -0.00774151 0.01655018 0.01425546 -0.00774151 0.01655018 0.01472771 -0.00774151 0.01655018 0.01519995 -0.00774151 0.01655018 0.01712864 -0.005396306 0.01745623 0.01567226 -0.00774151 0.01655018 0.01614451 -0.00774151 0.01655018 0.01712864 -0.006249129 0.01716941 0.01659995 -0.00774151 0.01655018 0.01712864 -0.007761895 0.01654064 0.01659995 -0.007751703 0.01654541 0.01659971 -0.007761895 0.01654064 0.01712864 -0.003172755 0.01799368 0.01712864 -0.002530455 0.01809519 0.01319998 -0.008472323 0.01644593 0.0169 -0.008472323 0.01644593 0.01307094 -0.008186697 0.01644593 0.01702904 -0.008186697 0.01644593 0.01614451 -0.007761895 0.01654064 0.01710236 -0.007973551 0.01646888 0.01472771 -0.007761895 0.01654064 0.01519995 -0.007761895 0.01654064 0.01567226 -0.007761895 0.01654064 0.01299995 -0.007983207 0.01646685 0.01425546 -0.007761895 0.01654064 0.01649695 -0.01220089 0.01377302 0.01652872 -0.01222836 0.01380401 0.01649886 -0.01210862 0.01390612 0.01586514 -0.01179999 0.01408666 0.01586514 -0.01176226 0.01401776 0.01608949 -0.01180988 0.01402443 0.01586514 -0.01180821 0.0141648 0.01609683 -0.01183438 0.01408928 0.01586514 -0.01178574 0.01424008 0.01611065 -0.01183569 0.01415759 0.01586514 -0.01173597 0.01430094 0.01612937 -0.01181375 0.01422107 0.01617926 -0.01184451 0.01401424 0.01628112 -0.01190608 0.01405286 0.01626479 -0.01188838 0.01399528 0.01638984 -0.01198267 0.01394158 0.01641404 -0.01199918 0.01399034 0.01641196 -0.01200592 0.01392632 0.01646912 -0.01208865 0.01386666 0.01630645 -0.01190644 0.0141099 0.01644784 -0.012003 0.01403594 0.0165382 -0.01211947 0.01394045 0.01657015 -0.01224946 0.01382786 0.01633834 -0.01188957 0.01416081 0.01648855 -0.01199394 0.01407468 0.01658433 -0.01212048 0.01396709 0.01661837 -0.0122627 0.01384282 0.01615065 -0.01177114 0.01427197 0.01637363 -0.01185703 0.01420068 0.01653283 -0.0119726 0.01410335 0.01663404 -0.01211154 0.0139842 0.01667016 -0.01226723 0.01384788 0.0165416 -0.01812452 -0.003467261 0.01649695 -0.01807224 -0.003457248 0.01649695 -0.01771044 -0.004989802 0.0165416 -0.01346844 0.0126143 0.01649695 -0.01342964 0.01257789 0.01660174 -0.01349377 0.01263803 0.01649695 -0.01422947 0.01166534 0.0165416 -0.01449769 0.01141649 0.01649695 -0.01445591 0.01138359 0.01649695 -0.01537626 0.01010584 0.0165416 -0.01542073 0.01013511 0.01649695 -0.01603102 0.009031295 0.0165416 -0.01623088 0.008779466 0.01649695 -0.01618403 0.008754134 0.01649695 -0.0168733 0.007338285 0.0165416 -0.01692211 0.007359504 0.01649695 -0.01735037 0.006125569 0.0165416 -0.01748937 0.00588566 0.01649695 -0.01743894 0.005868732 0.01649695 -0.01787686 0.004356145 0.0165416 -0.0179286 0.004368722 0.01649695 -0.01814782 0.003035604 0.0165416 -0.01823645 0.002819776 0.01649695 -0.01818388 0.00281167 0.01649695 -0.01835769 0.001246571 0.01649695 -0.01839941 -1.45643e-4 0.0165416 -0.01845026 -3.28535e-4 0.0165416 -0.0184108 0.001250207 0.01649695 -0.01839703 -3.27588e-4 0.01649695 -0.01830166 -0.001899361 0.0165416 -0.01835459 -0.001904845 0.01649695 -0.01809751 -0.003322541 0.01649695 -0.01725125 -0.006399452 0.0165416 -0.01726877 -0.006504595 0.0165416 -0.0177617 -0.005004227 0.01649695 -0.01721894 -0.006485819 0.01649695 -0.01660132 -0.007934391 0.0165416 -0.01664936 -0.007957339 0.01649695 -0.0158621 -0.009324789 0.0165416 -0.015908 -0.00935173 0.01649695 -0.01500672 -0.01064687 0.0165416 -0.01505017 -0.01067769 0.01649695 -0.01404142 -0.011891 0.0165416 -0.01408207 -0.01192539 0.01649695 -0.0129733 -0.01304805 0.0165416 -0.01301079 -0.01308578 0.01649695 -0.01181018 -0.01410955 0.0165416 -0.01184433 -0.01415032 0.01649695 -0.01056051 -0.01506769 0.0165416 -0.01059103 -0.01511126 0.01649695 -0.009233474 -0.01591545 0.0165416 -0.009260177 -0.01596146 0.01649695 -0.009157896 -0.01595908 0.0165416 -0.007861554 -0.01669478 0.01649695 -0.007838845 -0.01664662 0.01649695 -0.006386816 -0.01725596 0.0165416 -0.006405293 -0.01730585 0.01649695 -0.006262719 -0.01730138 0.0165416 -0.004902124 -0.01779013 0.01649695 -0.004887998 -0.01773881 0.01649695 -0.003353357 -0.01809179 0.0165416 -0.003363072 -0.01814413 0.01649695 -0.003179132 -0.01812326 0.0165416 -0.001799345 -0.01836526 0.01649695 -0.001794159 -0.01831227 0.01649695 0 -0.01839995 0.0165416 0 -0.01845318 0.01660174 -0.01452499 0.01143801 0.01660174 -0.01544976 0.01015418 0.01660174 -0.01626139 0.008795976 0.01660174 -0.01695394 0.007373392 0.01660174 -0.01752227 0.005896747 0.01660174 -0.01796233 0.004376947 0.01660174 -0.01827079 0.002825081 0.01660174 -0.01844543 0.001252532 0.01660174 -0.018485 -3.29153e-4 0.01660174 -0.01838916 -0.001908421 0.01660174 -0.01815861 -0.003473758 0.01660174 -0.01779508 -0.005013644 0.01660174 -0.01730126 -0.006516814 0.01660174 -0.01668065 -0.0079723 0.01660174 -0.01593792 -0.009369313 0.01660174 -0.01507848 -0.01069778 0.01660174 -0.01410853 -0.01194787 0.01660174 -0.01303529 -0.01311039 0.01660174 -0.01186656 -0.01417696 0.01660174 -0.01061099 -0.01513969 0.01660174 -0.009277641 -0.0159915 0.01660174 -0.007876336 -0.01672619 0.01660174 -0.006417334 -0.01733839 0.01660174 -0.004911363 -0.01782363 0.01660174 -0.00336939 -0.01817828 0.01660174 -0.001802742 -0.01839983 0.01660174 0 -0.01848793 0.01667016 -0.01350259 0.01264625 0.01667016 -0.01453447 0.01144546 0.01667016 -0.01545983 0.0101608 0.01667016 -0.016272 0.008801698 0.01667016 -0.01696497 0.00737816 0.01667016 -0.01753371 0.005900621 0.01667016 -0.01797401 0.004379808 0.01667016 -0.01828271 0.002826929 0.01667016 -0.01845747 0.001253366 0.01667016 -0.01849704 -3.29368e-4 0.01667016 -0.01840114 -0.001909673 0.01667016 -0.01817047 -0.003476023 0.01667016 -0.0178067 -0.005016922 0.01667016 -0.01731252 -0.006521105 0.01667016 -0.01669156 -0.007977485 0.01667016 -0.01594835 -0.009375452 0.01667016 -0.01508831 -0.01070475 0.01667016 -0.01411777 -0.01195561 0.01667016 -0.01304382 -0.01311898 0.01667016 -0.01187431 -0.0141862 0.01667016 -0.01061791 -0.01514953 0.01667016 -0.009283661 -0.01600193 0.01667016 -0.007881462 -0.0167371 0.01667016 -0.006421506 -0.01734972 0.01667016 -0.004914581 -0.01783525 0.01667016 -0.003371596 -0.01819014 0.01667016 -0.001803934 -0.01841181 0.01667016 0 -0.01849997 0.01493477 -0.01176226 0.01401776 0.01493477 -0.01179999 0.01408666 0.01493477 -0.01180821 0.0141648 0.01493477 -0.01178574 0.01424008 0.01493477 -0.01173597 0.01430094 0.01664149 0.001361012 -0.01844984 0.01660174 0 -0.01848793 0.01635462 0.004487514 -0.01794743 0.01652878 0.003016173 -0.01825243 0.01646018 0.003007829 -0.0182414 0.01593524 0.005887448 -0.01742702 0.01583296 0.006384909 -0.01725 0.01597899 0.005913138 -0.01747733 0.01587659 0.006412804 -0.01729971 0.01603931 0.005935549 -0.01750844 0.01593691 0.006437122 -0.01733016 0.01610845 0.005951762 -0.01751643 0.01600617 0.006454706 -0.01733738 0.01635557 0.00298357 -0.01815509 0.01639997 0.002996504 -0.0182076 0.0165416 0 -0.01845318 0.01427119 -0.01222836 0.01380401 0.01430302 -0.01220089 0.01377302 0.01430457 -0.01217353 0.01379722 0.01422983 -0.01224946 0.01382786 0.01427292 -0.01219886 0.01383012 0.01418155 -0.0122627 0.01384282 0.01423162 -0.01221722 0.01385629 0.01412981 -0.01226723 0.01384788 0.01418358 -0.01222735 0.01387405 0.01435267 -0.01205122 0.01389467 0.01432448 -0.01206946 0.01393735 0.01438844 -0.01200544 0.01392668 0.01443642 -0.01195752 0.0140196 0.01445746 -0.01194119 0.01396697 0.01447814 -0.01192563 0.01397585 0.01462048 -0.01184457 0.01401418 0.01465004 -0.01185029 0.0140829 0.01445835 -0.0119422 0.01402992 0.0146597 -0.01182818 0.01401972 0.01470667 -0.01181113 0.01402419 0.01469916 -0.01183545 0.01408892 0.01428669 -0.01207756 0.01397544 0.01440584 -0.01195949 0.01407003 0.01442915 -0.01194351 0.01408225 0.01463294 -0.01185089 0.01414835 0.01468509 -0.0118367 0.01415705 0.01424205 -0.01207482 0.01400625 0.01436841 -0.01194679 0.0141139 0.01439321 -0.01192957 0.01412814 0.01461035 -0.01182985 0.01420855 0.01466608 -0.01181477 0.01422023 0.01413202 -0.01222848 0.0138821 0.01419389 -0.01206153 0.01402741 0.01432746 -0.01192057 0.01414734 0.01435369 -0.01190155 0.01416343 0.01458477 -0.01178967 0.01425665 0.0146445 -0.01177233 0.01427096 0.01580935 0.006522536 -0.01721292 0.01585268 0.006550252 -0.01725536 0.01590937 0.006574928 -0.01728028 0.01570558 0.006908237 -0.01710426 0.01574188 0.006935596 -0.01712447 0.0155943 0.007127225 -0.01703929 0.01561868 0.007154464 -0.01704585 0.01550817 0.007217466 -0.01701182 0.01552206 0.007244586 -0.01701253 0.01544547 0.007249295 -0.01700204 0.01545137 0.007276356 -0.01700067 0.01537185 0.007253468 -0.01700079 0.01536822 0.007280528 -0.01699906 0.01530206 0.007224559 -0.01700967 0.01528954 0.007251679 -0.01700985 0.01522439 0.007151901 -0.01703178 0.01520228 0.007179081 -0.01703679 0.01513534 0.007005333 -0.01707571 0.01510316 0.007032632 -0.01708996 0.01504963 0.006772816 -0.01714324 0.01500958 0.006800353 -0.0171715 0.01496696 0.006384909 -0.01725 0.01492333 0.006412804 -0.01729971 0.01578348 0.006961286 -0.01713359 0.0156449 0.00718069 -0.01704579 0.0155366 0.007271111 -0.01700866 0.01545745 0.007302939 -0.01699542 0.01536446 0.007307112 -0.0169937 0.01527637 0.007278203 -0.01700574 0.01517862 0.007205426 -0.01703572 0.01506727 0.00705862 -0.01709508 0.0149616 0.006825685 -0.01718622 0.01486301 0.006437122 -0.01733016 0.01597315 0.006593823 -0.01728498 0.01582783 0.006983697 -0.01713114 0.01567202 0.007205128 -0.01703923 0.01555144 0.007296323 -0.01700037 0.0154637 0.00732851 -0.01698654 0.01536065 0.007332742 -0.0169847 0.0152629 0.007303535 -0.01699727 0.01515418 0.007230103 -0.01702862 0.01502954 0.007081925 -0.01709079 0.0149095 0.006846845 -0.01718634 0.01479375 0.006454706 -0.01733738 0.01430302 -0.004887998 -0.01773881 0.01425838 -0.004902124 -0.01779013 0.01425838 -0.003363072 -0.01814413 0.01419818 -0.01349377 0.01263803 0.01412981 -0.01350259 0.01264625 0.01425838 -0.01346844 0.0126143 0.01425838 -0.01542073 0.01013511 0.01430302 -0.01445591 0.01138359 0.01425838 -0.01449769 0.01141649 0.01430302 -0.01422947 0.01166534 0.01430302 -0.01342964 0.01257789 0.01425838 -0.01692211 0.007359504 0.01430302 -0.01618403 0.008754134 0.01425838 -0.01623088 0.008779466 0.01430302 -0.01603102 0.009031295 0.01430302 -0.01537626 0.01010584 0.01425838 -0.0179286 0.004368722 0.01430302 -0.01743894 0.005868732 0.01425838 -0.01748937 0.00588566 0.01430302 -0.01735037 0.006125569 0.01430302 -0.0168733 0.007338285 0.01425838 -0.0184108 0.001250207 0.01430302 -0.01818388 0.00281167 0.01425838 -0.01823645 0.002819776 0.01430302 -0.01814782 0.003035604 0.01430302 -0.01787686 0.004356145 0.01425838 -0.01835459 -0.001904845 0.01430302 -0.01839703 -3.27588e-4 0.01425838 -0.01845026 -3.28535e-4 0.01430302 -0.01839941 -1.45643e-4 0.01430302 -0.01835769 0.001246571 0.01425838 -0.0177617 -0.005004227 0.01430302 -0.01807224 -0.003457248 0.01425838 -0.01812452 -0.003467261 0.01430302 -0.01809751 -0.003322541 0.01430302 -0.01830166 -0.001899361 0.01425838 -0.009260177 -0.01596146 0.01430302 -0.01056051 -0.01506769 0.01425838 -0.01059103 -0.01511126 0.01430302 -0.01181018 -0.01410955 0.01425838 -0.01184433 -0.01415032 0.01430302 -0.0129733 -0.01304805 0.01425838 -0.01301079 -0.01308578 0.01430302 -0.01404142 -0.011891 0.01425838 -0.01408207 -0.01192539 0.01430302 -0.01500672 -0.01064687 0.01425838 -0.01505017 -0.01067769 0.01430302 -0.0158621 -0.009324789 0.01425838 -0.015908 -0.00935173 0.01430302 -0.01660132 -0.007934391 0.01425838 -0.01664936 -0.007957339 0.01430302 -0.01721894 -0.006485819 0.01425838 -0.01726877 -0.006504595 0.01430302 -0.01725125 -0.006399452 0.01430302 -0.01771044 -0.004989802 0.01430302 -0.007838845 -0.01664662 0.01430302 -0.009157896 -0.01595908 0.01430302 -0.009233474 -0.01591545 0.01425838 -0.007861554 -0.01669478 0.01425838 -0.006405293 -0.01730585 0.01430302 -0.006386816 -0.01725596 0.01430302 -0.006262719 -0.01730138 0.01412981 -0.01453447 0.01144546 0.01419818 -0.01452499 0.01143801 0.01412981 -0.01545983 0.0101608 0.01419818 -0.01544976 0.01015418 0.01412981 -0.016272 0.008801698 0.01419818 -0.01626139 0.008795976 0.01412981 -0.01696497 0.00737816 0.01419818 -0.01695394 0.007373392 0.01412981 -0.01753371 0.005900621 0.01419818 -0.01752227 0.005896747 0.01412981 -0.01797401 0.004379808 0.01419818 -0.01796233 0.004376947 0.01412981 -0.01828271 0.002826929 0.01419818 -0.01827079 0.002825081 0.01412981 -0.01845747 0.001253366 0.01419818 -0.01844543 0.001252532 0.01412981 -0.01849704 -3.29368e-4 0.01419818 -0.018485 -3.29153e-4 0.01412981 -0.01840114 -0.001909673 0.01419818 -0.01838916 -0.001908421 0.01412981 -0.01817047 -0.003476023 0.01419818 -0.01815861 -0.003473758 0.01412981 -0.0178067 -0.005016922 0.01419818 -0.01779508 -0.005013644 0.01412981 -0.01731252 -0.006521105 0.01419818 -0.01730126 -0.006516814 0.01412981 -0.01669156 -0.007977485 0.01419818 -0.01668065 -0.0079723 0.01412981 -0.01594835 -0.009375452 0.01419818 -0.01593792 -0.009369313 0.01412981 -0.01508831 -0.01070475 0.01419818 -0.01507848 -0.01069778 0.01412981 -0.01411777 -0.01195561 0.01419818 -0.01410853 -0.01194787 0.01412981 -0.01304382 -0.01311898 0.01419818 -0.01303529 -0.01311039 0.01412981 -0.01187431 -0.0141862 0.01419818 -0.01186656 -0.01417696 0.01412981 -0.01061791 -0.01514953 0.01419818 -0.01061099 -0.01513969 0.01412981 -0.009283661 -0.01600193 0.01419818 -0.009277641 -0.0159915 0.01412981 -0.007881462 -0.0167371 0.01419818 -0.007876336 -0.01672619 0.01412981 -0.006421506 -0.01734972 0.01419818 -0.006417334 -0.01733839 0.01412981 -0.004914581 -0.01783525 0.01419818 -0.004911363 -0.01782363 0.01412981 -0.003371596 -0.01819014 0.01419818 -0.00336939 -0.01817828 0.01430302 -0.001794159 -0.01831227 0.01430302 -0.003179132 -0.01812326 0.01430302 -0.003353357 -0.01809179 0.01412981 -0.001803934 -0.01841181 0.01412981 0 -0.01849997 0.01419818 -0.001802742 -0.01839983 0.01419818 0 -0.01848793 0.01425838 -0.001799345 -0.01836526 0.01425838 0 -0.01845318 0.01430302 0 -0.01839995 0.0144453 0.004487395 -0.01794749 0.01415842 0.001361131 -0.01844984 0.01432508 0.003540575 -0.01815801 0.01439374 0.00353074 -0.0181474 0.01430737 5.26308e-4 -0.01839238 0.01426273 5.2858e-4 -0.01844561 0.01425838 0 -0.01845318 0.01420259 5.30578e-4 -0.0184803 0.01419818 0 -0.01848793 0.01413416 5.3206e-4 -0.01849234 0.01449829 0.003502309 -0.01806169 0.01445394 0.003517448 -0.01811391 0.01699995 0.002472102 -0.01123112 0.01739996 0.002558112 -0.01162177 0.01699995 0.004828691 -0.01043707 0.01739996 0.004996657 -0.01080012 0.01699995 0.006959497 -0.009155035 0.01739996 0.007201552 -0.009473502 0.01699995 0.008764863 -0.007444918 0.01739996 0.009069681 -0.00770384 0.01699995 0.01016038 -0.00538665 0.01739996 0.01051378 -0.005574047 0.01699995 0.0110808 -0.003076553 0.01739996 0.0114662 -0.003183543 0.01699995 0.01148313 -6.22597e-4 0.01739996 0.01188254 -6.44253e-4 0.01699995 0.01134848 0.001860439 0.01739996 0.01174318 0.00192517 0.01699995 0.01068317 0.004256546 0.01739996 0.01105481 0.004404604 0.01699995 0.009518384 0.006453633 0.01739996 0.009849488 0.006678104 0.01699995 0.007908523 0.008348941 0.01739996 0.008183598 0.008639335 0.01699995 0.005928814 0.009853839 0.01739996 0.006135046 0.01019656 0.01699995 0.003671944 0.01089799 0.01739996 0.003799676 0.01127701 0.01699995 0.001243352 0.01143258 0.01739996 0.001286566 0.01183021 0.01699995 0 0.0115 0.01739996 0 0.01189994 0.01699995 -0.001243352 0.01143258 0.01739996 -0.001286566 0.01183021 0.01699995 -0.003671944 0.01089799 0.01739996 -0.003799676 0.01127701 0.01699995 -0.005928814 0.009853839 0.01739996 -0.006135046 0.01019656 0.01699995 -0.007908523 0.008348941 0.01739996 -0.008183598 0.008639335 0.01699995 -0.009518384 0.006453633 0.01739996 -0.009849488 0.006678104 0.01699995 -0.01068317 0.004256546 0.01739996 -0.01105481 0.004404604 0.01699995 -0.01134848 0.001860439 0.01739996 -0.01174318 0.00192517 0.01699995 -0.01148313 -6.22597e-4 0.01739996 -0.01188254 -6.44253e-4 0.01699995 -0.0110808 -0.003076553 0.01739996 -0.0114662 -0.003183543 0.01699995 -0.01016038 -0.00538665 0.01739996 -0.01051378 -0.005574047 0.01699995 -0.008764863 -0.007444918 0.01739996 -0.009069681 -0.00770384 0.01699995 -0.006959497 -0.009155035 0.01739996 -0.007201552 -0.009473502 0.01699995 -0.004828691 -0.01043707 0.01739996 -0.004996657 -0.01080012 0.01699995 -0.002472102 -0.01123112 0.01739996 -0.002558112 -0.01162177 0.01699995 0 -0.0115 0.01739996 0 -0.01189994 0 0.01449996 0.02146202 0.00514996 0.01449996 0.02146202 0.00514996 0.01545667 0.0212717 0 0.01545667 0.0212717 0.00514996 0.01626771 0.02072978 0 0.01626771 0.02072978 0.00514996 0.0168097 0.01991873 0 0.0168097 0.01991873 0.00514996 0.01699995 0.01896202 0 0.01699995 0.01896202 0.01269567 0.01811617 0.004685997 0.01236891 0.01838058 0.005246996 0.01224803 0.0184623 0.005435705 0.01290661 0.01795107 0.004228234 0.01308792 0.01810985 0.004279434 0.01299995 0.01791745 0.003744065 0.01319998 0.01811552 0.003771662 0.01319998 0.01813572 0.00365287 0.01299995 0.01793968 0.003613412 0.0134871 0.01809662 0.004015505 0.0134871 0.01812404 0.004379153 0.01364129 0.01812201 0.004397869 0.01530617 0.01742833 0.006672799 0.01530855 0.01740896 0.006732106 0.0160852 0.01731836 0.006505548 0.01609665 0.01729315 0.006572365 0.01423174 0.01843953 0.007226347 0.01423108 0.01844179 0.007282912 0.01465314 0.01782333 0.006926774 0.01465052 0.01781409 0.006982743 0.0142191 0.01841473 0.006741881 0.01464623 0.01789909 0.006442546 0.01594275 0.01752161 0.005936443 0.01524776 0.01758736 0.006161451 0.01462328 0.01793342 0.006203472 0.01414483 0.01836448 0.006065011 0.01417297 0.01838046 0.006255805 0.01420104 0.01839923 0.006505191 0.0134871 0.01813572 0.00365287 0.01370537 0.01809263 0.004036247 0.01377165 0.01813107 0.003675937 0.01390594 0.01808166 0.004096329 0.01403409 0.01811826 0.003738701 0.01412945 0.01806008 0.004211723 0.01432859 0.0180931 0.003858506 0.01435136 0.01802718 0.004381656 0.01462429 0.0180546 0.004034936 0.01458543 0.01797616 0.004630565 0.01494193 0.01799458 0.004294693 0.01480394 0.0179066 0.004946231 0.01524692 0.01791208 0.004626631 0.01484334 0.01789087 0.00501424 0.01530325 0.01789337 0.004698574 0.0150448 0.0177865 0.005441248 0.01560145 0.0177676 0.005153656 0.01519387 0.01766014 0.005910158 0.01584345 0.01761257 0.00566101 0.01378238 0.01811766 0.004455626 0.01393854 0.01810938 0.004567623 0.01409178 0.01809644 0.004732728 0.01425039 0.01807564 0.004974186 0.01439404 0.01804596 0.005279302 0.01441925 0.0180391 0.005344927 0.01454281 0.01799219 0.005755305 0.01406389 0.01832646 0.005664765 0.01404774 0.01831978 0.005600988 0.0139569 0.01828712 0.005304872 0.01385819 0.0182591 0.005070984 0.01376378 0.01823896 0.004911422 0.01366806 0.01822507 0.004803538 0.01358169 0.01821821 0.004748523 0.01249998 0.01673215 0.00436598 0.01234608 0.01673215 0.004438161 0.01234608 0.01715987 0.004482984 0.01270705 0.01673215 0.004207074 0.01299995 0.01735442 0.003565192 0.01299995 0.01673215 0.003499984 0.01293814 0.01673215 0.003846108 0.01293814 0.01728266 0.003903806 0.01286602 0.01673215 0.003999948 0.01270705 0.0172078 0.004256963 0.01270705 0.01778966 0.00446546 0.01234608 0.01813715 0.004990994 0.01234608 0.01768308 0.0046705 0.01299995 0.01458591 0.003499984 0.01299995 0.01458877 0.003505766 0.01298379 0.01467192 0.003679215 0.01293426 0.01475197 0.00385648 0.0128706 0.01480692 0.003991901 0.01270258 0.01487225 0.004211544 0.01249998 0.01487237 0.00436598 0.01199996 0.01483237 0.004499971 0.01225858 0.01484262 0.004465937 0.01274996 -0.002987027 0.01514118 0.01274996 0.01484608 0.004215478 0.01274996 0.01439017 0.005576789 0.01299995 0.01442956 0.004097163 0.01293301 -0.002951562 0.0149616 0.01274996 -0.001567125 0.0153532 0.01249998 -0.00157392 0.01541984 0.01274996 -1.33707e-4 0.01543241 0.01249998 -1.34288e-4 0.01549941 0.01274996 0.001300871 0.01537805 0.01249998 0.001306533 0.01544481 0.01274996 0.00272423 0.01519066 0.01249998 0.002736032 0.01525658 0.01274996 0.004123985 0.01487177 0.01249998 0.004141867 0.01493632 0.01274996 0.005488038 0.0144242 0.01249998 0.005511879 0.01448684 0.01274996 0.006804645 0.01385182 0.01249998 0.006834208 0.01391196 0.01274996 0.008062362 0.01315957 0.01249998 0.00809735 0.01321673 0.01274996 0.009250283 0.01235347 0.01249998 0.009290456 0.01240712 0.01274996 0.01035821 0.01144045 0.01249998 0.01040315 0.0114901 0.01274996 0.0113765 0.01042842 0.01249998 0.01142585 0.01047372 0.01274996 0.01229631 0.009326219 0.01249998 0.01234966 0.009366691 0.01274996 0.01310968 0.008143246 0.01249998 0.0131666 0.008178591 0.01274996 0.01380968 0.00688982 0.01249998 0.01386964 0.006919741 0.01249998 0.01445263 0.005600988 0.01293301 -0.001548528 0.01517117 0.01293301 -1.32122e-4 0.01524943 0.01293301 0.001285433 0.01519572 0.01293301 0.002691924 0.01501047 0.01293301 0.00407505 0.0146954 0.01293301 0.005423009 0.01425313 0.01293301 0.00672394 0.01368755 0.01293301 0.007966756 0.01300352 0.01293301 0.00914061 0.01220697 0.01293301 0.01023536 0.01130479 0.01293301 0.01124155 0.0103048 0.01293301 0.01215046 0.009215593 0.01293301 0.01295423 0.008046686 0.01293301 0.01364594 0.006808102 0.01293301 0.01421952 0.005510628 0.01293301 0.01467007 0.00416547 0.01299995 -0.002903223 0.01471632 0.01299995 -0.001523137 0.01492244 0.01299995 -1.29956e-4 0.01499938 0.01299995 0.001264393 0.01494657 0.01299995 0.002647757 0.01476442 0.01299995 0.004008293 0.01445448 0.01299995 0.005334079 0.01401948 0.01299995 0.006613731 0.01346319 0.01299995 0.007836163 0.01279038 0.01299995 0.008990764 0.01200687 0.01299995 0.01006758 0.01111948 0.01299995 0.01105725 0.01013582 0.01299995 0.01195126 0.009064495 0.01299995 0.01274186 0.007914781 0.01299995 0.01342219 0.006696522 0.01299995 0.0139864 0.005420267 0.00514996 0.01639366 0.01000809 0.00514996 0.01749998 0.009749948 0.00514996 0.01403808 0.01686143 0.00514996 0.0150476 0.01176428 0.00514996 0.01551574 0.01072913 0.002218663 0.014243 0.03584545 0.002394795 0.01449269 0.03586202 0.01299995 -0.0148034 0.01075857 0.01299995 -0.01779985 -0.004248917 0.01299995 -0.01826506 -0.001129567 0.01299995 -0.01273632 0.01314061 0.01299995 -0.01029086 0.0151323 0.01299995 -0.007176756 0.00455451 0.01299995 -0.008083939 0.002626597 0.01299995 -0.002113819 0.008232951 0.01299995 -0.004094898 0.007448554 0.01299995 -0.005818605 0.0061962 0.01299995 -0.01818776 0.002023339 0.01299995 -0.01757025 0.005116164 0.01299995 -0.01643085 0.008056998 0.01299995 0 0.008499979 0.01299995 -0.003129005 -0.007903099 0.01299995 -0.001065313 -0.008432924 0.01299995 -0.002346396 -0.01814889 0.01299995 0.001065313 -0.008432924 0.01299995 0.003129005 -0.007903099 0.01299995 0.004094898 0.007448554 0.01299995 0.002113819 0.008232951 0.01299995 0.01829367 4.79468e-4 0.01299995 0.01810431 -0.002668678 0.01299995 0.01737725 -0.005737602 0.01299995 0.01613402 -0.008636116 0.01299995 0.01441156 -0.01127809 0.01299995 0.01226103 -0.01358515 0.01299995 0.009746372 -0.01548862 0.01299995 0.006942152 -0.01693207 0.01299995 -0.008483171 5.33719e-4 0.01299995 -0.008349418 -0.001592695 0.01299995 -0.01680594 -0.007242143 0.01299995 -0.007691025 -0.003619074 0.01299995 -0.01531291 -0.01002019 0.01299995 -0.006549358 -0.005418062 0.01299995 0.007691025 -0.003619074 0.01299995 0.006549358 -0.005418062 0.01299995 0.00499612 -0.006876587 0.01299995 0.00393176 -0.01787263 0.01299995 8.04656e-4 -0.01828229 0.01299995 -0.005427718 -0.01747649 0.01299995 -0.008347868 -0.016285 0.01299995 -0.00499612 -0.006876587 0.01299995 -0.01102012 -0.01460981 0.01299995 -0.01336497 -0.01250064 0.01299995 0.008349418 -0.001592695 0.01299995 0.008483171 5.33719e-4 0.01299995 0.008083939 0.002626597 0.01299995 0.005818605 0.0061962 0.01299995 0.007176756 0.00455451 0.01449996 0.01037842 0.03651565 0.01449996 0.009495258 0.0372563 0.01449996 0.0115 0.03624999 0.01449996 0.00776118 0.018974 0.01449996 0.009939253 0.01792931 0.01449996 0.01197928 0.01663565 0.01449996 0.01403808 0.01686143 0.01449996 0.01385295 0.01511102 0.01449996 0.01450937 0.01448196 0.01350587 0.01963901 0.009749948 0.01319193 0.01989448 0.009749948 0.01285201 0.02002191 0.009749948 0.01448029 0.01749998 0.009749948 0.01280981 0.0200296 0.009749948 0.01444023 0.01768863 0.009749948 0.0141074 0.01872819 0.009749948 0.01382392 0.01922512 0.008897066 0.01360625 0.01944726 0.008763194 0.01406514 0.01865911 0.006908416 0.01373165 0.01887375 0.006787478 0.01331824 0.01958012 0.00864464 -0.003892838 0.01483237 0.004499971 0.01520723 0.01592594 0.01030772 0.01531755 0.01566231 0.01055496 0.01549994 0.01556366 0.01048845 0.01464188 0.01701992 0.0097965 0.01477396 0.01717317 0.008759856 0.0147733 0.01673209 0.009870827 0.01480096 0.01668423 0.009873807 0.01495224 0.01639801 0.01001793 0.01428896 0.01828199 0.00788474 0.01469743 0.01762598 0.007553815 0.01439917 0.01789242 0.009162068 0.015024 0.0162639 0.01007694 0.01551961 0.0161435 0.00950849 0.01547145 0.01669269 0.008440017 0.01536846 0.01719909 0.007281363 0.01616007 0.017138 0.006966829 0.01618349 0.01707684 0.007115542 0.01634871 0.01654946 0.008268177 0.01645964 0.01596808 0.009341776 0.01648676 0.01570057 0.009784698 0.01649999 0.01534146 0.01033872 0.01539999 -0.01124417 0.01340025 0.01578557 -0.01167368 0.01391214 0.01501435 -0.01167368 0.01391214 0.01583296 -0.01146107 0.01289206 0.0162186 -0.01189076 0.01340371 0.01583135 -0.0114569 0.012892 0.01615864 -0.01172375 0.01358908 0.01569175 -0.01120758 0.01290702 0.01600039 -0.01164442 0.01377487 0.01551043 -0.01103442 0.01294839 0.01565212 -0.01115965 0.01291453 0.01539999 -0.01124107 0.01339662 0.01539999 -0.01097702 0.01298087 0.01583296 -0.01249426 0.01189345 0.01583296 0 -0.01725 0.01583296 -0.002111494 -0.01712024 0.01583296 -0.00298047 -0.01699054 0.01583296 -0.004191219 -0.01673305 0.01583296 -0.005871295 -0.01622003 0.01583296 -0.006207942 -0.0160942 0.01583296 -0.008131265 -0.01521325 0.01583296 -0.008585512 -0.0149616 0.01583296 -0.009932339 -0.01410353 0.01583296 -0.01104152 -0.01325315 0.01583296 -0.01158404 -0.01278167 0.01583296 -0.01306146 -0.0112676 0.01583296 -0.01316535 -0.01114606 0.01583296 -0.01434248 -0.009584069 0.01583296 -0.01489317 -0.008703708 0.01583296 -0.0154078 -0.007756412 0.01583296 -0.01617306 -0.005999505 0.01583296 -0.01624137 -0.005812048 0.01583296 -0.01683062 -0.003780305 0.01583296 -0.0169664 -0.003114879 0.01583296 -0.01716679 -0.001691699 0.01583296 -0.0166254 0.00459963 0.01583296 -0.01626598 0.005742728 0.01583296 -0.01593738 0.006600081 0.01583296 -0.01724946 -1.36541e-4 0.01583296 -0.01724481 4.22325e-4 0.01583296 -0.01706343 0.002529978 0.01583296 -0.0170136 0.002845883 0.01583296 -0.01500964 0.008501291 0.01583296 -0.01385611 0.01027464 0.01583296 -0.01334017 0.01093626 0.01569384 0 -0.01709544 0.01550394 0 -0.01701092 0.01529604 0 -0.01701092 0.01510608 0 -0.01709544 0.01496696 0 -0.01725 0.01496696 -0.01249426 0.01189345 0.01496696 -0.01146107 0.01289206 0.01458132 -0.01189076 0.01340371 0.01496696 -0.01500964 0.008501291 0.01496696 -0.01385611 0.01027464 0.01496696 -0.01334017 0.01093626 0.01496696 -0.01593738 0.006600081 0.01496696 -0.01626598 0.005742728 0.01496696 -0.0166254 0.00459963 0.01496696 -0.0170136 0.002845883 0.01496696 -0.01706343 0.002529978 0.01496696 -0.01724481 4.22325e-4 0.01496696 -0.01724946 -1.36541e-4 0.01496696 -0.01716679 -0.001691699 0.01496696 -0.0169664 -0.003114879 0.01496696 -0.01683062 -0.003780305 0.01496696 -0.009932339 -0.01410353 0.01496696 -0.01104152 -0.01325315 0.01496696 -0.01158404 -0.01278167 0.01496696 -0.01306146 -0.0112676 0.01496696 -0.01316535 -0.01114606 0.01496696 -0.01434248 -0.009584069 0.01496696 -0.01489317 -0.008703708 0.01496696 -0.0154078 -0.007756412 0.01496696 -0.01617306 -0.005999505 0.01496696 -0.01624137 -0.005812048 0.01496696 -0.008585512 -0.0149616 0.01496696 -0.008131265 -0.01521325 0.01496696 -0.006207942 -0.0160942 0.01496696 -0.005871295 -0.01622003 0.01496696 -0.004191219 -0.01673305 0.01496696 -0.00298047 -0.01699054 0.01496696 -0.002111494 -0.01712024 0.01479953 -0.01164442 0.01377487 0.01464134 -0.01172375 0.01358908 0.01496857 -0.0114569 0.012892 0.01510822 -0.01120758 0.01290702 0.0151478 -0.01115965 0.01291453 0.01528954 -0.01103442 0.01294839 0.01534938 0.01551574 0.01072913 0.01528173 0.01521515 0.01123529 0.01507115 0.0150476 0.01176428 0.01454925 0.01466763 0.01368266 0.01458144 0.01471364 0.01345038 0.01471835 0.01484572 0.01278364 0.01477611 0.01488757 0.01257222 0.01739996 -0.01772654 -0.003125667 0.01739996 -0.01691442 -0.006156325 0.01739996 -0.01558846 -0.008999943 0.01739996 -0.01378875 -0.01157015 0.01739996 -0.01157015 -0.01378875 0.01739996 -0.008999943 -0.01558846 0.01739996 -0.006156325 -0.01691442 0.01739996 -0.003125667 -0.01772654 0.01739996 0 -0.01799994 0.01739996 0.003125667 -0.01772654 0.01739996 0.01772654 -0.003125667 0.01739996 0.01799994 0 0.01739996 0.01772654 0.003125667 0.01739996 0.01691442 0.006156325 0.01739996 -0.01378875 0.01157015 0.01739996 -0.01558846 0.008999943 0.01739996 -0.01691442 0.006156325 0.01739996 -0.01772654 0.003125667 0.01739996 -0.01799994 0 0.01739996 0.006156325 -0.01691442 0.01739996 0.008999943 -0.01558846 0.01739996 0.01157015 -0.01378875 0.01739996 0.01378875 -0.01157015 0.01739996 0.01558846 -0.008999943 0.01739996 0.01691442 -0.006156325 0.01739996 0.01558846 0.008999943 0.01739996 0.01378875 0.01157015 0.01739996 0.01157015 0.01378875 0.01739996 0.008999943 0.01558846 0.01739996 0.006156325 0.01691442 0.01739996 0.003125667 0.01772654 0.01739996 0 0.01799994 0.01739996 -0.003125667 0.01772654 0.01739996 -0.006156325 0.01691442 0.01739996 -0.008999943 0.01558846 0.01739996 -0.01157015 0.01378875 0.01510608 -0.01667988 -0.003746449 0.01569384 -0.01373201 0.01018261 0.01569384 -0.01238232 0.01178693 0.01550394 -0.01232111 0.01172864 0.01569384 -0.01148027 -0.01266723 0.01569384 -0.01294445 -0.01116669 0.01550394 -0.01288044 -0.01111143 0.01569384 -0.01647651 0.004558444 0.01569384 -0.01691061 0.002507328 0.01569384 -0.01701307 -0.001676559 0.01569384 -0.01609587 -0.005760014 0.01569384 -0.008058428 -0.01507699 0.01569384 -0.00209254 -0.01696693 0.01510608 -0.01238232 0.01178693 0.01529604 -0.01232111 0.01172864 0.01569384 -0.006152331 -0.01595002 0.01569384 -0.01421403 -0.009498238 0.01569384 -0.01667988 -0.003746449 0.01569384 -0.01709032 4.18542e-4 0.01550394 -0.002082228 -0.01688295 0.01550394 0 -0.01701092 0.01569384 0 -0.01709544 0.01529604 -0.0141437 -0.00945127 0.01550394 -0.0141437 -0.00945127 0.01569384 -0.01487517 0.008425176 0.01550394 -0.01366412 0.01013225 0.01529604 -0.002082228 -0.01688295 0.01529604 0 -0.01701092 0.01510608 -0.01526975 -0.007686913 0.01529604 -0.01519423 -0.007648885 0.01550394 -0.01519423 -0.007648885 0.01569384 -0.01526975 -0.007686913 0.01529604 -0.01639503 0.004535913 0.01529604 -0.01682692 0.002494931 0.01550394 -0.01682692 0.002494931 0.01569384 -0.01579463 0.006541013 0.01550394 -0.01480162 0.008383512 0.01529604 -0.01366412 0.01013225 0.01510608 0 -0.01709544 0.01510608 -0.00209254 -0.01696693 0.01510608 -0.004153668 -0.0165832 0.01510608 -0.008058428 -0.01507699 0.01510608 -0.006152331 -0.01595002 0.01529604 -0.006121933 -0.0158711 0.01529604 -0.004133164 -0.01650112 0.01550394 -0.004133164 -0.01650112 0.01550394 -0.008018612 -0.01500242 0.01550394 -0.009794712 -0.01390808 0.01529604 -0.009794712 -0.01390808 0.01529604 -0.01142346 -0.01260453 0.01510608 -0.01148027 -0.01266723 0.01510608 -0.01294445 -0.01116669 0.01510608 -0.01691061 0.002507328 0.01510608 -0.01647651 0.004558444 0.01510608 -0.01579463 0.006541013 0.01550394 -0.01639503 0.004535913 0.01550394 -0.01571649 0.006508648 0.01529604 -0.01571649 0.006508648 0.01529604 -0.01480162 0.008383512 0.01510608 -0.01487517 0.008425176 0.01510608 -0.01373201 0.01018261 0.01510608 -0.009843409 -0.01397722 0.01529604 -0.008018612 -0.01500242 0.01550394 -0.006121933 -0.0158711 0.01569384 -0.004153668 -0.0165832 0.01510608 -0.01421403 -0.009498238 0.01529604 -0.01288044 -0.01111143 0.01550394 -0.01142346 -0.01260453 0.01569384 -0.009843409 -0.01397722 0.01510608 -0.01609587 -0.005760014 0.01550394 -0.01601624 -0.005731523 0.01529604 -0.01601624 -0.005731523 0.01550394 -0.01659739 -0.003727912 0.01529604 -0.01659739 -0.003727912 0.01550394 -0.01692891 -0.001668274 0.01529604 -0.01692891 -0.001668274 0.01510608 -0.01701307 -0.001676559 0.01510608 -0.01709032 4.18542e-4 0.01550394 -0.0170058 4.16472e-4 0.01529604 -0.0170058 4.16472e-4 -0.003892838 0.01415324 0.006319403 -0.003892838 -5.34329e-4 0.01549077 -0.003892838 -1.34288e-4 0.01549941 -0.003892838 0.002083897 0.01535922 -0.003892838 0.002736032 0.01525658 -0.003892838 0.004642486 0.01478838 -0.003892838 0.005511879 0.01448684 -0.003892838 0.007068336 0.01379448 -0.003892838 0.00809735 0.01321673 -0.003892838 0.009291946 0.01240599 -0.003892838 0.01040315 0.0114901 -0.003892838 0.01124978 0.01066261 -0.003892838 0.01234966 0.009366691 -0.003892838 0.0128858 0.008614242 -0.003892838 0.01386964 0.006919741 -0.005999982 0.01659226 0.005891084 -0.0063892 -0.002927839 0.01760631 -0.00632441 -6.98604e-5 0.01782369 -0.005999982 -6.06967e-4 0.0175966 -0.00632441 -0.001533687 0.01775777 -0.005999982 -0.00151503 0.01754176 -0.005999982 -0.002950906 0.01735806 -0.00632441 0.0028494 0.01759463 -0.005999982 0.002367138 0.01744723 -0.00632441 0.00139445 0.01776921 -0.005999982 0.001377522 0.01755309 -0.005999982 -6.90108e-5 0.01760697 -0.00632441 0.005691766 0.01689064 -0.005999982 0.00527364 0.01679873 -0.00632441 0.004285037 0.01730108 -0.005999982 0.004232943 0.01709067 -0.005999982 0.00281471 0.01738065 -0.00632441 0.008380472 0.01573079 -0.005999982 0.008029222 0.01566976 -0.00632441 0.007059991 0.016366 -0.005999982 0.006974101 0.01616698 -0.005999982 0.005622506 0.01668518 -0.00632441 0.009644329 0.01498919 -0.00632441 0.01084303 0.01414632 -0.00632441 0.01196843 0.01320779 -0.00632441 0.01301288 0.01218003 -0.00632441 0.01396942 0.01106995 -0.00632441 0.01483154 0.009885013 -0.00632441 0.01559346 0.008633315 -0.00632441 0.01624989 0.007323205 -0.00632441 0.01679658 0.005963623 -0.005999982 0.0160523 0.007234156 -0.005999982 0.0154038 0.008528292 -0.005999982 0.01465117 0.00976479 -0.005999982 0.01379954 0.0109353 -0.005999982 0.01285463 0.01203191 -0.005999982 0.01182287 0.01304715 -0.005999982 0.01071113 0.01397424 -0.005999982 0.009527027 0.01480692 -0.005999982 0.008278548 0.01553946 0.01319998 -0.01040333 0.01529771 0.01319998 0.01848232 8.07891e-4 0.01319998 0.01849365 4.84708e-4 0.01319998 0.01834976 -0.002352893 0.01319998 0.0183022 -0.002697885 0.01319998 0.01768052 -0.005444943 0.01319998 0.01756715 -0.005800306 0.01319998 0.01649433 -0.00837773 0.01319998 0.01631033 -0.00873053 0.01319998 0.01482576 -0.01106554 0.01319998 0.01456904 -0.01140135 0.01319998 0.01272362 -0.01342976 0.01319998 0.01239502 -0.01373362 0.01319998 0.01024943 -0.01540124 0.01319998 0.009852886 -0.0156579 0.01319998 0.007475495 -0.01692235 0.01319998 0.007018029 -0.01711714 0.01319998 0.004482984 -0.01794856 0.01319998 0.003974735 -0.01806795 0.01319998 0.001359403 -0.01844996 0.01319998 8.1345e-4 -0.01848208 0.01319998 -0.001803934 -0.01841181 0.01319998 -0.002372026 -0.01834726 0.01319998 -0.004914581 -0.01783525 0.01319998 -0.005487084 -0.01766753 0.01319998 -0.007881462 -0.0167371 0.01319998 -0.008439123 -0.01646298 0.01319998 -0.01061791 -0.01514953 0.01319998 -0.01114052 -0.01476949 0.01319998 -0.01304382 -0.01311898 0.01319998 -0.01351106 -0.01263725 0.01319998 -0.01508831 -0.01070475 0.01319998 -0.01548022 -0.01012969 0.01319998 -0.01669156 -0.007977485 0.01319998 -0.01698964 -0.007321298 0.01319998 -0.0178067 -0.005016922 0.01319998 -0.0179944 -0.004295408 0.01319998 -0.01840114 -0.001909673 0.01319998 -0.01846468 -0.001141905 0.01319998 -0.01845747 0.001253366 0.01319998 -0.01838654 0.002045452 0.01319998 -0.01797401 0.004379808 0.01319998 -0.0177623 0.005172073 0.01319998 -0.01696497 0.00737816 0.01319998 -0.01661044 0.008145093 0.01319998 -0.01545983 0.0101608 0.01319998 -0.01496523 0.01087617 0.01319998 -0.01350259 0.01264625 0.01319998 -0.01287549 0.0132842 0.01319998 -0.01115053 0.01476192 0.01532441 0.005043208 0.01819598 0.01532441 0.007148623 0.01747637 0.01588195 0.004967331 0.01792222 0.01488196 0.01464349 0.01260954 0.01488196 0.0130586 0.01424449 0.01532441 0.01430821 0.01232081 0.01649999 0.004941225 0.01782786 0.01488196 0.007316112 0.01788592 0.01649999 0.005970418 0.01751005 0.01588195 0.007041096 0.01721346 0.01649999 0.007004022 0.01712286 0.01588195 0.00901699 0.01626569 0.01649999 0.008866488 0.01623678 0.01649999 0.008969545 0.01618009 0.01588195 0.01086777 0.01509213 0.01649999 0.01081055 0.01501268 0.01649999 0.01150327 0.01448875 0.01588195 0.01256763 0.01370894 0.01649999 0.01250147 0.01363676 0.01588195 0.01409298 0.01213544 0.01649999 0.01401877 0.01207154 0.01649999 0.01380366 0.01231694 0.01532441 0.009154736 0.01651418 0.01532441 0.01103377 0.01532262 0.01532441 0.01275956 0.01391834 0.01488196 0.01129233 0.01568168 0.01488196 0.009369254 0.01690113 0.01459783 0.01343536 0.01465547 0.01459783 0.01161813 0.01613414 0.01459783 0.00963962 0.01738876 0.01459783 0.007527232 0.01840198 0.0169 -0.009249985 0.01602143 0.0169 -0.01115053 0.01476192 0.0169 -0.01189154 0.01417177 0.0169 -0.01350259 0.01264625 0.0169 -0.01417177 0.01189154 0.0169 -0.01545983 0.0101608 0.0169 -0.01602143 0.009249985 0.0169 -0.01696497 0.00737816 0.0169 -0.01738429 0.006327331 0.0169 -0.01797401 0.004379808 0.0169 -0.01821893 0.003212451 0.01739996 -0.01799994 0 0.0169 -0.01845747 0.001253366 0.0169 -0.01849997 0 0.0169 -0.01840114 -0.001909673 0.0169 -0.01821893 -0.003212451 0.0169 -0.0178067 -0.005016922 0.0169 -0.01738429 -0.006327331 0.0169 -0.01669156 -0.007977485 0.0169 -0.01602143 -0.009249985 0.0169 -0.01508831 -0.01070475 0.0169 -0.01417177 -0.01189154 0.0169 -0.01304382 -0.01311898 0.0169 -0.01189154 -0.01417177 0.0169 -0.01061791 -0.01514953 0.0169 -0.009249985 -0.01602143 0.0169 -0.007881462 -0.0167371 0.0169 -0.006327331 -0.01738429 0.0169 -0.004914581 -0.01783525 0.0169 -0.003212451 -0.01821893 0.0169 -0.001803934 -0.01841181 0.01739996 0 -0.01799994 0.0169 0 -0.01849997 0.0169 0.001359403 -0.01844996 0.0169 0.003212451 -0.01821893 0.0169 0.004482984 -0.01794856 0.0169 0.006327331 -0.01738429 0.0169 0.007475495 -0.01692235 0.0169 0.009249985 -0.01602143 0.0169 0.01024943 -0.01540124 0.0169 0.01189154 -0.01417177 0.0169 0.01272362 -0.01342976 0.0169 0.01417177 -0.01189154 0.0169 0.01482576 -0.01106554 0.0169 0.01602143 -0.009249985 0.0169 0.01649433 -0.00837773 0.0169 0.01738429 -0.006327331 0.0169 0.01768052 -0.005444943 0.0169 0.01821893 -0.003212451 0.0169 0.01834976 -0.002352893 0.01739996 0.01799994 0 0.0169 0.01849997 0 0.0169 0.01848232 8.07891e-4 0.0169 0.01821893 0.003212451 0.0169 0.01807445 0.003945052 0.0169 0.01738429 0.006327331 0.0169 0.017138 0.006966888 0.0169 0.01602143 0.009249985 0.0169 0.01570039 0.009784996 0.0169 0.01417177 0.01189154 0.0169 0.01380366 0.01231694 0.0169 0.01189154 0.01417177 0.0169 0.01150327 0.01448875 0.0169 0.009249985 0.01602143 0.0169 0.008866488 0.01623678 0.0169 0.006327331 0.01738429 0.0169 0.005970418 0.01751005 0.0169 0.003212451 0.01821893 0.0169 -0.01849997 0 0.0169 0 -0.01849997 0.0169 0.01849997 0 0.01699995 -0.008483171 5.33719e-4 0.01699995 -0.008349418 -0.001592695 0.01699995 -0.007691025 -0.003619074 0.01699995 -0.006549358 -0.005418062 0.01699995 -0.00499612 -0.006876587 0.01699995 -0.003129005 -0.007903099 0.01699995 -0.001065313 -0.008432924 0.01699995 0 0.008499979 0.01699995 -0.002113819 0.008232951 0.01699995 -0.004094898 0.007448554 0.01699995 -0.005818605 0.0061962 0.01699995 -0.007176756 0.00455451 0.01699995 -0.008083939 0.002626597 0.01699995 0.002113819 0.008232951 0.01699995 0.008349418 -0.001592695 0.01699995 0.008483171 5.33719e-4 0.01699995 0.008083939 0.002626597 0.01699995 0.007176756 0.00455451 0.01699995 0.005818605 0.0061962 0.01699995 0.004094898 0.007448554 0.01699995 0 -0.0115 0.01699995 0.001065313 -0.008432924 0.01699995 0.003129005 -0.007903099 0.01699995 0.00499612 -0.006876587 0.01699995 0.006549358 -0.005418062 0.01699995 0.007691025 -0.003619074 -0.005999982 0.01238763 0.03823745 -0.005999982 0.01201248 0.0378623 -0.005999982 0.0115 0.03874999 -0.005999982 0.0115 0.03772497 -0.005999982 0.01098746 0.0378623 -0.005999982 0.01201248 0.03963762 -0.005999982 0.01238763 0.03926247 -0.005999982 0.01252496 0.03874999 -0.005999982 0.0106123 0.03926247 -0.005999982 0.01098746 0.03963762 -0.005999982 0.0115 0.03977495 -0.005999982 0.0106123 0.03823745 -0.005999982 0.01047497 0.03874999 -0.006965875 0.0115 0.03874999 -0.00634998 0.01201248 0.0378623 -0.00634998 0.01238763 0.03823745 -0.00634998 0.0115 0.03772497 -0.00634998 0.01238763 0.03926247 -0.00634998 0.01201248 0.03963762 -0.00634998 0.01252496 0.03874999 -0.00634998 0.01098746 0.03963762 -0.00634998 0.0106123 0.03926247 -0.00634998 0.0115 0.03977495 -0.00634998 0.0106123 0.03823745 -0.00634998 0.01098746 0.0378623 -0.00634998 0.01047497 0.03874999</float_array>
          <technique_common>
            <accessor source="#MRH-F-Prox-Visual_00-Main-mesh-positions-array" count="2518" stride="3">
              <param name="X" type="float"/>
              <param name="Y" type="float"/>
              <param name="Z" type="float"/>
            </accessor>
          </technique_common>
        </source>
        <source id="MRH-F-Prox-Visual_00-Main-mesh-normals">
          <float_array id="MRH-F-Prox-Visual_00-Main-mesh-normals-array" count="13893">1 0 0 1 0 0 -1 0 0 0 0 -1 -0.9659264 0 -0.2588174 -0.9659253 0 -0.2588211 -0.7071095 0 -0.7071042 -0.7071089 0 -0.7071048 -0.2588114 0 -0.9659279 -0.1339398 0.08120793 -0.9876566 -0.3826548 0 -0.9238914 0 -0.1161134 0.993236 0.1541093 -0.08139151 0.9846957 0 -0.03389912 0.9994253 0 0 1 1 -7.96303e-6 0 1 -1.50471e-7 0 1 2.60368e-6 0 1 -2.17892e-6 0 1 0 0 1 0 0 1 3.29098e-7 0 1 0 0 1 0 0 1 1.7149e-7 0 1 -2.03983e-7 0 1 1.06206e-6 0 1 -1.37071e-7 0 1 0 0 1 0 0 1 -3.4763e-7 0 1 0 0 1 1.34062e-7 0 1 -1.59271e-7 0 1 3.78523e-7 0 1 -8.00839e-7 0 0 -1 0 0 -1 0 0 -1 1.54429e-7 0 -1 1.32081e-7 0 -1 -5.10457e-6 0 -1 -4.80274e-7 0 -1 3.01292e-7 0 -1 8.21914e-7 0 -1 -1.53549e-6 0 -1 0 0 -1 -1.34504e-6 0 -1 -2.01781e-6 0 -1 3.77741e-6 0 -1 -4.07957e-6 0 -1 -2.46607e-6 0 -1 0 0 -1 4.35649e-7 0 -1 -4.82815e-7 0 -1 1.62456e-7 0 -1 8.10634e-7 0 -1 0 0 0.117479 0.9930754 0 0.1174791 0.9930754 0 -0.07858622 0.9969074 0 -0.07858622 0.9969074 0 -0.2716298 0.9624018 0 -0.2716298 0.9624019 0 -0.4542265 0.8908863 0 -0.4542266 0.8908862 0 -0.6193569 0.7851095 0 -0.6193571 0.7851095 0 -0.7606679 0.6491413 0 -0.760668 0.6491412 -0.9979657 0.0226798 0.05958354 -0.8895834 0.06714236 0.4518112 -0.880439 0.04925554 0.4715942 -0.9085153 0.04087173 0.4158479 -0.8431242 0.01357603 0.5375477 -0.9586683 -0.003570973 0.2845038 -0.8686577 -0.01679468 0.4951281 -0.828494 -0.06502407 0.5562102 -0.8687828 -0.0360412 0.49388 -0.7925711 -0.08543431 0.603765 -0.7448644 -0.0795083 0.6624617 -0.9841518 0.05340075 0.1690965 -0.9909954 0.01967483 0.1324436 -0.991419 0.0544393 0.1188484 -0.9914189 0.05443894 0.1188485 -0.9914191 0.06721407 0.1121187 -0.991419 0.06721568 0.1121184 -0.991419 0.07917189 0.1040214 -0.991419 0.0791704 0.104021 -0.991419 0.09016126 0.09465432 -0.9807282 0.1624923 0.1084836 -0.9909958 0.08627295 0.1023932 -0.9914193 0.1000483 0.08413243 -0.9236729 0.2932747 0.2466143 -0.7929024 0.059601 0.6064268 -0.7929041 0.05960112 0.6064248 -0.7929042 -0.007648944 0.6092984 -0.772498 0.004940092 0.634998 -0.7932931 -0.02889716 0.6081539 -0.9236725 0.2642855 0.2774568 -0.9236727 0.264284 0.2774574 -0.9236729 0.2320693 0.3049135 -0.9236727 0.2320705 0.304913 -0.9236724 0.1970246 0.3286498 -0.9236721 0.1970259 0.3286497 -0.9236732 0.1595709 0.348375 -0.9236721 0.1595738 0.3483762 -0.9238709 0.135917 0.3577556 -0.9342636 0.1118336 0.3385923 -0.9250902 0.07860016 0.3715241 -0.7929045 0.1261237 0.5961505 -0.7929025 0.126123 0.5961533 -0.7929036 0.3133145 0.5226262 -0.7929039 0.3133131 0.5226264 -0.792905 0.2537585 0.5539931 -0.7929024 0.253758 0.5539972 -0.7929068 0.1911056 0.5785997 -0.7723629 0.2115043 0.5989337 -0.7932938 0.170716 0.5844153 -0.991419 0.09016066 0.0946542 -0.9914187 0.100054 0.08413261 -0.9236727 0.2932745 0.2466148 -0.9233565 0.3260835 0.2026876 -0.8301597 0.4491129 0.3303523 -0.7720971 0.5357303 0.3418469 -0.7932894 0.4943841 0.355354 -0.792903 0.466375 0.3921725 -0.7929042 0.4663719 0.3921738 -0.7929031 0.4202759 0.4412177 -0.7929031 0.4202733 0.4412202 -0.7929033 0.3690457 0.4848811 -0.7722321 0.3951085 0.4975408 -0.7932911 0.3517211 0.4969723 -0.2332644 -0.1986455 0.9519075 -0.5199407 0.02046817 0.8539571 -0.6934813 -0.1056416 0.7126876 -0.05682909 0.9939101 0.09440934 -0.05663633 0.9979466 0.02991712 -0.07990735 0.9963614 0.02964723 -0.3250301 0.9323263 0.1585026 -0.3251061 0.9323078 0.1584559 -0.3269959 0.9362699 0.1283448 -0.3720158 0.9026048 0.2165844 -0.4256086 0.8901035 0.1630126 -0.6127281 0.7520962 0.2427255 -0.5929181 0.7947799 0.1295115 -0.5208387 -0.1289041 0.8438666 -0.6501211 -0.117714 0.750657 -0.0161994 -0.2172325 0.9759855 -0.1070349 -0.2170332 0.9702784 -0.1303251 -0.2443428 0.9608913 -0.1304153 -0.1497112 0.980091 -0.1304153 -0.149712 0.9800909 -0.1305218 -0.1015949 0.9862264 -0.1183203 -0.06070858 0.9911179 -0.1304154 -0.06798857 0.9891256 -0.1304153 0.01420176 0.9913578 -0.1304154 0.01420152 0.9913578 -0.1304985 0.07478588 0.988624 -0.0983175 0.1161434 0.9883544 -0.1304154 0.0962947 0.9867721 -0.1304153 0.1777259 0.9754001 -0.1304154 0.1777257 0.9754001 -0.13046 0.2487974 0.9597292 -0.1185443 0.2583217 0.9587581 -0.1305184 0.2883753 0.9485804 -0.1304188 0.3363685 0.932656 -0.1304119 0.336368 0.9326571 -0.1304187 0.4124898 0.9015781 -0.1304154 0.4124881 0.9015794 -0.1305257 0.4519171 0.8824591 -0.1260147 0.4883998 0.8634732 -0.1304153 0.4857751 0.8643 -0.1304137 0.5557177 0.8210788 -0.1304154 0.5557171 0.8210788 -0.1305119 0.6011433 0.7884119 -0.1060665 0.6351745 0.7650513 -0.1304171 0.6218414 0.7722077 -0.1304153 0.6836841 0.7180307 -0.1304153 0.6836853 0.7180294 -0.1304777 0.7313474 0.6694076 -0.1152703 0.7422285 0.6601588 -0.1305108 0.7584702 0.6385059 -0.1304134 0.792878 0.595262 -0.1304155 0.7928763 0.595264 -0.1304265 0.838405 0.5292127 -0.1273148 0.8398136 0.5277348 -0.1305252 0.8596278 0.4939669 -0.5841357 -0.1302697 0.8011339 -0.6079648 -0.1377987 0.7819147 -0.6084296 -0.05442017 0.7917398 -0.6084322 -0.05442184 0.7917377 -0.6084342 0.01136898 0.7935231 -0.6084322 0.01136881 0.7935245 -0.6084319 0.07707804 0.7898543 -0.6084322 0.07707732 0.7898541 -0.608434 0.1422599 0.7807497 -0.6084321 0.1422604 0.7807512 -0.6084298 0.2064598 0.7662817 -0.6084322 0.2064622 0.7662791 -0.6084313 0.2692453 0.7465376 -0.6084324 0.2692425 0.7465376 -0.6084303 0.330174 0.7216632 -0.6084317 0.3301749 0.7216616 -0.6084327 0.3888316 0.6918235 -0.6084319 0.3888346 0.6918224 -0.6084313 0.4448192 0.6572269 -0.6084324 0.4448214 0.6572245 -0.6084338 0.4977436 0.6181097 -0.6084321 0.4977482 0.6181077 -0.6084332 0.5472477 0.5747427 -0.6084305 0.547253 0.5747405 -0.6084333 0.5929883 0.527422 -0.6084299 0.5929923 0.5274214 -0.608433 0.6346504 0.476475 -0.6084315 0.634654 0.476472 -0.6084328 0.6719471 0.422252 -0.6084285 0.6719536 0.4222477 -0.6084322 0.7046254 0.3651211 -0.6084312 0.704626 0.3651215 -0.6084323 0.7324549 0.3054832 -0.6084309 0.7324566 0.3054819 -0.608497 0.7541154 0.2470657 -0.1304152 0.8802949 0.4561499 -0.1304154 0.8802945 0.4561507 -0.1304152 0.9150644 0.38164 -0.1304147 0.9150638 0.3816416 -0.1305184 0.9335534 0.333831 -0.3269569 -0.1916161 0.9254094 -0.3787611 -0.3156223 0.8700129 -0.3824034 -0.1395247 0.9134005 -0.3824013 -0.1395248 0.9134014 -0.3824036 -0.0633623 0.9218205 -0.3824043 -0.06336212 0.9218201 -0.3824036 0.01323509 0.9239007 -0.3823983 0.01323544 0.9239029 -0.3824065 0.08974349 0.9196257 -0.3823984 0.08974218 0.9196293 -0.3824033 0.1656327 0.909029 -0.3824014 0.1656318 0.9090299 -0.3824004 0.2403831 0.8921804 -0.3824043 0.240381 0.8921794 -0.3824066 0.3134807 0.8691923 -0.3824014 0.3134797 0.8691948 -0.3824019 0.3844234 0.8402307 -0.3824042 0.3844193 0.8402315 -0.3824002 0.452723 0.8054888 -0.3824045 0.4527177 0.8054896 -0.3824028 0.5179062 0.7652068 -0.3824018 0.5179026 0.7652096 -0.3824009 0.5795277 0.7196646 -0.3824046 0.5795238 0.7196659 -0.3824027 0.6371656 0.6691698 -0.3824031 0.6371617 0.6691733 -0.3824027 0.6904198 0.6140756 -0.3824039 0.6904164 0.6140787 -0.3824014 0.7389268 0.554758 -0.3824023 0.7389265 0.5547577 -0.3824026 0.7823508 0.4916254 -0.3824048 0.7823489 0.491627 -0.3824033 0.8203959 0.4251099 -0.3824033 0.8203956 0.4251105 -0.382402 0.8527994 0.3556712 -0.3824043 0.8527976 0.3556732 -0.3824023 0.8793366 0.2837879 -0.3824021 0.8793363 0.2837892 -0.3824976 0.8981453 0.2168656 -0.5528865 0.8058963 0.211773 -0.1138001 0.9485558 0.2954514 -0.1304155 0.9435387 0.3045105 -0.130446 0.964089 0.2313362 -0.1304463 0.9640889 0.2313363 -0.1304733 0.9768982 0.169253 -0.1262088 0.9780782 0.1656337 -0.1304181 0.9822558 0.1347768 -0.123974 0.9887753 0.08339053 -0.1238911 0.9896154 0.07288736 0 0.4558139 0.8900752 0 0.9997168 -0.02379786 -0.0437169 -0.6492632 0.7593064 -0.1089962 -0.6583784 0.7447534 -0.2623754 -0.6658986 0.6983826 0 -0.7127741 0.7013937 -0.01511776 -0.6408278 0.7675359 -0.008771598 -0.6369147 0.7708845 -0.00466305 -0.6341073 0.7732311 -0.002395808 -0.6307917 0.7759486 -0.001113772 -0.628568 0.7777539 0 -0.6254636 0.7802535 4.14771e-4 -0.6318544 0.775087 7.90269e-4 -0.6365827 0.7712081 0 -0.786054 0.6181581 -0.2920662 -0.779059 0.5547652 0 -0.8412535 0.5406408 0 -0.8888351 0.4582273 -0.2920684 -0.8699684 0.397305 0 -0.9283686 0.371661 0 -0.9594937 0.2817302 -0.2920641 -0.929439 0.2254812 0 -0.9819293 0.1892486 0 -0.9954721 0.09505486 -0.292065 -0.9553152 0.04550701 0 -0.9954723 -0.09505355 -0.2920693 -0.9466623 -0.1361106 0 -0.981929 -0.1892498 0 -0.9594937 -0.2817302 -0.2920638 -0.9037979 -0.3128071 0 -0.9283681 -0.3716622 0 -0.8888362 -0.4582252 -0.2920612 -0.8282662 -0.4782001 0 -0.8412542 -0.5406399 0 -0.7860527 -0.6181597 -0.2920672 -0.7227959 -0.626309 0 -0.7237351 -0.690078 0 -0.6548686 -0.7557428 -0.2920623 -0.5912041 -0.7517828 0 -0.5800625 -0.8145721 0 -0.5000007 -0.8660251 -0.2920573 -0.4382452 -0.8500846 0 -0.4154168 -0.9096311 0 -0.3270718 -0.9449996 -0.2920665 -0.2694461 -0.917658 0 -0.23576 -0.9718114 0 -0.142315 -0.9898215 -0.2920756 -0.09091013 -0.9520648 0 -0.04758232 -0.9988673 1.20152e-4 0.2817324 -0.9594931 -0.08197087 0.3037555 -0.9492173 -3.63282e-5 0.1994871 -0.9799005 2.34513e-4 0.09505534 -0.995472 -0.2279894 0.1225354 -0.9659224 0 0.01612025 -0.9998701 0.04612362 0.5188283 -0.8536333 0.02268159 0.4255906 -0.9046316 0.006343781 0.491343 -0.8709431 -0.01617878 0.4762788 -0.8791455 -0.03263974 0.4661945 -0.8840801 -0.055224 0.4536103 -0.8894876 -0.08067178 0.4420198 -0.8933704 -0.04243409 0.4578134 -0.8880351 -0.003128468 0.3937452 -0.9192143 -7.29785e-6 0.3760527 -0.9265983 0.03332257 0.4021205 -0.9149802 -0.02192014 0.5006452 -0.8653751 0.01117461 0.3782176 -0.9256493 1.30592e-6 0.4162189 -0.9092645 0 0.3609701 -0.9325774 0.002018928 0.331786 -0.9433525 -0.009482741 0.2693007 -0.9630095 1.27189e-5 0.2406128 -0.9706212 -1.49349e-6 0.1836376 -0.9829941 0.001150548 0.1513271 -0.9884831 -0.01145768 0.0887435 -0.9959887 0 0.05668085 -0.9983924 0 -0.04758203 -0.9988674 -0.003957092 -0.03436714 -0.9994015 0.005055844 -0.1423125 -0.989809 0 -0.1292117 -0.9916171 0 -0.2357592 -0.9718116 -0.005187571 -0.2188705 -0.9757402 0.007075428 -0.3270599 -0.9449772 0 -0.310634 -0.9505296 0 -0.4154149 -0.9096321 -0.006419181 -0.3957987 -0.9183149 0.009307026 -0.4999787 -0.8659878 0 -0.4813072 -0.8765521 0 -0.5800563 -0.8145765 -0.007648527 -0.5590277 -0.8291137 0.01175051 -0.6548154 -0.7556976 0 -0.6353266 -0.7722437 0 -0.7237337 -0.6900795 -0.008879125 -0.7029099 -0.7112235 0.01440644 -0.7859708 -0.6180959 0 -0.7673625 -0.6412137 0 -0.8412535 -0.5406408 -0.0101099 -0.8224627 -0.5687292 0.01727229 -0.888703 -0.458158 0 -0.8728451 -0.4879975 0 -0.9283675 -0.3716638 -0.01133918 -0.9135582 -0.40655 0.0203498 -0.9592943 -0.2816746 0 -0.9481261 -0.3178943 0 -0.9819284 -0.1892528 -0.01256948 -0.9730358 -0.2303118 0.02363789 -0.9951938 -0.09502917 0 -0.9905998 -0.1367926 0 -0.9989377 -0.0460816 -4.24305e-4 -1 0 0.0130304 -0.9988384 0.04639053 -7.48996e-4 -0.9954717 0.09505569 0 -0.9901956 0.1396882 0 -0.9819288 0.1892508 0.0122137 -0.9733114 0.2291631 -0.001736521 -0.959492 0.2817308 0 -0.9471908 0.3206707 0 -0.9283681 0.371662 0.01098406 -0.9140423 0.4054704 -0.002511322 -0.8888318 0.4582268 0 -0.871414 0.4905484 0.009754002 -0.8231418 0.5677523 -0.003073334 -0.7860503 0.6181551 0 -0.7654807 0.643459 0 -0.7127718 0.7013961 0.005070626 -0.7037713 0.7104086 4.79014e-4 -0.6618912 0.7495998 -9.54607e-4 -0.6330623 0.7741004 0.002789676 -0.6513226 0.7587959 0.001513779 -0.6430867 0.7657919 -0.01830083 0.9993901 0.02974259 -0.03200733 0.9983556 0.04755699 -0.003857612 0.9955115 0.0945633 0 0.9547575 0.2973854 -0.02979737 0.971966 0.2332261 -0.02741807 0.9714463 0.23567 0 0.9853213 0.1707106 0 0.9907189 0.1359269 -0.001262009 0.8878772 0.4600788 -0.03227418 0.9091584 0.4151982 -0.007594943 0.922919 0.3849193 0 0.9416077 0.3367121 0 0.7650138 0.644014 -0.01142024 0.7996543 0.6003523 -0.03156507 0.8141705 0.5797674 0 0.8456279 0.533773 0 0.8670318 0.4982531 0 0.7376524 0.6751806 -0.02655053 0.6898359 0.7234788 -0.02587109 0.6893435 0.7239726 0 0.4923247 0.8704117 -0.04458492 0.5599473 0.8273279 -0.01723027 0.5405613 0.8411282 0 0.6063261 0.7952162 0 0.6387796 0.7693898 0 0.2908637 0.9567645 -0.01171571 0.3716376 0.928304 -0.05423641 0.3387658 0.9393063 -0.001723825 0.4160422 0.9093437 0 0.2509415 0.9680023 -0.0290004 0.1891716 0.9815158 -0.01977622 0.1792211 0.9836101 0 -0.06113809 0.9981294 -0.03684312 0.01431435 0.9992186 -0.02134656 0 0.9997722 0 0.07542979 0.9971512 0 0.1167094 0.9931662 -0.0135349 -0.2171957 0.9760342 -0.03249084 -0.1891514 0.9814103 -0.005238294 -0.1509986 0.9885202 0 -0.1024713 0.994736 0 -0.6254646 0.7802525 0 -0.560028 0.8284737 -0.006722509 -0.5406289 0.8412345 0 -0.2621322 0.9650321 0 -0.2621323 0.9650319 0 -0.3078511 0.9514346 -0.00746113 -0.3716522 0.9283421 0 -0.396897 0.9178632 0 -0.4787407 0.8779565 0 0.9997169 -0.0237984 0 0.993408 -0.1146326 -0.007554769 0.9897932 -0.142311 0 0.978013 -0.2085442 0 0.9549899 -0.2966388 -0.008138537 0.9449696 -0.3270569 0 0.9224681 -0.3860734 0 0.8835271 -0.4683802 -0.008586049 0.8659933 -0.4999819 0 0.8350034 -0.5502448 0 0.7814928 -0.6239144 -0.008897423 0.7557193 -0.6548353 0.01638275 0.4415625 -0.897081 0 0.4856239 -0.8741679 0 0.577422 -0.8164459 -0.009072482 0.6181337 -0.7860206 0 0.6524159 -0.7578612 0 0.7186469 -0.6953752 0 1 0 0 1 2.68589e-7 0 1 -1.23825e-7 0 1 6.78854e-6 0 0.2588198 0.9659258 0 0.2588184 0.9659261 0 0.7071075 0.7071062 0 0.7071061 0.7071075 0 0.9659263 0.2588174 0 0.9659256 0.2588199 0.01286113 -0.9467288 -0.3217754 -0.07460111 -0.9343179 -0.3485467 0.04238998 -0.9137904 -0.4039679 0 -0.9041715 -0.4271696 0 -0.8730839 -0.4875701 -0.06124269 -0.8631853 -0.5011593 0.03928923 -0.8233631 -0.5661532 0 -0.8144103 -0.5802896 0 -0.7677845 -0.6407083 -0.03055429 -0.7620645 -0.6467799 0.025092 -0.7047053 -0.7090564 0 -0.698992 -0.7151296 0 -0.6359708 -0.7717132 2.21841e-4 -0.6360139 -0.7716776 -2.24766e-4 -0.5615064 -0.8274724 0 -0.5615566 -0.8274384 0 -0.4821867 -0.8760685 0.03099268 -0.4893372 -0.8715439 -0.03660577 -0.3984253 -0.9164701 0 -0.4064295 -0.9136822 0 -0.3117516 -0.9501637 0.06168079 -0.3270832 -0.9429805 -0.08383679 -0.2213299 -0.9715887 0 -0.2384971 -0.9711432 0 -0.1305479 -0.9914421 0.09217387 -0.1548547 -0.983628 -0.1412756 -0.03747606 -0.9892608 0 -0.06305342 -0.9980102 0 0.05516427 -0.9984773 0.1224131 0.02140951 -0.9922484 -0.2077264 0.1444852 -0.9674574 0 0.1143778 -0.9934374 0.7041538 -0.678249 -0.2101088 0.8113849 -0.542318 -0.2180498 0.6998209 -0.6731029 -0.2391301 0.7141515 0.0800634 -0.6953974 0.7105078 0.08931952 -0.6979978 0.7079137 0.1193729 -0.6961382 0.7133726 -0.044187 -0.6993905 0.7073444 -0.0262885 -0.7063801 0.7068632 0.01525753 -0.7071858 0.7070657 0.01357829 -0.7070175 0.7069889 0.0426315 -0.7059385 0.7122634 -0.1674048 -0.6816573 0.7053664 -0.1419858 -0.694477 0.7076679 -0.1098787 -0.6979491 0.7070772 -0.104069 -0.6994366 0.7069666 -0.07523965 -0.7032335 0.710819 -0.2858721 -0.6426614 0.7046053 -0.2540485 -0.6625639 0.7081353 -0.2313876 -0.6670863 0.7070866 -0.2188163 -0.6724195 0.7069406 -0.1910282 -0.680987 0.7082678 -0.3456103 -0.6155569 0.7070951 -0.3274855 -0.6267136 0.7069125 -0.3015176 -0.6398139 0.7007666 -0.6683954 -0.2493469 0.7057188 -0.6639913 -0.2471365 0.7072269 -0.6392368 -0.3020043 0.7046005 -0.6344107 -0.3179013 0.7116488 -0.6075595 -0.3527428 0.7069599 -0.604146 -0.3677166 0.7068227 -0.576106 -0.4104918 0.7051163 -0.5733845 -0.4171828 0.7093373 -0.5374075 -0.4561073 0.7075276 -0.5353554 -0.4613018 0.7060827 -0.4949783 -0.5064028 0.7068533 -0.4961261 -0.5041998 0.7066669 -0.4500095 -0.5459976 0.7081551 -0.4521983 -0.5422483 0.7050027 -0.3982592 -0.5868226 0.7097824 -0.4051852 -0.5762239 0.7050734 -0.3588694 -0.6116243 1 3.95813e-6 0 1 1.12323e-6 0 1 -3.73707e-7 0 1 5.45048e-7 0 1 -2.252e-7 0 1 0 0 1 -4.97602e-7 0 1 1.70804e-6 0 1 0 0 1 0 0 1 -8.73649e-7 0 1 1.7767e-6 0 1 7.54447e-7 0 1 -2.51298e-7 0 1 -1.91121e-7 0 1 7.96033e-7 0 1 -7.24606e-7 0 1 1.48855e-6 0 1 -3.61276e-7 0 1 -6.40859e-7 0 1 1.09854e-6 0 1 2.31502e-7 0 1 0 0 1 -6.53115e-6 0 1 -3.73707e-7 0 1 -8.28402e-7 0 1 6.14962e-7 0 1 -6.2464e-7 0 1 7.28409e-7 0 1 -6.53355e-7 0 1 -4.80676e-7 0 0 0.9983081 -0.0581457 8.6265e-4 0.9848085 -0.1736422 8.62679e-4 0.9848091 -0.1736382 0 0.9579833 -0.2868239 -1.16013e-6 0 1 6.31806e-7 0 1 -1.44865e-7 0 1 8.60255e-7 0 1 -0.998201 0.05995666 0 -0.9876647 0.1564283 0.006967723 -0.9822018 0.1878002 0.003270626 -0.9668499 0.2553446 6.52422e-4 -0.6550942 0.7553684 0.01644277 -0.7686625 0.6396545 -1.71491e-4 -0.8910067 0.4539903 3.91682e-4 -0.8544743 0.5192629 0.01549005 -0.920298 0.3912136 -0.00191307 -0.7070773 0.7070782 -0.009063363 -0.4539813 0.890987 0.006573915 -0.4639126 0.8858302 0.009490251 -0.1564339 0.9876885 0 -0.09611588 0.994971 0.02818733 -0.2696072 0.9629593 -0.0046404 0 0.9396926 0.3420203 0 0.9396929 0.3420195 0 0.9396926 0.3420203 0 0.9396926 0.3420202 -1.3268e-5 0.9396902 0.342027 0 0.9396926 0.3420203 -3.24631e-7 0.9396929 0.3420195 0 0.9396927 0.3420199 3.94699e-7 0.9396925 0.3420208 -2.79396e-6 0.9396928 0.3420199 0 0.9396929 0.3420198 1.07257e-6 0.9396927 0.34202 -1.07529e-5 0.9396924 0.3420209 1.07705e-5 0.9396929 0.3420196 -1 -8.08993e-7 0 -1 -4.06555e-6 0 -1 6.69147e-7 0 -1 -3.93379e-7 0 -1 -2.67109e-7 0 -1 4.52344e-7 0 -1 -1.05977e-6 0 -1 5.82024e-7 0 -1 -5.38994e-7 0 -1 6.64183e-7 0 -1 6.33144e-6 0 0.009601294 0.2100382 0.9776461 1.24196e-4 0.0780071 0.9969529 0 0.001784503 0.9999985 0.01403814 0.6832774 0.7300239 0.003061234 0.6053206 0.795976 -1.25279e-4 0.5221793 0.8528357 0.001066803 0.258818 0.9659255 0.0419951 0.4039409 0.9138207 0.02303528 0.3050219 0.9520668 0 0.9659255 0.2588203 0 0.965926 0.2588185 0 0.7071076 0.7071061 0.04747146 0.8106158 0.5836511 0.02411162 0.7307872 0.6821795 0 0.939692 -0.342022 0 0.9396923 -0.3420213 9.54892e-7 0.9396985 -0.3420042 0 0.9396926 -0.3420203 0 0.939693 -0.3420191 -1.42039e-6 0.9396934 -0.3420179 0 0.9396925 -0.3420205 -2.46459e-7 0.9396923 -0.3420211 -1.50803e-7 0.9396931 -0.3420189 0 0.9396925 -0.3420206 0 0.9396953 -0.342013 0 0.9396924 -0.3420206 0 0.9396931 -0.3420191 0 0.9396927 -0.3420199 -7.92987e-7 0.9396898 -0.342028 -2.77261e-6 0.9396976 -0.3420066 -0.8809385 0.4707348 -0.04854172 -0.6054875 0.770592 -0.1989293 -0.2156754 0.9255925 -0.3110669 -0.7763864 0.6223781 -0.09934711 -0.7699884 0.6345409 -0.06690001 -0.6645433 0.7429805 -0.07976281 -0.6415258 0.7592423 -0.109526 -0.6124203 0.7901249 -0.02537691 -0.4859546 0.8684611 -0.09809958 -0.4409852 0.8973377 -0.01781398 -0.3385253 0.9360685 -0.095793 -0.2633917 0.964555 -0.01607972 -0.2049466 0.9750555 -0.08522671 -0.08616912 0.9959628 -0.02516072 -0.07366985 0.9955956 -0.05798602 -0.5100162 0.8318353 -0.2189373 -0.5019983 0.8458076 -0.180575 -0.40496 0.8901556 -0.2088793 -0.3901643 0.9055818 -0.166414 -0.3011233 0.9317585 -0.2028567 -0.2752491 0.9485459 -0.1565202 -0.2065218 0.9581786 -0.1980975 -0.1627983 0.9749388 -0.1516277 -0.1241165 0.973839 -0.1903492 -0.05308699 0.9865832 -0.1543868 -0.04482883 0.9838126 -0.1735026 -0.1780333 0.9331308 -0.312364 -0.1754472 0.9376748 -0.2999742 -0.1392961 0.9421171 -0.3049788 -0.1346209 0.9470367 -0.2915458 -0.1026466 0.9483497 -0.3001613 -0.09446096 0.953715 -0.2854906 -0.07020843 0.952366 -0.2967655 -0.05604171 0.9578624 -0.2817073 -0.0424146 0.9551502 -0.2930688 -0.01843625 0.9595572 -0.2809095 -0.0155161 0.9578771 -0.2867591 -0.7088639 -0.1034205 0.6977222 -0.7005388 -0.08503556 0.7085298 -0.7110791 -0.04821681 0.7014568 -0.7070326 -0.03356403 0.7063841 -0.706802 0.01013201 0.707339 -0.7094109 0.005482435 0.704774 -0.7036272 0.06901234 0.7072101 -0.7032979 0.06953376 0.7074865 -0.7092762 0.1263633 0.6935125 -0.6997488 0.1478654 0.6989188 -0.7110811 0.1829192 0.6788994 -0.7070326 0.1982871 0.6788131 -0.7068023 0.2400014 0.6654547 -0.70946 0.234667 0.6645283 -0.7035568 0.2956575 0.6462156 -0.7033485 0.2960254 0.646274 -0.7092436 0.3454029 0.6145491 -0.6997649 0.3673146 0.6127064 -0.7110799 0.3940975 0.5822822 -0.707032 0.4085294 0.5772431 -0.7068029 0.4436844 0.5509755 -0.7095096 0.4382414 0.551852 -0.7034856 0.4900887 0.514705 -0.7033974 0.490244 0.5146774 -0.7092083 0.5267826 0.4685335 -0.6997817 0.5467439 0.4597573 -0.7110802 0.5622833 0.4221403 -0.7070322 0.5742338 0.4127483 -0.7068024 0.5989682 0.3763874 -0.7095586 0.5940168 0.3790392 -0.7034155 0.6310856 0.327013 -0.709285 0.6217841 0.3321133 -0.7028811 0.6609832 0.2627916 -0.7460516 0.6149188 0.2555033 -0.7085248 0.6655912 0.2344804 -0.7122998 0.655474 0.2509638 -0.7151647 0.6536357 0.247588 -0.6461601 0.7043943 0.2937785 -0.7135948 0.665739 0.2181147 0.06019228 -0.9535883 -0.2950363 0.5949305 0.1358388 -0.7922156 0.2164661 0.7340162 -0.64371 0.4524431 -0.4586504 -0.7648105 0.5552402 0.1055666 -0.8249632 0.555249 0.1055669 -0.8249572 0.55524 0.0374456 -0.8308468 0.5138255 0.05171352 -0.8563347 0.5555211 0.0159654 -0.8313493 0.55524 -0.03093111 -0.8311148 0.5552445 -0.03093069 -0.8311118 0.5552403 -0.09909635 -0.8257653 0.520677 -0.09082555 -0.8489088 0.5555465 -0.1223687 -0.8224319 0.5552532 -0.1665917 -0.8148258 0.5552358 -0.1665939 -0.8148373 0.5552532 -0.2329617 -0.7983877 0.5274266 -0.2294702 -0.8180249 0.5555506 -0.2572978 -0.7906715 0.5552449 -0.2977581 -0.7765587 0.5552445 -0.2977609 -0.7765578 0.5552445 -0.360542 -0.7494753 0.5340846 -0.3604027 -0.7647637 0.5555601 -0.3850733 -0.736934 0.5552449 -0.4208888 -0.7173255 0.5552442 -0.42089 -0.7173252 0.5552453 -0.4783877 -0.6803293 0.5552439 -0.4783905 -0.6803284 0.5552454 -0.5326578 -0.6387317 0.5552464 -0.5326578 -0.638731 0.5552428 -0.5833262 -0.5928204 0.5552468 -0.5833247 -0.5928182 0.5552461 -0.6300509 -0.5428974 0.5552442 -0.6300521 -0.5428981 0.5552455 -0.6725146 -0.4893124 0.5552459 -0.6725183 -0.4893068 0.5552458 -0.7104378 -0.4324124 0.5552461 -0.7104377 -0.432412 0.555248 -0.7435554 -0.3725923 0.5552439 -0.7435584 -0.3725926 0.5552451 -0.7716507 -0.3102549 0.5552461 -0.7716498 -0.3102555 0.5553645 -0.7924149 -0.2522874 0.5789936 -0.778819 -0.2412623 0.2827045 -0.9179896 -0.2781606 0.1950036 -0.9336442 -0.3004701 0.1949304 -0.9100148 -0.3658897 0.1949299 -0.9100158 -0.3658877 0.1949322 -0.8768832 -0.4394056 0.1949303 -0.8768865 -0.4394 0.1949353 -0.8378266 -0.509948 0.1949303 -0.8378281 -0.5099474 0.1949318 -0.7931057 -0.5770485 0.1949324 -0.793108 -0.5770452 0.1949316 -0.7430245 -0.6402471 0.1949294 -0.7430263 -0.6402456 0.1949317 -0.6879209 -0.6991183 0.1949294 -0.6879221 -0.6991178 0.1949315 -0.6281682 -0.753264 0.1949325 -0.6281706 -0.7532616 0.1949375 -0.5641695 -0.8023168 0.1949265 -0.5641716 -0.8023181 0.1949377 -0.4963574 -0.8459484 0.1949264 -0.4963591 -0.84595 0.1949194 -0.4251919 -0.8838655 0.1949384 -0.4251919 -0.8838614 0.194938 -0.3511489 -0.9158022 0.1949263 -0.351151 -0.9158039 0.1949316 -0.2747361 -0.9415529 0.1949265 -0.2747377 -0.9415535 0.1949314 -0.1964648 -0.9609388 0.1949265 -0.1964653 -0.9609397 0.1949377 -0.1168645 -0.9738286 0.1949386 -0.1168657 -0.9738283 0.1949316 -0.03647685 -0.9801384 0.1949325 -0.03647714 -0.9801381 0.1949316 0.04415905 -0.9798223 0.1949325 0.04415911 -0.9798221 0.1949378 0.1244943 -0.9728826 0.1949264 0.1244976 -0.9728844 0.02070254 -0.9628425 -0.2692687 0 -0.9553216 -0.2955686 0 -0.9553221 -0.295567 0 -0.927814 -0.3730434 0 -0.9278144 -0.3730422 0 -0.8940355 -0.4479964 0 -0.8542134 -0.5199226 0 -0.8542133 -0.5199228 0 -0.8086191 -0.5883326 0 -0.8086178 -0.5883343 0 -0.7575586 -0.6527674 0 -0.7575572 -0.6527687 0 -0.701377 -0.7127906 0 -0.7013769 -0.7127907 0 -0.6404555 -0.7679953 0 -0.6404547 -0.7679959 0 -0.5752046 -0.8180097 0 -0.5752043 -0.8180099 0 -0.5060666 -0.8624944 0 -0.5060654 -0.8624952 0 -0.4335075 -0.90115 0 -0.4335077 -0.90115 0 -0.3580183 -0.9337146 0 -0.3580179 -0.9337147 0 -0.2801098 -0.959968 0 -0.2801095 -0.9599681 0 -0.2003079 -0.9797331 0 -0.2003077 -0.9797331 0 -0.1191517 -0.9928761 0 -0.1191515 -0.9928761 0 -0.03719043 -0.9993083 0 -0.03719037 -0.9993083 0 0.0450226 -0.998986 0 0.1269319 -0.9919115 0 0.0713672 -0.9974502 -0.003588378 0.09642374 -0.995334 0.001080095 0.18834 -0.9821034 -0.002177 0.2666502 -0.963791 0 0.1042822 -0.9945478 7.6012e-4 0.07211273 -0.9973962 -0.001229286 0.3373804 -0.9413677 0.005326271 0.1666692 -0.9859985 0.003383338 0.2249968 -0.9743536 0.001968502 0.2831738 -0.9590667 0 0.2372654 -0.9714449 -0.003179192 0.310914 -0.9504328 -0.002385497 0.3216144 -0.9468677 1.4344e-4 0.7344734 -0.6786375 0.001609325 0.8316634 -0.555278 -0.001013219 0.7738692 -0.6333449 5.92894e-4 0.916161 -0.4008103 0 0.9005032 -0.4348496 -2.40417e-4 0.6167848 -0.7871319 5.4302e-4 0.5765749 -0.8170441 -1.14093e-4 0.473281 -0.8809116 2.88477e-4 0.36181 -0.9322519 0 0.3554046 -0.9347126 -0.2101792 0.9282202 -0.3069725 -0.2037646 0.9325143 -0.2981563 -0.5940182 0.7772889 -0.2072784 -0.5773226 0.7962595 -0.1807472 -0.8713012 0.4852089 -0.07352906 -0.8507745 0.5248003 -0.02770274 -0.2157252 0.9254257 -0.3115286 -0.2095533 0.9298888 -0.302315 -0.6075964 0.763608 -0.2184711 -0.5917931 0.7831686 -0.1908615 -0.8852995 0.4566822 -0.0876708 -0.8667019 0.4972029 -0.0402134 0 0.2314789 -0.97284 0.007048487 0.3022665 -0.9531975 0.03019636 0.4016311 -0.9153036 -0.03262799 0.2964747 -0.9544833 0.04167658 0.5577077 -0.8289906 -0.05317789 0.4203587 -0.9057984 -0.01998418 0.4852454 -0.8741497 -0.006871223 0.5606231 -0.8280426 0.01640874 0.7234555 -0.690176 -0.0163328 0.6529779 -0.7572008 0.02128654 0.8539304 -0.5199518 -0.02122032 0.7760533 -0.6303103 0 0.9983692 -0.05708754 -0.006308019 0.9859293 -0.1670438 -0.0147705 0.9725319 -0.2323006 -0.01219522 0.9764473 -0.2154113 6.84646e-4 0.9359101 -0.3522384 -7.88811e-4 0.8606805 -0.509145 -0.4618024 0.7905029 -0.4022982 -0.8384509 0.5441274 0.0304231 -0.177497 0.8318872 -0.5257934 -0.1117041 0.8565547 -0.5038218 -0.173361 0.7443314 -0.6449162 -0.128503 0.7776783 -0.615389 -0.2000366 0.639527 -0.7422875 -0.09106916 0.6784158 -0.729012 -0.1958026 0.5109815 -0.8369942 -0.1133577 0.5629126 -0.818706 -0.2322273 0.3714501 -0.8989413 -0.07809168 0.414244 -0.9068096 -0.408618 0.8268322 -0.3864967 -0.4572842 0.7387883 -0.4950588 -0.4217565 0.7745004 -0.4714559 -0.4745506 0.6722695 -0.5682038 -0.3969904 0.7199191 -0.5693112 -0.4746738 0.5961547 -0.6475218 -0.41696 0.644773 -0.6406342 -0.5008653 0.5086483 -0.7002934 -0.4036362 0.5540542 -0.728081 -0.2154865 0.9023791 -0.3731991 -0.1126124 0.9594087 -0.2585605 -0.5970333 0.7189454 -0.3559057 -0.3307935 0.9431336 0.03278404 -0.6990174 0.6795215 -0.2227677 -0.7028176 0.6692342 -0.2411912 -0.6637904 0.7129551 -0.2260031 -0.6954117 0.6547297 -0.2961952 -0.6693941 0.6900491 -0.2752161 -0.7014899 0.6294074 -0.3343027 -0.6554884 0.675588 -0.3375144 -0.6989448 0.6053336 -0.3808511 -0.6660253 0.6434206 -0.377386 -0.709613 0.5735527 -0.4092512 -0.6660705 0.6090639 -0.4305711 -0.8653904 0.500823 -0.01660495 -0.8756132 0.4794898 -0.05823415 -0.849609 0.5259795 -0.03886437 -0.8625806 0.5013141 -0.068111 -0.8453007 0.5320624 -0.04875028 -0.8539472 0.5163744 -0.06427955 -0.8350312 0.5465122 -0.06362062 -0.8390571 0.5398131 -0.06771314 -0.8303176 0.5533937 -0.06578898 -0.8256788 0.5606794 -0.06239551 -0.825048 0.5615649 -0.06277573 -1 -1.64317e-5 0 -1 1.82789e-6 0 -1 -3.92745e-7 0 -1 -3.06903e-7 0 -1 -1.79784e-6 0 -1 7.58919e-7 0 -1 -4.55042e-7 0 -1 3.41501e-7 0 -1 4.11676e-7 0 -1 -2.85975e-7 0 -1 2.20945e-7 0 -1 8.00841e-7 0 -1 -1.1846e-6 0 -1 -8.17827e-7 0 -1 3.15437e-7 0 -1 0 0 -1 0 0 -1 0 0 -0.7255712 0.6506208 0.2241408 -0.9315658 0.3634499 -0.009449481 -0.9290021 0.3699373 0.01007562 -0.9256282 0.3776587 0.02421689 -0.9192647 0.3911734 0.04399549 -0.9084748 0.4126846 0.06606942 -0.8919186 0.4425319 0.09298849 -0.868546 0.4816176 0.1169289 -0.8405592 0.5239323 0.1376784 -0.7852541 0.5997225 0.1539781 -0.7940022 0.5872551 0.1571368 -0.801771 0.5566119 0.2175926 -0.8125615 0.5479311 0.1987848 -0.8173712 0.5118682 0.2643774 -0.8304602 0.5028587 0.2397271 -0.9286609 0.3691567 0.03622657 -0.9364906 0.335672 0.1015363 -0.9564263 0.2897721 0.03579121 -0.9625722 0.2418282 0.1223679 -0.9789209 0.1990045 0.04594516 -0.6020188 0.7739953 -0.196226 -0.07117658 0.5491145 -0.8327108 -0.5597926 0.7349146 -0.3827962 -0.3755304 0.7295101 -0.5716572 -0.2727712 0.6489813 -0.7102248 -0.6990873 0.7142223 0.03411036 -0.2343307 0.5938797 -0.7696726 -0.1264602 0.690768 -0.7119323 -0.1895714 0.6567836 -0.7298617 -0.09851527 0.7322816 -0.6738387 -0.2050666 0.7381689 -0.6426931 -0.09345716 0.8271139 -0.5542097 -0.192672 0.8270401 -0.5280929 -0.4971961 0.754647 -0.4281404 -0.4351329 0.8097163 -0.3937243 -0.469245 0.7870369 -0.4004772 -0.4108061 0.8351798 -0.3656679 -0.4657645 0.8185775 -0.3361465 -0.3940542 0.8755277 -0.279594 -0.4445604 0.857881 -0.2576946 -0.6680626 0.7441048 -6.43175e-4 -0.6480087 0.7615604 0.01051747 -0.6562121 0.7545202 0.009217381 -0.6385418 0.769339 0.01954561 -0.6489821 0.7602956 0.02779924 -0.6280941 0.7768823 0.0441786 -0.6360203 0.7701249 0.04884582 -0.2789046 0.9503666 0.1378977 -0.1798987 0.9817371 0.06187808 -0.07688105 0.9969585 -0.01277393 -0.319519 0.9369131 0.1417793 -0.3286961 0.9355313 0.1293836 -0.3786249 0.9151212 0.138552 -0.3837794 0.9138316 0.1327605 -0.4100274 0.903886 0.1219331 -0.4262936 0.8986147 0.1037578 -0.4906664 0.8623524 0.1248798 -0.5402159 0.8382888 0.07374823 -0.595311 0.7984512 0.08989208 -0.1790541 0.9818999 0.06174355 -0.2165451 0.9762092 0.01113313 -0.214524 0.9766613 0.01059556 -0.2453314 0.9691361 -0.02424561 -0.2436233 0.9695829 -0.02359533 -0.2901346 0.9540053 -0.07547116 -0.2842493 0.9555879 -0.07780969 -0.3723874 0.9125139 -0.169252 -0.3617722 0.9161594 -0.1725483 -0.03611189 0.9990823 -0.02303773 -0.0957266 0.9900031 -0.1035879 -0.04416126 0.9915914 -0.1216405 -0.0948081 0.9791975 -0.1793991 -0.06483 0.9836025 -0.168295 -0.1337338 0.9603794 -0.2445133 -0.05781239 0.9587116 -0.2784418 -0.1661649 0.9051723 -0.3912191 -0.08411318 0.9058797 -0.4150987 -0.001303374 0.9999989 7.46233e-4 0.00260967 0.9999635 0.008151829 -0.05989527 0.9977268 0.03088343 -0.1391825 0.9871597 0.07838445 -0.1534205 0.9837015 0.09377354 -0.2768091 0.950355 0.1421341 -0.1708676 0.9820249 0.08019661 -0.07294034 0.9973249 -0.004790008 -0.7054975 0.06736749 -0.7055033 -0.7055001 0.1996679 -0.6800017 -0.7054998 0.1996676 -0.6800021 -0.7055016 0.3247503 -0.6299245 -0.7054995 0.3247499 -0.629927 -0.7055001 0.4380947 -0.5570842 -0.7054992 0.4380961 -0.5570841 -0.7055001 0.5356063 -0.4641073 -0.7055002 0.535607 -0.4641064 -0.7054995 0.6137611 -0.3543555 -0.7055015 0.6137589 -0.3543553 -0.7054989 0.6697328 -0.2317957 -0.7055006 0.6697304 -0.2317975 -0.7055009 0.7014954 -0.10086 -0.7054998 0.7014965 -0.1008599 -0.7054983 0.707909 0.03372192 -0.7054997 0.7079076 0.0337212 -0.7055009 0.6887315 0.1670849 -0.7054991 0.6887336 0.1670843 -0.7054998 0.644665 0.29441 -0.7054998 0.6446654 0.2944089 -0.7055003 0.5772973 0.4110928 -0.7054988 0.5772998 0.4110919 -0.7054997 0.4890653 0.5129184 -0.7054998 0.4890668 0.5129169 -0.705498 0.3831601 0.5962054 -0.7055011 0.3831555 0.5962047 -0.705502 0.2634006 0.6579417 -0.7054999 0.2634004 0.6579439 -0.7055021 0.1341233 0.6959007 -0.7054979 0.1341242 0.6959049 -0.7055021 0 0.7087079 -0.705497 0 0.7087129 -0.7055003 -0.1341236 0.6959024 -0.7054985 -0.1341241 0.6959042 -0.7055006 -0.2633996 0.6579436 -0.7055009 -0.2634016 0.6579425 -0.7054999 -0.3831591 0.5962039 -0.7055003 -0.383156 0.5962054 -0.7054994 -0.4890675 0.5129168 -0.7054999 -0.4890657 0.5129179 -0.7055006 -0.5772969 0.4110929 -0.7054988 -0.5772995 0.4110922 -0.7055003 -0.6446645 0.2944098 -0.7054994 -0.6446658 0.2944091 -0.7055003 -0.6887324 0.1670843 -0.7054985 -0.6887341 0.1670847 -0.705501 -0.7079063 0.03372192 -0.7054964 -0.7079108 0.03372114 -0.7055005 -0.7014958 -0.1008601 -0.7054997 -0.7014967 -0.1008598 -0.7054984 -0.6697332 -0.2317963 -0.7055007 -0.6697305 -0.2317968 -0.7055017 -0.6137585 -0.3543556 -0.7054998 -0.6137608 -0.3543553 -0.7054997 -0.5356082 -0.4641059 -0.7054999 -0.5356063 -0.4641076 -0.7054989 -0.4380952 -0.5570852 -0.7054994 -0.4380968 -0.5570834 -0.7054979 -0.3247519 -0.6299278 -0.7055019 -0.3247488 -0.6299249 -0.7055001 -0.1996679 -0.6800017 -0.7054988 -0.1996687 -0.6800029 -0.7055003 -0.06736648 -0.7055007 -0.7054991 -0.0673682 -0.7055017 -0.7055021 0.06736677 -0.7054988 0 1 6.77615e-5 0 1 -6.76134e-7 0 -0.7660444 -0.6427876 0 -0.7660447 -0.6427873 0 -0.7660471 -0.6427845 -0.8659328 -0.3367926 0.3697717 -0.834059 -0.5169014 0.1927661 -0.8470126 -0.4884201 0.2097985 -0.6145144 -0.7633218 -0.1992782 -0.6719172 -0.7326623 -0.1083207 -0.7667521 -0.6407074 0.03981822 -0.1099189 -0.7622299 -0.6379056 -0.2228943 -0.8226193 -0.523083 -0.5067992 -0.8092791 -0.2970218 -0.2218753 -0.8227792 -0.5232645 -0.1985124 -0.847662 -0.4919981 -0.1559234 -0.8113629 -0.5633634 -0.7300845 -0.6829697 -0.02299851 -0.6343969 -0.7597508 -0.1425459 -0.5897602 -0.7901793 -0.1667321 -0.4876028 -0.8138764 -0.3159886 -0.3680745 -0.8300891 -0.4188955 -0.7894859 -0.6079486 0.08432585 -0.8180257 -0.5341062 0.2134587 -0.8545391 -0.4420471 0.2726856 -0.8654534 -0.3518052 0.3566843 -0.8655216 -0.03410929 -0.4997091 -0.8730236 -0.02320402 -0.4871259 -0.8603509 -0.08193832 -0.503073 -0.8653134 -0.07133263 -0.4961295 -0.8662762 -0.1137005 -0.4864544 -0.8643339 -0.1185681 -0.4887418 -0.867392 -0.1579138 -0.4719052 -0.8658171 -0.1618607 -0.4734575 -0.8659904 -0.1906156 -0.4623056 -0.8673587 -0.1832221 -0.4627295 -0.8632099 -0.2097209 -0.4592232 -0.8720561 -0.2247223 -0.4347621 -0.8644647 -0.2488713 -0.4367653 -0.866023 -0.2624105 -0.4256116 -0.8660206 -0.2679327 -0.4221617 -0.86743 -0.2893748 -0.404756 -0.8679975 -0.2880369 -0.4044937 -0.8641382 -0.3295585 -0.3803372 -0.8658515 -0.324755 -0.3805727 -0.8660171 -0.3423017 -0.3644779 -0.8671159 -0.3510658 -0.3533593 -0.8627876 -0.3658959 -0.3488808 -0.8698939 -0.3787238 -0.3159953 -0.8658669 -0.390298 -0.3129569 -0.8660159 -0.4048514 -0.2934483 -0.8720438 -0.4846668 -0.06810063 -0.8660734 -0.4044564 -0.293823 -0.865512 -0.4213749 -0.2707995 -0.8712106 -0.4188936 -0.2559691 -0.8641685 -0.4446176 -0.2356438 -0.8660028 -0.446779 -0.2245615 -0.866011 -0.4524501 -0.2128707 -0.8684613 -0.4570873 -0.1919538 -0.8645407 -0.4665632 -0.1867836 -0.8669316 -0.4755312 -0.1493311 -0.8658968 -0.478051 -0.1472759 -0.865939 -0.4862713 -0.1170045 -0.8682815 -0.4804967 -0.1233301 -0.8631011 -0.4959048 -0.09557771 -0.8665261 -0.4960963 -0.05496358 -0.865794 -0.4994162 -0.03137606 -0.869351 -0.4941925 -0.001626789 -0.8683532 -0.4959464 0 -0.8644326 -0.5008563 0.04358106 -0.8659229 -0.4986504 0.03905522 -0.8659933 -0.4961063 0.0627231 -0.8686413 -0.4895062 0.07645952 -0.8628441 -0.4963359 0.09566044 -0.8688062 -0.4799726 0.1216652 -0.8659353 -0.4824779 0.1318005 -0.865978 -0.475259 0.1555997 -0.8651589 -0.3574554 0.3517469 -0.8608718 -0.3609386 0.3586406 -0.8692913 -0.3808238 0.3151285 -0.8658623 -0.3802166 0.325143 -0.8659579 -0.4000397 0.3001422 -0.8665602 -0.400505 0.297774 -0.8647604 -0.4224653 0.2715004 -0.8706849 -0.4203271 0.2554076 -0.8659781 -0.4381968 0.2409679 -0.8660216 -0.4439935 0.2299486 -0.865448 -0.4499894 0.2202485 -0.8713488 -0.4508503 0.1936116 -0.8652563 -0.4654189 0.1863248 -0.8662267 -0.4751793 0.1544537 -0.8660281 0 -0.4999954 -0.8660242 3.61235e-7 -0.5000022 -0.8660252 2.51566e-7 -0.5000005 -0.7431429 0 -0.6691328 -0.4067495 0.001624763 -0.9135383 -0.5694346 -7.91848e-4 -0.8220364 -0.7786695 0.001955986 -0.6274313 0.1327989 -9.54561e-5 -0.991143 -0.03970175 0.002085506 -0.9992094 0 0.001094818 -0.9999994 -0.1894915 -1.66059e-4 -0.9818824 -0.3518504 4.73974e-4 -0.9360562 0.7431384 0 -0.6691378 0.7788745 0.001967787 -0.6271767 0.6445114 1.14995e-4 -0.7645948 0.4067481 -4.23372e-4 -0.9135403 0.4911702 0.002872705 -0.8710589 0.2989485 9.86955e-5 -0.9542693 0.8660253 0 -0.5000003 0.8660252 4.82706e-7 -0.5000004 0.8660256 0 -0.4999997 0.8679746 -0.3774243 0.3227557 0.86597 -0.3852881 0.3188245 0.8659316 -0.4013807 0.2984226 0.8597767 -0.3586035 0.3635763 0.8651694 -0.3574456 0.351731 0.8651595 -0.3574517 0.3517492 0.8686417 -0.4895054 0.07645958 0.8659933 -0.4961063 0.0627231 0.865974 -0.4982066 0.04335033 0.8666399 -0.3990935 0.2994325 0.8647604 -0.4224653 0.2715004 0.8706843 -0.4203284 0.2554075 0.8659781 -0.4381968 0.2409679 0.8660223 -0.4439919 0.2299493 0.8654475 -0.4499904 0.2202482 0.8713498 -0.4508481 0.1936119 0.8652552 -0.4654207 0.1863246 0.8662126 -0.4748718 0.1554759 0.8659858 -0.4755772 0.1545803 0.8657849 -0.4850753 0.1229581 0.8704813 -0.4748042 0.1297051 0.8628449 -0.4963346 0.0956605 0.8670943 -0.4843212 -0.116535 0.866006 -0.484334 -0.124315 0.8658551 -0.4773132 -0.1498907 0.8649024 -0.5004076 0.03919309 0.8683532 -0.4959464 0 0.8693495 -0.4941954 -0.001626789 0.865794 -0.4994162 -0.03137606 0.8667331 -0.4939201 -0.06940084 0.8765944 -0.4783034 -0.05299252 0.8631011 -0.4959048 -0.09557771 0.8671166 -0.3510637 -0.3533598 0.8660171 -0.3423017 -0.3644779 0.8659119 -0.3275552 -0.3780269 0.867049 -0.4761397 -0.1466869 0.8645401 -0.4665647 -0.1867835 0.8684618 -0.4570863 -0.191954 0.866011 -0.4524501 -0.2128707 0.8660025 -0.4467797 -0.224561 0.8641685 -0.4446176 -0.2356438 0.8712106 -0.4188936 -0.2559691 0.865512 -0.4213749 -0.2707995 0.8660713 -0.404771 -0.2933959 0.8660162 -0.4045386 -0.2938784 0.8656661 -0.3843923 -0.3207254 0.8717133 -0.3822942 -0.3065404 0.8627876 -0.3658959 -0.3488808 0.8645219 -0.3262453 -0.3823165 0.867997 -0.2880386 -0.4044935 0.86743 -0.2893748 -0.404756 0.8660239 -0.2679191 -0.4221633 0.8660169 -0.2624349 -0.4256086 0.862255 -0.2325602 -0.4499247 0.8785217 -0.2364982 -0.4150524 0.8632099 -0.2097209 -0.4592232 0.8662998 -0.1904069 -0.4618117 0.8660228 -0.1840661 -0.4648916 0.8657515 -0.1588186 -0.4746062 0.8675576 -0.1608825 -0.4705962 0.86394 -0.1146176 -0.490378 0.8662826 -0.1177754 -0.4854726 0.8656591 -0.08048057 -0.4941228 0.8627436 -0.07195985 -0.5004951 0.8710576 -0.03344935 -0.4900406 0.8657793 -0.0238105 -0.4998593 0.001959145 -0.767014 -0.6416273 0.2228935 -0.8226225 -0.5230782 0.8335394 -0.5174818 0.1934549 0.8929846 -0.3477568 0.2857336 0.8470126 -0.4884201 0.2097985 0.7667316 -0.640732 0.03981715 0.6071923 -0.7716245 -0.1895077 0.6733614 -0.7264676 -0.1372205 0.5068038 -0.8092753 -0.2970244 0.7000465 -0.7107853 -0.06869709 0.7705448 -0.6356682 0.04676282 0.82186 -0.5301146 0.2086258 0.8332934 -0.5064165 0.2217308 0.8649593 -0.3608822 0.3487256 0.3437038 -0.8346689 -0.4303438 0.401296 -0.8277516 -0.3921592 0.6077382 -0.7710158 -0.1902343 0.5253279 -0.8246812 -0.2095987 0.6322811 -0.7633728 -0.1322216 0.2222735 -0.8223398 -0.5237861 0.2218766 -0.8227792 -0.5232639 0.1672483 -0.8469601 -0.504665 -0.1029872 0.4823946 -0.8698789 -0.6929827 0.7206163 0.02207392 -0.716195 0.6973602 0.02744954 -0.1729075 0.4560646 -0.8729881 -0.314276 0.6112186 -0.72639 -0.3106054 0.7113581 -0.6304713 -0.4529671 0.6583395 -0.6011738 -0.5718447 0.7457868 -0.3417538 -0.4819585 0.8020579 -0.3527309 -0.6501203 0.7289438 -0.2144406 -0.1062273 0.377523 -0.919887 -0.2052123 0.373096 -0.9048134 -0.3970704 0.5620527 -0.7255563 -0.4761149 0.5415279 -0.6928653 -0.6242234 0.6602064 -0.4176993 -0.67811 0.6291756 -0.3798749 -0.7528728 0.6567288 -0.04347348 -0.7820072 0.6231734 -0.01093721 -1 -7.26203e-7 0 -1 7.26203e-7 0 -1 6.83485e-7 0 -1 -6.83485e-7 0 -1 2.56307e-7 0 -1 3.41742e-7 0 -1 -1.70871e-7 0 -1 -1.70871e-7 0 -1 5.12614e-7 0 -1 -3.8446e-7 0 -1 -5.98049e-7 0 -1 5.98049e-7 0 -1 3.8446e-7 0 -1 -5.12614e-7 0 -1 1.70871e-7 0 -1 1.70871e-7 0 -1 -6.83485e-7 0 -1 -2.56307e-7 0 -1 6.83485e-7 0 0.7430006 -0.5371074 0.3993319 0.7431055 -0.5979017 -0.3005125 0.7427143 -0.2124891 -0.634999 -0.4059513 -0.7116329 0.5733954 -0.4059424 -0.4196431 -0.8118563 -0.7423751 -0.6156182 0.2643736 -0.7423717 -0.6699848 -0.002203702 -0.7423762 -0.6634657 -0.09322464 -0.7430121 -0.6507073 -0.156567 -0.743135 -0.5417827 -0.3927112 -0.7423753 -0.04562407 -0.6684291 0.8745206 -0.3409923 0.3448738 0.7427794 -0.4697514 0.4770873 0.7584106 -0.4546312 0.4670373 0.4017717 -0.63414 0.6606406 -0.1464306 -0.6859385 0.7127739 -0.8600698 -0.3355116 0.3843333 -0.7584188 -0.4546193 0.4670358 -0.4062603 -0.636916 0.6552028 -0.5600841 -0.5597588 0.6107177 -0.4017705 -0.6341336 0.6606475 -0.8046941 -0.1883986 -0.563004 -0.7430939 -0.2550737 -0.6186671 -0.7423701 -0.3076493 -0.5951796 -0.7423705 -0.3076382 -0.5951847 -0.7431364 -0.351197 -0.5695692 -0.7429693 -0.438309 -0.5058476 -0.7818753 -0.478689 -0.3994096 -0.7423757 -0.571697 -0.3493436 -0.743116 -0.5978881 -0.3005136 -0.7426726 -0.6174207 -0.2592859 -0.7428902 -0.6386618 -0.2005627 -0.8137524 -0.563393 0.1428126 -0.7424679 -0.5724797 0.3478629 -0.7430101 -0.5370944 0.3993316 -0.8016536 -0.4654911 0.3750596 -0.7428999 -0.5087431 0.4350636 -0.7427995 -0.4701471 0.4766663 -0.4059526 -0.06223648 -0.9117726 0 -0.5756316 -0.8177092 -0.405955 -0.5260586 -0.7473039 -0.4059352 -0.5260718 -0.7473053 -0.767987 -0.3686695 -0.5237165 -0.7425366 -0.3895527 -0.5448745 -0.7431533 -0.5941622 0.307725 -0.7578645 -0.5589354 0.3365008 -0.4059492 -0.7829463 0.4713816 -0.405944 -0.711638 0.5733942 0 -0.7786853 0.6274147 0 -0.6868734 0.7267772 0.1464318 -0.6859323 0.7127796 0.4059541 -0.622725 -0.6688908 0 -0.6814019 -0.7319095 0 -0.6814022 -0.7319092 -0.4059494 -0.6227285 -0.6688904 -0.4059485 -0.6227294 -0.6688901 -0.802562 -0.406506 -0.4366315 -0.742941 -0.4717545 -0.474854 0 -0.9911668 0.1326216 -0.7430754 -0.6359882 0.208226 -0.7423725 -0.6156234 0.264369 -0.4059469 -0.8397396 0.360617 -0.4059463 -0.7829525 0.4713735 0 -0.856719 0.5157836 0 -0.7786812 0.6274198 0.4059537 -0.711629 0.5733985 0.4061242 -0.6324544 0.6595942 0.5767876 -0.5695217 0.5856289 0.4059497 -0.1855537 -0.8948602 0.4059556 -0.4196419 -0.8118504 0.4059487 -0.305427 -0.8613479 0 -0.3342046 -0.9425006 0 -0.2030346 -0.9791716 -0.4059471 -0.1855552 -0.894861 -0.4059517 -0.06223577 -0.9117729 -0.7423677 -0.04562848 -0.6684372 0.4059506 -0.9058223 0.1212025 0.4059544 -0.9058206 0.1212035 0.4059429 -0.8809561 0.2431598 0.7431367 -0.5941864 0.3077181 0.742378 -0.6156135 0.2643765 0.4059454 -0.839742 0.3606132 0.4059475 -0.8809524 0.2431659 0 -0.9639528 0.2660732 -0.4059538 -0.905821 0.1212021 0 -0.06809961 -0.9976786 0.4059461 -0.06223499 -0.9117755 0.4059627 -0.06223607 -0.911768 0.7423695 -0.04562664 -0.6684353 0.7423647 -0.04562652 -0.6684407 0.742363 -0.136036 -0.6560422 0.8244264 -0.1288158 -0.5511149 0.7430368 -0.1075876 -0.6605463 0 -0.2030368 -0.9791711 0.4059599 -0.1855492 -0.8948565 0.4059549 -0.3054304 -0.8613438 0.7907643 -0.2045733 -0.5769243 0.7429646 -0.4383116 -0.5058523 0.7423713 -0.3856641 -0.5478578 0.4059479 -0.5260653 -0.747303 0.4059491 -0.4196351 -0.8118569 0 -0.4591737 -0.8883465 -0.4059411 -0.3054321 -0.8613497 -0.4059518 -0.1855518 -0.8948596 -0.799174 -0.1220459 -0.5885795 -0.7430413 -0.1075853 -0.6605415 0.7706804 -0.370607 -0.518365 0.7431319 -0.3511949 -0.5695763 0.7423676 -0.3076437 -0.5951855 0.742365 -0.307645 -0.5951882 0.7430872 -0.2550886 -0.618669 -0.7428362 -0.1523703 -0.651903 -0.7423753 -0.2239163 -0.6314589 -0.4059504 -0.3054267 -0.8613471 -0.4059525 -0.4196384 -0.8118535 0 -0.5756255 -0.8177134 0.4059492 -0.5260624 -0.7473043 0.4059479 -0.6227376 -0.6688829 0.8025612 -0.4065015 -0.4366372 0.7429316 -0.47177 -0.4748533 0.7431222 -0.5418024 -0.392708 -0.7423732 -0.5189321 -0.4237826 -0.4059448 -0.7078465 -0.5780677 -0.4059473 -0.7078474 -0.5780648 0 -0.7745384 -0.6325269 0 -0.7745358 -0.63253 0.4059552 -0.7078378 -0.5780711 0.4059436 -0.7078529 -0.5780607 0.7764969 -0.4880502 -0.398572 0.7425878 -0.5142557 -0.4290739 -0.742367 -0.57171 -0.3493409 -0.4059501 -0.7798263 -0.4765245 -0.4059499 -0.7798267 -0.4765241 0 -0.8533062 -0.5214102 0 -0.8533018 -0.5214175 0.4059542 -0.7798213 -0.4765294 0.4059514 -0.7798309 -0.4765156 0.7423693 -0.5717039 -0.3493459 0.742361 -0.5717167 -0.3493425 -0.7852688 -0.5672956 -0.24805 -0.4059446 -0.8373511 -0.3661316 -0.4059495 -0.8373449 -0.36614 0 -0.9162394 -0.4006313 0.4059548 -0.8373429 -0.3661389 0.4059479 -0.8373485 -0.3661336 0.7423617 -0.6138826 -0.2684164 0.7950509 -0.5592306 -0.2348516 0.7430086 -0.6507114 -0.1565662 -0.8012576 -0.5756913 -0.1629905 -0.4059463 -0.8793336 -0.2489579 -0.4059489 -0.8793324 -0.2489582 0 -0.9621801 -0.2724143 0 -0.9621814 -0.2724095 0.4059576 -0.8793275 -0.2489612 0.405952 -0.8793311 -0.2489576 0.8012498 -0.575702 -0.1629914 0.7428826 -0.6386708 -0.2005625 -0.7423657 -0.6634778 -0.09322309 -0.4059462 -0.905007 -0.1271621 -0.4059517 -0.9050043 -0.1271636 0 -0.9902724 -0.1391427 0 -0.9902722 -0.1391438 0.4059498 -0.9050055 -0.1271615 0.4059503 -0.905005 -0.1271626 0.7423704 -0.6634723 -0.09322488 0.7423698 -0.6634727 -0.09322607 -0.7423645 -0.6699926 -0.002205014 -0.4059509 -0.91389 -0.003006577 -0.4059481 -0.9138913 -0.003007531 0 -0.9999946 -0.003290653 0 -0.9999946 -0.003291785 0.4059548 -0.9138882 -0.003007531 0.4059457 -0.9138922 -0.003007709 0.7423684 -0.6699882 -0.002205073 0.742368 -0.6699889 -0.002203702 0.7423695 -0.6156253 0.2643729 0.7430714 -0.6359921 0.2082285 0.7951288 -0.5845801 0.1613581 0.7427718 -0.6490187 0.1645142 0.7423738 -0.6640676 0.08885598 0.8160692 -0.5710307 0.0891909 0.7430654 -0.6667 0.05800825 0.7424607 -0.5724877 0.3478649 0.7578647 -0.5589317 0.3365063 0.4059507 -0.7829483 0.4713768 0.4059534 -0.8397355 0.3606192 0 -0.9188573 0.3945901 0 -0.9639526 0.2660742 -0.4059471 -0.8809527 0.2431656 -0.4059406 -0.9058268 0.1212029 -0.7961222 -0.5997906 0.08025377 -0.7430723 -0.6666923 0.05800884 -0.7427955 -0.6614973 0.1033253 -0.7423655 -0.6458447 0.1782643 -0.4059453 -0.8809537 0.2431649 -0.4059457 -0.8397402 0.3606168 0 -0.856714 0.5157917 0.4059532 -0.7829452 0.4713798 0.4059491 -0.7116383 0.5733903 0.801652 -0.4654902 0.3750639 0.7428883 -0.5087621 0.4350611 0.9878443 0 0.1554465 0.9637353 0.0673173 0.25823 0.9294185 0.01748931 0.3686127 0.8915492 -3.44006e-4 0.4529237 0.8071959 6.54267e-4 0.5902833 0.7066384 0.03639286 0.7066384 0.6863572 0.02650123 0.7267817 0.002593517 0 0.9999967 0.1100432 2.7863e-4 0.9939268 0.2757773 0.02169156 0.9609768 0.2587821 0.01680421 0.9657896 0.445182 1.35879e-4 0.8954402 0.5887617 -2.38607e-4 0.8083068 0 0.9063097 -0.4226142 0 0.9063064 -0.4226213 0.9290618 -0.3565945 -0.09841042 0.4741913 -0.8744297 -0.1025443 0.2386738 -0.9194443 -0.3125014 0.9856035 0.02552247 -0.1671362 0.9103429 0.03303223 -0.4125344 0.6575263 0.09860175 -0.7469518 0.1020674 0.1186768 -0.9876731 0.9999939 -0.003339946 -0.00101161 0.445151 -0.8490993 -0.2843783 0.2586385 -0.913632 -0.3136603 0.2585583 -0.8835116 -0.3905827 0.2585588 -0.883511 -0.3905838 0.2585607 -0.8433957 -0.4709885 0.258559 -0.8433932 -0.470994 0.2585562 -0.7959814 -0.5473231 0.2585546 -0.795979 -0.5473272 0.2585557 -0.7416805 -0.6189177 0.2585558 -0.7416766 -0.6189222 0.2585616 -0.6809561 -0.6851604 0.2585602 -0.680957 -0.6851601 0.2585616 -0.6143438 -0.7454715 0.2585561 -0.614342 -0.7454748 0.2585574 -0.5424114 -0.7993361 0.2585552 -0.5424147 -0.7993345 0.2585479 -0.4657925 -0.8462803 0.2585696 -0.4657899 -0.8462752 0.258548 -0.3851367 -0.8859022 0.2585604 -0.3851352 -0.8858992 0.258566 -0.3011519 -0.9178514 0.2585515 -0.3011486 -0.9178566 0.2585568 -0.2145595 -0.9418665 0.2585605 -0.2145547 -0.9418666 0.258557 -0.1261091 -0.9577291 0.2585605 -0.1261068 -0.9577283 0.258566 -0.03656834 -0.9653012 0.2585604 -0.03656828 -0.9653027 0.2585478 0.05328905 -0.9645275 0.2585695 0.05328816 -0.9645217 0.2585605 0.142683 -0.9553995 0.8116413 -0.5638018 -0.1528599 0.7050884 -0.6576849 -0.2651434 0.7067214 -0.6708622 -0.2246972 0.7067241 -0.6708604 -0.2246944 0.7067227 -0.6470792 -0.286062 0.7067242 -0.6470776 -0.2860623 0.7067208 -0.6177003 -0.3449523 0.7067239 -0.6176964 -0.3449531 0.7067217 -0.5829741 -0.4008561 0.7067258 -0.5829687 -0.400857 0.7067252 -0.5431994 -0.4532923 0.7067227 -0.5431995 -0.4532961 0.7067188 -0.498734 -0.5018098 0.7067259 -0.4987236 -0.50181 0.7067177 -0.4499462 -0.545984 0.7067234 -0.4499419 -0.5459803 0.7067253 -0.3972603 -0.585426 0.7067268 -0.3972574 -0.5854263 0.7067203 -0.3411464 -0.6198109 0.7067235 -0.3411411 -0.6198102 0.7067206 -0.2820755 -0.6488293 0.7067279 -0.2820706 -0.6488234 0.706721 -0.2205622 -0.6722335 0.7067235 -0.2205603 -0.6722316 0.7067257 -0.1571416 -0.6898155 0.7067238 -0.1571376 -0.6898183 0.7067209 -0.09236317 -0.7014377 0.7067233 -0.09236168 -0.7014353 0.706721 -0.02678257 -0.7069853 0.7067234 -0.02678173 -0.7069829 0.706726 0.03902763 -0.7064102 0.7067283 0.03902631 -0.7064079 0.7067476 0.1033599 -0.6998746 0.3653933 0.1388258 -0.9204429 0.991777 -0.1235874 -0.03323775 0.9654196 -0.2400199 -0.1017627 0.9658554 -0.2456687 -0.08228218 0.9658555 -0.2456683 -0.08228254 0.9658539 -0.2369661 -0.1047545 0.9658578 -0.23695 -0.1047545 0.9658552 -0.2262015 -0.1263195 0.9658558 -0.2261989 -0.12632 0.9658547 -0.2134865 -0.1467928 0.9658567 -0.2134782 -0.1467923 0.9658553 -0.1989207 -0.1659947 0.9658555 -0.1989188 -0.1659955 0.965855 -0.1826365 -0.1837611 0.9658569 -0.1826271 -0.1837606 0.9658558 -0.1647674 -0.1999359 0.9658552 -0.1647697 -0.1999369 0.9658559 -0.1454748 -0.214382 0.965856 -0.1454735 -0.2143824 0.9658554 -0.1249293 -0.226972 0.9658559 -0.1249225 -0.226973 0.9658564 -0.1032937 -0.2375959 0.9658557 -0.1032929 -0.2375994 0.9658558 -0.08076906 -0.2461686 0.9658555 -0.08076816 -0.2461698 0.9658558 -0.05754476 -0.2526087 0.9658555 -0.05754417 -0.2526099 0.9658551 -0.03382289 -0.2568656 0.9658562 -0.03382146 -0.2568616 0.9658558 -0.009808897 -0.2588946 0.9658555 -0.009806811 -0.2588956 0.9658551 0.01429122 -0.2586883 0.9658555 0.01429301 -0.2586869 0.9658509 0.03866046 -0.2561979 0.8246175 0.08446973 -0.5593488 0.2823032 -0.2258157 -0.9323692 0.9665977 -0.03584474 -0.2537795 0.9957042 -5.65847e-4 -0.09258973 0.9999958 0 -0.002893626 0.9156795 -0.1040073 -0.3882186 0.9787468 0.03961896 -0.2012088 0.798985 -0.03687697 -0.6002193 0.8643308 0.02182769 -0.5024499 0.7488232 2.10718e-4 -0.6627698 0.6062453 -4.21686e-4 -0.7952777 0.163231 0 -0.986588 0.2564458 0.01739364 -0.9664022 0.4619968 -0.0057199 -0.8868632 0.6383476 0.007576584 -0.769711 0.1377757 0.09550344 -0.9858484 0.1621234 0.1163104 -0.9798918 0.7069276 0.6524479 -0.2730661 0.7056373 0.6822831 -0.1912224 0.8110424 0.5586569 -0.1735302 0.7069696 0.6916943 -0.1474887 0.7056353 0.7056379 -0.06445175 0.7990461 0.5973063 -0.06892526 0.7070067 0.7070066 -0.01683139 0.8220949 0.5030362 -0.2666737 0.7056401 0.6363468 -0.3116644 0.7068784 0.5906267 -0.3892083 0.7933973 0.4891104 -0.3623421 0.7065721 0.5530177 -0.4415057 0.7068195 0.5083652 -0.4919056 0.7954987 0.4134964 -0.4429478 0.7066461 0.4616276 -0.5362381 0.7067609 0.4084973 -0.5775976 0.7964091 0.3257645 -0.5095195 0.7067229 0.3542884 -0.6123909 0.7066947 0.2944811 -0.6433222 0.7961609 0.2281877 -0.5604088 0.7067888 0.2347147 -0.6673519 0.7066192 0.1702578 -0.6868054 0.7947477 0.1232603 -0.5942922 0.7068448 0.1070442 -0.6992225 0.7065385 0.04011148 -0.706537 0.7921217 0.01363271 -0.610211 0.7068983 -0.02430796 -0.7068974 0.7064504 -0.09145128 -0.7018295 0.7882436 -0.09793823 -0.6075199 0.7069469 -0.1548041 -0.6901172 0.7063595 -0.219884 -0.6728353 0.7830032 -0.2086104 -0.585993 0.7069883 -0.2799243 -0.6494691 0.706264 -0.3407418 -0.6205533 0.7762897 -0.3155031 -0.5457401 0.7070215 -0.39535 -0.5863608 0.7061576 -0.4498494 -0.546788 0.7679273 -0.4157462 -0.4872812 0.7070562 -0.4970861 -0.5029683 0.7060504 -0.5434159 -0.4540838 0.7577003 -0.5065111 -0.4115054 0.7070712 -0.5816301 -0.40219 0.7059327 -0.6182182 -0.3456376 0.745341 -0.5850371 -0.319685 0.7070889 -0.646041 -0.2875004 0.7058167 -0.6716462 -0.2251982 0.7304967 -0.6486917 -0.2134797 0.707105 -0.6880983 -0.16286 0.7056862 -0.7018642 -0.09692144 0.712747 -0.6949673 -0.09493225 0.7071072 -0.7063539 -0.03261518 0.7056338 -0.7078138 0.03287416 0.7056381 -0.7078095 0.03287458 0.7071056 -0.7001774 0.09875923 0.7182064 -0.6777303 0.1576752 0.7057242 -0.6896294 0.1623718 0.705635 -0.6496364 0.2829344 0.7370546 -0.6177781 0.2740453 0.7070996 -0.6697741 0.2267438 0.7056376 -0.5061716 0.4958487 0.7697262 -0.4492744 0.4535132 0.707067 -0.5413078 0.4550188 0.7056362 -0.5876288 0.3959421 0.7540915 -0.5406394 0.3729013 0.7070851 -0.6161994 0.3468846 0.7056376 -0.2962553 0.6436679 0.7972741 -0.2395726 0.5540388 0.7070114 -0.3385691 0.6208913 0.7056381 -0.4079656 0.5793436 0.7840819 -0.3475846 0.514199 0.7070441 -0.4476838 0.5474192 0.7071743 -0.1336902 0.6942849 0.706972 -0.1454122 0.6921315 0.7113778 -0.1529473 0.6859656 0.7213592 -0.1596229 0.673915 0.7609941 -0.1723015 0.6254601 0.7680135 -0.1678804 0.6180385 0.7069752 -0.2177226 0.6728916 0.7071113 0.7071023 0 0.7071063 0.7071073 0 0.6986588 0.6986563 -0.1541282 0.6986571 0.6986579 -0.1541282 0.2180002 0.2272693 -0.9491178 0.2444499 0.1867451 -0.9515097 0.3601567 0.3284535 -0.8731583 0.6874306 0.5250632 -0.5017447 0.6406038 0.5959822 -0.4841818 0.5419576 0.392898 -0.7429087 0.5070509 0.4523727 -0.7336609 0.4176874 0.3194156 -0.8505945 0.4372988 0.1959353 -0.8777124 0.1280354 0.1451125 -0.981096 0.09815949 0.198056 -0.9752634 0.05812823 0.1624131 -0.9850093 0.1757083 0.335035 -0.9256772 0.7660346 0.003233551 -0.6427915 0.1736138 0.01428002 -0.9847103 0.1734142 0.01424825 -0.984746 0.4226036 0.01068389 -0.9062517 0.4999428 0.01542246 -0.8659211 0.5736359 0.007866263 -0.8190727 0.766027 0.00323534 -0.6428002 0.7649644 0.02470564 -0.6435986 0.7662808 0.02447628 -0.6420395 0.4949856 0.07091963 -0.8660022 0.5003213 0.07033574 -0.8629783 0.4047293 0.08286142 -0.9106746 0.1745727 0.09841662 -0.9797135 0.2950082 0.2314608 -0.9270363 0.7661818 0.06121432 -0.6397017 0.7692739 0.05966007 -0.6361277 0.4945949 0.1752822 -0.8512649 0.5073969 0.1713001 -0.8445146 0.1832924 0.2608497 -0.9478192 0.1734197 0.1771093 -0.968792 0.2585721 -0.2277306 -0.9387648 0.7067059 -0.2939076 -0.6435721 0.1302791 -0.7066922 0.6954233 0.6079996 -0.565879 0.556882 0.3820373 -0.6586968 0.6482022 0.7067222 -0.5951705 0.3825125 0.7069888 -0.5657103 0.4244275 0.6056457 -0.6254794 0.4919033 0.7070084 -0.5448592 0.450852 0.7065009 -0.5068836 0.4938882 0.7927869 -0.4344165 0.4275175 0.7067266 -0.6568042 0.2629563 0.7069752 -0.6352325 0.3109113 0.6072677 -0.7061749 0.3640646 0.7070364 -0.619663 0.3407598 0.7066965 -0.5952075 0.3825025 0.7067168 -0.6947104 0.1338989 0.7069451 -0.6822727 0.186367 0.6103934 -0.760011 0.2231664 0.7070496 -0.6725288 0.2186005 0.7067027 -0.6568338 0.2629461 0.7067295 -0.707484 0 0.706924 -0.7051303 0.05522483 0.61497 -0.7849798 0.0749579 0.707051 -0.701578 0.08869767 0.7067091 -0.6947194 0.133893 0.7067154 -0.6947126 -0.1338949 0.7069114 -0.7030009 -0.07788527 0.620938 -0.7803102 -0.074512 0.7070685 -0.7057537 -0.04434031 0.7066917 -0.7075217 0 0.706726 -0.6568059 -0.2629534 0.7068967 -0.6759663 -0.2082465 0.6282196 -0.7465187 -0.2192029 0.7070565 -0.6849573 -0.1757974 0.706703 -0.6947252 -0.1338956 0.7067195 -0.595175 -0.3825107 0.7068727 -0.624989 -0.3312399 0.6367239 -0.6853721 -0.3533383 0.707088 -0.6398462 -0.3010376 0.7066997 -0.6568366 -0.2629473 0.7067201 -0.5120353 -0.4882282 0.7068487 -0.5518701 -0.4424979 0.6463533 -0.5997748 -0.4716967 0.7071011 -0.5720937 -0.4155921 0.7066965 -0.5952075 -0.3825025 0.6462904 -0.4953405 -0.580471 0.7071051 -0.4840853 -0.515426 0.7067134 -0.5120475 -0.4882249 0.7067179 -0.4633032 -0.5346964 0.7067234 -0.410371 -0.576314 0.7067146 -0.4103969 -0.5763064 0.7067221 -0.3537312 -0.6127138 0.6627075 -0.3707673 -0.6506538 0.7071197 -0.3788984 -0.5970073 0.2583927 -0.6909998 0.6750946 0.2585492 -0.7593273 0.5971385 0.2585529 -0.7593311 0.5971322 0.2585492 -0.8126427 0.5222685 0.2585438 -0.8126589 0.522246 0.2585451 -0.8586125 0.4426499 0.2585467 -0.8586173 0.44264 0.2585528 -0.896797 0.3590345 0.2585345 -0.8968095 0.3590162 0.2585502 -0.926866 0.2721605 0.2585414 -0.926872 0.2721485 0.2585583 -0.9485372 0.1828244 0.2585414 -0.9485441 0.1828125 0.2585516 -0.9616233 0.09182518 0.2585372 -0.9616275 0.09182184 0.2585469 -0.9659987 0 0.258542 -0.9660001 0 0.2585493 -0.9616239 -0.09182524 0.2585397 -0.9616268 -0.0918219 0.2585504 -0.9485402 -0.1828203 0.2585462 -0.9485424 -0.1828145 0.2585542 -0.9268646 -0.2721616 0.2585378 -0.9268732 -0.2721477 0.2585474 -0.8967988 -0.3590337 0.2585389 -0.8968083 -0.3590163 0.2585508 -0.8586118 -0.442648 0.2585396 -0.8586189 -0.4426409 0.2585434 -0.8126433 -0.5222704 0.2585469 -0.8126596 -0.5222433 0.2585487 -0.759326 -0.5971404 0.2585482 -0.7593339 -0.5971305 0.2585656 -0.6991099 -0.6666253 0.2585173 -0.6991399 -0.6666126 0.2585404 -0.632586 -0.7300629 0.2585415 -0.6326062 -0.730045 0.258544 -0.5603077 -0.7868993 0.258533 -0.5603542 -0.7868697 0.2585486 -0.4830036 -0.8365766 0.2585294 -0.483004 -0.8365822 0.2585511 -0.4012761 -0.8787087 0.2585403 -0.4012977 -0.8787019 0.6782196 -0.2377233 -0.6953458 0.7071158 -0.2603186 -0.6574356 0.7067171 -0.2939077 -0.6435599 0.2585424 -0.2277507 -0.9387681 0.2585715 -0.1374756 -0.9561597 0.2585444 -0.1374738 -0.9561672 0.1734629 -0.0468623 -0.9837248 0.2585836 -0.05005985 -0.9646909 0.4222428 -0.04313594 -0.9054559 0.5731394 -0.03899276 -0.8185297 0.2585496 -0.3159441 -0.9128699 0.2585498 -0.3159514 -0.9128674 0.7067071 -0.2313929 -0.6685974 0.7067055 -0.1668026 -0.687564 0.7067109 -0.166801 -0.6875588 0.7067179 -0.1006817 -0.700295 0.7067038 -0.1006972 -0.700307 0.7068005 -0.03776949 -0.706404 0.7656944 -0.03060531 -0.6424761 -0.7540552 0.0168237 -0.6565957 -0.4969063 0.1842881 -0.8480107 -0.1745502 0.3302075 -0.9276289 -0.6127619 0.1296777 -0.7795554 -0.5546792 0.009375333 -0.8320116 -0.4283135 0.1294264 -0.8943133 -0.3291404 0.02341604 -0.9439907 -0.2789924 0.1096191 -0.9540162 -0.1642777 0.04543578 -0.9853672 -0.1594441 0.08892107 -0.9831942 -0.03327888 0.05654913 -0.9978451 -0.03581923 0.06792521 -0.9970473 0.1014177 0.07995373 -0.9916259 0.1270106 0.04534727 -0.9908643 0.2205529 0.09017968 -0.9711973 0.2848439 0.04753065 -0.9573948 0.3503731 0.1038209 -0.9308383 0.4938771 0.02975112 -0.8690227 0.5209775 0.07431966 -0.8503288 0.5858349 0.06999003 -0.8074025 0.5985935 0.09705203 -0.7951521 0.7614831 0.04314213 -0.6467474 -0.3864224 0.2520957 -0.887201 -0.3513159 0.1789096 -0.9190041 -0.2638083 0.2537699 -0.9305945 -0.2027517 0.188499 -0.9609162 -0.170179 0.2423933 -0.955136 -0.1000327 0.203234 -0.9740069 -0.09664279 0.2300747 -0.9683625 -0.02018225 0.2104171 -0.9774034 -0.0216186 0.2174406 -0.9758342 0.06180375 0.2247722 -0.9724494 0.07678997 0.2030335 -0.9761562 0.1349323 0.2310574 -0.9635381 0.1740056 0.2035933 -0.9634687 0.2153262 0.2390693 -0.9468266 0.3089525 0.1913764 -0.9316242 0.3262085 0.2202417 -0.9192833 0.3701738 0.2169684 -0.9032697 0.377546 0.2325386 -0.8963174 0.5009989 0.2003318 -0.8419427 -0.1284275 0.3528028 -0.9268422 -0.1212294 0.3377974 -0.9333791 -0.08550363 0.3654606 -0.9268915 -0.06829625 0.3471394 -0.9353234 -0.05527555 0.36794 -0.9282053 -0.03296869 0.3554797 -0.9341024 -0.03155404 0.3659151 -0.9301132 -0.006564855 0.3594966 -0.9331234 -0.007072329 0.3622258 -0.9320636 0.01988208 0.3646029 -0.9309509 0.02547144 0.3560441 -0.934122 0.04344332 0.3647516 -0.9300909 0.05849361 0.3539119 -0.9334479 0.06878447 0.3627322 -0.9293514 0.1061567 0.3447551 -0.9326708 0.1091971 0.3499416 -0.9303854 0.1267459 0.3490781 -0.9284826 0.1251055 0.3455978 -0.9300059 0.1759441 0.3361291 -0.9252357 0.7929408 -0.4305813 0.4310972 0.6085824 -0.54756 0.5742869 0.3826512 -0.6272812 0.6783041 0.1305212 -0.6642443 0.7360324 0.7927175 -0.4304182 0.4316704 0.7705231 -0.5552124 0.3131029 0.785667 -0.5500779 0.2830932 0.7108178 -0.6806532 0.1773397 0.7077738 -0.7064365 -0.001974701 0.668309 -0.7429731 0.03679984 0.6035596 -0.7972956 -0.005976855 0.5309614 -0.7950069 -0.2933329 0.4533291 -0.8851021 -0.105295 0.5841438 -0.810904 -0.03479886 0.403223 -0.8812915 -0.2464479 0.351221 -0.8992674 -0.2606953 0.3093102 -0.9015854 -0.3024418 0.1893675 -0.9263698 -0.3255442 0.1265279 -0.8704547 -0.4757093 0.6083523 -0.5474101 0.5746737 0.5938783 -0.6421481 0.4847211 0.6086278 -0.641499 0.4669596 0.520395 -0.7788823 0.3500453 0.5415029 -0.7860482 0.2981657 0.4717425 -0.8444751 0.2536156 0.4612751 -0.8555835 0.2349519 0.3814291 -0.9048503 0.1890975 0.3870118 -0.9173323 0.09339857 0.2813571 -0.9573671 0.06547194 0.2565323 -0.9658778 0.03565615 0.1490743 -0.9887397 0.01306563 0.1161176 -0.9878502 -0.1032897 0.382442 -0.6271347 0.6785574 0.3748685 -0.6850453 0.6246492 0.3845411 -0.6865068 0.6171196 0.3297426 -0.7709212 0.5449316 0.3460322 -0.7805255 0.5206167 0.3002179 -0.817131 0.4921038 0.2957229 -0.8243627 0.4826741 0.2435871 -0.8580622 0.4521003 0.2546448 -0.8790145 0.4031002 0.1819455 -0.90489 0.3847988 0.1701495 -0.9137477 0.3689367 0.09541356 -0.9309612 0.3524311 0.08241057 -0.9544702 0.2866969 0.1303779 -0.6641026 0.7361857 0.1285114 -0.6798613 0.7219927 0.1298894 -0.6803503 0.7212851 0.1143695 -0.7040756 0.7008545 0.1179425 -0.706943 0.6973673 0.1035821 -0.7179189 0.6883773 0.1028753 -0.7195813 0.6867455 0.08534914 -0.7314197 0.6765655 0.08930253 -0.739556 0.6671446 0.06400471 -0.7479507 0.6606611 0.06132507 -0.7513285 0.6570729 0.03417277 -0.7581526 0.6511813 0.03174382 -0.7722879 0.6344792 -0.7701324 0.07412236 -0.6335631 -0.769497 0.07472884 -0.6342634 -0.5071567 0.2127107 -0.8351925 -0.5044355 0.2142966 -0.836434 -0.1944584 0.3196108 -0.9273806 -0.1757103 0.3349879 -0.9256938 -0.7686236 0.05328017 -0.6374788 -0.7658286 0.05470716 -0.6407136 -0.5059311 0.1530076 -0.8488949 -0.4944735 0.1568099 -0.8549308 -0.1598556 0.2378157 -0.9580657 -0.1781106 0.3207975 -0.9302503 -0.3459143 0.2022125 -0.9162169 -0.1747642 0.1627961 -0.9710587 -0.1656379 0.07970362 -0.9829605 -0.7659174 0.01798421 -0.6426876 -0.7649532 0.01817226 -0.6438295 -0.5730153 0.04371327 -0.8183782 -0.4955219 0.05321848 -0.8669637 -0.4218297 0.05934107 -0.9047312 -0.1731004 0.0790053 -0.9817304 0 -0.8775034 -0.4795705 0 -0.8775132 -0.4795526 0 -0.9945774 -0.1039991 0 -0.9945774 -0.1039994 0 -0.957727 0.2876788 0 -0.9577335 0.2876569 0 -0.7726817 0.6347938 0 -0.7726683 0.6348101 -0.7927663 -0.434441 0.427531 -0.3820495 -0.6586926 0.6481993 -0.6079876 -0.5658962 0.5568776 -0.1302652 -0.706709 0.6954088 -0.7064982 -0.5068778 0.493898 -0.707014 -0.5448385 0.4508683 -0.605627 -0.6255003 0.4918999 -0.7069828 -0.5657106 0.424437 -0.7066938 -0.5952053 0.3825109 -0.7067059 -0.5951897 0.382513 -0.707022 -0.6196777 0.3407632 -0.607259 -0.7061802 0.3640688 -0.7069715 -0.6352339 0.3109167 -0.7067095 -0.6568217 0.2629584 -0.7067115 -0.6568213 0.262954 -0.7070484 -0.6725276 0.2186076 -0.6103744 -0.7600273 0.2231628 -0.7069622 -0.6822519 0.1863787 -0.7067027 -0.6947249 0.1338986 -0.70671 -0.6947175 0.1338983 -0.707051 -0.701578 0.08869767 -0.6149506 -0.784995 0.07495886 -0.7069353 -0.7051189 0.05522572 -0.7067037 -0.7075097 0 -0.7066866 -0.7075267 0 -0.7070495 -0.7057724 -0.04434382 -0.6209186 -0.7803257 -0.07451134 -0.7069215 -0.7029907 -0.0778864 -0.7067086 -0.694719 -0.1338975 -0.7067 -0.6947275 -0.1338987 -0.7070766 -0.6849338 -0.1758078 -0.6282002 -0.7465351 -0.2192028 -0.7069038 -0.675957 -0.2082527 -0.7067127 -0.6568191 -0.2629559 -0.7067093 -0.6568224 -0.2629573 -0.7070753 -0.6398597 -0.3010385 -0.6367154 -0.6853777 -0.3533426 -0.7068727 -0.6249841 -0.3312492 -0.706704 -0.5951898 -0.3825163 -0.7066973 -0.5952025 -0.3825087 -0.7070978 -0.5720911 -0.4156016 -0.6463315 -0.5998031 -0.4716905 -0.7068457 -0.5518684 -0.4425049 -0.706709 -0.5120444 -0.4882346 -0.7067096 -0.5120397 -0.4882386 -0.7070999 -0.4840818 -0.5154363 -0.6569584 -0.4937207 -0.5697768 -0.70683 -0.4591732 -0.5380999 -0.7067028 -0.4103969 -0.5763207 -0.7067116 -0.4103974 -0.5763096 -0.707111 -0.3789063 -0.5970126 -0.6684546 -0.3718726 -0.6441112 -0.7067927 -0.350233 -0.6146389 -0.7066974 -0.2939094 -0.6435807 -0.7067055 -0.2939042 -0.6435742 -0.7071053 -0.2603241 -0.6574447 -0.6806502 -0.2396208 -0.692313 -0.7067673 -0.2288427 -0.6694109 -0.7066971 -0.1668017 -0.6875728 -0.7067019 -0.1668008 -0.6875681 -0.7067086 -0.100691 -0.7003031 -0.7066954 -0.1006882 -0.7003169 -0.7656945 -0.03060305 -0.6424762 -0.7067915 -0.03777122 -0.7064129 -0.5731143 -0.03899216 -0.8185473 -0.4222428 -0.04313153 -0.9054561 -0.2583951 -0.6909924 0.6751011 -0.2585591 -0.7593168 0.5971475 -0.2585476 -0.7593314 0.5971341 -0.2585607 -0.8126397 0.5222676 -0.2585353 -0.8126571 0.5222529 -0.258549 -0.8586082 0.442656 -0.2585462 -0.8586174 0.4426397 -0.258547 -0.8968015 0.3590273 -0.2585365 -0.8968083 0.3590181 -0.2585476 -0.9268674 0.2721577 -0.2585402 -0.9268726 0.2721476 -0.258548 -0.9485418 0.1828157 -0.2585443 -0.9485428 0.1828159 -0.2585528 -0.9616228 0.09182655 -0.2585361 -0.9616279 0.09182047 -0.2585464 -0.9659989 0 -0.2585424 -0.9659999 0 -0.2585507 -0.9616233 -0.09182655 -0.2585402 -0.9616267 -0.09182113 -0.2585459 -0.9485423 -0.1828159 -0.2585486 -0.9485413 -0.1828175 -0.2585517 -0.9268661 -0.2721588 -0.2585386 -0.9268727 -0.2721487 -0.2585416 -0.8968034 -0.3590265 -0.2585411 -0.8968067 -0.3590185 -0.2585495 -0.8586138 -0.4426451 -0.2585431 -0.8586145 -0.4426474 -0.2585499 -0.8126484 -0.5222593 -0.2585404 -0.8126546 -0.5222542 -0.258554 -0.7593256 -0.5971387 -0.258544 -0.7593321 -0.5971347 -0.2585303 -0.6991356 -0.666612 -0.2585459 -0.699133 -0.6666087 -0.2585356 -0.6325859 -0.7300648 -0.258548 -0.6326001 -0.730048 -0.2585475 -0.5603175 -0.7868911 -0.2585308 -0.5603385 -0.7868817 -0.2585238 -0.48299 -0.836592 -0.258557 -0.4829996 -0.8365762 -0.2585665 -0.4012864 -0.8786994 -0.2585234 -0.401301 -0.8787054 -0.2585445 -0.3159431 -0.9128718 -0.2585554 -0.3159474 -0.9128672 -0.2585663 -0.2277371 -0.9387648 -0.2585481 -0.2277463 -0.9387676 -0.2585662 -0.1374751 -0.9561612 -0.2585496 -0.1374785 -0.9561651 -0.2585836 -0.05006134 -0.9646909 -0.173463 -0.04686003 -0.983725 -0.7858546 -0.5043299 0.357888 -0.1699838 -0.8647431 -0.4725728 -0.14548 -0.9839946 -0.1029102 -0.09880012 -0.9530471 0.2862513 -0.03651505 -0.7721702 0.6343659 -0.1351752 -0.9321575 -0.3358723 -0.3732431 -0.8812744 -0.2899053 -0.3985821 -0.8594327 -0.3201687 -0.4756056 -0.8697578 -0.1316086 -0.6184611 -0.7831628 -0.0645129 -0.571829 -0.8203482 0.006382346 -0.6865678 -0.7205432 0.0971713 -0.7504422 -0.654335 0.09317988 -0.7241159 -0.655992 0.21291 -0.7963356 -0.4930426 0.3503692 -0.1117534 -0.9937272 0.004168987 -0.3534332 -0.9338797 0.05434811 -0.3094206 -0.9418448 0.1311007 -0.4915037 -0.8444973 0.2127171 -0.4482344 -0.8553113 0.2598623 -0.5767363 -0.7304565 0.3657987 -0.5448338 -0.7431348 0.3884672 -0.6146665 -0.5971608 0.5153484 -0.6055056 -0.6030305 0.5193431 -0.07470494 -0.9348815 0.3470098 -0.23184 -0.8955373 0.37982 -0.2011135 -0.8850377 0.4198354 -0.3156883 -0.8236006 0.4711933 -0.2870005 -0.8208416 0.4938116 -0.3657497 -0.7444053 0.5586484 -0.3454519 -0.7467939 0.5682973 -0.3875008 -0.6589765 0.6446652 -0.3819468 -0.6609664 0.6459413 -0.02817332 -0.759629 0.6497461 -0.0808621 -0.7463 0.6606796 -0.07214707 -0.7400287 0.6686946 -0.1076883 -0.7209147 0.6846058 -0.1011009 -0.7185689 0.6880679 -0.123561 -0.6968151 0.7065277 -0.1197913 -0.6964801 0.7075066 -0.1310388 -0.6730548 0.7278916 -0.1305035 -0.67315 0.7278997 -6.16554e-5 -0.547417 0.83686 -0.002137899 -0.5857182 0.810512 0.003438889 -0.3502628 0.9366453 -1.58459e-4 -0.4006183 0.9162452 0 -0.2451403 0.9694877 0 -0.9756809 0.219196 -0.01764589 -0.9953808 0.09437006 -0.004154086 -0.9692882 0.2458925 0.008111953 -0.7849135 0.6195524 -0.01405036 -0.8722076 0.4889342 6.98369e-5 -0.7215046 0.6924097 0 -0.09444487 0.9955301 -0.9259791 -0.07083827 0.3708702 0 -0.2185562 -0.9758244 0 -0.2185544 -0.9758248 0 -0.8157632 -0.5783861 0 -0.8157625 -0.5783871 0 -0.4832305 -0.8754932 0 -0.4832305 -0.8754932 0 -0.3723891 -0.9280767 0 -0.3723892 -0.9280767 0 -0.5528445 -0.8332844 0 -0.7103292 -0.7038697 0 -0.7103291 -0.7038697 0 -0.8383001 -0.5452092 0 -0.8383005 -0.5452086 0 -0.9314401 -0.3638948 0 -0.9314397 -0.3638956 0 -0.9858785 -0.1674619 0 -0.9993544 0.03592896 0 -0.9993543 0.03592991 0 -0.9713073 0.237828 0 -0.902903 0.4298444 0 -0.9029031 0.4298444 0 -0.796983 0.6040018 0 -0.7969835 0.6040012 0 -0.6579491 0.7530624 0 -0.4915772 0.870834 0 -0.4915771 0.8708341 0 -0.3047809 0.9524226 0 -0.3047809 0.9524225 0 -0.10532 0.9944385 0 -0.10532 0.9944385 0 0.09851604 0.9951355 0 0.2982572 0.9544856 0 0.2982571 0.9544856 0 0.4856083 0.8741765 0 0.4856083 0.8741765 0 0.6527822 0.7575457 0 0.6527817 0.7575461 0 0.7928326 0.6094395 0 0.7928324 0.6094398 0 0.8999413 0.436011 0 0.9396926 0.3420203 0 0.7071064 -0.7071072 0 0.7071068 -0.7071068 0 0.8274063 -0.5616038 0 0.9762964 -0.2164379 0 0.9872297 0.159304 0 0.9872291 0.1593074 0 0.9940559 0.1088706 0 0.9940572 0.1088588 0 0.9320062 -0.3624425 0 0.9320102 -0.3624321 0 0.6593536 -0.7518331 0 0.6593477 -0.7518382 0 0.2376827 -0.9713429 0 -0.5267086 0.850046 0 -0.5267087 0.8500459 0 -0.3741319 0.9273755 0 -0.2106084 0.9775705 0 -0.04092323 0.9991624 0 -0.04092323 0.9991624 0 0.1299597 0.9915193 0 0.1299597 0.9915193 0.6305428 -0.3645652 0.6852065 0 -0.3958912 0.9182975 0 -0.2430832 0.9700055 0.1203332 -0.1617254 0.9794718 0 -0.08181577 0.9966475 7.13335e-7 0 1 6.63445e-6 0 1 -3.91458e-6 0 1 0 -0.06941407 0.9975879 0 -0.230292 0.9731217 0 -0.4243163 0.9055141 0 -0.424304 0.9055199 -0.001943349 -0.3609507 0.932583 0 -0.3603773 0.9328066 0 -0.3603762 0.9328072 0 -0.3603754 0.9328075 0 -0.3603767 0.9328069 -0.1122376 -0.3167656 0.9418398 0 -0.3832356 0.9236507 0.001893818 -0.3838037 0.9234127 0 -0.4243019 0.9055208 0 -0.4243004 0.9055215 0 -0.3603761 0.9328072 0 -0.2302921 0.9731217 -0.004494905 -0.234955 0.971996 0.001187205 -0.1513553 0.9884788 0 -0.1560959 0.987742 0 -0.2176229 0.9760329 0.0839082 -0.135321 0.9872424 0 -0.3210155 0.9470739 0 -0.2176248 0.9760325 0 -0.2176218 0.9760332 0 -0.2176229 0.9760329 0 -0.2176219 0.9760332 0 -0.3163162 0.9486539 -0.0576362 -0.1219804 0.9908577 0 -0.2176235 0.9760329 -0.7857654 -0.5030182 0.3599243 -0.16939 -0.8647161 -0.4728352 -0.1449127 -0.9839971 -0.103683 -0.09840238 -0.9534584 0.285016 -0.03643614 -0.7733614 0.6329177 -0.1345691 -0.9319578 -0.3366689 -0.3729647 -0.8811458 -0.2906537 -0.3977382 -0.8595831 -0.3208136 -0.4755895 -0.8697336 -0.1318269 -0.6184494 -0.7831473 -0.06481218 -0.5716524 -0.8204691 0.006630122 -0.6871283 -0.7199079 0.09791511 -0.7511505 -0.6535537 0.09295558 -0.7245696 -0.6549506 0.2145662 -0.7968625 -0.491109 0.3518838 -0.1112059 -0.9937927 0.003073871 -0.3528296 -0.9341721 0.05323338 -0.3086865 -0.9421746 0.1304599 -0.4916485 -0.8444814 0.2124456 -0.447964 -0.8553563 0.260181 -0.5773602 -0.7294934 0.3667351 -0.5448712 -0.7423694 0.389876 -0.6152934 -0.5947228 0.5174155 -0.6054506 -0.6010043 0.5217504 -0.07429838 -0.9353646 0.3457934 -0.2315841 -0.8961458 0.3785387 -0.2004734 -0.8854645 0.4192412 -0.3160166 -0.8235752 0.4710174 -0.2866681 -0.820739 0.494175 -0.3664029 -0.7432183 0.5597994 -0.3453719 -0.7456774 0.5698101 -0.3880869 -0.6561837 0.6471567 -0.3819251 -0.6583699 0.6486003 -0.0279631 -0.7606457 0.6485648 -0.08103424 -0.7472683 0.6595632 -0.07168763 -0.7405631 0.6681521 -0.1081793 -0.7209473 0.6844941 -0.1007015 -0.7182765 0.6884317 -0.1241685 -0.6954826 0.7077332 -0.1195684 -0.6950073 0.708991 -0.1315041 -0.6700983 0.7305306 -0.1305233 -0.6702484 0.7305688 -0.7657432 -0.6259427 -0.1477603 -0.6083747 -0.5527398 0.5695254 -0.7930229 -0.4247625 0.4366825 -0.3823838 -0.6436212 0.6629739 -0.1303416 -0.6925662 0.7094809 -0.7657361 -0.4493704 0.4601246 -0.7658755 -0.4835347 0.4238268 -0.6785349 -0.557128 0.4787473 -0.7660333 -0.5010948 0.4026129 -0.7657681 -0.5218158 0.3759089 -0.7657412 -0.5218572 0.3759064 -0.7658619 -0.5491022 0.3345779 -0.6880711 -0.6228954 0.3722359 -0.7660439 -0.5627266 0.3106696 -0.7657656 -0.5782427 0.2814934 -0.7657464 -0.5782675 0.2814945 -0.7658494 -0.5983784 0.2354107 -0.6981595 -0.6681572 0.2571756 -0.7660523 -0.607678 0.209503 -0.7657502 -0.6177682 0.1788554 -0.7657639 -0.6177493 0.1788614 -0.7658364 -0.6299114 0.1292529 -0.7087066 -0.6919662 0.1375419 -0.7660338 -0.6346328 0.102145 -0.765749 -0.6392098 0.07098782 -0.7126984 -0.7011563 0.02100068 -0.7657493 -0.6429383 0.01607465 -0.7657759 -0.6391773 0.07099157 -0.7660332 -0.6427479 -0.008266389 -0.7657593 -0.6419464 -0.0389558 -0.7657527 -0.6419543 -0.0389564 -0.7657424 -0.636285 -0.09370166 -0.7270905 -0.6795839 -0.0974937 -0.766035 -0.6317952 -0.1184287 -0.7406119 -0.6388833 -0.2081395 -0.765743 -0.6110182 -0.200735 -0.7657564 -0.6259263 -0.1477617 -0.766044 -0.6020882 -0.2250919 -0.765756 -0.5915991 -0.2522468 -0.765752 -0.591605 -0.2522448 -0.7657529 -0.567869 -0.3019061 -0.7657696 -0.5678457 -0.3019074 -0.7657682 -0.539953 -0.3493565 -0.7657484 -0.5399827 -0.3493538 -0.76576 -0.5081105 -0.3942532 -0.7657507 -0.5081338 -0.3942409 -0.7657488 -0.4725612 -0.4362507 -0.7657397 -0.4725778 -0.4362487 -0.7657369 -0.4335371 -0.4750714 -0.7657573 -0.4335169 -0.4750568 -0.765748 -0.3913269 -0.5103853 -0.7657398 -0.3913378 -0.5103893 -0.7657498 -0.3462513 -0.5419755 -0.7657672 -0.3462303 -0.5419644 -0.7660604 -0.3212203 -0.5567487 -0.7434658 -0.3105366 -0.5923054 -0.7657964 -0.2972728 -0.5702497 -0.7657503 -0.2488439 -0.5930457 -0.7657802 -0.2488263 -0.5930146 -0.766017 -0.2209588 -0.6036515 -0.7320543 -0.2089098 -0.6484237 -0.765798 -0.1950169 -0.6127985 -0.7657496 -0.1441646 -0.6267728 -0.7657662 -0.1441545 -0.6267549 -0.7660465 -0.1141044 -0.6325765 -0.7208533 -0.09704411 -0.6862601 -0.7658035 -0.0869742 -0.6371662 -0.7656653 -0.03140002 -0.6424723 -0.7656426 -0.03140079 -0.6424993 -0.4996162 -0.6052278 0.6197444 -0.4996492 -0.656988 0.5645508 -0.4996569 -0.6570035 0.5645259 -0.4996814 -0.7028315 0.5063067 -0.4996332 -0.7028698 0.5063012 -0.49965 -0.7435703 0.444357 -0.4996253 -0.7435913 0.4443496 -0.4996405 -0.778844 0.379159 -0.4996411 -0.7788554 0.3791345 -0.4996603 -0.8084 0.3111737 -0.4996418 -0.8084155 0.3111633 -0.499655 -0.8320507 0.240908 -0.499631 -0.8320689 0.2408947 -0.4996454 -0.849609 0.168876 -0.4996476 -0.8496072 0.1688786 -0.49965 -0.8609341 0.09561645 -0.4996368 -0.8609418 0.09561496 -0.499668 -0.8659464 0.02165442 -0.4996298 -0.8659684 0.02165126 -0.4996591 -0.8646315 -0.05247199 -0.4996414 -0.8646422 -0.05246496 -0.4996763 -0.8569683 -0.1262102 -0.4996548 -0.8569822 -0.1262005 -0.4996868 -0.8430321 -0.199023 -0.499628 -0.8430696 -0.1990121 -0.4996622 -0.8229399 -0.2703843 -0.499631 -0.8229641 -0.2703684 -0.4996519 -0.7968158 -0.3397538 -0.4996321 -0.796833 -0.3397427 -0.4996368 -0.7648598 -0.4066355 -0.4996457 -0.7648568 -0.4066307 -0.4996605 -0.7272645 -0.470559 -0.4996386 -0.7273027 -0.470523 -0.4996592 -0.6843796 -0.531004 -0.4996593 -0.6843839 -0.5309984 -0.4996796 -0.6364504 -0.5875809 -0.4996459 -0.6364942 -0.5875622 -0.4996713 -0.5838952 -0.63984 -0.4996576 -0.5839052 -0.6398413 -0.4996742 -0.5270413 -0.6874251 -0.4996387 -0.527068 -0.6874304 -0.4996441 -0.4663555 -0.7299784 -0.4996337 -0.4663673 -0.729978 -0.4996227 -0.402226 -0.7671973 -0.4996516 -0.4022492 -0.7671662 -0.4996451 -0.335159 -0.7987636 -0.4995985 -0.3351804 -0.7987837 -0.4996956 -0.2656208 -0.8244696 -0.4996564 -0.2656442 -0.8244857 -0.4996439 -0.1941751 -0.8441873 -0.4996666 -0.1941734 -0.8441743 -0.4996693 -0.1212726 -0.8576851 -0.4996821 -0.1212845 -0.8576759 -0.499596 -0.04228425 -0.8652259 -0.4995452 -0.04228788 -0.8652552 -0.1734651 -0.6866812 0.7059595 -0.1734965 -0.7469519 0.6418426 -0.1734842 -0.7469593 0.6418372 -0.1734972 -0.7990937 0.5756283 -0.1734927 -0.7991069 0.5756115 -0.1734831 -0.845385 0.5052009 -0.1735213 -0.8453863 0.5051855 -0.173501 -0.8854811 0.4310691 -0.1734927 -0.8854882 0.4310581 -0.1734887 -0.9191053 0.3537616 -0.1734867 -0.9190999 0.3537765 -0.1734904 -0.9459835 0.2738911 -0.1735106 -0.9459813 0.2738862 -0.1735036 -0.965937 0.1919957 -0.1735141 -0.9659335 0.192004 -0.173506 -0.9788153 0.1087032 -0.1735073 -0.9788146 0.1087068 -0.1735038 -0.9845255 0.0246185 -0.173509 -0.9845246 0.02461504 -0.1735115 -0.9830237 -0.05965131 -0.1734967 -0.9830263 -0.05965059 -0.1734958 -0.9743263 -0.1434837 -0.1734928 -0.9743263 -0.1434872 -0.1734912 -0.95849 -0.2262692 -0.1734992 -0.9584883 -0.2262703 -0.1734949 -0.9356347 -0.3073879 -0.1734995 -0.9356322 -0.3073931 -0.1734977 -0.9059222 -0.3862691 -0.1735076 -0.905921 -0.3862674 -0.1735013 -0.8695836 -0.4623004 -0.1735205 -0.8695713 -0.4623164 -0.1735128 -0.8268634 -0.5349677 -0.1734789 -0.8268641 -0.5349775 -0.1734637 -0.778104 -0.6037092 -0.1735032 -0.7780945 -0.6037099 -0.1734821 -0.7236231 -0.6680371 -0.1734896 -0.7236368 -0.6680204 -0.1734963 -0.6638609 -0.727453 -0.1734999 -0.6638683 -0.7274453 -0.1734951 -0.5992383 -0.7815451 -0.1734809 -0.5992264 -0.7815575 -0.1734968 -0.5302064 -0.8299278 -0.1735147 -0.5302095 -0.8299221 -0.1735603 -0.4573047 -0.8722094 -0.1734862 -0.4572994 -0.872227 -0.1735285 -0.3810543 -0.908122 -0.1734948 -0.3810569 -0.9081273 -0.173496 -0.3020207 -0.9373807 -0.1734583 -0.3020114 -0.9373908 -0.1734321 -0.2207627 -0.959784 -0.1735379 -0.2207528 -0.9597671 -0.1734642 -0.1378859 -0.9751399 -0.173485 -0.1378893 -0.9751357 -0.1734191 -0.048074 -0.9836742 -0.1734781 -0.04807364 -0.9836638 0 -0.877384 -0.479789 0 -0.8773847 -0.4797876 0 -0.9944926 -0.1048071 0 -0.9944953 -0.1047822 0 -0.9581174 0.2863758 0 -0.9581176 0.286375 0 -0.7738568 0.6333606 0 -0.7738691 0.6333457 -0.1735784 0.03260332 -0.9842802 -0.177408 0.1795835 -0.9676137 -0.7694706 0.06791323 -0.6350612 -0.7689414 0.06837147 -0.6356528 -0.5059882 0.1949834 -0.8402127 -0.5037022 0.1962009 -0.8413023 -0.177887 0.2971084 -0.9381273 -0.1735246 0.2987503 -0.9384229 -0.7681887 0.04883867 -0.638358 -0.7658513 0.04995918 -0.6410741 -0.504978 0.1403595 -0.8516435 -0.4953326 0.1432808 -0.8568058 -0.5768769 0.1193707 -0.8080617 -0.1689434 0.2520694 -0.952848 -0.7659383 0.01645946 -0.6427034 -0.7651206 0.01659929 -0.643673 -0.4994086 0.04730182 -0.8650743 -0.4961661 0.04769259 -0.8669167 -0.5771629 0.03968232 -0.8156644 -0.1702669 0.1052588 -0.9797601 0.7929091 -0.4283868 0.4333361 0.6085907 -0.5447076 0.5769846 0.382633 -0.623912 0.6814146 0.1304995 -0.6606422 0.7392712 0.7928992 -0.4283116 0.4334283 0.7705571 -0.5540445 0.3150819 0.7861644 -0.5488666 0.2840621 0.7113309 -0.6797898 0.1785894 0.7078399 -0.7063713 -0.00155574 0.6688431 -0.7424732 0.03718197 0.6036462 -0.7972303 -0.00594598 0.5314276 -0.7943126 -0.2943677 0.4533071 -0.8851322 -0.1051366 0.5840973 -0.8109442 -0.03463941 0.4034577 -0.8811774 -0.2464718 0.3511043 -0.8992612 -0.2608737 0.3092286 -0.9015474 -0.3026384 0.1892316 -0.9263095 -0.3257949 0.1264789 -0.8703477 -0.4759181 0.6085085 -0.5446601 0.577116 0.5938391 -0.6404107 0.4870619 0.6092223 -0.6398386 0.4684602 0.5204566 -0.7783456 0.3511456 0.5418491 -0.7856695 0.2985348 0.4718832 -0.8443168 0.2538806 0.4612012 -0.8556188 0.2349683 0.3814034 -0.9048359 0.1892181 0.3869921 -0.9173808 0.09300345 0.2812371 -0.957436 0.06497848 0.2563296 -0.965955 0.03501719 0.1489475 -0.9887676 0.01238125 0.1159812 -0.987782 -0.1040921 0.3825474 -0.6238832 0.6814891 0.3748244 -0.6828085 0.6271198 0.3851804 -0.6844043 0.6190533 0.3296922 -0.7700585 0.5461803 0.3464854 -0.780022 0.5210697 0.300287 -0.8169633 0.4923401 0.2956799 -0.8242871 0.4828292 0.243467 -0.8580672 0.4521555 0.2546926 -0.8793242 0.4023936 0.1818815 -0.9052263 0.3840373 0.1699516 -0.9141985 0.3679097 0.09532678 -0.9313423 0.3514463 0.08227485 -0.9548704 0.2854006 0.1304356 -0.6605499 0.7393649 0.1284855 -0.6773061 0.7243949 0.1304206 -0.6779711 0.7234264 0.114139 -0.7029429 0.7020283 0.1184056 -0.706309 0.697931 0.1036638 -0.7176128 0.688684 0.102815 -0.7195745 0.6867617 0.08519107 -0.7314741 0.6765265 0.08948075 -0.7403147 0.6662788 0.06403529 -0.7487261 0.6597794 0.06117409 -0.7523108 0.6559622 0.03415316 -0.7590972 0.6500809 0.03167986 -0.7734704 0.6330404 -0.763049 0.04265457 -0.6449316 -0.5013264 0.1856804 -0.8451005 -0.1747117 0.3041639 -0.9364616 -0.7265601 0.09338444 -0.6807275 -0.7032693 0.01106745 -0.7108374 -0.5513931 0.1217734 -0.8253102 -0.4914157 0.008626699 -0.8708825 -0.3775605 0.1173943 -0.9185134 -0.2824366 0.02230012 -0.9590268 -0.240987 0.09838217 -0.965529 -0.1327604 0.04249274 -0.9902369 -0.130252 0.07924497 -0.9883091 -0.0143187 0.05462962 -0.998404 -0.01577579 0.05956828 -0.9980996 0.09571933 0.07414996 -0.9926428 0.1188486 0.04663789 -0.9918165 0.199843 0.08422374 -0.9762015 0.2640708 0.039442 -0.9636966 0.3198 0.08842951 -0.9433495 0.4299146 0.03675872 -0.902121 0.4625835 0.08558648 -0.882435 0.5950865 0.04195654 -0.8025658 0.6129234 0.08551692 -0.7855011 0.7632488 0.043482 -0.64464 -0.4704471 0.2157325 -0.8556514 -0.4566785 0.1656062 -0.874082 -0.3441637 0.2331082 -0.909512 -0.3074967 0.163667 -0.9373682 -0.2315103 0.2318744 -0.9447948 -0.1726905 0.1731628 -0.9696353 -0.1465532 0.2206421 -0.9642818 -0.08054584 0.186578 -0.9791328 -0.07870376 0.2091414 -0.9747132 -0.008691251 0.1942639 -0.9809108 -0.00948143 0.1973124 -0.9802948 0.05824899 0.2062293 -0.9767684 0.0716201 0.1889993 -0.979362 0.1220703 0.2124598 -0.9695152 0.160597 0.1837049 -0.9697738 0.1960659 0.2149418 -0.9567436 0.2658339 0.1812949 -0.9468181 0.2865104 0.2123958 -0.9342377 0.3766669 0.184446 -0.9078004 0.3873752 0.210817 -0.8974947 0.5014402 0.185812 -0.845004 -0.1618116 0.3141181 -0.9354929 -0.1592608 0.3046097 -0.9390681 -0.1136969 0.3276702 -0.9379261 -0.1051583 0.311527 -0.9444008 -0.07522714 0.3368126 -0.9385617 -0.05773699 0.3194302 -0.9458493 -0.04758304 0.3375483 -0.9401049 -0.02640974 0.3265817 -0.9448 -0.0256617 0.335202 -0.9417968 -0.002809703 0.3303452 -0.9438561 -0.00309056 0.3315015 -0.9434497 0.01870566 0.3343588 -0.9422602 0.02363604 0.3277492 -0.9444691 0.03934824 0.3350335 -0.9413843 0.05377572 0.3237946 -0.944598 0.06355053 0.3323728 -0.9410047 0.09036475 0.3196381 -0.943221 0.0941978 0.325473 -0.9408476 0.1296123 0.3157704 -0.9399414 0.1294721 0.315428 -0.9400756 0.1756374 0.3083488 -0.9349184 0.7657561 -0.144162 -0.6267654 0.3823989 -0.6436037 0.6629822 0.1303914 -0.6912967 0.7107089 0.6083711 -0.5527291 0.5695395 0.7929775 -0.4260768 0.4354828 0.7657651 -0.5218207 0.3759084 0.7660349 -0.5010898 0.4026162 0.6785297 -0.5571315 0.4787503 0.7658755 -0.4835347 0.4238268 0.7656952 -0.4484773 0.4610628 0.7657641 -0.5782453 0.2814922 0.7660428 -0.5627284 0.3106691 0.6880578 -0.6229136 0.37223 0.7658444 -0.5491313 0.3345702 0.7657479 -0.5218467 0.3759072 0.7657691 -0.617744 0.1788579 0.7660534 -0.6076766 0.2095025 0.6981645 -0.6681516 0.257177 0.7658494 -0.5983784 0.2354107 0.7657582 -0.5782497 0.2814989 0.7657716 -0.6391828 0.07098942 0.7660338 -0.6346328 0.102145 0.7087202 -0.6919518 0.1375445 0.7658364 -0.6299114 0.1292529 0.76574 -0.6177801 0.1788578 0.7657459 -0.6419625 -0.03895479 0.7660515 -0.6427261 -0.008266568 0.7196484 -0.6941218 0.01735526 0.7658149 -0.6427729 0.019252 0.7657504 -0.6392079 0.07098966 0.7657389 -0.6259481 -0.1477597 0.766035 -0.6317952 -0.1184287 0.7308359 -0.6752697 -0.09944784 0.7657918 -0.6365714 -0.09132307 0.7657491 -0.6419585 -0.03895658 0.7657685 -0.3462369 -0.5419584 0.7657341 -0.3913367 -0.5103988 0.7657583 -0.3913168 -0.5103777 0.7657317 -0.4335507 -0.4750671 0.7657634 -0.4335092 -0.4750539 0.7657496 -0.4725617 -0.4362491 0.7657436 -0.4725724 -0.4362477 0.765774 -0.5080977 -0.3942422 0.765748 -0.5081288 -0.3942525 0.7657473 -0.5399833 -0.3493555 0.7657706 -0.5399542 -0.3493494 0.765763 -0.567858 -0.3019012 0.7657497 -0.5678725 -0.3019079 0.7657443 -0.5916169 -0.2522403 0.7657596 -0.5915938 -0.2522481 0.7660298 -0.6021072 -0.2250891 0.7421999 -0.6366962 -0.2091823 0.7657722 -0.6114867 -0.1991911 0.7657666 -0.6259133 -0.1477633 0.7420303 -0.3098741 -0.5944485 0.7660558 -0.3212371 -0.5567453 0.7657542 -0.3462367 -0.5419787 0.7657707 -0.2986346 -0.5695724 0.7657678 -0.2488463 -0.5930222 0.7657617 -0.2488287 -0.5930373 0.7657555 -0.1972292 -0.612143 0.7286052 -0.2076935 -0.6526852 0.7660149 -0.2209706 -0.6036499 0.1734516 -0.6876188 0.7050496 0.1735022 -0.7469415 0.6418532 0.1734829 -0.7469547 0.641843 0.1734825 -0.7990983 0.5756266 0.1735082 -0.7991003 0.5756158 0.1735 -0.8453848 0.5051955 0.1735009 -0.8453934 0.5051807 0.1735036 -0.8854898 0.4310506 0.1734849 -0.885487 0.4310638 0.1734932 -0.9190995 0.3537745 0.173484 -0.919104 0.3537672 0.1734911 -0.9459845 0.2738872 0.1735076 -0.9459816 0.2738866 0.1735045 -0.965937 0.1919948 0.1735132 -0.9659334 0.1920047 0.1735133 -0.9788135 0.1087072 0.1735048 -0.9788151 0.1087058 0.173506 -0.9845251 0.02461928 0.1735074 -0.9845249 0.02461433 0.1735079 -0.9830245 -0.05964845 0.1734947 -0.9830266 -0.05965161 0.1734966 -0.9743258 -0.1434862 0.1734959 -0.9743257 -0.1434879 0.1734912 -0.95849 -0.2262697 0.1735002 -0.9584879 -0.226271 0.1734998 -0.9356318 -0.3073939 0.1734988 -0.9356318 -0.3073945 0.1734944 -0.9059291 -0.3862542 0.1735098 -0.9059153 -0.3862797 0.1735045 -0.869582 -0.4623025 0.1735178 -0.8695721 -0.4623159 0.1735007 -0.826862 -0.5349738 0.1734892 -0.8268695 -0.5349658 0.1734839 -0.7780973 -0.6037119 0.1734839 -0.7780983 -0.6037106 0.1734816 -0.7236341 -0.6680254 0.1734901 -0.7236259 -0.668032 0.173515 -0.6638565 -0.7274525 0.1734834 -0.6638615 -0.7274554 0.1734827 -0.5992332 -0.7815519 0.1734938 -0.599229 -0.7815526 0.1734833 -0.5302091 -0.829929 0.173528 -0.5302092 -0.8299195 0.1735146 -0.4573078 -0.8722169 0.1735314 -0.457301 -0.8722171 0.1734818 -0.3810712 -0.9081238 0.1735413 -0.381042 -0.9081246 0.173547 -0.302012 -0.9373742 0.1734073 -0.3020185 -0.9373978 0.1734831 -0.2207576 -0.9597759 0.1734868 -0.220761 -0.9597744 0.4996178 -0.605234 0.6197369 0.4996477 -0.6570034 0.5645341 0.4996682 -0.6569864 0.5645359 0.4996492 -0.7028629 0.506295 0.4996596 -0.7028572 0.5062925 0.4996578 -0.7435683 0.4443515 0.4996451 -0.7435731 0.4443578 0.4996351 -0.7788546 0.3791444 0.4996534 -0.7788431 0.3791438 0.4996469 -0.8084145 0.3111577 0.4996516 -0.808408 0.3111668 0.499642 -0.8320608 0.2408999 0.4996575 -0.8320511 0.2409011 0.4996367 -0.8496155 0.1688694 0.4996585 -0.8496005 0.1688799 0.4996477 -0.8609355 0.09561645 0.499652 -0.8609331 0.09561532 0.4996555 -0.8659536 0.02165251 0.4996489 -0.8659574 0.02165138 0.4996453 -0.8646397 -0.05246722 0.499668 -0.8646265 -0.05246901 0.4996426 -0.8569896 -0.1261985 0.4996798 -0.8569672 -0.1262038 0.4996572 -0.8430528 -0.1990095 0.4996584 -0.8430492 -0.1990218 0.4996429 -0.8229568 -0.2703685 0.4996448 -0.8229549 -0.2703709 0.4996267 -0.7968401 -0.3397339 0.4996598 -0.7968108 -0.339754 0.4996282 -0.7648715 -0.4066246 0.4996607 -0.7648439 -0.4066364 0.4996457 -0.7272931 -0.4705306 0.499664 -0.7272707 -0.4705457 0.4996522 -0.6844019 -0.5309818 0.499664 -0.6843781 -0.5310015 0.4996642 -0.636475 -0.5875673 0.4996763 -0.6364577 -0.5875758 0.4996576 -0.5839217 -0.6398263 0.499678 -0.5838861 -0.6398429 0.4996642 -0.5270628 -0.6874159 0.4996576 -0.5270488 -0.6874313 0.4996681 -0.4663425 -0.7299702 0.4996241 -0.4663669 -0.7299847 0.4996391 -0.4022442 -0.767177 0.4996462 -0.4022304 -0.7671796 0.4996386 -0.3351784 -0.7987596 0.4996151 -0.3351658 -0.7987794 0.4996901 -0.2656383 -0.8244673 0.4996729 -0.26563 -0.8244804 0.4996652 -0.1941744 -0.8441748 0.4996571 -0.1941673 -0.8441812 0.7143331 -0.09464257 -0.6933766 0.766047 -0.1140999 -0.6325768 0.7657635 -0.1441609 -0.6267567 0.1734219 -0.04807347 -0.9836736 0.1734753 -0.0480737 -0.9836642 0.4995945 -0.04228717 -0.8652267 0.4995582 -0.04228508 -0.8652477 0.1734829 -0.1378865 -0.9751364 0.1734664 -0.1378882 -0.9751392 0.499691 -0.1212765 -0.8576719 0.4996722 -0.1212772 -0.8576827 0.7657404 -0.09004783 -0.6368148 0.7656428 -0.03139805 -0.6424994 0.7656653 -0.03140091 -0.6424723 0.1661742 0.2651039 -0.9497926 0.1683603 0.1181628 -0.9786176 0.7660045 0.002888381 -0.6428287 0.7660415 0.002888977 -0.6427847 0.4998726 0.008298039 -0.8660593 0.4999392 0.008313596 -0.8660206 0.1734861 0.01271247 -0.9847543 0.1736814 0.01273834 -0.9847195 0.7651225 0.02241629 -0.6434944 0.7662658 0.02223795 -0.6421388 0.4957045 0.06439322 -0.8661009 0.5002599 0.063941 -0.8635112 0.53552 0.05935567 -0.8424341 0.1740632 0.04531955 -0.9836911 0.7661145 0.05574363 -0.6402822 0.7687758 0.05455034 -0.6371877 0.4953436 0.1597947 -0.8538738 0.5062015 0.1567338 -0.8480535 0.5518138 0.1419706 -0.8217943 0.1768694 0.1921809 -0.9652895 0.7050247 -0.2264428 0.6720595 0.7050277 -0.2264426 0.6720564 0.7050262 -0.3656206 0.6076674 0.7050261 -0.3656224 0.6076664 0.7050266 -0.4877028 0.5148626 0.7050239 -0.4877073 0.5148621 0.7050262 -0.5869818 0.3979832 0.7050253 -0.5869824 0.3979836 0.7050262 -0.658813 0.2624948 0.7050248 -0.6588146 0.2624946 0.7050252 -0.6998399 0.1147325 0.7050253 -0.6998397 0.1147333 0.7050227 -0.7081447 -0.03839457 0.7050266 -0.708141 -0.03839373 0.7050272 -0.6833304 -0.1897268 0.7050246 -0.6833335 -0.1897253 0.7050255 -0.6265712 -0.3321862 0.7050274 -0.6265684 -0.3321875 0.7050246 -0.5405135 -0.459114 0.7050273 -0.5405102 -0.4591137 0.7050275 -0.4291772 -0.5645734 0.7050248 -0.4291796 -0.564575 0.7050274 -0.2977765 -0.6436347 0.7050241 -0.2977785 -0.6436374 0.7050272 -0.152452 -0.6926003 0.7050253 -0.1524533 -0.6926019 0.7065888 -0.03831034 -0.7065867 0.7065884 -0.03831064 -0.706587 0.7065887 0.03831166 -0.7065867 0.7065885 0.03830939 -0.706587 0.7050272 0.1524527 -0.6926001 0.7050254 0.1524521 -0.6926022 0.7050271 0.2977777 -0.6436344 0.7050241 0.2977785 -0.6436374 0.705026 0.4291778 -0.5645749 0.7050251 0.4291797 -0.5645745 0.7050262 0.5405112 -0.4591141 0.7050247 0.5405142 -0.4591128 0.705025 0.6265719 -0.3321859 0.7050253 0.6265711 -0.3321869 0.705025 0.683333 -0.1897254 0.7050266 0.683331 -0.1897266 0.7050237 0.7081438 -0.03839385 0.7050257 0.7081418 -0.03839439 0.7050215 0.6998437 0.1147329 0.705029 0.6998361 0.1147329 0.7050238 0.6588157 0.2624945 0.7050271 0.6588119 0.2624949 0.7050265 0.5869811 0.3979836 0.705025 0.5869832 0.3979832 0.705026 0.4877032 0.5148631 0.7050256 0.4877035 0.5148634 0.7050243 0.3656235 0.6076679 0.705028 0.3656195 0.607666 0.705027 0.2264431 0.6720569 0.7050254 0.2264422 0.6720589 0.7050259 0.07667613 0.7050244 0.7050252 0.07667654 0.705025 0.7050246 -0.07667529 0.7050257 0.7050265 -0.07667702 0.7050237 0 0.1950901 0.9807854 0 0.5555708 0.8314693 0 0.8314701 0.5555697 0 0.8314687 0.5555717 0 0.9807851 0.1950914 -0.3720377 0.7574557 -0.5365157 -0.1641909 0.851967 -0.4971856 -0.1752912 0.8575197 -0.4836662 -0.1330705 0.8899849 -0.4361414 -0.4105899 0.7808402 -0.4708551 -0.5091057 0.7290155 -0.4575455 -0.6207484 0.7647256 -0.1728184 -0.6863498 0.7129846 -0.1434471 -0.7069416 0.6972379 0.1187134 -0.706952 0.6972302 0.1186976 0.02190673 0.9969377 -0.07507002 0.1957947 0.9343571 0.2977271 0.2003459 0.9273213 0.3161277 0.8222284 0.568996 -0.01356989 0.8513818 0.5097509 0.1237059 0.753673 0.6551015 -0.0530951 0.8392969 0.5388374 0.07235318 0.5479181 0.8276394 0.1216506 0.5557944 0.8156711 0.1605408 0.5727711 0.785661 0.2338165 0.1939333 0.9382435 0.2865117 0.178045 0.945201 0.2736696 0.5223823 0.8293331 0.1983014 0.4872345 0.8697573 0.07826113 0.7746809 0.6321385 0.01644694 0.6859204 0.7097388 -0.1605744 0.6907295 0.7111274 -0.1311135 0.7040801 0.7030548 -0.09992671 0.007567226 0.9941839 0.1074293 0.02165746 0.9936984 0.1099759 0.0223664 0.9937078 0.1097483 0.03643912 0.9927329 0.1146892 0.03821146 0.9927068 0.1143383 0.05317306 0.9910289 0.1226146 0.05603426 0.9908891 0.1224697 0.07202517 0.9882447 0.1348517 0.07622265 0.987899 0.1350771 0.09286105 0.9839279 0.152521 0.09863644 0.9831917 0.1536389 0.106604 0.980575 0.1646459 0.1105051 0.979463 0.1686446 0.1197749 0.9759552 0.1821138 0.1285568 0.9743057 0.1849367 0.143613 0.9660828 0.2146148 0.1551169 0.9630024 0.220375 0.007901668 0.9942002 0.1072541 0.02544897 0.9967471 -0.07646948 0.07486897 0.9949018 -0.06756681 0.06267595 0.9949582 -0.07829487 0.1246576 0.9905884 -0.05652666 0.1091199 0.9909071 -0.07871389 0.1773388 0.9832925 -0.0410735 0.1626549 0.9839088 -0.07393884 0.2329069 0.9722996 -0.01969581 0.2239526 0.972544 -0.06327319 0.2924563 0.9562435 0.008243262 0.2898068 0.9561014 -0.04338508 0.3376323 0.9410259 0.02179062 0.3148212 0.9489075 -0.02150237 0.366699 0.928767 0.05407261 0.3753519 0.9268553 -0.00709784 0.4321184 0.8958033 0.1039726 0.1718164 0.9522578 0.2523576 0.1629417 0.9564918 0.2420198 0.487024 0.8612802 0.1449278 0.4470377 0.8937553 0.03686118 0.6729748 0.7392783 -0.02393144 0.6351934 0.7653443 -0.1038155 0.5129169 0.8385943 -0.1835104 0.5527181 0.8237913 -0.1259797 0.4790657 0.8523257 -0.20985 0.5158587 0.8414197 -0.1609433 0.3951463 0.8919633 -0.2196838 0.4168785 0.8872734 -0.1973783 0.2997335 0.9240527 -0.237248 0.3181903 0.921376 -0.2232069 0.2153938 0.9448741 -0.2466139 0.2238028 0.9441003 -0.2420475 0.1418839 0.9580293 -0.2490963 0.1327415 0.9585121 -0.2522587 0.08313518 0.9645375 -0.2505115 0.04365175 0.9653074 -0.2574418 0.03213256 0.9664614 -0.2547939 0 0.9858168 0.1678254 -0.02564281 0.993905 0.1072164 0.04733014 0.9986448 0.0216453 -0.01667058 0.9970393 -0.07506459 0.02023512 0.9753554 -0.2197101 0 0.9669623 -0.2549197 -0.4226951 0.09450674 -0.9013309 -0.6087606 -0.001983642 -0.7933515 -0.9842594 0.01842898 -0.1757667 -0.984259 0.01843172 -0.1757685 -0.9844265 0.03693801 -0.1718727 -0.9792611 0.06133538 -0.193095 -0.904489 0.04447495 -0.4241718 -0.8380967 0.01460599 -0.5453263 -0.8383017 0.2055233 -0.5049856 -0.8122137 0.1968147 -0.5491566 -0.820765 0.2997197 -0.4863262 -0.174239 0.5677539 -0.8045473 -0.1742425 0.5677576 -0.8045439 -0.1742412 0.3322235 -0.9269668 -0.1742405 0.3322265 -0.926966 -0.1748678 0.1026737 -0.9792239 -0.1748653 0.1026744 -0.9792243 -0.7917391 0.06370103 -0.6075289 -0.5370474 0.08796536 -0.838953 -0.5356371 0.2849041 -0.7949356 -0.5356355 0.2849025 -0.7949373 -0.5373672 0.4589945 -0.7075031 -0.5612921 0.4771835 -0.6762005 -0.4710816 0.6598725 -0.5853635 -0.1753492 0.7212586 -0.6701034 -0.3036906 0.7878934 -0.5357202 -0.1247183 0.7678227 -0.6284056 -0.1237384 0.8935878 -0.4314969 -0.9999959 0 -0.002893447 -0.99569 -2.4208e-4 -0.09274452 -0.9647914 -0.0152589 -0.2625735 -0.984426 0.001015245 -0.1757971 -0.9050799 -4.48035e-4 -0.4252415 -0.9053848 -3.88548e-4 -0.4245917 -0.7941691 6.48087e-4 -0.6076965 -0.7933508 4.5568e-4 -0.6087647 -0.6062442 -4.46253e-4 -0.7952784 -0.1304364 0 -0.9914567 -0.1757909 -0.006335616 -0.9844072 -0.3830329 0.004150569 -0.9237254 -0.4245939 0 -0.9053839 -0.6087645 0 -0.793351 -0.5594385 0.1602484 -0.8132337 -0.445151 -0.8490993 -0.2843783 -0.9471634 -0.2920461 -0.1326297 -0.991777 -0.1235874 -0.03323775 -0.9999939 -0.003339946 -0.00101161 -0.2411171 -0.91771 -0.3157072 -0.9280414 0.0725435 -0.3653447 -0.8527548 0.101977 -0.5122597 -0.4150847 0.1772636 -0.8923466 -0.08372259 -0.8678755 -0.4896761 -0.2585478 0.1426847 -0.9554026 -0.2585605 0.142683 -0.9553995 -0.258557 0.05328863 -0.9645252 -0.2585604 0.05328828 -0.9645242 -0.2585661 -0.03656846 -0.9653012 -0.2585604 -0.03656858 -0.9653027 -0.2585569 -0.1261096 -0.9577289 -0.2585605 -0.1261069 -0.9577283 -0.258566 -0.2145578 -0.9418645 -0.2585513 -0.2145576 -0.9418685 -0.258566 -0.3011519 -0.9178514 -0.2585515 -0.3011486 -0.9178566 -0.2585478 -0.3851388 -0.8859013 -0.2585607 -0.3851332 -0.8859001 -0.258566 -0.4657899 -0.8462762 -0.2585515 -0.4657925 -0.8462792 -0.2585564 -0.5424143 -0.7993344 -0.2585516 -0.5424124 -0.7993372 -0.258556 -0.6143471 -0.7454708 -0.2585617 -0.6143388 -0.7454756 -0.2585605 -0.6809582 -0.6851587 -0.2585613 -0.6809549 -0.6851617 -0.2585555 -0.7416799 -0.6189185 -0.258556 -0.7416772 -0.6189215 -0.2585549 -0.79598 -0.5473256 -0.2585549 -0.7959821 -0.5473227 -0.2585584 -0.8433962 -0.4709888 -0.2585613 -0.8433926 -0.4709936 -0.2585584 -0.883512 -0.3905817 -0.2585587 -0.8835107 -0.3905849 -0.258607 -0.9145988 -0.3108565 -0.7435643 0.02900093 -0.6680352 -0.5966046 -0.4111417 -0.6892209 -0.7067259 0.1045014 -0.6997271 -0.7067234 0.1045016 -0.6997296 -0.7067308 0.03902798 -0.7064053 -0.7067235 0.03902661 -0.7064127 -0.706726 -0.02678173 -0.7069804 -0.7067185 -0.02678251 -0.7069877 -0.7067208 -0.09236383 -0.7014376 -0.7067235 -0.09236049 -0.7014354 -0.7067309 -0.1571381 -0.6898109 -0.7067186 -0.157141 -0.6898229 -0.7067254 -0.2205641 -0.6722283 -0.7067189 -0.2205594 -0.6722365 -0.7067252 -0.2820734 -0.6488251 -0.7067244 -0.2820681 -0.6488284 -0.7067203 -0.3411464 -0.6198109 -0.7067235 -0.3411411 -0.6198102 -0.7067255 -0.3972605 -0.5854256 -0.7067266 -0.3972572 -0.5854266 -0.7067254 -0.4499416 -0.5459778 -0.7067182 -0.4499448 -0.5459845 -0.7067236 -0.4987291 -0.5018079 -0.7067211 -0.4987286 -0.5018119 -0.7067244 -0.5432006 -0.4532921 -0.7067229 -0.5432009 -0.4532943 -0.7067205 -0.5829752 -0.4008567 -0.7067278 -0.5829654 -0.4008582 -0.7067195 -0.6177021 -0.3449517 -0.7067229 -0.6176977 -0.3449527 -0.706723 -0.6470795 -0.2860608 -0.7067239 -0.6470774 -0.2860634 -0.7067183 -0.6708669 -0.224693 -0.7067271 -0.6708558 -0.2246986 -0.7050884 -0.6576849 -0.2651434 -0.4741867 -0.8744324 -0.1025434 -0.9927994 0.0235722 -0.1174474 -0.9424948 -0.1659029 -0.2901377 -0.9658566 0.03826785 -0.256236 -0.9658555 0.03826773 -0.2562395 -0.9658558 0.01429235 -0.2586858 -0.965855 0.01429194 -0.2586893 -0.9658558 -0.009808897 -0.2588946 -0.9658555 -0.009806811 -0.2588956 -0.9658558 -0.03382319 -0.2568632 -0.9658555 -0.03382176 -0.2568641 -0.9658558 -0.05754506 -0.2526088 -0.9658557 -0.05754417 -0.2526097 -0.9658561 -0.0807653 -0.246169 -0.9658557 -0.08076816 -0.2461696 -0.9658567 -0.1032912 -0.2375963 -0.9658557 -0.1032929 -0.2375991 -0.9658557 -0.1249268 -0.2269719 -0.9658553 -0.1249274 -0.226973 -0.9658552 -0.145478 -0.214383 -0.9658567 -0.1454686 -0.2143825 -0.9658563 -0.1647633 -0.1999373 -0.9658555 -0.1647688 -0.1999357 -0.9658565 -0.1826298 -0.1837595 -0.9658557 -0.1826328 -0.1837613 -0.9658552 -0.1989213 -0.1659948 -0.9658558 -0.1989178 -0.1659951 -0.9658538 -0.2134913 -0.1467923 -0.9658564 -0.2134787 -0.146793 -0.9658538 -0.2262074 -0.1263197 -0.9658561 -0.2261978 -0.1263197 -0.9658561 -0.2369566 -0.1047547 -0.9658554 -0.2369599 -0.1047545 -0.9658553 -0.245669 -0.0822826 -0.9658556 -0.245668 -0.08228212 -0.9659274 -0.2491464 -0.07007366 -0.8116413 -0.5638018 -0.1528599 1 6.12428e-7 0 1 -3.86449e-7 0 1 1.07428e-6 0 1 1.88955e-7 0 1 -3.03406e-7 0 1 4.65688e-7 0 1 -4.88304e-7 0 0.1778129 0.06569731 -0.9818689 0.09226202 9.37181e-4 -0.9957343 0.003522276 0 -0.9999938 -1 2.93265e-6 0 -1 -8.91185e-7 0 -1 1.2185e-6 0 -1 -5.60728e-7 0 -1 -1.04828e-6 0 -1 -1.16475e-6 0 -1 3.27067e-7 0 -1 -1.45587e-6 0 -1 4.30275e-6 0 -1 -4.26013e-6 0 -1 -1.60525e-6 0 -1 7.47995e-7 0 -1 -1.59734e-6 0 -1 1.40395e-6 0 -1 -8.97364e-7 0 -1 1.50786e-5 0 -1 -1.2384e-7 0 -1 4.10066e-7 0 -1 -2.10357e-6 0 -1 -3.90083e-7 0 -1 -3.97653e-7 0 -1 4.01917e-7 0 -1 2.0049e-7 0 -1 -3.70453e-6 0 -1 -3.71692e-7 0 -1 8.73326e-7 0 -1 -1.88797e-7 0 -1 6.2911e-7 0 -1 8.27302e-7 0 -1 -3.55768e-7 0 -1 1.74434e-7 0 -1 3.46152e-7 0 -1 3.40304e-6 0 -1 -2.53306e-6 0 -1 2.15426e-6 0 -1 6.98817e-7 0 -1 -3.12951e-7 0 -1 -3.55563e-7 0 -1 2.36571e-7 0 -1 2.34837e-7 0 -1 -2.36986e-7 0 -1 -1.56735e-6 0 -1 5.78358e-7 0 -1 -2.62329e-7 0 -1 -1.60846e-6 0 -1 3.99822e-7 0 -1 1.20304e-6 0 -1 -4.01903e-7 0 -1 8.03513e-7 0 -1 5.20317e-7 0 -1 -3.99388e-7 0 1 -7.29212e-7 0 1 -1.31387e-7 0 1 1.10946e-6 0 1 -1.42134e-7 0 1 -1.3294e-6 0 1 1.73117e-6 0 1 1.21247e-7 0 1 7.23857e-7 0 1 -1.1248e-6 0 1 1.02137e-6 0 9.71213e-6 0 1 6.37882e-6 0 1 -2.08031e-6 0 1 0.7302663 0.680696 -0.05800205 0.8067781 0.5906714 -0.01471233 0.01194667 0.989819 -0.1418294 0.09047394 0.9381373 -0.3342348 0.213124 0.9270973 -0.3083326 0.5848781 0.7763822 -0.2348372 0.6453571 0.7474133 -0.1577577 0.6067473 0.7703508 -0.1960037 0.5580728 0.7988988 -0.2243115 0.5116999 0.8226631 -0.2477676 0.2084513 0.9198541 -0.3322901 0.3546059 0.8988879 -0.2574011 0.2874708 0.9142799 -0.2853996 0.8292515 0.5566316 -0.05003196 0.8097203 0.5782628 -0.09982526 0.7779008 0.6140218 -0.1335955 0.6287897 0.77278 -0.08622485 0.4747458 0.859341 -0.1901304 0.3424041 0.913287 -0.2206044 0.17032 0.937666 -0.3029416 0.1658731 0.9377853 -0.3050327 0.07642686 0.944012 -0.3209367 0.2045465 0.9312261 -0.3016265 0.1688581 0.9331547 -0.3173474 0.5769694 0.7977952 -0.1750122 0.4858024 0.8412472 -0.2372747 0.8237054 0.5658325 -0.03664767 0.7459882 0.6533639 -0.1289081 0.5463032 0.6832078 0.4845411 0.9294114 0.3290588 0.1670773 0.8769766 0.4464502 0.1777479 0.8432807 0.4993841 0.1987291 0.8594604 0.5021981 0.09552431 0.8430939 0.5343204 0.06078338 0.5700227 0.7931474 0.214456 0.8653477 0.4927951 0.09125018 0.8634159 0.4984954 0.07755893 0.9040395 0.4158789 0.09878021 0.9021082 0.4233194 0.08367568 0.955047 0.2026153 0.2164083 0.8594265 0.5022455 0.09558135 0.6711157 0.5795335 0.4623253 0.6648042 0.6898294 0.2866547 0.6334971 0.6993837 0.3309742 0.6229164 0.7445524 0.2400352 0.5933406 0.7556061 0.2775006 0.5874255 0.775278 0.2321108 0.2023792 0.9220205 0.3300316 0.202337 0.92199 0.3301428 0.2074505 0.9156758 0.3442416 0.2118082 0.9022803 0.3755362 0.2209745 0.8984748 0.3793594 0.2276515 0.8701571 0.4370374 0.2397379 0.8638474 0.4430502 0.2431151 0.8368223 0.490534 0.2587524 0.8133348 0.5210892 0.2394639 0.8334842 0.4979569 0.5926702 0.6879355 0.4189113 0.642214 0.6381071 0.4247124 0 -0.7660441 -0.6427881 0 -0.7660436 -0.6427888 0 -0.766049 -0.6427823 -0.8659643 -0.3354504 0.3709164 -0.834538 -0.5154826 0.1944847 -0.8473178 -0.4872493 0.2112833 -0.6153365 -0.7629187 -0.198283 -0.6726078 -0.7321831 -0.1072694 -0.7672348 -0.640066 0.0408228 -0.1099451 -0.7620986 -0.6380579 -0.223458 -0.8227614 -0.5226188 -0.5076211 -0.809064 -0.2962032 -0.2222441 -0.8228418 -0.5230097 -0.1985644 -0.8480353 -0.4913332 -0.1553404 -0.8112509 -0.5636857 -0.7305918 -0.6824555 -0.02213662 -0.6342316 -0.7599413 -0.1422657 -0.5905982 -0.7897589 -0.1657555 -0.4876663 -0.8138664 -0.3159165 -0.36788 -0.8301253 -0.4189945 -0.7900152 -0.6070925 0.08552765 -0.8184973 -0.5326911 0.2151799 -0.8547759 -0.440678 0.2741554 -0.8655799 -0.348016 0.3600783 -0.8656172 -0.0307033 -0.4997641 -0.8706411 -0.02401137 -0.4913325 -0.8626001 -0.07469111 -0.5003423 -0.8658689 -0.06766039 -0.4956743 -0.8660233 -0.08875721 -0.4920629 -0.8669167 -0.1036825 -0.4875504 -0.8634265 -0.1130816 -0.4916375 -0.8688859 -0.1445667 -0.473432 -0.8658589 -0.1517091 -0.4767314 -0.8660145 -0.1750743 -0.4683673 -0.8664832 -0.171608 -0.468783 -0.862327 -0.2108512 -0.4603629 -0.8764528 -0.1862983 -0.4439859 -0.8633298 -0.2332682 -0.4474904 -0.8660017 -0.2423224 -0.4374026 -0.8660238 -0.2498676 -0.4330924 -0.866514 -0.2682086 -0.4209722 -0.866149 -0.2690724 -0.421172 -0.8655211 -0.3047497 -0.3974935 -0.8655145 -0.3047663 -0.3974951 -0.8661356 -0.3278512 -0.3772569 -0.862819 -0.3407593 -0.3733987 -0.8715758 -0.3508841 -0.3423973 -0.8646836 -0.369088 -0.3407291 -0.8660259 -0.3801039 -0.3248389 -0.865651 -0.3998239 -0.3013125 -0.870857 -0.3883533 -0.3013136 -0.8615546 -0.4303975 -0.2692241 -0.8661946 -0.4195536 -0.2714439 -0.8656293 -0.4399624 -0.238996 -0.8636279 -0.4451319 -0.2366529 -0.8693064 -0.4546696 -0.1938611 -0.8666105 -0.4574711 -0.1992653 -0.8660297 -0.4683431 -0.1750634 -0.8660215 -0.4697862 -0.1711952 -0.8628812 -0.4854013 -0.1407897 -0.8768872 -0.4570559 -0.1488918 -0.8629975 -0.4916935 -0.1160728 -0.8663947 -0.4892806 -0.09982353 -0.8660233 -0.4914465 -0.09210997 -0.8658377 -0.4954368 -0.06976789 -0.8672858 -0.4748867 0.1493253 -0.8660187 -0.4727051 0.1629772 -0.8659497 -0.467004 0.1789932 -0.8665597 -0.4940157 -0.07087254 -0.8651452 -0.5006007 -0.03037732 -0.8671764 -0.4972999 -0.02641749 -0.8660221 -0.4999644 -0.006429076 -0.8659965 -0.500033 0.004142522 -0.86356 -0.5040202 0.01509702 -0.8714178 -0.4887356 0.04205691 -0.8650208 -0.4986701 0.05538272 -0.8661493 -0.4936797 0.07788306 -0.8660218 -0.493654 0.07944917 -0.8657322 -0.4886805 0.1081629 -0.870972 -0.4813052 0.09875738 -0.8630371 -0.4852134 0.1404814 -0.8643523 -0.4679753 0.1841044 -0.8687373 -0.4453113 0.2167798 -0.8690542 -0.4446056 0.2169578 -0.8660905 -0.4376238 0.2416046 -0.865117 -0.4204502 0.2734857 -0.865525 -0.3492242 0.3590392 -0.8646165 -0.3498864 0.36058 -0.8668783 -0.3748965 0.3285951 -0.8658772 -0.3748614 0.3312638 -0.8660167 -0.3897799 0.3131883 -0.8669437 -0.3930083 0.3065177 -0.8631179 -0.4097604 0.2951676 -0.8767417 -0.4107224 0.2502622 -0.8660223 0 -0.5000056 -0.8660257 3.28141e-7 -0.4999995 -0.8660256 1.14778e-6 -0.4999998 -0.7431393 0 -0.6691367 -0.8349252 0.004872858 -0.5503419 -0.4067335 0.001519441 -0.9135456 -0.5045057 -2.41547e-4 -0.8634083 -0.7225969 3.4701e-4 -0.6912696 0.1262998 6.53896e-5 -0.9919922 -0.01738291 0.00157833 -0.9998478 0 0.001220941 -0.9999993 -0.1540563 -3.58513e-5 -0.9880622 -0.3037304 5.7039e-5 -0.952758 0.7431416 0 -0.6691343 0.7866927 0.002201437 -0.6173411 0.6192315 -3.76801e-4 -0.7852084 0.406751 8.7327e-4 -0.9135387 0.4399759 0.001780033 -0.8980079 0.2744171 -6.41418e-5 -0.9616108 0.866026 -5.20537e-6 -0.4999992 0.8660253 4.40772e-7 -0.5000001 0.8660252 0 -0.5000004 0.8645434 -0.349259 0.3613627 0.8655286 -0.3492207 0.3590337 0.8655251 -0.3492231 0.35904 0.8719109 -0.4104701 0.2669937 0.8667995 -0.3736641 0.3302029 0.8659077 -0.3761621 0.329706 0.865961 -0.3943553 0.3075641 0.8682786 -0.3867079 0.3107237 0.8631183 -0.4097594 0.2951677 0.8656518 -0.4275323 0.2605055 0.8660905 -0.4376238 0.2416046 0.8690536 -0.4446069 0.2169576 0.8687373 -0.4453113 0.2167798 0.8637638 -0.4705198 0.1803423 0.8658887 -0.4655092 0.1831338 0.8660192 -0.4727041 0.1629773 0.867285 -0.4748885 0.1493251 0.8630371 -0.4852134 0.1404814 0.8695847 -0.4821155 0.1067103 0.8658809 -0.4900412 0.1005493 0.8660163 -0.4939075 0.07791864 0.8662088 -0.4933341 0.07939791 0.8650215 -0.4986688 0.05538278 0.8714167 -0.4887376 0.04205685 0.86356 -0.5040202 0.01509702 0.8659974 -0.5000314 0.004142522 0.866023 -0.4999631 -0.006429076 0.8671738 -0.4973045 -0.02641737 0.8651468 -0.5005981 -0.03037738 0.8665375 -0.4942359 -0.06959754 0.8658603 -0.4952157 -0.07104593 0.8659827 -0.4899806 -0.09996592 0.8655136 -0.3047582 -0.3975033 0.8661357 -0.3278505 -0.3772572 0.8628196 -0.3407574 -0.373399 0.8715758 -0.3508842 -0.3423974 0.8646839 -0.3690873 -0.3407293 0.8660239 -0.3801102 -0.324837 0.8658084 -0.3953362 -0.3067331 0.8697431 -0.3941205 -0.2970122 0.8631682 -0.4239271 -0.2742742 0.8661843 -0.4236641 -0.265016 0.8654785 -0.4423205 -0.2351589 0.8629194 -0.4440539 -0.2412186 0.869307 -0.4546684 -0.1938613 0.8666098 -0.4574726 -0.199265 0.8660284 -0.4683461 -0.1750625 0.8660187 -0.4697917 -0.1711947 0.864543 -0.4778426 -0.1556664 0.8718518 -0.470384 -0.1364316 0.862998 -0.4916928 -0.1160728 0.8680457 -0.487987 -0.09146249 0.8655205 -0.3047605 -0.3974863 0.8661494 -0.2690708 -0.4211723 0.8665138 -0.2682094 -0.4209721 0.86602 -0.2498841 -0.4330905 0.8660017 -0.2423224 -0.4374026 0.86333 -0.2332673 -0.4474905 0.8717647 -0.2040126 -0.445427 0.8642153 -0.1946709 -0.4639345 0.8661848 -0.1749709 -0.4680908 0.8660242 -0.171864 -0.4695371 0.865744 -0.1461663 -0.4786677 0.8696669 -0.1496928 -0.4703954 0.8634265 -0.1130807 -0.4916375 0.8669167 -0.1036846 -0.48755 0.8660231 -0.0887596 -0.4920628 0.8659558 -0.07383835 -0.4946399 0.8637718 -0.06814748 -0.4992537 0.8697786 -0.03025788 -0.4925137 0.8657668 -0.02442783 -0.4998512 0.001472473 -0.7666894 -0.6420165 0.2234575 -0.8227624 -0.5226175 0.8340156 -0.5160711 0.1951633 0.8934091 -0.3453735 0.2872933 0.8473135 -0.4872555 0.2112865 0.7672527 -0.6400443 0.04082614 0.6079952 -0.7712464 -0.1884699 0.6740545 -0.7260119 -0.1362257 0.5076221 -0.8090631 -0.2962038 0.7004589 -0.7104454 -0.06800615 0.7710366 -0.6349935 0.04781067 0.8223938 -0.5286371 0.2102652 0.8335235 -0.5054653 0.2230325 0.8650152 -0.3591541 0.3503671 0.3437045 -0.8347736 -0.4301398 0.4016385 -0.8277314 -0.3918513 0.6085544 -0.7706205 -0.189224 0.525619 -0.8247288 -0.2086794 0.6321862 -0.7635378 -0.1317222 0.2226419 -0.8224002 -0.5235348 0.2222478 -0.8228357 -0.5230177 0.1672671 -0.8472206 -0.5042213 0 0.09645998 0.9953369 0.006717622 0.2272043 0.973824 0.004935801 0.2521381 0.9676787 0 0.76517 0.6438283 0.002615869 0.6847085 0.7288123 0.01131659 0.5680552 0.8229126 0.002952396 0.6347091 0.7727457 -0.001094341 0.4024152 0.9154567 -0.001094579 0.4024143 0.9154571 0 0.8597855 0.5106554 0.006447613 0.9111275 0.4120744 0 0.9533247 0.3019469 -2.48338e-7 0.9809431 0.1942958 0 0.9809455 0.1942834 0 0.9809454 0.1942838 1.75921e-7 0.9809464 0.1942787 0 0.9809444 0.1942887 2.67823e-7 0.9809471 0.194275 0 0.9809455 0.194283 0 0.995225 0.09760731 0 0.6425559 0.7662388 0 0.6425553 0.7662394 0 0.2305197 0.9730677 0 0.23052 0.9730677 0.8336685 0.5505316 0.04372429 0.8771317 0.4801065 -0.01174938 0.9516387 0.3047215 0.03909987 0.9474026 0.3196555 0.01576864 0.9337031 0.3580099 0.005261421 1 -1.28922e-7 0 1 -2.30902e-7 0 1 3.81203e-7 0 1 -4.67194e-7 0 1 -5.76705e-7 0 1 2.87777e-7 0 1 -1.43103e-7 0 1 1.41838e-7 0 1 2.32286e-7 0 1 0 0 1 -9.16633e-7 0 1 3.80772e-7 0 1 -3.77045e-7 0 1 5.76705e-7 0 1 3.81987e-7 0 1 3.78792e-7 0 1 -3.7438e-7 0 1 4.58317e-7 0 1 5.6975e-7 0 1 -2.8182e-7 0 1 1.43103e-7 0 1 -1.44114e-7 0 1 2.87224e-7 0 1 -5.70473e-7 0 1 9.38422e-7 0 0.7430775 -0.6556984 -0.1337746 -0.4061034 -0.6992793 0.588293 -0.406102 -0.6540344 -0.6382166 -0.7426913 -0.6538105 0.1447116 -0.7425151 -0.6673629 0.05742883 -0.7428569 -0.6629099 -0.09334921 -0.7431381 -0.6287001 -0.2290896 -0.742508 -0.2789323 -0.6089982 -0.7425169 -0.04107195 -0.668567 0.8737342 -0.3382197 0.3495657 0.7428435 -0.4648801 0.4817364 0.7564147 -0.4520912 0.4727055 0.3977512 -0.6301528 0.6668593 -0.8608634 -0.3318582 0.3857258 -0.7564139 -0.4520885 0.4727092 -0.4063463 -0.6309225 0.6609233 -0.5577184 -0.5570815 0.6153134 -0.3977507 -0.6301594 0.6668535 -0.7847595 -0.1810153 -0.5927783 -0.8183036 -0.3497205 -0.4561523 -0.7430742 -0.4389725 -0.5051176 -0.7425161 -0.4794043 -0.467805 -0.7425137 -0.4794043 -0.4678089 -0.7431377 -0.5086891 -0.4347206 -0.7429913 -0.5674298 -0.354947 -0.7671855 -0.5880584 -0.2561519 -0.7425114 -0.6433201 -0.186591 -0.743083 -0.6556919 -0.1337756 -0.8043101 -0.5933733 -0.03152042 -0.7425154 -0.5614964 0.3652297 -0.7430472 -0.5277161 0.4115781 -0.7996696 -0.4594709 0.3865424 -0.7429126 -0.501599 0.44326 -0.7428511 -0.4652506 0.481367 -0.4060993 -0.05603402 -0.9121095 0 -0.7958174 -0.6055367 -0.4061042 -0.7272377 -0.5533579 -0.4060981 -0.7272406 -0.5533585 -0.7611805 -0.5161169 -0.3927184 -0.7426023 -0.5348606 -0.4030706 -0.7425172 -0.6019778 0.2937531 -0.7425174 -0.5614925 0.3652318 -0.4060961 -0.7660358 0.4982723 -0.4060985 -0.6992828 0.5882921 0 -0.7652181 0.6437711 0 -0.6879757 0.7257337 0 -0.6879766 0.7257329 0 -0.4929642 0.8700497 0 -0.06131762 -0.9981184 0.4060934 -0.7895084 -0.4601792 0 -0.8639549 -0.5035694 0 -0.8639532 -0.5035722 -0.4061027 -0.7895051 -0.4601764 -0.4060953 -0.7895075 -0.460179 -0.8018082 -0.5162826 -0.3009254 -0.7429802 -0.5881384 -0.3194898 0 -0.9783309 0.2070477 -0.7430263 -0.6249333 0.2395215 -0.7425203 -0.6019749 0.2937513 -0.4060968 -0.8212659 0.4007589 -0.4060985 -0.7660346 0.4982723 0 -0.8382682 0.5452584 0 -0.7652216 0.643767 0.4060974 -0.6992838 0.5882917 0.4062403 -0.6269395 0.6647675 0.5729588 -0.5661017 0.592661 0.4061073 -0.0560339 -0.9121059 0.4060836 -0.05603468 -0.9121164 0.4061073 -0.1672613 -0.8983879 0.4060972 -0.3805299 -0.8308323 0.4060973 -0.2759754 -0.8711618 0 -0.3019951 -0.9533095 0 -0.1830334 -0.9831067 -0.4060968 -0.1672612 -0.8983926 -0.406095 -0.05603504 -0.9121113 -0.7425137 -0.04107367 -0.6685705 -0.7431257 -0.2342972 -0.6267927 -0.7425174 -0.2789276 -0.6089888 -0.4060942 -0.3805345 -0.8308315 -0.406092 -0.4793717 -0.7780052 0 -0.5245696 -0.8513677 0 -0.6248413 -0.7807519 0.4060992 -0.5709986 -0.7134733 0.4061 -0.6540363 -0.6382157 0.4060964 -0.8940278 0.1892095 0.406103 -0.8940252 0.1892071 0.4061007 -0.8641424 0.2972209 -0.7431247 -0.6609793 0.1042698 -0.775471 -0.6177015 0.1307278 -0.4060988 -0.894028 0.1892031 -0.406097 -0.8641455 0.2972168 0 -0.9456293 0.3252464 0 -0.8987079 0.4385477 0.4060946 -0.8212673 0.4007585 0.4060967 -0.766034 0.4982746 0.7425205 -0.5614902 0.3652289 0.7430476 -0.5277164 0.4115771 0.7427147 -0.1955584 -0.6404154 0.7429265 -0.1392404 -0.6547307 0.800384 -0.1097241 -0.5893609 0.7430382 -0.0988093 -0.6619145 0.7425085 -0.04107284 -0.6685763 0.7425262 -0.04107159 -0.6685567 0 -0.1830334 -0.9831067 0.4060956 -0.167263 -0.8983926 0.4060933 -0.2759718 -0.8711647 0.7784323 -0.1895702 -0.59842 0.7428718 -0.4073098 -0.5312629 0.7425207 -0.3513679 -0.5702663 0.4060947 -0.4793672 -0.7780065 0.4060969 -0.3805365 -0.8308293 0 -0.416413 -0.9091756 0 -0.3019949 -0.9533096 -0.4061011 -0.2759717 -0.8711611 -0.4061089 -0.1672598 -0.8983873 -0.8003818 -0.109726 -0.5893634 -0.7430353 -0.09880918 -0.6619179 0.8006272 -0.3219505 -0.505316 0.7431079 -0.3242841 -0.5853465 0.7425161 -0.278926 -0.6089912 0.7425149 -0.2789285 -0.6089915 0.743129 -0.2343054 -0.6267857 -0.742922 -0.1392388 -0.6547362 -0.7425214 -0.202281 -0.6385487 -0.4060919 -0.275973 -0.871165 -0.4060995 -0.3805305 -0.8308309 0 -0.4164167 -0.9091739 0 -0.5245763 -0.8513634 0.4060916 -0.4793738 -0.7780041 0.4061011 -0.5709943 -0.7134757 0.7966117 -0.377709 -0.4719596 0.7429897 -0.5674338 -0.3549441 0.742518 -0.5330566 -0.4056079 0.4061033 -0.7272364 -0.5533602 0.4061056 -0.654033 -0.6382156 0 -0.7157107 -0.6983969 0 -0.6248403 -0.7807526 -0.4060987 -0.570994 -0.7134772 -0.4060949 -0.479371 -0.7780041 -0.7883265 -0.3227461 -0.5238096 -0.7431079 -0.3242832 -0.5853471 0.7625329 -0.5166648 -0.3893598 0.7431402 -0.508684 -0.4347222 0.7425165 -0.4794016 -0.4678068 0.7425155 -0.4794084 -0.4678017 0.7430754 -0.4389733 -0.5051153 -0.7427861 -0.3597574 -0.5646622 -0.7425142 -0.4185363 -0.5229724 -0.4061025 -0.5709997 -0.7134705 -0.4061065 -0.6540343 -0.6382137 0 -0.7958149 -0.6055401 0.4060957 -0.7272425 -0.5533577 0.406102 -0.789504 -0.4601791 0.8018122 -0.5162772 -0.3009238 0.7429794 -0.5881412 -0.3194866 0.7431362 -0.6287024 -0.2290894 -0.7425155 -0.6156376 -0.2639339 -0.406098 -0.839899 -0.3600752 -0.4061002 -0.8398963 -0.3600791 0 -0.9190976 -0.3940302 0 -0.9190968 -0.3940319 0.4060971 -0.8398994 -0.3600754 0.4060993 -0.8398953 -0.3600823 0.7650919 -0.5918258 -0.2537255 0.7426289 -0.6139869 -0.2674369 -0.7425118 -0.6433199 -0.1865903 -0.4061034 -0.8776547 -0.2545632 -0.4060996 -0.8776568 -0.2545615 0 -0.9604175 -0.2785652 0 -0.9604172 -0.2785661 0.406093 -0.8776614 -0.2545567 0.4061017 -0.8776549 -0.2545648 0.7425166 -0.643314 -0.1865912 0.7425158 -0.6433155 -0.1865894 -0.7952925 -0.5985227 -0.09633481 -0.4060952 -0.9022188 -0.1452171 -0.4060962 -0.9022185 -0.1452154 0 -0.9872932 -0.1589096 0 -0.9872931 -0.1589106 0.4060882 -0.9022222 -0.1452159 0.4061042 -0.9022145 -0.1452189 0.7425209 -0.6613115 -0.1064412 0.8149674 -0.5738453 -0.08080786 0.7431016 -0.6691557 0.005545854 -0.742518 -0.6693708 -0.02469199 -0.406102 -0.9132067 -0.033688 -0.4060968 -0.9132091 -0.03368675 0 -0.9993203 -0.03686344 0 -0.9993203 -0.03686302 0.4060962 -0.9132093 -0.03368717 0.4060877 -0.913213 -0.03368633 0.7903157 -0.6122834 -0.02258765 0.7428131 -0.6685562 -0.03551399 -0.4060991 -0.9104642 0.07834917 0 -0.9963178 0.08573806 0 -0.9963181 0.08573454 0.4060963 -0.9104654 0.07834869 0.4060974 -0.910465 0.07834953 0.7425246 -0.6673524 0.05742847 0.7425108 -0.6673677 0.05742859 0.7425177 -0.601979 0.2937495 0.7430289 -0.6249306 0.2395201 0.800956 -0.5661697 0.1947342 0.7429493 -0.6385245 0.2007805 0.7425206 -0.6553088 0.1386858 0.7805691 -0.6103 0.1350782 0.7431308 -0.6609711 0.1042774 -0.7430966 -0.6691613 0.00554192 -0.7425193 -0.6673582 0.05743032 -0.4060934 -0.9104668 0.07834774 -0.4060907 -0.8940309 0.1892069 0 -0.9783311 0.2070467 0 -0.94563 0.3252446 0.4060965 -0.864146 0.2972162 0.4060958 -0.8212665 0.4007589 0.7425203 -0.6019744 0.2937525 0.7425155 -0.5614975 0.3652279 -0.7429425 -0.6385326 0.2007803 -0.8009492 -0.5661798 0.1947335 -0.4061016 -0.8641425 0.2972193 -0.4060965 -0.821267 0.4007573 0 -0.8987059 0.4385519 0.4060967 -0.7660344 0.4982738 0.4060979 -0.6992807 0.5882951 0.7996731 -0.4594655 0.3865419 0.742914 -0.5015996 0.443257 0 -0.936861 -0.3497021 -0.002556979 -0.9293355 -0.3692275 0.1920362 -0.897589 -0.3968074 -0.005024433 -0.9460352 -0.3240251 -0.01672458 -0.9466751 -0.3217555 0 0.1477069 -0.9890312 0.002956748 0.1143773 -0.993433 -8.20367e-4 0.05516445 -0.9984771 0 0.02157145 -0.9997673 0 -0.03785586 -0.9992833 0.002218782 -0.06305325 -0.9980078 -0.001015782 -0.1305474 -0.9914416 0 -0.1555173 -0.9878332 0 -0.2221108 -0.9750214 0.001480996 -0.2384978 -0.971142 -9.45268e-4 -0.3117507 -0.9501636 0 -0.3277074 -0.9447793 0 -0.3986938 -0.9170842 7.431e-4 -0.4064288 -0.9136822 -6.08272e-4 -0.4821867 -0.8760684 0 -0.4895724 -0.8719628 0 -0.5615076 -0.8274717 5.38009e-6 -0.561557 -0.8274382 -5.31007e-6 -0.635969 -0.7717146 0 -0.6360145 -0.7716773 0 -0.7049271 -0.7092798 -7.3268e-4 -0.6989939 -0.7151272 8.63694e-4 -0.7677849 -0.6407073 0 -0.7624209 -0.6470814 0 -0.8239994 -0.5665908 -0.001470625 -0.8144097 -0.5802885 0.001998424 -0.8730813 -0.4875707 0 -0.8648097 -0.5020999 0 -0.9041717 -0.4271693 -0.6647866 -0.7135785 -0.2210533 -0.4240732 0.2331748 -0.8750951 -0.1410048 0.06733924 -0.9877161 -0.1532379 0.1254328 -0.9801963 -0.5298561 0.03818345 -0.8472276 -0.5554317 0.05012762 -0.8300499 -0.5552491 0.1055657 -0.8249573 -0.5319426 -0.1008943 -0.8407483 -0.5554077 -0.08846622 -0.8268591 -0.5552401 -0.03093069 -0.8311149 -0.5552445 -0.03093075 -0.8311118 -0.5555211 0.01596474 -0.8313493 -0.5347908 -0.236688 -0.8111582 -0.5553952 -0.2246045 -0.8006803 -0.5552446 -0.1665929 -0.8148316 -0.5552445 -0.166593 -0.8148315 -0.5555465 -0.1223683 -0.8224319 -0.5383914 -0.365314 -0.7593949 -0.5553591 -0.3545118 -0.7522618 -0.5552451 -0.2977582 -0.7765585 -0.5552447 -0.2977586 -0.7765585 -0.5555506 -0.2572978 -0.7906715 -0.643105 0.1294176 -0.754763 -0.5277619 -0.2821398 -0.8011645 -0.5292767 0.1158922 -0.840497 -0.1950074 0.1148596 -0.9740531 -0.1949315 0.04415935 -0.9798223 -0.1949325 0.04415881 -0.979822 -0.1949377 -0.03647679 -0.9801371 -0.1949265 -0.03647702 -0.9801394 -0.1949438 -0.1168652 -0.9738273 -0.1949325 -0.1168658 -0.9738295 -0.1949254 -0.1964652 -0.96094 -0.1949325 -0.196465 -0.9609385 -0.1949316 -0.2747369 -0.9415526 -0.1949265 -0.2747369 -0.9415538 -0.1949255 -0.3511502 -0.9158045 -0.1949326 -0.3511508 -0.9158026 -0.1949315 -0.4251906 -0.8838635 -0.1949265 -0.4251919 -0.8838641 -0.1949316 -0.4963583 -0.8459493 -0.1949324 -0.4963582 -0.8459492 -0.1949317 -0.5641695 -0.8023182 -0.1949325 -0.5641694 -0.802318 -0.1949318 -0.628169 -0.7532632 -0.1949325 -0.6281688 -0.7532631 -0.1949346 -0.6879214 -0.6991171 -0.1949266 -0.6879217 -0.699119 -0.1949316 -0.743026 -0.6402454 -0.1949293 -0.7430256 -0.6402466 -0.1949315 -0.7931076 -0.577046 -0.1949322 -0.7931073 -0.5770462 -0.1949316 -0.8378274 -0.5099481 -0.1949325 -0.8378276 -0.5099474 -0.1949332 -0.8768837 -0.4394043 -0.1949294 -0.876886 -0.4394013 -0.1949321 -0.9100151 -0.3658882 -0.194929 -0.9100153 -0.3658891 -0.194975 -0.9350914 -0.2959544 -0.1675876 -0.9418106 -0.2913889 -0.4833886 -0.8378565 -0.2536376 -0.5554207 -0.7911249 -0.2561821 -0.5552482 -0.7716484 -0.3102555 -0.5552435 -0.7716519 -0.3102547 -0.555245 -0.7435566 -0.3725945 -0.5552464 -0.7435575 -0.3725906 -0.5552452 -0.7104383 -0.4324123 -0.5552477 -0.7104366 -0.4324116 -0.5552469 -0.6725168 -0.4893078 -0.5552451 -0.6725163 -0.4893106 -0.5552444 -0.6300526 -0.5428973 -0.5552465 -0.6300494 -0.5428988 -0.5552445 -0.5833262 -0.5928189 -0.5552468 -0.5833247 -0.5928182 -0.5552461 -0.5326586 -0.6387305 -0.5552452 -0.5326582 -0.6387317 -0.5552445 -0.4783901 -0.6803283 -0.5552444 -0.4783893 -0.680329 -0.5552401 -0.4208916 -0.7173275 -0.5552487 -0.4208884 -0.7173227 -0.5555601 -0.3850733 -0.736934 -0.6978514 -0.6710199 -0.2504715 -0.7082676 -0.3456104 -0.6155571 -0.7050735 -0.3588689 -0.6116244 -0.7090322 -0.3959967 -0.5834895 -0.7057759 -0.4074946 -0.5795072 -0.7080668 -0.4491193 -0.5449158 -0.7067629 -0.4530899 -0.5433193 -0.706896 -0.494411 -0.505822 -0.7061883 -0.4965918 -0.5046729 -0.7075302 -0.5387898 -0.4572818 -0.7096481 -0.5337422 -0.4599117 -0.7044011 -0.5780703 -0.4118908 -0.7066601 -0.5721407 -0.4162772 -0.7066576 -0.6119012 -0.3552634 -0.7136818 -0.5983504 -0.3641912 -0.7015384 -0.6443436 -0.3044099 -0.7071934 -0.6320999 -0.3167448 -0.7052441 -0.6677002 -0.2383428 -0.8113838 -0.5423198 -0.2180495 -0.7041537 -0.6782492 -0.2101088 -0.7108188 -0.2858718 -0.6426616 -0.7069124 -0.3015181 -0.6398138 -0.7070956 -0.3274831 -0.6267141 -0.7122635 -0.1674045 -0.6816572 -0.7069405 -0.1910285 -0.6809869 -0.7069511 -0.2317754 -0.6682068 -0.7100438 -0.2178971 -0.669596 -0.7046054 -0.2540493 -0.6625635 -0.7133726 -0.044187 -0.6993905 -0.7069666 -0.0752393 -0.7032335 -0.7070269 -0.1099803 -0.6985824 -0.7080115 -0.1039296 -0.6985116 -0.7053664 -0.1419867 -0.6944769 -0.7079147 0.1193622 -0.6961391 -0.7105078 0.08931988 -0.6979976 -0.7141515 0.0800634 -0.6953974 -0.706989 0.04263228 -0.7059385 -0.707078 0.01525443 -0.706971 -0.7069057 0.01357942 -0.7071774 -0.7073444 -0.02628839 -0.7063801 0 0.1896101 -0.9818595 0.007183015 0.1260017 -0.992004 1.96886e-4 0.06605482 -0.997816 0 0.002041161 -0.999998 -0.7064508 -0.3617323 0.6083396 -0.7434952 -0.3359277 0.5782452 -0.763042 -0.3235782 0.5595214 -0.7057877 0.7039466 0.07951647 -0.75027 0.6562799 0.07994812 -0.7070957 0.7066862 0.02470535 -0.7057864 0.7071469 -0.04253321 -0.75332 0.6568102 -0.03330504 -0.7070946 0.7004988 -0.09653371 -0.7057831 0.6893455 -0.1633185 -0.7563212 0.6380665 -0.1443939 -0.7070898 0.6736699 -0.2149254 -0.7057861 0.651063 -0.2792543 -0.7592733 0.600802 -0.2500822 -0.7070899 0.6269816 -0.3269833 -0.7057908 0.5934392 -0.386897 -0.7621817 0.5462973 -0.3473303 -0.7070846 0.5618185 -0.4294083 -0.7057893 0.518198 -0.4830448 -0.7650448 0.4763345 -0.433373 -0.7070806 0.4800974 -0.5191758 -0.7057852 0.4275652 -0.5648499 -0.7678641 0.393126 -0.5058031 -0.7070809 0.3842234 -0.5936405 -0.7057859 0.3242268 -0.6298756 -0.7706407 0.29925 -0.5626387 -0.7070733 0.277023 -0.6506194 -0.7057854 0.2112616 -0.676192 -0.7733701 0.1975724 -0.6023819 -0.7070775 0.16166 -0.6884095 -0.7057855 0.09202092 -0.7024237 -0.776051 0.0911554 -0.6240479 -0.7070747 0.0415315 -0.7059183 -0.7057814 -0.02995336 -0.7077962 -0.7787016 -0.01683819 -0.6271685 -0.7070667 -0.07982212 -0.7026273 -0.7057896 -0.1510378 -0.6921334 -0.7813078 -0.1232207 -0.6118617 -0.7070655 -0.1988237 -0.6786218 -0.7057942 -0.2676309 -0.655918 -0.7838724 -0.2248908 -0.5787644 -0.7070634 -0.3119691 -0.6346154 -0.7057899 -0.376282 -0.600227 -0.7863981 -0.3189139 -0.5290293 -0.7070535 -0.4159179 -0.5719158 -0.7057912 -0.4737553 -0.5267019 -0.7888851 -0.4026192 -0.4642826 -0.7070472 -0.5076153 -0.4923526 -0.7057852 -0.5571593 -0.4375396 -0.7913347 -0.4736481 -0.3865836 -0.7070446 -0.5843501 -0.3982751 -0.7057864 -0.6240108 -0.3353747 -0.7937445 -0.5300624 -0.2983351 -0.7070469 -0.6438578 -0.2924582 -0.7057906 -0.672324 -0.2232493 -0.796114 -0.5703527 -0.2022383 -0.7070343 -0.6844049 -0.1780241 -0.7057891 -0.700673 -0.1044954 -0.7984496 -0.5934981 -0.1011849 -0.7070327 -0.7047703 -0.05833983 -0.7057907 -0.7082076 0.01736408 -0.8007529 -0.5989922 0.001808047 -0.7070249 -0.704371 0.0630657 -0.7057897 -0.6947095 0.1387075 -0.8030233 -0.5868553 0.1037034 -0.7070235 -0.6832059 0.1826132 -0.7057896 -0.6605761 0.2559306 -0.8052504 -0.5576365 0.2015275 -0.7070172 -0.6419097 0.2967807 -0.7057871 -0.6068246 0.3655524 -0.8074526 -0.512341 0.2924501 -0.7070098 -0.5816957 0.4022033 -0.7057895 -0.5350438 0.4643161 -0.8096179 -0.4524784 0.3738746 -0.7070065 -0.5043308 0.4957746 -0.7057894 -0.4473748 0.5492879 -0.811746 -0.3799441 0.4435211 -0.7069994 -0.4121056 0.5747357 0.6832827 0.2361369 0.6909154 0.3900172 0.2122955 0.8960007 0.994495 0.07250154 0.07565259 0.8244888 0.4160925 0.3835173 0.852059 0.4176495 0.3155385 0.8521296 0.3757573 0.364255 0.7401746 0.5300505 0.4137488 3.54591e-5 0 1 0.08483368 0.2114917 0.9736912 0.2184435 0.190157 0.957143 0.4675742 0.18813 0.8637022 0.7521981 0.196485 0.6289609 0.9192054 0.08419013 0.3846731 0.1562106 0.2114766 0.9648192 0.1563748 0.2914041 0.9437323 0.1055189 0.3216024 0.940977 0.1563628 0.3465027 0.9249252 0.1561649 0.427164 0.8905861 0.1453016 0.425044 0.8934344 0.1564331 0.4761322 0.8653479 0.1561674 0.5289604 0.834154 0.1561691 0.5289586 0.8341547 0.1563898 0.5958217 0.7877429 0.107634 0.627486 0.7711526 0.1563394 0.6412049 0.7512752 0.1561701 0.7092021 0.6874907 0.2583997 0.7679057 0.5861318 0.1564254 0.7544637 0.6374289 0.1564275 0.7427304 0.6510622 0.1259054 0.7061804 0.6967476 0.6401872 0.2059441 0.7400996 0.4538416 0.2133235 0.8651711 0.4533579 0.2882623 0.8434285 0.4533687 0.2882612 0.843423 0.4533623 0.3854722 0.8036628 0.453365 0.3854718 0.8036614 0.4533621 0.4773309 0.7527403 0.4533669 0.4773315 0.7527372 0.4533646 0.5625606 0.6913654 0.4533644 0.5625641 0.6913628 0.4533647 0.6399815 0.6203904 0.4533621 0.639984 0.6203896 0.4534359 0.7066232 0.5432122 0.5516258 0.6816222 0.4807288 0.546378 0.6873372 0.4785799 0.6815211 0.5745505 0.4532338 0.7064278 0.5639038 0.4277529 0.7064906 0.5081537 0.492596 0.7064919 0.508153 0.492595 0.7064908 0.4466811 0.5489507 0.706493 0.4466779 0.5489505 0.7064927 0.3790058 0.5976811 0.7064925 0.3790049 0.597682 0.7064895 0.3060698 0.6381174 0.706495 0.3060669 0.6381128 0.7068562 0.2428634 0.6643582 0.8627328 0.1774166 0.4735141 0.9257287 0.286522 0.2468434 0.8909112 0.3175587 0.3247057 0.8906877 0.2869315 0.3526269 0.8906877 0.2869318 0.3526267 0.8906875 0.2434606 0.3839305 0.8906861 0.2434626 0.3839328 0.8906886 0.196607 0.4099018 0.8906869 0.1966099 0.4099043 0.8893427 0.2281101 0.3962772 0.9707192 0.1712685 0.1684388 0.9875075 0.1197846 0.1023755 0.9876461 0.09890204 0.1215465 0.9876462 0.09890151 0.1215465 0.9876461 0.08391755 0.1323365 0.9876459 0.0839203 0.1323366 0.9876461 0.06776809 0.1412897 0.9876459 0.06776893 0.1412898 0.9867799 0.01949012 0.1608902 0.9928589 0.04492604 0.1105122 0.7070498 -0.1103852 0.6984953 0.7275251 -0.328718 0.6022058 0.7466719 -0.2949279 0.5962372 0.7814152 -0.2637171 0.5655474 0.7067551 -0.2715246 0.6532776 0.7057636 -0.1833587 0.6843079 0.7886661 -0.1444559 0.5976105 0.7070025 -0.2254461 0.6703146 0.769105 -0.04436373 0.6375809 0.7057574 -0.06174528 0.7057579 0.7068278 0.02808672 0.7068278 0.7698945 0.05561989 0.6357429 0.71635 0.08469122 0.6925823 0.7247781 -0.3153196 0.6125931 0.7069371 -0.3345708 0.6231392 0.7057562 -0.4063534 0.5803319 0.7570644 -0.360916 0.5446036 0.7069894 -0.4405752 0.5532265 0.7057552 -0.5009556 0.5009523 0.759974 -0.4468861 0.4719457 0.7069737 -0.5291838 0.4692046 0.705756 -0.5803329 0.4063525 0.7628352 -0.5187107 0.3860336 0.7069588 -0.6020174 0.3711932 0.7057576 -0.6420767 0.2994058 0.7656525 -0.5744004 0.2895525 0.7069402 -0.6569129 0.2621088 0.7057571 -0.6843135 0.1833629 0.7684257 -0.6124735 0.1854676 0.7069219 -0.6922251 0.1452102 0.7057573 -0.705758 0.0617454 0.7711566 -0.6319776 0.076954 0.7069034 -0.7069038 0.0239731 0.705757 -0.7057582 -0.0617454 0.773843 -0.6325311 -0.03273534 0.7068849 -0.700509 -0.09798407 0.7057581 -0.6843129 -0.1833611 0.7764847 -0.6143121 -0.1403292 0.7068604 -0.6732362 -0.2170287 0.7057567 -0.6420783 -0.2994043 0.7790902 -0.5780438 -0.2426599 0.7068381 -0.6258888 -0.3296108 0.705756 -0.5803329 -0.4063525 0.7816512 -0.5249969 -0.3367487 0.7068154 -0.5598807 -0.4323722 0.7057565 -0.5009533 -0.5009528 0.7841758 -0.4569072 -0.4198861 0.7067925 -0.4771768 -0.5222516 0.7067716 -0.4307872 -0.5611563 0.7508924 -0.3788043 -0.540988 0.706766 -0.3802445 -0.5965703 0.7067966 -0.3278285 -0.6268709 0.7508184 -0.2791426 -0.5986244 0.7067399 -0.2719679 -0.6531097 0.7068224 -0.2151043 -0.6738933 0.7506263 -0.1710082 -0.6382133 0.7067147 -0.1555761 -0.6901815 0.7068452 -0.09597486 -0.7008272 0.7503157 -0.05761694 -0.658564 0.7066854 -0.03453671 -0.7066845 0.7068675 0.02600616 -0.7068678 0.7498865 0.05765902 -0.6590491 0.7066562 0.08753961 -0.702121 0.7068871 0.1472064 -0.6918389 0.749342 0.1713848 -0.6396201 0.7066268 0.2070195 -0.676625 0.7069076 0.2640087 -0.6561868 0.7486737 0.280169 -0.600827 0.7065916 0.3203375 -0.6309614 0.7069288 0.3729374 -0.6009737 0.7478844 0.3807563 -0.5437772 0.7065623 0.424115 -0.5664772 0.7069431 0.4707446 -0.5278551 0.7469732 0.4701231 -0.4701226 0.7065282 0.5152599 -0.4851033 0.7069639 0.5545096 -0.4390003 0.7459352 0.545571 -0.382012 0.706494 0.5910534 -0.3892586 0.7069783 0.6217455 -0.3370674 0.744774 0.6047943 -0.2820208 0.7064604 0.6492323 -0.2817998 0.7069933 0.670444 -0.22509 0.7434827 0.645968 -0.1730866 0.7064231 0.6880647 -0.1659319 0.7070095 0.6991534 -0.1064055 0.74206 0.6677827 -0.05842298 0.7063864 0.7063879 -0.04510462 0.7070223 0.7070225 0.01544755 0.7405038 0.6694949 0.05857276 0.7063505 0.703653 0.07708054 0.7070342 0.6938151 0.1368329 0.7388106 0.6509505 0.17442 0.7063096 0.6799446 0.1969825 0.7070475 0.6599242 0.2541338 0.736979 0.6125884 0.2856529 0.7062703 0.6359611 0.311024 0.7070568 0.6063667 0.3638547 0.7350031 0.5554376 0.3889211 0.7062284 0.5730167 0.4158045 0.7070658 0.5347333 0.4627292 0.7328799 0.4810867 0.4810848 0.7061877 0.4929794 0.5082032 0.7070728 0.4471617 0.5478088 0.7306065 0.3916379 0.5593156 0.7061454 0.3982368 0.5854623 0.7070789 0.3462646 0.6165551 0.7281794 0.289656 0.6211716 0.7061015 0.2916103 0.6452783 0.7070892 0.2350449 0.6669175 0.7255924 0.1780991 0.6646777 0.7060524 0.1762796 0.6858685 0.7070932 0.1168138 0.6974051 -0.01694595 -0.6387125 0.7692589 -0.0117945 -0.6342411 0.7730455 -0.007899284 -0.6306117 0.7760583 -0.004933178 -0.6266891 0.7792539 0 -0.6186812 0.7856422 -2.70215e-4 -0.6442561 0.7648099 0.002086758 -0.6229602 0.7822508 0.008283913 -0.6257643 0.7799683 0.002786219 -0.6217201 0.7832345 -0.04268211 -0.02681362 -0.9987289 0 -0.04881447 -0.9988079 0 -0.1128783 -0.9936089 0.01681405 -0.1399894 -0.9900103 -0.04651516 -0.1972081 -0.9792576 0 -0.2241567 -0.9745531 0 -0.2811619 -0.9596605 0.01711541 -0.3066183 -0.9516788 -0.0453763 -0.3618139 -0.9311454 0 -0.3869222 -0.9221124 0 -0.4411603 -0.8974283 0.01737475 -0.4642792 -0.8855186 -0.04423809 -0.5157728 -0.8555825 0 -0.5383762 -0.8427047 0 -0.5881562 -0.8087473 0.01760447 -0.6083624 -0.7934643 -0.04309594 -0.6545437 -0.7547948 0 -0.6740832 -0.7386555 0 -0.7178176 -0.6962312 0.01779717 -0.7346558 -0.6782066 -0.04195827 -0.7740361 -0.6317497 0 -0.7900792 -0.6130048 0 -0.8263257 -0.5631927 0.01795274 -0.8394631 -0.5431203 -0.04081904 -0.8707258 -0.490072 0 -0.8829702 -0.4694293 0 -0.910478 -0.4135578 0.01807504 -0.9197234 -0.392151 -0.03967744 -0.941761 -0.3339341 0 -0.9500415 -0.3121236 0 -0.967796 -0.2517359 0.0181576 -0.9730884 -0.2297161 -0.03853881 -0.9850434 -0.1679422 0 -0.9893297 -0.1456941 0 -0.9965919 -0.08249068 0.01820778 -0.9979984 -0.0605638 -0.0373975 -0.999296 0.003018021 0 -0.9996877 0.02499359 0 -0.9960157 0.08917891 0.01821982 -0.9937245 0.1103622 -0.03625738 -0.9840957 0.1738996 0 -0.9808118 0.1949574 0 -0.966084 0.2582283 0.01819694 -0.9603917 0.278059 -0.03511637 -0.9398882 0.3396722 0 -0.9332546 0.3592155 0 -0.907681 0.419661 0.01813864 -0.8989741 0.437626 -0.03397721 -0.8679748 0.4954447 0 -0.8584063 0.5129705 0 -0.8225281 0.5687245 0.01804536 -0.8112689 0.5843948 -0.03283476 -0.770472 0.6366277 0 -0.758455 0.6517255 0 -0.713133 0.7010288 0.02155995 -0.6970779 0.7166712 -0.03476351 -0.6501857 0.7589797 -0.05466282 -0.6593352 0.7498595 -0.03330624 -0.6490896 0.7599825 0.002990961 0.3852923 -0.9227898 9.8169e-4 0.3930271 -0.9195265 4.62797e-4 0.3963213 -0.9181119 0.004525303 0.3732572 -0.9277169 0.02489113 0.3577439 -0.933488 0.01095741 0.3704894 -0.9287722 -2.98021e-4 0.3964026 -0.9180768 -5.83371e-4 0.393543 -0.9193061 -0.001429736 0.3878376 -0.9217267 -0.003885984 0.3781598 -0.9257321 0.001992702 0.3917553 -0.9200673 -0.001712441 0.3599672 -0.9329635 -0.02116912 0.3115822 -0.9499834 -2.01514e-4 0.2962236 -0.9551186 5.03596e-5 0.2286121 -0.9735176 0.00534594 0.2163976 -0.9762907 -0.02343714 0.1444971 -0.9892277 -1.13942e-4 0.132723 -0.9911532 2.77609e-5 0.05873304 -0.9982737 0.004426479 0.05104953 -0.9986863 -0.006610274 0.01443737 -0.999874 0.001943051 -0.650123 0.7598266 0.01224422 -0.6572312 0.7535896 0.1000259 -0.6841174 0.7224807 0 -0.6972404 0.7168374 0 -0.748236 0.6634328 -0.06803274 -0.756694 0.6502199 0.1064279 -0.7976636 0.593638 0 -0.8114 0.5844913 0 -0.851204 0.5248352 -0.06448167 -0.85662 0.5119028 0.09518069 -0.8889068 0.4480908 0 -0.8991237 0.4376944 0 -0.9287943 0.3705957 -0.06005126 -0.9315699 0.3585688 0.08388394 -0.953707 0.2888019 0 -0.9605509 0.2781044 0 -0.9786978 0.2053059 -0.05472624 -0.9793421 0.194664 0.07256448 -0.9900513 0.1205527 0 -0.9938895 0.1103805 0 -0.9994254 0.03389561 -0.04851788 -0.9985103 0.02496522 0.06121259 -0.996791 -0.05158448 0 -0.9981639 -0.06057184 0 -0.9903586 -0.1385278 -0.04142212 -0.9884806 -0.145569 0.04983496 -0.9736764 -0.2224204 0 -0.9732496 -0.2297503 0 -0.9517675 -0.3068204 -0.03343015 -0.9495103 -0.3119495 0.03843975 -0.9213699 -0.3867817 0 -0.9198732 -0.3922161 0 -0.8848071 -0.4659576 -0.02454727 -0.8827042 -0.4692876 0.02703094 -0.8414159 -0.5397117 0 -0.839599 -0.5432067 0 -0.7914643 -0.6112155 -0.01477515 -0.7899929 -0.6129381 0.01559931 -0.7362152 -0.6765677 0 -0.734772 -0.6783142 0 -0.6745318 -0.7382458 -0.004119098 -0.6740733 -0.738653 0.004179775 -0.6089408 -0.7932047 0 -0.6084527 -0.7935902 0 -0.5374863 -0.8432725 0.007428169 -0.5383598 -0.8426824 -0.007236063 -0.4634075 -0.8861158 0 -0.46435 -0.8856518 0 -0.3844215 -0.9231578 0.01985186 -0.3868418 -0.9219324 -0.01866495 -0.3040285 -0.9524801 0 -0.3066642 -0.9518178 0 -0.2198956 -0.9755235 0.0331546 -0.2240337 -0.9740174 -0.03009313 -0.1356181 -0.9903041 0 -0.1400088 -0.9901503 0 -0.04881423 -0.9988079 0 -0.04881477 -0.9988079 0 0.03676617 -0.9993239 -2.27396e-4 0.03680485 -0.9993224 3.16571e-4 0.1237226 -0.9923169 0.02609091 0.120136 -0.9924146 -0.0217089 0.2080662 -0.9778738 -3.46606e-4 0.2029335 -0.9791924 4.49603e-4 0.2925705 -0.9562439 0.0241816 0.2860438 -0.9579115 -0.001684486 0.3350431 -0.9422013 0 0.1652002 0.9862601 -0.03794527 0.2121065 0.9765096 0.1279477 0.2468803 0.9605621 0 0.2950352 0.9554865 0 0.3323933 0.9431409 -0.01854139 0.3507584 0.9362824 0.1353282 0.42565 0.8947113 0 0.4118166 0.9112668 0 0.4820686 0.8761335 0.002559006 0.4896698 0.8719042 -0.04041957 0.5350926 0.843826 0.1084096 0.5591112 0.8219746 0 0.6032442 0.7975566 0 0.6323527 0.7746806 -0.02746891 0.6489392 0.7603444 0.1444982 0.7043769 0.6949629 0 0.696271 0.717779 0 0.7519899 0.6591747 0.005209624 0.7561759 0.6543477 -0.03102111 0.7945198 0.6064454 0.08635509 0.8063384 0.5851163 -1.39364e-5 0.8391067 0.543967 1.06346e-5 0.8559925 0.5169883 0.003376603 0.8574664 0.5145289 -0.007110297 0.8790031 0.4767632 0.07782584 0.8956 0.4379997 0.008410811 0.9097779 0.4150103 -9.0481e-5 0.9769465 0.2134848 3.74504e-4 0.9744264 0.2247069 0.002981722 0.9711263 0.2385475 0.006720662 0.9689656 0.2471042 0.009673595 0.9505963 0.3102791 0.03200155 0.9600136 0.2781181 0.0320639 0.9600027 0.2781488 0.01251977 0.9658896 0.2586518 -0.002474248 0.9415498 0.3368649 0.001589894 0.9355264 0.3532534 0.003728866 0.9331911 0.3593616 7.25021e-7 0.9306345 0.3659502 -4.77813e-7 0.9247401 0.3805991 0 0.9926616 0.1209254 0.01542037 0.9902981 0.1381016 2.1482e-4 0.9788031 0.2048036 0.001065909 0.9811025 0.1934858 -0.01492094 0.9939429 0.1088805 1.1801e-4 0.3990228 -0.9169411 0 0.4002301 -0.9164147 0 0.4526969 -0.8916645 -0.01023244 0.4695571 -0.8828428 0.002428829 0.5272767 -0.8496903 0 0.5433513 -0.8395055 0 0.5993283 -0.8005034 -0.01000171 0.6136416 -0.7895215 0.002182185 0.6655783 -0.7463249 0 0.6789308 -0.7342023 0 0.7280932 -0.6854783 -0.009735703 0.7396411 -0.6729311 0.001947879 0.7840343 -0.6207144 0 0.7945075 -0.6072545 0 0.8351523 -0.5500188 -0.009438216 0.8438429 -0.5365075 0.001727819 0.8791203 -0.4765969 0 0.8866645 -0.4624134 0 0.917315 -0.3981624 -0.009107589 0.9231755 -0.3842708 0.001520216 0.9479978 -0.3182734 0 0.9526903 -0.303943 0 0.9721314 -0.2344366 -0.008744537 0.9753007 -0.2207083 0.001325547 0.9886154 -0.1504593 0 0.9906362 -0.1365281 0 0.9979678 -0.06372022 -0.008348286 0.9986821 -0.05064111 0.001144826 0.9997609 0.02183824 0 0.9993894 0.03494137 0 0.9925847 0.1215556 0.006504178 0.9927191 0.1202775 0 -0.4791211 0.8777489 -0.008812248 -0.5110777 0.8594893 0.009144365 -0.5523927 0.8335338 0 -0.5827181 0.8126744 0 -0.6186788 0.7856441 -0.002526402 -0.6232833 0.7819922 0 0.8018835 0.5974806 0 0.8018835 0.5974807 0 -0.4243113 0.9055164 0 -0.4242892 0.9055268 0 -0.4243034 0.9055202 0 -0.4243272 0.9055091 0 -0.4243134 0.9055154 0 -0.4242949 0.9055242 0 -0.4243249 0.90551 0 -0.4242915 0.9055258 1 9.84762e-7 0 1 -2.85132e-7 0 1 -4.86952e-7 0 1 4.80041e-7 0 1 1.11404e-6 0 1 -4.97994e-7 0 1 -4.91169e-7 0 1 2.28996e-6 0 1 -9.70716e-7 0 1 9.39058e-7 0 1 -1.11404e-6 0 1 9.14346e-7 0 1 -9.14346e-7 0 1 -1.11483e-6 0 1 2.80288e-7 0 1 5.74897e-7 0 1 -4.83673e-7 0 1 5.86452e-7 0 1 -4.76071e-7 0 1 4.97994e-7 0 1 4.96914e-7 0 1 -1.12354e-6 0 1 4.88453e-7 0 1 -2.30997e-6 0 1 9.638e-7 0 0 -0.1253335 -0.9921147 0 -0.1253334 -0.9921147 0 -0.3681247 -0.9297765 0 -0.3681245 -0.9297765 0 -0.5877852 -0.8090171 0 -0.587785 -0.8090173 0 -0.7705132 -0.637424 0 -0.7705135 -0.6374238 0 -0.9048271 -0.425779 0 -0.904827 -0.4257794 0 -0.9822874 -0.1873812 0 -0.9822872 -0.1873819 0 -0.9980267 0.06279104 0 -0.9980269 0.06279015 0 -0.9510565 0.3090173 0 -0.9510565 0.3090172 0 -0.8443282 0.5358266 0 -0.844328 0.5358269 0 -0.6845469 0.7289689 0 -0.6845473 0.7289685 0 -0.4817537 0.8763068 0 -0.24869 0.9685832 0 -0.24869 0.9685832 0 0.24869 0.9685832 0 0.24869 0.9685832 0 0.4817537 0.8763068 0 0.6845471 0.7289687 0 0.844328 0.5358269 0 0.8443282 0.5358266 0 0.9510565 0.3090173 0 0.9510565 0.3090172 0 0.9980269 0.06279015 0 0.9980267 0.06279104 0 0.9822872 -0.187382 0 0.9822874 -0.187381 0 0.904827 -0.4257794 0 0.9048271 -0.425779 0 0.7705135 -0.6374238 0 0.7705132 -0.637424 0 0.587785 -0.8090173 0 0.5877852 -0.8090171 0 0.3681247 -0.9297765 0 0.3681245 -0.9297765 0 0.1253335 -0.9921147 0 0.1253334 -0.9921147 0.8491203 -0.3734957 0.3734913 0.8491193 -0.1367057 0.510204 0.8491228 -0.3734929 -0.3734885 0.8491184 -0.510204 -0.136711 0.8491184 -0.510204 0.136711 0.8491228 0.3734929 -0.3734885 0.8491182 0.1367065 -0.5102054 0.8491177 -0.1367064 -0.5102065 0.8491203 0.3734957 0.3734913 0.8491184 0.510204 0.136711 0.8491184 0.510204 -0.136711 0.84912 0.1367058 0.5102029 0 -0.2588131 0.9659274 0 -0.2588167 0.9659265 0 -0.7071068 0.7071068 0 -0.7071105 0.7071031 0 -0.9659261 0.2588184 0 -0.9659262 0.2588177 0 -0.9659261 -0.2588184 0 -0.9659262 -0.2588177 0 -0.7071093 -0.7071044 0 -0.707108 -0.7071056 0 -0.2588155 -0.9659268 0 -0.2588143 -0.9659271 0 0.2588143 -0.9659271 0 0.2588155 -0.9659268 0 0.7071093 -0.7071044 0 0.7071092 -0.7071043 0 0.9659261 -0.2588184 0 0.9659262 -0.2588177 0 0.9659261 0.2588184 0 0.9659262 0.2588177 0 0.707108 0.7071056 0 0.7071105 0.7071031 0 0.2588143 0.9659271 0 0.2588155 0.9659268</float_array>
          <technique_common>
            <accessor source="#MRH-F-Prox-Visual_00-Main-mesh-normals-array" count="4631" stride="3">
              <param name="X" type="float"/>
              <param name="Y" type="float"/>
              <param name="Z" type="float"/>
            </accessor>
          </technique_common>
        </source>
        <vertices id="MRH-F-Prox-Visual_00-Main-mesh-vertices">
          <input semantic="POSITION" source="#MRH-F-Prox-Visual_00-Main-mesh-positions"/>
        </vertices>
        <triangles material="Material_001-material" count="4986">
          <input semantic="VERTEX" source="#MRH-F-Prox-Visual_00-Main-mesh-vertices" offset="0"/>
          <input semantic="NORMAL" source="#MRH-F-Prox-Visual_00-Main-mesh-normals" offset="1"/>
          <p>0 0 1 0 2 0 2 0 1 0 3 0 4 1 5 1 1 1 0 0 6 0 1 0 1 0 6 0 7 0 1 0 7 0 4 0 4 0 7 0 8 0 4 0 8 0 9 0 10 2 11 2 12 2 12 2 11 2 13 2 12 2 13 2 14 2 15 3 16 3 17 3 17 3 16 3 18 3 14 4 13 4 19 4 14 5 19 5 20 5 20 6 19 6 21 6 20 7 21 7 22 7 18 8 16 8 21 8 21 9 16 9 23 9 21 10 23 10 22 10 24 11 25 11 26 11 26 12 25 12 27 12 26 13 27 13 28 13 29 14 30 14 31 14 29 14 31 14 27 14 27 14 31 14 32 14 27 14 32 14 28 14 33 15 34 15 35 15 36 16 37 16 38 16 39 0 40 0 41 0 41 17 40 17 42 17 41 18 42 18 43 18 44 0 45 0 46 0 35 0 47 0 36 0 36 19 47 19 48 19 36 20 48 20 49 20 49 21 50 21 36 21 36 22 50 22 51 22 36 23 51 23 37 23 38 0 37 0 52 0 52 24 37 24 53 24 52 25 53 25 54 25 38 0 55 0 36 0 36 26 55 26 56 26 36 0 56 0 57 0 57 0 56 0 58 0 35 0 36 0 33 0 33 27 36 27 59 27 33 0 59 0 46 0 46 28 59 28 60 28 46 29 60 29 44 29 54 0 61 0 52 0 52 0 61 0 62 0 52 30 62 30 40 30 40 0 62 0 63 0 40 0 63 0 42 0 45 0 64 0 46 0 46 31 64 31 65 31 46 32 65 32 66 32 67 0 68 0 69 0 66 0 70 0 46 0 46 33 70 33 69 33 46 0 69 0 71 0 71 0 69 0 68 0 67 0 69 0 72 0 72 0 69 0 73 0 72 34 73 34 74 34 74 0 75 0 72 0 72 35 75 35 76 35 72 0 76 0 77 0 8 3 7 3 78 3 78 3 7 3 42 3 78 3 42 3 79 3 79 3 42 3 63 3 80 36 81 36 82 36 83 36 84 36 85 36 85 36 84 36 47 36 86 36 25 36 87 36 87 37 25 37 47 37 87 36 47 36 88 36 88 36 47 36 35 36 80 38 25 38 89 38 89 36 25 36 24 36 89 36 24 36 90 36 91 36 92 36 47 36 90 36 93 36 89 36 89 39 93 39 94 39 89 40 94 40 95 40 96 41 97 41 85 41 91 42 47 42 98 42 99 43 25 43 100 43 100 36 25 36 101 36 99 36 102 36 25 36 25 44 102 44 103 44 25 45 103 45 47 45 47 46 103 46 104 46 47 47 104 47 98 47 82 48 105 48 80 48 80 49 105 49 106 49 80 50 106 50 25 50 25 36 106 36 107 36 25 51 107 51 101 51 97 52 108 52 85 52 85 53 108 53 109 53 85 54 109 54 110 54 110 36 111 36 85 36 85 36 111 36 112 36 85 36 112 36 113 36 92 36 114 36 47 36 47 55 114 55 115 55 47 36 115 36 85 36 85 56 115 56 116 56 85 36 116 36 96 36 86 57 87 57 117 57 117 58 87 58 118 58 117 59 118 59 119 59 119 60 118 60 120 60 119 61 120 61 121 61 121 62 120 62 122 62 121 63 122 63 123 63 123 64 122 64 124 64 123 65 124 65 125 65 125 66 124 66 126 66 125 67 126 67 127 67 127 68 126 68 128 68 129 69 130 69 131 69 132 70 31 70 30 70 31 71 132 71 32 71 32 72 132 72 133 72 32 73 133 73 28 73 28 74 133 74 134 74 28 75 134 75 26 75 90 76 24 76 26 76 26 77 134 77 90 77 90 78 134 78 135 78 90 79 135 79 93 79 30 80 129 80 136 80 136 81 129 81 131 81 136 82 131 82 137 82 137 83 131 83 138 83 137 84 138 84 139 84 139 85 138 85 140 85 139 86 140 86 141 86 141 87 140 87 142 87 141 88 142 88 143 88 144 89 145 89 146 89 146 90 145 90 147 90 146 91 147 91 148 91 149 92 150 92 143 92 132 93 151 93 133 93 133 94 151 94 152 94 133 95 152 95 134 95 134 96 152 96 153 96 134 97 153 97 135 97 143 98 150 98 141 98 141 99 150 99 154 99 141 100 154 100 139 100 139 101 154 101 155 101 139 102 155 102 137 102 137 103 155 103 156 103 137 104 156 104 136 104 136 105 156 105 157 105 136 106 157 106 30 106 30 107 157 107 158 107 30 108 158 108 132 108 132 109 158 109 159 109 132 110 159 110 151 110 155 111 160 111 156 111 156 112 160 112 161 112 156 113 161 113 157 113 157 114 161 114 162 114 157 115 162 115 158 115 158 116 162 116 163 116 158 117 163 117 159 117 142 118 148 118 143 118 143 119 148 119 147 119 143 120 147 120 149 120 149 121 147 121 145 121 149 122 145 122 164 122 164 123 165 123 149 123 149 124 165 124 166 124 149 125 166 125 150 125 150 126 166 126 167 126 150 127 167 127 154 127 154 128 167 128 168 128 154 129 168 129 155 129 155 130 168 130 169 130 155 131 169 131 160 131 127 14 128 14 170 14 170 14 128 14 171 14 172 132 173 132 174 132 175 133 176 133 177 133 95 134 94 134 178 134 179 135 180 135 181 135 181 136 180 136 182 136 181 137 182 137 183 137 184 138 185 138 186 138 186 139 185 139 187 139 187 140 185 140 188 140 188 141 185 141 189 141 188 142 189 142 190 142 191 143 192 143 193 143 193 144 192 144 194 144 176 145 175 145 195 145 95 146 178 146 196 146 197 147 198 147 199 147 199 148 172 148 197 148 197 149 172 149 174 149 197 150 174 150 200 150 200 151 174 151 201 151 200 152 201 152 202 152 202 153 201 153 203 153 203 154 201 154 204 154 203 155 204 155 205 155 205 156 204 156 206 156 205 157 206 157 207 157 207 158 206 158 208 158 208 159 206 159 209 159 208 160 209 160 210 160 210 161 209 161 211 161 210 162 211 162 212 162 212 163 211 163 213 163 212 164 213 164 214 164 214 165 213 165 215 165 215 166 213 166 216 166 215 167 216 167 217 167 217 168 216 168 218 168 217 169 218 169 219 169 219 170 218 170 220 170 220 171 218 171 221 171 220 172 221 172 222 172 222 173 221 173 223 173 222 174 223 174 224 174 224 175 223 175 225 175 225 176 223 176 226 176 225 177 226 177 227 177 227 178 226 178 228 178 227 179 228 179 229 179 229 180 228 180 230 180 229 181 230 181 231 181 231 182 230 182 232 182 232 183 230 183 233 183 232 184 233 184 234 184 234 185 233 185 235 185 234 186 235 186 236 186 175 187 196 187 195 187 195 188 196 188 178 188 195 189 178 189 237 189 237 190 178 190 238 190 237 191 238 191 239 191 239 192 238 192 240 192 239 193 240 193 241 193 241 194 240 194 242 194 241 195 242 195 243 195 243 196 242 196 244 196 243 197 244 197 245 197 245 198 244 198 246 198 245 199 246 199 247 199 247 200 246 200 248 200 247 201 248 201 249 201 249 202 248 202 250 202 249 203 250 203 251 203 251 204 250 204 252 204 251 205 252 205 253 205 253 206 252 206 254 206 253 207 254 207 255 207 255 208 254 208 256 208 255 209 256 209 257 209 257 210 256 210 258 210 257 211 258 211 259 211 259 212 258 212 260 212 259 213 260 213 261 213 261 214 260 214 262 214 261 215 262 215 263 215 263 216 262 216 264 216 263 217 264 217 265 217 265 218 264 218 266 218 265 219 266 219 191 219 191 220 266 220 267 220 191 221 267 221 192 221 236 222 235 222 268 222 268 223 235 223 269 223 268 224 269 224 270 224 270 225 269 225 271 225 270 226 271 226 272 226 173 227 177 227 174 227 174 228 177 228 176 228 174 229 176 229 201 229 201 230 176 230 195 230 201 231 195 231 204 231 204 232 195 232 237 232 204 233 237 233 206 233 206 234 237 234 239 234 206 235 239 235 209 235 209 236 239 236 241 236 209 237 241 237 211 237 211 238 241 238 243 238 211 239 243 239 213 239 213 240 243 240 245 240 213 241 245 241 216 241 216 242 245 242 247 242 216 243 247 243 218 243 218 244 247 244 249 244 218 245 249 245 221 245 221 246 249 246 251 246 221 247 251 247 223 247 223 248 251 248 253 248 223 249 253 249 226 249 226 250 253 250 255 250 226 251 255 251 228 251 228 252 255 252 257 252 228 253 257 253 230 253 230 254 257 254 259 254 230 255 259 255 233 255 233 256 259 256 261 256 233 257 261 257 235 257 235 258 261 258 263 258 235 259 263 259 269 259 269 260 263 260 265 260 269 261 265 261 271 261 271 262 265 262 191 262 271 263 191 263 189 263 189 264 191 264 193 264 189 265 193 265 190 265 190 266 193 266 194 266 272 267 271 267 273 267 273 268 271 268 189 268 273 269 189 269 274 269 274 270 189 270 185 270 274 271 185 271 275 271 275 272 185 272 184 272 275 273 184 273 179 273 179 274 184 274 276 274 179 275 276 275 180 275 217 276 219 276 277 276 183 277 278 277 279 277 280 278 281 278 282 278 280 279 282 279 283 279 283 280 282 280 284 280 283 281 284 281 285 281 281 282 286 282 282 282 282 283 286 283 287 283 282 284 287 284 288 284 288 285 289 285 282 285 282 286 289 286 290 286 282 287 290 287 291 287 291 288 292 288 293 288 293 289 292 289 294 289 285 290 284 290 295 290 295 291 284 291 296 291 295 292 296 292 297 292 297 293 296 293 298 293 298 294 296 294 299 294 298 295 299 295 300 295 300 296 299 296 301 296 301 297 299 297 302 297 301 298 302 298 303 298 303 299 302 299 304 299 304 300 302 300 305 300 304 36 305 36 306 36 306 301 305 301 307 301 307 302 305 302 308 302 307 303 308 303 309 303 309 304 308 304 310 304 310 305 308 305 311 305 310 306 311 306 312 306 312 307 311 307 313 307 313 308 311 308 314 308 313 309 314 309 315 309 315 310 314 310 316 310 316 311 314 311 317 311 316 312 317 312 318 312 318 313 317 313 319 313 319 314 317 314 320 314 319 315 320 315 321 315 321 316 320 316 322 316 322 317 320 317 323 317 322 318 323 318 324 318 324 319 323 319 325 319 325 320 323 320 326 320 325 321 326 321 327 321 327 322 326 322 328 322 328 323 326 323 329 323 328 324 329 324 330 324 331 325 332 325 333 325 333 326 334 326 331 326 331 327 334 327 335 327 331 328 335 328 329 328 329 329 335 329 336 329 329 330 336 330 330 330 337 331 338 331 339 331 340 332 341 332 342 332 338 333 343 333 339 333 339 334 343 334 344 334 339 335 344 335 345 335 345 336 346 336 339 336 339 337 346 337 347 337 339 338 347 338 332 338 332 339 347 339 348 339 332 340 348 340 333 340 340 341 342 341 349 341 349 342 342 342 350 342 349 343 350 343 351 343 351 344 350 344 352 344 351 345 352 345 353 345 353 346 352 346 354 346 353 347 354 347 355 347 355 348 354 348 356 348 355 349 356 349 357 349 357 350 356 350 358 350 357 351 358 351 359 351 359 352 358 352 360 352 359 353 360 353 361 353 361 354 360 354 362 354 361 355 362 355 363 355 363 356 362 356 364 356 363 357 364 357 365 357 365 358 364 358 366 358 365 359 366 359 367 359 367 360 366 360 368 360 367 361 368 361 369 361 369 362 368 362 370 362 369 363 370 363 371 363 371 364 370 364 372 364 371 365 372 365 373 365 373 366 372 366 374 366 373 367 374 367 375 367 375 368 374 368 376 368 375 369 376 369 377 369 377 370 376 370 378 370 377 371 378 371 379 371 379 372 378 372 380 372 379 373 380 373 381 373 381 374 380 374 382 374 381 375 382 375 383 375 383 376 382 376 384 376 383 377 384 377 385 377 385 378 384 378 386 378 385 379 386 379 387 379 387 380 386 380 388 380 387 381 388 381 389 381 389 382 388 382 390 382 389 383 390 383 391 383 390 384 392 384 391 384 391 385 392 385 393 385 391 386 393 386 394 386 394 387 393 387 395 387 394 388 395 388 396 388 396 389 395 389 397 389 396 390 397 390 398 390 398 391 397 391 399 391 398 392 399 392 400 392 400 393 399 393 401 393 400 394 401 394 402 394 402 395 401 395 403 395 402 396 403 396 404 396 404 397 403 397 405 397 404 292 405 292 406 292 406 398 405 398 407 398 406 399 407 399 408 399 408 400 407 400 409 400 408 401 409 401 410 401 410 402 409 402 411 402 410 403 411 403 412 403 412 404 411 404 293 404 412 405 293 405 413 405 413 406 293 406 294 406 183 407 414 407 181 407 181 408 414 408 415 408 181 409 415 409 179 409 272 410 273 410 416 410 416 411 273 411 274 411 416 412 274 412 415 412 415 413 274 413 275 413 415 414 275 414 179 414 417 415 236 415 268 415 417 416 268 416 416 416 416 417 268 417 270 417 416 418 270 418 272 418 229 419 231 419 418 419 418 420 231 420 232 420 418 421 232 421 417 421 417 422 232 422 234 422 417 423 234 423 236 423 229 424 418 424 227 424 227 425 418 425 419 425 227 426 419 426 225 426 219 427 220 427 277 427 277 428 220 428 222 428 277 429 222 429 419 429 419 430 222 430 224 430 419 431 224 431 225 431 420 432 212 432 214 432 420 433 214 433 277 433 277 434 214 434 215 434 277 435 215 435 217 435 212 436 420 436 210 436 210 437 420 437 421 437 210 438 421 438 208 438 202 439 203 439 422 439 422 440 203 440 205 440 422 441 205 441 421 441 421 442 205 442 207 442 421 443 207 443 208 443 423 444 198 444 197 444 423 445 197 445 422 445 422 446 197 446 200 446 422 447 200 447 202 447 291 448 293 448 282 448 282 449 293 449 424 449 282 450 424 450 425 450 426 451 198 451 427 451 427 452 198 452 423 452 427 453 423 453 428 453 428 454 423 454 425 454 428 455 425 455 429 455 429 456 425 456 424 456 183 457 279 457 414 457 414 458 279 458 430 458 414 459 430 459 431 459 430 460 432 460 431 460 431 461 432 461 433 461 431 462 433 462 434 462 433 463 435 463 434 463 434 464 435 464 436 464 434 465 436 465 437 465 436 466 438 466 437 466 437 467 438 467 439 467 437 468 439 468 440 468 341 469 337 469 342 469 342 470 337 470 339 470 342 471 339 471 441 471 441 472 339 472 440 472 441 473 440 473 442 473 442 474 440 474 439 474 63 475 62 475 443 475 444 475 445 475 446 475 447 475 448 475 449 475 444 475 446 475 450 475 450 476 446 476 11 476 450 475 11 475 449 475 451 475 452 475 453 475 450 475 454 475 444 475 444 475 454 475 451 475 444 475 451 475 455 475 455 475 451 475 453 475 11 475 4 475 449 475 449 475 4 475 9 475 449 477 9 477 456 477 443 475 447 475 63 475 63 475 447 475 449 475 63 475 449 475 79 475 79 475 449 475 456 475 18 478 21 478 19 478 19 475 13 475 18 475 18 475 13 475 11 475 18 475 11 475 17 475 17 475 11 475 446 475 17 475 446 475 457 475 458 479 459 479 460 479 460 480 459 480 461 480 460 481 461 481 462 481 462 482 461 482 463 482 462 483 463 483 464 483 464 484 463 484 465 484 466 485 467 485 468 485 468 486 467 486 469 486 468 487 469 487 470 487 470 488 469 488 471 488 470 489 471 489 472 489 472 490 471 490 473 490 472 491 473 491 474 491 474 492 473 492 475 492 474 493 475 493 476 493 476 494 475 494 477 494 476 495 477 495 478 495 478 496 477 496 479 496 478 497 479 497 480 497 480 498 479 498 481 498 480 499 481 499 482 499 482 500 481 500 483 500 482 501 483 501 484 501 484 502 483 502 485 502 484 503 485 503 486 503 486 504 485 504 487 504 486 505 487 505 488 505 488 506 487 506 489 506 488 507 489 507 490 507 490 508 489 508 491 508 490 509 491 509 492 509 492 510 491 510 493 510 492 511 493 511 494 511 494 512 493 512 495 512 494 513 495 513 496 513 496 514 495 514 497 514 496 515 497 515 100 515 100 516 497 516 99 516 498 517 499 517 500 517 500 518 499 518 501 518 500 519 501 519 502 519 497 520 503 520 99 520 99 521 503 521 504 521 99 522 504 522 102 522 493 523 505 523 495 523 495 524 505 524 506 524 495 525 506 525 497 525 497 526 506 526 507 526 497 527 507 527 503 527 489 528 508 528 491 528 491 529 508 529 509 529 491 530 509 530 493 530 493 531 509 531 510 531 493 532 510 532 505 532 485 533 511 533 487 533 487 534 511 534 512 534 487 535 512 535 489 535 489 536 512 536 513 536 489 537 513 537 508 537 483 538 514 538 485 538 485 539 514 539 515 539 485 540 515 540 511 540 467 541 502 541 469 541 469 542 502 542 501 542 469 543 501 543 471 543 471 544 501 544 516 544 471 545 516 545 473 545 473 546 516 546 517 546 473 547 517 547 475 547 475 548 517 548 518 548 475 549 518 549 477 549 477 550 518 550 519 550 477 551 519 551 479 551 479 552 519 552 520 552 479 553 520 553 481 553 481 554 520 554 521 554 481 555 521 555 483 555 483 556 521 556 522 556 483 557 522 557 514 557 523 0 524 0 525 0 523 558 525 558 526 558 80 559 527 559 528 559 527 0 529 0 528 0 528 560 529 560 530 560 528 561 530 561 531 561 531 0 532 0 528 0 528 0 532 0 533 0 528 0 533 0 534 0 535 0 536 0 537 0 538 562 539 562 540 562 536 0 526 0 537 0 537 563 526 563 525 563 537 564 525 564 541 564 541 565 525 565 538 565 542 0 543 0 538 0 538 566 543 566 544 566 538 567 544 567 539 567 545 0 546 0 547 0 547 568 546 568 548 568 547 569 548 569 549 569 540 570 550 570 538 570 538 571 550 571 551 571 538 572 551 572 541 572 552 573 553 573 543 573 543 574 553 574 554 574 543 575 554 575 555 575 555 0 556 0 543 0 543 576 556 576 557 576 543 577 557 577 558 577 558 578 559 578 543 578 543 579 559 579 560 579 543 0 560 0 528 0 528 580 560 580 81 580 528 581 81 581 80 581 549 0 548 0 537 0 537 582 548 582 561 582 537 583 561 583 535 583 542 0 562 0 543 0 543 584 562 584 563 584 543 585 563 585 564 585 564 586 565 586 543 586 543 587 565 587 566 587 543 588 566 588 552 588 567 589 568 589 569 589 569 590 568 590 570 590 569 591 570 591 571 591 571 592 570 592 572 592 573 14 574 14 575 14 451 14 454 14 575 14 575 14 454 14 459 14 576 593 577 593 575 593 575 14 577 14 578 14 575 594 578 594 573 594 458 14 579 14 459 14 459 14 579 14 580 14 459 14 580 14 575 14 575 595 580 595 581 595 575 596 581 596 576 596 568 475 567 475 579 475 579 475 567 475 580 475 144 597 573 597 582 597 582 598 573 598 578 598 582 599 578 599 583 599 583 600 578 600 584 600 585 601 586 601 577 601 577 602 586 602 587 602 577 603 587 603 578 603 578 604 587 604 588 604 578 605 588 605 584 605 577 606 576 606 585 606 585 607 576 607 581 607 585 608 581 608 589 608 580 609 567 609 581 609 581 610 567 610 590 610 581 611 590 611 589 611 52 612 40 612 591 612 591 613 40 613 3 613 446 614 170 614 457 614 457 615 170 615 171 615 457 616 171 616 591 616 3 617 1 617 12 617 12 618 14 618 3 618 3 619 14 619 20 619 3 620 20 620 591 620 591 621 20 621 22 621 15 622 457 622 16 622 16 623 457 623 591 623 16 624 591 624 23 624 23 625 591 625 22 625 15 2 17 2 457 2 123 2 125 2 130 2 573 2 144 2 574 2 574 626 144 626 146 626 574 2 146 2 592 2 592 2 146 2 148 2 592 2 148 2 593 2 593 2 148 2 142 2 593 627 142 627 445 627 445 628 142 628 140 628 445 2 140 2 446 2 446 629 140 629 138 629 446 630 138 630 131 630 25 2 86 2 27 2 27 631 86 631 117 631 27 2 117 2 29 2 29 632 117 632 119 632 29 2 119 2 130 2 130 633 119 633 121 633 130 634 121 634 123 634 127 2 170 2 125 2 125 635 170 635 446 635 125 2 446 2 130 2 130 636 446 636 131 636 594 637 595 637 574 637 574 638 595 638 596 638 574 639 596 639 575 639 597 640 598 640 592 640 598 641 599 641 592 641 592 642 599 642 600 642 592 643 600 643 574 643 574 644 600 644 601 644 574 645 601 645 594 645 445 646 444 646 593 646 593 647 444 647 602 647 593 648 602 648 592 648 592 649 602 649 603 649 592 650 603 650 597 650 604 651 605 651 606 651 572 652 570 652 604 652 607 653 608 653 604 653 604 654 608 654 609 654 610 655 611 655 612 655 612 656 611 656 613 656 612 657 613 657 606 657 606 658 613 658 614 658 606 659 614 659 604 659 604 660 614 660 615 660 604 661 615 661 607 661 609 662 616 662 604 662 604 663 616 663 617 663 604 664 617 664 572 664 572 665 617 665 618 665 572 666 618 666 619 666 620 667 584 667 588 667 621 668 620 668 622 668 608 669 621 669 623 669 620 670 588 670 622 670 622 671 588 671 587 671 622 672 587 672 624 672 587 673 586 673 624 673 624 674 586 674 585 674 624 675 585 675 625 675 625 676 585 676 589 676 625 677 589 677 626 677 626 678 589 678 590 678 626 679 590 679 627 679 627 680 590 680 567 680 627 681 567 681 569 681 621 682 622 682 623 682 623 683 622 683 624 683 623 684 624 684 628 684 628 685 624 685 625 685 628 686 625 686 629 686 629 687 625 687 626 687 629 688 626 688 630 688 630 689 626 689 627 689 630 690 627 690 631 690 631 691 627 691 569 691 631 692 569 692 571 692 608 693 623 693 609 693 609 694 623 694 628 694 609 695 628 695 616 695 616 696 628 696 629 696 616 697 629 697 617 697 617 698 629 698 630 698 617 699 630 699 618 699 618 700 630 700 631 700 618 701 631 701 619 701 619 702 631 702 571 702 619 703 571 703 572 703 94 704 93 704 178 704 178 705 93 705 135 705 178 706 135 706 238 706 238 707 135 707 153 707 238 708 153 708 240 708 240 709 153 709 152 709 240 710 152 710 242 710 242 711 152 711 151 711 242 712 151 712 244 712 244 713 151 713 159 713 244 714 159 714 246 714 246 715 159 715 163 715 246 716 163 716 248 716 248 717 163 717 162 717 248 718 162 718 250 718 250 719 162 719 161 719 250 720 161 720 252 720 252 721 161 721 160 721 252 722 160 722 254 722 254 723 160 723 169 723 254 724 169 724 256 724 256 725 169 725 168 725 256 726 168 726 258 726 258 727 168 727 167 727 258 728 167 728 260 728 260 729 167 729 166 729 260 730 166 730 262 730 262 731 166 731 165 731 262 732 165 732 264 732 264 733 165 733 164 733 264 734 164 734 266 734 266 735 164 735 632 735 266 736 632 736 633 736 633 737 632 737 634 737 633 738 634 738 635 738 633 739 636 739 266 739 266 740 636 740 637 740 266 741 637 741 267 741 267 742 637 742 192 742 638 743 639 743 640 743 103 744 102 744 504 744 104 745 103 745 641 745 641 746 103 746 504 746 641 747 504 747 642 747 642 748 504 748 503 748 642 749 503 749 643 749 503 750 507 750 643 750 643 751 507 751 506 751 643 752 506 752 644 752 644 753 506 753 505 753 644 754 505 754 645 754 505 755 510 755 645 755 645 756 510 756 509 756 645 757 509 757 646 757 646 758 509 758 508 758 646 759 508 759 647 759 508 760 513 760 647 760 647 761 513 761 512 761 647 762 512 762 648 762 648 763 512 763 511 763 648 764 511 764 649 764 511 765 515 765 649 765 649 766 515 766 514 766 649 767 514 767 650 767 650 768 514 768 522 768 650 769 522 769 651 769 651 770 522 770 521 770 651 771 521 771 652 771 652 772 521 772 520 772 652 773 520 773 653 773 653 774 520 774 519 774 653 775 519 775 654 775 654 776 519 776 518 776 654 777 518 777 655 777 655 778 518 778 517 778 655 779 517 779 656 779 656 780 517 780 516 780 656 781 516 781 657 781 657 782 516 782 501 782 657 783 501 783 658 783 658 784 501 784 499 784 658 785 499 785 659 785 659 786 499 786 498 786 659 787 638 787 658 787 658 788 638 788 640 788 658 789 640 789 657 789 657 790 640 790 660 790 657 791 660 791 656 791 656 792 660 792 661 792 656 793 661 793 655 793 655 794 661 794 662 794 655 795 662 795 654 795 654 796 662 796 663 796 654 797 663 797 653 797 653 798 663 798 664 798 653 799 664 799 652 799 652 800 664 800 665 800 652 801 665 801 651 801 651 802 665 802 666 802 651 803 666 803 650 803 650 804 666 804 667 804 650 805 667 805 649 805 649 806 667 806 668 806 649 807 668 807 648 807 648 808 668 808 669 808 648 809 669 809 647 809 647 810 669 810 670 810 647 811 670 811 646 811 646 812 670 812 671 812 646 813 671 813 645 813 645 814 671 814 672 814 645 815 672 815 644 815 644 816 672 816 673 816 644 817 673 817 643 817 643 818 673 818 674 818 643 819 674 819 642 819 642 820 674 820 675 820 642 821 675 821 641 821 641 822 675 822 98 822 641 823 98 823 104 823 639 824 676 824 640 824 640 825 676 825 677 825 640 826 677 826 660 826 660 827 677 827 678 827 660 828 678 828 661 828 661 828 678 828 679 828 661 829 679 829 662 829 662 830 679 830 680 830 662 831 680 831 663 831 663 832 680 832 681 832 663 833 681 833 664 833 664 834 681 834 682 834 664 835 682 835 665 835 665 836 682 836 683 836 665 837 683 837 666 837 666 838 683 838 684 838 666 839 684 839 667 839 667 840 684 840 685 840 667 841 685 841 668 841 668 842 685 842 686 842 668 843 686 843 669 843 669 844 686 844 687 844 669 845 687 845 670 845 670 846 687 846 688 846 670 847 688 847 671 847 671 848 688 848 689 848 671 849 689 849 672 849 672 850 689 850 690 850 672 851 690 851 673 851 673 852 690 852 691 852 673 853 691 853 674 853 674 854 691 854 692 854 674 855 692 855 675 855 675 855 692 855 693 855 675 856 693 856 98 856 98 856 693 856 91 856 500 857 694 857 498 857 498 858 694 858 695 858 498 859 695 859 659 859 659 860 695 860 638 860 696 861 697 861 698 861 698 862 697 862 699 862 698 863 699 863 700 863 699 864 701 864 700 864 700 865 701 865 702 865 700 866 702 866 676 866 695 867 703 867 638 867 638 868 703 868 704 868 638 869 704 869 639 869 705 870 706 870 707 870 707 871 706 871 708 871 707 872 708 872 709 872 709 873 708 873 615 873 709 874 615 874 614 874 705 875 707 875 710 875 710 876 707 876 700 876 710 877 700 877 704 877 704 878 700 878 676 878 704 879 676 879 639 879 607 880 615 880 711 880 711 881 615 881 712 881 711 882 712 882 713 882 713 883 712 883 714 883 713 884 714 884 715 884 715 885 714 885 716 885 608 886 607 886 621 886 621 887 607 887 711 887 621 888 711 888 620 888 620 889 711 889 713 889 620 890 713 890 584 890 584 891 713 891 715 891 502 3 694 3 500 3 703 892 695 892 717 892 717 893 718 893 703 893 703 894 718 894 719 894 703 895 719 895 720 895 720 896 719 896 721 896 720 897 721 897 722 897 722 898 721 898 723 898 723 899 721 899 724 899 724 900 721 900 725 900 724 901 725 901 726 901 726 902 725 902 727 902 726 903 727 903 728 903 729 904 730 904 731 904 731 905 732 905 729 905 729 906 732 906 733 906 729 907 733 907 727 907 727 908 733 908 734 908 727 909 734 909 728 909 735 910 736 910 737 910 716 911 714 911 738 911 736 912 708 912 706 912 736 913 706 913 737 913 737 914 706 914 705 914 737 915 705 915 739 915 739 916 705 916 710 916 739 917 710 917 740 917 740 918 710 918 704 918 740 919 704 919 741 919 741 920 704 920 703 920 741 921 703 921 742 921 735 922 737 922 743 922 743 923 737 923 739 923 743 924 739 924 744 924 744 925 739 925 740 925 744 926 740 926 745 926 745 927 740 927 741 927 745 928 741 928 746 928 746 929 741 929 742 929 746 930 742 930 747 930 615 931 708 931 712 931 712 932 708 932 736 932 712 933 736 933 714 933 714 934 736 934 735 934 714 935 735 935 738 935 738 936 735 936 743 936 738 937 743 937 748 937 748 938 743 938 744 938 748 939 744 939 749 939 749 940 744 940 745 940 749 941 745 941 750 941 750 942 745 942 746 942 750 943 746 943 751 943 751 944 746 944 747 944 751 945 747 945 752 945 716 946 738 946 753 946 753 947 738 947 748 947 753 948 748 948 754 948 754 949 748 949 749 949 754 950 749 950 755 950 755 951 749 951 750 951 755 952 750 952 756 952 756 953 750 953 751 953 756 954 751 954 757 954 757 955 751 955 752 955 757 956 752 956 758 956 591 957 171 957 759 957 759 2 171 2 128 2 759 958 128 958 760 958 88 2 761 2 762 2 762 959 761 959 763 959 762 2 763 2 764 2 764 960 763 960 765 960 764 2 765 2 766 2 767 2 768 2 769 2 770 2 771 2 772 2 773 2 774 2 762 2 762 961 774 961 760 961 124 2 122 2 762 2 768 2 775 2 769 2 769 2 775 2 772 2 769 2 772 2 776 2 776 2 772 2 771 2 760 962 128 962 762 962 762 963 128 963 126 963 762 964 126 964 124 964 87 2 88 2 118 2 118 2 88 2 762 2 118 2 762 2 120 2 120 2 762 2 122 2 766 965 765 965 769 965 769 966 765 966 777 966 769 967 777 967 778 967 779 968 772 968 780 968 780 969 772 969 781 969 779 970 782 970 772 970 772 971 782 971 783 971 772 972 783 972 770 972 778 2 784 2 769 2 769 973 784 973 785 973 769 974 785 974 767 974 786 975 635 975 634 975 584 976 715 976 787 976 787 977 715 977 716 977 787 978 716 978 753 978 753 979 754 979 787 979 787 980 754 980 755 980 787 981 755 981 756 981 756 982 757 982 787 982 787 983 757 983 758 983 787 984 758 984 786 984 786 985 634 985 787 985 787 986 634 986 632 986 787 987 632 987 788 987 788 988 632 988 164 988 788 989 164 989 145 989 584 990 787 990 583 990 583 991 787 991 788 991 583 992 788 992 582 992 582 993 788 993 145 993 582 994 145 994 144 994 789 995 790 995 791 995 792 996 722 996 723 996 790 997 793 997 794 997 794 998 793 998 795 998 794 999 795 999 792 999 789 1000 791 1000 635 1000 792 1001 723 1001 794 1001 794 1002 723 1002 724 1002 794 1003 724 1003 796 1003 796 1004 724 1004 726 1004 796 1005 726 1005 797 1005 797 1006 726 1006 728 1006 797 1007 728 1007 798 1007 790 1008 794 1008 791 1008 791 1009 794 1009 796 1009 791 1010 796 1010 799 1010 799 1011 796 1011 797 1011 799 1012 797 1012 800 1012 800 1013 797 1013 798 1013 800 1014 798 1014 801 1014 635 1015 791 1015 633 1015 633 1016 791 1016 799 1016 633 1017 799 1017 636 1017 636 1018 799 1018 800 1018 636 1019 800 1019 637 1019 637 1020 800 1020 801 1020 637 1021 801 1021 192 1021 802 1022 186 1022 187 1022 803 1023 802 1023 804 1023 730 1024 803 1024 805 1024 802 1025 187 1025 804 1025 804 1026 187 1026 188 1026 804 1027 188 1027 806 1027 806 1028 188 1028 190 1028 806 1029 190 1029 807 1029 807 1030 190 1030 194 1030 807 1031 194 1031 808 1031 808 1032 194 1032 192 1032 808 1033 192 1033 801 1033 803 1034 804 1034 805 1034 805 1035 804 1035 806 1035 805 1036 806 1036 809 1036 809 1037 806 1037 807 1037 809 1038 807 1038 810 1038 810 1039 807 1039 808 1039 810 1040 808 1040 811 1040 811 1041 808 1041 801 1041 811 1042 801 1042 798 1042 730 1043 805 1043 731 1043 731 1044 805 1044 809 1044 731 1045 809 1045 732 1045 732 1046 809 1046 810 1046 732 1047 810 1047 733 1047 733 1048 810 1048 811 1048 733 1049 811 1049 734 1049 734 1050 811 1050 798 1050 734 1051 798 1051 728 1051 183 1052 182 1052 812 1052 812 1053 182 1053 180 1053 812 1054 180 1054 730 1054 730 1055 180 1055 276 1055 730 1056 276 1056 184 1056 186 1057 802 1057 184 1057 184 1058 802 1058 803 1058 184 1059 803 1059 730 1059 329 1060 813 1060 331 1060 331 1061 813 1061 814 1061 331 1062 814 1062 332 1062 332 1063 814 1063 815 1063 332 1064 815 1064 339 1064 339 1065 815 1065 816 1065 339 1066 816 1066 440 1066 440 1067 816 1067 817 1067 440 1068 817 1068 437 1068 437 1069 817 1069 818 1069 437 1070 818 1070 434 1070 434 1071 818 1071 819 1071 434 1072 819 1072 431 1072 431 1073 819 1073 820 1073 431 1074 820 1074 414 1074 414 1075 820 1075 821 1075 414 1076 821 1076 415 1076 415 1077 821 1077 822 1077 415 1078 822 1078 416 1078 416 1079 822 1079 823 1079 416 1080 823 1080 417 1080 417 1081 823 1081 824 1081 417 1082 824 1082 418 1082 418 1083 824 1083 825 1083 418 1084 825 1084 419 1084 419 1085 825 1085 826 1085 419 1086 826 1086 277 1086 277 1087 826 1087 827 1087 277 1088 827 1088 420 1088 420 1089 827 1089 828 1089 420 1090 828 1090 421 1090 421 1091 828 1091 829 1091 421 1092 829 1092 422 1092 422 1093 829 1093 830 1093 422 1094 830 1094 423 1094 423 1095 830 1095 831 1095 423 1096 831 1096 425 1096 425 1097 831 1097 832 1097 425 1098 832 1098 282 1098 282 1099 832 1099 833 1099 282 1100 833 1100 284 1100 284 1101 833 1101 834 1101 284 1102 834 1102 296 1102 296 1103 834 1103 835 1103 296 1104 835 1104 299 1104 299 1105 835 1105 836 1105 299 1106 836 1106 302 1106 302 1107 836 1107 837 1107 302 1108 837 1108 305 1108 305 1109 837 1109 838 1109 305 1110 838 1110 308 1110 308 1111 838 1111 839 1111 308 1112 839 1112 311 1112 311 1113 839 1113 840 1113 311 1114 840 1114 314 1114 314 1115 840 1115 841 1115 314 1116 841 1116 317 1116 317 1117 841 1117 842 1117 317 1118 842 1118 320 1118 320 1119 842 1119 843 1119 320 1120 843 1120 323 1120 323 1121 843 1121 844 1121 323 1122 844 1122 326 1122 326 1123 844 1123 845 1123 326 1124 845 1124 329 1124 329 1125 845 1125 813 1125 278 475 183 475 729 475 729 1126 183 1126 812 1126 729 1127 812 1127 730 1127 846 1128 847 1128 848 1128 848 1129 847 1129 849 1129 848 1130 849 1130 850 1130 851 1131 852 1131 853 1131 853 1132 852 1132 854 1132 853 1133 854 1133 855 1133 856 1134 857 1134 854 1134 854 1135 857 1135 858 1135 854 1136 858 1136 855 1136 846 1137 859 1137 856 1137 856 1138 859 1138 860 1138 856 1139 860 1139 857 1139 846 1140 856 1140 847 1140 847 1141 856 1141 861 1141 847 1142 861 1142 849 1142 862 1143 863 1143 854 1143 854 1144 863 1144 864 1144 854 1145 864 1145 856 1145 856 1146 864 1146 865 1146 856 1147 865 1147 861 1147 862 1148 854 1148 866 1148 866 1149 854 1149 852 1149 866 1150 852 1150 867 1150 852 1151 851 1151 868 1151 869 1152 870 1152 871 1152 871 1153 870 1153 872 1153 871 1154 872 1154 873 1154 873 1155 872 1155 874 1155 873 1156 874 1156 875 1156 875 1157 874 1157 876 1157 875 1158 876 1158 877 1158 877 1159 876 1159 878 1159 877 1160 878 1160 879 1160 878 1161 880 1161 879 1161 879 1162 880 1162 881 1162 879 1163 881 1163 882 1163 882 1164 881 1164 883 1164 882 1165 883 1165 884 1165 884 1166 883 1166 885 1166 884 1167 885 1167 886 1167 886 1168 885 1168 887 1168 886 1169 887 1169 888 1169 887 1170 889 1170 888 1170 888 1171 889 1171 890 1171 888 1172 890 1172 891 1172 891 1173 890 1173 892 1173 891 1174 892 1174 893 1174 893 1175 892 1175 894 1175 893 1176 894 1176 895 1176 896 1177 897 1177 898 1177 894 1178 899 1178 895 1178 895 1179 899 1179 900 1179 895 1180 900 1180 901 1180 901 1181 900 1181 902 1181 901 1182 902 1182 903 1182 903 1183 902 1183 904 1183 903 1184 904 1184 905 1184 905 1185 904 1185 906 1185 905 1186 906 1186 907 1186 907 1187 906 1187 908 1187 907 1188 908 1188 897 1188 897 1189 908 1189 909 1189 897 1190 909 1190 898 1190 898 1191 910 1191 896 1191 896 1192 910 1192 911 1192 896 1193 911 1193 912 1193 912 1194 911 1194 913 1194 912 1195 913 1195 914 1195 913 1196 915 1196 914 1196 914 1197 915 1197 916 1197 914 1198 916 1198 917 1198 917 1199 916 1199 918 1199 917 1200 918 1200 919 1200 919 1201 918 1201 920 1201 919 1202 920 1202 921 1202 867 1203 852 1203 922 1203 922 1204 852 1204 868 1204 922 1205 868 1205 923 1205 923 1206 868 1206 924 1206 923 1207 924 1207 925 1207 925 1208 924 1208 926 1208 925 1209 926 1209 927 1209 927 1210 926 1210 928 1210 927 1211 928 1211 929 1211 929 1212 928 1212 930 1212 929 1213 930 1213 931 1213 931 1214 930 1214 921 1214 931 1215 921 1215 932 1215 932 1216 921 1216 920 1216 933 1217 934 1217 869 1217 869 1218 934 1218 935 1218 869 1219 935 1219 870 1219 933 1220 869 1220 936 1220 937 1221 938 1221 936 1221 936 1222 938 1222 939 1222 936 1223 939 1223 933 1223 940 1224 941 1224 942 1224 942 1225 941 1225 943 1225 942 1226 943 1226 937 1226 937 1227 943 1227 944 1227 937 1228 944 1228 938 1228 945 1229 946 1229 947 1229 947 1230 948 1230 945 1230 945 1231 948 1231 949 1231 945 1232 949 1232 942 1232 942 1233 949 1233 950 1233 942 1234 950 1234 940 1234 951 1235 952 1235 946 1235 946 1236 952 1236 953 1236 946 1237 953 1237 947 1237 954 1238 955 1238 956 1238 956 1239 955 1239 957 1239 956 1240 957 1240 958 1240 954 1241 959 1241 955 1241 955 1242 959 1242 960 1242 955 1243 960 1243 961 1243 962 1244 963 1244 964 1244 964 1245 963 1245 965 1245 964 1246 965 1246 966 1246 957 1247 967 1247 958 1247 958 1248 967 1248 968 1248 958 1249 968 1249 969 1249 969 1250 968 1250 970 1250 969 1251 970 1251 971 1251 971 1252 970 1252 972 1252 971 1253 972 1253 973 1253 973 1254 972 1254 974 1254 973 1255 974 1255 975 1255 975 1256 974 1256 976 1256 975 1257 976 1257 962 1257 962 1258 976 1258 977 1258 962 1259 977 1259 963 1259 978 1260 979 1260 980 1260 980 1261 979 1261 981 1261 980 1262 981 1262 982 1262 965 1263 983 1263 966 1263 966 1264 983 1264 984 1264 966 1265 984 1265 985 1265 985 1266 984 1266 986 1266 985 1267 986 1267 978 1267 978 1268 986 1268 987 1268 978 1269 987 1269 979 1269 988 1270 989 1270 990 1270 990 1271 989 1271 991 1271 990 1272 991 1272 992 1272 981 1273 993 1273 982 1273 982 1274 993 1274 994 1274 982 1275 994 1275 995 1275 995 1276 994 1276 996 1276 995 1277 996 1277 997 1277 997 1278 996 1278 998 1278 997 1279 998 1279 999 1279 999 1280 998 1280 1000 1280 999 1281 1000 1281 1001 1281 1001 1282 1000 1282 1002 1282 1001 1283 1002 1283 988 1283 988 1284 1002 1284 1003 1284 988 1285 1003 1285 989 1285 991 1286 1004 1286 992 1286 992 1287 1004 1287 1005 1287 992 1288 1005 1288 1006 1288 1006 1289 1005 1289 1007 1289 1006 1290 1007 1290 1008 1290 1008 1291 1007 1291 1009 1291 1007 1292 1010 1292 1009 1292 1009 1293 1010 1293 1011 1293 1009 1294 1011 1294 1012 1294 1012 1295 1011 1295 1013 1295 1012 1296 1013 1296 1014 1296 1014 1297 1013 1297 1015 1297 1014 1298 1015 1298 1016 1298 1016 1299 1015 1299 1017 1299 1016 1300 1017 1300 1018 1300 1018 1301 1017 1301 1019 1301 1018 1302 1019 1302 946 1302 946 1303 1019 1303 951 1303 859 1304 846 1304 848 1304 1020 1305 860 1305 859 1305 960 1306 959 1306 1021 1306 1021 1307 959 1307 1022 1307 1022 1308 1023 1308 1021 1308 1021 1309 1023 1309 1024 1309 1021 1310 1024 1310 1020 1310 1020 1311 1024 1311 1025 1311 1020 1312 1025 1312 860 1312 1026 1313 1027 1313 1021 1313 1021 1314 1027 1314 1028 1314 1021 1315 1028 1315 960 1315 960 1316 1028 1316 1029 1316 960 1317 1029 1317 961 1317 1030 1318 1031 1318 1020 1318 1020 1319 1031 1319 1032 1319 1020 1320 1032 1320 1021 1320 1021 1321 1032 1321 1033 1321 1021 1322 1033 1322 1026 1322 859 1323 848 1323 1020 1323 1020 1324 848 1324 850 1324 1020 1325 850 1325 1030 1325 1034 1326 720 1326 722 1326 1035 1327 789 1327 786 1327 786 1328 789 1328 635 1328 722 1329 792 1329 1034 1329 1034 1330 792 1330 795 1330 1034 1331 795 1331 1036 1331 1036 1332 795 1332 793 1332 1036 1333 793 1333 1035 1333 1035 1334 793 1334 790 1334 1035 1335 790 1335 789 1335 703 1336 720 1336 742 1336 742 1337 720 1337 1034 1337 742 1338 1034 1338 747 1338 747 1339 1034 1339 1036 1339 747 1340 1036 1340 752 1340 752 1341 1036 1341 1035 1341 752 1342 1035 1342 758 1342 758 1343 1035 1343 786 1343 814 2 813 2 1037 2 1037 1344 813 1344 845 1344 1037 1345 845 1345 844 1345 817 1346 816 1346 1037 1346 1037 1347 816 1347 815 1347 1037 1348 815 1348 814 1348 820 1349 819 1349 1037 1349 1037 1350 819 1350 818 1350 1037 1350 818 1350 817 1350 823 2 822 2 1037 2 1037 1350 822 1350 821 1350 1037 2 821 2 820 2 826 2 825 2 1037 2 1037 1351 825 1351 824 1351 1037 1352 824 1352 823 1352 829 2 828 2 1037 2 1037 1353 828 1353 827 1353 1037 1354 827 1354 826 1354 832 2 831 2 1037 2 1037 1355 831 1355 830 1355 1037 1356 830 1356 829 1356 835 2 834 2 1037 2 1037 1357 834 1357 833 1357 1037 1358 833 1358 832 1358 838 1350 837 1350 1037 1350 1037 2 837 2 836 2 1037 1359 836 1359 835 1359 841 1360 840 1360 1037 1360 1037 1359 840 1359 839 1359 1037 1359 839 1359 838 1359 844 2 843 2 1037 2 1037 1361 843 1361 842 1361 1037 1362 842 1362 841 1362 956 1363 958 1363 1038 1363 995 1364 997 1364 1039 1364 1012 1365 1014 1365 1040 1365 1041 1366 1042 1366 1043 1366 1044 1367 1045 1367 1046 1367 921 1368 930 1368 1047 1368 896 1369 912 1369 1048 1369 897 1370 896 1370 1049 1370 907 1371 897 1371 1050 1371 893 1372 895 1372 1051 1372 869 1373 871 1373 1052 1373 959 1374 954 1374 1022 1374 1022 1375 954 1375 1053 1375 1022 1376 1053 1376 1023 1376 1054 1377 1025 1377 1024 1377 1043 1378 857 1378 860 1378 851 1379 853 1379 1042 1379 1042 1380 853 1380 855 1380 1042 1381 855 1381 1043 1381 1043 1382 855 1382 858 1382 1043 1383 858 1383 857 1383 875 1384 877 1384 1044 1384 1044 1385 877 1385 879 1385 1044 1386 879 1386 1045 1386 1045 1387 879 1387 882 1387 1045 1388 882 1388 884 1388 1055 1389 886 1389 888 1389 893 1390 1051 1390 891 1390 895 1391 901 1391 1056 1391 1056 1392 901 1392 903 1392 903 1393 905 1393 1057 1393 1057 1394 905 1394 907 1394 917 1395 919 1395 1058 1395 928 1396 926 1396 1041 1396 1041 1397 926 1397 924 1397 1041 1398 924 1398 1042 1398 1042 1399 924 1399 868 1399 1042 1400 868 1400 851 1400 1059 1401 1060 1401 1061 1401 1062 1402 1046 1402 1063 1402 1063 1403 1046 1403 1045 1403 1063 1404 1045 1404 1055 1404 1055 1405 1045 1405 884 1405 1055 1406 884 1406 886 1406 930 1407 928 1407 1047 1407 1047 1408 928 1408 1041 1408 1047 1409 1041 1409 1064 1409 1064 1410 1041 1410 1043 1410 1064 1411 1043 1411 1054 1411 1054 1412 1043 1412 860 1412 1054 1413 860 1413 1025 1413 1065 1414 1062 1414 1066 1414 1066 1415 1062 1415 1063 1415 1066 1416 1063 1416 1067 1416 1067 1417 1063 1417 1055 1417 1067 1418 1055 1418 1068 1418 1068 1419 1055 1419 888 1419 1068 1420 888 1420 891 1420 1069 1421 1070 1421 1071 1421 919 1422 921 1422 1058 1422 1058 1423 921 1423 1047 1423 1058 1424 1047 1424 1072 1424 1072 1425 1047 1425 1064 1425 1072 1426 1064 1426 1073 1426 1073 1427 1064 1427 1054 1427 1073 1428 1054 1428 1053 1428 1053 1429 1054 1429 1024 1429 1053 1430 1024 1430 1023 1430 1040 1431 1074 1431 1075 1431 1076 1432 1077 1432 1078 1432 1078 1433 1077 1433 1079 1433 1078 1434 1079 1434 1080 1434 1080 1435 1079 1435 1059 1435 1080 1436 1059 1436 1052 1436 1052 1437 1059 1437 1061 1437 1052 1438 1061 1438 869 1438 1081 1439 1070 1439 1082 1439 1082 1440 1070 1440 1069 1440 1082 1441 1069 1441 1083 1441 969 1442 971 1442 1084 1442 1084 1443 971 1443 1083 1443 1084 1444 1083 1444 1085 1444 1085 1445 1083 1445 1069 1445 1085 1446 1069 1446 1086 1446 1086 1421 1069 1421 1071 1421 1086 1447 1071 1447 1048 1447 1060 1448 1075 1448 1087 1448 1087 1449 1075 1449 1074 1449 1087 1450 1074 1450 1088 1450 1088 1451 1074 1451 1018 1451 1088 1452 1018 1452 946 1452 1040 1453 1014 1453 1074 1453 1074 1454 1014 1454 1016 1454 1074 1455 1016 1455 1018 1455 1060 1448 1059 1448 1075 1448 1075 1456 1059 1456 1079 1456 1075 1457 1079 1457 1040 1457 1040 1458 1079 1458 1077 1458 1040 1459 1077 1459 1012 1459 990 1460 992 1460 1089 1460 1089 1461 992 1461 1076 1461 1089 1462 1076 1462 1090 1462 1090 1463 1076 1463 1078 1463 1090 1464 1078 1464 1091 1464 1091 1434 1078 1434 1080 1434 1091 1465 1080 1465 1092 1465 1092 1466 1080 1466 1052 1466 1092 1467 1052 1467 873 1467 873 1468 1052 1468 871 1468 992 1469 1006 1469 1076 1469 1076 1470 1006 1470 1008 1470 1076 1471 1008 1471 1077 1471 1077 1472 1008 1472 1009 1472 1077 1473 1009 1473 1012 1473 873 1474 875 1474 1092 1474 1092 1475 875 1475 1044 1475 1092 1476 1044 1476 1091 1476 1091 1477 1044 1477 1046 1477 1091 1464 1046 1464 1090 1464 1090 1478 1046 1478 1062 1478 1090 1479 1062 1479 1089 1479 1089 1480 1062 1480 1065 1480 1089 1481 1065 1481 990 1481 990 1482 1065 1482 988 1482 1093 1483 999 1483 1001 1483 891 1484 1051 1484 1068 1484 1068 1485 1051 1485 1094 1485 1068 1486 1094 1486 1067 1486 1067 1487 1094 1487 1095 1487 1067 1488 1095 1488 1066 1488 1066 1489 1095 1489 1093 1489 1066 1490 1093 1490 1065 1490 1065 1491 1093 1491 1001 1491 1065 1492 1001 1492 988 1492 895 1493 1056 1493 1051 1493 1051 1494 1056 1494 1096 1494 1051 1495 1096 1495 1094 1495 1094 1496 1096 1496 1097 1496 1094 1497 1097 1497 1095 1497 1095 1498 1097 1498 1039 1498 1095 1499 1039 1499 1093 1499 1093 1500 1039 1500 997 1500 1093 1501 997 1501 999 1501 903 1502 1057 1502 1056 1502 1056 1503 1057 1503 1098 1503 1056 1504 1098 1504 1096 1504 1096 1505 1098 1505 1099 1505 1096 1505 1099 1505 1097 1505 1097 1506 1099 1506 1100 1506 1097 1507 1100 1507 1039 1507 1039 1508 1100 1508 982 1508 1039 1509 982 1509 995 1509 1101 1510 978 1510 980 1510 907 1511 1050 1511 1057 1511 1057 1512 1050 1512 1102 1512 1057 1513 1102 1513 1098 1513 1098 1514 1102 1514 1103 1514 1098 1515 1103 1515 1099 1515 1099 1516 1103 1516 1101 1516 1099 1517 1101 1517 1100 1517 1100 1518 1101 1518 980 1518 1100 1519 980 1519 982 1519 897 1520 1049 1520 1050 1520 1050 1521 1049 1521 1104 1521 1050 1522 1104 1522 1102 1522 1102 1523 1104 1523 1105 1523 1102 1524 1105 1524 1103 1524 1103 1525 1105 1525 1106 1525 1103 1526 1106 1526 1101 1526 1101 1527 1106 1527 985 1527 1101 1528 985 1528 978 1528 896 1529 1048 1529 1049 1529 1049 1530 1048 1530 1071 1530 1049 1531 1071 1531 1104 1531 1104 1532 1071 1532 1070 1532 1104 1533 1070 1533 1105 1533 1105 1534 1070 1534 1081 1534 1105 1535 1081 1535 1106 1535 1106 1536 1081 1536 966 1536 1106 1537 966 1537 985 1537 971 1538 973 1538 1083 1538 1083 1539 973 1539 975 1539 1083 1540 975 1540 1082 1540 1082 1541 975 1541 962 1541 1082 1542 962 1542 1081 1542 1081 1543 962 1543 964 1543 1081 1544 964 1544 966 1544 958 1545 969 1545 1038 1545 1038 1546 969 1546 1084 1546 1038 1547 1084 1547 1107 1547 1107 1548 1084 1548 1085 1548 1107 1549 1085 1549 1108 1549 1108 1550 1085 1550 1086 1550 1108 1551 1086 1551 1109 1551 1109 1552 1086 1552 1048 1552 1109 1553 1048 1553 914 1553 914 1554 1048 1554 912 1554 914 1555 917 1555 1109 1555 1109 1556 917 1556 1058 1556 1109 1557 1058 1557 1108 1557 1108 1558 1058 1558 1072 1558 1108 1549 1072 1549 1107 1549 1107 1559 1072 1559 1073 1559 1107 1560 1073 1560 1038 1560 1038 1561 1073 1561 1053 1561 1038 1562 1053 1562 956 1562 956 1563 1053 1563 954 1563 444 0 455 0 602 0 602 1564 455 1564 603 1564 603 1565 455 1565 453 1565 603 1566 453 1566 597 1566 597 1567 453 1567 598 1567 598 1568 453 1568 599 1568 599 1569 453 1569 452 1569 599 1570 452 1570 600 1570 451 1571 575 1571 596 1571 596 1572 595 1572 451 1572 451 1573 595 1573 594 1573 451 1574 594 1574 452 1574 452 1575 594 1575 601 1575 452 1576 601 1576 600 1576 5 3 4 3 10 3 10 3 4 3 11 3 1 1577 5 1577 12 1577 12 1578 5 1578 10 1578 1110 1579 1111 1579 1112 1579 1113 1580 1114 1580 1115 1580 1113 1581 466 1581 468 1581 82 1582 81 1582 560 1582 82 1583 560 1583 105 1583 107 1584 106 1584 1116 1584 100 1585 101 1585 1117 1585 538 1586 525 1586 1118 1586 1114 1587 1113 1587 1119 1587 1119 1588 1113 1588 468 1588 1119 1589 468 1589 1120 1589 1120 1590 468 1590 470 1590 1120 1591 470 1591 1121 1591 1121 1592 470 1592 472 1592 1121 1593 472 1593 1122 1593 1122 1594 472 1594 474 1594 1122 1595 474 1595 1123 1595 1123 1596 474 1596 476 1596 1123 1597 476 1597 1124 1597 1124 1598 476 1598 478 1598 1124 1599 478 1599 1125 1599 1125 1600 478 1600 480 1600 1125 1601 480 1601 1126 1601 1126 1602 480 1602 482 1602 1126 1603 482 1603 1127 1603 1127 1604 482 1604 484 1604 1127 1605 484 1605 1128 1605 1128 1606 484 1606 486 1606 1128 1607 486 1607 1129 1607 1129 1608 486 1608 488 1608 1129 1609 488 1609 1130 1609 1130 1610 488 1610 490 1610 1130 1611 490 1611 1131 1611 1131 1612 490 1612 492 1612 1131 1613 492 1613 1132 1613 1132 1614 492 1614 494 1614 1132 1615 494 1615 1117 1615 1117 1616 494 1616 496 1616 1117 1617 496 1617 100 1617 1111 1618 1115 1618 1112 1618 1112 1619 1115 1619 1114 1619 1112 1620 1114 1620 1133 1620 1133 1621 1114 1621 1119 1621 1133 1622 1119 1622 1134 1622 1134 1623 1119 1623 1120 1623 1134 1624 1120 1624 1135 1624 1135 1625 1120 1625 1121 1625 1135 1626 1121 1626 1136 1626 1136 1627 1121 1627 1122 1627 1136 1628 1122 1628 1137 1628 1137 1629 1122 1629 1123 1629 1137 1630 1123 1630 1138 1630 1138 1631 1123 1631 1124 1631 1138 1632 1124 1632 1139 1632 1139 1633 1124 1633 1125 1633 1139 1634 1125 1634 1140 1634 1140 1635 1125 1635 1126 1635 1140 1636 1126 1636 1141 1636 1141 1637 1126 1637 1127 1637 1141 1638 1127 1638 1142 1638 1142 1639 1127 1639 1128 1639 1142 1640 1128 1640 1143 1640 1143 1641 1128 1641 1129 1641 1143 1642 1129 1642 1144 1642 1144 1643 1129 1643 1130 1643 1144 1644 1130 1644 1145 1644 1145 1645 1130 1645 1131 1645 1145 1646 1131 1646 1146 1646 1146 1647 1131 1647 1132 1647 1146 1648 1132 1648 1116 1648 1116 1649 1132 1649 1117 1649 1116 1650 1117 1650 107 1650 107 1651 1117 1651 101 1651 1118 1652 1110 1652 538 1652 538 1653 1110 1653 1112 1653 538 1654 1112 1654 542 1654 542 1655 1112 1655 1133 1655 542 1656 1133 1656 562 1656 562 1657 1133 1657 1134 1657 562 1658 1134 1658 563 1658 563 1659 1134 1659 1135 1659 563 1660 1135 1660 564 1660 564 1661 1135 1661 1136 1661 564 1662 1136 1662 565 1662 565 1663 1136 1663 1137 1663 565 1664 1137 1664 566 1664 566 1665 1137 1665 1138 1665 566 1666 1138 1666 552 1666 552 1667 1138 1667 1139 1667 552 1668 1139 1668 553 1668 553 1669 1139 1669 1140 1669 553 1670 1140 1670 554 1670 554 1671 1140 1671 1141 1671 554 1672 1141 1672 555 1672 555 1673 1141 1673 1142 1673 555 1674 1142 1674 556 1674 556 1675 1142 1675 1143 1675 556 1676 1143 1676 557 1676 557 1677 1143 1677 1144 1677 557 1678 1144 1678 558 1678 558 1679 1144 1679 1145 1679 558 1680 1145 1680 559 1680 559 1681 1145 1681 1146 1681 559 1682 1146 1682 560 1682 560 1683 1146 1683 1116 1683 560 1684 1116 1684 105 1684 105 1685 1116 1685 106 1685 502 1686 467 1686 466 1686 1111 1687 1110 1687 524 1687 524 1688 1110 1688 1118 1688 524 1689 1118 1689 525 1689 1111 1690 524 1690 1115 1690 1115 1691 524 1691 1147 1691 1115 1692 1147 1692 1113 1692 1147 1693 1148 1693 1113 1693 1113 1694 1148 1694 1149 1694 1113 1695 1149 1695 466 1695 694 1696 502 1696 1150 1696 1150 1697 502 1697 466 1697 1150 1698 466 1698 1151 1698 1151 1699 466 1699 1149 1699 695 1700 694 1700 1152 1700 1152 1701 694 1701 1150 1701 435 1702 433 1702 535 1702 535 1703 433 1703 536 1703 433 1704 432 1704 536 1704 536 1705 432 1705 430 1705 536 1706 430 1706 526 1706 526 1707 430 1707 279 1707 526 1708 279 1708 278 1708 435 1709 535 1709 436 1709 436 1710 535 1710 561 1710 436 1711 561 1711 438 1711 438 1712 561 1712 548 1712 438 1713 548 1713 439 1713 439 1714 548 1714 442 1714 442 1715 548 1715 546 1715 442 1716 546 1716 441 1716 441 1717 546 1717 342 1717 342 1718 546 1718 545 1718 342 1719 545 1719 350 1719 350 1720 545 1720 352 1720 352 1721 545 1721 547 1721 352 1722 547 1722 354 1722 354 1723 547 1723 356 1723 356 1724 547 1724 549 1724 356 1725 549 1725 358 1725 358 1726 549 1726 360 1726 360 1727 549 1727 537 1727 360 1728 537 1728 362 1728 362 1729 537 1729 364 1729 364 1730 537 1730 541 1730 364 1731 541 1731 366 1731 366 1732 541 1732 368 1732 368 1733 541 1733 551 1733 368 1734 551 1734 370 1734 370 1735 551 1735 372 1735 372 1736 551 1736 550 1736 372 1737 550 1737 374 1737 374 1738 550 1738 376 1738 376 1739 550 1739 540 1739 376 1740 540 1740 378 1740 378 1741 540 1741 380 1741 380 1742 540 1742 539 1742 380 1743 539 1743 382 1743 382 1744 539 1744 384 1744 384 1745 539 1745 544 1745 384 1746 544 1746 386 1746 386 1747 544 1747 388 1747 388 1748 544 1748 543 1748 388 1749 543 1749 390 1749 390 1750 543 1750 392 1750 392 1751 543 1751 528 1751 392 1752 528 1752 393 1752 393 1753 528 1753 534 1753 393 1754 534 1754 395 1754 395 1755 534 1755 397 1755 397 1756 534 1756 533 1756 397 1757 533 1757 399 1757 532 1758 403 1758 533 1758 533 1759 403 1759 401 1759 533 1760 401 1760 399 1760 531 1761 530 1761 411 1761 411 1762 409 1762 531 1762 531 1763 409 1763 407 1763 531 1764 407 1764 532 1764 532 1765 407 1765 405 1765 532 1766 405 1766 403 1766 529 1767 527 1767 428 1767 428 1768 429 1768 529 1768 529 1769 429 1769 424 1769 529 1770 424 1770 530 1770 530 1771 424 1771 293 1771 530 1772 293 1772 411 1772 89 1773 1153 1773 80 1773 80 1774 1153 1774 1154 1774 1154 1775 1155 1775 80 1775 80 1776 1155 1776 426 1776 80 1777 426 1777 527 1777 527 1778 426 1778 427 1778 527 1779 427 1779 428 1779 729 1780 523 1780 278 1780 278 1781 523 1781 526 1781 727 1782 524 1782 729 1782 729 1783 524 1783 523 1783 718 1784 1150 1784 719 1784 719 1785 1150 1785 1151 1785 719 1786 1151 1786 721 1786 524 1787 727 1787 1147 1787 1147 1788 727 1788 725 1788 1147 1789 725 1789 1148 1789 1148 1790 725 1790 721 1790 1148 1791 721 1791 1149 1791 1149 1792 721 1792 1151 1792 1150 1793 718 1793 1152 1793 1152 1794 718 1794 717 1794 1152 1795 717 1795 695 1795 333 1796 348 1796 1156 1796 1157 1797 952 1797 951 1797 330 1798 336 1798 1158 1798 1158 1799 336 1799 1159 1799 1158 1800 1159 1800 1160 1800 1160 1801 1159 1801 1157 1801 1160 1802 1157 1802 1161 1802 1161 1803 1157 1803 951 1803 953 1804 952 1804 1162 1804 1162 1805 952 1805 1157 1805 1162 1806 1157 1806 1163 1806 1163 1807 1157 1807 1159 1807 1163 1808 1159 1808 335 1808 335 1809 1159 1809 336 1809 333 1810 1156 1810 334 1810 947 1811 953 1811 1164 1811 1164 1812 953 1812 1162 1812 1164 1813 1162 1813 1156 1813 1156 1814 1162 1814 1163 1814 1156 1815 1163 1815 334 1815 334 1816 1163 1816 335 1816 1165 1817 325 1817 327 1817 1010 1818 1166 1818 1167 1818 1168 1819 283 1819 285 1819 1169 1820 1170 1820 1171 1820 1171 1821 1170 1821 1168 1821 1172 1822 967 1822 1173 1822 1173 1823 967 1823 957 1823 1173 1824 957 1824 1171 1824 1171 1825 957 1825 955 1825 1171 1826 955 1826 1169 1826 1169 1827 955 1827 961 1827 1174 1828 972 1828 1175 1828 1175 1829 972 1829 970 1829 1175 1830 970 1830 1172 1830 1172 1831 970 1831 968 1831 1172 1832 968 1832 967 1832 1176 1833 977 1833 1177 1833 1177 1834 977 1834 976 1834 1177 1835 976 1835 1174 1835 1174 1836 976 1836 974 1836 1174 1837 974 1837 972 1837 1178 1838 983 1838 1179 1838 1179 1839 983 1839 965 1839 1179 1840 965 1840 1176 1840 1176 1841 965 1841 963 1841 1176 1842 963 1842 977 1842 1180 1843 987 1843 1181 1843 1181 1844 987 1844 986 1844 1181 1845 986 1845 1178 1845 1178 1846 986 1846 984 1846 1178 1847 984 1847 983 1847 1182 1848 993 1848 1183 1848 1183 1849 993 1849 981 1849 1183 1850 981 1850 1180 1850 1180 1851 981 1851 979 1851 1180 1852 979 1852 987 1852 1184 1853 998 1853 1185 1853 1185 1854 998 1854 996 1854 1185 1855 996 1855 1182 1855 1182 1856 996 1856 994 1856 1182 1857 994 1857 993 1857 1186 1858 1003 1858 1187 1858 1187 1859 1003 1859 1002 1859 1187 1860 1002 1860 1184 1860 1184 1861 1002 1861 1000 1861 1184 1862 1000 1862 998 1862 1004 1863 991 1863 1186 1863 1186 1864 991 1864 989 1864 1186 1865 989 1865 1003 1865 1186 1866 1188 1866 1004 1866 1004 1867 1188 1867 1189 1867 1004 1868 1189 1868 1005 1868 1166 1869 1010 1869 1189 1869 1189 1870 1010 1870 1007 1870 1189 1871 1007 1871 1005 1871 1168 1872 285 1872 1171 1872 1171 1873 285 1873 295 1873 1171 1874 295 1874 1173 1874 1173 1875 295 1875 297 1875 1173 1876 297 1876 1172 1876 1172 1877 297 1877 298 1877 1172 1878 298 1878 1175 1878 1175 1879 298 1879 300 1879 1175 1880 300 1880 1174 1880 1174 1881 300 1881 301 1881 1174 1882 301 1882 1177 1882 1177 1883 301 1883 303 1883 1177 1884 303 1884 1176 1884 1176 1885 303 1885 304 1885 1176 1886 304 1886 1179 1886 1179 1887 304 1887 306 1887 1179 1888 306 1888 1178 1888 1178 1889 306 1889 307 1889 1178 1890 307 1890 1181 1890 1181 1891 307 1891 309 1891 1181 1892 309 1892 1180 1892 1180 1893 309 1893 310 1893 1180 1894 310 1894 1183 1894 1183 1895 310 1895 312 1895 1183 1896 312 1896 1182 1896 1182 1897 312 1897 313 1897 1182 1898 313 1898 1185 1898 1185 1899 313 1899 315 1899 1185 1900 315 1900 1184 1900 1184 1901 315 1901 316 1901 1184 1902 316 1902 1187 1902 1187 1903 316 1903 318 1903 1187 1904 318 1904 1186 1904 1186 1905 318 1905 319 1905 1186 1906 319 1906 1188 1906 1188 1907 319 1907 321 1907 1188 1908 321 1908 1189 1908 1189 1909 321 1909 322 1909 1189 1910 322 1910 1166 1910 1166 1911 322 1911 324 1911 1166 1912 324 1912 1167 1912 1015 1913 1013 1913 1167 1913 1167 1914 1013 1914 1011 1914 1167 1915 1011 1915 1010 1915 1165 1916 327 1916 1190 1916 1190 1917 327 1917 328 1917 1190 1918 328 1918 1191 1918 328 1919 330 1919 1192 1919 328 1920 1192 1920 1191 1920 1191 1921 1192 1921 1160 1921 1191 1922 1160 1922 1193 1922 324 1923 325 1923 1167 1923 1167 1924 325 1924 1165 1924 1167 1925 1165 1925 1015 1925 1015 1926 1165 1926 1190 1926 1015 1927 1190 1927 1017 1927 1017 1928 1190 1928 1191 1928 1017 1929 1191 1929 1019 1929 1019 1930 1191 1930 1193 1930 1019 1931 1193 1931 951 1931 1194 1932 933 1932 939 1932 1195 1933 1194 1933 1196 1933 349 1934 1195 1934 1197 1934 1194 1935 939 1935 1196 1935 1196 1936 939 1936 938 1936 1196 1937 938 1937 1198 1937 1198 1938 938 1938 944 1938 1198 1939 944 1939 1199 1939 1199 1940 944 1940 943 1940 1199 1941 943 1941 1200 1941 1200 1942 943 1942 941 1942 1200 1943 941 1943 1201 1943 1201 1944 941 1944 940 1944 1201 1945 940 1945 1202 1945 1202 1946 940 1946 950 1946 1202 1947 950 1947 1203 1947 1203 1948 950 1948 949 1948 1203 1949 949 1949 1204 1949 1204 1950 949 1950 948 1950 1204 1951 948 1951 1205 1951 1205 1952 948 1952 947 1952 1205 1953 947 1953 1164 1953 1195 1954 1196 1954 1197 1954 1197 1955 1196 1955 1198 1955 1197 1956 1198 1956 1206 1956 1206 1957 1198 1957 1199 1957 1206 1958 1199 1958 1207 1958 1207 1959 1199 1959 1200 1959 1207 1960 1200 1960 1208 1960 1208 1961 1200 1961 1201 1961 1208 1962 1201 1962 1209 1962 1209 1963 1201 1963 1202 1963 1209 1964 1202 1964 1210 1964 1210 1965 1202 1965 1203 1965 1210 1966 1203 1966 1211 1966 1211 1967 1203 1967 1204 1967 1211 1968 1204 1968 1212 1968 1212 1969 1204 1969 1205 1969 1212 1970 1205 1970 1213 1970 1213 1971 1205 1971 1164 1971 1213 1972 1164 1972 1156 1972 349 1973 1197 1973 340 1973 340 1974 1197 1974 1206 1974 340 1975 1206 1975 341 1975 341 1976 1206 1976 1207 1976 341 1977 1207 1977 337 1977 337 1978 1207 1978 1208 1978 337 1979 1208 1979 338 1979 338 1980 1208 1980 1209 1980 338 1981 1209 1981 343 1981 343 1982 1209 1982 1210 1982 343 1983 1210 1983 344 1983 344 1984 1210 1984 1211 1984 344 1985 1211 1985 345 1985 345 1986 1211 1986 1212 1986 345 1987 1212 1987 346 1987 346 1988 1212 1988 1213 1988 346 1989 1213 1989 347 1989 347 1990 1213 1990 1156 1990 347 1991 1156 1991 348 1991 1169 1992 961 1992 1029 1992 1170 1993 1169 1993 1214 1993 1168 1994 1170 1994 1215 1994 283 1995 1168 1995 1216 1995 1169 1996 1029 1996 1214 1996 1214 1997 1029 1997 1028 1997 1214 1998 1028 1998 1217 1998 1217 1999 1028 1999 1027 1999 1217 2000 1027 2000 1218 2000 1218 2001 1027 2001 1026 2001 1218 2002 1026 2002 1033 2002 1032 2003 1219 2003 1033 2003 1033 2004 1219 2004 1220 2004 1033 2005 1220 2005 1218 2005 1032 2006 1031 2006 1219 2006 1219 2007 1031 2007 1030 2007 1219 2008 1030 2008 1221 2008 1221 2009 1030 2009 850 2009 1221 2010 850 2010 1222 2010 1170 2011 1214 2011 1215 2011 1215 2012 1214 2012 1217 2012 1215 2013 1217 2013 1223 2013 1223 2014 1217 2014 1218 2014 1223 2015 1218 2015 1224 2015 1224 2016 1218 2016 1220 2016 1224 2017 1220 2017 1225 2017 1225 2018 1220 2018 1219 2018 1225 2019 1219 2019 1226 2019 1226 2020 1219 2020 1221 2020 1226 2021 1221 2021 1227 2021 1227 2022 1221 2022 1222 2022 1227 2023 1222 2023 1228 2023 1168 2024 1215 2024 1216 2024 1216 2025 1215 2025 1223 2025 1216 2026 1223 2026 1229 2026 1229 2027 1223 2027 1224 2027 1229 2028 1224 2028 1230 2028 1230 2029 1224 2029 1225 2029 1230 2030 1225 2030 1231 2030 1231 2031 1225 2031 1226 2031 1231 2032 1226 2032 1232 2032 1232 2033 1226 2033 1227 2033 1232 2034 1227 2034 1233 2034 1233 2035 1227 2035 1228 2035 1233 2036 1228 2036 1234 2036 283 2037 1216 2037 280 2037 280 2038 1216 2038 1229 2038 280 2039 1229 2039 281 2039 281 2040 1229 2040 1230 2040 281 2041 1230 2041 286 2041 286 2042 1230 2042 1231 2042 286 2043 1231 2043 287 2043 287 2044 1231 2044 1232 2044 287 2045 1232 2045 288 2045 288 2046 1232 2046 1233 2046 288 2047 1233 2047 289 2047 289 2048 1233 2048 1234 2048 289 2049 1234 2049 290 2049 934 2050 933 2050 1235 2050 1235 2051 933 2051 1194 2051 1235 2052 1194 2052 1236 2052 1236 2053 1194 2053 1195 2053 1236 2054 1195 2054 351 2054 351 2055 1195 2055 349 2055 935 2056 934 2056 1237 2056 1237 2057 934 2057 1235 2057 1237 2058 1235 2058 1238 2058 1238 2059 1235 2059 1236 2059 1238 2060 1236 2060 353 2060 353 2061 1236 2061 351 2061 353 2062 355 2062 1238 2062 1238 2063 355 2063 357 2063 1238 2064 357 2064 359 2064 870 2065 935 2065 1239 2065 1239 2066 935 2066 1237 2066 1239 2067 1237 2067 1240 2067 1240 2068 1237 2068 1238 2068 1240 2069 1238 2069 1241 2069 1241 2070 1238 2070 359 2070 850 2071 849 2071 1242 2071 850 2072 1242 2072 1222 2072 1222 2073 1242 2073 1243 2073 1222 2074 1243 2074 1228 2074 1228 2075 1243 2075 1244 2075 1228 2076 1244 2076 1234 2076 1234 2077 1244 2077 291 2077 1234 2078 291 2078 290 2078 1245 2079 867 2079 922 2079 1246 2080 1247 2080 1248 2080 1248 2081 1247 2081 1245 2081 408 2082 410 2082 1246 2082 1245 2083 922 2083 1248 2083 1248 2084 922 2084 923 2084 1248 2085 923 2085 1249 2085 923 2086 925 2086 1249 2086 1249 2087 925 2087 927 2087 1249 2088 927 2088 1250 2088 1250 2089 927 2089 929 2089 1250 2090 929 2090 1251 2090 929 2091 931 2091 1251 2091 1251 2092 931 2092 932 2092 1251 2093 932 2093 1252 2093 1252 2094 932 2094 920 2094 1252 2095 920 2095 1253 2095 920 2096 918 2096 1253 2096 1253 2097 918 2097 916 2097 1253 2098 916 2098 1254 2098 1254 2099 916 2099 915 2099 1254 2100 915 2100 1255 2100 915 2101 913 2101 1255 2101 1255 2102 913 2102 911 2102 1255 2103 911 2103 1256 2103 1256 2104 911 2104 910 2104 1256 2105 910 2105 1257 2105 910 2106 898 2106 1257 2106 1257 2107 898 2107 909 2107 1257 2108 909 2108 1258 2108 1258 2109 909 2109 908 2109 1258 2110 908 2110 1259 2110 908 2111 906 2111 1259 2111 1259 2112 906 2112 904 2112 1259 2113 904 2113 1260 2113 1260 2114 904 2114 902 2114 1260 2115 902 2115 1261 2115 902 2116 900 2116 1261 2116 1261 2117 900 2117 899 2117 1261 2118 899 2118 1262 2118 1262 2119 899 2119 894 2119 1262 2120 894 2120 1263 2120 894 2121 892 2121 1263 2121 1263 2122 892 2122 890 2122 1263 2123 890 2123 1264 2123 1264 2124 890 2124 889 2124 1264 2125 889 2125 1265 2125 889 2126 887 2126 1265 2126 1265 2127 887 2127 885 2127 1265 2128 885 2128 1266 2128 1266 2129 885 2129 883 2129 1266 2130 883 2130 1267 2130 883 2131 881 2131 1267 2131 1267 2132 881 2132 880 2132 1267 2133 880 2133 1268 2133 1268 2134 880 2134 878 2134 1268 2135 878 2135 1269 2135 878 2136 876 2136 1269 2136 1269 2137 876 2137 874 2137 1269 2138 874 2138 1270 2138 1270 2139 874 2139 872 2139 1270 2140 872 2140 1271 2140 872 2141 870 2141 1272 2141 872 2142 1272 2142 1271 2142 1271 2143 1272 2143 1240 2143 1271 2144 1240 2144 1273 2144 1246 2145 1248 2145 408 2145 408 2146 1248 2146 1249 2146 408 2147 1249 2147 406 2147 406 2148 1249 2148 1250 2148 406 2149 1250 2149 404 2149 404 2150 1250 2150 1251 2150 404 2151 1251 2151 402 2151 402 2152 1251 2152 1252 2152 402 2153 1252 2153 400 2153 400 2154 1252 2154 1253 2154 400 2155 1253 2155 398 2155 398 2156 1253 2156 1254 2156 398 2157 1254 2157 396 2157 396 2158 1254 2158 1255 2158 396 2159 1255 2159 394 2159 394 2160 1255 2160 1256 2160 394 2161 1256 2161 391 2161 391 2162 1256 2162 1257 2162 391 2163 1257 2163 389 2163 389 2164 1257 2164 1258 2164 389 2165 1258 2165 387 2165 387 2166 1258 2166 1259 2166 387 2167 1259 2167 385 2167 385 2168 1259 2168 1260 2168 385 2169 1260 2169 383 2169 383 2170 1260 2170 1261 2170 383 2171 1261 2171 381 2171 381 2172 1261 2172 1262 2172 381 2173 1262 2173 379 2173 379 2174 1262 2174 1263 2174 379 2175 1263 2175 377 2175 377 2176 1263 2176 1264 2176 377 2177 1264 2177 375 2177 375 2178 1264 2178 1265 2178 375 2179 1265 2179 373 2179 373 2180 1265 2180 1266 2180 373 2181 1266 2181 371 2181 371 2182 1266 2182 1267 2182 371 2183 1267 2183 369 2183 369 2184 1267 2184 1268 2184 369 2185 1268 2185 367 2185 367 2186 1268 2186 1269 2186 367 2187 1269 2187 365 2187 365 2188 1269 2188 1270 2188 365 2189 1270 2189 363 2189 363 2190 1270 2190 1271 2190 363 2191 1271 2191 361 2191 361 2192 1271 2192 1273 2192 361 2193 1273 2193 359 2193 867 2194 1245 2194 1274 2194 1242 2195 849 2195 861 2195 1243 2196 1242 2196 1275 2196 1244 2197 1243 2197 1276 2197 291 2198 1244 2198 1277 2198 1242 2199 861 2199 1275 2199 1275 2200 861 2200 865 2200 1275 2201 865 2201 1278 2201 865 2202 864 2202 1278 2202 1278 2203 864 2203 863 2203 1278 2204 863 2204 1279 2204 1279 2205 863 2205 862 2205 1279 2206 862 2206 1274 2206 1274 2207 862 2207 866 2207 1274 2208 866 2208 867 2208 1243 2209 1275 2209 1276 2209 1276 2210 1275 2210 1278 2210 1276 2211 1278 2211 1280 2211 1280 2212 1278 2212 1279 2212 1280 2213 1279 2213 1281 2213 1281 2214 1279 2214 1274 2214 1281 2215 1274 2215 1282 2215 1282 2216 1274 2216 1245 2216 1282 2217 1245 2217 1247 2217 1244 2218 1276 2218 1277 2218 1277 2219 1276 2219 1280 2219 1277 2220 1280 2220 1283 2220 1283 2221 1280 2221 1281 2221 1283 2222 1281 2222 1284 2222 1284 2223 1281 2223 1282 2223 1284 2224 1282 2224 1285 2224 1285 2225 1282 2225 1247 2225 1285 2226 1247 2226 1246 2226 291 2227 1277 2227 292 2227 292 2228 1277 2228 1283 2228 292 2229 1283 2229 294 2229 294 2230 1283 2230 1284 2230 294 2231 1284 2231 413 2231 413 2232 1284 2232 1285 2232 413 2233 1285 2233 412 2233 412 2234 1285 2234 1246 2234 412 2235 1246 2235 410 2235 1154 2236 173 2236 1155 2236 1155 2237 173 2237 172 2237 1155 2238 172 2238 426 2238 426 2239 172 2239 199 2239 426 2240 199 2240 198 2240 1153 2241 89 2241 95 2241 95 2242 196 2242 1153 2242 1153 2243 196 2243 175 2243 1153 2244 175 2244 1154 2244 1154 2245 175 2245 177 2245 1154 2246 177 2246 173 2246 30 2247 29 2247 129 2247 129 2248 29 2248 130 2248 35 2249 34 2249 88 2249 88 2250 34 2250 761 2250 761 2251 34 2251 763 2251 763 2252 34 2252 33 2252 763 2253 33 2253 765 2253 765 2254 33 2254 46 2254 765 2255 46 2255 71 2255 765 2256 71 2256 777 2256 777 2257 71 2257 68 2257 777 2257 68 2257 778 2257 778 2258 68 2258 67 2258 778 2259 67 2259 784 2259 784 2260 67 2260 72 2260 784 2261 72 2261 785 2261 785 2262 72 2262 77 2262 785 2263 77 2263 767 2263 767 2264 77 2264 76 2264 767 2264 76 2264 768 2264 768 2265 76 2265 75 2265 768 2266 75 2266 775 2266 775 2267 75 2267 74 2267 775 2267 74 2267 772 2267 772 2268 74 2268 73 2268 772 2269 73 2269 781 2269 781 2270 73 2270 69 2270 781 2271 69 2271 780 2271 780 2272 69 2272 70 2272 780 2272 70 2272 779 2272 779 2273 70 2273 66 2273 779 2274 66 2274 782 2274 782 2275 66 2275 65 2275 782 2276 65 2276 783 2276 783 2277 65 2277 64 2277 783 2278 64 2278 770 2278 770 2279 64 2279 45 2279 770 2279 45 2279 771 2279 771 2280 45 2280 44 2280 771 2281 44 2281 776 2281 776 2282 44 2282 60 2282 776 2283 60 2283 769 2283 769 2284 60 2284 59 2284 769 2285 59 2285 766 2285 766 2286 59 2286 36 2286 766 2287 36 2287 764 2287 764 2288 36 2288 57 2288 764 2288 57 2288 762 2288 57 2289 58 2289 762 2289 762 2289 58 2289 773 2289 774 2290 773 2290 56 2290 56 2291 773 2291 58 2291 774 2292 56 2292 760 2292 760 2292 56 2292 55 2292 760 2293 55 2293 759 2293 759 2293 55 2293 38 2293 759 2294 38 2294 591 2294 591 2295 38 2295 52 2295 3 2296 40 2296 39 2296 3 2297 39 2297 2 2297 2 2298 39 2298 41 2298 2 2299 41 2299 0 2299 0 2300 41 2300 43 2300 0 2301 43 2301 6 2301 6 2302 43 2302 42 2302 6 2302 42 2302 7 2302 1286 2303 37 2303 1287 2303 1287 2304 37 2304 51 2304 1287 2305 51 2305 1288 2305 1288 2305 51 2305 50 2305 1288 2306 50 2306 1289 2306 1289 2306 50 2306 49 2306 1289 2307 49 2307 1290 2307 1290 2308 49 2308 48 2308 1290 2309 48 2309 84 2309 84 2310 48 2310 47 2310 1291 2311 1292 2311 1293 2311 1293 2312 1292 2312 1294 2312 1294 2313 1292 2313 1295 2313 1295 2314 1292 2314 1296 2314 1295 2315 1296 2315 1297 2315 1298 14 1299 14 1300 14 1300 14 1299 14 1301 14 1300 14 1301 14 1302 14 1300 14 1303 14 1298 14 1298 14 1303 14 1304 14 1298 2316 1304 2316 1305 2316 1297 14 1296 14 1306 14 1306 14 1296 14 1298 14 1306 2317 1298 2317 1307 2317 1307 2318 1298 2318 1305 2318 1299 2319 1298 2319 1308 2319 83 2320 85 2320 1309 2320 1310 2321 1311 2321 1312 2321 1312 2322 1311 2322 1313 2322 1312 2323 1313 2323 1309 2323 1309 2324 1313 2324 1314 2324 1315 2325 1316 2325 1317 2325 1316 2326 1318 2326 1317 2326 1317 2327 1318 2327 1319 2327 1317 2328 1319 2328 1320 2328 1320 2329 1319 2329 1321 2329 1320 2330 1321 2330 1322 2330 1322 2331 1321 2331 1323 2331 1322 2332 1323 2332 1324 2332 1314 2326 1315 2326 1309 2326 1309 2333 1315 2333 1317 2333 1309 2334 1317 2334 83 2334 83 2335 1317 2335 1325 2335 83 2336 1325 2336 1308 2336 1308 2337 1325 2337 1326 2337 1308 2319 1326 2319 1299 2319 1327 14 1328 14 1329 14 1329 14 1328 14 1330 14 1331 2338 1330 2338 1324 2338 1324 2339 1330 2339 1332 2339 1324 2340 1332 2340 1322 2340 1333 2341 1329 2341 1334 2341 1334 2342 1329 2342 1330 2342 1334 2343 1330 2343 1335 2343 1335 2344 1330 2344 1331 2344 1312 2345 1336 2345 1310 2345 1310 2346 1336 2346 1329 2346 1310 2347 1329 2347 1337 2347 1337 2344 1329 2344 1333 2344 1338 2348 1339 2348 1340 2348 1341 2349 1342 2349 1343 2349 1344 2350 1341 2350 1345 2350 1346 2351 1344 2351 1347 2351 1348 2352 1346 2352 1349 2352 1341 2353 1343 2353 1345 2353 1345 2354 1343 2354 1350 2354 1345 2355 1350 2355 1351 2355 1350 2356 1352 2356 1351 2356 1351 2357 1352 2357 1353 2357 1351 2358 1353 2358 1354 2358 1354 2359 1353 2359 1355 2359 1354 2360 1355 2360 1340 2360 1340 2361 1355 2361 1356 2361 1340 2362 1356 2362 1338 2362 1344 2363 1345 2363 1347 2363 1347 2364 1345 2364 1351 2364 1347 2365 1351 2365 1357 2365 1357 2366 1351 2366 1354 2366 1357 2367 1354 2367 1358 2367 1358 2368 1354 2368 1340 2368 1358 2369 1340 2369 1359 2369 1359 2370 1340 2370 1339 2370 1359 2371 1339 2371 1360 2371 1346 2372 1347 2372 1349 2372 1349 2373 1347 2373 1357 2373 1349 2374 1357 2374 1361 2374 1361 2375 1357 2375 1358 2375 1361 2376 1358 2376 1362 2376 1362 2377 1358 2377 1359 2377 1362 2378 1359 2378 1363 2378 1363 2379 1359 2379 1360 2379 1363 2380 1360 2380 1364 2380 1348 2381 1349 2381 1365 2381 1365 2382 1349 2382 1361 2382 1365 2383 1361 2383 1366 2383 1366 2384 1361 2384 1362 2384 1366 2385 1362 2385 1367 2385 1367 2386 1362 2386 1363 2386 1367 2387 1363 2387 1368 2387 1368 2388 1363 2388 1364 2388 1368 2389 1364 2389 1369 2389 1370 2390 1371 2390 1372 2390 1360 2391 1339 2391 1373 2391 1339 2392 1338 2392 1374 2392 1375 2393 1364 2393 1360 2393 1364 2394 1375 2394 1369 2394 1339 2395 1374 2395 1373 2395 1373 2396 1374 2396 1376 2396 1373 2397 1376 2397 1377 2397 1376 2398 1378 2398 1377 2398 1377 2399 1378 2399 1379 2399 1377 2400 1379 2400 1380 2400 1380 2401 1379 2401 1381 2401 1380 2402 1381 2402 1382 2402 1381 2403 1383 2403 1382 2403 1382 2404 1383 2404 1384 2404 1382 2405 1384 2405 1385 2405 1385 2406 1384 2406 1386 2406 1385 2407 1386 2407 1387 2407 1386 2408 1388 2408 1387 2408 1387 2409 1388 2409 1389 2409 1387 2410 1389 2410 1390 2410 1390 2411 1389 2411 1391 2411 1390 2412 1391 2412 1392 2412 1392 2413 1391 2413 1393 2413 1392 2414 1393 2414 1394 2414 1395 2415 1396 2415 1394 2415 1394 2416 1396 2416 1397 2416 1394 2417 1397 2417 1392 2417 1395 2418 1398 2418 1396 2418 1396 2419 1398 2419 1399 2419 1396 2420 1399 2420 1400 2420 1400 2421 1399 2421 1370 2421 1370 2422 1399 2422 1401 2422 1370 2423 1401 2423 1371 2423 1402 2424 1403 2424 1372 2424 1372 2425 1403 2425 1404 2425 1372 2426 1404 2426 1370 2426 1402 2427 1405 2427 1403 2427 1403 2428 1405 2428 1406 2428 1403 2429 1406 2429 1407 2429 1407 2430 1406 2430 1408 2430 1407 2431 1408 2431 1409 2431 1409 2432 1408 2432 1410 2432 1409 2433 1410 2433 1411 2433 1411 2434 1410 2434 1412 2434 1411 2435 1412 2435 1413 2435 1413 2436 1412 2436 1414 2436 1413 2437 1414 2437 1415 2437 1415 2438 1414 2438 1416 2438 1415 2439 1416 2439 1417 2439 1417 2440 1416 2440 1418 2440 1417 2441 1418 2441 1419 2441 1419 2442 1418 2442 1420 2442 1419 2443 1420 2443 1421 2443 1421 2444 1420 2444 1422 2444 1421 2445 1422 2445 1423 2445 1422 2446 1424 2446 1423 2446 1423 2447 1424 2447 1425 2447 1423 2448 1425 2448 1426 2448 1426 2449 1425 2449 1427 2449 1426 2450 1427 2450 1428 2450 1427 2451 1429 2451 1428 2451 1428 2452 1429 2452 1430 2452 1428 2453 1430 2453 1431 2453 1431 2454 1430 2454 1432 2454 1431 2455 1432 2455 1433 2455 1432 2456 1434 2456 1433 2456 1433 2457 1434 2457 1435 2457 1433 2458 1435 2458 1436 2458 1360 2459 1373 2459 1375 2459 1375 2460 1373 2460 1377 2460 1375 2461 1377 2461 1437 2461 1437 2462 1377 2462 1380 2462 1437 2463 1380 2463 1438 2463 1438 2464 1380 2464 1382 2464 1438 2465 1382 2465 1439 2465 1439 2466 1382 2466 1385 2466 1439 2467 1385 2467 1440 2467 1440 2468 1385 2468 1387 2468 1440 2469 1387 2469 1441 2469 1441 2470 1387 2470 1390 2470 1441 2471 1390 2471 1442 2471 1442 2472 1390 2472 1392 2472 1442 2473 1392 2473 1443 2473 1443 2474 1392 2474 1397 2474 1443 2475 1397 2475 1444 2475 1444 2476 1397 2476 1396 2476 1444 2477 1396 2477 1445 2477 1445 2478 1396 2478 1400 2478 1445 2479 1400 2479 1446 2479 1446 2480 1400 2480 1370 2480 1446 2481 1370 2481 1447 2481 1447 2482 1370 2482 1404 2482 1447 2483 1404 2483 1448 2483 1448 2484 1404 2484 1403 2484 1448 2485 1403 2485 1449 2485 1449 2486 1403 2486 1407 2486 1449 2487 1407 2487 1450 2487 1450 2488 1407 2488 1409 2488 1450 2489 1409 2489 1451 2489 1451 2490 1409 2490 1411 2490 1451 2491 1411 2491 1452 2491 1452 2492 1411 2492 1413 2492 1452 2493 1413 2493 1453 2493 1453 2494 1413 2494 1415 2494 1453 2495 1415 2495 1454 2495 1454 2496 1415 2496 1417 2496 1454 2497 1417 2497 1455 2497 1455 2498 1417 2498 1419 2498 1455 2499 1419 2499 1456 2499 1456 2500 1419 2500 1421 2500 1456 2501 1421 2501 1457 2501 1457 2502 1421 2502 1423 2502 1457 2503 1423 2503 1458 2503 1458 2504 1423 2504 1426 2504 1458 2505 1426 2505 1459 2505 1459 2506 1426 2506 1428 2506 1459 2507 1428 2507 1460 2507 1460 2508 1428 2508 1431 2508 1460 2509 1431 2509 1461 2509 1461 2510 1431 2510 1433 2510 1461 2511 1433 2511 1462 2511 1462 2512 1433 2512 1436 2512 1462 2513 1436 2513 1463 2513 1369 2514 1375 2514 1464 2514 1464 2515 1375 2515 1437 2515 1464 2516 1437 2516 1465 2516 1465 2517 1437 2517 1438 2517 1465 2518 1438 2518 1466 2518 1466 2519 1438 2519 1439 2519 1466 2520 1439 2520 1467 2520 1467 2521 1439 2521 1440 2521 1467 2522 1440 2522 1468 2522 1468 2523 1440 2523 1441 2523 1468 2524 1441 2524 1469 2524 1469 2525 1441 2525 1442 2525 1469 2526 1442 2526 1470 2526 1470 2527 1442 2527 1443 2527 1470 2528 1443 2528 1471 2528 1471 2529 1443 2529 1444 2529 1471 2530 1444 2530 1472 2530 1472 2531 1444 2531 1445 2531 1472 2532 1445 2532 1473 2532 1473 2533 1445 2533 1446 2533 1473 2534 1446 2534 1474 2534 1474 2535 1446 2535 1447 2535 1474 2536 1447 2536 1475 2536 1475 2537 1447 2537 1448 2537 1475 2538 1448 2538 1476 2538 1476 2539 1448 2539 1449 2539 1476 2540 1449 2540 1477 2540 1477 2541 1449 2541 1450 2541 1477 2542 1450 2542 1478 2542 1478 2543 1450 2543 1451 2543 1478 2544 1451 2544 1479 2544 1479 2545 1451 2545 1452 2545 1479 2546 1452 2546 1480 2546 1480 2547 1452 2547 1453 2547 1480 2548 1453 2548 1481 2548 1481 2549 1453 2549 1454 2549 1481 2550 1454 2550 1482 2550 1482 2551 1454 2551 1455 2551 1482 2552 1455 2552 1483 2552 1483 2553 1455 2553 1456 2553 1483 2554 1456 2554 1484 2554 1484 2555 1456 2555 1457 2555 1484 2556 1457 2556 1485 2556 1485 2557 1457 2557 1458 2557 1485 2558 1458 2558 1486 2558 1486 2559 1458 2559 1459 2559 1486 2560 1459 2560 1487 2560 1487 2561 1459 2561 1460 2561 1487 2562 1460 2562 1488 2562 1488 2563 1460 2563 1461 2563 1488 2564 1461 2564 1489 2564 1489 2565 1461 2565 1462 2565 1489 2566 1462 2566 1490 2566 1490 2567 1462 2567 1463 2567 1490 2568 1463 2568 1491 2568 1492 2569 1342 2569 1341 2569 1492 2570 1341 2570 1493 2570 1493 2571 1341 2571 1344 2571 1493 2572 1344 2572 1494 2572 1494 2573 1344 2573 1346 2573 1494 2574 1346 2574 1495 2574 1495 2575 1346 2575 1348 2575 1495 2576 1348 2576 1496 2576 1497 2577 1491 2577 1498 2577 1499 2578 1500 2578 1501 2578 1502 2579 1503 2579 1504 2579 1504 2580 1503 2580 1505 2580 1504 2581 1505 2581 1506 2581 1506 2582 1505 2582 1507 2582 1506 2583 1507 2583 1508 2583 1508 2584 1507 2584 1509 2584 1510 2585 1502 2585 1511 2585 1511 2586 1502 2586 1504 2586 1511 2587 1504 2587 1501 2587 1501 2588 1504 2588 1506 2588 1501 2589 1506 2589 1499 2589 1499 2590 1506 2590 1508 2590 1435 2591 1510 2591 1512 2591 1512 2592 1510 2592 1511 2592 1512 2593 1511 2593 1498 2593 1498 2594 1511 2594 1501 2594 1498 2595 1501 2595 1497 2595 1497 2596 1501 2596 1500 2596 1513 2597 1514 2597 1515 2597 1516 2598 1513 2598 1517 2598 1518 2599 1516 2599 1519 2599 1520 2600 1518 2600 1521 2600 1513 2601 1515 2601 1517 2601 1517 2602 1515 2602 1522 2602 1517 2603 1522 2603 1523 2603 1523 2604 1522 2604 1524 2604 1523 2605 1524 2605 1525 2605 1525 2606 1524 2606 1526 2606 1525 2607 1526 2607 1527 2607 1528 2608 1529 2608 1527 2608 1527 2609 1529 2609 1530 2609 1527 2610 1530 2610 1525 2610 1528 2611 1531 2611 1529 2611 1529 2612 1531 2612 1532 2612 1529 2613 1532 2613 1533 2613 1533 2614 1532 2614 1492 2614 1533 2615 1492 2615 1493 2615 1516 2616 1517 2616 1519 2616 1519 2617 1517 2617 1523 2617 1519 2618 1523 2618 1534 2618 1534 2619 1523 2619 1525 2619 1534 2620 1525 2620 1535 2620 1535 2621 1525 2621 1530 2621 1535 2622 1530 2622 1536 2622 1536 2623 1530 2623 1529 2623 1536 2624 1529 2624 1537 2624 1537 2625 1529 2625 1533 2625 1537 2626 1533 2626 1538 2626 1538 2627 1533 2627 1493 2627 1538 2628 1493 2628 1494 2628 1518 2629 1519 2629 1521 2629 1521 2630 1519 2630 1534 2630 1521 2631 1534 2631 1539 2631 1539 2632 1534 2632 1535 2632 1539 2633 1535 2633 1540 2633 1540 2634 1535 2634 1536 2634 1540 2635 1536 2635 1541 2635 1541 2636 1536 2636 1537 2636 1541 2637 1537 2637 1542 2637 1542 2638 1537 2638 1538 2638 1542 2639 1538 2639 1543 2639 1543 2640 1538 2640 1494 2640 1543 2641 1494 2641 1495 2641 1520 2642 1521 2642 1544 2642 1544 2643 1521 2643 1539 2643 1544 2644 1539 2644 1545 2644 1545 2645 1539 2645 1540 2645 1545 2646 1540 2646 1546 2646 1546 2647 1540 2647 1541 2647 1546 2648 1541 2648 1547 2648 1547 2649 1541 2649 1542 2649 1547 2650 1542 2650 1548 2650 1548 2651 1542 2651 1543 2651 1548 2652 1543 2652 1549 2652 1549 2653 1543 2653 1495 2653 1549 2654 1495 2654 1496 2654 1505 2655 1503 2655 1550 2655 1507 2656 1505 2656 1551 2656 1509 2657 1507 2657 1552 2657 1505 2658 1550 2658 1551 2658 1551 2659 1550 2659 1553 2659 1551 2660 1553 2660 1554 2660 1554 2661 1553 2661 1555 2661 1554 2662 1555 2662 1556 2662 1556 2663 1555 2663 1557 2663 1556 2664 1557 2664 1558 2664 1558 2665 1557 2665 1559 2665 1558 2666 1559 2666 1560 2666 1560 2667 1559 2667 1561 2667 1560 2668 1561 2668 1562 2668 1562 2669 1561 2669 1563 2669 1562 2670 1563 2670 1564 2670 1564 2671 1563 2671 1565 2671 1564 2672 1565 2672 1566 2672 1566 2673 1565 2673 1567 2673 1566 2674 1567 2674 1568 2674 1568 2675 1567 2675 1569 2675 1568 2676 1569 2676 1570 2676 1570 2677 1569 2677 1571 2677 1570 2678 1571 2678 1572 2678 1507 2679 1551 2679 1552 2679 1552 2680 1551 2680 1554 2680 1552 2681 1554 2681 1573 2681 1573 2682 1554 2682 1556 2682 1573 2683 1556 2683 1574 2683 1574 2684 1556 2684 1558 2684 1574 2685 1558 2685 1575 2685 1575 2686 1558 2686 1560 2686 1575 2687 1560 2687 1576 2687 1576 2688 1560 2688 1562 2688 1576 2689 1562 2689 1577 2689 1577 2690 1562 2690 1564 2690 1577 2691 1564 2691 1578 2691 1578 2692 1564 2692 1566 2692 1578 2693 1566 2693 1579 2693 1579 2694 1566 2694 1568 2694 1579 2695 1568 2695 1580 2695 1580 2696 1568 2696 1570 2696 1580 2697 1570 2697 1581 2697 1581 2698 1570 2698 1572 2698 1581 2699 1572 2699 1582 2699 1509 2700 1552 2700 1583 2700 1583 2701 1552 2701 1573 2701 1583 2702 1573 2702 1584 2702 1584 2703 1573 2703 1574 2703 1584 2704 1574 2704 1585 2704 1585 2705 1574 2705 1575 2705 1585 2706 1575 2706 1586 2706 1586 2707 1575 2707 1576 2707 1586 2708 1576 2708 1587 2708 1587 2709 1576 2709 1577 2709 1587 2710 1577 2710 1588 2710 1588 2711 1577 2711 1578 2711 1588 2712 1578 2712 1589 2712 1589 2713 1578 2713 1579 2713 1589 2714 1579 2714 1590 2714 1590 2715 1579 2715 1580 2715 1590 2716 1580 2716 1591 2716 1591 2717 1580 2717 1581 2717 1591 2718 1581 2718 1592 2718 1592 2719 1581 2719 1582 2719 1592 2720 1582 2720 1593 2720 1594 2721 1595 2721 1596 2721 1516 2722 1518 2722 1597 2722 1518 2723 1520 2723 1598 2723 1599 2724 1513 2724 1516 2724 1513 2725 1599 2725 1514 2725 1600 2726 1601 2726 1602 2726 1602 2727 1601 2727 1603 2727 1602 2728 1603 2728 1599 2728 1599 2729 1603 2729 1604 2729 1599 2730 1604 2730 1514 2730 1605 2731 1606 2731 1607 2731 1607 2732 1606 2732 1608 2732 1607 2733 1608 2733 1600 2733 1600 2734 1608 2734 1609 2734 1600 2735 1609 2735 1601 2735 1610 2736 1611 2736 1612 2736 1612 2737 1611 2737 1613 2737 1612 2738 1613 2738 1605 2738 1605 2739 1613 2739 1614 2739 1605 2740 1614 2740 1606 2740 1615 2741 1616 2741 1617 2741 1617 2742 1616 2742 1618 2742 1617 2743 1618 2743 1610 2743 1610 2744 1618 2744 1619 2744 1610 2745 1619 2745 1611 2745 1620 2746 1621 2746 1622 2746 1622 2747 1621 2747 1623 2747 1622 2748 1623 2748 1615 2748 1615 2749 1623 2749 1624 2749 1615 2750 1624 2750 1616 2750 1625 2751 1626 2751 1627 2751 1627 2752 1626 2752 1628 2752 1627 2753 1628 2753 1620 2753 1620 2754 1628 2754 1629 2754 1620 2755 1629 2755 1621 2755 1630 2756 1631 2756 1632 2756 1632 2757 1631 2757 1633 2757 1632 2758 1633 2758 1634 2758 1634 2759 1633 2759 1635 2759 1634 2760 1635 2760 1636 2760 1636 2761 1635 2761 1637 2761 1636 2762 1637 2762 1638 2762 1638 2763 1637 2763 1639 2763 1638 2764 1639 2764 1640 2764 1640 2765 1639 2765 1641 2765 1640 2766 1641 2766 1642 2766 1642 2767 1641 2767 1643 2767 1642 2768 1643 2768 1644 2768 1644 2769 1643 2769 1645 2769 1644 2770 1645 2770 1646 2770 1646 2771 1645 2771 1647 2771 1646 2772 1647 2772 1625 2772 1625 2773 1647 2773 1648 2773 1625 2774 1648 2774 1626 2774 1649 2775 1650 2775 1630 2775 1630 2776 1650 2776 1651 2776 1630 2777 1651 2777 1631 2777 1630 2778 1652 2778 1649 2778 1649 2779 1652 2779 1653 2779 1649 2780 1653 2780 1654 2780 1595 2781 1594 2781 1653 2781 1653 2782 1594 2782 1655 2782 1653 2783 1655 2783 1654 2783 1518 2784 1598 2784 1597 2784 1597 2785 1598 2785 1656 2785 1597 2786 1656 2786 1657 2786 1657 2787 1656 2787 1658 2787 1657 2788 1658 2788 1659 2788 1659 2789 1658 2789 1660 2789 1659 2790 1660 2790 1661 2790 1661 2791 1660 2791 1662 2791 1661 2792 1662 2792 1663 2792 1663 2793 1662 2793 1664 2793 1663 2794 1664 2794 1665 2794 1665 2795 1664 2795 1666 2795 1665 2796 1666 2796 1667 2796 1667 2797 1666 2797 1668 2797 1667 2798 1668 2798 1669 2798 1669 2799 1668 2799 1670 2799 1669 2800 1670 2800 1671 2800 1671 2801 1670 2801 1672 2801 1671 2802 1672 2802 1673 2802 1673 2803 1672 2803 1674 2803 1673 2804 1674 2804 1675 2804 1675 2805 1674 2805 1676 2805 1675 2806 1676 2806 1677 2806 1677 2807 1676 2807 1678 2807 1677 2808 1678 2808 1679 2808 1679 2809 1678 2809 1680 2809 1679 2810 1680 2810 1681 2810 1681 2811 1680 2811 1682 2811 1681 2812 1682 2812 1683 2812 1683 2813 1682 2813 1684 2813 1683 2814 1684 2814 1685 2814 1685 2815 1684 2815 1686 2815 1685 2816 1686 2816 1687 2816 1687 2817 1686 2817 1688 2817 1687 2818 1688 2818 1689 2818 1689 2819 1688 2819 1690 2819 1689 2820 1690 2820 1691 2820 1691 2821 1690 2821 1692 2821 1691 2822 1692 2822 1693 2822 1693 2823 1692 2823 1694 2823 1693 2824 1694 2824 1695 2824 1695 2825 1694 2825 1696 2825 1695 2826 1696 2826 1697 2826 1697 2827 1696 2827 1698 2827 1697 2828 1698 2828 1699 2828 1699 2829 1698 2829 1700 2829 1699 2830 1700 2830 1701 2830 1701 2831 1700 2831 1702 2831 1701 2832 1702 2832 1703 2832 1703 2833 1702 2833 1704 2833 1703 2834 1704 2834 1705 2834 1516 2835 1597 2835 1599 2835 1599 2836 1597 2836 1657 2836 1599 2837 1657 2837 1602 2837 1602 2838 1657 2838 1659 2838 1602 2839 1659 2839 1600 2839 1600 2840 1659 2840 1661 2840 1600 2841 1661 2841 1607 2841 1607 2842 1661 2842 1663 2842 1607 2843 1663 2843 1605 2843 1605 2844 1663 2844 1665 2844 1605 2845 1665 2845 1612 2845 1612 2846 1665 2846 1667 2846 1612 2847 1667 2847 1610 2847 1610 2848 1667 2848 1669 2848 1610 2849 1669 2849 1617 2849 1617 2850 1669 2850 1671 2850 1617 2851 1671 2851 1615 2851 1615 2852 1671 2852 1673 2852 1615 2853 1673 2853 1622 2853 1622 2854 1673 2854 1675 2854 1622 2855 1675 2855 1620 2855 1620 2856 1675 2856 1677 2856 1620 2857 1677 2857 1627 2857 1627 2858 1677 2858 1679 2858 1627 2859 1679 2859 1625 2859 1625 2860 1679 2860 1681 2860 1625 2861 1681 2861 1646 2861 1646 2862 1681 2862 1683 2862 1646 2863 1683 2863 1644 2863 1644 2864 1683 2864 1685 2864 1644 2865 1685 2865 1642 2865 1642 2866 1685 2866 1687 2866 1642 2867 1687 2867 1640 2867 1640 2868 1687 2868 1689 2868 1640 2869 1689 2869 1638 2869 1638 2870 1689 2870 1691 2870 1638 2871 1691 2871 1636 2871 1636 2872 1691 2872 1693 2872 1636 2873 1693 2873 1634 2873 1634 2874 1693 2874 1695 2874 1634 2875 1695 2875 1632 2875 1632 2876 1695 2876 1697 2876 1632 2877 1697 2877 1630 2877 1630 2878 1697 2878 1699 2878 1630 2879 1699 2879 1652 2879 1652 2880 1699 2880 1701 2880 1652 2881 1701 2881 1653 2881 1653 2882 1701 2882 1703 2882 1653 2883 1703 2883 1595 2883 1595 2884 1703 2884 1705 2884 1595 2885 1705 2885 1596 2885 1706 2886 1707 2886 1596 2886 1596 2887 1707 2887 1708 2887 1596 2888 1708 2888 1594 2888 1709 2889 1710 2889 1711 2889 1711 2890 1710 2890 1712 2890 1711 2891 1712 2891 1713 2891 1713 2892 1712 2892 1714 2892 1704 2893 1709 2893 1705 2893 1705 2894 1709 2894 1711 2894 1705 2895 1711 2895 1596 2895 1596 2896 1711 2896 1713 2896 1596 2897 1713 2897 1706 2897 1706 2898 1713 2898 1714 2898 1706 2899 1714 2899 1715 2899 1716 2900 1593 2900 1582 2900 1717 2901 1718 2901 1719 2901 1720 2902 1715 2902 1721 2902 1721 2903 1715 2903 1722 2903 1721 2904 1722 2904 1723 2904 1723 2905 1722 2905 1724 2905 1723 2906 1724 2906 1725 2906 1725 2907 1724 2907 1710 2907 1726 2908 1720 2908 1727 2908 1727 2909 1720 2909 1721 2909 1727 2910 1721 2910 1719 2910 1719 2911 1721 2911 1723 2911 1719 2912 1723 2912 1717 2912 1717 2913 1723 2913 1725 2913 1571 2914 1726 2914 1572 2914 1572 2915 1726 2915 1727 2915 1572 2916 1727 2916 1582 2916 1582 2917 1727 2917 1719 2917 1582 2918 1719 2918 1716 2918 1716 2919 1719 2919 1718 2919 1728 2920 1729 2920 1730 2920 1730 2921 1729 2921 1731 2921 1730 2922 1731 2922 1732 2922 1732 2923 1731 2923 1733 2923 1732 2924 1733 2924 1734 2924 1734 2925 1733 2925 1735 2925 1734 2926 1735 2926 1736 2926 1736 2927 1735 2927 1737 2927 1736 2928 1737 2928 1738 2928 1738 2929 1737 2929 1739 2929 1738 2930 1739 2930 1740 2930 1740 2931 1739 2931 1741 2931 1740 2932 1741 2932 1742 2932 1742 2933 1741 2933 1743 2933 1742 2934 1743 2934 1744 2934 1744 2935 1743 2935 1745 2935 1744 2936 1745 2936 1746 2936 1746 2937 1745 2937 1747 2937 1746 2938 1747 2938 1748 2938 1748 2939 1747 2939 1749 2939 1748 2940 1749 2940 1750 2940 1750 2941 1749 2941 1751 2941 1750 2942 1751 2942 1752 2942 1752 2943 1751 2943 1753 2943 1752 2944 1753 2944 1754 2944 1754 2945 1753 2945 1755 2945 1754 2946 1755 2946 1756 2946 1756 2947 1755 2947 1757 2947 1756 2948 1757 2948 1758 2948 1758 2949 1757 2949 1759 2949 1758 2950 1759 2950 1760 2950 1760 2951 1759 2951 1761 2951 1760 2952 1761 2952 1762 2952 1762 2953 1761 2953 1763 2953 1762 2954 1763 2954 1764 2954 1764 2955 1763 2955 1765 2955 1764 2956 1765 2956 1766 2956 1766 2957 1765 2957 1767 2957 1766 2958 1767 2958 1768 2958 1768 2959 1767 2959 1769 2959 1768 2960 1769 2960 1770 2960 1770 2961 1769 2961 1771 2961 1770 2962 1771 2962 1772 2962 1772 2963 1771 2963 1773 2963 1772 2964 1773 2964 1774 2964 1774 2965 1773 2965 1775 2965 1774 2966 1775 2966 1776 2966 1776 2967 1775 2967 1777 2967 1776 2968 1777 2968 1778 2968 1778 2969 1777 2969 1779 2969 1778 2970 1779 2970 1780 2970 1780 2971 1779 2971 1781 2971 1780 2972 1781 2972 1782 2972 1782 2973 1781 2973 1783 2973 1782 2974 1783 2974 1784 2974 1784 2975 1783 2975 1785 2975 1784 2976 1785 2976 1786 2976 1786 2977 1785 2977 1787 2977 1786 2978 1787 2978 1728 2978 1728 2979 1787 2979 1729 2979 1788 2980 1789 2980 1790 2980 1788 2980 1790 2980 1791 2980 1791 2981 1790 2981 1792 2981 1791 2981 1792 2981 1793 2981 1793 2982 1792 2982 1794 2982 1793 2983 1794 2983 1795 2983 1795 2984 1794 2984 1796 2984 1795 2984 1796 2984 1797 2984 613 2985 611 2985 1798 2985 1798 2986 1799 2986 613 2986 613 2987 1799 2987 1800 2987 613 2988 1800 2988 614 2988 1798 2989 611 2989 1801 2989 1801 2990 611 2990 1802 2990 1801 2991 1802 2991 1803 2991 1803 2992 1802 2992 1804 2992 1805 2993 1806 2993 1804 2993 1804 2994 1806 2994 1803 2994 1807 2995 1808 2995 1809 2995 1810 2996 1811 2996 1812 2996 1812 2997 1811 2997 1813 2997 1814 2998 1815 2998 1816 2998 1816 2999 1815 2999 1817 2999 1818 3000 1814 3000 1819 3000 1819 3001 1814 3001 1816 3001 1819 3002 1816 3002 1810 3002 1810 3003 1816 3003 1817 3003 1810 3004 1817 3004 1811 3004 1812 3005 1820 3005 1810 3005 1810 3006 1820 3006 1821 3006 1810 3007 1821 3007 1819 3007 1819 3008 1821 3008 1822 3008 1819 3009 1822 3009 1818 3009 1823 3010 1824 3010 1822 3010 1822 3011 1824 3011 1825 3011 1822 3012 1825 3012 1818 3012 1826 3013 1827 3013 1828 3013 1828 3014 1827 3014 1829 3014 1828 3015 1829 3015 1830 3015 1830 3016 1829 3016 1831 3016 1830 3017 1831 3017 1832 3017 1832 3018 1831 3018 1833 3018 1832 3019 1833 3019 1834 3019 1834 3020 1833 3020 1835 3020 1834 3021 1835 3021 1836 3021 1836 3022 1835 3022 1837 3022 1836 3023 1837 3023 1838 3023 1838 3024 1837 3024 1839 3024 1838 3025 1839 3025 1840 3025 1840 3026 1839 3026 1841 3026 1840 3027 1841 3027 1842 3027 1842 3028 1841 3028 1843 3028 1842 3029 1843 3029 1844 3029 1826 3030 1807 3030 1827 3030 1827 3031 1807 3031 1809 3031 1827 3032 1809 3032 1829 3032 1829 3033 1809 3033 1845 3033 1829 3034 1845 3034 1831 3034 1831 3035 1845 3035 1846 3035 1831 3036 1846 3036 1833 3036 1833 3037 1846 3037 1847 3037 1833 3038 1847 3038 1835 3038 1835 3039 1847 3039 1848 3039 1835 3040 1848 3040 1837 3040 1837 3041 1848 3041 1849 3041 1837 3042 1849 3042 1839 3042 1839 3043 1849 3043 1850 3043 1839 3044 1850 3044 1841 3044 1841 3045 1850 3045 1851 3045 1841 3046 1851 3046 1843 3046 1820 3047 1844 3047 1821 3047 1821 3048 1844 3048 1843 3048 1821 3049 1843 3049 1822 3049 1822 3050 1843 3050 1851 3050 1822 3051 1851 3051 1823 3051 1823 3052 1851 3052 1850 3052 1823 3053 1850 3053 1852 3053 1852 3054 1850 3054 1849 3054 1852 3055 1849 3055 1853 3055 1853 3056 1849 3056 1848 3056 1853 3057 1848 3057 1854 3057 1854 3058 1848 3058 1847 3058 1854 3059 1847 3059 1855 3059 1855 3060 1847 3060 1846 3060 1855 3061 1846 3061 1856 3061 1856 3062 1846 3062 1845 3062 1856 3063 1845 3063 1857 3063 1857 3064 1845 3064 1809 3064 1857 3065 1809 3065 1858 3065 1858 3066 1809 3066 1808 3066 1858 3067 1808 3067 610 3067 1826 3068 1805 3068 1804 3068 1826 3069 1804 3069 1807 3069 1807 3070 1804 3070 1802 3070 1807 3071 1802 3071 1808 3071 1808 3072 1802 3072 611 3072 1808 3073 611 3073 610 3073 1859 3074 1860 3074 1861 3074 1859 3075 1861 3075 1862 3075 1863 3076 1864 3076 1865 3076 1865 3077 1866 3077 1863 3077 1863 3078 1866 3078 1801 3078 1863 3079 1801 3079 1803 3079 1865 3080 1867 3080 1866 3080 1866 3081 1867 3081 1868 3081 1866 3082 1868 3082 1801 3082 1801 3083 1868 3083 1869 3083 1801 3084 1869 3084 1798 3084 707 3085 1870 3085 700 3085 700 3086 1870 3086 1871 3086 700 3087 1871 3087 698 3087 698 3088 1871 3088 1861 3088 698 3089 1861 3089 696 3089 696 3090 1861 3090 1860 3090 1867 3091 1862 3091 1868 3091 1868 3092 1862 3092 1861 3092 1868 3093 1861 3093 1869 3093 1869 3094 1861 3094 1871 3094 1869 3095 1871 3095 1798 3095 1798 3096 1871 3096 1870 3096 1798 3097 1870 3097 1799 3097 1799 3098 1870 3098 707 3098 1799 3099 707 3099 1800 3099 1800 3100 707 3100 709 3100 1800 3101 709 3101 614 3101 1864 3102 1872 3102 1873 3102 1873 3103 1874 3103 1864 3103 1864 3104 1874 3104 1875 3104 1864 3105 1875 3105 1865 3105 1865 3106 1875 3106 1876 3106 1865 3107 1876 3107 1867 3107 1867 3108 1876 3108 1877 3108 1867 3109 1877 3109 1862 3109 1862 3110 1877 3110 1878 3110 1879 3111 696 3111 1880 3111 1880 3112 696 3112 1860 3112 1880 3113 1860 3113 1878 3113 1878 3114 1860 3114 1859 3114 1878 3115 1859 3115 1862 3115 109 3116 108 3116 1881 3116 1877 3117 1882 3117 1883 3117 1875 3118 1874 3118 1884 3118 1884 3119 1874 3119 1873 3119 1884 3120 1873 3120 1872 3120 1877 3121 1883 3121 1878 3121 112 3122 111 3122 1885 3122 1885 3123 111 3123 110 3123 108 3124 97 3124 1881 3124 1881 3125 97 3125 96 3125 1881 3126 96 3126 1886 3126 1886 3127 96 3127 1887 3127 1886 3128 1887 3128 1888 3128 1888 3129 1887 3129 1889 3129 1888 3130 1889 3130 1890 3130 1890 3131 1889 3131 1891 3131 1890 3132 1891 3132 1892 3132 1892 3133 1891 3133 1893 3133 1892 3134 1893 3134 1894 3134 1894 3135 1893 3135 1895 3135 1894 3136 1895 3136 1896 3136 1896 3137 1895 3137 1897 3137 1896 3138 1897 3138 1898 3138 1898 3139 1897 3139 1899 3139 1898 3140 1899 3140 1900 3140 1900 3141 1899 3141 1901 3141 1900 3142 1901 3142 1902 3142 1902 3143 1901 3143 1903 3143 1902 3144 1903 3144 1904 3144 1904 3145 1903 3145 1905 3145 1904 3146 1905 3146 1906 3146 1906 3147 1905 3147 1907 3147 1906 3148 1907 3148 1908 3148 1908 3149 1907 3149 1909 3149 1908 3150 1909 3150 1910 3150 1910 3151 1909 3151 1911 3151 1910 3152 1911 3152 1912 3152 1912 3153 1911 3153 1913 3153 1912 3154 1913 3154 1883 3154 1883 3155 1913 3155 1914 3155 1883 3156 1914 3156 1878 3156 110 3157 109 3157 1885 3157 1885 3158 109 3158 1881 3158 1885 3159 1881 3159 1915 3159 1915 3160 1881 3160 1886 3160 1915 3161 1886 3161 1916 3161 1916 3162 1886 3162 1888 3162 1916 3163 1888 3163 1917 3163 1917 3164 1888 3164 1890 3164 1917 3165 1890 3165 1918 3165 1918 3166 1890 3166 1892 3166 1918 3167 1892 3167 1919 3167 1919 3168 1892 3168 1894 3168 1919 3169 1894 3169 1920 3169 1920 3170 1894 3170 1896 3170 1920 3171 1896 3171 1921 3171 1921 3172 1896 3172 1898 3172 1921 3173 1898 3173 1922 3173 1922 3174 1898 3174 1900 3174 1922 3175 1900 3175 1923 3175 1923 3176 1900 3176 1902 3176 1923 3177 1902 3177 1924 3177 1924 3178 1902 3178 1904 3178 1924 3179 1904 3179 1925 3179 1925 3180 1904 3180 1906 3180 1925 3181 1906 3181 1926 3181 1926 3182 1906 3182 1908 3182 1926 3183 1908 3183 1927 3183 1927 3184 1908 3184 1910 3184 1927 3185 1910 3185 1928 3185 1928 3186 1910 3186 1912 3186 1928 3187 1912 3187 1929 3187 1929 3188 1912 3188 1883 3188 1929 3189 1883 3189 1930 3189 1930 3190 1883 3190 1882 3190 1930 3191 1882 3191 1876 3191 1876 3192 1882 3192 1877 3192 113 3193 112 3193 1931 3193 1931 3194 112 3194 1885 3194 1931 3195 1885 3195 1932 3195 1932 3196 1885 3196 1915 3196 1932 3197 1915 3197 1933 3197 1933 3198 1915 3198 1916 3198 1933 3199 1916 3199 1934 3199 1934 3200 1916 3200 1917 3200 1934 3201 1917 3201 1935 3201 1935 3202 1917 3202 1918 3202 1935 3203 1918 3203 1936 3203 1936 3204 1918 3204 1919 3204 1936 3205 1919 3205 1937 3205 1937 3206 1919 3206 1920 3206 1937 3207 1920 3207 1938 3207 1938 3208 1920 3208 1921 3208 1938 3209 1921 3209 1939 3209 1939 3210 1921 3210 1922 3210 1939 3211 1922 3211 1940 3211 1940 3212 1922 3212 1923 3212 1940 3213 1923 3213 1941 3213 1941 3214 1923 3214 1924 3214 1941 3215 1924 3215 1942 3215 1942 3216 1924 3216 1925 3216 1942 3217 1925 3217 1943 3217 1943 3218 1925 3218 1926 3218 1943 3219 1926 3219 1944 3219 1944 3220 1926 3220 1927 3220 1944 3221 1927 3221 1945 3221 1945 3222 1927 3222 1928 3222 1945 3223 1928 3223 1946 3223 1946 3224 1928 3224 1929 3224 1946 3225 1929 3225 1884 3225 1884 3226 1929 3226 1930 3226 1884 3227 1930 3227 1875 3227 1875 3228 1930 3228 1876 3228 460 3229 1947 3229 458 3229 458 3230 1947 3230 1948 3230 458 0 1948 0 604 0 604 0 570 0 458 0 458 3231 570 3231 568 3231 458 0 568 0 579 0 1789 0 449 0 448 0 1796 0 448 0 464 0 464 0 448 0 1949 0 464 0 1949 0 462 0 462 0 1949 0 1950 0 462 0 1950 0 460 0 460 3232 1950 3232 1951 3232 460 3233 1951 3233 1947 3233 1790 0 1789 0 1792 0 1792 3234 1789 3234 448 3234 1792 3235 448 3235 1794 3235 1794 0 448 0 1796 0 456 3236 1952 3236 79 3236 79 3237 1952 3237 1953 3237 79 3238 1953 3238 78 3238 1789 14 1788 14 449 14 449 14 1788 14 450 14 1796 475 464 475 1797 475 1797 475 464 475 465 475 1309 2 85 2 113 2 1309 2 113 2 1312 2 1863 3239 1803 3239 1806 3239 1954 3240 1955 3240 1956 3240 1954 3241 1957 3241 1955 3241 1955 3242 1957 3242 1958 3242 1955 3243 1958 3243 1336 3243 1959 3244 1960 3244 1955 3244 1961 2 1962 2 113 2 113 3245 1962 3245 1963 3245 1956 3246 1964 3246 1954 3246 1954 3247 1964 3247 1965 3247 1954 3248 1965 3248 1966 3248 1933 3249 1967 3249 1932 3249 1932 3250 1967 3250 1961 3250 1932 3251 1961 3251 1931 3251 1931 2 1961 2 113 2 1968 3252 1969 3252 1970 3252 1970 2 1969 2 1971 2 1970 3253 1971 3253 1972 3253 1336 3254 1312 3254 1955 3254 1955 3255 1312 3255 113 3255 1955 3256 113 3256 1959 3256 1959 3257 113 3257 1963 3257 1938 2 1973 2 1937 2 1937 3258 1973 3258 1974 3258 1933 2 1934 2 1967 2 1967 3259 1934 3259 1935 3259 1967 2 1935 2 1974 2 1974 3260 1935 3260 1936 3260 1974 3261 1936 3261 1937 3261 1806 2 1975 2 1863 2 1863 2 1975 2 1976 2 1863 3262 1976 3262 1864 3262 1864 2 1976 2 1977 2 1864 2 1977 2 1872 2 1872 3263 1977 3263 1978 3263 1872 3264 1978 3264 1979 3264 1979 2 1980 2 1872 2 1872 3265 1980 3265 1981 3265 1872 3266 1981 3266 1982 3266 1960 3267 1983 3267 1955 3267 1955 3268 1983 3268 1984 3268 1955 2 1984 2 1985 2 1985 3269 1984 3269 1986 3269 1985 2 1986 2 1987 2 1987 3270 1986 3270 1988 3270 1989 3271 1872 3271 1990 3271 1990 3272 1872 3272 1970 3272 1990 2 1970 2 1991 2 1991 3273 1970 3273 1972 3273 1982 2 1992 2 1872 2 1872 3274 1992 3274 1993 3274 1872 3275 1993 3275 1970 3275 1970 2 1994 2 1968 2 1968 3276 1994 3276 1995 3276 1968 2 1995 2 1996 2 1996 3277 1995 3277 1997 3277 1996 2 1997 2 1988 2 1988 3278 1997 3278 1998 3278 1988 3279 1998 3279 1987 3279 1989 3280 1999 3280 1872 3280 1872 3281 1999 3281 2000 3281 1872 2 2000 2 1884 2 1884 3282 2000 3282 2001 3282 1942 2 1943 2 2002 2 2002 2 1943 2 2003 2 1938 3283 1939 3283 1973 3283 1973 3284 1939 3284 1940 3284 1973 2 1940 2 2002 2 2002 3285 1940 3285 1941 3285 2002 3286 1941 3286 1942 3286 1943 3287 1944 3287 2003 3287 2003 2 1944 2 1945 2 2003 3288 1945 3288 2001 3288 2001 3289 1945 3289 1946 3289 2001 2 1946 2 1884 2 1290 0 84 0 83 0 1291 3290 2004 3290 2005 3290 2004 0 1291 0 2006 0 1291 0 2007 0 2006 0 2006 3291 2007 3291 2008 3291 2006 0 2008 0 443 0 443 3292 2008 3292 2009 3292 443 3293 2009 3293 447 3293 1289 3294 1292 3294 1288 3294 1288 3295 1292 3295 1291 3295 1288 0 1291 0 1287 0 1287 0 1291 0 2005 0 1287 0 2005 0 1286 0 83 0 1308 0 1290 0 1290 3296 1308 3296 1298 3296 1290 0 1298 0 1289 0 1289 0 1298 0 1296 0 1289 3297 1296 3297 1292 3297 447 3298 2009 3298 2010 3298 2010 3299 2009 3299 2011 3299 2010 0 2011 0 2012 0 2013 3300 2014 3300 2015 3300 604 14 1948 14 605 14 605 14 1948 14 2016 14 605 14 2016 14 2017 14 2017 3301 2016 3301 2018 3301 2017 14 2018 14 2015 14 2015 3302 2018 3302 2019 3302 2015 14 2019 14 2013 14 2013 3303 2020 3303 2021 3303 1815 3304 1814 3304 2022 3304 1858 3305 610 3305 1857 3305 1857 3306 610 3306 612 3306 1857 3307 612 3307 1856 3307 2022 3308 1824 3308 2023 3308 2023 3309 1824 3309 1823 3309 2023 3310 1823 3310 1852 3310 1852 3311 1853 3311 2023 3311 2023 3312 1853 3312 1854 3312 2023 3313 1854 3313 612 3313 612 3314 1854 3314 1855 3314 612 3315 1855 3315 1856 3315 1814 3316 1818 3316 2022 3316 2022 3317 1818 3317 1825 3317 2022 3318 1825 3318 1824 3318 2013 3319 2021 3319 2014 3319 2014 3320 2021 3320 2024 3320 2014 3321 2024 3321 2015 3321 2015 3322 2024 3322 2017 3322 2017 3323 2024 3323 606 3323 2017 3324 606 3324 605 3324 612 3325 606 3325 2023 3325 2023 3326 606 3326 2024 3326 2023 3327 2024 3327 2022 3327 2022 3328 2024 3328 2021 3328 2022 3329 2021 3329 1815 3329 1815 3330 2021 3330 2020 3330 1879 3 2025 3 696 3 696 3 2025 3 697 3 2026 3331 2027 3331 2028 3331 2016 3332 2029 3332 2030 3332 2030 3333 2029 3333 2031 3333 2030 3334 2031 3334 2032 3334 2032 3335 2031 3335 2033 3335 1817 3336 1815 3336 2034 3336 1811 3337 1817 3337 2035 3337 1817 3338 2034 3338 2035 3338 2035 3339 2034 3339 2036 3339 2035 3340 2036 3340 2030 3340 2030 3341 2036 3341 2018 3341 2030 3342 2018 3342 2016 3342 2033 3343 2037 3343 2032 3343 2032 3344 2037 3344 2038 3344 2032 3345 2038 3345 2030 3345 2030 3346 2038 3346 2039 3346 2030 3347 2039 3347 2035 3347 2035 3348 2039 3348 2040 3348 2035 3349 2040 3349 1811 3349 1813 3350 1811 3350 2041 3350 2041 3351 1811 3351 2040 3351 2041 3352 2040 3352 2042 3352 2042 3353 2040 3353 2039 3353 2042 3354 2039 3354 2043 3354 2043 3355 2039 3355 2038 3355 2043 3356 2038 3356 2044 3356 2044 3357 2038 3357 2045 3357 2046 3358 2045 3358 2028 3358 2028 3359 2045 3359 2038 3359 2028 3360 2038 3360 2026 3360 2026 3361 2038 3361 2037 3361 2047 3362 2048 3362 2049 3362 2049 3363 2048 3363 1342 3363 2049 3364 1342 3364 1492 3364 2050 3365 2051 3365 2052 3365 2052 3366 2051 3366 2053 3366 2052 3367 2053 3367 2054 3367 2055 3368 2056 3368 2053 3368 2053 3369 2056 3369 2057 3369 2053 3370 2057 3370 2054 3370 2047 3371 2058 3371 2055 3371 2055 3372 2058 3372 2059 3372 2055 3373 2059 3373 2056 3373 2047 3374 2055 3374 2048 3374 2048 3375 2055 3375 1343 3375 2048 3376 1343 3376 1342 3376 1355 3377 1353 3377 2053 3377 2053 3378 1353 3378 1352 3378 2053 3379 1352 3379 2055 3379 2055 3380 1352 3380 1350 3380 2055 3381 1350 3381 1343 3381 1355 3382 2053 3382 1356 3382 1356 3383 2053 3383 2051 3383 1356 3384 2051 3384 1338 3384 2051 3385 2050 3385 2060 3385 2061 3386 1435 3386 2062 3386 2062 3387 1435 3387 1434 3387 2062 3388 1434 3388 2063 3388 1434 3389 1432 3389 2063 3389 2063 3390 1432 3390 1430 3390 2063 3391 1430 3391 2064 3391 2064 3392 1430 3392 1429 3392 2064 3393 1429 3393 2065 3393 2065 3394 1429 3394 1427 3394 2065 3395 1427 3395 2066 3395 2066 3396 1427 3396 1425 3396 2066 3397 1425 3397 2067 3397 1425 3398 1424 3398 2067 3398 2067 3399 1424 3399 1422 3399 2067 3400 1422 3400 2068 3400 2068 3401 1422 3401 1420 3401 2068 3402 1420 3402 2069 3402 2069 3403 1420 3403 1418 3403 2069 3404 1418 3404 2070 3404 2070 3405 1418 3405 1416 3405 2070 3406 1416 3406 2071 3406 2071 3407 1416 3407 1414 3407 2071 3408 1414 3408 2072 3408 2072 3409 1414 3409 1412 3409 2072 3410 1412 3410 2073 3410 2073 3411 1412 3411 2074 3411 2074 3412 1412 3412 1410 3412 2074 3413 1410 3413 2075 3413 2075 3414 1410 3414 1408 3414 2075 3415 1408 3415 2076 3415 1408 3416 1406 3416 2076 3416 2076 3417 1406 3417 1405 3417 2076 3418 1405 3418 2077 3418 2077 3419 1405 3419 1402 3419 2077 3420 1402 3420 2078 3420 2078 3421 1402 3421 2079 3421 1402 3422 1372 3422 2079 3422 2079 3423 1372 3423 1371 3423 2079 3424 1371 3424 2080 3424 2080 3425 1371 3425 1401 3425 2080 3426 1401 3426 2081 3426 2082 3427 1388 3427 2083 3427 2083 3428 1388 3428 1386 3428 2083 3429 1386 3429 2084 3429 1401 3430 1399 3430 2081 3430 2081 3431 1399 3431 1398 3431 2081 3432 1398 3432 2085 3432 2085 3433 1398 3433 1395 3433 2085 3434 1395 3434 2086 3434 2086 3435 1395 3435 1394 3435 2086 3436 1394 3436 2087 3436 2087 3437 1394 3437 1393 3437 2087 3438 1393 3438 2088 3438 2088 3439 1393 3439 1391 3439 2088 3440 1391 3440 2082 3440 2082 3441 1391 3441 1389 3441 2082 3442 1389 3442 1388 3442 1386 3443 1384 3443 2084 3443 2084 3444 1384 3444 1383 3444 2084 3445 1383 3445 2089 3445 2089 3446 1383 3446 1381 3446 2089 3447 1381 3447 2090 3447 1338 3448 2051 3448 1374 3448 1374 3449 2051 3449 2060 3449 1374 3450 2060 3450 1376 3450 1376 3451 2060 3451 2091 3451 1376 3452 2091 3452 1378 3452 1378 3453 2091 3453 2090 3453 1378 3454 2090 3454 1379 3454 1379 3455 2090 3455 1381 3455 1503 3456 1502 3456 2061 3456 2061 3457 1502 3457 1510 3457 2061 3458 1510 3458 1435 3458 2061 3459 2092 3459 1503 3459 1503 3460 2092 3460 1550 3460 2093 3461 1555 3461 2092 3461 2092 3462 1555 3462 1553 3462 2092 3463 1553 3463 1550 3463 1563 3464 1561 3464 2094 3464 2094 3465 1561 3465 1559 3465 2094 3466 1559 3466 2093 3466 2093 3467 1559 3467 1557 3467 2093 3468 1557 3468 1555 3468 2095 3469 2096 3469 1571 3469 1571 3470 1569 3470 2095 3470 2095 3471 1569 3471 1567 3471 2095 3472 1567 3472 2094 3472 2094 3473 1567 3473 1565 3473 2094 3474 1565 3474 1563 3474 1715 3475 1720 3475 2096 3475 2096 3476 1720 3476 1726 3476 2096 3477 1726 3477 1571 3477 2097 3478 2098 3478 1604 3478 1604 3479 2098 3479 2099 3479 1604 3480 2099 3480 1514 3480 2100 3481 2101 3481 1609 3481 2097 3482 1604 3482 2102 3482 2102 3483 1604 3483 1603 3483 2102 3484 1603 3484 2101 3484 2101 3485 1603 3485 1601 3485 2101 3486 1601 3486 1609 3486 1609 3487 1608 3487 2100 3487 2100 3488 1608 3488 1606 3488 2100 3489 1606 3489 2103 3489 2103 3490 1606 3490 1614 3490 2103 3491 1614 3491 2104 3491 1614 3492 1613 3492 2104 3492 2104 3493 1613 3493 1611 3493 2104 3494 1611 3494 2105 3494 2105 3495 1611 3495 1619 3495 2105 3496 1619 3496 2106 3496 2106 3497 1619 3497 1618 3497 2106 3498 1618 3498 2107 3498 1618 3499 1616 3499 2107 3499 2107 3500 1616 3500 1624 3500 2107 3501 1624 3501 2108 3501 2108 3502 1624 3502 1623 3502 2108 3503 1623 3503 2109 3503 2109 3504 1623 3504 1621 3504 2109 3505 1621 3505 2110 3505 2110 3506 1621 3506 1629 3506 2110 3507 1629 3507 2111 3507 2111 3508 1629 3508 1628 3508 2111 3509 1628 3509 2112 3509 2113 3510 2114 3510 1633 3510 1633 3511 2114 3511 2115 3511 1633 3512 2115 3512 1635 3512 1635 3513 2115 3513 2116 3513 1635 3514 2116 3514 1637 3514 1637 3515 2116 3515 2117 3515 1637 3516 2117 3516 1639 3516 1639 3517 2117 3517 2118 3517 1639 3518 2118 3518 1641 3518 1641 3519 2118 3519 2119 3519 1641 3520 2119 3520 1643 3520 1643 3521 2119 3521 2120 3521 1643 3522 2120 3522 1645 3522 1645 3523 2120 3523 2121 3523 1645 3524 2121 3524 1647 3524 1647 3525 2121 3525 2122 3525 1647 3526 2122 3526 1648 3526 1648 3527 2122 3527 2112 3527 1648 3528 2112 3528 1626 3528 1626 3529 2112 3529 1628 3529 1633 3530 1631 3530 2113 3530 2113 3531 1631 3531 1651 3531 2113 3532 1651 3532 2123 3532 2123 3533 1651 3533 1650 3533 2123 3534 1650 3534 2124 3534 2124 3535 1650 3535 1649 3535 2124 3536 1649 3536 2125 3536 2125 3537 1649 3537 1654 3537 2125 3538 1654 3538 2126 3538 2126 3539 1654 3539 1655 3539 2126 3540 1655 3540 2127 3540 1655 3541 1594 3541 2127 3541 2127 3542 1594 3542 1708 3542 2127 3543 1708 3543 2128 3543 2128 3544 1708 3544 1707 3544 2128 3545 1707 3545 2129 3545 2129 3546 1707 3546 1706 3546 2129 3547 1706 3547 2096 3547 2096 3548 1706 3548 1715 3548 2058 3549 2047 3549 2049 3549 2130 3550 2059 3550 2058 3550 2099 3551 2098 3551 2131 3551 2131 3552 2098 3552 2132 3552 2132 3553 2133 3553 2131 3553 2131 3554 2133 3554 2134 3554 2131 3555 2134 3555 2130 3555 2130 3556 2134 3556 2135 3556 2130 3557 2135 3557 2059 3557 1526 3558 1524 3558 2131 3558 2131 3559 1524 3559 1522 3559 2131 3560 1522 3560 2099 3560 2099 3561 1522 3561 1515 3561 2099 3562 1515 3562 1514 3562 1532 3563 1531 3563 2130 3563 2130 3564 1531 3564 1528 3564 2130 3565 1528 3565 2131 3565 2131 3566 1528 3566 1527 3566 2131 3567 1527 3567 1526 3567 2058 3568 2049 3568 2130 3568 2130 3569 2049 3569 1492 3569 2130 3570 1492 3570 1532 3570 2016 3571 1948 3571 2029 3571 2029 3572 1948 3572 1947 3572 2029 3573 1947 3573 2031 3573 1951 3574 2136 3574 2027 3574 2027 3575 2026 3575 1951 3575 1951 3576 2026 3576 2037 3576 1951 3577 2037 3577 1947 3577 1947 3578 2037 3578 2033 3578 1947 3579 2033 3579 2031 3579 2136 3580 1951 3580 2137 3580 2137 3581 1951 3581 1950 3581 2137 3582 1950 3582 2138 3582 1950 3583 2139 3583 2140 3583 1949 3584 2010 3584 1950 3584 1950 3585 2010 3585 2012 3585 1950 3586 2012 3586 2139 3586 2140 3587 2141 3587 1950 3587 1950 3588 2141 3588 2142 3588 1950 3589 2142 3589 2138 3589 2010 3590 1949 3590 447 3590 447 3590 1949 3590 448 3590 62 14 61 14 443 14 443 14 61 14 2006 14 53 3591 2005 3591 54 3591 54 3592 2005 3592 2004 3592 54 3593 2004 3593 61 3593 61 3594 2004 3594 2006 3594 2013 3595 2019 3595 2020 3595 2020 3596 2019 3596 1815 3596 2018 3597 2036 3597 2019 3597 2019 3598 2036 3598 2034 3598 2019 3599 2034 3599 1815 3599 1773 3600 2143 3600 1775 3600 1775 0 2143 0 2144 0 1775 0 2144 0 1777 0 1777 0 2144 0 2145 0 1777 3601 2145 3601 1779 3601 1779 3602 2145 3602 2146 3602 1779 3603 2146 3603 1781 3603 2146 0 2147 0 1781 0 1781 0 2147 0 2148 0 1781 0 2148 0 1783 0 1783 3604 2148 3604 2149 3604 1783 0 2149 0 1785 0 1785 3605 2149 3605 2150 3605 1785 0 2150 0 1787 0 1787 3606 2150 3606 2151 3606 1787 0 2151 0 1729 0 1729 3607 2151 3607 2152 3607 1729 0 2152 0 1731 0 1739 0 2153 0 1741 0 1741 0 2153 0 2154 0 1741 0 2154 0 1743 0 1743 0 2154 0 2155 0 1743 3608 2155 3608 1745 3608 1745 0 2155 0 2156 0 1745 3609 2156 3609 1747 3609 1765 3610 2157 3610 1767 3610 1767 0 2157 0 2158 0 1767 0 2158 0 1769 0 1769 0 2158 0 2159 0 1769 0 2159 0 1771 0 1771 3611 2159 3611 2160 3611 1771 0 2160 0 1773 0 1773 3612 2160 3612 2161 3612 1773 0 2161 0 2143 0 2152 0 2162 0 1731 0 1731 3613 2162 3613 2163 3613 1731 0 2163 0 1733 0 1733 0 2163 0 2164 0 1733 0 2164 0 1735 0 1735 3614 2164 3614 2165 3614 1735 0 2165 0 1737 0 1737 3615 2165 3615 2166 3615 1737 0 2166 0 1739 0 1739 3616 2166 3616 2167 3616 1739 0 2167 0 2153 0 2156 0 2168 0 1747 0 1747 0 2168 0 2169 0 1747 3617 2169 3617 1749 3617 1749 0 2169 0 2170 0 1749 0 2170 0 1751 0 1751 0 2170 0 2171 0 1751 0 2171 0 1753 0 1753 3618 2171 3618 2172 3618 1753 0 2172 0 1755 0 1755 3619 2172 3619 2173 3619 1755 0 2173 0 1757 0 1757 3620 2173 3620 2174 3620 1757 0 2174 0 1759 0 1759 3621 2174 3621 2175 3621 1759 0 2175 0 1761 0 1761 3622 2175 3622 2176 3622 1761 0 2176 0 1763 0 1763 3623 2176 3623 2177 3623 1763 3624 2177 3624 1765 3624 1765 0 2177 0 2178 0 1765 0 2178 0 2157 0 2111 3625 2112 3625 2179 3625 2180 3626 2181 3626 2182 3626 2183 3627 2184 3627 2185 3627 2088 3628 2082 3628 2186 3628 2086 3629 2087 3629 2187 3629 2080 3630 2081 3630 2188 3630 2077 3631 2078 3631 2189 3631 2066 3632 2067 3632 2190 3632 2061 3633 2062 3633 2191 3633 2098 3634 2097 3634 2132 3634 2132 3635 2097 3635 2192 3635 2132 3636 2192 3636 2133 3636 2193 3637 2135 3637 2134 3637 2050 3638 2052 3638 2181 3638 2181 3639 2052 3639 2054 3639 2181 3640 2054 3640 2182 3640 2182 3641 2054 3641 2057 3641 2182 3642 2057 3642 2056 3642 2064 3643 2065 3643 2194 3643 2069 3644 2070 3644 2183 3644 2183 3645 2070 3645 2071 3645 2183 3646 2071 3646 2184 3646 2184 3647 2071 3647 2072 3647 2184 3648 2072 3648 2073 3648 2195 3649 2074 3649 2075 3649 2077 3650 2189 3650 2076 3650 2078 3651 2079 3651 2196 3651 2196 3652 2079 3652 2080 3652 2081 3653 2085 3653 2197 3653 2089 3654 2090 3654 2180 3654 2180 3655 2090 3655 2091 3655 2180 3656 2091 3656 2181 3656 2181 3657 2091 3657 2060 3657 2181 3658 2060 3658 2050 3658 2198 3659 2199 3659 2200 3659 2201 3660 2185 3660 2202 3660 2202 3661 2185 3661 2184 3661 2202 3662 2184 3662 2195 3662 2195 3663 2184 3663 2073 3663 2195 3664 2073 3664 2074 3664 2084 3665 2089 3665 2203 3665 2203 3666 2089 3666 2180 3666 2203 3667 2180 3667 2204 3667 2204 3668 2180 3668 2182 3668 2204 3669 2182 3669 2193 3669 2193 3670 2182 3670 2056 3670 2193 3671 2056 3671 2135 3671 2135 3672 2056 3672 2059 3672 2205 3673 2206 3673 2199 3673 2207 3674 2201 3674 2208 3674 2208 3675 2201 3675 2202 3675 2208 3676 2202 3676 2209 3676 2209 3677 2202 3677 2195 3677 2209 3678 2195 3678 2210 3678 2210 3679 2195 3679 2075 3679 2210 3680 2075 3680 2076 3680 2211 3681 2212 3681 2213 3681 2083 3682 2084 3682 2214 3682 2214 3683 2084 3683 2203 3683 2214 3684 2203 3684 2215 3684 2215 3685 2203 3685 2204 3685 2215 3686 2204 3686 2216 3686 2216 3687 2204 3687 2193 3687 2216 3688 2193 3688 2192 3688 2192 3689 2193 3689 2134 3689 2192 3690 2134 3690 2133 3690 2217 3691 2206 3691 2218 3691 2218 3692 2206 3692 2205 3692 2218 3693 2205 3693 2219 3693 2220 3694 2221 3694 2222 3694 2222 3695 2221 3695 2223 3695 2222 3696 2223 3696 2224 3696 2224 3697 2223 3697 2198 3697 2224 3698 2198 3698 2191 3698 2191 3699 2198 3699 2200 3699 2191 3700 2200 3700 2061 3700 2065 3701 2066 3701 2194 3701 2194 3702 2066 3702 2190 3702 2194 3703 2190 3703 2225 3703 2225 3704 2190 3704 2226 3704 2225 3705 2226 3705 2227 3705 2227 3706 2226 3706 2228 3706 2227 3707 2228 3707 2229 3707 2229 3708 2228 3708 2230 3708 2231 3709 2212 3709 2232 3709 2232 3710 2212 3710 2211 3710 2232 3711 2211 3711 2233 3711 2087 3712 2088 3712 2187 3712 2187 3713 2088 3713 2186 3713 2187 3714 2186 3714 2234 3714 2234 3715 2186 3715 2235 3715 2234 3716 2235 3716 2236 3716 2236 3717 2235 3717 2237 3717 2236 3718 2237 3718 2238 3718 2238 3719 2237 3719 2239 3719 2238 3720 2239 3720 2101 3720 2101 3721 2239 3721 2102 3721 2126 3722 2127 3722 2219 3722 2219 3723 2127 3723 2128 3723 2219 3724 2128 3724 2218 3724 2218 3725 2128 3725 2129 3725 2218 3726 2129 3726 2217 3726 2217 3727 2129 3727 2096 3727 2199 3673 2198 3673 2205 3673 2205 3728 2198 3728 2223 3728 2205 3729 2223 3729 2219 3729 2219 3730 2223 3730 2221 3730 2219 3731 2221 3731 2126 3731 2114 3732 2113 3732 2240 3732 2240 3733 2113 3733 2220 3733 2240 3734 2220 3734 2241 3734 2241 3735 2220 3735 2222 3735 2241 3736 2222 3736 2242 3736 2242 3737 2222 3737 2224 3737 2242 3738 2224 3738 2243 3738 2243 3739 2224 3739 2191 3739 2243 3740 2191 3740 2063 3740 2063 3741 2191 3741 2062 3741 2113 3742 2123 3742 2220 3742 2220 3743 2123 3743 2124 3743 2220 3744 2124 3744 2221 3744 2221 3745 2124 3745 2125 3745 2221 3746 2125 3746 2126 3746 2063 3747 2064 3747 2243 3747 2243 3748 2064 3748 2194 3748 2243 3749 2194 3749 2242 3749 2242 3750 2194 3750 2225 3750 2242 3751 2225 3751 2241 3751 2241 3752 2225 3752 2227 3752 2241 3753 2227 3753 2240 3753 2240 3754 2227 3754 2229 3754 2240 3755 2229 3755 2114 3755 2119 3756 2118 3756 2244 3756 2244 3757 2118 3757 2230 3757 2244 3758 2230 3758 2245 3758 2245 3759 2230 3759 2228 3759 2245 3760 2228 3760 2246 3760 2246 3761 2228 3761 2226 3761 2246 3762 2226 3762 2247 3762 2247 3763 2226 3763 2190 3763 2247 3764 2190 3764 2068 3764 2068 3765 2190 3765 2067 3765 2118 3766 2117 3766 2230 3766 2230 3767 2117 3767 2116 3767 2230 3768 2116 3768 2229 3768 2229 3769 2116 3769 2115 3769 2229 3770 2115 3770 2114 3770 2068 3771 2069 3771 2247 3771 2247 3772 2069 3772 2183 3772 2247 3773 2183 3773 2246 3773 2246 3774 2183 3774 2185 3774 2246 3760 2185 3760 2245 3760 2245 3775 2185 3775 2201 3775 2245 3776 2201 3776 2244 3776 2244 3777 2201 3777 2207 3777 2244 3778 2207 3778 2119 3778 2119 3779 2207 3779 2120 3779 2248 3780 2122 3780 2121 3780 2076 3781 2189 3781 2210 3781 2210 3782 2189 3782 2249 3782 2210 3783 2249 3783 2209 3783 2209 3784 2249 3784 2250 3784 2209 3785 2250 3785 2208 3785 2208 3786 2250 3786 2248 3786 2208 3787 2248 3787 2207 3787 2207 3788 2248 3788 2121 3788 2207 3789 2121 3789 2120 3789 2078 3790 2196 3790 2189 3790 2189 3791 2196 3791 2251 3791 2189 3792 2251 3792 2249 3792 2249 3793 2251 3793 2252 3793 2249 3794 2252 3794 2250 3794 2250 3795 2252 3795 2179 3795 2250 3796 2179 3796 2248 3796 2248 3797 2179 3797 2112 3797 2248 3798 2112 3798 2122 3798 2080 3799 2188 3799 2196 3799 2196 3800 2188 3800 2253 3800 2196 3801 2253 3801 2251 3801 2251 3802 2253 3802 2254 3802 2251 3803 2254 3803 2252 3803 2252 3804 2254 3804 2255 3804 2252 3805 2255 3805 2179 3805 2179 3806 2255 3806 2110 3806 2179 3807 2110 3807 2111 3807 2256 3808 2108 3808 2109 3808 2081 3809 2197 3809 2188 3809 2188 3810 2197 3810 2257 3810 2188 3811 2257 3811 2253 3811 2253 3812 2257 3812 2258 3812 2253 3813 2258 3813 2254 3813 2254 3814 2258 3814 2256 3814 2254 3815 2256 3815 2255 3815 2255 3816 2256 3816 2109 3816 2255 3817 2109 3817 2110 3817 2197 3818 2213 3818 2257 3818 2257 3819 2213 3819 2212 3819 2257 3820 2212 3820 2258 3820 2258 3821 2212 3821 2231 3821 2258 3822 2231 3822 2256 3822 2256 3823 2231 3823 2107 3823 2256 3824 2107 3824 2108 3824 2100 3825 2103 3825 2233 3825 2233 3826 2103 3826 2104 3826 2233 3827 2104 3827 2232 3827 2232 3828 2104 3828 2105 3828 2232 3829 2105 3829 2231 3829 2231 3830 2105 3830 2106 3830 2231 3831 2106 3831 2107 3831 2085 3832 2086 3832 2197 3832 2197 3833 2086 3833 2187 3833 2197 3834 2187 3834 2213 3834 2213 3835 2187 3835 2234 3835 2213 3836 2234 3836 2211 3836 2211 3837 2234 3837 2236 3837 2211 3838 2236 3838 2233 3838 2233 3839 2236 3839 2238 3839 2233 3840 2238 3840 2100 3840 2100 3841 2238 3841 2101 3841 2082 3842 2083 3842 2186 3842 2186 3843 2083 3843 2214 3843 2186 3844 2214 3844 2235 3844 2235 3845 2214 3845 2215 3845 2235 3846 2215 3846 2237 3846 2237 3686 2215 3686 2216 3686 2237 3847 2216 3847 2239 3847 2239 3848 2216 3848 2192 3848 2239 3849 2192 3849 2102 3849 2102 3850 2192 3850 2097 3850 2025 3851 1879 3851 2259 3851 2259 3852 1879 3852 1913 3852 1913 3853 1879 3853 1914 3853 1914 3854 1879 3854 1880 3854 1914 3855 1880 3855 1878 3855 96 3856 116 3856 1887 3856 1887 3857 116 3857 2260 3857 1887 3858 2260 3858 1889 3858 1889 3859 2260 3859 2261 3859 1889 3860 2261 3860 1891 3860 1891 3861 2261 3861 2262 3861 1891 3862 2262 3862 1893 3862 1893 3863 2262 3863 2263 3863 1893 3864 2263 3864 1895 3864 1895 3865 2263 3865 2264 3865 1895 3866 2264 3866 1897 3866 1897 3867 2264 3867 2265 3867 1897 3868 2265 3868 1899 3868 1899 3869 2265 3869 2266 3869 1899 3870 2266 3870 1901 3870 1901 3871 2266 3871 2267 3871 1901 3872 2267 3872 1903 3872 1903 3873 2267 3873 2268 3873 1903 3874 2268 3874 1905 3874 1905 3875 2268 3875 2269 3875 1905 3876 2269 3876 1907 3876 1907 3877 2269 3877 2270 3877 1907 3878 2270 3878 1909 3878 1909 3879 2270 3879 2271 3879 1909 3880 2271 3880 1911 3880 1911 3881 2271 3881 2272 3881 1911 3882 2272 3882 1913 3882 1913 3883 2272 3883 2273 3883 1913 3884 2273 3884 2259 3884 701 3885 699 3885 2274 3885 114 3886 92 3886 2275 3886 2275 3887 92 3887 91 3887 2275 3888 91 3888 693 3888 2276 3889 2277 3889 2278 3889 2278 3890 2277 3890 2279 3890 2278 3891 2279 3891 2280 3891 2281 3892 2282 3892 2283 3892 2283 3893 2282 3893 2284 3893 2283 3894 2284 3894 2276 3894 2276 3895 2284 3895 2285 3895 2276 3896 2285 3896 2277 3896 2286 3897 2287 3897 2288 3897 2288 3898 2287 3898 2289 3898 2288 3899 2289 3899 2281 3899 2281 3900 2289 3900 2290 3900 2281 3901 2290 3901 2282 3901 2291 3902 2292 3902 2293 3902 2293 3903 2292 3903 2294 3903 2293 3904 2294 3904 2286 3904 2286 3905 2294 3905 2295 3905 2286 3906 2295 3906 2287 3906 115 3907 114 3907 2280 3907 2280 3908 114 3908 2275 3908 2280 3909 2275 3909 2278 3909 2278 3910 2275 3910 693 3910 2278 3911 693 3911 2276 3911 2276 3912 693 3912 692 3912 2276 3913 692 3913 2283 3913 2283 3914 692 3914 691 3914 2283 3915 691 3915 2281 3915 2281 3916 691 3916 690 3916 2281 3917 690 3917 2288 3917 2288 3918 690 3918 689 3918 2288 3919 689 3919 2286 3919 2286 3920 689 3920 688 3920 2286 3921 688 3921 2293 3921 2293 3922 688 3922 687 3922 2293 3923 687 3923 2291 3923 2291 3924 687 3924 686 3924 2291 3925 686 3925 2296 3925 2296 3926 686 3926 685 3926 2296 3927 685 3927 2297 3927 2297 3928 685 3928 684 3928 2297 3929 684 3929 2298 3929 2298 3930 684 3930 683 3930 2298 3931 683 3931 2299 3931 2299 3932 683 3932 682 3932 2299 3933 682 3933 2300 3933 2300 3934 682 3934 681 3934 2300 3935 681 3935 2301 3935 2301 3936 681 3936 680 3936 2301 3937 680 3937 2302 3937 2302 3938 680 3938 679 3938 2302 3939 679 3939 2303 3939 2303 3940 679 3940 678 3940 2303 3941 678 3941 2304 3941 2304 3942 678 3942 677 3942 2304 3943 677 3943 702 3943 702 3944 677 3944 676 3944 702 3945 701 3945 2304 3945 2304 3946 701 3946 2274 3946 2304 3947 2274 3947 2303 3947 2303 3948 2274 3948 2305 3948 2303 3949 2305 3949 2302 3949 2302 3950 2305 3950 2306 3950 2302 3951 2306 3951 2301 3951 2301 3952 2306 3952 2307 3952 2301 3953 2307 3953 2300 3953 2300 3954 2307 3954 2308 3954 2300 3955 2308 3955 2299 3955 2299 3956 2308 3956 2309 3956 2299 3957 2309 3957 2298 3957 2298 3958 2309 3958 2310 3958 2298 3959 2310 3959 2297 3959 2297 3960 2310 3960 2311 3960 2297 3961 2311 3961 2296 3961 2296 3962 2311 3962 2312 3962 2296 3963 2312 3963 2291 3963 2291 3964 2312 3964 2313 3964 2291 3965 2313 3965 2292 3965 697 3966 2025 3966 2259 3966 2266 3967 2313 3967 2267 3967 2267 3968 2313 3968 2312 3968 2267 3969 2312 3969 2268 3969 2268 3970 2312 3970 2311 3970 2268 3971 2311 3971 2269 3971 2269 3972 2311 3972 2310 3972 2269 3973 2310 3973 2270 3973 2270 3974 2310 3974 2309 3974 2270 3975 2309 3975 2271 3975 2271 3976 2309 3976 2308 3976 2271 3977 2308 3977 2272 3977 2272 3978 2308 3978 2307 3978 2272 3979 2307 3979 2273 3979 2273 3980 2307 3980 2306 3980 2273 3981 2306 3981 2259 3981 2259 3982 2306 3982 2305 3982 2259 3983 2305 3983 697 3983 697 3984 2305 3984 2274 3984 697 3985 2274 3985 699 3985 2265 3986 2294 3986 2266 3986 2266 3987 2294 3987 2292 3987 2266 3988 2292 3988 2313 3988 2263 3989 2289 3989 2264 3989 2264 3990 2289 3990 2287 3990 2264 3991 2287 3991 2265 3991 2265 3992 2287 3992 2295 3992 2265 3993 2295 3993 2294 3993 2261 3994 2284 3994 2262 3994 2262 3995 2284 3995 2282 3995 2262 3996 2282 3996 2263 3996 2263 3997 2282 3997 2290 3997 2263 3998 2290 3998 2289 3998 115 3999 2280 3999 116 3999 116 4000 2280 4000 2279 4000 116 4001 2279 4001 2260 4001 2260 4002 2279 4002 2277 4002 2260 4003 2277 4003 2261 4003 2261 4004 2277 4004 2285 4004 2261 4005 2285 4005 2284 4005 459 2 454 2 461 2 461 2 454 2 463 2 450 2 1797 2 454 2 454 2 1797 2 465 2 454 2 465 2 463 2 1793 2 1795 2 1791 2 1791 2 1795 2 1797 2 1791 2 1797 2 1788 2 1788 2 1797 2 450 2 456 4006 9 4006 1952 4006 1952 4007 9 4007 8 4007 1952 4008 8 4008 1953 4008 1953 4009 8 4009 78 4009 2314 4010 1327 4010 1958 4010 1958 4011 1327 4011 1329 4011 1958 4012 1329 4012 1336 4012 1975 4013 1806 4013 1805 4013 1805 4014 2315 4014 1975 4014 1975 4015 2315 4015 2316 4015 1975 4016 2316 4016 1976 4016 2316 4017 2317 4017 1976 4017 1976 4018 2317 4018 2318 4018 1976 4019 2318 4019 1977 4019 2318 4020 2319 4020 1977 4020 1977 4021 2319 4021 2320 4021 1977 4022 2320 4022 1978 4022 2320 4023 2321 4023 1978 4023 1978 4024 2321 4024 2322 4024 1978 4025 2322 4025 1979 4025 2322 4026 2323 4026 1979 4026 1979 4027 2323 4027 2324 4027 1979 4028 2324 4028 1980 4028 2324 4029 2325 4029 1980 4029 1980 4030 2325 4030 2326 4030 1980 4031 2326 4031 1981 4031 2326 4032 2327 4032 1981 4032 1981 4033 2327 4033 2328 4033 1981 4034 2328 4034 1982 4034 2328 4035 2329 4035 1982 4035 1982 4036 2329 4036 2330 4036 1982 4037 2330 4037 1992 4037 2330 4038 2331 4038 1992 4038 1992 4039 2331 4039 2332 4039 1992 4040 2332 4040 1993 4040 2332 4041 2333 4041 1993 4041 1993 4042 2333 4042 2334 4042 1993 4043 2334 4043 1970 4043 2334 4044 2335 4044 1970 4044 1970 4045 2335 4045 2336 4045 1970 4046 2336 4046 1994 4046 2336 4047 2337 4047 1994 4047 1994 4048 2337 4048 2338 4048 1994 4049 2338 4049 1995 4049 2338 4050 2339 4050 1995 4050 1995 4051 2339 4051 2340 4051 1995 4052 2340 4052 1997 4052 2340 4053 2341 4053 1997 4053 1997 4054 2341 4054 2342 4054 1997 4055 2342 4055 1998 4055 2342 4056 2343 4056 1998 4056 1998 4057 2343 4057 2344 4057 1998 4058 2344 4058 1987 4058 2344 4059 2345 4059 1987 4059 1987 4060 2345 4060 2346 4060 1987 4061 2346 4061 1985 4061 2346 4062 2347 4062 1985 4062 1985 4063 2347 4063 2348 4063 1985 4064 2348 4064 1955 4064 2348 4065 2349 4065 1955 4065 1955 4066 2349 4066 2350 4066 1955 4067 2350 4067 1956 4067 2350 4068 2351 4068 1956 4068 1956 4069 2351 4069 2352 4069 1956 4070 2352 4070 1964 4070 2352 4071 2353 4071 1964 4071 1964 4072 2353 4072 2354 4072 1964 4073 2354 4073 1965 4073 2354 4074 2355 4074 1965 4074 1965 4075 2355 4075 2356 4075 1965 4076 2356 4076 1966 4076 2356 4077 2357 4077 1966 4077 1966 4078 2357 4078 2358 4078 1966 4079 2358 4079 1954 4079 2358 4080 2359 4080 1954 4080 1954 4081 2359 4081 2360 4081 1954 4082 2360 4082 1957 4082 2360 4083 2361 4083 1957 4083 1957 4084 2361 4084 2362 4084 1957 4085 2362 4085 1958 4085 1958 4086 2362 4086 2363 4086 1958 4087 2363 4087 2314 4087 1297 4088 2364 4088 2365 4088 1307 4089 1305 4089 2366 4089 2139 4090 2012 4090 2011 4090 2138 4091 2142 4091 2367 4091 2367 4092 2142 4092 2141 4092 2367 4093 2141 4093 2368 4093 2369 4094 2136 4094 2137 4094 1303 4095 1300 4095 1304 4095 1304 4096 1300 4096 2370 4096 1304 4097 2370 4097 1305 4097 1307 4098 2366 4098 1306 4098 1297 4099 2365 4099 1295 4099 1293 4100 1294 4100 2371 4100 1305 4101 2370 4101 2366 4101 2366 4102 2370 4102 2372 4102 2366 4103 2372 4103 2373 4103 2373 4104 2372 4104 2374 4104 2373 4105 2374 4105 2375 4105 2374 4106 2376 4106 2375 4106 2375 4107 2376 4107 2377 4107 2375 4108 2377 4108 2378 4108 2377 4109 2379 4109 2378 4109 2378 4110 2379 4110 2380 4110 2378 4111 2380 4111 2381 4111 2381 4112 2380 4112 2382 4112 2381 4113 2382 4113 2383 4113 2046 4114 2028 4114 2384 4114 2384 4115 2028 4115 2383 4115 2384 4116 2383 4116 2385 4116 2385 4117 2383 4117 2382 4117 1297 4118 1306 4118 2364 4118 2364 4119 1306 4119 2366 4119 2364 4120 2366 4120 2365 4120 2365 4121 2366 4121 2373 4121 2365 4122 2373 4122 2386 4122 2386 4123 2373 4123 2375 4123 2386 4124 2375 4124 2387 4124 2387 4125 2375 4125 2378 4125 2387 4126 2378 4126 2388 4126 2388 4127 2378 4127 2381 4127 2388 4128 2381 4128 2369 4128 2369 4129 2381 4129 2383 4129 2369 4130 2383 4130 2136 4130 2136 4131 2383 4131 2028 4131 2136 4132 2028 4132 2027 4132 2137 4133 2138 4133 2369 4133 2369 4134 2138 4134 2367 4134 2369 4135 2367 4135 2388 4135 2388 4136 2367 4136 2368 4136 2388 4137 2368 4137 2387 4137 2387 4138 2368 4138 2389 4138 2387 4139 2389 4139 2386 4139 2386 4140 2389 4140 2390 4140 2386 4141 2390 4141 2365 4141 2365 4142 2390 4142 2371 4142 2365 4143 2371 4143 1295 4143 1295 4144 2371 4144 1294 4144 2141 4145 2140 4145 2368 4145 2368 4146 2140 4146 2391 4146 2368 4147 2391 4147 2389 4147 2389 4148 2391 4148 2392 4148 2389 4149 2392 4149 2390 4149 2390 4150 2392 4150 2393 4150 2390 4151 2393 4151 2371 4151 2371 4152 2393 4152 2394 4152 2371 4153 2394 4153 1293 4153 2140 4154 2139 4154 2391 4154 2391 4155 2139 4155 2011 4155 2391 4156 2011 4156 2392 4156 2392 4157 2011 4157 2009 4157 2392 4158 2009 4158 2393 4158 2393 4159 2009 4159 2008 4159 2393 4160 2008 4160 2394 4160 2394 4161 2008 4161 2007 4161 2394 4162 2007 4162 1293 4162 1293 4163 2007 4163 1291 4163 1326 4164 1325 4164 2175 4164 1330 4165 1328 4165 2395 4165 1332 4166 2177 4166 1322 4166 1322 4167 2177 4167 2176 4167 1322 4168 2176 4168 1320 4168 2175 4169 1325 4169 2176 4169 2176 4170 1325 4170 1317 4170 2176 4171 1317 4171 1320 4171 1326 4172 2175 4172 1299 4172 1299 4173 2175 4173 2174 4173 1299 4174 2174 4174 1301 4174 1301 4175 2174 4175 2173 4175 1301 4176 2173 4176 1302 4176 1332 4177 1330 4177 2177 4177 2177 4178 1330 4178 2395 4178 2177 4179 2395 4179 2178 4179 2395 4180 2396 4180 2178 4180 2178 4181 2396 4181 2397 4181 2178 4182 2397 4182 2157 4182 2397 4183 2398 4183 2157 4183 2157 4184 2398 4184 2399 4184 2157 4185 2399 4185 2158 4185 2399 4186 2400 4186 2158 4186 2158 4187 2400 4187 2401 4187 2158 4188 2401 4188 2159 4188 2401 4189 2402 4189 2159 4189 2159 4190 2402 4190 2403 4190 2159 4191 2403 4191 2160 4191 2403 4192 2404 4192 2160 4192 2160 4193 2404 4193 2405 4193 2160 4194 2405 4194 2406 4194 2405 4195 2407 4195 2406 4195 2406 4196 2407 4196 2408 4196 2406 4197 2408 4197 2143 4197 2408 4198 2409 4198 2143 4198 2143 4199 2409 4199 2410 4199 2143 4200 2410 4200 2144 4200 2410 4201 2411 4201 2144 4201 2144 4202 2411 4202 2412 4202 2144 4203 2412 4203 2145 4203 2412 4204 2413 4204 2145 4204 2145 4205 2413 4205 2414 4205 2145 4206 2414 4206 2146 4206 2414 4207 2415 4207 2146 4207 2146 4208 2415 4208 2416 4208 2146 4209 2416 4209 2147 4209 2147 4210 2416 4210 2417 4210 2417 4211 2418 4211 2147 4211 2147 4212 2418 4212 2419 4212 2147 4213 2419 4213 2148 4213 2419 4214 2420 4214 2148 4214 2148 4215 2420 4215 2421 4215 2148 4216 2421 4216 2149 4216 2421 4217 2422 4217 2149 4217 2149 4218 2422 4218 2423 4218 2149 4219 2423 4219 2150 4219 2423 4220 2424 4220 2150 4220 2150 4221 2424 4221 2425 4221 2150 4222 2425 4222 2426 4222 2425 4223 2427 4223 2426 4223 2426 4224 2427 4224 2428 4224 2426 4225 2428 4225 2152 4225 2428 4226 2429 4226 2152 4226 2152 4227 2429 4227 2430 4227 2152 4228 2430 4228 2162 4228 2430 4229 2431 4229 2162 4229 2162 4230 2431 4230 2432 4230 2162 4231 2432 4231 2163 4231 2432 4232 2433 4232 2163 4232 2163 4233 2433 4233 2434 4233 2163 4234 2434 4234 2164 4234 2434 4235 2435 4235 2164 4235 2164 4236 2435 4236 2436 4236 2164 4237 2436 4237 2165 4237 2436 4238 2437 4238 2165 4238 2165 4239 2437 4239 2438 4239 2165 4240 2438 4240 2166 4240 2438 4241 2439 4241 2166 4241 2166 4242 2439 4242 2440 4242 2166 4243 2440 4243 2167 4243 2440 4244 2441 4244 2167 4244 2167 4245 2441 4245 2442 4245 2167 4246 2442 4246 2153 4246 2442 4247 2443 4247 2153 4247 2153 4248 2443 4248 2444 4248 2153 4249 2444 4249 2445 4249 2444 4250 2446 4250 2445 4250 2445 4251 2446 4251 2447 4251 2445 4252 2447 4252 2155 4252 2447 4253 2448 4253 2155 4253 2155 4254 2448 4254 2449 4254 2155 4255 2449 4255 2156 4255 2449 4256 2450 4256 2156 4256 2156 4257 2450 4257 2451 4257 2156 4258 2451 4258 2168 4258 2451 4259 2452 4259 2168 4259 2168 4260 2452 4260 2453 4260 2168 4261 2453 4261 2169 4261 2453 4262 2454 4262 2169 4262 2169 4263 2454 4263 2455 4263 2169 4264 2455 4264 2170 4264 2455 4265 2456 4265 2170 4265 2170 4266 2456 4266 2457 4266 2170 4267 2457 4267 2171 4267 2457 4268 2458 4268 2171 4268 2171 4269 2458 4269 2459 4269 2171 4270 2459 4270 2172 4270 2459 4271 2460 4271 2172 4271 2172 4272 2460 4272 2461 4272 2172 4273 2461 4273 2173 4273 2173 4274 2461 4274 2462 4274 2173 4275 2462 4275 1302 4275 2363 4276 1545 4276 1546 4276 1546 4277 1547 4277 2363 4277 2363 4278 1547 4278 1548 4278 2363 4279 1548 4279 1549 4279 1496 4280 1348 4280 2396 4280 1367 4281 2397 4281 1366 4281 1366 4282 2397 4282 2396 4282 1366 4283 2396 4283 1365 4283 1365 4284 2396 4284 1348 4284 2334 4285 1710 4285 2335 4285 2335 4286 1710 4286 1709 4286 2335 4287 1709 4287 2336 4287 2336 4288 1709 4288 1704 4288 2336 4289 1704 4289 2337 4289 2337 4290 1704 4290 1702 4290 2337 4291 1702 4291 2338 4291 2338 4292 1702 4292 1700 4292 2338 4293 1700 4293 2339 4293 2339 4294 1700 4294 1698 4294 2339 4295 1698 4295 2340 4295 2340 4296 1698 4296 1696 4296 2340 4297 1696 4297 2341 4297 2341 4298 1696 4298 1694 4298 2341 4299 1694 4299 2342 4299 2342 4300 1694 4300 1692 4300 2342 4301 1692 4301 2343 4301 2343 4302 1692 4302 1690 4302 2343 4303 1690 4303 2344 4303 2344 4304 1690 4304 1688 4304 2344 4305 1688 4305 2345 4305 2345 4306 1688 4306 1686 4306 2345 4307 1686 4307 2346 4307 2346 4308 1686 4308 1684 4308 2346 4309 1684 4309 2347 4309 2347 4310 1684 4310 1682 4310 2347 4311 1682 4311 2348 4311 2348 4312 1682 4312 1680 4312 2348 4313 1680 4313 2349 4313 2349 4314 1680 4314 1678 4314 2349 4315 1678 4315 2350 4315 2350 4316 1678 4316 1676 4316 2350 4317 1676 4317 2351 4317 2351 4318 1676 4318 1674 4318 2351 4319 1674 4319 2352 4319 2352 4320 1674 4320 1672 4320 2352 4321 1672 4321 2353 4321 2353 4322 1672 4322 1670 4322 2353 4323 1670 4323 2354 4323 2354 4324 1670 4324 1668 4324 2354 4325 1668 4325 2355 4325 2355 4326 1668 4326 1666 4326 2355 4327 1666 4327 2356 4327 2356 4328 1666 4328 1664 4328 2356 4329 1664 4329 2357 4329 2357 4330 1664 4330 1662 4330 2357 4331 1662 4331 2358 4331 2358 4332 1662 4332 1660 4332 2358 4333 1660 4333 2359 4333 2359 4334 1660 4334 1658 4334 2359 4335 1658 4335 2360 4335 2360 4336 1658 4336 1656 4336 2360 4337 1656 4337 2361 4337 2361 4338 1656 4338 1598 4338 2361 4339 1598 4339 2362 4339 2362 4340 1598 4340 1520 4340 2362 4341 1520 4341 2363 4341 2363 4342 1520 4342 1544 4342 2363 4343 1544 4343 1545 4343 1584 4344 1585 4344 2432 4344 2432 4345 1585 4345 1586 4345 2432 4346 1586 4346 1587 4346 2431 4347 1509 4347 2432 4347 2432 4348 1509 4348 1583 4348 2432 4349 1583 4349 1584 4349 1588 4350 1589 4350 2329 4350 2329 4351 1589 4351 1590 4351 1590 4352 1591 4352 2329 4352 2329 4353 1591 4353 1592 4353 2329 4354 1592 4354 2330 4354 2330 4355 1592 4355 1593 4355 2330 4356 1593 4356 2331 4356 2331 4357 1593 4357 1716 4357 2331 4358 1716 4358 2332 4358 2332 4359 1716 4359 1718 4359 2332 4360 1718 4360 2333 4360 2333 4361 1718 4361 1717 4361 2333 4362 1717 4362 2334 4362 2334 4363 1717 4363 1725 4363 2334 4364 1725 4364 1710 4364 1367 4365 1368 4365 2397 4365 2397 4366 1368 4366 1369 4366 2397 4367 1369 4367 2398 4367 2398 4368 1369 4368 1464 4368 2398 4369 1464 4369 2399 4369 2399 4370 1464 4370 1465 4370 2399 4371 1465 4371 2400 4371 2400 4372 1465 4372 1466 4372 2400 4373 1466 4373 2401 4373 2401 4374 1466 4374 1467 4374 2401 4375 1467 4375 2402 4375 2402 4376 1467 4376 1468 4376 2402 4377 1468 4377 2403 4377 2403 4378 1468 4378 1469 4378 2403 4379 1469 4379 2404 4379 2404 4380 1469 4380 1470 4380 2404 4381 1470 4381 2405 4381 2405 4382 1470 4382 1471 4382 2405 4383 1471 4383 2407 4383 2407 4384 1471 4384 1472 4384 2407 4385 1472 4385 2463 4385 2463 4386 1472 4386 1473 4386 2463 4387 1473 4387 2409 4387 2409 4388 1473 4388 1474 4388 2409 4389 1474 4389 2410 4389 2410 4390 1474 4390 1475 4390 2410 4391 1475 4391 2411 4391 2411 4392 1475 4392 1476 4392 2411 4393 1476 4393 2412 4393 2412 4394 1476 4394 1477 4394 2412 4395 1477 4395 2413 4395 2413 4396 1477 4396 1478 4396 2413 4397 1478 4397 2414 4397 2414 4398 1478 4398 1479 4398 2414 4399 1479 4399 2415 4399 2415 4400 1479 4400 1480 4400 2415 4401 1480 4401 2416 4401 2416 4402 1480 4402 1481 4402 2416 4403 1481 4403 2417 4403 2417 4404 1481 4404 1482 4404 2417 4405 1482 4405 2418 4405 2418 4406 1482 4406 1483 4406 2418 4407 1483 4407 2419 4407 2419 4408 1483 4408 1484 4408 2419 4409 1484 4409 2420 4409 2420 4410 1484 4410 1485 4410 2420 4411 1485 4411 2421 4411 2421 4412 1485 4412 1486 4412 2421 4413 1486 4413 2422 4413 2422 4414 1486 4414 1487 4414 2422 4415 1487 4415 2423 4415 2423 4416 1487 4416 1488 4416 2423 4417 1488 4417 2424 4417 2424 4418 1488 4418 1489 4418 2424 4419 1489 4419 2425 4419 2425 4420 1489 4420 1490 4420 2425 4421 1490 4421 2464 4421 2464 4422 1490 4422 1491 4422 2464 4423 1491 4423 2428 4423 2428 4424 1491 4424 1497 4424 2428 4425 1497 4425 2429 4425 2429 4426 1497 4426 1500 4426 2429 4427 1500 4427 2430 4427 2430 4428 1500 4428 1499 4428 2430 4429 1499 4429 2431 4429 2431 4430 1499 4430 1508 4430 2431 4431 1508 4431 1509 4431 1300 4432 1302 4432 2462 4432 1300 4433 2462 4433 2370 4433 2370 4434 2462 4434 2461 4434 2370 4435 2461 4435 2372 4435 2372 4436 2461 4436 2460 4436 2372 4437 2460 4437 2374 4437 2374 4438 2460 4438 2376 4438 2376 4439 2460 4439 2459 4439 2376 4440 2459 4440 2377 4440 2377 4441 2459 4441 2458 4441 2377 4442 2458 4442 2379 4442 2379 4443 2458 4443 2457 4443 2379 4444 2457 4444 2380 4444 2380 4445 2457 4445 2456 4445 2380 4446 2456 4446 2382 4446 2382 4447 2456 4447 2385 4447 2385 4448 2456 4448 2455 4448 2385 4449 2455 4449 2384 4449 2384 4450 2455 4450 2454 4450 2384 4451 2454 4451 2046 4451 2046 4452 2454 4452 2453 4452 2046 4453 2453 4453 2045 4453 2045 4454 2453 4454 2044 4454 2044 4455 2453 4455 2452 4455 2044 4456 2452 4456 2043 4456 2043 4457 2452 4457 2451 4457 2043 4458 2451 4458 2042 4458 2449 4459 1832 4459 1834 4459 1834 4460 1836 4460 2449 4460 2449 4461 1836 4461 1838 4461 2449 4462 1838 4462 1840 4462 1820 4463 2450 4463 1844 4463 1844 4464 2450 4464 2449 4464 1844 4465 2449 4465 1842 4465 1842 4466 2449 4466 1840 4466 1820 4467 1812 4467 2450 4467 2450 4468 1812 4468 1813 4468 2450 4469 1813 4469 2451 4469 2451 4470 1813 4470 2041 4470 2451 4471 2041 4471 2042 4471 2315 4472 1805 4472 1826 4472 1828 4473 1830 4473 2447 4473 1832 4474 2449 4474 1830 4474 1830 4475 2449 4475 2448 4475 1830 4476 2448 4476 2447 4476 1587 4477 1588 4477 2432 4477 2432 4478 1588 4478 2329 4478 2432 4479 2329 4479 2433 4479 2433 4480 2329 4480 2328 4480 2433 4481 2328 4481 2434 4481 2434 4482 2328 4482 2327 4482 2434 4483 2327 4483 2435 4483 2435 4484 2327 4484 2326 4484 2435 4485 2326 4485 2436 4485 2436 4486 2326 4486 2325 4486 2436 4487 2325 4487 2437 4487 2437 4488 2325 4488 2324 4488 2437 4489 2324 4489 2438 4489 2438 4490 2324 4490 2323 4490 2438 4491 2323 4491 2439 4491 2439 4492 2323 4492 2322 4492 2439 4493 2322 4493 2440 4493 2440 4494 2322 4494 2321 4494 2440 4495 2321 4495 2441 4495 2441 4496 2321 4496 2320 4496 2441 4497 2320 4497 2442 4497 2442 4498 2320 4498 2319 4498 2442 4499 2319 4499 2443 4499 2443 4500 2319 4500 2318 4500 2443 4501 2318 4501 2444 4501 2444 4502 2318 4502 2317 4502 2444 4503 2317 4503 2465 4503 2465 4504 2317 4504 2316 4504 2465 4505 2316 4505 2447 4505 2447 4506 2316 4506 2315 4506 2447 4507 2315 4507 1828 4507 1828 4508 2315 4508 1826 4508 1328 4509 1327 4509 2395 4509 2395 4510 1327 4510 2314 4510 2395 4511 2314 4511 2396 4511 2396 4512 2314 4512 2363 4512 2396 4513 2363 4513 1496 4513 1496 4514 2363 4514 1549 4514 2005 4515 53 4515 1286 4515 1286 4516 53 4516 37 4516 1323 4517 1321 4517 1319 4517 1331 4518 1324 4518 1323 4518 1314 4519 1313 4519 1311 4519 1323 4520 1319 4520 1331 4520 1331 4521 1319 4521 1318 4521 1331 4522 1318 4522 1335 4522 1335 4521 1318 4521 1316 4521 1335 4522 1316 4522 1334 4522 1334 4521 1316 4521 1315 4521 1334 4521 1315 4521 1333 4521 1333 4521 1315 4521 1314 4521 1333 4522 1314 4522 1337 4522 1337 4523 1314 4523 1311 4523 1337 4524 1311 4524 1310 4524 2466 0 1772 0 2467 0 2467 0 1772 0 1774 0 2467 0 1774 0 2468 0 2468 0 1774 0 1776 0 2468 0 1776 0 2469 0 2469 4525 1776 4525 1778 4525 2469 4526 1778 4526 2470 4526 2470 4527 1778 4527 1780 4527 2470 0 1780 0 2471 0 2471 4528 1780 4528 1782 4528 2471 0 1782 0 2472 0 2473 4529 1758 4529 2474 4529 2474 4530 1758 4530 1760 4530 2474 0 1760 0 2475 0 2475 0 1760 0 1762 0 2475 0 1762 0 2476 0 2476 4531 1762 4531 1764 4531 2476 4532 1764 4532 2477 4532 2477 4533 1764 4533 1766 4533 2477 0 1766 0 2478 0 2478 0 1766 0 1768 0 2478 0 1768 0 2466 0 2466 4534 1768 4534 1770 4534 2466 0 1770 0 1772 0 2479 4535 1754 4535 2473 4535 2473 4536 1754 4536 1756 4536 2473 4537 1756 4537 1758 4537 2480 0 1740 0 2481 0 2481 0 1740 0 1742 0 2481 4538 1742 4538 2482 4538 2482 0 1742 0 1744 0 2482 4539 1744 4539 2483 4539 2483 0 1744 0 1746 0 2483 0 1746 0 2484 0 2484 0 1746 0 1748 0 2484 4540 1748 4540 2485 4540 2485 4541 1748 4541 1750 4541 2485 4542 1750 4542 2479 4542 2479 4543 1750 4543 1752 4543 2479 4544 1752 4544 1754 4544 1782 0 1784 0 2472 0 2472 0 1784 0 2486 0 2472 0 2486 0 2487 0 2487 0 2486 0 1728 0 2487 0 1728 0 2488 0 2488 4545 1728 4545 1730 4545 2488 4546 1730 4546 2489 4546 2489 0 1730 0 1732 0 2489 0 1732 0 2490 0 2490 4547 1732 4547 1734 4547 2490 4548 1734 4548 2491 4548 2491 4549 1734 4549 1736 4549 2491 0 1736 0 2480 0 2480 0 1736 0 1738 0 2480 0 1738 0 1740 0 2473 4550 1967 4550 2479 4550 2479 4551 1967 4551 1974 4551 2479 4552 1974 4552 2485 4552 2485 4553 1974 4553 1973 4553 2485 4554 1973 4554 2484 4554 2484 4555 1973 4555 2002 4555 2484 4556 2002 4556 2483 4556 2483 4557 2002 4557 2003 4557 2483 4558 2003 4558 2482 4558 2482 4559 2003 4559 2001 4559 2482 4560 2001 4560 2481 4560 2481 4561 2001 4561 2000 4561 2481 4562 2000 4562 2480 4562 2480 4563 2000 4563 1999 4563 2480 4564 1999 4564 2491 4564 2491 4565 1999 4565 1989 4565 2491 4566 1989 4566 2490 4566 2490 4567 1989 4567 1990 4567 2490 4568 1990 4568 2489 4568 2489 4569 1990 4569 1991 4569 2489 4570 1991 4570 2488 4570 2488 4570 1991 4570 1972 4570 2488 4571 1972 4571 2487 4571 2487 4572 1972 4572 1971 4572 2487 14 1971 14 2472 14 2472 14 1971 14 1969 14 2472 4573 1969 4573 2471 4573 2471 4574 1969 4574 1968 4574 2471 4575 1968 4575 2470 4575 2470 4575 1968 4575 1996 4575 2470 4576 1996 4576 2469 4576 2469 4576 1996 4576 1988 4576 2469 4577 1988 4577 2468 4577 2468 4578 1988 4578 1986 4578 2468 4579 1986 4579 2467 4579 2467 4580 1986 4580 1984 4580 2467 4581 1984 4581 2466 4581 2466 4582 1984 4582 1983 4582 2466 4583 1983 4583 2478 4583 2478 4584 1983 4584 1960 4584 2478 4585 1960 4585 2477 4585 2477 4586 1960 4586 1959 4586 2477 4587 1959 4587 2476 4587 2476 4588 1959 4588 1963 4588 2476 4589 1963 4589 2475 4589 2475 4590 1963 4590 1962 4590 2475 4591 1962 4591 2474 4591 2474 4592 1962 4592 1961 4592 2474 4593 1961 4593 2473 4593 2473 4594 1961 4594 1967 4594 2492 2 2493 2 2494 2 2494 2 2493 2 2495 2 2494 2 2495 2 2496 2 2497 2 2498 2 2494 2 2494 2 2498 2 2499 2 2494 2 2499 2 2492 2 2500 2 2501 2 2494 2 2494 2 2501 2 2502 2 2494 2 2502 2 2497 2 2496 2 2503 2 2494 2 2494 2 2503 2 2504 2 2494 2 2504 2 2500 2 2505 4595 2506 4595 2507 4595 2508 4596 2506 4596 2505 4596 2505 4597 2509 4597 2510 4597 2511 4598 2509 4598 2505 4598 2507 4599 2511 4599 2505 4599 2505 4600 2512 4600 2513 4600 2514 4601 2512 4601 2505 4601 2510 4602 2514 4602 2505 4602 2505 4603 2515 4603 2516 4603 2517 4604 2515 4604 2505 4604 2513 4605 2517 4605 2505 4605 2516 4606 2508 4606 2505 4606 2508 4607 2495 4607 2506 4607 2506 4608 2495 4608 2493 4608 2506 4609 2493 4609 2507 4609 2507 4610 2493 4610 2492 4610 2507 4611 2492 4611 2511 4611 2511 4612 2492 4612 2499 4612 2511 4613 2499 4613 2509 4613 2509 4614 2499 4614 2498 4614 2509 4615 2498 4615 2510 4615 2510 4616 2498 4616 2497 4616 2510 4617 2497 4617 2514 4617 2514 4618 2497 4618 2502 4618 2514 4619 2502 4619 2512 4619 2512 4620 2502 4620 2501 4620 2512 4621 2501 4621 2513 4621 2513 4622 2501 4622 2500 4622 2513 4623 2500 4623 2517 4623 2517 4624 2500 4624 2504 4624 2517 4625 2504 4625 2515 4625 2515 4626 2504 4626 2503 4626 2515 4627 2503 4627 2516 4627 2516 4628 2503 4628 2496 4628 2516 4629 2496 4629 2508 4629 2508 4630 2496 4630 2495 4630</p>
        </triangles>
      </mesh>
    </geometry>
    <geometry id="MRH-F-Prox-Visual_00-Lid-mesh" name="MRH-F-Prox-Visual,00-Lid">
      <mesh>
        <source id="MRH-F-Prox-Visual_00-Lid-mesh-positions">
          <float_array id="MRH-F-Prox-Visual_00-Lid-mesh-positions-array" count="1260">-0.01449996 0.01309144 0.04209995 -0.01449996 0.01409995 0.03932905 -0.009499967 0.01309144 0.04209995 -0.009499967 0.01409995 0.03932905 0.00514996 0.01355355 0.04391419 0.00514996 0.01577347 0.04613405 -0.005999982 0.01355355 0.04391419 -0.005999982 0.01577347 0.04613405 0.009499967 0.01699995 0.01725 0.009499967 0.01699995 0.03106898 -0.009499967 0.01699995 0.01725 -0.009499967 0.01699995 0.03106898 -0.005999982 0.0143941 0.04799997 -0.005999982 0.01385641 0.04799997 -0.005999982 0.01353871 0.04643601 -0.005999982 0.01304519 0.04491835 -0.005999982 0.01313138 0.04329216 -0.005999982 0.01238209 0.04346668 -0.005999982 0.01296865 0.04255813 -0.005999982 0.01155811 0.04209995 -0.005999982 0.01300817 0.04209995 -0.005999982 0.01479017 0.0479182 -0.005999982 0.01512145 0.04768621 -0.005999982 0.01533377 0.047342 -0.009499967 0.01409995 0.03903669 -0.009499967 0.0130884 0.04181593 0.00514996 0.0130884 0.04181593 0.00514996 0.0130214 0.04199999 0.009499967 0.0130214 0.04199999 0.009499967 0.01906609 0.009750425 0.009499967 0.01918613 0.009773075 0.009499967 0.01894956 0.00978738 0.009499967 0.01928108 0.009849965 0.009499967 0.01888114 0.009849965 -0.009499967 0.01300817 0.04209995 0.00514996 0.01296865 0.04255813 0.00514996 0.01313138 0.04329216 0.009499967 0.01103132 0.04137974 0.009499967 0.01148909 0.04199999 0.009499967 0.01893734 0.01020449 0.009499967 0.01885759 0.01011198 0.009499967 0.01514571 0.01178371 0.009499967 0.01782441 0.01563191 0.009499967 0.01838195 0.01534783 0.009499967 0.01409995 0.03634995 0.009499967 0.009820878 0.04002249 0.009499967 0.0115 0.03634995 0.009499967 0.01076751 0.03646451 0.009499967 0.01544064 0.01101738 0.009499967 0.01597666 0.01039534 0.009499967 0.01669096 0.009990453 0.009499967 0.01883119 0.009992659 0.009499967 0.01749998 0.009849965 0.009499967 0.01886451 0.009875118 0.009499967 0.01010489 0.0367971 0.009499967 0.009575426 0.03731602 0.009499967 0.008444666 0.03883361 0.009499967 0.01409995 0.01725 0.009499967 0.01413619 0.01688081 0.009499967 0.01709789 0.01663196 0.009499967 0.01738196 0.01607441 0.009499967 0.01954472 0.01368838 0.009499967 0.01899999 0.01424998 0.009499967 0.01899999 0.01524996 0.009499967 0.01949924 0.01074898 0.009499967 0.01986527 0.01144051 0.009499967 0.01999968 0.01221132 0.009499967 0.01988923 0.01298588 0.01449996 0.01303392 0.0448895 0.01449996 0.01699995 0.03399282 0.01447296 0.0132485 0.04547488 0.01439774 0.01772958 0.03425836 0.01439774 0.01343417 0.04606002 0.0143696 0.01348024 0.04622071 0.01409804 0.01840949 0.03450584 0.01414728 0.01370906 0.04716086 0.01300048 0.01492244 0.04729616 0.0131933 0.01479834 0.04728227 0.01362127 0.01899337 0.03471833 0.01362192 0.01443451 0.04724174 0.01385259 0.01416945 0.04721218 0.01299995 0.01944136 0.03488141 0.01227641 0.01972299 0.03498393 0.01238572 0.01519703 0.04732674 0.0115 0.01981908 0.03501886 0.0115 0.01533377 0.047342 0.00514996 0.01148909 0.04199999 0.00514996 0.01205569 0.04288244 0.00514996 0.01287657 0.04450517 0.00514996 0.01348024 0.04622071 0.00514996 0.01533377 0.047342 0.00514996 0.01385641 0.04799997 0.00514996 0.0143941 0.04799997 0.00514996 0.01479017 0.0479182 0.00514996 0.01512145 0.04768621 0.01449996 0.008444666 0.03883361 0.01449996 0.009575426 0.03731602 0.01049995 0.02099996 0.03124535 -0.01049995 0.02099996 0.03124535 0.01049995 0.0209949 0.03141975 -0.01049995 0.0209949 0.03141975 0.01049995 0.0209797 0.03159362 -0.01049995 0.0209797 0.03159362 0.01049995 0.02095437 0.03176629 -0.01049995 0.02095437 0.03176629 0.01049995 0.02091908 0.03193718 -0.01049995 0.02091908 0.03193718 0.01049995 0.02087396 0.03210574 -0.01049995 0.02087396 0.03210574 0.01049995 0.02081906 0.03227138 -0.01049995 0.02081906 0.03227138 -0.01049995 0.02099996 0.01534998 -0.01058518 0.02099907 0.03124594 -0.01153522 0.02086365 0.01534998 -0.01108598 0.02095681 0.03127497 -0.01153641 0.02086335 0.03133916 -0.01173132 0.02080571 0.03137874 -0.01249998 0.02046406 0.01534998 -0.01250392 0.02046179 0.03161495 -0.01332837 0.01982837 0.01534998 -0.01332944 0.01982736 0.03205072 -0.01328444 0.01987171 0.03202027 -0.0143637 0.01803505 0.0332818 -0.01435279 0.01807516 0.03325432 -0.0143637 0.01803523 0.01534998 -0.01417285 0.01858431 0.03290456 -0.01396405 0.01899999 0.01534998 -0.01396435 0.01899945 0.03261941 -0.01392984 0.0190581 0.03257912 -0.01446294 0.01754283 0.03361994 -0.01449996 0.01699995 0.01534998 -0.01449996 0.01699995 0.03399282 -0.01439774 0.01343417 0.04606002 -0.01432722 0.01353871 0.04643601 -0.01414728 0.01370906 0.04716086 -0.01348805 0.01378911 0.04757928 -0.01282882 0.01385641 0.04799997 -0.01388782 0.01379299 0.04760158 -0.01391416 0.0137881 0.04757368 -0.01372164 0.01381683 0.04774302 -0.01402455 0.01376211 0.04743021 -0.014131 0.01371961 0.0472123 -0.01313966 0.01385271 0.04797494 -0.01332885 0.01384627 0.04793113 -0.01342111 0.01384162 0.04790025 -0.01358574 0.01383024 0.0478264 -0.01449996 0.01155811 0.04209995 -0.01449996 0.01238209 0.04346668 -0.01449996 0.01303392 0.0448895 -0.01447159 0.01325345 0.04548943 -0.01449996 0.01599997 0.01534998 -0.01449996 0.01527285 0.01549458 -0.01449996 0.01465648 0.01590645 -0.01449996 0.01409995 0.01725 -0.01449996 0.01424461 0.01652288 -0.0115 0.01533377 0.047342 -0.0115 0.01981908 0.03501886 -0.01141816 0.02021515 0.03393065 -0.01146316 0.02008783 0.03428035 -0.0114907 0.0199548 0.03464597 0.01149898 0.01986384 0.03489577 0.01145315 0.02012145 0.03418803 0.01135081 0.02034455 0.03357511 -0.01100093 0.02068454 0.03264105 -0.01119607 0.02053701 0.03304636 -0.01135742 0.02033358 0.03360521 -0.01052129 0.02081882 0.03227204 0.01121491 0.02051824 0.0330978 0.01107013 0.02064061 0.03276175 0.01093357 0.02072018 0.03254312 0.01081156 0.02076929 0.03240817 0.01070261 0.02079832 0.03232836 0.01060098 0.02081394 0.03228545 -0.01064646 0.02080827 0.032301 -0.01080781 0.02077049 0.03240478 -0.01201111 0.01528894 0.04733699 -0.01227641 0.01972299 0.03498393 -0.01227694 0.0152291 0.04733031 -0.01299995 0.01944136 0.03488141 -0.01287037 0.01499497 0.04730421 -0.01362127 0.01899337 0.03471833 -0.01361048 0.01444619 0.04724305 -0.01409804 0.01840949 0.03450584 -0.01439774 0.01772958 0.03425836 0.01473796 0.01674956 0.009970307 0.01459902 0.01686429 0.01042693 0.01476478 0.01669079 0.009990513 0.01485216 0.01645541 0.0101639 0.01489973 0.01641112 0.01011121 0.0150538 0.01609706 0.01030272 0.01471018 0.01681196 0.009950697 0.01457464 0.0171566 0.009874641 0.0144872 0.01731938 0.01071125 0.01447612 0.01749998 0.009849965 0.01444643 0.01765233 0.009849965 0.01510763 0.01597768 0.01039457 0.01482135 0.01609832 0.01084876 0.01515376 0.01586192 0.0104959 0.0151906 0.01574629 0.01061153 0.01458197 0.01652985 0.01113957 0.01449996 0.01699995 0.01145642 0.01049995 0.02093964 0.01221233 0.005249977 0.02093964 0.01221233 0.01049995 0.02098476 0.01238071 0.005249977 0.02099996 0.01255434 0.01049995 0.02099996 0.01255434 0.005249977 0.02007985 0.009849965 0.01260226 0.02007985 0.009849965 0.01098048 0.02090096 0.01210594 0.0114454 0.02078682 0.01179236 0.01054531 0.02093935 0.01221138 0.01191067 0.02058726 0.01124417 0.01234763 0.02030318 0.01046353 0.01314282 0.01993918 0.009849965 0.01305395 0.01998281 0.009849965 0.01267778 0.02028942 0.01062226 0.01290196 0.02003765 0.009849965 0.01275658 0.02006864 0.009849965 0.01333415 0.01982265 0.01012831 0.01346254 0.01968753 0.009849965 0.01326143 0.01986539 0.009849965 0.01296353 0.02015131 0.01080554 0.010553 0.02098441 0.01237976 0.01114064 0.02094835 0.01244795 0.01056045 0.02099949 0.01255339 0.01154416 0.02086126 0.01226854 0.0116074 0.02081811 0.01195853 0.01106202 0.02094256 0.01227372 0.01250743 0.02045977 0.01144117 0.01215654 0.02060025 0.01140737 0.01238095 0.0205301 0.01158618 0.01176053 0.02079617 0.01213437 0.01223438 0.02060437 0.03151702 0.01250195 0.02046293 0.03161418 0.01090395 0.02097952 0.03125935 0.01153594 0.02086347 0.03133904 0.01131057 0.02091699 0.03130233 0.01174634 0.02080082 0.03138208 0.01396405 0.01899999 0.009849965 0.01278066 0.02028608 0.03173565 0.0133289 0.0198279 0.03205043 0.01335966 0.01979678 0.03207176 0.0143637 0.01803523 0.009849965 0.014364 0.01803404 0.03328257 0.01449596 0.01717919 0.03386974 0.0139032 0.01910185 0.03254908 0.01396495 0.01899844 0.03262013 0.01431268 0.01820951 0.03316199 0.01498889 0.01514571 0.01178371 0.01493227 0.01528149 0.01171952 0.01469618 0.01558148 0.01194959 0.01512932 0.01525682 0.01139664 0.01521384 0.01544064 0.01101738 0.0152201 0.01558309 0.01080584 0.01454961 0.01513874 0.01315689 0.01462978 0.01489949 0.01302677 0.01478248 0.01502561 0.01239007 0.01453077 0.01476335 0.01371407 0.01449996 0.01547306 0.01344746 0.01449996 0.01463681 0.01435315 0.01454961 0.01591551 0.01220577 0.01449996 0.016267 0.01247531 0.01449996 0.01409995 0.03634995 0.01449996 0.0115 0.03634995 0.01449996 0.009820878 0.04002249 0.01449996 0.01103132 0.04137974 0.01449996 0.01287657 0.04450517 0.01449996 0.01205569 0.04288244 0.01449996 0.01413619 0.01688081 0.01449996 0.01409995 0.01725 0.01449996 0.01010489 0.0367971 0.01449996 0.01076751 0.03646451 0.0143674 0.01788455 0.03412854 0.01405364 0.01853567 0.03437066 0.01357489 0.01909059 0.03458046 0.01296216 0.01951336 0.03474432 0.01225501 0.01977682 0.03485178 0.01361054 0.01948785 0.03275537 0.01406782 0.01875561 0.03338903 0.01307284 0.02004665 0.03226482 0.01253139 0.02043503 0.03192061 0.01203542 0.02068561 0.03169709 0.01159936 0.02083945 0.03155928 0.01121348 0.02093017 0.03147792 0.01085519 0.02097898 0.03143411 0.01370388 0.01923555 0.03360575 0.0132482 0.01981341 0.03295528 0.01274847 0.02024912 0.03245395 0.01226294 0.02054953 0.03210306 0.01182687 0.02074247 0.03187561 0.0114476 0.02086061 0.03173547 0.01111406 0.02093017 0.03165268 0.01080548 0.02096748 0.03160816 0.01323747 0.01962751 0.03380227 0.01282751 0.02006846 0.03314268 0.01239305 0.02039998 0.03263539 0.01197874 0.02062815 0.03228074 0.01161044 0.02077454 0.03205096 0.01129198 0.02086412 0.03190946 0.01101285 0.02091687 0.0318259 0.010755 0.02094513 0.03178095 0.01268982 0.01991355 0.03396958 0.01236128 0.02024519 0.03331184 0.01201385 0.02049624 0.03280544 0.01168262 0.02066981 0.03245121 0.01138812 0.02078151 0.03222161 0.01113349 0.02085 0.03208023 0.01091021 0.02089035 0.03199678 0.01070398 0.02091205 0.03195184 0.01208591 0.02008074 0.03410017 0.01186394 0.02033817 0.03345745 0.01161843 0.02053594 0.03296059 0.0113784 0.02067399 0.0326122 0.01116186 0.02076333 0.03238618 0.01097303 0.02081835 0.03224682 0.01080667 0.02085077 0.03216451 0.0106526 0.02086824 0.03212022 -0.01057487 0.02099418 0.0314204 -0.01056438 0.02097916 0.03159427 -0.01055371 0.02095401 0.03176695 -0.01054298 0.02091878 0.03193783 -0.01053214 0.02087366 0.03210639 -0.01101541 0.02096128 0.03144997 -0.01158601 0.02084332 0.03155589 -0.01227885 0.02057355 0.03179717 -0.01300114 0.02010643 0.03221201 -0.01363819 0.01945233 0.0327863 -0.01390135 0.01906532 0.0331223 -0.01428639 0.01819562 0.03386628 -0.01411956 0.01864373 0.03348493 -0.01094341 0.02095395 0.03162431 -0.01143604 0.02086353 0.03173196 -0.01204007 0.02065628 0.03197741 -0.01268339 0.02029544 0.03240013 -0.01327472 0.01978558 0.03298699 -0.01353257 0.019481 0.03333151 -0.01375913 0.0191465 0.03370451 -0.01394891 0.01878738 0.0340985 -0.01087021 0.02093487 0.03179728 -0.01128232 0.02086639 0.03190594 -0.01179015 0.02070915 0.03215378 -0.0123372 0.02043515 0.03258097 -0.01285088 0.02004724 0.03317481 -0.01308101 0.01981502 0.03352397 -0.01328885 0.01955932 0.03390258 -0.01346999 0.01928412 0.03430318 -0.01079612 0.02090418 0.03196817 -0.01112574 0.02085173 0.03207671 -0.01153182 0.02073162 0.03232437 -0.01196914 0.02052295 0.03275108 -0.01237994 0.02022922 0.03334385 -0.0125643 0.02005428 0.03369218 -0.01273113 0.01986253 0.03406959 -0.0128771 0.01965713 0.03446853 -0.01072144 0.02086192 0.03213632 -0.01096725 0.02081972 0.03224337 -0.01126784 0.02072334 0.03248739 -0.01158636 0.0205571 0.03290718 -0.01187688 0.02032566 0.03348886 -0.0120027 0.0201894 0.03382951 -0.01211267 0.02004158 0.03419756 -0.01220446 0.01988506 0.03458499 -0.009499967 0.01409995 0.01725 0.005249977 0.01928108 0.009849965 0.005249977 0.01838195 0.01534783 0.005249977 0.01899999 0.01524996 -0.009499967 0.01782441 0.01563191 -0.009499967 0.01837545 0.01534998 0.005249977 0.01837545 0.01534998 -0.009499967 0.01738196 0.01607441 -0.009499967 0.01709789 0.01663196 0.005249977 0.02099996 0.01534998 -0.009499967 0.01599997 0.01534998 -0.009499967 0.01527285 0.01549458 -0.009499967 0.01424461 0.01652288 -0.009499967 0.01465648 0.01590645 0.01282882 0.01385641 0.04799997 0.01405239 0.01375347 0.0473845 0.01399296 0.01377069 0.04747658 0.01388734 0.01379311 0.04760205 0.01382011 0.01380401 0.04766571 0.01374393 0.01381421 0.04772692 0.013507 0.0138362 0.04786497 0.01340579 0.01384246 0.04790586 0.01310753 0.01385349 0.04798001 0.01262885 0.01402264 0.04799997 0.0120905 0.01429921 0.04799997 0.0115 0.0143941 0.04799997 -0.0115 0.0143941 0.04799997 -0.01184076 0.01436299 0.04799997 -0.01241356 0.01415908 0.04799997 0.0115 0.01479017 0.0479182 0.0115 0.01512145 0.04768621 0.01232004 0.01499718 0.04767835 0.01307332 0.01463353 0.04765516 0.01369935 0.01405549 0.04761797 0.01341915 0.01384717 0.04789942 0.01287317 0.0143584 0.04790967 0.01221579 0.01468014 0.04791605 -0.0115 0.01479017 0.0479182 -0.0115 0.01512145 0.04768621 -0.0134676 0.01431053 0.04763442 -0.01277101 0.01481318 0.0476666 -0.01321703 0.01407271 0.04790395 -0.01260936 0.01451736 0.04791283 -0.0119127 0.01475411 0.04791748 -0.01197278 0.01508074 0.04768365 0.005249977 0.01918613 0.009773075 0.005249977 0.01906609 0.009750425 0.005249977 0.01894956 0.00978738 0.005249977 0.01886451 0.009875118 0.005249977 0.01883119 0.009992659 0.005249977 0.01885759 0.01011198 0.005249977 0.01893734 0.01020449 0.005249977 0.01949924 0.01074898 0.005249977 0.01986527 0.01144051 0.005249977 0.01999968 0.01221132 0.005249977 0.01988923 0.01298588 0.005249977 0.01954472 0.01368838 0.005249977 0.01899999 0.01424998</float_array>
          <technique_common>
            <accessor source="#MRH-F-Prox-Visual_00-Lid-mesh-positions-array" count="420" stride="3">
              <param name="X" type="float"/>
              <param name="Y" type="float"/>
              <param name="Z" type="float"/>
            </accessor>
          </technique_common>
        </source>
        <source id="MRH-F-Prox-Visual_00-Lid-mesh-normals">
          <float_array id="MRH-F-Prox-Visual_00-Lid-mesh-normals-array" count="2148">0 -0.9396926 -0.3420203 0 -0.9396927 -0.3420199 0 -0.7071064 0.7071072 0 -0.7071068 0.7071068 0 -1 0 1 0 0 1 2.45733e-6 0 0 -0.9396927 -0.3420202 0 -0.9396929 -0.3420194 0 -0.9396926 -0.3420205 -3.41613e-5 -0.9396917 -0.3420228 1 4.01697e-6 0 1 -5.81869e-6 0 0 -0.9623687 -0.2717474 0 -0.9623674 -0.2717517 0.00497502 -0.9962803 -0.08602875 0 -0.9872297 -0.159304 0 -0.9762964 0.2164379 0 -0.8274063 0.5616038 -1 0 0 -1 1.56459e-7 0 -1 -7.28244e-7 0 -1 2.35823e-7 0 -1 2.33152e-6 0 -1 -5.29872e-7 0 -1 -7.37722e-7 0 -1 -6.29857e-7 0 -1 1.28764e-6 0 -1 2.95684e-7 0 -1 -4.9401e-7 0 -1 4.80638e-6 0 0.9977443 0.06308257 0.02296018 0.9914426 0.1233815 0.04264599 0.9804464 0.1849187 0.06730592 0.9613792 0.2586279 0.09413707 0.9238779 0.3599209 0.1300259 0.9233815 0.3610208 0.1305015 0.5332758 0.7967709 0.2842063 0.6386346 0.7231014 0.2631925 0.7933547 0.57205 0.2081998 0.7475154 0.6256199 0.223205 0.8366386 0.5145334 0.1878601 0.6087626 0.7455093 0.2713375 0.3826861 0.86816 0.3159899 0.4003197 0.8614977 0.3123553 0.1305246 0.9312104 0.3403094 0.1492992 0.9291611 0.3381859 -1 4.10792e-6 0 -1 -4.56308e-7 0 -1 -2.33357e-6 0 -1 7.87454e-7 0 -1 -5.19047e-7 0 0 -0.8018833 -0.5974807 0 -0.8018828 -0.5974814 0 0 -1 0 0.9995766 0.02909839 0 0.9995775 0.02906662 0 0.9961964 0.08713662 0 0.9961937 0.08716815 0 0.989443 0.1449227 0 0.9894385 0.1449538 0 0.9793454 0.2021948 0 0.9793391 0.2022253 0 0.9659253 0.2588208 0 0.949243 0.3145437 0 0.9492383 0.314558 -0.01064568 0.9999434 0 -0.1305263 0.9914447 -6.4283e-4 -0.08426487 0.9964375 -0.00345081 -0.2031394 0.9791499 4.35397e-6 -0.283567 0.9589525 -1.95903e-6 -0.3826825 0.9238791 -0.001341044 -0.4066804 0.9135706 2.97148e-5 -0.6087604 0.7933542 1.14736e-5 -0.7044687 0.7096908 -0.00793153 -0.6030869 0.7976756 -3.4293e-5 -0.9645725 0.263818 0 -0.9428936 0.3330942 -1.67615e-4 -0.9238781 0.3826822 -0.00192523 -0.8936673 0.4487302 -1.9271e-6 -0.7933539 0.6087608 4.23656e-6 -0.8640736 0.5033073 -0.007662355 -0.7883058 0.6152837 -1.07153e-5 -0.9802744 0.1976414 -6.81833e-7 -0.9914432 0.1305257 -0.001869976 -0.9976842 0.06801694 0 -0.007978975 -0.9629946 0.2694028 0 -0.9509727 0.3092749 0 -0.9734825 0.228762 -0.003347814 -0.9812022 0.1929537 0 -0.9799922 0.1990363 1.07206e-5 -0.9850594 0.172215 -3.16335e-4 -0.9860206 0.1666231 -7.02481e-5 -0.9839392 0.1785041 -0.00436294 -0.9811152 0.1933756 -0.01077061 -0.9788548 0.2042725 -0.007175147 -0.9856158 0.1688495 -0.001331746 -0.9871262 0.1599377 -0.003731846 -0.9867867 0.1619818 -0.004641532 -0.9867138 0.1624016 -0.004480421 -0.9867208 0.1623643 -0.002965331 -0.9866294 0.1629533 0 -0.8563993 0.5163143 0 -0.8563993 0.5163141 0 -0.9091368 0.416498 -2.03284e-4 -0.9095963 0.4154931 7.87299e-5 -0.9390819 0.3436937 -0.003063857 -0.95323 0.3022305 -1 -1.91456e-6 0 -1 -1.55963e-6 0 -1 -3.28726e-6 0 0 0.9396926 0.3420203 -1.54369e-6 0.9396932 0.3420187 0 0.9396946 0.3420149 -8.09071e-6 0.9396885 0.3420317 5.55544e-6 0.9396939 0.3420169 0 0.9396976 0.3420065 2.21282e-7 0.9396913 0.342024 -1.28914e-7 0.9396935 0.3420178 5.86905e-6 0.9396942 0.3420162 2.21519e-6 0.9396912 0.3420243 -9.55389e-6 0.9396942 0.3420159 0 0.9396926 0.3420205 0 0.9396927 0.34202 0 0.9396927 0.3420202 0 0.9396928 0.34202 7.56364e-5 0.9396985 0.3420041 -3.33437e-7 0.9396921 0.3420215 -2.3811e-7 0.9396923 0.3420212 0 0.9396945 0.3420152 -7.40691e-6 0.9397002 0.3419994 0 0.9396792 0.3420569 2.14613e-5 0.9396819 0.3420498 -3.67118e-5 0.9398041 0.3417136 -2.9301e-5 0.9396914 0.3420236 7.95147e-6 0.9396926 0.3420203 -3.38467e-6 0.939693 0.3420192 -0.08550345 0.9362514 0.3407678 -0.1305256 0.9322574 0.3374302 -0.2148876 0.9177402 0.3340303 -0.3826857 0.8681632 0.3159815 -0.3600399 0.8771716 0.3177127 -0.608759 0.7449156 0.2729711 -0.5870226 0.7608084 0.2767222 -0.7933529 0.5719972 0.2083516 -0.8019035 0.5610792 0.2052826 -0.9914453 0.1226512 0.04464215 -0.9972993 0.07024884 0.02143543 -0.9801267 0.1864085 0.06784999 -0.9238796 0.3596049 0.130885 -0.9527984 0.2870479 0.09888792 -0.9145714 0.3802661 0.1376842 0.8779338 0.4536272 0.1531491 0.8818733 0.4440678 0.1584399 0.8051761 0.5152245 0.2936588 0.7958919 0.547735 0.2579583 0.8830953 0.4419199 0.1576382 0.9041542 0.3927981 0.1679728 0.9776079 0.2007544 0.0630927 0.959345 0.2784512 0.04606783 0.9811289 0.1913853 0.02752983 0.7504272 0.5787382 0.3192511 0.7537194 0.5689833 0.3288847 0.7488185 0.5818266 0.3174093 0.765132 0.5561752 0.3244108 0.9084562 0.3524802 0.2246443 0.8861649 0.4109911 0.2140051 0.9896929 0.1191081 0.07950693 0.977889 0.1977595 0.06800442 0 0.9659318 -0.2587967 -0.002893745 0.9848031 -0.1736508 0 0.9961948 -0.08715516 0 0.9396927 -0.3420201 0 0.9396927 -0.34202 0 0.9396895 -0.3420287 -1.43196e-6 0.9396903 -0.3420268 0 0.9396926 -0.3420203 3.15049e-6 0.9396955 -0.3420122 -3.10372e-6 0.9396908 -0.3420253 0.4367097 0.8886347 -0.1400467 0.3319619 0.9209861 -0.2039266 0.20208 0.9469006 -0.2500862 0.6613673 0.7478304 -0.05782026 0.6195564 0.7838616 -0.04136222 0.002201735 0.9659305 -0.2587928 0.07136774 0.9934262 -0.08950459 0.005482852 0.9961991 -0.08693355 0.006162703 0.9961765 -0.08714652 0.1659172 0.9807735 -0.1027374 0.162698 0.9809818 -0.1058495 0.06852602 0.9956054 -0.06382852 0.5259181 0.8458561 -0.08909356 0.4851117 0.8685082 -0.101785 0.4763458 0.8753339 -0.08297801 0.3786813 0.9186885 -0.1123034 0.3787956 0.9182845 -0.1151848 0.3298577 0.9430012 -0.04407662 0.288847 0.9480652 -0.1331906 0.2377241 0.9674967 -0.08624005 0.001940131 0.9659453 -0.2587394 0.02526795 0.9653745 -0.2596414 0.02430957 0.9674642 -0.2518375 0.0636385 0.9609476 -0.2693139 0.06902736 0.9659734 -0.2492603 0.100277 0.9554085 -0.2777398 0.1160567 0.9609416 -0.2512416 0.1383203 0.94885 -0.2838153 0.1626055 0.9529498 -0.2558246 0.1626143 0.9529439 -0.2558411 0.06859439 0.946291 -0.3159561 0.4681529 0.8836434 -0.002702653 0.00754857 0.9999715 0 0.05056172 0.998721 1.3903e-4 0.2108742 0.9775132 -2.24174e-5 0.08834761 0.9960863 0.00262475 0.2316856 0.972778 -0.00498718 0.1522027 0.9883478 -0.001739025 0.2882214 0.9575638 1.3299e-5 0.2854049 0.9584071 -2.30288e-5 0.3733967 0.9276718 4.97444e-5 0.5602304 0.8283368 2.19035e-5 0.4861333 0.8738846 -5.4509e-6 0.3946173 0.9188454 6.98437e-4 0.8049006 0.5870864 0.08639854 0.536024 0.8442025 -7.5255e-4 0.6410431 0.7675047 6.58998e-4 0.6634709 0.7482022 -2.05644e-5 0.7110648 0.7031266 1.54114e-6 0.7939395 0.6079967 -2.06878e-4 0.9768304 0.2110765 0.03534597 0.9854393 0.1700276 -5.01106e-6 0.9987896 0.04903197 0.003898799 0.9884026 0.1518532 -0.001036942 0.9997492 0.02239698 0 0.7878889 0.6158171 -6.51714e-4 0.8586232 0.5126075 1.24341e-6 0.9238799 0.3826825 -1.02896e-5 0.9153009 0.4027695 -0.001009941 0.9598459 0.2805281 1.16742e-6 0.844976 0.4713895 0.2526016 0.7254902 0.5418299 0.4243635 0.7442125 0.5436819 0.3880178 0.754358 0.554598 0.3512338 0.9489511 0.1752085 0.2622858 0.957942 0.2219323 0.181916 0.9936701 0.07467311 0.08392804 0.9959319 0.06620383 0.06112861 0.8310626 0.4189131 0.3658508 0.9438123 0.282463 0.1715611 0.9263615 0.2917068 0.2382468 0.9937667 0.0863431 0.07051819 0.9937666 0.08634334 0.07051825 0.7507001 0.5107237 0.4190593 0.737945 0.5365748 0.4092979 0.8478589 0.4363218 0.301262 0.9081076 0.3297501 0.2580807 0.9442574 0.2720299 0.1854122 0.989566 0.1097921 0.0933001 0.9937669 0.09049415 0.06510233 1 -1.30794e-6 0 1 3.27072e-6 0 1 8.3012e-6 0 1 8.38249e-7 0 1 -7.45235e-7 0 1 -2.19113e-6 0 1 4.92702e-6 0 1 1.33576e-6 0 1 -5.46183e-7 0 0.9221678 0.3381193 0.1878346 0.7922947 0.5536589 0.2563806 0.6082429 0.7305114 0.3104734 0.3824962 0.8571525 0.3449438 0.1305062 0.9254333 0.3557265 0.8165193 0.5249481 0.2402622 0.8857837 0.4478423 -0.1217562 0.9237895 0.3598496 0.1308479 0.9265078 0.3711525 0.06187981 0.9851009 0.1699851 0.02610373 0.9829957 0.1832868 -0.01119852 0.9889788 0.09824711 0.1107628 0.8191393 0.5633034 0.1081674 0.7927166 0.6093932 -0.01550287 0.6838833 0.7255249 0.07692468 0.6831115 0.726518 0.07436615 0.6116423 0.7877278 -0.07334035 0.5843837 0.7985096 0.1444926 0.527283 0.849271 0.02667242 0.4361582 0.8989827 0.03995496 0.4414314 0.8932674 0.08492118 0.374462 0.9272319 -0.004410147 0.3164699 0.9469462 0.05603277 0.2808501 0.9594578 0.02375268 0.2200459 0.9745451 0.04291546 0.2229068 0.9735556 0.05002117 0.1510667 0.9884809 0.009185433 0.1300265 0.9907242 0.03948128 0.04996538 0.9986037 0.01715207 0.04363489 0.9986251 0.02905207 0.9093989 0.4078154 0.081734 0.910509 0.4004794 0.1029069 0.81811 0.5585094 0.1369794 0.8116754 0.5782629 0.08243215 0.7015925 0.7004753 0.1307765 0.6877014 0.7226616 0.06947803 0.5770426 0.8069259 0.1260659 0.5547024 0.8296251 0.06346321 0.4578145 0.8808106 0.120742 0.4273733 0.9018979 0.06270855 0.3513607 0.929216 0.1144698 0.313802 0.9472726 0.06482976 0.2590942 0.9597908 0.1080371 0.2146921 0.9743115 0.06800419 0.1787289 0.9786103 0.1018718 0.1258924 0.9894403 0.07182526 0.1059808 0.9897727 0.09548902 0.04156672 0.9961227 0.07753527 0.03561091 0.9955641 0.08708596 0.7768713 0.607174 0.1667661 0.7778208 0.598457 0.1919476 0.6778518 0.7088293 0.195136 0.6745153 0.7192581 0.1664245 0.5680613 0.8023142 0.1832991 0.5604065 0.8146405 0.1493499 0.459297 0.870741 0.1756601 0.4463371 0.8839582 0.1392886 0.3599315 0.917394 0.1698166 0.3413842 0.9302561 0.1344628 0.2738633 0.9475668 0.1646693 0.2497559 0.959162 0.1327791 0.2008022 0.9664697 0.1600461 0.1705885 0.9763507 0.1328114 0.1380612 0.9780948 0.1557877 0.09994727 0.9859122 0.134119 0.08176684 0.9851104 0.1512349 0.03297078 0.9899399 0.1375939 0.02751159 0.9890643 0.1448968 0.5940051 0.767915 0.239718 0.59467 0.7588005 0.2656868 0.5070136 0.8254458 0.2481461 0.5060176 0.8286186 0.239453 0.4177163 0.8779298 0.2339929 0.4148846 0.8825269 0.2213981 0.3333089 0.9155477 0.2251172 0.3278294 0.9211639 0.2097257 0.2585674 0.9407738 0.2192893 0.2498623 0.9468324 0.2026754 0.1952196 0.9568673 0.2151611 0.182682 0.9629115 0.1985667 0.1423296 0.9668347 0.2120682 0.1248864 0.9725517 0.1963336 0.09747743 0.9729514 0.2094371 0.07324677 0.9779376 0.1956354 0.05766057 0.9767341 0.206557 0.02417147 0.9800689 0.1971822 0.01943778 0.9791579 0.2021687 0.3726164 0.8790027 0.2975087 0.3729974 0.871293 0.3189379 0.31358 0.9027302 0.2945268 0.3139433 0.9015509 0.2977344 0.2554954 0.9247221 0.2821549 0.2556467 0.9244738 0.2828303 0.2020652 0.9401707 0.2743151 0.201479 0.9407763 0.2726653 0.1556101 0.9503734 0.2693992 0.1537376 0.9516788 0.2658426 0.1167742 0.9567824 0.2663295 0.1128627 0.9586783 0.2611477 0.08469742 0.9607053 0.264333 0.07757067 0.9630475 0.2579197 0.05779844 0.9630911 0.2628973 0.04571336 0.9655836 0.2560442 0.03417605 0.9646485 0.2613145 0.01513934 0.9665473 0.2560415 0.01156884 0.9658613 0.2588016 0.1270438 0.9324131 0.3383281 0.1271805 0.9291513 0.3471355 0.1066063 0.9365356 0.3339707 0.1070281 0.9351775 0.3376213 0.08681178 0.940719 0.3278896 0.08744752 0.9396581 0.33075 0.06881636 0.9435997 0.3238581 0.06949919 0.9428874 0.325781 0.05332463 0.9455214 0.3211632 0.05379921 0.9451858 0.3220709 0.0404548 0.94678 0.3193292 0.04027509 0.9468591 0.3191176 0.02980113 0.9476419 0.3179415 0.0282967 0.9481338 0.3166096 0.02075189 0.9482562 0.3168274 0.01705169 0.9490332 0.3147147 0.0124945 0.9487658 0.3157333 0.005733191 0.9494722 0.3137989 0.004295647 0.9492214 0.3145796 -0.01043021 0.9995222 0.0290997 -0.008646428 0.9961596 0.08712822 -0.006882011 0.9894133 0.1449622 -0.004990041 0.9793313 0.2022016 -0.00319153 0.9659225 0.258812 -0.001193046 0.9492368 0.3145604 -0.0091784 0.9995523 0.02848058 -0.08213943 0.9960851 0.03267699 -0.07422989 0.9972306 0.004586517 -0.1954661 0.9792266 0.05392903 -0.1939857 0.9799102 0.04631954 -0.2787843 0.9600263 0.02508044 -0.375167 0.9200942 0.1125901 -0.3870693 0.9181333 -0.08490377 -0.5405028 0.8257334 0.1613104 -0.5856893 0.8021094 -0.1165702 -0.6692883 0.7380839 0.08535432 -0.6710544 0.7355135 0.0933057 -0.796854 0.6035791 -0.02676254 -0.8121056 0.5824682 0.03486055 -0.8496949 0.5259335 0.03758639 -0.87902 0.474361 0.04801708 -0.8890286 0.4272384 0.1646076 -0.9550787 0.292771 0.04593461 -0.9287593 0.369629 0.02794104 -0.9110314 0.4050372 -0.07724553 -0.9691271 0.2384555 0.0627039 -0.9642035 0.191627 0.1832774 -0.9826585 0.167001 -0.08057993 -0.007527589 0.9962105 0.08664816 -0.06821346 0.9935935 0.09010529 -0.060916 0.9958918 0.06699997 -0.1804775 0.9767628 0.1155958 -0.1731142 0.9843066 0.03423517 -0.3105006 0.9375773 0.1566465 -0.3255867 0.9455081 -0.002813756 -0.4503059 0.8709513 0.196643 -0.5007809 0.8652547 -0.02351075 -0.5926872 0.7737276 0.2237579 -0.6676093 0.7440487 -0.02625542 -0.7199685 0.6642072 0.2011818 -0.7525547 0.658267 0.01860743 -0.7815712 0.5867258 0.2118952 -0.8168682 0.5764475 0.02085202 -0.8357854 0.501486 0.2235501 -0.872511 0.4879833 0.02443611 -0.8810514 0.4095808 0.2366268 -0.9185584 0.3941882 0.02942997 -0.005777299 0.9894827 0.1445357 -0.05399537 0.9876275 0.1472291 -0.04739803 0.9904817 0.1292271 -0.1423294 0.9755026 0.1677412 -0.1362497 0.9851479 0.1044979 -0.2441204 0.9488051 0.2004347 -0.2594007 0.9625384 0.07893866 -0.3553825 0.9054494 0.2320879 -0.4038079 0.912308 0.06806784 -0.4735504 0.8429788 0.2552192 -0.5468589 0.834137 0.07184016 -0.5856081 0.7727426 0.2448105 -0.6204571 0.776808 0.1077145 -0.6430391 0.7215793 0.2565621 -0.6820281 0.7224593 0.1135355 -0.6969058 0.6644482 0.2698723 -0.7390294 0.6626976 0.1211094 -0.7459775 0.6018031 0.2852203 -0.7906989 0.5980966 0.1306751 -0.004117608 0.9793882 0.2019451 -0.0394923 0.9781891 0.2039278 -0.03381043 0.9810026 0.1910255 -0.1034909 0.9701595 0.2192724 -0.09848845 0.9797561 0.174293 -0.1763737 0.9537305 0.2434965 -0.1893874 0.9688812 0.159379 -0.2568704 0.9288748 0.2668505 -0.2969513 0.9420192 0.1562689 -0.3451902 0.8940792 0.2854232 -0.40621 0.89895 0.1639578 -0.4325941 0.8556802 0.2840312 -0.4627701 0.8658809 0.1899846 -0.4789404 0.8266655 0.2953648 -0.5131942 0.8352417 0.1974922 -0.5239838 0.7938941 0.3085016 -0.5617222 0.8010587 0.2068173 -0.5669326 0.7574473 0.323823 -0.6078051 0.763519 0.218201 -0.002467989 0.9659713 0.2586376 -0.02464646 0.9653189 0.2599077 -0.02039331 0.9674573 0.2522112 -0.06396812 0.9607566 0.2699165 -0.06023693 0.9680665 0.2433495 -0.1076316 0.9523449 0.2854029 -0.1164178 0.9644199 0.2373635 -0.1559802 0.9410227 0.3002439 -0.1825919 0.9536756 0.2390881 -0.2103516 0.9261177 0.3131429 -0.250683 0.9359674 0.2472309 -0.2658205 0.9105364 0.3166435 -0.2860133 0.9214531 0.2629084 -0.2957263 0.8980851 0.3255598 -0.3188469 0.9086176 0.2697235 -0.3253889 0.8838886 0.335951 -0.3511168 0.8941332 0.2779262 -0.3543794 0.8678774 0.3481439 -0.3825139 0.8779928 0.2877703 -8.54802e-4 0.9492577 0.3144984 -0.009334921 0.9490512 0.3149836 -0.00763446 0.9498022 0.3127582 -0.02364766 0.9473851 0.3192213 -0.02214246 0.9500327 0.3113642 -0.03833764 0.9446801 0.325745 -0.04132932 0.9492765 0.3117149 -0.05404305 0.9417657 0.331899 -0.06322234 0.9472064 0.3143294 -0.07194942 0.9385602 0.3375324 -0.08579665 0.9439339 0.318791 -0.09060496 0.9357587 0.3408027 -0.09750616 0.94093 0.3242583 -0.1007199 0.9332519 0.3448136 -0.1086468 0.9385415 0.3276217 -0.1108468 0.9303675 0.34947 -0.1196844 0.9357997 0.3315944 -0.120819 0.9270577 0.3549182 -0.1305267 0.9326899 0.3362326 0 -0.9952254 -0.09760391 0 -0.9952247 -0.09761166 2.38498e-7 0 -1 3.36861e-6 0 -1 -5.76875e-7 0 -1 -1.46584e-6 0 -1 5.49931e-6 0 -1 -3.32257e-6 0 -1 -7.37392e-6 -0.609724 -0.7926138 0 -0.961188 -0.2758944 -0.006280481 -0.9332336 -0.3592151 3.97025e-5 -0.7575446 -0.6527835 -0.01962226 -0.6630342 -0.748332 -0.01222372 -0.7089315 -0.7051714 -0.004695057 -0.7661173 -0.6426838 0 -0.8295425 -0.5584437 0 -0.8998291 -0.4362426 0 -0.1710623 -0.9852602 -0.01575076 -0.07621264 -0.9969673 -0.002420604 -0.2163648 -0.9763097 -3.12648e-4 -0.2998372 -0.9539903 1.04241e-6 -0.3249395 -0.9457349 -6.52203e-6 -0.4931693 -0.8699334 -0.01577752 -0.4025793 -0.9152492 -0.002925872 -0.5216898 -0.8531302 0 -0.980946 -0.1942813 0 -0.9809454 -0.194284 0 -0.9809454 -0.1942842 0 -0.9809455 -0.1942836 -5.44931e-7 -0.9809464 -0.1942787 -1.22256e-7 -0.9809455 -0.1942833 0 -0.1544542 -0.988 0 -0.1544537 -0.9880001 0 -0.4486196 -0.8937228 0 -0.4486189 -0.8937231 0 -0.6999782 -0.7141643 0 -0.6999773 -0.7141652 0 -0.1564345 -0.9876884 0 -0.1564337 -0.9876885 0 -0.4555055 -0.890233 0 -0.3107103 -0.9505047 2.47604e-4 -0.4539906 -0.8910065 0 -0.4555037 -0.890234 0 -0.7071067 -0.7071069 0 -0.8910053 -0.4539932 0 -0.8910072 -0.4539892 0 -0.9876884 -0.1564345 0 -0.9876891 -0.1564298 6.84773e-7 0 -1 -3.30399e-7 0 -1 -6.49035e-7 0 -1 1.02097e-6 0 -1 -1.41501e-6 0 -1 -3.18744e-7 0 -1 1 3.63116e-7 0 1 6.7843e-7 0 1 1.28164e-7 0 1 -6.26062e-7 0 0 -0.9807854 -0.1950899 0 -0.8314689 -0.5555714 0 -0.8314689 -0.5555713 0 -0.5555707 -0.8314693 0 -0.5555709 -0.8314693 0 -0.1950902 -0.9807853 0 -0.1950896 -0.9807855 0 1 0 0 -0.9783748 0.2068402 0 -0.8414789 0.5402902 0.0525096 -0.9749845 0.2159813 0.1807799 -0.9449401 0.2727766 0.09389889 -0.9634293 0.2509722 0.07510262 -0.9665712 0.2451527 0.06410634 -0.9683219 0.2413359 0.04653197 -0.9709684 0.2346385 0.03176271 -0.9732859 0.2273895 0.01877647 -0.9752341 0.2203772 0 -0.8923246 0.4513942 0 -0.9254789 0.3787992 0.004954278 -0.977485 0.210947 0 -0.978375 0.2068395 0 -0.9612526 0.275669 0.001065969 -0.9433079 0.3319174 0.006483495 -0.9529215 0.3031479 0.001644015 -0.9388666 0.3442775 0 -0.6537246 0.7567325 0 -0.6537244 0.7567327 0 -0.7462999 0.66561 0 -0.7462993 0.6656105 0 -0.8046095 0.5938044 -0.005773901 -0.8262708 0.5632435 0 -0.8414776 0.5402919 0 -0.8923243 0.451395 0 0 1 1.28205e-5 0 1 0 0.20222 0.9793401 0 0.20222 0.9793401 0 0.573576 0.8191523 0 0.5735761 0.8191524 0 0.8511144 0.5249804 0 0.851117 0.5249762 0.3717576 0.775497 0.5102947 0.5944442 0.6471617 0.4773026 0.6557109 0.4325113 0.6188515 0.827652 0.5017008 0.2515719 0.7474764 0.5099906 0.4256625 0.682608 0.5552542 0.4751201 0.7564522 0.5249072 0.3901957 0.2260698 0.5031173 0.8341256 0.3778568 0.1731379 0.9095315 0.3648526 0.5370308 0.7605791 0.4834703 0.4330406 0.7607447 0.6022375 0.4184633 0.6798519 0.1361222 0.1636984 0.977074 0.705558 0.5665336 0.4257086 0.6029087 0.6206209 0.5013291 0.4523126 0.4398775 0.7758358 0.4200323 0.4325067 0.7978164 0.2474783 0.2454443 0.9372895 0.07207506 0.1703677 0.9827412 0.09474134 0.1843898 0.9782763 0.1017395 0.1886128 0.9767673 0.2632662 0.5218535 0.8113938 0.2818531 0.5330182 0.7977786 0.3814893 0.7564109 0.5313271 0.4990248 0.7217754 0.4795984 0.03247445 0.2021123 0.9788239 0.03434014 0.2042587 0.9783144 0.09024918 0.5712351 0.8158097 0.09524857 0.5769633 0.8111974 0.1328765 0.843571 0.5203191 0.1399205 0.8493552 0.5089382 0 0.2022204 0.9793401 0 0.2022204 0.9793401 0 0.573575 0.819153 0 0.8511145 0.5249802 0 0.8511175 0.5249755 -0.5375501 0.7164879 0.4446179 -0.404067 0.3430919 0.8479493 -0.3180243 0.2661107 0.9099702 -0.2270458 0.2256851 0.9473734 -0.08039122 0.2802535 0.9565539 -0.1428406 0.1758473 0.9739992 -0.5035159 0.4246346 0.7524342 -0.8079093 0.5729322 0.1379542 -0.7866813 0.5518901 0.2766764 -0.7071731 0.5497248 0.4446449 -0.7046586 0.5502294 0.448 -0.6691991 0.5092621 0.5411329 -0.6134237 0.4573038 0.6438825 -0.07958698 0.8484187 0.5233083 -0.1239621 0.1700396 0.9776094 -0.07084387 0.1990154 0.9774324 -0.07215058 0.1930879 0.9785252 -0.01854044 0.2030501 0.9789928 -0.01934993 0.2021839 0.9791565 -0.07616174 0.8510293 0.5195657 -0.1998697 0.8300551 0.5206348 -0.2734551 0.7799416 0.5629506 -0.3377206 0.8009032 0.4944684 -0.5448232 0.6800487 0.4906136 -0.4451416 0.4246365 0.7883736 -0.3737618 0.4951945 0.7842733 -0.3725634 0.4648857 0.8031675 -0.1962846 0.5616896 0.8037271 -0.2002828 0.5457298 0.8136743 -0.05163121 0.5750802 0.8164662 -0.053837 0.5727426 0.8179656 0 0.6291084 -0.7773176 0 0.6291221 -0.7773066 0 0.1855642 -0.9826322 0 0.1855745 -0.9826302 0 -0.3022995 -0.953213 0 -0.3022915 -0.9532155 0 -0.6747772 -0.7380216 -0.001313984 -0.7179442 -0.6960994 0 -0.8347146 -0.5506828 0 -0.962113 -0.2726513 0 -0.9621056 -0.2726772 0 -0.9764201 0.2158794 0 -0.7574672 0.6528733 0 -0.7574673 0.6528732 0 -0.6959073 0.7181316 0 -0.6959074 0.7181316 0 -0.8838079 0.4678502 0 -0.8838096 0.4678468 0 -0.985141 0.1717478 0 -0.985141 0.1717479 0 -0.9899839 -0.1411801 0 -0.9899834 -0.1411844 0 -0.8978605 -0.44028 0 -0.8978589 -0.4402836 0 -0.7177964 -0.6962531 0 -0.7177941 -0.6962556 -1 2.14659e-7 0 -1 3.95091e-6 0 -1 -1.60658e-5 0 -1 -3.78335e-6 0 -1 1.17697e-6 0 -1 1.23004e-5 0</float_array>
          <technique_common>
            <accessor source="#MRH-F-Prox-Visual_00-Lid-mesh-normals-array" count="716" stride="3">
              <param name="X" type="float"/>
              <param name="Y" type="float"/>
              <param name="Z" type="float"/>
            </accessor>
          </technique_common>
        </source>
        <vertices id="MRH-F-Prox-Visual_00-Lid-mesh-vertices">
          <input semantic="POSITION" source="#MRH-F-Prox-Visual_00-Lid-mesh-positions"/>
        </vertices>
        <triangles material="black_spec-material" count="836">
          <input semantic="VERTEX" source="#MRH-F-Prox-Visual_00-Lid-mesh-vertices" offset="0"/>
          <input semantic="NORMAL" source="#MRH-F-Prox-Visual_00-Lid-mesh-normals" offset="1"/>
          <p>0 0 1 0 2 0 2 1 1 1 3 1 4 2 5 2 6 2 6 3 5 3 7 3 8 4 9 4 10 4 10 4 9 4 11 4 12 5 13 5 14 5 7 5 14 5 6 5 6 5 14 5 15 5 6 6 15 6 16 6 16 5 15 5 17 5 16 5 17 5 18 5 18 5 17 5 19 5 18 5 19 5 20 5 21 5 12 5 22 5 22 5 12 5 14 5 22 5 14 5 23 5 23 5 14 5 7 5 24 7 11 7 9 7 25 8 24 8 26 8 26 9 24 9 9 9 26 10 9 10 27 10 27 7 9 7 28 7 29 11 30 11 31 11 31 12 30 12 32 12 31 5 32 5 33 5 34 13 25 13 20 13 20 14 25 14 26 14 20 15 26 15 18 15 26 16 35 16 18 16 18 17 35 17 36 17 18 17 36 17 16 17 16 18 36 18 4 18 16 18 4 18 6 18 37 19 38 19 28 19 39 19 40 19 41 19 41 20 42 20 43 20 37 19 44 19 45 19 45 19 44 19 46 19 45 21 46 21 47 21 48 19 41 19 49 19 49 19 41 19 40 19 49 22 40 22 50 22 50 19 40 19 51 19 50 19 51 19 52 19 52 19 51 19 53 19 52 19 53 19 33 19 47 19 54 19 45 19 45 23 54 23 55 23 45 24 55 24 56 24 37 19 28 19 44 19 44 19 28 19 9 19 44 19 9 19 57 19 57 19 9 19 8 19 57 19 8 19 58 19 58 19 8 19 59 19 58 19 59 19 41 19 41 25 59 25 60 25 41 26 60 26 42 26 61 19 41 19 62 19 62 19 41 19 43 19 62 27 43 27 63 27 64 19 39 19 65 19 65 28 39 28 41 28 65 19 41 19 66 19 66 29 41 29 61 29 66 30 61 30 67 30 68 31 69 31 70 31 70 32 69 32 71 32 70 33 71 33 72 33 72 34 71 34 73 34 73 35 71 35 74 35 73 36 74 36 75 36 76 37 77 37 78 37 78 38 77 38 79 38 78 39 79 39 74 39 74 40 79 40 80 40 74 41 80 41 75 41 78 42 81 42 76 42 76 43 81 43 82 43 76 44 82 44 83 44 83 45 82 45 84 45 83 46 84 46 85 46 35 47 26 47 27 47 27 19 86 19 35 19 35 19 86 19 87 19 35 19 87 19 36 19 36 19 87 19 4 19 4 19 87 19 88 19 4 19 88 19 5 19 5 48 88 48 89 48 5 19 89 19 90 19 89 19 91 19 92 19 92 49 93 49 89 49 89 50 93 50 94 50 89 51 94 51 90 51 56 52 55 52 95 52 95 53 55 53 96 53 86 54 27 54 38 54 38 54 27 54 28 54 97 55 98 55 99 55 99 56 98 56 100 56 99 57 100 57 101 57 101 58 100 58 102 58 101 59 102 59 103 59 103 60 102 60 104 60 103 61 104 61 105 61 105 62 104 62 106 62 105 63 106 63 107 63 107 63 106 63 108 63 107 64 108 64 109 64 109 65 108 65 110 65 98 66 111 66 112 66 112 67 111 67 113 67 112 68 113 68 114 68 114 69 113 69 115 69 115 70 113 70 116 70 116 71 113 71 117 71 116 72 117 72 118 72 119 73 120 73 117 73 117 74 120 74 121 74 117 75 121 75 118 75 122 76 123 76 124 76 124 77 123 77 125 77 124 78 125 78 126 78 126 79 125 79 127 79 126 80 127 80 119 80 119 81 127 81 128 81 119 82 128 82 120 82 122 83 124 83 129 83 129 84 124 84 130 84 129 85 130 85 131 85 132 86 15 86 133 86 133 87 15 87 14 87 133 88 14 88 134 88 134 89 14 89 135 89 14 90 13 90 136 90 137 91 138 91 135 91 137 92 135 92 139 92 138 93 140 93 135 93 135 94 140 94 141 94 135 95 141 95 134 95 14 96 136 96 135 96 135 97 136 97 142 97 135 98 142 98 143 98 143 99 144 99 135 99 135 100 144 100 145 100 135 101 145 101 139 101 146 102 19 102 147 102 147 103 19 103 17 103 147 104 17 104 148 104 148 105 17 105 15 105 148 106 15 106 149 106 149 107 15 107 132 107 131 19 130 19 150 19 150 19 151 19 152 19 146 19 147 19 0 19 0 108 147 108 148 108 0 19 148 19 1 19 1 19 148 19 131 19 1 19 131 19 153 19 153 109 131 109 150 109 153 110 150 110 154 110 154 19 150 19 152 19 155 111 23 111 156 111 156 112 23 112 7 112 157 113 158 113 7 113 7 114 158 114 159 114 7 115 159 115 156 115 84 116 160 116 110 116 110 117 160 117 161 117 110 118 161 118 162 118 163 119 164 119 7 119 7 120 164 120 165 120 7 121 165 121 157 121 90 122 85 122 5 122 5 123 85 123 84 123 5 124 84 124 7 124 7 125 84 125 110 125 7 126 110 126 166 126 162 127 167 127 110 127 110 128 167 128 168 128 110 129 168 129 109 129 109 130 168 130 169 130 169 131 170 131 109 131 109 132 170 132 171 132 109 133 171 133 172 133 166 134 173 134 7 134 7 135 173 135 174 135 7 136 174 136 163 136 155 137 156 137 175 137 175 138 156 138 176 138 175 139 176 139 177 139 177 140 176 140 178 140 177 141 178 141 179 141 179 142 178 142 180 142 179 143 180 143 181 143 181 144 180 144 182 144 181 145 182 145 134 145 183 146 131 146 148 146 148 147 149 147 183 147 183 148 149 148 132 148 183 149 132 149 182 149 182 150 132 150 133 150 182 151 133 151 134 151 184 152 185 152 186 152 186 153 185 153 187 153 186 154 187 154 188 154 188 155 187 155 189 155 184 156 190 156 185 156 185 157 190 157 191 157 185 158 191 158 192 158 192 159 191 159 193 159 192 160 193 160 194 160 195 161 196 161 197 161 197 162 196 162 198 162 195 163 189 163 196 163 196 164 189 164 187 164 196 165 187 165 199 165 199 166 187 166 185 166 199 167 185 167 200 167 200 168 185 168 192 168 201 169 202 169 203 169 203 170 202 170 204 170 203 171 204 171 205 171 206 172 202 172 207 172 207 173 202 173 201 173 208 174 209 174 210 174 210 175 209 175 211 175 210 176 211 176 201 176 201 177 211 177 212 177 201 178 212 178 207 178 213 179 214 179 215 179 215 180 214 180 216 180 215 181 216 181 217 181 218 182 219 182 220 182 218 183 220 183 221 183 201 184 203 184 222 184 223 185 222 185 224 185 224 186 222 186 203 186 224 187 203 187 205 187 225 188 226 188 223 188 223 189 226 189 227 189 223 190 227 190 222 190 220 191 213 191 221 191 221 192 213 192 215 192 221 193 215 193 228 193 228 194 215 194 229 194 228 195 229 195 230 195 230 196 229 196 226 196 230 197 226 197 231 197 231 198 226 198 225 198 201 199 222 199 210 199 210 200 222 200 227 200 210 201 227 201 208 201 208 202 227 202 226 202 208 203 226 203 209 203 209 204 226 204 229 204 209 205 229 205 211 205 211 206 229 206 215 206 211 207 215 207 212 207 212 208 215 208 217 208 212 209 217 209 207 209 232 210 233 210 231 210 205 211 97 211 224 211 224 212 97 212 234 212 225 213 223 213 235 213 235 214 223 214 224 214 235 215 224 215 236 215 236 216 224 216 234 216 225 217 235 217 231 217 231 218 235 218 237 218 231 219 237 219 232 219 221 220 228 220 233 220 233 221 228 221 230 221 233 222 230 222 231 222 238 223 219 223 218 223 233 224 239 224 221 224 221 225 239 225 240 225 221 226 240 226 218 226 218 227 240 227 241 227 218 228 241 228 238 228 194 229 242 229 192 229 192 230 242 230 243 230 192 231 243 231 200 231 200 232 243 232 244 232 200 233 244 233 69 233 241 234 245 234 238 234 238 235 245 235 246 235 238 236 246 236 242 236 242 237 246 237 247 237 242 238 247 238 243 238 248 239 249 239 250 239 251 240 252 240 196 240 196 241 252 241 253 241 196 242 253 242 198 242 254 243 255 243 256 243 255 244 254 244 257 244 257 245 254 245 258 245 257 246 258 246 259 246 248 247 250 247 256 247 256 248 250 248 260 248 256 249 260 249 254 249 254 250 260 250 261 250 254 251 261 251 258 251 248 252 251 252 249 252 249 253 251 253 196 253 249 254 196 254 250 254 250 255 196 255 199 255 250 256 199 256 260 256 260 257 199 257 200 257 260 258 200 258 261 258 261 5 200 5 69 5 69 259 68 259 262 259 263 5 262 5 264 5 264 5 262 5 265 5 261 260 69 260 258 260 68 261 266 261 262 261 262 262 266 262 267 262 262 263 267 263 265 263 268 264 259 264 258 264 264 5 95 5 96 5 69 5 262 5 258 5 258 5 262 5 269 5 258 265 269 265 268 265 96 5 270 5 264 5 264 266 270 266 271 266 264 267 271 267 263 267 74 268 71 268 272 268 78 269 74 269 273 269 81 270 78 270 274 270 82 271 81 271 275 271 84 272 82 272 276 272 246 273 277 273 247 273 247 274 277 274 278 274 247 275 278 275 243 275 243 276 278 276 272 276 243 277 272 277 244 277 244 278 272 278 71 278 244 279 71 279 69 279 246 280 245 280 277 280 277 281 245 281 241 281 277 282 241 282 279 282 279 283 241 283 240 283 279 284 240 284 280 284 240 285 239 285 280 285 280 286 239 286 233 286 280 287 233 287 281 287 233 288 232 288 281 288 281 289 232 289 237 289 281 290 237 290 282 290 282 291 237 291 235 291 282 292 235 292 283 292 235 293 236 293 283 293 283 294 236 294 234 294 283 295 234 295 284 295 284 296 234 296 97 296 284 297 97 297 99 297 74 298 272 298 273 298 273 299 272 299 278 299 273 300 278 300 285 300 285 301 278 301 277 301 285 302 277 302 286 302 286 303 277 303 279 303 286 304 279 304 287 304 287 305 279 305 280 305 287 306 280 306 288 306 288 307 280 307 281 307 288 308 281 308 289 308 289 309 281 309 282 309 289 310 282 310 290 310 290 311 282 311 283 311 290 312 283 312 291 312 291 313 283 313 284 313 291 314 284 314 292 314 292 315 284 315 99 315 292 316 99 316 101 316 78 317 273 317 274 317 274 318 273 318 285 318 274 319 285 319 293 319 293 320 285 320 286 320 293 321 286 321 294 321 294 322 286 322 287 322 294 323 287 323 295 323 295 324 287 324 288 324 295 325 288 325 296 325 296 326 288 326 289 326 296 327 289 327 297 327 297 328 289 328 290 328 297 329 290 329 298 329 298 330 290 330 291 330 298 331 291 331 299 331 299 332 291 332 292 332 299 333 292 333 300 333 300 334 292 334 101 334 300 335 101 335 103 335 81 336 274 336 275 336 275 337 274 337 293 337 275 338 293 338 301 338 301 339 293 339 294 339 301 340 294 340 302 340 302 341 294 341 295 341 302 342 295 342 303 342 303 343 295 343 296 343 303 344 296 344 304 344 304 345 296 345 297 345 304 346 297 346 305 346 305 347 297 347 298 347 305 348 298 348 306 348 306 349 298 349 299 349 306 350 299 350 307 350 307 351 299 351 300 351 307 352 300 352 308 352 308 353 300 353 103 353 308 354 103 354 105 354 82 355 275 355 276 355 276 356 275 356 301 356 276 357 301 357 309 357 309 358 301 358 302 358 309 359 302 359 310 359 310 360 302 360 303 360 310 361 303 361 311 361 311 362 303 362 304 362 311 363 304 363 312 363 312 364 304 364 305 364 312 365 305 365 313 365 313 366 305 366 306 366 313 367 306 367 314 367 314 368 306 368 307 368 314 369 307 369 315 369 315 370 307 370 308 370 315 371 308 371 316 371 316 372 308 372 105 372 316 373 105 373 107 373 84 374 276 374 160 374 160 375 276 375 309 375 160 376 309 376 161 376 161 377 309 377 310 377 161 378 310 378 162 378 162 379 310 379 311 379 162 380 311 380 167 380 167 381 311 381 312 381 167 382 312 382 168 382 168 383 312 383 313 383 168 384 313 384 169 384 169 385 313 385 314 385 169 386 314 386 170 386 170 387 314 387 315 387 170 388 315 388 171 388 171 389 315 389 316 389 171 390 316 390 172 390 172 391 316 391 107 391 172 392 107 392 109 392 100 393 98 393 112 393 102 394 100 394 317 394 104 395 102 395 318 395 106 396 104 396 319 396 108 397 106 397 320 397 110 398 108 398 321 398 100 399 112 399 317 399 317 400 112 400 114 400 317 401 114 401 322 401 322 402 114 402 115 402 322 403 115 403 323 403 115 404 116 404 323 404 323 405 116 405 118 405 323 406 118 406 324 406 324 407 118 407 121 407 324 408 121 408 325 408 325 409 121 409 120 409 325 410 120 410 326 410 326 411 120 411 128 411 326 412 128 412 327 412 128 413 127 413 327 413 327 414 127 414 125 414 327 415 125 415 123 415 122 416 328 416 123 416 123 417 328 417 329 417 123 418 329 418 327 418 122 419 129 419 328 419 328 420 129 420 131 420 328 421 131 421 183 421 102 422 317 422 318 422 318 423 317 423 322 423 318 424 322 424 330 424 330 425 322 425 323 425 330 426 323 426 331 426 331 427 323 427 324 427 331 428 324 428 332 428 332 429 324 429 325 429 332 430 325 430 333 430 333 431 325 431 326 431 333 432 326 432 334 432 334 433 326 433 327 433 334 434 327 434 335 434 335 435 327 435 329 435 335 436 329 436 336 436 336 437 329 437 328 437 336 438 328 438 337 438 337 439 328 439 183 439 337 440 183 440 182 440 104 441 318 441 319 441 319 442 318 442 330 442 319 443 330 443 338 443 338 444 330 444 331 444 338 445 331 445 339 445 339 446 331 446 332 446 339 447 332 447 340 447 340 448 332 448 333 448 340 449 333 449 341 449 341 450 333 450 334 450 341 451 334 451 342 451 342 452 334 452 335 452 342 453 335 453 343 453 343 454 335 454 336 454 343 455 336 455 344 455 344 456 336 456 337 456 344 457 337 457 345 457 345 458 337 458 182 458 345 459 182 459 180 459 106 460 319 460 320 460 320 461 319 461 338 461 320 462 338 462 346 462 346 463 338 463 339 463 346 464 339 464 347 464 347 465 339 465 340 465 347 466 340 466 348 466 348 467 340 467 341 467 348 468 341 468 349 468 349 469 341 469 342 469 349 470 342 470 350 470 350 471 342 471 343 471 350 472 343 472 351 472 351 473 343 473 344 473 351 474 344 474 352 474 352 475 344 475 345 475 352 476 345 476 353 476 353 477 345 477 180 477 353 478 180 478 178 478 108 479 320 479 321 479 321 480 320 480 346 480 321 481 346 481 354 481 354 482 346 482 347 482 354 483 347 483 355 483 355 484 347 484 348 484 355 485 348 485 356 485 356 486 348 486 349 486 356 487 349 487 357 487 357 488 349 488 350 488 357 489 350 489 358 489 358 490 350 490 351 490 358 491 351 491 359 491 359 492 351 492 352 492 359 493 352 493 360 493 360 494 352 494 353 494 360 495 353 495 361 495 361 496 353 496 178 496 361 497 178 497 176 497 110 498 321 498 166 498 166 499 321 499 354 499 166 500 354 500 173 500 173 501 354 501 355 501 173 502 355 502 174 502 174 503 355 503 356 503 174 504 356 504 163 504 163 505 356 505 357 505 163 506 357 506 164 506 164 507 357 507 358 507 164 508 358 508 165 508 165 509 358 509 359 509 165 510 359 510 157 510 157 511 359 511 360 511 157 512 360 512 158 512 158 513 360 513 361 513 158 514 361 514 159 514 159 515 361 515 176 515 159 516 176 516 156 516 3 4 1 4 24 4 24 4 1 4 153 4 24 4 153 4 362 4 20 54 19 54 34 54 34 54 19 54 146 54 34 54 146 54 2 54 2 54 146 54 0 54 269 4 262 4 57 4 57 4 262 4 44 4 46 54 44 54 263 54 263 54 44 54 262 54 57 517 58 517 269 517 269 518 58 518 268 518 33 54 242 54 52 54 52 519 242 519 194 519 52 54 194 54 193 54 216 54 214 54 33 54 33 520 214 520 213 520 33 521 213 521 220 521 220 54 219 54 33 54 33 54 219 54 238 54 33 54 238 54 242 54 363 54 206 54 32 54 32 54 206 54 207 54 32 522 207 522 33 522 33 523 207 523 217 523 33 524 217 524 216 524 189 525 195 525 49 525 248 526 41 526 251 526 251 527 41 527 48 527 49 528 195 528 48 528 48 529 195 529 197 529 48 530 197 530 198 530 198 531 253 531 48 531 48 532 253 532 252 532 48 533 252 533 251 533 52 534 193 534 50 534 50 535 193 535 191 535 50 536 191 536 190 536 190 537 184 537 50 537 50 538 184 538 186 538 50 539 186 539 49 539 49 540 186 540 188 540 49 541 188 541 189 541 248 542 256 542 41 542 41 543 256 543 255 543 268 544 58 544 259 544 259 545 58 545 41 545 259 546 41 546 257 546 257 547 41 547 255 547 46 548 263 548 271 548 46 549 271 549 47 549 47 550 271 550 270 550 47 551 270 551 54 551 54 552 270 552 96 552 54 553 96 553 55 553 364 554 365 554 43 554 43 555 365 555 63 555 366 556 367 556 368 556 364 557 43 557 368 557 368 558 43 558 42 558 368 559 42 559 366 559 366 560 42 560 60 560 366 560 60 560 369 560 369 561 60 561 59 561 369 562 59 562 370 562 370 563 59 563 8 563 370 564 8 564 10 564 371 54 368 54 111 54 111 54 368 54 367 54 150 54 130 54 372 54 372 565 130 565 124 565 372 566 124 566 126 566 126 54 119 54 372 54 372 567 119 567 117 567 372 568 117 568 367 568 367 569 117 569 113 569 367 570 113 570 111 570 10 571 11 571 24 571 367 5 366 5 372 5 372 5 366 5 369 5 372 5 369 5 373 5 373 572 369 572 370 572 24 5 362 5 10 5 10 5 362 5 374 5 10 573 374 573 370 573 370 5 374 5 375 5 370 574 375 574 373 574 362 575 153 575 154 575 362 575 154 575 374 575 374 576 154 576 152 576 374 577 152 577 375 577 375 578 152 578 151 578 375 579 151 579 373 579 373 580 151 580 150 580 373 581 150 581 372 581 111 582 98 582 371 582 371 582 98 582 97 582 371 582 97 582 204 582 204 582 97 582 205 582 376 583 91 583 89 583 87 584 86 584 38 584 377 585 378 585 75 585 75 586 378 586 73 586 378 587 379 587 73 587 73 588 379 588 380 588 73 589 380 589 381 589 381 590 382 590 73 590 73 591 382 591 383 591 73 592 383 592 384 592 267 593 266 593 88 593 88 594 266 594 68 594 384 595 376 595 73 595 73 596 376 596 89 596 73 597 89 597 72 597 72 598 89 598 88 598 72 599 88 599 70 599 70 600 88 600 68 600 56 601 95 601 45 601 45 602 95 602 264 602 45 603 264 603 37 603 37 604 264 604 265 604 37 605 265 605 38 605 38 606 265 606 267 606 38 607 267 607 87 607 87 608 267 608 88 608 385 609 386 609 387 609 92 609 91 609 387 609 387 609 91 609 376 609 387 609 376 609 385 609 136 609 13 609 12 609 12 609 388 609 136 609 136 610 388 610 389 610 136 609 389 609 390 609 92 611 387 611 391 611 92 612 391 612 93 612 93 613 391 613 392 613 93 614 392 614 94 614 94 615 392 615 85 615 94 616 85 616 90 616 76 617 83 617 393 617 79 618 77 618 394 618 380 619 379 619 395 619 377 620 75 620 80 620 395 621 379 621 80 621 80 622 379 622 378 622 80 623 378 623 377 623 384 624 383 624 396 624 396 625 383 625 382 625 396 626 382 626 395 626 395 627 382 627 381 627 395 628 381 628 380 628 397 629 385 629 376 629 80 630 79 630 395 630 395 631 79 631 394 631 395 632 394 632 396 632 396 633 394 633 397 633 396 634 397 634 384 634 384 635 397 635 376 635 386 636 385 636 398 636 398 637 385 637 397 637 398 638 397 638 393 638 393 639 397 639 394 639 393 640 394 640 76 640 76 641 394 641 77 641 387 642 386 642 391 642 391 643 386 643 398 643 391 644 398 644 392 644 392 645 398 645 393 645 392 646 393 646 85 646 85 647 393 647 83 647 388 648 12 648 21 648 388 649 21 649 399 649 399 650 21 650 22 650 399 650 22 650 400 650 400 651 22 651 23 651 400 652 23 652 155 652 181 653 401 653 402 653 145 654 144 654 403 654 403 655 144 655 143 655 143 656 142 656 403 656 403 657 142 657 136 657 403 658 136 658 404 658 139 659 145 659 401 659 181 660 134 660 141 660 141 661 140 661 181 661 181 662 140 662 138 662 181 663 138 663 401 663 401 664 138 664 137 664 401 665 137 665 139 665 400 666 155 666 175 666 136 667 390 667 404 667 404 668 390 668 389 668 404 669 389 669 405 669 405 670 389 670 388 670 405 671 388 671 399 671 400 672 175 672 406 672 406 673 175 673 177 673 406 674 177 674 402 674 402 675 177 675 179 675 402 676 179 676 181 676 145 677 403 677 401 677 401 678 403 678 404 678 401 679 404 679 402 679 402 680 404 680 405 680 402 681 405 681 406 681 406 682 405 682 399 682 406 683 399 683 400 683 363 684 32 684 30 684 363 685 30 685 407 685 407 686 30 686 29 686 407 687 29 687 408 687 408 688 29 688 31 688 408 689 31 689 409 689 409 690 31 690 33 690 409 691 33 691 410 691 33 692 53 692 410 692 410 693 53 693 51 693 410 694 51 694 411 694 411 695 51 695 40 695 411 695 40 695 412 695 412 696 40 696 39 696 412 697 39 697 413 697 413 698 39 698 414 698 414 699 39 699 64 699 414 700 64 700 415 700 415 701 64 701 65 701 415 702 65 702 416 702 416 703 65 703 66 703 416 704 66 704 417 704 417 705 66 705 67 705 417 706 67 706 418 706 418 707 67 707 61 707 418 708 61 708 419 708 419 709 61 709 62 709 62 4 63 4 419 4 419 4 63 4 365 4 368 19 371 19 364 19 364 19 371 19 365 19 419 19 365 19 418 19 418 710 365 710 371 710 418 19 371 19 417 19 417 19 371 19 204 19 417 19 204 19 416 19 416 19 204 19 202 19 416 19 202 19 415 19 415 711 202 711 414 711 412 19 413 19 411 19 411 19 413 19 409 19 411 712 409 712 410 712 408 19 409 19 407 19 407 19 409 19 413 19 407 713 413 713 363 713 363 714 413 714 414 714 363 19 414 19 206 19 206 19 414 19 202 19 3 19 24 19 2 19 2 715 24 715 25 715 2 19 25 19 34 19</p>
        </triangles>
      </mesh>
    </geometry>
    <geometry id="MRH-F-Prox-MagTac-Sensor-Visual_00-mesh" name="MRH-F-Prox-MagTac-Sensor-Visual,00">
      <mesh>
        <source id="MRH-F-Prox-MagTac-Sensor-Visual_00-mesh-positions">
          <float_array id="MRH-F-Prox-MagTac-Sensor-Visual_00-mesh-positions-array" count="2613">0.003499984 -0.0172584 0.02733385 0.003499984 -0.01671135 0.03136819 -0.003499984 -0.0172584 0.02733385 -0.003499984 -0.01671135 0.03136819 0.003499984 -0.01503455 0.03477835 0.009985566 -0.0111553 0.03870582 -0.003499984 -0.01503455 0.03477835 -0.009985566 -0.0111553 0.03870582 0.007454574 -0.01381123 0.03601688 0.008391082 -0.01308184 0.03675538 0.009267508 -0.01216161 0.037687 -0.009267508 -0.01216161 0.037687 -0.008391082 -0.01308184 0.03675538 -0.007454574 -0.01381123 0.03601688 0.004507422 -0.01496005 0.03485375 0.005502581 -0.01473659 0.03508001 0.006486356 -0.0143581 0.03546321 -0.006486356 -0.0143581 0.03546321 -0.005502581 -0.01473659 0.03508001 -0.004507422 -0.01496005 0.03485375 -0.0125271 -0.007985055 0.03850048 -0.01204657 -0.008180558 0.03863871 -0.0120626 -0.00759387 0.03823846 -0.01153111 -0.008333146 0.03875017 -0.01110273 -0.008422136 0.03881663 -0.01415741 -0.006594359 0.03765034 -0.01413959 -0.006622552 0.03766542 -0.01391935 -0.006928503 0.03783464 -0.01366847 -0.007204592 0.03799611 -0.01331084 -0.007514357 0.03818756 -0.01290202 -0.007788002 0.03836613 0.01290202 -0.007788002 0.03836613 0.01331084 -0.007514357 0.03818756 0.0120626 -0.00759387 0.03823846 0.01366847 -0.007204592 0.03799611 0.01391935 -0.006928503 0.03783464 0.009985566 -0.008515834 0.03888779 0.01055073 -0.008492231 0.03886973 0.01110273 -0.008422136 0.03881663 0.01153111 -0.008333146 0.03875017 0.01204657 -0.008180558 0.03863871 0.0125271 -0.007985055 0.03850048 -0.009985566 -0.008515834 0.03888779 0.01415741 -0.006594359 0.03765034 0.01413959 -0.006622552 0.03766542 -0.01510459 -0.004542946 0.03675758 -0.0148459 -0.005259573 0.03702551 0.01510459 -0.004542946 0.03675758 -0.01452416 -0.005953371 0.03732883 0.0148459 -0.005259573 0.03702551 -0.01055073 -0.008492231 0.03886973 0.01452416 -0.005953371 0.03732883 0.01540607 -0.003219962 0.03637528 0.01548367 -0.002469956 0.03621959 -0.01526439 -0.003959774 0.03657168 -0.01540607 -0.003219962 0.03637528 -0.01511895 -0.004496455 0.03674167 0.01511895 -0.004496455 0.03674167 0.01526439 -0.003959774 0.03657168 0.01549994 0 0.03599995 -0.01549994 0 0.03599995 0.01549994 -9.67298e-4 0.03603345 -0.01549994 -9.67298e-4 0.03603345 0.01549994 -0.001929938 0.03613364 -0.01549994 -0.001929938 0.03613364 0.01549321 -0.002278506 0.03618663 -0.01549321 -0.002278506 0.03618663 -0.01548367 -0.002469956 0.03621959 -0.01549994 0 0.03599995 0.01549994 0 0.03599995 -0.01549994 0.005499958 0.03599995 0.01549994 0.005499958 0.03599995 -0.01549994 0.008999943 0.03249996 0.01549994 0.008999943 0.03249996 -0.01549994 0.008999943 0.02187126 0.01549994 0.008999943 0.02187126 -0.01549994 0.005499958 0.01837128 0.01549994 0.005499958 0.01837128 -0.01549994 0 0.01837128 0.01549994 0 0.01837128 0.01465928 -0.006806135 0.01706403 0.01447331 -0.006876826 0.01703566 0.01468932 -0.006522059 0.0171746 0.01536065 -0.005445778 0.01754558 0.01523053 -0.006117761 0.01732271 0.01517236 -0.006292164 0.01726013 0.01508635 -0.006445169 0.01720356 0.01496648 -0.006589293 0.01714891 0.01482105 -0.006711423 0.01710146 -0.01496648 -0.006589293 0.01714891 -0.01508635 -0.006445169 0.01720356 -0.01468932 -0.006522059 0.0171746 -0.01517236 -0.006292164 0.01726013 -0.01414811 -0.006922841 0.017017 -0.01429545 -0.006913423 0.01702082 -0.01447331 -0.006876826 0.01703566 -0.01465928 -0.006806135 0.01706403 -0.01482105 -0.006711423 0.01710146 0.01414811 -0.006922841 0.017017 -0.01536065 -0.005445778 0.01754558 -0.01523053 -0.006117761 0.01732271 0.01429545 -0.006913423 0.01702082 0.01546484 -0.004588127 0.01778912 -0.01546484 -0.004588127 0.01778912 0.01549994 -0.003726124 0.01798945 -0.01549994 -0.003726124 0.01798945 0.01549994 -0.002359449 0.01821917 -0.01549994 -0.002359449 0.01821917 0.01549994 -0.001872777 0.01827555 -0.01549994 -0.001872777 0.01827555 0.01549994 0 0.01837128 -0.01549994 0 0.01837128 -0.01373404 -0.01022475 0.01859533 -0.01414811 -0.009094357 0.01745903 -0.003821492 -0.0164082 0.02481073 0.01373404 -0.01022475 0.01859533 0.003821492 -0.0164082 0.02481073 0.01414811 -0.009094357 0.01745903 0.003499984 -0.01641237 0.0248149 -0.003499984 -0.01641237 0.0248149 0.0128991 -0.01171833 0.0200966 0.01179689 -0.01305735 0.02144253 0.01046669 -0.01420331 0.02259445 -0.01046669 -0.01420331 0.02259445 -0.01179689 -0.01305735 0.02144253 -0.0128991 -0.01171833 0.0200966 0.008954882 -0.01512652 0.02352243 0.007311165 -0.01580727 0.02420669 0.005584895 -0.01623529 0.02463692 -0.005584895 -0.01623529 0.02463692 -0.007311165 -0.01580727 0.02420669 -0.008954882 -0.01512652 0.02352243 -0.01749998 -0.004131734 0.01994788 -0.01749998 -0.002205669 0.03415274 -0.01749998 -0.002076685 0.02026516 -0.01749998 -0.001105427 0.03403818 -0.01749998 0 0.02037131 -0.01749998 0 0.03399997 -0.01749998 0.006150782 0.03385144 -0.01749998 0.006999969 0.03249996 -0.01749998 0.005833745 0.03396236 -0.01749998 0.005499958 0.03399997 -0.01749998 0.006435215 0.03367274 -0.01749998 0.006672739 0.03343522 -0.01749998 0.006962358 0.03283375 -0.01749998 0.006851434 0.03315079 -0.01749998 0.006672739 0.02093607 -0.01749998 0.006435215 0.02069854 -0.01749998 0.006150782 0.02051985 -0.01749998 0.006962358 0.02153754 -0.01749998 0.005499958 0.02037131 -0.01749998 0.006999969 0.02187126 -0.01749998 0.006851434 0.02122044 -0.01749998 0.005833745 0.02040892 -0.00390917 -0.01725292 0.0273295 -0.005931675 -0.01706469 0.02717846 -0.00526303 -0.01658952 0.03143721 -0.005933761 -0.0164783 0.03150022 -0.006153523 -0.01702743 0.02714854 -0.007004559 -0.01622408 0.03164422 -0.00835061 -0.01646912 0.02670067 -0.008291661 -0.01578706 0.0318917 -0.01044255 -0.0155813 0.02598834 -0.008726119 -0.01560509 0.03199481 -0.01050072 -0.01555091 0.02596396 -0.01042056 -0.01471078 0.03250133 -0.0105012 -0.01466029 0.03252995 -0.01236671 -0.01437711 0.0250222 -0.01205945 -0.01351797 0.03317701 -0.01250064 -0.01427608 0.02494114 -0.01250439 -0.01312607 0.03339898 -0.01405966 -0.01288241 0.02382302 -0.01359313 -0.01201313 0.03402936 -0.01422637 -0.01270484 0.02368056 -0.01423013 -0.01123756 0.03446865 -0.01546251 -0.01113593 0.02242183 -0.01495766 -0.01020181 0.03505527 -0.01562571 -0.01088523 0.02222073 -0.01562666 -0.009055137 0.03570479 -0.01591289 -0.008485198 0.03602761 -0.01636147 -0.007586658 0.03562486 -0.01652514 -0.009187877 0.02085894 -0.01665538 -0.006877303 0.03534173 -0.01665633 -0.008872687 0.0206061 -0.01673686 -0.006656289 0.03525954 -0.0170387 -0.005696535 0.03493422 -0.01722514 -0.00491625 0.03470629 -0.01718562 -0.007201433 0.01926523 -0.01728719 -0.004595875 0.03462189 -0.01728707 -0.006658613 0.01941466 -0.01748096 -0.002925992 0.03426498 -0.01745903 -0.005239129 0.0197463 -0.01739042 -0.003927409 0.03446245 -0.01733738 -0.006339788 0.01949656 0.01549994 0.008912205 0.03327882 -0.01549994 0.008912205 0.03327882 0.01549994 0.008828639 0.03358155 -0.01549994 0.008828639 0.03358155 0.01549994 0.008653342 0.03401857 -0.01549994 0.008653342 0.03401857 0.01549994 0.008331537 0.03455722 -0.01549994 0.008331537 0.03455722 0.01549994 0.008236408 0.03468221 -0.01549994 0.008236408 0.03468221 0.01549994 0.007682204 0.03523635 -0.01549994 0.007682204 0.03523635 0.01549994 0.007557213 0.03533154 -0.01549994 0.007557213 0.03533154 0.01549994 0.007018566 0.03565335 -0.01549994 0.007018566 0.03565335 0.01549994 0.006581544 0.03582864 -0.01549994 0.006581544 0.03582864 0.01549994 0.006278812 0.03591221 -0.01549994 0.006278812 0.03591221 0.01549994 0.006278812 0.01845902 -0.01549994 0.006278812 0.01845902 0.01549994 0.006581544 0.01854258 -0.01549994 0.006581544 0.01854258 0.01549994 0.007018566 0.01871788 -0.01549994 0.007018566 0.01871788 0.01549994 0.007557213 0.01903975 -0.01549994 0.007557213 0.01903975 0.01549994 0.007682204 0.01913487 -0.01549994 0.007682204 0.01913487 0.01549994 0.008236408 0.01968908 -0.01549994 0.008236408 0.01968908 0.01549994 0.008331537 0.01981407 -0.01549994 0.008331537 0.01981407 0.01549994 0.008653342 0.02035272 -0.01549994 0.008653342 0.02035272 0.01549994 0.008828639 0.02078974 -0.01549994 0.008828639 0.02078974 0.01549994 0.008912205 0.02109247 -0.01549994 0.008912205 0.02109247 -0.01078999 -0.01118642 0.03860235 -0.01157808 -0.0111348 0.03844183 -0.01124668 -0.01130789 0.03834795 -0.01219087 -0.01103502 0.03827446 -0.01292932 -0.01083731 0.03801888 -0.01238894 -0.01134628 0.03770864 -0.01361811 -0.01056313 0.03772014 -0.01397711 -0.01037877 0.03753769 -0.01341968 -0.0111674 0.0369209 -0.01560384 -0.008962512 0.03636544 -0.01524877 -0.009390056 0.03668856 -0.01415508 -0.01027506 0.03743946 -0.01428973 -0.01077973 0.03602218 -0.01473951 -0.009864211 0.03707438 -0.01507288 -0.009569108 0.03683048 -0.01147389 -0.01373839 0.03403466 -0.01294708 -0.01239997 0.03493583 -0.009924411 -0.01479488 0.03332114 -0.008339107 -0.01558446 0.03278654 -0.006739497 -0.01612979 0.03241676 -0.005128026 -0.01645129 0.03219848 -0.01215904 -0.01261293 0.03578579 -0.01079183 -0.01380467 0.03484553 -0.009364724 -0.01474392 0.03410184 -0.007912039 -0.01544517 0.03354507 -0.006451189 -0.01592916 0.03316015 -0.004982411 -0.01621437 0.03293299 -0.01125949 -0.01264381 0.0365464 -0.01003462 -0.01371467 0.03558421 -0.008755981 -0.01455926 0.03482341 -0.007454276 -0.0151903 0.03425401 -0.00614506 -0.01562601 0.03386038 -0.004828691 -0.01588279 0.03362816 -0.003499984 -0.0165584 0.03212571 -0.003499984 -0.01640284 0.03261709 -0.003499984 -0.01630938 0.03285729 -0.003499984 -0.01596838 0.03355079 -0.003499984 -0.01583522 0.03377145 -0.01028311 -0.0124914 0.03718841 -0.009225904 -0.01347112 0.03622752 -0.008113741 -0.01424568 0.03546726 -0.006975591 -0.01482528 0.03489804 -0.00582689 -0.01522594 0.03450435 -0.004669427 -0.01546227 0.03427213 -0.003499984 -0.01554107 0.0341947 0.003499984 -0.0165584 0.03212571 0.003499984 -0.01640284 0.03261709 0.003499984 -0.01630938 0.03285729 0.003499984 -0.01596838 0.03355079 0.003499984 -0.01583522 0.03377145 0.003499984 -0.01554107 0.0341947 -0.01562166 -0.008916079 0.01782643 -0.01519125 -0.009039044 0.01766943 -0.01467949 -0.01031416 0.01892375 -0.01508998 -0.009058654 0.01763892 -0.01457661 -0.009109675 0.01751846 -0.01648569 -0.008406996 0.01832211 -0.01612257 -0.008675336 0.01807659 -0.01551884 -0.0101549 0.01945269 -0.01607954 -0.008701086 0.01805162 -0.01704221 -0.007655501 0.01893037 -0.01682072 -0.008037924 0.01863139 -0.01615798 -0.009764909 0.02012282 -0.01681405 -0.008047044 0.01862406 -0.003499984 -0.01727217 0.02664732 -0.003870427 -0.01712483 0.02597123 -0.003499984 -0.01712948 0.02597564 -0.003499984 -0.01724177 0.02641999 -0.003846585 -0.01683342 0.02534967 -0.003499984 -0.01683777 0.02535396 -0.003499984 -0.01695078 0.02555352 -0.003891646 -0.01726716 0.02664291 -0.006040632 -0.01705932 0.02646154 -0.008148372 -0.01654458 0.0260123 -0.01016294 -0.01572453 0.02529728 -0.01202738 -0.01460969 0.02432632 -0.01368349 -0.01322138 0.02311903 -0.01507627 -0.01159214 0.02170497 -0.01447933 -0.01185464 0.02103722 -0.01314961 -0.01336884 0.02245169 -0.01157468 -0.01465833 0.02365833 -0.009805977 -0.0156933 0.0246281 -0.007897734 -0.01645433 0.02534192 -0.005903124 -0.01693201 0.02579021 -0.01372939 -0.01189815 0.02048319 -0.01250272 -0.01331263 0.02187687 -0.01104158 -0.01451951 0.02306669 -0.009394466 -0.01548963 0.02402359 -0.007613182 -0.01620376 0.02472823 -0.00574845 -0.01665228 0.02517086 0.003499984 -0.01727217 0.02664732 0.003499984 -0.01724177 0.02641999 0.003499984 -0.01712948 0.02597564 0.003499984 -0.01695078 0.02555352 0.003499984 -0.01683777 0.02535396 0.009985566 -0.00915569 0.03921544 -0.009985566 -0.00915569 0.03921544 0.009985566 -0.009389996 0.03927081 -0.009985566 -0.009389996 0.03927081 0.009985566 -0.009869992 0.03929561 -0.009985566 -0.009869992 0.03929561 0.009985566 -0.01034206 0.03920519 -0.009985566 -0.01034206 0.03920519 0.009985566 -0.01056653 0.03911811 -0.009985566 -0.01056653 0.03911811 -0.01587122 -0.008061051 0.03677457 -0.01550936 -0.007545828 0.03736048 -0.0155518 -0.008515059 0.03708618 -0.01489424 -0.007034838 0.03767693 -0.01520496 -0.007959842 0.03762823 -0.01462596 -0.007397115 0.03789371 -0.01518952 -0.00892055 0.03738337 -0.01467502 -0.009368777 0.03773659 -0.01408886 -0.009755671 0.03806799 -0.0135532 -0.01002579 0.03831964 -0.01486158 -0.008329689 0.03788352 -0.01437586 -0.008739054 0.03818613 -0.01382416 -0.009093284 0.03846836 -0.01332098 -0.009341657 0.03868067 -0.01286929 -0.0102812 0.03858238 -0.01267957 -0.009578287 0.038899 -0.01213979 -0.01046365 0.03880006 -0.0119965 -0.009750008 0.03907489 -0.01153731 -0.01055425 0.03893601 -0.01143324 -0.009838283 0.03917998 -0.01076674 -0.01059877 0.039056 -0.01071375 -0.009887933 0.03926467 -0.01432287 -0.0077219 0.03810054 -0.01389348 -0.008083343 0.03834557 -0.01340514 -0.008398652 0.03857362 -0.0129593 -0.008622288 0.03874444 -0.01239013 -0.008839249 0.03891879 -0.01178288 -0.009002149 0.03905737 -0.01128101 -0.009091317 0.03913813 -0.01063829 -0.009151875 0.03919959 -0.01734775 -0.002100169 0.03491079 -0.01691418 -0.002010703 0.03555345 -0.01733022 -0.002783 0.03501826 -0.01626533 -0.001950919 0.03598284 -0.01689755 -0.002646088 0.03565442 -0.01724636 -0.003732085 0.03521037 -0.01709306 -0.004669487 0.03545039 -0.01624906 -0.002536177 0.03607636 -0.01617109 -0.003348767 0.03624689 -0.01602858 -0.004150211 0.03646308 -0.01628983 -0.007205069 0.03636801 -0.01663935 -0.006320536 0.0360012 -0.01691991 -0.005409479 0.03567647 -0.0168178 -0.003528773 0.03583753 -0.01667201 -0.004399895 0.03606855 -0.01650732 -0.005087196 0.03628748 -0.01624047 -0.005932748 0.03660345 -0.01590782 -0.006752908 0.03696185 -0.01586771 -0.004781901 0.03666841 -0.01560711 -0.005558133 0.03696519 -0.01528263 -0.006309688 0.03730207 -0.01611799 -9.74061e-4 0.03593575 -0.01549994 0 0.03599995 -0.01611799 0 0.03590208 -0.01626533 0 0.03584772 -0.01667553 -9.93689e-4 0.03565239 -0.01667553 0 0.035618 -0.01691418 0 0.03541421 -0.01711803 -0.001024246 0.03521096 -0.01711803 0 0.03517556 -0.01740211 -0.00106275 0.03465479 -0.01734775 0 0.03476536 -0.01740211 0 0.03461802 -0.01749998 0 0.03399997 -0.01611799 0.005499958 0.03590208 -0.01626533 0.005499958 0.03584772 -0.01667553 0.005499958 0.035618 -0.01691418 0.005499958 0.03541421 -0.01711803 0.005499958 0.03517556 -0.01734775 0.005499958 0.03476536 -0.01740211 0.005499958 0.03461802 -0.01611799 0.006976068 0.03556519 -0.01611799 0.007621169 0.03515982 -0.01611799 0.008565187 0.03397607 -0.01611799 0.008816778 0.033257 -0.01740211 0.005971252 0.03456491 -0.01740211 0.00761801 0.03249996 -0.01740211 0.007564902 0.03297126 -0.01734775 0.007765352 0.03249996 -0.01711803 0.008108437 0.03309535 -0.01711803 0.006095349 0.03510844 -0.01667553 0.008539855 0.03319382 -0.01691418 0.008414208 0.03249996 -0.01711803 0.008175551 0.03249996 -0.01667553 0.006193816 0.0355398 -0.01626533 0.008847713 0.03249996 -0.01667553 0.008617997 0.03249996 -0.01611799 0.008902072 0.03249996 -0.01667553 0.008309245 0.03385281 -0.01711803 0.007910549 0.03366088 -0.01740211 0.007408261 0.03341895 -0.01611799 0.008159875 0.03462117 -0.01667553 0.007937729 0.03444403 -0.01711803 0.007591843 0.03416818 -0.01740211 0.007155895 0.03382056 -0.01740211 0.006820559 0.0341559 -0.01711803 0.007168173 0.03459179 -0.01667553 0.007444024 0.03493773 -0.01667553 0.006852805 0.03530925 -0.01711803 0.006660878 0.03491055 -0.01740211 0.006418943 0.03440827 -0.01611799 0.006256997 0.03581678 -0.01740211 0.00761801 0.02187126 -0.01734775 0.007765352 0.02187126 -0.01711803 0.008175551 0.02187126 -0.01691418 0.008414208 0.02187126 -0.01667553 0.008617997 0.02187126 -0.01626533 0.008847713 0.02187126 -0.01611799 0.008902072 0.02187126 -0.01611799 0.008565187 0.02039515 -0.01611799 0.008159875 0.01975011 -0.01611799 0.006976068 0.01880609 -0.01611799 0.006256997 0.0185545 -0.01740211 0.007564902 0.02139997 -0.01740211 0.005499958 0.01975327 -0.01740211 0.005971252 0.01980638 -0.01734775 0.005499958 0.01960593 -0.01711803 0.006095349 0.01926279 -0.01711803 0.008108437 0.02127593 -0.01667553 0.006193816 0.01883143 -0.01691418 0.005499958 0.01895707 -0.01711803 0.005499958 0.01919573 -0.01667553 0.008539855 0.02117747 -0.01626533 0.005499958 0.01852351 -0.01667553 0.005499958 0.01875329 -0.01611799 0.005499958 0.01846915 -0.01667553 0.006852805 0.01906204 -0.01711803 0.006660878 0.01946067 -0.01740211 0.006418943 0.01996302 -0.01611799 0.007621169 0.01921141 -0.01667553 0.007444024 0.01943349 -0.01711803 0.007168173 0.01977944 -0.01740211 0.006820559 0.02021533 -0.01740211 0.007155895 0.02055072 -0.01711803 0.007591843 0.02020311 -0.01667553 0.007937729 0.01992726 -0.01667553 0.008309245 0.02051842 -0.01711803 0.007910549 0.0207104 -0.01740211 0.007408261 0.02095234 -0.01611799 0.008816778 0.02111423 -0.01749998 0 0.02037131 -0.01740211 0 0.01975327 -0.01734775 0 0.01960593 -0.01711803 0 0.01919573 -0.01691418 0 0.01895707 -0.01667553 0 0.01875329 -0.01626533 0 0.01852351 -0.01611799 0 0.01846915 -0.01549994 0 0.01837128 -0.01611799 -0.001882791 0.01837295 -0.01626533 -0.003756999 0.01813852 -0.01691418 -0.003844916 0.01856309 -0.01549994 0 0.01837128 -0.01611799 0 0.01846915 -0.01667553 0 0.01875329 -0.01667553 -0.001911759 0.01865553 -0.01711803 -0.00195682 0.01909571 -0.01740211 -0.002013683 0.01965034 -0.01711803 0 0.01919573 -0.01749998 0 0.02037131 -0.01740211 0 0.01975327 -0.01734775 -0.003976523 0.01919841 -0.01722502 -0.006086528 0.01873344 -0.01614791 -0.005599439 0.01767039 -0.01602572 -0.006318569 0.0174334 -0.01680552 -0.0058254 0.01808935 -0.01668471 -0.006599009 0.01784801 -0.01709479 -0.006911098 0.01849555 -0.01624161 -0.004680931 0.01792818 -0.01689571 -0.00483793 0.01835089 -0.01732409 -0.005034327 0.01899057 -0.01690965 -0.007342398 0.01821815 -0.01414811 -0.008448898 0.01702475 -0.01414811 -0.008625447 0.01710909 -0.01453208 -0.008641719 0.01714402 -0.01414811 -0.007686614 0.0168696 -0.01414811 -0.008075356 0.01690977 -0.01446616 -0.008085608 0.01692575 -0.01438486 -0.007491648 0.01688343 -0.01414811 -0.007491171 0.01687818 -0.01499754 -0.008600831 0.01722478 -0.01548844 -0.008479535 0.01735872 -0.01592189 -0.008292257 0.01752609 -0.01631939 -0.00803107 0.01773327 -0.01665681 -0.007704973 0.01797091 -0.01485401 -0.008048057 0.01697283 -0.01526671 -0.007943511 0.01705789 -0.01563537 -0.007783949 0.01716881 -0.01597863 -0.007561802 0.01730984 -0.01627635 -0.007283568 0.01747483 -0.01650661 -0.006972372 0.01764935 -0.01467341 -0.007454097 0.01690769 -0.01498013 -0.007365107 0.01695603 -0.01525354 -0.007235586 0.01702153 -0.01550745 -0.007059633 0.01710629 -0.01572686 -0.006842792 0.01720637 -0.01589584 -0.006603181 0.01731252 0.01414811 -0.007491171 0.01687818 0.01414811 -0.007686614 0.0168696 0.01414811 -0.008075356 0.01690977 0.01414811 -0.008448898 0.01702475 0.01414811 -0.008625447 0.01710909 0.01749998 -0.002205669 0.03415274 0.01749998 -0.004131734 0.01994788 0.01749998 -0.002076685 0.02026516 0.01749998 0.005499958 0.02037131 0.01749998 0.005499958 0.03399997 0.01749998 0 0.02037131 0.01749998 0 0.03399997 0.01749998 -0.001105427 0.03403818 0.01749998 0.005833745 0.02040892 0.01749998 0.006150782 0.02051985 0.01749998 0.006435215 0.02069854 0.01749998 0.006672739 0.02093607 0.01749998 0.006851434 0.02122044 0.01749998 0.006962358 0.03283375 0.01749998 0.006851434 0.03315079 0.01749998 0.006672739 0.03343522 0.01749998 0.006962358 0.02153754 0.01749998 0.006999969 0.02187126 0.01749998 0.006999969 0.03249996 0.01749998 0.005833745 0.03396236 0.01749998 0.006150782 0.03385144 0.01749998 0.006435215 0.03367274 0.01673686 -0.006656289 0.03525954 0.01665538 -0.006877303 0.03534173 0.01665633 -0.008872687 0.0206061 0.01636147 -0.007586658 0.03562486 0.01562571 -0.01088523 0.02222073 0.01652514 -0.009187877 0.02085894 0.01728707 -0.006658613 0.01941466 0.01728719 -0.004595875 0.03462189 0.01718562 -0.007201433 0.01926523 0.01722514 -0.00491625 0.03470629 0.0170387 -0.005696535 0.03493422 0.01745903 -0.005239129 0.0197463 0.01748096 -0.002925992 0.03426498 0.01733738 -0.006339788 0.01949656 0.01739042 -0.003927409 0.03446245 0.01422637 -0.01270484 0.02368056 0.01546251 -0.01113593 0.02242183 0.01495766 -0.01020181 0.03505527 0.01562666 -0.009055137 0.03570479 0.01591289 -0.008485198 0.03602761 0.01423013 -0.01123756 0.03446865 0.01359313 -0.01201313 0.03402936 0.01405966 -0.01288241 0.02382302 0.01250064 -0.01427608 0.02494114 0.01250439 -0.01312607 0.03339898 0.01205945 -0.01351797 0.03317701 0.01236671 -0.01437711 0.0250222 0.01050072 -0.01555091 0.02596396 0.0105012 -0.01466029 0.03252995 0.01042056 -0.01471078 0.03250133 0.01044255 -0.0155813 0.02598834 0.008726119 -0.01560509 0.03199481 0.00835061 -0.01646912 0.02670067 0.008291661 -0.01578706 0.0318917 0.007004559 -0.01622408 0.03164422 0.006153523 -0.01702743 0.02714854 0.005931675 -0.01706469 0.02717846 0.005933761 -0.0164783 0.03150022 0.00526303 -0.01658952 0.03143721 0.00390917 -0.01725292 0.0273295 0.01428973 -0.01077973 0.03602218 0.01219087 -0.01103502 0.03827446 0.01157808 -0.0111348 0.03844183 0.01124668 -0.01130789 0.03834795 0.01078999 -0.01118642 0.03860235 0.01028311 -0.0124914 0.03718841 0.01238894 -0.01134628 0.03770864 0.01292932 -0.01083731 0.03801888 0.01415508 -0.01027506 0.03743946 0.01397711 -0.01037877 0.03753769 0.01341968 -0.0111674 0.0369209 0.01361811 -0.01056313 0.03772014 0.01507288 -0.009569108 0.03683048 0.01473951 -0.009864211 0.03707438 0.01524877 -0.009390056 0.03668856 0.01560384 -0.008962512 0.03636544 0.01294708 -0.01239997 0.03493583 0.01147389 -0.01373839 0.03403466 0.009924411 -0.01479488 0.03332114 0.008339107 -0.01558446 0.03278654 0.006739497 -0.01612979 0.03241676 0.009225904 -0.01347112 0.03622752 0.008113741 -0.01424568 0.03546726 0.006975591 -0.01482528 0.03489804 0.00582689 -0.01522594 0.03450435 0.004669427 -0.01546227 0.03427213 0.01215904 -0.01261293 0.03578579 0.01079183 -0.01380467 0.03484553 0.009364724 -0.01474392 0.03410184 0.007912039 -0.01544517 0.03354507 0.006451189 -0.01592916 0.03316015 0.004982411 -0.01621437 0.03293299 0.005128026 -0.01645129 0.03219848 0.01125949 -0.01264381 0.0365464 0.01003462 -0.01371467 0.03558421 0.008755981 -0.01455926 0.03482341 0.007454276 -0.0151903 0.03425401 0.00614506 -0.01562601 0.03386038 0.004828691 -0.01588279 0.03362816 0.01507627 -0.01159214 0.02170497 0.01368349 -0.01322138 0.02311903 0.01202738 -0.01460969 0.02432632 0.003870427 -0.01712483 0.02597123 0.003846585 -0.01683342 0.02534967 0.01615798 -0.009764909 0.02012282 0.01648569 -0.008406996 0.01832211 0.01612257 -0.008675336 0.01807659 0.01551884 -0.0101549 0.01945269 0.01607954 -0.008701086 0.01805162 0.01681405 -0.008047044 0.01862406 0.01682072 -0.008037924 0.01863139 0.01704221 -0.007655501 0.01893037 0.01467949 -0.01031416 0.01892375 0.01457661 -0.009109675 0.01751846 0.01508998 -0.009058654 0.01763892 0.01519125 -0.009039044 0.01766943 0.01562166 -0.008916079 0.01782643 0.003891646 -0.01726716 0.02664291 0.00574845 -0.01665228 0.02517086 0.007613182 -0.01620376 0.02472823 0.009394466 -0.01548963 0.02402359 0.005903124 -0.01693201 0.02579021 0.007897734 -0.01645433 0.02534192 0.009805977 -0.0156933 0.0246281 0.006040632 -0.01705932 0.02646154 0.008148372 -0.01654458 0.0260123 0.01016294 -0.01572453 0.02529728 0.01157468 -0.01465833 0.02365833 0.01104158 -0.01451951 0.02306669 0.01314961 -0.01336884 0.02245169 0.01250272 -0.01331263 0.02187687 0.01447933 -0.01185464 0.02103722 0.01372939 -0.01189815 0.02048319 0.01550936 -0.007545828 0.03736048 0.01489424 -0.007034838 0.03767693 0.01462596 -0.007397115 0.03789371 0.01587122 -0.008061051 0.03677457 0.01520496 -0.007959842 0.03762823 0.0155518 -0.008515059 0.03708618 0.01518952 -0.00892055 0.03738337 0.01467502 -0.009368777 0.03773659 0.01408886 -0.009755671 0.03806799 0.01432287 -0.0077219 0.03810054 0.01486158 -0.008329689 0.03788352 0.01389348 -0.008083343 0.03834557 0.01437586 -0.008739054 0.03818613 0.01340514 -0.008398652 0.03857362 0.01382416 -0.009093284 0.03846836 0.0129593 -0.008622288 0.03874444 0.01332098 -0.009341657 0.03868067 0.01239013 -0.008839249 0.03891879 0.01267957 -0.009578287 0.038899 0.01178288 -0.009002149 0.03905737 0.0119965 -0.009750008 0.03907489 0.01128101 -0.009091317 0.03913813 0.01143324 -0.009838283 0.03917998 0.01063829 -0.009151875 0.03919959 0.01071375 -0.009887933 0.03926467 0.0135532 -0.01002579 0.03831964 0.01286929 -0.0102812 0.03858238 0.01213979 -0.01046365 0.03880006 0.01153731 -0.01055425 0.03893601 0.01076674 -0.01059877 0.039056 0.01691418 -0.002010703 0.03555345 0.01626533 -0.001950919 0.03598284 0.01624906 -0.002536177 0.03607636 0.01734775 -0.002100169 0.03491079 0.01689755 -0.002646088 0.03565442 0.01724636 -0.003732085 0.03521037 0.01733022 -0.002783 0.03501826 0.01617109 -0.003348767 0.03624689 0.01586771 -0.004781901 0.03666841 0.01602858 -0.004150211 0.03646308 0.0168178 -0.003528773 0.03583753 0.01667201 -0.004399895 0.03606855 0.01650732 -0.005087196 0.03628748 0.01560711 -0.005558133 0.03696519 0.01624047 -0.005932748 0.03660345 0.01709306 -0.004669487 0.03545039 0.01691991 -0.005409479 0.03567647 0.01663935 -0.006320536 0.0360012 0.01628983 -0.007205069 0.03636801 0.01590782 -0.006752908 0.03696185 0.01528263 -0.006309688 0.03730207 0.01611799 -9.74061e-4 0.03593575 0.01549994 0 0.03599995 0.01611799 0 0.03590208 0.01626533 0 0.03584772 0.01667553 0 0.035618 0.01667553 -9.93689e-4 0.03565239 0.01691418 0 0.03541421 0.01711803 -0.001024246 0.03521096 0.01740211 -0.00106275 0.03465479 0.01734775 0 0.03476536 0.01711803 0 0.03517556 0.01749998 0 0.03399997 0.01740211 0 0.03461802 0.01611799 0.005499958 0.03590208 0.01611799 0 0.03590208 0.01626533 0.005499958 0.03584772 0.01667553 0.005499958 0.035618 0.01667553 0 0.035618 0.01691418 0.005499958 0.03541421 0.01711803 0.005499958 0.03517556 0.01711803 0 0.03517556 0.01734775 0.005499958 0.03476536 0.01740211 0.005499958 0.03461802 0.01740211 0 0.03461802 0.01749998 0 0.03399997 0.01611799 0.008565187 0.03397607 0.01611799 0.008159875 0.03462117 0.01611799 0.006976068 0.03556519 0.01611799 0.006256997 0.03581678 0.01740211 0.007564902 0.03297126 0.01740211 0.005971252 0.03456491 0.01711803 0.006095349 0.03510844 0.01740211 0.00761801 0.03249996 0.01734775 0.007765352 0.03249996 0.01711803 0.008108437 0.03309535 0.01667553 0.006193816 0.0355398 0.01711803 0.008175551 0.03249996 0.01691418 0.008414208 0.03249996 0.01667553 0.008539855 0.03319382 0.01667553 0.006852805 0.03530925 0.01711803 0.006660878 0.03491055 0.01740211 0.006418943 0.03440827 0.01611799 0.007621169 0.03515982 0.01667553 0.007444024 0.03493773 0.01711803 0.007168173 0.03459179 0.01740211 0.006820559 0.0341559 0.01740211 0.007155895 0.03382056 0.01711803 0.007591843 0.03416818 0.01667553 0.007937729 0.03444403 0.01667553 0.008309245 0.03385281 0.01711803 0.007910549 0.03366088 0.01740211 0.007408261 0.03341895 0.01611799 0.008816778 0.033257 0.01667553 0.008617997 0.03249996 0.01626533 0.008847713 0.03249996 0.01611799 0.008902072 0.03249996 0.01611799 0.008902072 0.02187126 0.01626533 0.008847713 0.02187126 0.01667553 0.008617997 0.02187126 0.01691418 0.008414208 0.02187126 0.01711803 0.008175551 0.02187126 0.01734775 0.007765352 0.02187126 0.01740211 0.00761801 0.02187126 0.01611799 0.006976068 0.01880609 0.01611799 0.007621169 0.01921141 0.01611799 0.008565187 0.02039515 0.01611799 0.008816778 0.02111423 0.01740211 0.005971252 0.01980638 0.01740211 0.007564902 0.02139997 0.01711803 0.008108437 0.02127593 0.01740211 0.005499958 0.01975327 0.01734775 0.005499958 0.01960593 0.01711803 0.006095349 0.01926279 0.01667553 0.008539855 0.02117747 0.01711803 0.005499958 0.01919573 0.01691418 0.005499958 0.01895707 0.01667553 0.006193816 0.01883143 0.01667553 0.008309245 0.02051842 0.01711803 0.007910549 0.0207104 0.01740211 0.007408261 0.02095234 0.01611799 0.008159875 0.01975011 0.01667553 0.007937729 0.01992726 0.01711803 0.007591843 0.02020311 0.01740211 0.007155895 0.02055072 0.01740211 0.006820559 0.02021533 0.01711803 0.007168173 0.01977944 0.01667553 0.007444024 0.01943349 0.01667553 0.006852805 0.01906204 0.01711803 0.006660878 0.01946067 0.01740211 0.006418943 0.01996302 0.01611799 0.006256997 0.0185545 0.01667553 0.005499958 0.01875329 0.01626533 0.005499958 0.01852351 0.01611799 0.005499958 0.01846915 0.01740211 0 0.01975327 0.01734775 0 0.01960593 0.01711803 0 0.01919573 0.01691418 0 0.01895707 0.01667553 0 0.01875329 0.01626533 0 0.01852351 0.01611799 0 0.01846915 0.01549994 0 0.01837128 0.01626533 -0.003756999 0.01813852 0.01611799 -0.001882791 0.01837295 0.01611799 0 0.01846915 0.01667553 -0.001911759 0.01865553 0.01691418 -0.003844916 0.01856309 0.01667553 0 0.01875329 0.01711803 -0.00195682 0.01909571 0.01711803 0 0.01919573 0.01740211 -0.002013683 0.01965034 0.01734775 -0.003976523 0.01919841 0.01740211 0 0.01975327 0.01749998 0 0.02037131 0.01709479 -0.006911098 0.01849555 0.01722502 -0.006086528 0.01873344 0.01680552 -0.0058254 0.01808935 0.01668471 -0.006599009 0.01784801 0.01614791 -0.005599439 0.01767039 0.01602572 -0.006318569 0.0174334 0.01732409 -0.005034327 0.01899057 0.01689571 -0.00483793 0.01835089 0.01624161 -0.004680931 0.01792818 0.01665681 -0.007704973 0.01797091 0.01592189 -0.008292257 0.01752609 0.01499754 -0.008600831 0.01722478 0.01453208 -0.008641719 0.01714402 0.01438486 -0.007491648 0.01688343 0.01446616 -0.008085608 0.01692575 0.01485401 -0.008048057 0.01697283 0.01467341 -0.007454097 0.01690769 0.01548844 -0.008479535 0.01735872 0.01526671 -0.007943511 0.01705789 0.01498013 -0.007365107 0.01695603 0.01563537 -0.007783949 0.01716881 0.01525354 -0.007235586 0.01702153 0.01631939 -0.00803107 0.01773327 0.01597863 -0.007561802 0.01730984 0.01550745 -0.007059633 0.01710629 0.01627635 -0.007283568 0.01747483 0.01572686 -0.006842792 0.01720637 0.01690965 -0.007342398 0.01821815 0.01650661 -0.006972372 0.01764935 0.01589584 -0.006603181 0.01731252</float_array>
          <technique_common>
            <accessor source="#MRH-F-Prox-MagTac-Sensor-Visual_00-mesh-positions-array" count="871" stride="3">
              <param name="X" type="float"/>
              <param name="Y" type="float"/>
              <param name="Z" type="float"/>
            </accessor>
          </technique_common>
        </source>
        <source id="MRH-F-Prox-MagTac-Sensor-Visual_00-mesh-normals">
          <float_array id="MRH-F-Prox-MagTac-Sensor-Visual_00-mesh-normals-array" count="4881">0 -0.990932 0.1343647 0 -0.9909318 0.1343662 0 -0.7114647 0.702722 0 -0.7114646 0.702722 0 -0.711463 0.7027236 3.66603e-6 -0.7114673 0.7027193 -4.10031e-6 -0.7114642 0.7027224 5.46708e-6 -0.7114642 0.7027224 -3.66603e-6 -0.7114673 0.7027193 0 -0.7114641 0.7027225 -8.4664e-6 -0.7114756 0.7027108 5.49881e-6 -0.7114632 0.7027235 0 -0.7114633 0.7027233 0 -0.7114639 0.7027227 -5.49881e-6 -0.7114632 0.7027235 8.46644e-6 -0.7114799 0.7027065 -0.008472561 0.5633765 0.8261569 -0.01186543 0.5632948 0.8261709 -0.01105415 0.5637001 0.8259056 -0.03228634 0.4558294 0.8894815 -0.02292639 0.471194 0.8817316 -0.01022988 0.4978179 0.8672214 -0.001330196 0.524612 0.8513404 6.9455e-4 0.5472725 0.8369542 -0.003250956 0.5591249 0.8290771 -6.95782e-4 0.5472735 0.8369536 0.001331329 0.5246119 0.8513405 0.01022988 0.4978179 0.8672214 0.002287983 0.5723634 0.819997 0.007345676 0.5666057 0.8239564 0.01105415 0.5637001 0.8259056 0.01186293 0.5632945 0.8261711 0.008472561 0.5633772 0.8261564 0.003250956 0.5591249 0.8290771 0 0.5414587 0.8407275 0.4703028 -0.6110955 0.6366927 0.03228634 0.4558294 0.8894815 0.02293014 0.4711934 0.8817318 0 0.3502214 0.936667 -0.001373291 0.400074 0.9164819 0.001413404 0.3497734 0.9368333 -0.007348537 0.5666058 0.8239562 -0.002293944 0.5723637 0.8199967 -0.470323 -0.6110801 0.6366927 0 0.5414587 0.8407274 0 0.4482844 0.893891 0 0.4482851 0.8938907 0 0.400609 0.9162491 0.001368284 0.2031543 0.9791459 -0.001349925 0.2562798 0.9666018 0 0.3228631 0.9464458 0 0.32286 0.9464468 0 0.3020709 0.9532855 0 0.3020722 0.953285 0 0.2565215 0.9665386 0 0.03456723 0.9994024 0 0.1035362 0.9946257 0 0.1503134 0.9886385 0 0.1503133 0.9886385 0 0.1695993 0.9855131 0 0.1695986 0.9855132 0 0.2032902 0.9791185 0 0 1 0 1 0 0 0 -1 0.00443238 0.3623461 -0.9320332 0.02885317 0.3096092 -0.9504261 0.007084906 0.3356607 -0.9419564 0.001567959 0.345895 -0.938272 -4.8268e-4 0.3551122 -0.9348236 0.001127779 0.3608434 -0.9326258 0.003715991 0.3624181 -0.9320082 4.8268e-4 0.3551122 -0.9348236 -0.001567959 0.345895 -0.938272 -8.62845e-4 0.3649522 -0.9310259 -0.002884626 0.3631498 -0.9317263 -0.00443238 0.3623457 -0.9320333 -0.003715991 0.3624181 -0.9320082 -0.001127779 0.3608434 -0.9326258 0 0.3369369 -0.9415273 -0.06376659 0.2894408 -0.9550697 -0.02885317 0.3096092 -0.9504261 -0.007084965 0.3356596 -0.9419568 0.002886533 0.3631523 -0.9317254 8.66771e-4 0.3649522 -0.9310259 0.06376111 0.2894408 -0.95507 0 0.3369374 -0.9415271 0 0.2731676 -0.9619665 0 0.273168 -0.9619664 0 0.226351 -0.9740459 0 0.226351 -0.9740459 0 0.1657466 -0.9861684 0 0.1151974 -0.9933426 0 0.1151974 -0.9933427 0 0.05103898 -0.9986968 0 -0.7089273 -0.7052816 4.58472e-6 -0.7089312 -0.7052777 0 -0.7089289 -0.70528 0 -0.7089291 -0.7052798 -4.58472e-6 -0.7089312 -0.7052777 0 -0.7089304 -0.7052785 3.6729e-7 -0.7089277 -0.7052812 -2.19194e-6 -0.7089286 -0.7052804 2.19194e-6 -0.7089282 -0.7052808 -3.6729e-7 -0.7089277 -0.7052812 5.322e-7 -0.70893 -0.7052789 -1.8316e-6 -0.708929 -0.70528 0 -0.7089277 -0.7052812 -2.81168e-6 -0.7089334 -0.7052754 2.81169e-6 -0.7089362 -0.7052726 9.15801e-7 -0.7089294 -0.7052795 -1 0 0 -1 6.85204e-7 0 -1 -1.0212e-6 0 -1 1.47143e-6 0 -1 -8.18894e-6 0 -1 3.62253e-5 0 -1 -1.81127e-5 0 -1 8.1888e-6 0 -1 -3.91176e-7 0 -1 -5.44182e-6 0 -1 3.90987e-6 0 -1 1.22811e-5 0 -0.01461535 -0.9908261 0.1343505 -0.1022619 -0.9845145 0.1423854 -0.06373953 -0.9906595 0.1205452 -0.1499314 -0.9797291 0.1328586 -0.1816242 -0.9744511 0.1321278 -0.211998 -0.9681953 0.132871 -0.2674332 -0.956049 0.1202074 -0.2967708 -0.9463698 0.1277158 -0.4228588 -0.8978407 0.1227704 -0.3640509 -0.9259556 0.1003654 -0.5043106 -0.8519779 0.1407289 -0.4350871 -0.8923552 0.1200066 -0.4972039 -0.8597663 0.1165782 -0.5685622 -0.8151814 0.1105271 -0.5583246 -0.8226019 0.1077031 -0.6384223 -0.7625734 0.1043975 -0.6274065 -0.7716292 0.1046404 -0.7007085 -0.7069842 0.09581863 -0.6849418 -0.7226561 0.09285908 -0.7609519 -0.6426035 0.0895152 -0.7441148 -0.6619914 0.08978098 -0.812644 -0.5774814 0.0782628 -0.7950701 -0.6017042 0.07626098 -0.8612311 -0.5031424 0.07161664 -0.8431311 -0.5328312 0.07225573 -0.8766144 -0.4768306 0.06465244 -0.9030039 -0.4260613 0.05527889 -0.9003063 -0.4315382 0.05677473 -0.9295861 -0.3652109 0.04990696 -0.9351373 -0.3510733 0.04760086 -0.9426224 -0.3308328 0.04486268 -0.9568905 -0.2879142 0.03829044 -0.9738963 -0.2257158 0.02404934 -0.9610326 -0.2738024 0.03806108 -0.9826485 -0.1838274 0.02468943 -0.9813437 -0.1905184 0.02583426 -0.9996609 -0.025806 0.003498911 -0.9992757 -0.03778785 0.00450772 -0.9960779 -0.0876016 0.0124486 -0.988755 -0.1484768 0.01784068 -0.9934058 -0.1134753 0.0163809 -0.9866511 -0.1613718 0.02188122 0 0.9937123 0.1119649 0 0.9937124 0.1119625 0 0.9639638 0.2660336 0 0.9639623 0.2660391 0 0.928116 0.3722912 0 0.8584482 0.5129003 0 0.7956234 0.6057916 0 0.7071065 0.7071071 0 0.7071077 0.7071059 0 0.6057825 0.7956303 0 0.5128991 0.8584489 0 0.5128998 0.8584486 0 0.3722962 0.9281141 0 0.3722968 0.9281138 0 0.2660396 0.9639621 0 0.1119605 0.9937127 0 0.1119607 0.9937127 0 0.111963 -0.9937124 0 0.1119629 -0.9937124 0 0.2660396 -0.9639621 0 0.3722934 -0.9281151 0 0.3722928 -0.9281154 0 0.5128998 -0.8584486 0 0.5128991 -0.8584489 0 0.60579 -0.7956247 0 0.7071065 -0.7071071 0 0.7071053 -0.7071083 0 0.7956278 -0.6057859 0 0.8584482 -0.5129003 0 0.9281155 -0.3722926 0 0.9639623 -0.2660391 0 0.9639638 -0.2660336 0 0.9937124 -0.1119625 0 0.9937123 -0.1119649 -0.1838803 -0.7168653 0.6725268 -0.3877148 -0.7435908 0.5447478 -0.5713079 -0.7166743 0.3999817 -0.865722 -0.4906848 0.09876281 -0.8318687 -0.5449114 0.1051954 -0.8107356 -0.5688524 0.1382564 -0.6023754 -0.7321515 0.3179593 -0.6678502 -0.6788443 0.3051995 -0.7354854 -0.6344825 0.2376831 -0.4909805 -0.7492216 0.4445281 -0.2762305 -0.7979854 0.5356454 -0.6087695 -0.7469555 0.2673149 -0.6270823 -0.7699047 0.1183832 -0.6970154 -0.6876211 0.2033392 -0.6955202 -0.6960038 0.1784108 -0.7650215 -0.6251096 0.1548554 -0.7727573 -0.6120635 0.1680014 -0.7672345 -0.6182692 0.1705709 -0.5890797 -0.782681 0.2009868 -0.5407667 -0.8264374 0.1567565 -0.4837694 -0.8500962 0.2080953 -0.4696742 -0.8608053 0.1960116 -0.4217113 -0.8918138 0.1637919 -0.3787413 -0.9016774 0.208645 -0.3405008 -0.9207536 0.1904525 -0.2748525 -0.9407809 0.1984631 -0.2779417 -0.9374069 0.2098015 -0.1695324 -0.9695852 0.1765314 -0.6396082 -0.7002082 0.3171908 -0.6276599 -0.7194795 0.2973086 -0.5644863 -0.7547432 0.3342423 -0.5353746 -0.7901551 0.2983776 -0.4774276 -0.8122098 0.3352288 -0.4391189 -0.8468002 0.3001734 -0.3897386 -0.8576967 0.3353511 -0.341188 -0.88994 0.3026511 -0.3027325 -0.8925246 0.3342946 -0.2431075 -0.9205141 0.3058638 -0.2167221 -0.9181072 0.3318294 -0.1454617 -0.9395509 0.3099759 -0.1309981 -0.9356352 0.3277594 -0.4690225 -0.7659269 0.4397431 -0.4721019 -0.7610543 0.4448778 -0.4191206 -0.7804276 0.4639728 -0.3992087 -0.8046882 0.4394419 -0.351622 -0.8154159 0.4598467 -0.3252735 -0.8392412 0.4357425 -0.2852492 -0.8428496 0.4563305 -0.2515199 -0.865285 0.4336121 -0.2205783 -0.8637911 0.4530013 -0.178604 -0.8835252 0.432994 -0.1574703 -0.8792835 0.4495151 -0.1066139 -0.8946188 0.4339249 -0.09506374 -0.8901791 0.4455828 -0.1904859 -0.9475944 0.2564764 -0.1417841 -0.9692499 0.2011266 -0.06034928 -0.9801838 0.1886734 -0.0555619 -0.9787076 0.1975969 -0.04917538 -0.9522039 0.3014786 -0.05307185 -0.9472548 0.3160566 -0.04116898 -0.9311469 0.3623129 -0.03531956 -0.8989801 0.4365631 -0.03206455 -0.8969218 0.4410251 -0.0250315 -0.8559302 0.5164853 -0.26966 -0.8039062 0.5301117 -0.2936521 -0.7668374 0.5707265 -0.2581583 -0.7751429 0.576635 -0.2471249 -0.7886132 0.5630442 -0.2154909 -0.7923261 0.570774 -0.2006924 -0.8057313 0.5572429 -0.1741396 -0.8057208 0.5661181 -0.154865 -0.8185703 0.5531362 -0.1342993 -0.8159681 0.5622809 -0.1098294 -0.8274977 0.5506225 -0.09574276 -0.8236639 0.5589375 -0.0655142 -0.8328024 0.5496799 -0.05779045 -0.82928 0.5558373 -0.02963119 -0.8335462 0.5516546 -0.01752197 -0.8210328 0.5706122 -0.02617585 -0.882972 0.4686953 -0.1005576 -0.7368581 0.668527 -0.08794033 -0.7390002 0.667941 -0.08480381 -0.7428283 0.6640893 -0.07370853 -0.7433269 0.6648551 -0.06904727 -0.7475547 0.6606017 -0.05969911 -0.7470124 0.6621243 -0.05347174 -0.7511708 0.6579386 -0.04619491 -0.7499187 0.6599152 -0.03807491 -0.7537483 0.6560593 -0.03304648 -0.7521973 0.6581089 -0.02279359 -0.7553085 0.6549731 -0.02002197 -0.7539561 0.6566196 -0.007561385 -0.7558069 0.654751 -0.006775319 -0.7552266 0.6554289 0 -0.9802222 0.1979002 0 -0.9802218 0.1979028 0 -0.9533576 0.3018435 0 -0.9319415 0.3626089 0 -0.9319387 0.3626158 0 -0.8973842 0.4412502 0 -0.8973832 0.4412524 0 -0.856202 0.5166414 0 -0.8561984 0.5166473 0 -0.8211581 0.570701 0 -0.8211561 0.5707036 0 -0.7552431 0.655445 -0.4102652 -0.7178998 -0.5624076 -0.3232917 -0.7263646 -0.6065288 -0.2238225 -0.7318569 -0.6436529 -0.6993363 -0.61855 -0.3582243 -0.6329979 -0.6497543 -0.4208718 -0.5551988 -0.6781681 -0.4815001 -0.953453 -0.3015415 4.92768e-4 -0.8947234 -0.4332 -0.1086634 -0.8920068 -0.4381828 -0.110995 -0.858047 -0.482078 -0.1770769 -0.810689 -0.528833 -0.251235 -0.01351493 -0.9997072 0.02007126 -0.009285211 -0.9694732 -0.2450217 -0.004839122 -0.8701907 -0.4926913 -0.002193152 -0.7849894 -0.6195054 -0.01302611 -0.9997077 0.02036941 -0.0940026 -0.9954056 0.01820522 -0.09685528 -0.9952719 0.00728625 -0.1681315 -0.9855967 0.01819282 -0.2471169 -0.9689756 0.004438042 -0.2440516 -0.9691496 0.03446817 -0.3869864 -0.9219982 -0.01269221 -0.3872093 -0.9213538 0.03429514 -0.4621484 -0.886797 -0.003203332 -0.5017835 -0.8645045 -0.02907818 -0.5390632 -0.8420606 0.01857322 -0.5940088 -0.8041877 -0.02087652 -0.6192528 -0.7834986 -0.0515359 -0.6672604 -0.7448219 0.002024769 -0.7112498 -0.7016682 -0.04225504 -0.7259635 -0.6838631 -0.07285815 -0.7777836 -0.6282379 -0.01923543 -0.810844 -0.5814333 -0.06683915 -0.8184021 -0.5667357 -0.09502083 -0.8675358 -0.4953843 -0.04445374 -0.8899983 -0.4461097 -0.09428203 -0.7191992 -0.6113666 -0.3301265 -0.6906238 -0.6718587 -0.2676655 -0.6619887 -0.6746318 -0.3265624 -0.6050944 -0.758216 -0.2428361 -0.5819877 -0.7564888 -0.2983539 -0.5091605 -0.8311192 -0.2235991 -0.492801 -0.8259451 -0.2737917 -0.4054645 -0.8896701 -0.2099663 -0.3962802 -0.8827081 -0.2525638 -0.2967525 -0.9333811 -0.2018355 -0.2939237 -0.926603 -0.2345541 -0.1857361 -0.9622567 -0.1989074 -0.18698 -0.957436 -0.2198977 -0.07478505 -0.9768161 -0.2005931 -0.07662838 -0.9749078 -0.2090051 -0.05553483 -0.97641 -0.2086612 -0.01120895 -0.9911254 -0.1324578 -0.4630705 -0.7189261 -0.5183734 -0.4491046 -0.7489845 -0.4871625 -0.4253252 -0.7425004 -0.5174859 -0.3893116 -0.7953597 -0.4645856 -0.3704683 -0.7866738 -0.4938601 -0.3246397 -0.8336119 -0.4468786 -0.3113691 -0.8237152 -0.4738592 -0.2566142 -0.8636486 -0.4338899 -0.2489756 -0.8538367 -0.457137 -0.1867141 -0.8855168 -0.4254384 -0.1839569 -0.8772052 -0.4434762 -0.116358 -0.8994607 -0.4212262 -0.1167685 -0.8938657 -0.4328619 -0.04671514 -0.9059379 -0.4208258 -0.04782348 -0.9036992 -0.4254888 -0.05550587 -0.9032239 -0.4255652 -0.006968736 -0.9208481 -0.3898593 -0.002116501 -0.7850117 -0.6194774 -0.0164541 -0.7845826 -0.6198061 -0.01607573 -0.7856312 -0.6184863 -0.04017013 -0.7814874 -0.6226266 -0.04006254 -0.78411 -0.6193274 -0.06328016 -0.7764707 -0.6269682 -0.06433135 -0.7804565 -0.6218916 -0.08568209 -0.7695958 -0.6327568 -0.08852332 -0.7745212 -0.626323 -0.1072824 -0.7608472 -0.6400018 -0.1122015 -0.7662186 -0.6327083 -0.127906 -0.7501462 -0.6487842 -0.134916 -0.7554922 -0.6411157 -0.1472814 -0.7373675 -0.6592401 -0.1561932 -0.7422989 -0.6516104 -0.1552299 -0.7444285 -0.6494074 -0.0700103 -0.7198305 -0.6906104 0 -0.9997985 0.02007138 0 -0.9997985 0.02007442 0 -0.9911875 -0.1324669 0 -0.9695152 -0.2450315 0 -0.9695131 -0.24504 0 -0.920869 -0.3898724 0 -0.9208706 -0.3898685 0 -0.8702014 -0.4926964 0 -0.7849887 -0.6195102 0 -0.7849871 -0.6195121 0 0.4557417 0.8901122 0 0.4557424 0.8901118 0 0.2302032 0.9731426 0 0.2302019 0.9731429 0 0.05158644 0.9986686 0 0.05158662 0.9986686 0 -0.1881719 0.9821361 0 -0.3615953 0.9323351 0 -0.3615974 0.9323344 0 -0.5736045 0.8191325 0 -0.5736035 0.8191331 -0.8841055 -0.3834579 0.2670534 -0.7844948 -0.1368389 0.6048496 -0.5414494 0.1382253 0.8292928 -0.1994648 0.3901675 0.8988788 -0.8646084 -0.3965212 0.308583 -0.8336113 -0.4402914 0.3335202 -0.8108378 -0.4505786 0.373525 -0.7924419 -0.4719489 0.386394 -0.7423765 -0.5069559 0.4380329 -0.7538592 -0.4888024 0.4390541 -0.6850458 -0.5497808 0.477968 -0.6554474 -0.5468713 0.5208843 -0.6260561 -0.56748 0.5348087 -0.5673319 -0.5903782 0.5740978 -0.7582067 -0.1466084 0.6353178 -0.7356969 -0.178327 0.6534138 -0.7070045 -0.1852814 0.6825068 -0.6753793 -0.2207379 0.7036601 -0.642273 -0.2191513 0.7344782 -0.5986156 -0.2571332 0.7586448 -0.5635724 -0.2505519 0.7871532 -0.5201604 -0.2798562 0.8069162 -0.4853457 -0.2735059 0.8304422 -0.4374933 -0.2990416 0.8480412 -0.4011918 -0.283981 0.8708617 -0.3419319 -0.307665 0.887933 -0.3061125 -0.2879998 0.9073871 -0.2529066 -0.3030708 0.9187961 -0.2188299 -0.286049 0.932893 -0.1636379 -0.2967761 0.9408224 -0.1309469 -0.270254 0.9538426 -0.5856221 -0.5710446 0.5752869 -0.5068041 -0.6139196 0.6051878 -0.4722176 -0.6017546 0.644129 -0.3992451 -0.6309757 0.6651865 -0.3627665 -0.6130923 0.7017965 -0.2982835 -0.6315879 0.7156283 -0.2604229 -0.6151438 0.7441627 -0.1945754 -0.6278297 0.753638 -0.1568398 -0.5996389 0.7847514 -0.07823693 -0.6072794 0.7906268 -0.04142898 -0.5731124 0.8184289 -0.05912292 -0.3609631 0.9307041 -0.09273195 -0.2740979 0.9572206 -0.03708082 -0.1880421 0.9814608 -0.04367506 0.05153721 0.9977156 -0.5132461 0.1277273 0.8486838 -0.5068521 0.1187415 0.8538159 -0.4763764 0.1108364 0.8722276 -0.4652265 0.09828883 0.8797179 -0.4298432 0.09794557 0.8975754 -0.4116293 0.0821039 0.9076455 -0.3751608 0.08646064 0.9229188 -0.3564918 0.07391506 0.93137 -0.3221219 0.07835388 0.9434502 -0.2995218 0.0662449 0.9517869 -0.2648059 0.0779221 0.9611483 -0.2334263 0.0653941 0.970173 -0.2012004 0.08035778 0.9762485 -0.1719458 0.07214486 0.9824611 -0.1436681 0.08449572 0.9860122 -0.1112578 0.0781573 0.9907135 -0.08575934 0.09646672 0.9916348 -0.07355976 0.09531372 0.9927257 -0.02222985 0.2301449 0.9729025 -0.1743443 0.377506 0.9094467 -0.187977 0.396685 0.8985019 -0.1600571 0.3858535 0.9085697 -0.1744852 0.4021498 0.8987939 -0.1416349 0.3969434 0.9068493 -0.1556413 0.4091413 0.8990992 -0.12212 0.4080357 0.9047616 -0.1352826 0.4168644 0.8988452 -0.1046334 0.4166569 0.9030222 -0.1146675 0.422038 0.8992971 -0.08515524 0.4271835 0.9001461 -0.08999156 0.4291103 0.898758 -0.06478142 0.4364877 0.897375 -0.06668567 0.4370172 0.8969778 -0.04697477 0.4427309 0.8954233 -0.04398506 0.4421517 0.8958612 -0.02876013 0.4500984 0.8925157 -0.01902353 0.4491726 0.8932425 -0.009411692 0.4557219 0.8900726 -0.9805392 0.004728972 0.1962665 -0.8314211 0.0655198 0.5517664 -0.555566 0.1163189 0.8232961 -0.9807438 0.005576252 0.1952196 -0.9776332 -0.04799771 0.2047671 -0.9786183 -0.0458768 0.2005033 -0.9719564 -0.09929394 0.2131701 -0.9704536 -0.1028493 0.2182705 -0.1950823 0.1437233 0.9701992 -0.1924939 0.1495808 0.9698308 -0.1947813 0.1569451 0.968209 -0.1961424 0.1833726 0.9632771 -0.1922508 0.1803874 0.9646244 -0.1976694 0.2223499 0.9547185 -0.9272323 -0.2892017 0.237913 -0.9318417 -0.265796 0.24703 -0.9365329 -0.2563416 0.2391549 -0.9513334 -0.2138628 0.2218725 -0.9470654 -0.2178894 0.2357787 -0.9633358 -0.1594484 0.2157791 -0.9605149 -0.16386 0.2248582 -0.9677829 -0.1307613 0.215169 -0.8316286 0.06588572 0.5514101 -0.8301585 0.03923702 0.5561451 -0.83098 0.04002499 0.5548607 -0.8269224 0.008702814 0.5622488 -0.8284499 0.009835004 0.5599768 -0.822521 -0.01877272 0.5684248 -0.8243988 -0.01727855 0.5657457 -0.8164048 -0.0462386 0.575626 -0.8192809 -0.04500216 0.5716238 -0.8077643 -0.07681822 0.5844791 -0.8113775 -0.07577216 0.5795907 -0.5554006 0.1160908 0.8234398 -0.5556249 0.1204454 0.8226627 -0.5545805 0.1196414 0.8234844 -0.5552852 0.1251 0.8221973 -0.5531786 0.1238257 0.8238087 -0.5542895 0.1291553 0.8222422 -0.5517042 0.1274553 0.8242437 -0.5531416 0.1327312 0.8224458 -0.5490638 0.1312415 0.8254119 -0.5509194 0.1363741 0.8233407 -0.5457694 0.1350709 0.8269774 -0.195767 0.3478249 0.9168933 -0.1836364 0.3210644 0.9290831 -0.2013875 0.3269429 0.9233372 -0.1860912 0.2844578 0.9404541 -0.2002623 0.2904984 0.9356847 -0.1927785 0.2629325 0.9453586 -0.1913918 0.2590205 0.9467195 -0.1964575 0.2473962 0.9487885 -0.1902452 0.2176336 0.9573101 -0.1877782 0.3688748 0.9103136 -0.1881058 0.3696016 0.9099512 -0.5416043 0.1385024 0.8291454 -0.5477554 0.1394296 0.8249385 -0.801271 -0.1067097 0.5887086 -0.7969645 -0.107403 0.5944008 -0.9122322 -0.3323153 0.2395809 -0.905476 -0.3356749 0.2596835 -0.1947362 0.0764932 0.9778684 -0.1563483 0.1022632 0.9823938 -0.1563368 0.03414255 0.9871136 -0.1563369 0.03414279 0.9871135 -0.3459553 0.03243327 0.9376903 -0.4534272 0.01196897 0.891213 -0.4534365 0.1110031 0.8843493 -0.5543749 0.04926502 0.8308078 -0.6492916 -0.02162688 0.7602321 -0.7602162 0.02245628 0.649282 -0.8908995 0.01570111 0.4539291 -0.4883988 0.03016394 0.8720991 -0.7068953 0.02445054 0.7068955 -0.706261 0.09751367 0.7012036 -0.8895633 -0.02545511 0.4561022 -0.8313737 0.09171217 0.5480937 -0.9874107 -0.01282727 0.1576563 -0.9807634 0.02021008 0.1941511 -0.8724787 -0.006213188 0.4886127 -0.9381163 0.01196944 0.3461138 -0.9876741 0.005412817 0.1564311 -0.9876735 0.005409002 0.1564346 -0.156438 0 0.9876878 -0.1564298 0 0.9876891 -0.3460981 0 0.9381984 -0.3461278 0 0.9381875 -0.4886278 0 0.8724923 -0.4886193 0 0.8724972 -0.6494429 0 0.7604104 -0.760415 0 0.6494375 -0.7604008 0 0.6494541 -0.8724954 0 0.4886224 -0.8724981 0 0.4886177 -0.9381926 0 0.3461137 -0.9381886 0 0.3461247 -0.9876882 0 0.1564356 -0.156095 0.3677335 0.9167369 -0.1563922 0.59833 0.7858389 -0.1558223 0.8479619 0.5066362 -0.1562805 0.9521176 0.2627708 -0.9875349 0.01762712 0.1564104 -0.9875349 0.1564112 0.01762264 -0.9875352 0.1564087 0.01762312 -0.9374814 0.3458473 0.03896778 -0.8909097 0.4458008 0.08684188 -0.9875344 0.01762604 0.1564136 -0.9374834 0.03897172 0.3458414 -0.8909127 0.08683782 0.4457958 -0.7064909 0.6980528 0.1165892 -0.7583836 0.6477102 0.07297927 -0.8711796 0.4878774 0.05497145 -0.8711764 0.05497002 0.4878833 -0.7583854 0.0729773 0.6477082 -0.7064899 0.1165909 0.6980534 -0.4526953 0.8829739 0.1241934 -0.4862786 0.8683096 0.09783506 -0.647078 0.7576301 0.08536207 -0.1554758 0.9816284 0.1106029 -0.1554719 0.9816291 0.1106026 -0.3442054 0.9329907 0.1051244 -0.1560896 0.9167417 0.367724 -0.1881504 0.9270257 0.3243805 -0.4517197 0.8420946 0.2946628 -0.4517246 0.8420932 0.294659 -0.7048692 0.6695318 0.2342791 -0.7048753 0.6695261 0.234277 -0.8898438 0.4306613 0.150695 -0.8898435 0.4306616 0.1506952 -0.9875355 0.1485641 0.0519858 -0.9875341 0.1485729 0.05198752 -0.1564 0.7858242 0.5983473 -0.177322 0.8333047 0.5236033 -0.4517142 0.7554144 0.4746614 -0.4517248 0.7554135 0.4746529 -0.7048655 0.6006171 0.3773907 -0.7048777 0.6006062 0.3773852 -0.8898447 0.3863301 0.2427461 -0.8898444 0.3863302 0.2427468 -0.9875358 0.1332696 0.08373957 -0.9875337 0.1332818 0.08374524 -0.9875344 0.1113031 0.1112998 -0.9875349 0.1112993 0.1112985 -0.8898427 0.3226288 0.322631 -0.8898437 0.3226284 0.3226284 -0.7048723 0.5015757 0.5015745 -0.7048732 0.5015734 0.5015755 -0.4517266 0.6308498 0.6308498 -0.4517143 0.6308547 0.6308538 -0.1554703 0.6985059 0.6985117 -0.1554805 0.698509 0.6985063 -0.1558061 0.5066376 0.8479639 -0.1773185 0.5236004 0.8333073 -0.4517251 0.4746538 0.7554127 -0.4517132 0.4746603 0.7554157 -0.7048695 0.3773909 0.6006124 -0.7048757 0.3773845 0.6006091 -0.8898439 0.2427473 0.386331 -0.889844 0.2427483 0.38633 -0.9875349 0.08374273 0.1332741 -0.9875345 0.08374363 0.1332762 -0.1562856 0.2627712 0.9521167 -0.1881405 0.3243806 0.9270278 -0.4517252 0.2946608 0.8420923 -0.4517193 0.2946624 0.8420949 -0.7048695 0.2342802 0.6695311 -0.7048713 0.2342789 0.6695296 -0.889848 0.1506924 0.4306533 -0.8898405 0.1506958 0.4306678 -0.9875354 0.05198037 0.1485668 -0.9875342 0.05199474 0.1485694 -0.6470766 0.08536344 0.7576312 -0.4862789 0.09783458 0.8683094 -0.4526939 0.124198 0.8829742 -0.3442363 0.1051222 0.9329796 -0.1554694 0.1106025 0.9816294 -0.1554689 0.1105995 0.9816299 -0.9876878 0.156438 0 -0.9876885 0.1564338 0 -0.938197 0.3461017 0 -0.9381856 0.3461326 0 -0.8724969 0.4886198 0 -0.8724968 0.48862 0 -0.7604057 0.6494485 0 -0.6494494 0.760405 0 -0.4886227 0.8724952 0 -0.4886176 0.8724982 0 -0.3461151 0.9381921 0 -0.3461206 0.9381901 0 -0.1564341 0.9876885 0 -0.1564334 0.9876886 0 -0.1560909 0.916741 -0.3677252 -0.1563917 0.7858294 -0.5983425 -0.155816 0.5066368 -0.8479627 -0.156278 0.2627719 -0.9521178 -0.9875342 0.1564146 -0.017623 -0.9875348 0.01762455 -0.1564112 -0.9875349 0.01761877 -0.1564112 -0.9374806 0.03896653 -0.3458495 -0.8909128 0.08684349 -0.4457944 -0.9875349 0.1564105 -0.017623 -0.9374814 0.3458473 -0.03896778 -0.8909126 0.4457951 -0.08684188 -0.7064902 0.1165876 -0.6980537 -0.7583813 0.07297784 -0.647713 -0.8711763 0.05497163 -0.4878832 -0.8711761 0.4878836 -0.05497211 -0.7583795 0.6477149 -0.0729798 -0.7064937 0.6980499 -0.1165894 -0.4526941 0.1241951 -0.8829743 -0.4862788 0.09783595 -0.8683093 -0.6470815 0.08536195 -0.7576272 -0.1554726 0.1106014 -0.9816291 -0.155473 0.1106026 -0.9816289 -0.3442094 0.1051233 -0.9329894 -0.1560906 0.3677324 -0.9167381 -0.1881461 0.3243787 -0.9270273 -0.4517197 0.2946628 -0.8420946 -0.451723 0.2946611 -0.8420934 -0.7048736 0.2342799 -0.6695269 -0.704872 0.2342787 -0.669529 -0.8898437 0.150695 -0.4306613 -0.8898445 0.1506879 -0.4306622 -0.9875354 0.05198031 -0.148567 -0.9875345 0.05199438 -0.1485679 -0.156391 0.598339 -0.7858324 -0.1773139 0.5236008 -0.833308 -0.4517184 0.4746577 -0.7554143 -0.4517202 0.4746569 -0.7554135 -0.704872 0.3773915 -0.6006091 -0.7048708 0.3773888 -0.6006122 -0.8898447 0.2427471 -0.3863293 -0.8898444 0.2427461 -0.3863307 -0.987535 0.08374011 -0.1332748 -0.9875349 0.08374255 -0.1332746 -0.9875344 0.1113031 -0.1112998 -0.9875353 0.1112946 -0.1112999 -0.8898448 0.3226261 -0.3226276 -0.8898431 0.3226307 -0.3226282 -0.7048768 0.5015707 -0.5015731 -0.7048735 0.5015748 -0.5015738 -0.4517206 0.6308531 -0.630851 -0.4517191 0.6308535 -0.6308516 -0.1554738 0.6985046 -0.6985122 -0.1554794 0.6985096 -0.6985059 -0.1558175 0.847963 -0.5066359 -0.1773177 0.8333063 -0.523602 -0.4517187 0.7554144 -0.4746571 -0.4517185 0.7554147 -0.4746571 -0.7048731 0.6006093 -0.3773891 -0.7048724 0.6006101 -0.377389 -0.8898453 0.3863282 -0.2427467 -0.889844 0.38633 -0.2427483 -0.9875352 0.1332727 -0.08374214 -0.9875345 0.1332772 -0.08374238 -0.156279 0.9521179 -0.2627707 -0.1881506 0.9270254 -0.3243817 -0.4517192 0.8420948 -0.2946629 -0.4517173 0.8420964 -0.2946611 -0.7048736 0.669528 -0.2342767 -0.7048716 0.6695299 -0.234277 -0.8898445 0.4306606 -0.1506927 -0.8898423 0.4306643 -0.1506955 -0.987536 0.1485605 -0.05198651 -0.9875342 0.1485725 -0.05198609 -0.6470793 0.7576292 -0.08536195 -0.4862764 0.8683108 -0.09783518 -0.452698 0.8829726 -0.1241932 -0.3442038 0.9329912 -0.1051245 -0.1554749 0.9816286 -0.1106029 -0.1554734 0.9816288 -0.1106025 -0.9876882 0 -0.1564356 -0.9381906 0 -0.3461192 -0.9381946 0 -0.3461083 -0.8724967 0 -0.4886201 -0.7604008 0 -0.6494541 -0.760408 0 -0.6494458 -0.6494526 0 -0.7604022 -0.6494477 0 -0.7604063 -0.488615 0 -0.8724996 -0.4886278 0 -0.8724923 -0.3461278 0 -0.9381875 -0.3460981 0 -0.9381984 -0.1564339 0 -0.9876884 -0.5554238 0.1460601 -0.8186396 -0.1949622 0.1625655 -0.9672446 -0.1409541 0.1337788 -0.9809359 -0.156421 0.1137784 -0.9811152 -0.1562349 0.05041271 -0.9864326 -0.1562328 0.05041116 -0.9864331 -0.3457176 0.04789102 -0.9371157 -0.4883761 0.0315237 -0.8720638 -0.6489521 0.03883188 -0.7598378 -0.7062636 0.02343314 -0.7075611 -0.8905377 0.01400756 -0.4546939 -0.8722243 0.02496325 -0.4884687 -0.7599893 0.03317195 -0.6490886 -0.9876566 0.007992506 -0.1564306 -0.9876568 0.007994234 -0.15643 -0.9380471 0.01768451 -0.3460562 -0.4535248 0.04548734 -0.8900821 -0.4539756 0.09841388 -0.8855625 -0.706265 0.1205639 -0.697606 -0.8305431 0.06634771 -0.5529886 -0.8905401 0.07850623 -0.4480794 -0.9805441 0.01785653 -0.1954852 -0.9876566 0.0239005 -0.1548007 -0.9777271 -0.1081764 -0.1798546 -0.2023491 0.2727507 -0.9405648 -0.2004686 0.2757636 -0.9400887 -0.5701335 0.168136 -0.804163 -0.573738 0.1609884 -0.8030613 -0.843881 0.03528666 -0.535369 -0.8487076 0.01839512 -0.5285425 -0.978853 -0.1037901 -0.1762794 -0.9764896 -0.1365737 -0.1667807 -0.1991419 0.245224 -0.9487928 -0.1984273 0.2460168 -0.9487373 -0.5632734 0.1695097 -0.8086962 -0.5691642 0.161506 -0.8062059 -0.8384159 0.06665599 -0.5409399 -0.8460332 0.05008304 -0.5307728 -0.9811147 -0.04645127 -0.1877665 -0.983238 -0.07047569 -0.1681557 -0.1950684 0.214457 -0.9570562 -0.1967545 0.2128389 -0.9570723 -0.5555683 0.1709712 -0.8137031 -0.5627666 0.1627048 -0.810445 -0.8314141 0.1012864 -0.5463441 -0.8398825 0.0864923 -0.5358326 -0.9805141 0.01653313 -0.1957519 -0.9842243 -0.004216134 -0.1768755 -0.9400697 -0.2672501 -0.2117695 -0.06379574 -0.4299936 -0.9005752 -0.0893681 -0.5957524 -0.7981808 -0.04667663 -0.102646 -0.9936223 -0.03860026 -0.2940275 -0.9550173 -0.02222162 0.04382127 -0.9987922 -0.02203023 0.2372356 -0.9712024 -0.04491853 -0.6215112 -0.7821166 -0.2394272 -0.5925887 -0.7690992 -0.1856146 -0.6383723 -0.7470129 -0.3351954 -0.5939752 -0.7313259 -0.344973 -0.5890619 -0.7307528 -0.4198264 -0.600798 -0.680285 -0.560893 -0.519513 -0.6445971 -0.5005264 -0.6040769 -0.6201326 -0.6387341 -0.5025751 -0.5826123 -0.6359883 -0.5051278 -0.5834079 -0.7068827 -0.4884979 -0.5115532 -0.8136115 -0.3578035 -0.4582717 -0.7652357 -0.4758957 -0.4335179 -0.8663332 -0.3252981 -0.3790091 -0.8594695 -0.337859 -0.3836193 -0.9084461 -0.2932029 -0.2979223 -0.9629558 -0.1299405 -0.2362873 -0.1121699 -0.3514866 -0.9294489 -0.1896136 -0.3391537 -0.9214236 -0.1475312 -0.3782029 -0.9138913 -0.3224681 -0.3219592 -0.8901442 -0.2781168 -0.3800488 -0.8821644 -0.4506927 -0.2878093 -0.8450102 -0.4081487 -0.359718 -0.8390577 -0.5664789 -0.2357391 -0.7896385 -0.5305805 -0.3222173 -0.7840029 -0.670102 -0.166235 -0.7234151 -0.6442396 -0.263593 -0.7179653 -0.7552475 -0.08347946 -0.6501019 -0.7405891 -0.1859482 -0.6457175 -0.8205355 0.01540613 -0.571388 -0.8208016 -0.09149968 -0.5638374 -0.1044921 -0.05646544 -0.9929215 -0.125388 -0.05344343 -0.9906673 -0.09382617 -0.08032256 -0.9923432 -0.2120177 -0.04262888 -0.9763357 -0.1789044 -0.08399248 -0.9802747 -0.2964749 -0.02124595 -0.9548043 -0.2651517 -0.07359039 -0.9613944 -0.373795 0.01117348 -0.9274442 -0.3486211 -0.05217379 -0.9358105 -0.444479 0.05467236 -0.8941193 -0.4282643 -0.01644003 -0.9035041 -0.5044981 0.1070614 -0.8567494 -0.4978007 0.03294754 -0.8666656 -0.5527888 0.1703819 -0.8157172 -0.5587353 0.09493923 -0.8238941 -0.01032143 0.232675 -0.9724999 -0.05046486 0.2382622 -0.9698889 -0.0342881 0.2276193 -0.9731464 -0.08192747 0.2426984 -0.9666361 -0.06315273 0.2241609 -0.9725039 -0.1119461 0.2500787 -0.9617322 -0.09305012 0.224766 -0.9699599 -0.1387048 0.2602303 -0.9555318 -0.1227964 0.2287603 -0.9657069 -0.1626508 0.2729861 -0.9481685 -0.151761 0.2377931 -0.9593869 -0.1826544 0.2876909 -0.9401443 -0.1772003 0.2520323 -0.9513568 -0.1985344 0.3050079 -0.931426 -0.1995537 0.2713181 -0.9415757 0 0.2372924 -0.9714383 0 0.2372928 -0.9714382 0 0.04383218 -0.9990389 0 -0.1027582 -0.9947065 0 -0.2942481 -0.9557291 0 -0.4308704 -0.9024139 0 -0.4308663 -0.9024158 0 -0.5981447 -0.8013882 0 -0.5981472 -0.8013863 1 4.13682e-7 0 1 0 0 1 -4.5436e-7 0 1 6.85204e-7 0 1 -1.81133e-5 0 1 3.90987e-6 0 1 3.62253e-5 0 1 -1.08836e-5 0 1 6.14161e-6 0 1 -1.42366e-6 0 1 -8.18894e-6 0 1 5.86483e-6 0 0.9426244 -0.3308271 0.0448628 0.9286355 -0.3688531 0.03979438 0.9012172 -0.4291437 0.0603615 0.9351359 -0.3510772 0.0476008 0.9813436 -0.1905186 0.02583426 0.9826485 -0.1838274 0.02468943 0.9610326 -0.2738024 0.03806108 0.9738963 -0.2257158 0.02404934 0.9568904 -0.2879143 0.03829044 0.9992682 -0.03790527 0.00513947 0.9996601 -0.02593845 0.002619624 0.9866517 -0.1613685 0.02188128 0.9934058 -0.1134753 0.0163809 0.988755 -0.1484768 0.01784068 0.9960779 -0.08760166 0.0124486 0.8117263 -0.5791686 0.0752601 0.8612321 -0.5031406 0.07161676 0.8431315 -0.5328307 0.07225579 0.8939714 -0.4440616 0.0602039 0.8942276 -0.4476053 -0.002556681 0.7931554 -0.6034998 0.08180874 0.7441148 -0.6619914 0.08978098 0.7609519 -0.6426035 0.0895152 0.6995998 -0.7085449 0.09232705 0.6830363 -0.7237653 0.09810829 0.6274065 -0.7716292 0.1046404 0.6384223 -0.7625734 0.1043975 0.5676436 -0.816241 0.1073846 0.5569938 -0.8229863 0.1115864 0.4972039 -0.8597663 0.1165782 0.497989 -0.859318 0.1165313 0.4348725 -0.8923615 0.1207352 0.4214639 -0.899282 0.1168764 0.3577826 -0.9253141 0.1256414 0.2967708 -0.9463698 0.1277158 0.267433 -0.956049 0.1202074 0.1824072 -0.9732941 0.1393783 0.2122502 -0.9683564 0.1312856 0.1499314 -0.9797291 0.1328586 0.1012563 -0.9868478 0.1260107 0.06285881 -0.9883093 0.1389013 0.01461535 -0.9908261 0.1343505 0.7650215 -0.6251096 0.1548554 0.2740515 -0.8078262 0.5218359 0.1838856 -0.7168658 0.6725247 0.0261746 -0.8829715 0.4686964 0.1005576 -0.7368578 0.6685273 0.3877132 -0.7435913 0.5447481 0.6093888 -0.7087516 0.3554102 0.5713049 -0.7166757 0.3999835 0.7354868 -0.6344808 0.2376834 0.6678502 -0.6788443 0.3051995 0.7685729 -0.6149616 0.1764028 0.7722148 -0.6130036 0.1670661 0.8107356 -0.5688524 0.138256 0.8318687 -0.5449114 0.1051954 0.8657204 -0.4906874 0.09876304 0.7105111 -0.6819146 0.1736853 0.6884251 -0.6993758 0.1922096 0.66007 -0.7346251 0.1569508 0.5888673 -0.7830114 0.200321 0.5890797 -0.782681 0.2009868 0.5407667 -0.8264374 0.1567565 0.4837687 -0.8500967 0.2080954 0.4696742 -0.8608053 0.1960116 0.400008 -0.9042561 0.1493808 0.4030161 -0.8883171 0.2201613 0.3405005 -0.9207538 0.190452 0.2748525 -0.9407809 0.1984631 0.2779421 -0.9374068 0.2098016 0.08794033 -0.7390002 0.667941 0.08178943 -0.74648 0.6603621 0.07777357 -0.7396001 0.6685379 0.06586039 -0.750415 0.6576775 0.06381845 -0.7442346 0.6648625 0.05037975 -0.7532105 0.6558474 0.05001759 -0.7480894 0.6617104 0.0354188 -0.7549872 0.6547823 0.03617161 -0.7512313 0.6590474 0.02095258 -0.7558564 0.6544022 0.02206152 -0.7536424 0.6569144 0.6363694 -0.7055901 0.3117318 0.6105923 -0.7444993 0.2699961 0.5850746 -0.7264959 0.3604044 0.5166843 -0.8104848 0.2759559 0.4997736 -0.7896747 0.3558655 0.4200837 -0.862264 0.2828966 0.4121279 -0.8410868 0.3503197 0.3233655 -0.9005577 0.2905694 0.32319 -0.8816682 0.3438161 0.2282941 -0.926653 0.2986574 0.2331903 -0.9123012 0.3366436 0.1354914 -0.9420824 0.3067946 0.1416662 -0.9335709 0.3292051 0.2030503 -0.9611461 0.1869996 0.1614928 -0.9612203 0.2235523 0.1417849 -0.9692496 0.201128 0.006888568 -0.7559075 0.6546422 0.007474839 -0.7552195 0.6554294 0.01752197 -0.8210328 0.5706122 0.2726861 -0.7994796 0.5352333 0.2859464 -0.779226 0.5577111 0.268656 -0.7618349 0.5894334 0.2384102 -0.7988737 0.5522331 0.226881 -0.7816181 0.581032 0.1915628 -0.813717 0.5487882 0.185629 -0.7977567 0.5736951 0.1460797 -0.8242059 0.5471248 0.1449112 -0.8107321 0.5671986 0.1023545 -0.830868 0.5469754 0.1043666 -0.8208864 0.5614741 0.0603705 -0.8342648 0.548049 0.06342136 -0.8283447 0.5566173 0.02963072 -0.8335463 0.5516545 0.0250315 -0.8559302 0.5164853 0.03251039 -0.8993105 0.4361009 0.1034778 -0.8886699 0.4467194 0.09883671 -0.8967139 0.4314342 0.1704109 -0.8749235 0.453287 0.1671776 -0.8884751 0.4273917 0.2365829 -0.855608 0.4603949 0.2379349 -0.873701 0.4243038 0.3026906 -0.8303574 0.4678515 0.3109618 -0.8513308 0.4225386 0.3689898 -0.7985373 0.4755889 0.3853625 -0.8203932 0.4224345 0.4351333 -0.7593578 0.4837714 0.4596807 -0.7801798 0.4242795 0.476324 -0.754226 0.4519497 0.4860962 -0.769032 0.4150907 0.05988228 -0.9784627 0.1975474 0.05611383 -0.9805662 0.1879926 0.04917538 -0.952204 0.3014788 0.05307185 -0.9472551 0.316056 0.04116898 -0.9311469 0.362313 0.03495186 -0.896836 0.4409804 0.8108444 -0.5814329 -0.06683826 0.711248 -0.7016702 -0.04225307 0.5940066 -0.8041893 -0.02087646 0.009285748 -0.9694732 -0.2450217 0.004838585 -0.8701906 -0.4926915 0.889997 -0.4461123 -0.09428262 0.697622 -0.6273292 -0.3460949 0.7213054 -0.6061031 -0.3351979 0.6329882 -0.6497597 -0.4208782 0.8106881 -0.5288344 -0.2512354 0.858047 -0.482078 -0.1770769 0.8920059 -0.4381846 -0.1109949 0.8947234 -0.4332 -0.1086634 0.9534534 -0.3015401 4.92954e-4 0.1623477 -0.7284713 -0.6655621 0.06340384 -0.7554487 -0.6521329 0.2238221 -0.7318569 -0.643653 0.3232917 -0.7263646 -0.6065288 0.467716 -0.7080962 -0.5290005 0.4070023 -0.7388392 -0.5370901 0.5551988 -0.6781681 -0.4815001 0.002106964 -0.7849904 -0.6195045 0.08219611 -0.9177522 -0.3885547 0.01120895 -0.9911254 -0.1324578 0.01302284 -0.9997138 0.0200715 0.002200067 -0.785009 -0.6194805 0.01584511 -0.7846029 -0.6197962 0.01665997 -0.7855374 -0.6185899 0.03871667 -0.7817531 -0.6223851 0.04137682 -0.7836897 -0.6197729 0.06115311 -0.7771928 -0.626284 0.06615096 -0.7795529 -0.6228335 0.00636214 -0.9053272 -0.4246673 0.04607528 -0.9037986 -0.4254707 0.04840058 -0.9057044 -0.4211377 0.1126069 -0.894713 -0.4322134 0.1201658 -0.8983478 -0.4225298 0.1778872 -0.8794158 -0.4415701 0.1920037 -0.883051 -0.4282003 0.05553489 -0.9764102 -0.2086604 0.0738787 -0.9751293 -0.2089612 0.07745248 -0.9765077 -0.2010822 0.1804556 -0.9589271 -0.2188487 0.1918012 -0.9606407 -0.2009521 0.2844328 -0.9303247 -0.231504 0.3052432 -0.9296831 -0.2061944 0.4621435 -0.8867993 -0.003209769 0.3987697 -0.9166042 0.02863007 0.3744298 -0.927217 -0.008427381 0.2522371 -0.9671413 0.0318458 0.2384613 -0.9711337 0.005958199 0.1681314 -0.9855967 0.01819282 0.09685528 -0.9952719 0.00728476 0.0940026 -0.9954056 0.01820522 0.01351797 -0.9997014 0.02035659 0.5390635 -0.8420603 0.01857411 0.5017837 -0.8645042 -0.02907818 0.4152282 -0.8834484 -0.2170358 0.3850098 -0.8892853 -0.2468584 0.2626323 -0.8595746 -0.4383559 0.2417485 -0.8578125 -0.4535589 0.09057378 -0.7730538 -0.627841 0.08315348 -0.7709136 -0.6314886 0.6672598 -0.7448223 0.002023875 0.6192531 -0.7834984 -0.05153542 0.5190634 -0.822227 -0.2334866 0.4810522 -0.8356421 -0.2651245 0.33067 -0.827863 -0.4531005 0.3038018 -0.8296267 -0.4684274 0.1142443 -0.7641665 -0.6348211 0.1046191 -0.7628256 -0.6380848 0.7777832 -0.6282383 -0.01923543 0.7259643 -0.6838623 -0.07285815 0.614134 -0.7467215 -0.2554339 0.5709831 -0.7692624 -0.2867295 0.3947203 -0.7880051 -0.4724869 0.3633254 -0.7944992 -0.4865857 0.136731 -0.7528836 -0.6437942 0.1253794 -0.7527764 -0.6462259 0.8675354 -0.4953849 -0.04445379 0.8184021 -0.5667357 -0.09502083 0.697951 -0.6579697 -0.2827372 0.6527785 -0.6902277 -0.3121954 0.4533735 -0.7401713 -0.4965874 0.4192487 -0.7520958 -0.5085101 0.1575964 -0.7391874 -0.6548019 0.1451135 -0.740602 -0.6560875 0.5273392 0.1133235 0.8420637 0.7680292 -0.1644326 0.6189453 0.8649982 -0.4140919 0.2833833 0.8838114 -0.3662088 0.2911506 0.8113167 -0.468629 0.3495027 0.8332482 -0.4225951 0.3565261 0.7924426 -0.4719474 0.3863944 0.742378 -0.506955 0.4380314 0.7538592 -0.4888024 0.4390541 0.6559701 -0.5723695 0.4920329 0.684768 -0.5247527 0.5056951 0.5293295 0.1507769 0.8349111 0.4896542 0.09493881 0.8667326 0.4953942 0.1326109 0.8584865 0.4451871 0.07606083 0.8922013 0.4519421 0.1174384 0.8842831 0.3888572 0.0625534 0.9191721 0.3997437 0.1031219 0.9108078 0.3318632 0.05751788 0.9415724 0.3480582 0.09232121 0.9329161 0.2741301 0.05272066 0.9602465 0.2915011 0.08861613 0.952457 0.2080054 0.05527055 0.976565 0.2276928 0.08777123 0.9697691 0.1472397 0.06518936 0.9869503 0.1690765 0.0894252 0.9815378 0.08807247 0.07358217 0.9933927 0.1096597 0.09868985 0.9890577 0.009844958 0.4482568 0.8938508 0.04270815 0.451353 0.8913229 0.03058135 0.4394814 0.897731 0.06440091 0.4460572 0.8926845 0.04990363 0.4322586 0.9003679 0.08515948 0.4421043 0.892912 0.07073664 0.4213547 0.904133 0.1075507 0.436035 0.89348 0.09377259 0.4107745 0.9069018 0.1275359 0.4288501 0.8943278 0.1139703 0.4025158 0.9082907 0.1445366 0.4230312 0.8945132 0.1354886 0.3915549 0.9101251 0.1620376 0.4146629 0.8954321 0.1566585 0.3820223 0.9107784 0.1774147 0.4054296 0.8967447 0.172851 0.3754029 0.9106015 0.1886525 0.3976221 0.8979461 0.187508 0.3686025 0.9104796 0.01890575 0.4556603 0.889953 0.02222985 0.2301449 0.9729025 0.07355976 0.09531372 0.9927257 0.04367506 0.05153721 0.9977156 0.03708082 -0.1880421 0.9814608 0.7756007 -0.1204265 0.6196298 0.7161487 -0.2042042 0.6674067 0.7274075 -0.1608929 0.6670772 0.652781 -0.2445614 0.7169845 0.665847 -0.1972825 0.7195327 0.5729746 -0.2781039 0.7709465 0.5901102 -0.2316189 0.773384 0.4921057 -0.2977743 0.8180235 0.5140919 -0.2573112 0.8182301 0.4077156 -0.314082 0.8573917 0.4317338 -0.2709965 0.8603295 0.3108532 -0.3193272 0.8952098 0.3379306 -0.2784044 0.8990518 0.2211879 -0.3114994 0.9241451 0.2511353 -0.2792722 0.9267892 0.1320097 -0.3024489 0.9439799 0.1633049 -0.2666708 0.9498517 0.09273195 -0.2740979 0.9572206 0.05912292 -0.3609631 0.9307041 0.6260616 -0.5674774 0.5348051 0.5673319 -0.5903782 0.5740978 0.5856221 -0.5710446 0.5752869 0.4721678 -0.6303736 0.6161873 0.5072741 -0.5857731 0.632094 0.3621659 -0.6438859 0.6739783 0.4004124 -0.6006944 0.69198 0.2594016 -0.6411525 0.7222427 0.2998766 -0.6060507 0.7367337 0.1546134 -0.6340634 0.7576664 0.1976778 -0.5941286 0.7797018 0.03779584 -0.6097192 0.791716 0.08291757 -0.5716277 0.8163127 0.1877782 0.3688748 0.9103136 0.5555692 0.1160684 0.8233293 0.1950641 0.1494311 0.9693403 0.190747 0.143934 0.9710296 0.8314233 0.06593883 0.5517134 0.9778802 -0.04504448 0.2042582 0.9807128 0.004588961 0.195401 0.9805608 0.005725204 0.1961319 0.1947813 0.1569451 0.968209 0.1959531 0.1798697 0.9639758 0.1927225 0.1838275 0.9638805 0.1968746 0.2161012 0.9563162 0.1882366 0.2499414 0.9497876 0.1984182 0.2569451 0.945838 0.1915308 0.2236931 0.9556555 0.5554106 0.1163405 0.8233978 0.5555692 0.1194128 0.8228509 0.5547096 0.1206507 0.8232502 0.5550301 0.1231918 0.8226575 0.5535736 0.1256641 0.8232648 0.5537515 0.1265375 0.8230114 0.5523933 0.1299719 0.8233887 0.552255 0.129465 0.8235614 0.5501738 0.1343145 0.8241773 0.8316124 0.06546926 0.5514839 0.8302298 0.04032528 0.5559608 0.830859 0.03896349 0.5551174 0.8271842 0.01054102 0.5618321 0.828105 0.0080657 0.560515 0.8230599 -0.01632618 0.56772 0.823778 -0.01963305 0.5665725 0.8172701 -0.04323893 0.5746304 0.8182994 -0.0478357 0.5727983 0.9365329 -0.2563416 0.2391549 0.9486871 -0.2219812 0.2252048 0.9496802 -0.2094209 0.2329171 0.9616855 -0.1661216 0.2180936 0.9621238 -0.1569957 0.2228685 0.9677835 -0.1307584 0.2151683 0.9704536 -0.1028512 0.2182698 0.9719564 -0.09929394 0.2131701 0.9783348 -0.0487712 0.2012029 0.9272323 -0.2892017 0.237913 0.9318419 -0.265795 0.2470301 0.8099382 -0.07905143 0.5811635 0.8090882 -0.07331144 0.5830968 0.547405 0.1386591 0.8253008 0.5495256 0.1325169 0.8249005 0.1801366 0.3566705 0.9166991 0.9068261 -0.3428156 0.2452429 0.9109618 -0.3246011 0.2545251 0.7993251 -0.1103239 0.5906844 0.7988048 -0.1035059 0.5926192 0.5438073 0.142465 0.8270292 0.5457955 0.1351237 0.8269516 0.2022035 0.3620558 0.9099613 0.1888775 0.332625 0.9239513 0.1969843 0.3146349 0.9285484 0.189696 0.294417 0.9366611 0.1974213 0.280005 0.9394798 0.1927741 0.262934 0.9453591 0.5555516 0.1234127 0.8222723 0.1564329 0.07106453 0.9851288 0.1949728 0.101549 0.9755375 0.1563485 0.03414189 0.9871118 0.1563255 0.03414285 0.9871153 0.3459553 0.03243327 0.9376903 0.4886117 0.004952967 0.8724873 0.649224 0.02629101 0.7601429 0.7062611 8.21113e-5 0.7079515 0.8905158 -0.001791298 0.454949 0.8723737 0.01690101 0.4885475 0.7602162 0.02245628 0.649282 0.9876735 0.005411624 0.1564347 0.9876741 0.005410075 0.156431 0.9381163 0.01196944 0.3461138 0.4537745 0.03080457 0.890584 0.4536026 0.01976466 0.8909849 0.706261 0.09751367 0.7012036 0.830204 0.02185028 0.5570314 0.8905178 0.06449043 0.4503542 0.9803479 -0.002681136 0.1972584 0.9876741 0.01620626 0.1556837 0.156438 0 0.9876878 0.1564298 0 0.9876891 0.3460981 0 0.9381984 0.3461278 0 0.9381875 0.4886278 0 0.8724923 0.4886193 0 0.8724972 0.6494429 0 0.7604104 0.760415 0 0.6494375 0.7604008 0 0.6494541 0.8724954 0 0.4886224 0.8724981 0 0.4886177 0.9381926 0 0.3461137 0.9381886 0 0.3461247 0.9876882 0 0.1564356 0.1560897 0.9167415 0.3677242 0.1564 0.7858242 0.5983473 0.1558073 0.5066375 0.8479638 0.1562845 0.2627716 0.9521167 0.9875339 0.1564173 0.01762282 0.9875348 0.01762455 0.1564112 0.9875345 0.01762515 0.1564131 0.9374834 0.03897172 0.3458414 0.890913 0.08683788 0.4457952 0.9875361 0.1564036 0.01762288 0.9374814 0.3458473 0.03896778 0.8909097 0.4458008 0.08684188 0.70649 0.1165898 0.6980535 0.7583854 0.0729773 0.6477082 0.8711763 0.05497163 0.4878832 0.8711792 0.4878781 0.05497151 0.7583836 0.6477102 0.07297927 0.7064909 0.6980528 0.1165892 0.4526939 0.124199 0.8829739 0.4862789 0.09783458 0.8683094 0.6470765 0.08536452 0.7576311 0.155469 0.1105996 0.9816299 0.1554693 0.1106027 0.9816295 0.3442363 0.1051222 0.9329796 0.1560966 0.3677321 0.9167373 0.1881405 0.3243803 0.9270278 0.4517258 0.2946618 0.8420916 0.4517235 0.294661 0.8420932 0.7048736 0.2342799 0.6695269 0.7048683 0.2342799 0.6695324 0.8898448 0.1506943 0.4306595 0.8898447 0.1506933 0.4306601 0.9875348 0.05198687 0.148568 0.9875351 0.05198514 0.1485664 0.1563922 0.59833 0.7858389 0.1773212 0.5236001 0.8333067 0.4517184 0.4746577 0.7554143 0.4517219 0.4746565 0.7554129 0.704872 0.3773885 0.6006109 0.7048738 0.3773872 0.6006096 0.8898439 0.2427479 0.3863305 0.8898463 0.2427441 0.3863276 0.9875349 0.08374035 0.1332752 0.9875348 0.08374291 0.1332751 0.9875348 0.1113012 0.1112979 0.9875349 0.1112976 0.1112999 0.889843 0.3226287 0.3226302 0.8898431 0.3226307 0.3226282 0.7048714 0.5015769 0.5015745 0.7048729 0.5015732 0.5015763 0.4517206 0.6308531 0.630851 0.4517196 0.6308524 0.6308524 0.1554846 0.6985053 0.6985091 0.1554718 0.6985105 0.6985068 0.1558243 0.847962 0.5066353 0.1773199 0.8333054 0.5236029 0.4517192 0.7554132 0.4746587 0.4517194 0.7554148 0.4746558 0.7048716 0.6006117 0.3773881 0.7048716 0.6006122 0.3773873 0.8898412 0.3863377 0.2427465 0.8898464 0.3863253 0.2427472 0.9875352 0.1332727 0.08374214 0.9875351 0.133273 0.08374243 0.1562792 0.9521179 0.2627707 0.1881518 0.9270255 0.3243805 0.4517218 0.8420935 0.2946624 0.4517178 0.8420966 0.29466 0.7048704 0.6695309 0.2342777 0.7048726 0.6695283 0.234279 0.8898431 0.4306634 0.1506937 0.8898445 0.4306591 0.1506969 0.9875348 0.1485674 0.05198681 0.9875342 0.1485725 0.05198609 0.647078 0.7576301 0.08536207 0.4862786 0.8683096 0.09783506 0.4526945 0.8829743 0.1241935 0.3442054 0.9329907 0.1051244 0.1554745 0.9816286 0.1106029 0.1554734 0.9816288 0.1106025 0.1564334 0.9876886 0 0.156434 0.9876885 0 0.3461208 0.9381901 0 0.3461149 0.9381921 0 0.4886177 0.872498 0 0.4886226 0.8724953 0 0.6494494 0.760405 0 0.7604057 0.6494485 0 0.8724969 0.4886198 0 0.8724968 0.48862 0 0.9381858 0.3461324 0 0.938197 0.3461019 0 0.9876885 0.1564338 0 0.9876878 0.156438 0 0.1560894 0.3677325 -0.9167382 0.1563912 0.5983375 -0.7858334 0.1558184 0.8479624 -0.5066365 0.1562783 0.952118 -0.2627709 0.9875348 0.01761966 -0.1564117 0.9875345 0.1564139 -0.01762294 0.987535 0.1564102 -0.01762312 0.9374814 0.3458473 -0.03896778 0.8909133 0.4457939 -0.08684164 0.9875348 0.01762568 -0.1564108 0.9374809 0.03896039 -0.3458495 0.8909122 0.08684355 -0.4457955 0.7064931 0.6980504 -0.1165896 0.7583795 0.6477149 -0.0729798 0.8711764 0.4878829 -0.05497205 0.8711764 0.05497002 -0.4878833 0.7583813 0.07297784 -0.647713 0.7064902 0.1165876 -0.6980537 0.4526984 0.8829725 -0.1241932 0.4862764 0.8683108 -0.09783518 0.6470805 0.757628 -0.08536183 0.1554758 0.9816284 -0.1106029 0.1554729 0.9816289 -0.1106025 0.3442038 0.9329912 -0.1051245 0.15609 0.9167412 -0.367725 0.1881512 0.9270253 -0.3243817 0.4517212 0.8420934 -0.2946637 0.4517163 0.8420972 -0.2946604 0.7048692 0.6695318 -0.2342791 0.7048745 0.6695275 -0.2342751 0.8898409 0.4306672 -0.1506953 0.8898463 0.4306571 -0.1506925 0.9875355 0.1485635 -0.05198609 0.9875342 0.1485716 -0.05198711 0.1563895 0.7858297 -0.5983427 0.1773177 0.8333063 -0.523602 0.4517197 0.7554126 -0.4746591 0.4517185 0.7554158 -0.474655 0.7048727 0.6006105 -0.3773878 0.7048725 0.6006093 -0.3773902 0.8898439 0.3863304 -0.2427485 0.8898457 0.3863281 -0.2427455 0.9875351 0.1332729 -0.08374261 0.9875345 0.1332772 -0.08374238 0.9875346 0.111301 -0.1112999 0.9875353 0.1112946 -0.1112999 0.8898453 0.3226253 -0.3226274 0.8898437 0.3226284 -0.3226284 0.7048771 0.5015723 -0.5015711 0.7048735 0.5015742 -0.5015742 0.4517194 0.6308535 -0.6308514 0.4517197 0.6308529 -0.6308519 0.1554778 0.6985051 -0.6985108 0.1554752 0.6985089 -0.6985076 0.1558152 0.5066369 -0.8479627 0.1773129 0.5236009 -0.8333081 0.451719 0.4746555 -0.7554153 0.4517207 0.4746583 -0.7554125 0.7048738 0.3773887 -0.6006088 0.7048689 0.3773897 -0.6006137 0.8898457 0.2427463 -0.3863275 0.8898428 0.2427496 -0.3863322 0.9875349 0.08374273 -0.1332741 0.9875348 0.08374291 -0.1332751 0.1562765 0.2627716 -0.952118 0.1881461 0.3243786 -0.9270273 0.4517221 0.2946612 -0.8420938 0.451721 0.2946621 -0.8420941 0.7048716 0.2342795 -0.669529 0.7048744 0.2342779 -0.6695267 0.8898463 0.1506913 -0.4306572 0.8898412 0.1506953 -0.4306666 0.9875352 0.05198073 -0.1485677 0.9875345 0.05199402 -0.1485675 0.6470814 0.08536303 -0.7576272 0.4862788 0.09783595 -0.8683093 0.4526941 0.1241949 -0.8829745 0.3442094 0.1051233 -0.9329894 0.1554732 0.1106024 -0.9816289 0.1554725 0.1106022 -0.981629 0.9876882 0 -0.1564356 0.9381906 0 -0.3461192 0.9381946 0 -0.3461083 0.8724967 0 -0.4886201 0.7604008 0 -0.6494541 0.760408 0 -0.6494458 0.6494526 0 -0.7604022 0.6494477 0 -0.7604063 0.488615 0 -0.8724996 0.4886278 0 -0.8724923 0.3461278 0 -0.9381875 0.3460981 0 -0.9381984 0.1564339 0 -0.9876884 0.1947044 0.136795 -0.9712762 0.1167906 0.1646131 -0.9794195 0.156421 0.1137784 -0.9811152 0.1562349 0.05041253 -0.9864326 0.1562334 0.05041116 -0.9864329 0.3457176 0.04789102 -0.9371157 0.4533038 0.03575587 -0.8906387 0.4532988 0.1456307 -0.8793815 0.5545105 0.1079329 -0.8251477 0.6493836 0.01377141 -0.7603363 0.7599893 0.03317195 -0.6490886 0.890768 0.02319437 -0.4538662 0.4881317 0.04454398 -0.8716326 0.7066426 0.03611254 -0.7066485 0.706265 0.1205639 -0.697606 0.8909102 0.03164076 -0.4530761 0.8314287 0.1027039 -0.546057 0.9876616 0.00865215 -0.1563643 0.9807364 0.02980506 -0.1930488 0.8724226 0.01277256 -0.4885855 0.9380471 0.01768451 -0.3460562 0.9876568 0.007992804 -0.15643 0.9876566 0.007995307 -0.1564306 0.9764896 -0.1365737 -0.1667807 0.9777272 -0.108176 -0.179854 0.978853 -0.1037901 -0.1762794 0.8418658 0.02255952 -0.5392155 0.8510819 0.03065389 -0.5241373 0.569319 0.1625578 -0.8058853 0.5748344 0.1663575 -0.8011808 0.2027127 0.2752705 -0.939752 0.1999692 0.2733262 -0.9409066 0.9792055 -0.06454432 -0.1923296 0.9852609 -0.05298018 -0.1626469 0.8373104 0.05414646 -0.54404 0.8476309 0.06210583 -0.5269392 0.5628033 0.1631755 -0.8103248 0.5700604 0.1675952 -0.8043278 0.1991856 0.2459033 -0.9486078 0.1983337 0.2453609 -0.9489266 0.9799845 -1.65588e-5 -0.1990737 0.9849146 0.01189029 -0.1726326 0.8312313 0.08922183 -0.5487204 0.8405839 0.09819579 -0.5327066 0.5555625 0.1638476 -0.8151714 0.5632782 0.1696281 -0.808668 0.1950654 0.2129552 -0.957392 0.1968724 0.2143055 -0.9567207 0.86632 -0.325347 -0.3789975 0.6387334 -0.502577 -0.5826114 0.3351868 -0.5939776 -0.7313278 0.08633822 -0.6173984 -0.7818983 0.02202606 0.2343418 -0.9719047 0.01002192 0.2372824 -0.971389 0.04760062 -0.5974663 -0.8004801 0.06379646 -0.4299936 -0.9005752 0.1121699 -0.3514865 -0.929449 0.03860026 -0.2940275 -0.9550173 0.04807084 -0.06446385 -0.9967616 0.1412718 -0.101727 -0.9847304 0.02222162 0.04382127 -0.9987922 0.2367147 -0.6251178 -0.7437701 0.1874517 -0.6027417 -0.7756057 0.1901755 -0.3658329 -0.9110431 0.1459759 -0.3463837 -0.9266659 0.1268476 -0.06996834 -0.9894515 0.09111195 -0.05838251 -0.9941279 0.05124783 0.2330529 -0.9711128 0.03244501 0.2357968 -0.9712606 0.4198239 -0.6007987 -0.6802859 0.3449728 -0.5890616 -0.7307532 0.3268889 -0.3560821 -0.8754138 0.2716707 -0.3398225 -0.9003976 0.2169865 -0.06403058 -0.9740725 0.1712492 -0.05582767 -0.9836448 0.08427935 0.2354626 -0.9682223 0.0585305 0.2353643 -0.9701432 0.5622144 -0.5624563 -0.6062655 0.4976617 -0.5588721 -0.6633211 0.4591376 -0.3229227 -0.8275951 0.3969617 -0.3188279 -0.8606801 0.3049528 -0.04319399 -0.9513875 0.2527912 -0.04494029 -0.9664766 0.1158581 0.242546 -0.963197 0.08583289 0.2362827 -0.967886 0.7068827 -0.4884979 -0.5115532 0.6359875 -0.5051298 -0.5834072 0.5794075 -0.2724602 -0.7681488 0.5142131 -0.2799859 -0.8106744 0.3862831 -0.01137268 -0.9223102 0.3309001 -0.02296942 -0.9433863 0.1443337 0.2526915 -0.956721 0.1127436 0.2401409 -0.9641687 0.8184732 -0.4038887 -0.4086267 0.7593454 -0.4295575 -0.4887486 0.686825 -0.2018954 -0.698219 0.623709 -0.2231326 -0.7491321 0.4603392 0.03353703 -0.8871094 0.4061181 0.01071053 -0.9137579 0.1694779 0.2663926 -0.9488478 0.1397047 0.2475714 -0.9587446 0.9084461 -0.2932029 -0.2979226 0.8594695 -0.337859 -0.383619 0.7737548 -0.1148695 -0.6229838 0.7184073 -0.150844 -0.6790707 0.5218709 0.08947825 -0.8483186 0.4737894 0.05530357 -0.8789001 0.1896344 0.2828149 -0.9402418 0.1649187 0.2590498 -0.9516802 0.9683253 -0.1733666 -0.1796948 0.9351296 -0.2256264 -0.2731763 0.8417115 -0.01403647 -0.5397452 0.7959681 -0.05910897 -0.6024459 0.5725408 0.1552729 -0.8050389 0.5316269 0.1138554 -0.8392912 0.2057154 0.3015487 -0.9309939 0.1868849 0.2759864 -0.9428179</float_array>
          <technique_common>
            <accessor source="#MRH-F-Prox-MagTac-Sensor-Visual_00-mesh-normals-array" count="1627" stride="3">
              <param name="X" type="float"/>
              <param name="Y" type="float"/>
              <param name="Z" type="float"/>
            </accessor>
          </technique_common>
        </source>
        <vertices id="MRH-F-Prox-MagTac-Sensor-Visual_00-mesh-vertices">
          <input semantic="POSITION" source="#MRH-F-Prox-MagTac-Sensor-Visual_00-mesh-positions"/>
        </vertices>
        <triangles material="black_spec_mag_tac_sensor-material" count="1684">
          <input semantic="VERTEX" source="#MRH-F-Prox-MagTac-Sensor-Visual_00-mesh-vertices" offset="0"/>
          <input semantic="NORMAL" source="#MRH-F-Prox-MagTac-Sensor-Visual_00-mesh-normals" offset="1"/>
          <p>0 0 1 0 2 0 2 1 1 1 3 1 4 2 5 2 6 2 6 3 5 3 7 3 8 4 9 4 4 4 4 5 9 5 10 5 4 6 10 6 5 6 7 7 11 7 6 7 6 8 11 8 12 8 6 9 12 9 13 9 14 10 15 10 4 10 4 11 15 11 16 11 4 12 16 12 8 12 13 13 17 13 6 13 6 14 17 14 18 14 6 15 18 15 19 15 20 16 21 16 22 16 22 17 21 17 23 17 22 18 23 18 24 18 25 19 26 19 22 19 22 20 26 20 27 20 22 21 27 21 28 21 28 22 29 22 22 22 22 23 29 23 30 23 22 24 30 24 20 24 31 25 32 25 33 25 33 26 32 26 34 26 33 27 34 27 35 27 36 28 37 28 33 28 33 29 37 29 38 29 33 30 38 30 39 30 39 31 40 31 33 31 33 32 40 32 41 32 33 33 41 33 31 33 42 34 36 34 43 34 43 35 36 35 33 35 43 36 33 36 44 36 44 37 33 37 35 37 45 38 46 38 47 38 47 39 46 39 48 39 47 40 48 40 49 40 24 41 50 41 22 41 22 42 50 42 42 42 22 43 42 43 25 43 25 44 42 44 43 44 25 45 43 45 48 45 48 46 43 46 51 46 48 47 51 47 49 47 52 48 53 48 54 48 54 49 53 49 55 49 45 50 47 50 56 50 56 51 47 51 57 51 56 52 57 52 54 52 54 53 57 53 58 53 54 54 58 54 52 54 59 55 60 55 61 55 61 55 60 55 62 55 61 56 62 56 63 56 63 56 62 56 64 56 63 57 64 57 65 57 65 58 64 58 66 58 65 59 66 59 53 59 53 60 66 60 67 60 53 61 67 61 55 61 68 62 69 62 70 62 70 62 69 62 71 62 72 63 73 63 74 63 74 63 73 63 75 63 76 64 77 64 78 64 78 64 77 64 79 64 80 65 81 65 82 65 83 66 84 66 82 66 82 67 84 67 85 67 82 68 85 68 86 68 86 69 87 69 82 69 82 70 87 70 88 70 82 71 88 71 80 71 89 72 90 72 91 72 91 73 90 73 92 73 93 74 94 74 91 74 91 75 94 75 95 75 95 76 96 76 91 76 91 77 96 77 97 77 91 78 97 78 89 78 98 79 93 79 99 79 99 80 93 80 91 80 99 81 91 81 100 81 100 82 91 82 92 82 81 83 101 83 82 83 82 84 101 84 98 84 82 85 98 85 83 85 83 86 98 86 99 86 83 87 99 87 102 87 102 88 99 88 103 88 102 89 103 89 104 89 104 90 103 90 105 90 104 91 105 91 106 91 106 91 105 91 107 91 106 92 107 92 108 92 108 93 107 93 109 93 108 94 109 94 110 94 110 94 109 94 111 94 112 95 113 95 114 95 115 95 116 95 117 95 117 96 116 96 118 96 117 97 118 97 113 97 113 98 118 98 119 98 113 99 119 99 114 99 115 100 120 100 116 100 116 101 120 101 121 101 116 102 121 102 122 102 123 103 124 103 114 103 114 104 124 104 125 104 114 105 125 105 112 105 122 106 126 106 116 106 116 107 126 107 127 107 116 108 127 108 128 108 129 109 130 109 114 109 114 107 130 107 131 107 114 110 131 110 123 110 132 111 133 111 134 111 134 112 133 112 135 112 134 113 135 113 136 113 136 114 135 114 137 114 138 111 139 111 140 111 140 115 139 115 141 115 138 111 142 111 139 111 139 111 142 111 143 111 139 111 143 111 144 111 144 116 143 116 145 116 146 117 147 117 148 117 149 118 150 118 151 118 151 111 150 111 136 111 151 119 136 119 139 119 139 111 136 111 137 111 139 111 137 111 141 111 149 120 152 120 150 120 150 121 152 121 146 121 150 111 146 111 153 111 153 122 146 122 148 122 154 123 2 123 3 123 154 124 3 124 155 124 3 125 156 125 155 125 155 126 156 126 157 126 155 127 157 127 158 127 158 128 157 128 159 128 158 129 159 129 160 129 160 130 159 130 161 130 160 131 161 131 162 131 162 132 161 132 163 132 162 133 163 133 164 133 163 134 165 134 164 134 164 135 165 135 166 135 164 136 166 136 167 136 167 137 166 137 168 137 167 138 168 138 169 138 169 139 168 139 170 139 169 140 170 140 171 140 171 141 170 141 172 141 171 142 172 142 173 142 173 143 172 143 174 143 173 144 174 144 175 144 175 145 174 145 176 145 175 146 176 146 177 146 177 147 176 147 178 147 178 148 179 148 177 148 177 149 179 149 180 149 177 150 180 150 181 150 181 151 180 151 182 151 181 152 182 152 183 152 183 153 182 153 184 153 184 154 185 154 183 154 183 155 185 155 186 155 183 156 186 156 187 156 187 157 186 157 188 157 187 158 188 158 189 158 133 159 132 159 190 159 190 160 132 160 191 160 190 161 191 161 192 161 192 162 191 162 188 162 188 163 191 163 193 163 188 164 193 164 189 164 73 165 72 165 194 165 194 166 72 166 195 166 194 167 195 167 196 167 196 168 195 168 197 168 196 169 197 169 198 169 198 169 197 169 199 169 198 170 199 170 200 170 200 170 199 170 201 170 200 171 201 171 202 171 202 171 201 171 203 171 202 172 203 172 204 172 204 173 203 173 205 173 204 174 205 174 206 174 206 174 205 174 207 174 206 175 207 175 208 175 208 176 207 176 209 176 208 177 209 177 210 177 210 178 209 178 211 178 210 179 211 179 212 179 212 179 211 179 213 179 212 180 213 180 71 180 71 181 213 181 70 181 77 182 76 182 214 182 214 183 76 183 215 183 214 184 215 184 216 184 216 184 215 184 217 184 216 185 217 185 218 185 218 186 217 186 219 186 218 187 219 187 220 187 220 188 219 188 221 188 220 189 221 189 222 189 222 189 221 189 223 189 222 190 223 190 224 190 224 191 223 191 225 191 224 192 225 192 226 192 226 192 225 192 227 192 226 193 227 193 228 193 228 193 227 193 229 193 228 194 229 194 230 194 230 194 229 194 231 194 230 195 231 195 232 195 232 196 231 196 233 196 232 197 233 197 75 197 75 198 233 198 74 198 234 199 235 199 236 199 237 200 238 200 239 200 240 201 241 201 242 201 179 202 178 202 243 202 243 203 178 203 176 203 243 204 176 204 244 204 241 205 245 205 246 205 246 206 245 206 247 206 246 207 247 207 248 207 240 208 242 208 238 208 237 209 239 209 235 209 170 210 249 210 172 210 172 211 249 211 250 211 172 212 250 212 174 212 174 213 250 213 246 213 174 214 246 214 176 214 176 215 246 215 248 215 176 216 248 216 244 216 170 217 168 217 249 217 249 218 168 218 166 218 249 219 166 219 251 219 166 220 165 220 251 220 251 221 165 221 163 221 251 222 163 222 252 222 252 223 163 223 161 223 252 224 161 224 253 224 253 225 161 225 159 225 253 226 159 226 254 226 241 227 246 227 242 227 242 228 246 228 250 228 242 229 250 229 255 229 255 230 250 230 249 230 255 231 249 231 256 231 256 232 249 232 251 232 256 233 251 233 257 233 257 234 251 234 252 234 257 235 252 235 258 235 258 236 252 236 253 236 258 237 253 237 259 237 259 238 253 238 254 238 259 239 254 239 260 239 238 240 242 240 239 240 239 241 242 241 255 241 239 242 255 242 261 242 261 243 255 243 256 243 261 244 256 244 262 244 262 245 256 245 257 245 262 246 257 246 263 246 263 247 257 247 258 247 263 248 258 248 264 248 264 249 258 249 259 249 264 250 259 250 265 250 265 251 259 251 260 251 265 252 260 252 266 252 159 253 157 253 254 253 254 254 157 254 156 254 254 255 156 255 3 255 3 256 267 256 254 256 254 257 267 257 268 257 254 258 268 258 260 258 260 259 268 259 269 259 260 260 269 260 266 260 266 261 269 261 270 261 266 262 270 262 271 262 235 263 239 263 236 263 236 264 239 264 261 264 236 265 261 265 272 265 272 266 261 266 262 266 272 267 262 267 273 267 273 268 262 268 263 268 273 269 263 269 274 269 274 270 263 270 264 270 274 271 264 271 275 271 275 272 264 272 265 272 275 273 265 273 276 273 276 274 265 274 266 274 276 275 266 275 277 275 277 276 266 276 271 276 277 277 271 277 278 277 234 278 236 278 7 278 7 279 236 279 272 279 7 280 272 280 11 280 11 281 272 281 273 281 11 282 273 282 12 282 12 283 273 283 274 283 12 284 274 284 13 284 13 285 274 285 275 285 13 286 275 286 17 286 17 287 275 287 276 287 17 288 276 288 18 288 18 289 276 289 277 289 18 290 277 290 19 290 19 291 277 291 278 291 19 292 278 292 6 292 3 293 1 293 267 293 267 294 1 294 279 294 267 295 279 295 268 295 268 295 279 295 280 295 268 296 280 296 269 296 269 297 280 297 281 297 269 298 281 298 270 298 270 299 281 299 282 299 270 300 282 300 271 300 271 301 282 301 283 301 271 302 283 302 278 302 278 303 283 303 284 303 278 304 284 304 6 304 6 304 284 304 4 304 285 305 286 305 287 305 287 306 286 306 288 306 287 307 288 307 289 307 290 308 291 308 292 308 292 309 291 309 293 309 292 310 293 310 285 310 187 311 294 311 183 311 183 312 294 312 295 312 183 313 295 313 296 313 296 314 295 314 297 314 296 315 297 315 290 315 298 316 2 316 154 316 299 317 300 317 301 317 302 318 303 318 304 318 303 319 302 319 119 319 298 320 154 320 305 320 305 321 154 321 155 321 305 322 155 322 306 322 155 323 158 323 306 323 306 324 158 324 160 324 306 325 160 325 307 325 307 326 160 326 162 326 307 327 162 327 308 327 308 328 162 328 164 328 308 329 164 329 309 329 164 330 167 330 309 330 309 331 167 331 169 331 309 332 169 332 310 332 169 333 171 333 310 333 310 334 171 334 173 334 310 335 173 335 311 335 173 336 175 336 311 336 311 337 175 337 177 337 311 338 177 338 296 338 296 339 177 339 181 339 296 340 181 340 183 340 290 341 292 341 296 341 296 342 292 342 312 342 296 343 312 343 311 343 311 344 312 344 313 344 311 345 313 345 310 345 310 346 313 346 314 346 310 347 314 347 309 347 309 348 314 348 315 348 309 349 315 349 308 349 308 350 315 350 316 350 308 351 316 351 307 351 307 352 316 352 317 352 307 353 317 353 306 353 306 354 317 354 299 354 306 355 299 355 305 355 305 356 299 356 301 356 305 357 301 357 298 357 285 358 287 358 292 358 292 359 287 359 318 359 292 360 318 360 312 360 312 361 318 361 319 361 312 362 319 362 313 362 313 363 319 363 320 363 313 364 320 364 314 364 314 365 320 365 321 365 314 366 321 366 315 366 315 367 321 367 322 367 315 368 322 368 316 368 316 369 322 369 323 369 316 370 323 370 317 370 317 371 323 371 302 371 317 372 302 372 299 372 299 373 302 373 304 373 299 374 304 374 300 374 119 375 302 375 114 375 114 376 302 376 323 376 114 377 323 377 129 377 129 378 323 378 322 378 129 379 322 379 130 379 130 380 322 380 321 380 130 381 321 381 131 381 131 382 321 382 320 382 131 383 320 383 123 383 123 384 320 384 319 384 123 385 319 385 124 385 124 386 319 386 318 386 124 387 318 387 125 387 125 388 318 388 287 388 125 389 287 389 112 389 112 390 287 390 289 390 112 391 289 391 113 391 0 392 2 392 324 392 324 393 2 393 298 393 324 394 298 394 325 394 325 394 298 394 301 394 325 395 301 395 326 395 326 396 301 396 300 396 326 397 300 397 327 397 327 398 300 398 304 398 327 399 304 399 328 399 328 399 304 399 303 399 328 400 303 400 118 400 118 401 303 401 119 401 36 402 42 402 329 402 329 403 42 403 330 403 329 404 330 404 331 404 331 405 330 405 332 405 331 406 332 406 333 406 333 407 332 407 334 407 333 408 334 408 335 408 335 408 334 408 336 408 335 409 336 409 337 409 337 410 336 410 338 410 337 411 338 411 5 411 5 412 338 412 7 412 339 413 179 413 243 413 340 414 339 414 341 414 342 415 340 415 343 415 26 416 342 416 344 416 339 417 243 417 341 417 341 418 243 418 244 418 341 419 244 419 345 419 345 420 244 420 248 420 345 421 248 421 346 421 248 422 247 422 346 422 346 423 247 423 245 423 346 424 245 424 347 424 347 425 245 425 241 425 347 426 241 426 348 426 340 427 341 427 343 427 343 428 341 428 345 428 343 429 345 429 349 429 349 430 345 430 346 430 349 431 346 431 350 431 350 432 346 432 347 432 350 433 347 433 351 433 351 434 347 434 348 434 351 435 348 435 352 435 352 436 348 436 353 436 352 437 353 437 354 437 354 438 353 438 355 438 354 439 355 439 356 439 356 440 355 440 357 440 356 441 357 441 358 441 358 442 357 442 359 442 358 443 359 443 360 443 241 444 240 444 348 444 348 445 240 445 238 445 348 446 238 446 353 446 353 447 238 447 237 447 353 448 237 448 355 448 355 449 237 449 235 449 355 450 235 450 357 450 357 451 235 451 234 451 357 452 234 452 359 452 359 453 234 453 7 453 7 454 338 454 359 454 359 455 338 455 336 455 359 456 336 456 360 456 360 457 336 457 334 457 360 458 334 458 332 458 342 459 343 459 344 459 344 460 343 460 349 460 344 461 349 461 361 461 361 462 349 462 350 462 361 463 350 463 362 463 362 464 350 464 351 464 362 465 351 465 363 465 363 466 351 466 352 466 363 467 352 467 364 467 364 468 352 468 354 468 364 469 354 469 365 469 365 470 354 470 356 470 365 471 356 471 366 471 366 472 356 472 358 472 366 473 358 473 367 473 367 474 358 474 360 474 367 475 360 475 368 475 368 476 360 476 332 476 368 477 332 477 330 477 26 478 344 478 27 478 27 479 344 479 361 479 27 480 361 480 28 480 28 481 361 481 362 481 28 482 362 482 29 482 29 483 362 483 363 483 29 484 363 484 30 484 30 485 363 485 364 485 30 486 364 486 20 486 20 487 364 487 365 487 20 488 365 488 21 488 21 489 365 489 366 489 21 490 366 490 23 490 23 491 366 491 367 491 23 492 367 492 24 492 24 493 367 493 368 493 24 494 368 494 50 494 50 495 368 495 330 495 50 496 330 496 42 496 369 497 133 497 190 497 370 498 369 498 371 498 372 499 370 499 373 499 369 500 190 500 371 500 371 501 190 501 192 501 371 502 192 502 374 502 374 503 192 503 188 503 374 504 188 504 375 504 64 505 372 505 66 505 66 506 372 506 376 506 66 507 376 507 67 507 67 508 376 508 377 508 67 509 377 509 55 509 55 510 377 510 378 510 180 511 379 511 182 511 182 512 379 512 380 512 182 513 380 513 184 513 184 514 380 514 381 514 184 515 381 515 185 515 185 516 381 516 375 516 185 517 375 517 186 517 186 518 375 518 188 518 370 519 371 519 373 519 373 520 371 520 374 520 373 521 374 521 382 521 382 522 374 522 375 522 382 523 375 523 383 523 383 524 375 524 381 524 383 525 381 525 384 525 384 526 381 526 380 526 384 527 380 527 385 527 385 528 380 528 379 528 385 529 379 529 386 529 372 530 373 530 376 530 376 531 373 531 382 531 376 532 382 532 377 532 377 533 382 533 383 533 377 534 383 534 378 534 378 535 383 535 384 535 378 536 384 536 387 536 387 537 384 537 385 537 387 538 385 538 388 538 388 539 385 539 386 539 388 540 386 540 389 540 25 541 48 541 389 541 389 542 48 542 46 542 389 543 46 543 388 543 388 544 46 544 45 544 388 545 45 545 387 545 387 546 45 546 56 546 387 547 56 547 378 547 378 548 56 548 54 548 378 549 54 549 55 549 26 550 25 550 342 550 342 551 25 551 389 551 342 552 389 552 340 552 340 553 389 553 386 553 340 554 386 554 339 554 339 555 386 555 379 555 339 556 379 556 179 556 179 557 379 557 180 557 390 558 372 558 64 558 64 559 62 559 390 559 390 560 62 560 391 560 390 561 391 561 392 561 392 562 393 562 390 562 390 563 393 563 394 563 390 564 394 564 372 564 372 565 394 565 370 565 395 566 396 566 397 566 397 567 396 567 398 567 397 568 398 568 399 568 393 569 395 569 394 569 394 570 395 570 397 570 394 571 397 571 370 571 370 572 397 572 399 572 370 573 399 573 369 573 369 574 399 574 135 574 369 575 135 575 133 575 398 576 400 576 399 576 399 577 400 577 401 577 399 578 401 578 135 578 135 579 401 579 402 579 68 580 70 580 392 580 392 581 70 581 403 581 392 582 403 582 393 582 393 583 403 583 404 583 393 584 404 584 395 584 395 585 404 585 405 585 395 586 405 586 396 586 396 586 405 586 406 586 396 587 406 587 398 587 398 588 406 588 407 588 398 589 407 589 400 589 400 590 407 590 408 590 400 591 408 591 401 591 401 592 408 592 409 592 401 593 409 593 137 593 137 593 409 593 141 593 211 594 209 594 410 594 207 595 205 595 411 595 201 596 199 596 412 596 197 597 195 597 413 597 414 598 140 598 141 598 139 599 144 599 415 599 415 600 144 600 416 600 415 601 416 601 417 601 417 602 416 602 418 602 141 603 409 603 414 603 414 604 409 604 408 604 414 605 408 605 419 605 420 606 421 606 418 606 418 607 421 607 422 607 418 608 422 608 417 608 408 609 407 609 419 609 419 610 407 610 406 610 419 611 406 611 423 611 413 612 424 612 420 612 420 613 424 613 425 613 420 614 425 614 421 614 195 615 72 615 413 615 413 616 72 616 426 616 413 617 426 617 424 617 199 618 197 618 412 618 412 619 197 619 413 619 412 620 413 620 427 620 427 621 413 621 420 621 427 622 420 622 428 622 428 623 420 623 418 623 428 624 418 624 429 624 429 625 418 625 416 625 429 626 416 626 145 626 145 627 416 627 144 627 203 628 201 628 430 628 430 629 201 629 412 629 430 630 412 630 431 630 431 631 412 631 427 631 431 632 427 632 432 632 432 633 427 633 428 633 432 634 428 634 433 634 433 635 428 635 429 635 433 636 429 636 143 636 143 637 429 637 145 637 143 638 142 638 433 638 433 639 142 639 434 639 433 640 434 640 432 640 432 641 434 641 435 641 432 642 435 642 431 642 431 643 435 643 436 643 431 644 436 644 430 644 430 645 436 645 411 645 430 646 411 646 203 646 203 647 411 647 205 647 209 648 207 648 410 648 410 649 207 649 411 649 410 650 411 650 437 650 437 651 411 651 436 651 437 652 436 652 438 652 438 653 436 653 435 653 438 654 435 654 439 654 439 655 435 655 434 655 439 656 434 656 138 656 138 657 434 657 142 657 213 658 211 658 440 658 440 659 211 659 410 659 440 660 410 660 423 660 423 661 410 661 437 661 423 662 437 662 419 662 419 663 437 663 438 663 419 664 438 664 414 664 414 665 438 665 439 665 414 666 439 666 140 666 140 667 439 667 138 667 406 668 405 668 423 668 423 669 405 669 404 669 423 670 404 670 440 670 440 671 404 671 403 671 440 672 403 672 213 672 213 673 403 673 70 673 151 674 139 674 441 674 441 675 139 675 415 675 441 676 415 676 442 676 442 677 415 677 417 677 442 678 417 678 443 678 443 679 417 679 422 679 443 680 422 680 444 680 444 680 422 680 421 680 444 681 421 681 445 681 445 681 421 681 425 681 445 682 425 682 446 682 446 683 425 683 424 683 446 684 424 684 447 684 447 685 424 685 426 685 447 686 426 686 74 686 74 687 426 687 72 687 231 688 229 688 448 688 227 689 225 689 449 689 221 690 219 690 450 690 217 691 215 691 451 691 452 692 149 692 151 692 150 693 153 693 453 693 453 694 153 694 454 694 453 695 454 695 455 695 455 696 454 696 456 696 151 697 441 697 452 697 452 698 441 698 442 698 452 699 442 699 457 699 458 700 459 700 456 700 456 701 459 701 460 701 456 702 460 702 455 702 442 703 443 703 457 703 457 704 443 704 444 704 457 705 444 705 461 705 451 706 462 706 458 706 458 707 462 707 463 707 458 708 463 708 459 708 215 709 76 709 451 709 451 710 76 710 464 710 451 711 464 711 462 711 219 712 217 712 450 712 450 713 217 713 451 713 450 714 451 714 465 714 465 715 451 715 458 715 465 716 458 716 466 716 466 717 458 717 456 717 466 718 456 718 467 718 467 719 456 719 454 719 467 720 454 720 148 720 148 721 454 721 153 721 223 722 221 722 468 722 468 723 221 723 450 723 468 724 450 724 469 724 469 725 450 725 465 725 469 726 465 726 470 726 470 727 465 727 466 727 470 728 466 728 471 728 471 729 466 729 467 729 471 730 467 730 147 730 147 731 467 731 148 731 147 732 146 732 471 732 471 733 146 733 472 733 471 734 472 734 470 734 470 735 472 735 473 735 470 736 473 736 469 736 469 737 473 737 474 737 469 738 474 738 468 738 468 739 474 739 449 739 468 740 449 740 223 740 223 741 449 741 225 741 229 742 227 742 448 742 448 743 227 743 449 743 448 744 449 744 475 744 475 745 449 745 474 745 475 746 474 746 476 746 476 747 474 747 473 747 476 748 473 748 477 748 477 749 473 749 472 749 477 750 472 750 152 750 152 751 472 751 146 751 233 752 231 752 478 752 478 753 231 753 448 753 478 754 448 754 461 754 461 755 448 755 475 755 461 756 475 756 457 756 457 757 475 757 476 757 457 758 476 758 452 758 452 759 476 759 477 759 452 760 477 760 149 760 149 761 477 761 152 761 444 762 445 762 461 762 461 763 445 763 446 763 461 764 446 764 478 764 478 765 446 765 447 765 478 766 447 766 233 766 233 767 447 767 74 767 479 768 150 768 480 768 480 768 150 768 453 768 480 769 453 769 481 769 481 770 453 770 455 770 481 771 455 771 482 771 482 771 455 771 460 771 482 772 460 772 483 772 483 773 460 773 459 773 483 774 459 774 484 774 484 775 459 775 463 775 484 776 463 776 485 776 485 777 463 777 462 777 485 778 462 778 486 778 486 779 462 779 464 779 486 780 464 780 487 780 487 780 464 780 76 780 488 781 489 781 490 781 105 782 489 782 107 782 107 783 489 783 488 783 107 784 488 784 109 784 491 785 109 785 492 785 492 786 109 786 488 786 492 787 488 787 485 787 485 788 488 788 493 788 493 789 494 789 483 789 483 790 494 790 495 790 496 791 481 791 495 791 495 792 481 792 497 792 495 793 497 793 483 793 134 794 498 794 496 794 496 795 498 795 499 795 496 796 499 796 481 796 493 797 488 797 494 797 494 798 488 798 490 798 494 799 490 799 495 799 495 800 490 800 500 800 495 801 500 801 496 801 496 802 500 802 132 802 496 803 132 803 134 803 189 804 193 804 501 804 99 805 100 805 502 805 502 806 100 806 503 806 502 807 503 807 504 807 504 808 503 808 505 808 504 809 505 809 501 809 501 810 505 810 506 810 501 811 506 811 189 811 189 812 506 812 187 812 103 813 99 813 507 813 507 814 99 814 502 814 507 815 502 815 508 815 508 816 502 816 504 816 508 817 504 817 509 817 509 818 504 818 501 818 509 819 501 819 191 819 191 820 501 820 193 820 105 821 103 821 489 821 489 822 103 822 507 822 489 823 507 823 490 823 490 824 507 824 508 824 490 825 508 825 500 825 500 826 508 826 509 826 500 827 509 827 132 827 132 828 509 828 191 828 187 829 506 829 510 829 511 830 512 830 513 830 512 831 113 831 289 831 514 832 515 832 516 832 516 833 515 833 511 833 517 834 518 834 514 834 518 835 517 835 93 835 512 836 289 836 513 836 513 837 289 837 288 837 513 838 288 838 519 838 519 839 288 839 286 839 519 840 286 840 520 840 286 841 285 841 520 841 520 842 285 842 293 842 520 843 293 843 521 843 521 844 293 844 291 844 521 845 291 845 522 845 291 846 290 846 522 846 522 847 290 847 297 847 522 848 297 848 523 848 523 849 297 849 295 849 523 850 295 850 510 850 510 851 295 851 294 851 510 852 294 852 187 852 511 853 513 853 516 853 516 854 513 854 519 854 516 855 519 855 524 855 524 856 519 856 520 856 524 857 520 857 525 857 525 858 520 858 521 858 525 859 521 859 526 859 526 860 521 860 522 860 526 861 522 861 527 861 527 862 522 862 523 862 527 863 523 863 528 863 528 864 523 864 510 864 528 865 510 865 529 865 529 866 510 866 506 866 529 867 506 867 505 867 514 868 516 868 517 868 517 869 516 869 524 869 517 870 524 870 530 870 530 871 524 871 525 871 530 872 525 872 531 872 531 873 525 873 526 873 531 874 526 874 532 874 532 875 526 875 527 875 532 876 527 876 533 876 533 877 527 877 528 877 533 878 528 878 534 878 534 879 528 879 529 879 534 880 529 880 535 880 535 881 529 881 505 881 535 882 505 882 503 882 93 883 517 883 94 883 94 884 517 884 530 884 94 885 530 885 95 885 95 886 530 886 531 886 95 887 531 887 96 887 96 888 531 888 532 888 96 889 532 889 97 889 97 890 532 890 533 890 97 891 533 891 89 891 89 892 533 892 534 892 89 893 534 893 90 893 90 894 534 894 535 894 90 895 535 895 92 895 92 896 535 896 503 896 92 897 503 897 100 897 93 898 98 898 518 898 518 899 98 899 536 899 518 900 536 900 514 900 514 900 536 900 537 900 514 901 537 901 515 901 515 901 537 901 538 901 515 902 538 902 511 902 511 902 538 902 539 902 511 903 539 903 512 903 512 904 539 904 540 904 512 905 540 905 113 905 113 906 540 906 117 906 541 907 542 907 543 907 544 908 545 908 546 908 546 908 545 908 547 908 546 908 547 908 543 908 543 909 547 909 548 909 543 910 548 910 541 910 544 911 549 911 550 911 550 908 551 908 544 908 544 908 551 908 552 908 544 912 552 912 553 912 554 913 555 913 556 913 553 914 557 914 544 914 544 915 557 915 558 915 544 916 558 916 545 916 545 908 558 908 559 908 545 917 559 917 560 917 560 908 559 908 561 908 554 908 556 908 559 908 559 908 556 908 562 908 559 918 562 918 561 918 563 919 564 919 565 919 566 920 567 920 564 920 564 921 567 921 568 921 564 922 568 922 565 922 569 923 570 923 571 923 571 924 570 924 572 924 571 925 572 925 565 925 565 926 572 926 573 926 565 927 573 927 563 927 542 928 541 928 574 928 574 929 541 929 575 929 569 930 576 930 570 930 570 931 576 931 574 931 570 932 574 932 577 932 577 933 574 933 575 933 578 934 579 934 580 934 580 935 579 935 567 935 580 936 567 936 581 936 581 937 567 937 566 937 581 938 566 938 582 938 580 939 583 939 578 939 578 940 583 940 584 940 578 941 584 941 585 941 585 942 584 942 586 942 584 943 587 943 586 943 586 944 587 944 588 944 586 945 588 945 589 945 589 946 588 946 590 946 588 947 591 947 590 947 590 948 591 948 592 948 590 949 592 949 593 949 593 950 592 950 594 950 593 951 594 951 595 951 594 952 596 952 595 952 595 953 596 953 597 953 595 954 597 954 598 954 598 955 597 955 599 955 597 956 600 956 599 956 599 957 600 957 601 957 599 958 601 958 602 958 602 959 601 959 1 959 602 960 1 960 0 960 583 961 580 961 603 961 604 962 605 962 606 962 605 963 607 963 606 963 606 964 607 964 5 964 606 965 5 965 608 965 609 966 610 966 604 966 611 967 612 967 613 967 613 968 612 968 614 968 615 969 616 969 603 969 603 970 616 970 611 970 615 971 603 971 617 971 617 972 603 972 580 972 617 973 580 973 618 973 618 974 580 974 581 974 618 975 581 975 582 975 583 976 603 976 584 976 584 977 603 977 619 977 584 978 619 978 587 978 587 979 619 979 620 979 587 980 620 980 588 980 588 981 620 981 591 981 591 982 620 982 621 982 591 983 621 983 592 983 592 984 621 984 622 984 592 985 622 985 594 985 594 986 622 986 596 986 596 987 622 987 623 987 596 988 623 988 597 988 5 989 10 989 608 989 608 990 10 990 9 990 608 991 9 991 624 991 624 992 9 992 8 992 624 993 8 993 625 993 625 994 8 994 16 994 625 995 16 995 626 995 626 996 16 996 15 996 626 997 15 997 627 997 627 998 15 998 14 998 627 999 14 999 628 999 611 1000 613 1000 603 1000 603 1001 613 1001 629 1001 603 1002 629 1002 619 1002 619 1003 629 1003 630 1003 619 1004 630 1004 620 1004 620 1005 630 1005 631 1005 620 1006 631 1006 621 1006 621 1007 631 1007 632 1007 621 1008 632 1008 622 1008 622 1009 632 1009 633 1009 622 1010 633 1010 623 1010 623 1011 633 1011 634 1011 623 1012 634 1012 635 1012 597 1013 623 1013 600 1013 600 1014 623 1014 635 1014 600 1015 635 1015 601 1015 14 1016 4 1016 628 1016 628 1017 4 1017 284 1017 628 1018 284 1018 283 1018 604 1019 606 1019 609 1019 609 1020 606 1020 608 1020 609 1021 608 1021 636 1021 636 1022 608 1022 624 1022 636 1023 624 1023 637 1023 637 1024 624 1024 625 1024 637 1025 625 1025 638 1025 638 1026 625 1026 626 1026 638 1027 626 1027 639 1027 639 1028 626 1028 627 1028 639 1029 627 1029 640 1029 640 1030 627 1030 628 1030 640 1031 628 1031 641 1031 641 1032 628 1032 283 1032 641 1033 283 1033 282 1033 282 1034 634 1034 641 1034 641 1035 634 1035 633 1035 641 1036 633 1036 640 1036 640 1037 633 1037 632 1037 640 1038 632 1038 639 1038 639 1039 632 1039 631 1039 639 1040 631 1040 638 1040 638 1041 631 1041 630 1041 638 1042 630 1042 637 1042 637 1043 630 1043 629 1043 637 1044 629 1044 636 1044 636 1045 629 1045 613 1045 636 1046 613 1046 609 1046 609 1047 613 1047 614 1047 609 1048 614 1048 610 1048 1 1049 601 1049 279 1049 279 1050 601 1050 635 1050 279 1051 635 1051 280 1051 280 1052 635 1052 634 1052 280 1053 634 1053 281 1053 281 1054 634 1054 282 1054 567 1055 579 1055 642 1055 578 1056 585 1056 643 1056 586 1057 589 1057 644 1057 325 1058 326 1058 645 1058 327 1059 328 1059 646 1059 565 1060 568 1060 647 1060 648 1061 647 1061 649 1061 649 1062 647 1062 650 1062 649 1063 650 1063 651 1063 648 1064 652 1064 647 1064 647 1065 652 1065 653 1065 647 1066 653 1066 565 1066 565 1067 653 1067 654 1067 565 1068 654 1068 571 1068 115 1069 117 1069 655 1069 655 1070 117 1070 656 1070 656 1071 657 1071 655 1071 655 1072 657 1072 658 1072 655 1073 658 1073 650 1073 650 1074 658 1074 659 1074 650 1075 659 1075 651 1075 328 1076 118 1076 116 1076 327 1077 646 1077 326 1077 660 1078 324 1078 325 1078 324 1079 660 1079 0 1079 328 1080 116 1080 646 1080 646 1081 116 1081 128 1081 646 1082 128 1082 661 1082 661 1083 128 1083 127 1083 661 1084 127 1084 662 1084 662 1085 127 1085 126 1085 662 1086 126 1086 663 1086 326 1087 646 1087 645 1087 645 1088 646 1088 661 1088 645 1089 661 1089 664 1089 664 1090 661 1090 662 1090 664 1091 662 1091 665 1091 665 1092 662 1092 663 1092 665 1093 663 1093 666 1093 325 1094 645 1094 660 1094 660 1095 645 1095 664 1095 660 1096 664 1096 667 1096 667 1097 664 1097 665 1097 667 1098 665 1098 668 1098 668 1099 665 1099 666 1099 668 1100 666 1100 669 1100 590 1101 593 1101 669 1101 669 1102 593 1102 595 1102 669 1103 595 1103 668 1103 668 1104 595 1104 598 1104 668 1105 598 1105 667 1105 667 1106 598 1106 599 1106 667 1107 599 1107 660 1107 660 1108 599 1108 602 1108 660 1109 602 1109 0 1109 589 1110 590 1110 644 1110 644 1111 590 1111 669 1111 644 1112 669 1112 670 1112 670 1113 669 1113 666 1113 670 1114 666 1114 671 1114 671 1115 666 1115 663 1115 671 1116 663 1116 122 1116 122 1117 663 1117 126 1117 585 1118 586 1118 643 1118 643 1119 586 1119 644 1119 643 1120 644 1120 672 1120 672 1121 644 1121 670 1121 672 1122 670 1122 673 1122 673 1123 670 1123 671 1123 673 1124 671 1124 121 1124 121 1125 671 1125 122 1125 579 1126 578 1126 642 1126 642 1127 578 1127 643 1127 642 1128 643 1128 674 1128 674 1129 643 1129 672 1129 674 1130 672 1130 675 1130 675 1131 672 1131 673 1131 675 1132 673 1132 120 1132 120 1133 673 1133 121 1133 568 1134 567 1134 647 1134 647 1135 567 1135 642 1135 647 1136 642 1136 650 1136 650 1137 642 1137 674 1137 650 1138 674 1138 655 1138 655 1139 674 1139 675 1139 655 1140 675 1140 115 1140 115 1141 675 1141 120 1141 676 1142 677 1142 678 1142 679 1143 676 1143 680 1143 582 1144 679 1144 681 1144 582 1145 681 1145 618 1145 618 1146 681 1146 682 1146 618 1147 682 1147 617 1147 617 1148 682 1148 615 1148 615 1149 682 1149 683 1149 615 1150 683 1150 616 1150 616 1151 683 1151 684 1151 616 1152 684 1152 611 1152 676 1153 678 1153 680 1153 680 1154 678 1154 685 1154 680 1155 685 1155 686 1155 686 1156 685 1156 687 1156 686 1157 687 1157 688 1157 688 1158 687 1158 689 1158 688 1159 689 1159 690 1159 690 1160 689 1160 691 1160 690 1161 691 1161 692 1161 692 1162 691 1162 693 1162 692 1163 693 1163 694 1163 694 1164 693 1164 695 1164 694 1165 695 1165 696 1165 696 1166 695 1166 697 1166 696 1167 697 1167 698 1167 698 1168 697 1168 699 1168 698 1169 699 1169 700 1169 36 1170 699 1170 37 1170 37 1171 699 1171 697 1171 37 1172 697 1172 38 1172 38 1173 697 1173 695 1173 38 1174 695 1174 39 1174 39 1175 695 1175 693 1175 39 1176 693 1176 40 1176 40 1177 693 1177 691 1177 40 1178 691 1178 41 1178 41 1179 691 1179 689 1179 41 1180 689 1180 31 1180 31 1181 689 1181 687 1181 31 1182 687 1182 32 1182 32 1183 687 1183 685 1183 32 1184 685 1184 34 1184 34 1185 685 1185 678 1185 34 1186 678 1186 35 1186 35 1187 678 1187 677 1187 35 1188 677 1188 44 1188 36 1189 329 1189 699 1189 699 1190 329 1190 331 1190 699 1191 331 1191 700 1191 700 1192 331 1192 333 1192 700 1193 333 1193 335 1193 679 1194 680 1194 681 1194 681 1195 680 1195 686 1195 681 1196 686 1196 682 1196 682 1197 686 1197 688 1197 682 1198 688 1198 683 1198 683 1199 688 1199 690 1199 683 1200 690 1200 684 1200 684 1201 690 1201 692 1201 684 1202 692 1202 701 1202 701 1203 692 1203 694 1203 701 1204 694 1204 702 1204 702 1205 694 1205 696 1205 702 1206 696 1206 703 1206 703 1207 696 1207 698 1207 703 1208 698 1208 704 1208 704 1209 698 1209 700 1209 704 1210 700 1210 705 1210 705 1211 700 1211 335 1211 705 1212 335 1212 337 1212 611 1213 684 1213 612 1213 612 1214 684 1214 701 1214 612 1215 701 1215 614 1215 614 1216 701 1216 702 1216 614 1217 702 1217 610 1217 610 1218 702 1218 703 1218 610 1219 703 1219 604 1219 604 1220 703 1220 704 1220 604 1221 704 1221 605 1221 605 1222 704 1222 705 1222 605 1223 705 1223 607 1223 607 1224 705 1224 337 1224 607 1225 337 1225 5 1225 43 1226 44 1226 677 1226 706 1227 707 1227 708 1227 708 1228 707 1228 63 1228 708 1229 63 1229 65 1229 709 1230 706 1230 710 1230 711 1231 575 1231 712 1231 712 1232 575 1232 541 1232 712 1233 541 1233 709 1233 65 1234 53 1234 708 1234 708 1235 53 1235 52 1235 708 1236 52 1236 713 1236 713 1237 52 1237 58 1237 57 1238 714 1238 58 1238 58 1239 714 1239 715 1239 58 1240 715 1240 713 1240 706 1241 708 1241 710 1241 710 1242 708 1242 713 1242 710 1243 713 1243 716 1243 716 1244 713 1244 715 1244 716 1245 715 1245 717 1245 717 1246 715 1246 714 1246 717 1247 714 1247 718 1247 718 1248 714 1248 719 1248 718 1249 719 1249 720 1249 709 1250 710 1250 712 1250 712 1251 710 1251 716 1251 712 1252 716 1252 711 1252 711 1253 716 1253 717 1253 711 1254 717 1254 721 1254 721 1255 717 1255 718 1255 721 1256 718 1256 722 1256 722 1257 718 1257 720 1257 722 1258 720 1258 723 1258 564 1259 563 1259 723 1259 723 1260 563 1260 573 1260 723 1261 573 1261 722 1261 722 1262 573 1262 572 1262 722 1263 572 1263 721 1263 721 1264 572 1264 570 1264 721 1265 570 1265 711 1265 711 1266 570 1266 577 1266 711 1267 577 1267 575 1267 566 1268 564 1268 724 1268 724 1269 564 1269 723 1269 724 1270 723 1270 725 1270 725 1271 723 1271 720 1271 725 1272 720 1272 726 1272 726 1273 720 1273 719 1273 43 1274 677 1274 51 1274 582 1275 566 1275 679 1275 679 1276 566 1276 724 1276 679 1277 724 1277 676 1277 676 1278 724 1278 725 1278 676 1279 725 1279 677 1279 677 1280 725 1280 726 1280 677 1281 726 1281 51 1281 51 1282 726 1282 719 1282 51 1283 719 1283 49 1283 49 1284 719 1284 714 1284 49 1285 714 1285 47 1285 47 1286 714 1286 57 1286 706 1287 727 1287 707 1287 707 1288 727 1288 61 1288 707 1289 61 1289 63 1289 728 1290 61 1290 729 1290 729 1291 61 1291 727 1291 729 1292 727 1292 730 1292 730 1293 727 1293 731 1293 731 1294 732 1294 733 1294 733 1295 732 1295 734 1295 735 1296 736 1296 734 1296 734 1297 736 1297 737 1297 734 1298 737 1298 733 1298 548 1299 738 1299 735 1299 735 1300 738 1300 739 1300 735 1301 739 1301 736 1301 731 1302 727 1302 732 1302 732 1303 727 1303 706 1303 732 1304 706 1304 734 1304 734 1305 706 1305 709 1305 734 1306 709 1306 735 1306 735 1307 709 1307 541 1307 735 1308 541 1308 548 1308 71 1309 69 1309 740 1309 740 1310 69 1310 741 1310 740 1311 741 1311 742 1311 742 1312 741 1312 730 1312 742 1313 730 1313 743 1313 743 1314 730 1314 744 1314 743 1315 744 1315 745 1315 745 1315 744 1315 733 1315 745 1316 733 1316 746 1316 746 1317 733 1317 747 1317 746 1318 747 1318 748 1318 748 1319 747 1319 736 1319 748 1320 736 1320 749 1320 749 1321 736 1321 750 1321 749 1322 750 1322 545 1322 545 1322 750 1322 751 1322 196 1323 198 1323 752 1323 200 1324 202 1324 753 1324 206 1325 208 1325 754 1325 210 1326 212 1326 755 1326 756 1327 554 1327 559 1327 545 1328 560 1328 749 1328 749 1329 560 1329 757 1329 749 1330 757 1330 748 1330 748 1331 757 1331 758 1331 559 1332 759 1332 756 1332 756 1333 759 1333 760 1333 756 1334 760 1334 761 1334 762 1335 745 1335 758 1335 758 1336 745 1336 746 1336 758 1337 746 1337 748 1337 760 1338 763 1338 761 1338 761 1339 763 1339 764 1339 761 1340 764 1340 765 1340 755 1341 742 1341 762 1341 762 1342 742 1342 743 1342 762 1343 743 1343 745 1343 212 1344 71 1344 755 1344 755 1345 71 1345 740 1345 755 1346 740 1346 742 1346 208 1347 210 1347 754 1347 754 1348 210 1348 755 1348 754 1349 755 1349 766 1349 766 1350 755 1350 762 1350 766 1351 762 1351 767 1351 767 1352 762 1352 758 1352 767 1353 758 1353 768 1353 768 1354 758 1354 757 1354 768 1355 757 1355 561 1355 561 1356 757 1356 560 1356 204 1357 206 1357 769 1357 769 1358 206 1358 754 1358 769 1359 754 1359 770 1359 770 1360 754 1360 766 1360 770 1361 766 1361 771 1361 771 1362 766 1362 767 1362 771 1363 767 1363 772 1363 772 1364 767 1364 768 1364 772 1365 768 1365 562 1365 562 1366 768 1366 561 1366 562 1367 556 1367 772 1367 772 1368 556 1368 773 1368 772 1369 773 1369 771 1369 771 1370 773 1370 774 1370 771 1371 774 1371 770 1371 770 1372 774 1372 775 1372 770 1373 775 1373 769 1373 769 1374 775 1374 753 1374 769 1375 753 1375 204 1375 204 1376 753 1376 202 1376 198 1377 200 1377 752 1377 752 1378 200 1378 753 1378 752 1379 753 1379 776 1379 776 1380 753 1380 775 1380 776 1381 775 1381 777 1381 777 1382 775 1382 774 1382 777 1383 774 1383 778 1383 778 1384 774 1384 773 1384 778 1385 773 1385 555 1385 555 1386 773 1386 556 1386 194 1387 196 1387 779 1387 779 1388 196 1388 752 1388 779 1389 752 1389 765 1389 765 1390 752 1390 776 1390 765 1391 776 1391 761 1391 761 1392 776 1392 777 1392 761 1393 777 1393 756 1393 756 1394 777 1394 778 1394 756 1395 778 1395 554 1395 554 1396 778 1396 555 1396 764 1397 780 1397 765 1397 765 1398 780 1398 781 1398 765 1399 781 1399 779 1399 779 1400 781 1400 782 1400 779 1401 782 1401 194 1401 194 1402 782 1402 73 1402 75 1403 73 1403 783 1403 783 1404 73 1404 782 1404 783 1405 782 1405 784 1405 784 1406 782 1406 781 1406 784 1407 781 1407 785 1407 785 1408 781 1408 780 1408 785 1409 780 1409 786 1409 786 1409 780 1409 764 1409 786 1410 764 1410 787 1410 787 1410 764 1410 763 1410 787 1411 763 1411 788 1411 788 1412 763 1412 760 1412 788 1413 760 1413 789 1413 789 1414 760 1414 759 1414 789 1415 759 1415 558 1415 558 1416 759 1416 559 1416 216 1417 218 1417 790 1417 220 1418 222 1418 791 1418 226 1419 228 1419 792 1419 230 1420 232 1420 793 1420 794 1421 549 1421 544 1421 558 1422 557 1422 789 1422 789 1423 557 1423 795 1423 789 1424 795 1424 788 1424 788 1425 795 1425 796 1425 544 1426 797 1426 794 1426 794 1427 797 1427 798 1427 794 1428 798 1428 799 1428 800 1429 786 1429 796 1429 796 1430 786 1430 787 1430 796 1431 787 1431 788 1431 798 1432 801 1432 799 1432 799 1433 801 1433 802 1433 799 1434 802 1434 803 1434 793 1435 784 1435 800 1435 800 1436 784 1436 785 1436 800 1437 785 1437 786 1437 232 1438 75 1438 793 1438 793 1439 75 1439 783 1439 793 1440 783 1440 784 1440 228 1441 230 1441 792 1441 792 1442 230 1442 793 1442 792 1443 793 1443 804 1443 804 1444 793 1444 800 1444 804 1445 800 1445 805 1445 805 1446 800 1446 796 1446 805 1447 796 1447 806 1447 806 1448 796 1448 795 1448 806 1449 795 1449 553 1449 553 1450 795 1450 557 1450 224 1451 226 1451 807 1451 807 1452 226 1452 792 1452 807 1453 792 1453 808 1453 808 1454 792 1454 804 1454 808 1455 804 1455 809 1455 809 1456 804 1456 805 1456 809 1457 805 1457 810 1457 810 1458 805 1458 806 1458 810 1459 806 1459 552 1459 552 1460 806 1460 553 1460 552 1461 551 1461 810 1461 810 1462 551 1462 811 1462 810 1463 811 1463 809 1463 809 1464 811 1464 812 1464 809 1465 812 1465 808 1465 808 1466 812 1466 813 1466 808 1467 813 1467 807 1467 807 1468 813 1468 791 1468 807 1469 791 1469 224 1469 224 1470 791 1470 222 1470 218 1471 220 1471 790 1471 790 1472 220 1472 791 1472 790 1473 791 1473 814 1473 814 1474 791 1474 813 1474 814 1475 813 1475 815 1475 815 1476 813 1476 812 1476 815 1477 812 1477 816 1477 816 1478 812 1478 811 1478 816 1479 811 1479 550 1479 550 1480 811 1480 551 1480 214 1481 216 1481 817 1481 817 1482 216 1482 790 1482 817 1483 790 1483 803 1483 803 1484 790 1484 814 1484 803 1485 814 1485 799 1485 799 1486 814 1486 815 1486 799 1487 815 1487 794 1487 794 1488 815 1488 816 1488 794 1489 816 1489 549 1489 549 1490 816 1490 550 1490 802 1491 818 1491 803 1491 803 1492 818 1492 819 1492 803 1493 819 1493 817 1493 817 1494 819 1494 820 1494 817 1495 820 1495 214 1495 214 1496 820 1496 77 1496 544 1497 546 1497 797 1497 797 1497 546 1497 821 1497 797 1498 821 1498 798 1498 798 1499 821 1499 822 1499 798 1500 822 1500 801 1500 801 1500 822 1500 823 1500 801 1501 823 1501 802 1501 802 1502 823 1502 824 1502 802 1503 824 1503 818 1503 818 1504 824 1504 825 1504 818 1505 825 1505 819 1505 819 1506 825 1506 826 1506 819 1507 826 1507 820 1507 820 1508 826 1508 827 1508 820 1509 827 1509 77 1509 77 1509 827 1509 828 1509 829 1510 104 1510 830 1510 830 1511 104 1511 106 1511 106 1512 108 1512 830 1512 830 1513 108 1513 79 1513 830 1514 79 1514 831 1514 831 1515 826 1515 830 1515 830 1516 826 1516 832 1516 830 1517 832 1517 829 1517 829 1518 832 1518 833 1518 834 1519 824 1519 835 1519 835 1520 824 1520 836 1520 835 1521 836 1521 837 1521 826 1522 834 1522 832 1522 832 1523 834 1523 835 1523 832 1524 835 1524 833 1524 833 1525 835 1525 837 1525 833 1526 837 1526 838 1526 838 1527 837 1527 543 1527 838 1528 543 1528 542 1528 836 1529 822 1529 837 1529 837 1530 822 1530 839 1530 837 1531 839 1531 543 1531 543 1532 839 1532 840 1532 569 1533 571 1533 841 1533 576 1534 569 1534 842 1534 842 1535 569 1535 841 1535 842 1536 841 1536 843 1536 843 1537 841 1537 844 1537 843 1538 844 1538 845 1538 845 1539 844 1539 846 1539 845 1540 846 1540 83 1540 83 1541 846 1541 84 1541 574 1542 576 1542 847 1542 847 1543 576 1543 842 1543 847 1544 842 1544 848 1544 848 1545 842 1545 843 1545 848 1546 843 1546 849 1546 849 1547 843 1547 845 1547 849 1548 845 1548 102 1548 102 1549 845 1549 83 1549 542 1550 574 1550 838 1550 838 1551 574 1551 847 1551 838 1552 847 1552 833 1552 833 1553 847 1553 848 1553 833 1554 848 1554 829 1554 829 1555 848 1555 849 1555 829 1556 849 1556 104 1556 104 1557 849 1557 102 1557 653 1558 652 1558 850 1558 649 1559 651 1559 851 1559 658 1560 657 1560 852 1560 853 1561 656 1561 117 1561 854 1562 536 1562 101 1562 101 1563 536 1563 98 1563 117 1564 540 1564 853 1564 853 1565 540 1565 539 1565 853 1566 539 1566 855 1566 855 1567 539 1567 538 1567 855 1568 538 1568 854 1568 854 1569 538 1569 537 1569 854 1570 537 1570 536 1570 657 1571 656 1571 852 1571 852 1572 656 1572 853 1572 852 1573 853 1573 856 1573 856 1574 853 1574 855 1574 856 1575 855 1575 857 1575 857 1576 855 1576 854 1576 857 1577 854 1577 81 1577 81 1578 854 1578 101 1578 659 1579 658 1579 858 1579 858 1580 658 1580 852 1580 858 1581 852 1581 859 1581 859 1582 852 1582 856 1582 859 1583 856 1583 860 1583 860 1584 856 1584 857 1584 860 1585 857 1585 80 1585 80 1586 857 1586 81 1586 651 1587 659 1587 851 1587 851 1588 659 1588 858 1588 851 1589 858 1589 861 1589 861 1590 858 1590 859 1590 861 1591 859 1591 862 1591 862 1592 859 1592 860 1592 862 1593 860 1593 88 1593 88 1594 860 1594 80 1594 648 1595 649 1595 863 1595 863 1596 649 1596 851 1596 863 1597 851 1597 864 1597 864 1598 851 1598 861 1598 864 1599 861 1599 865 1599 865 1600 861 1600 862 1600 865 1601 862 1601 87 1601 87 1602 862 1602 88 1602 652 1603 648 1603 850 1603 850 1604 648 1604 863 1604 850 1605 863 1605 866 1605 866 1606 863 1606 864 1606 866 1607 864 1607 867 1607 867 1608 864 1608 865 1608 867 1609 865 1609 86 1609 86 1610 865 1610 87 1610 654 1611 653 1611 868 1611 868 1612 653 1612 850 1612 868 1613 850 1613 869 1613 869 1614 850 1614 866 1614 869 1615 866 1615 870 1615 870 1616 866 1616 867 1616 870 1617 867 1617 85 1617 85 1618 867 1618 86 1618 571 1619 654 1619 841 1619 841 1620 654 1620 868 1620 841 1621 868 1621 844 1621 844 1622 868 1622 869 1622 844 1623 869 1623 846 1623 846 1624 869 1624 870 1624 846 1625 870 1625 84 1625 84 1626 870 1626 85 1626</p>
        </triangles>
      </mesh>
    </geometry>
  </library_geometries>
  <library_visual_scenes>
    <visual_scene id="Scene" name="Scene">
      <node id="MRH-F-Prox-Visual_00-Main" name="MRH-F-Prox-Visual,00-Main" type="NODE">
        <matrix sid="transform">1 0 0 0 0 1 0 0 0 0 1 0 0 0 0 1</matrix>
        <instance_geometry url="#MRH-F-Prox-Visual_00-Main-mesh" name="MRH-F-Prox-Visual,00-Main">
          <bind_material>
            <technique_common>
              <instance_material symbol="Material_001-material" target="#Material_001-material"/>
            </technique_common>
          </bind_material>
        </instance_geometry>
      </node>
      <node id="MRH-F-Prox-Visual_00-Lid" name="MRH-F-Prox-Visual,00-Lid" type="NODE">
        <matrix sid="transform">1 0 0 0 0 1 0 0 0 0 1 0 0 0 0 1</matrix>
        <instance_geometry url="#MRH-F-Prox-Visual_00-Lid-mesh" name="MRH-F-Prox-Visual,00-Lid">
          <bind_material>
            <technique_common>
              <instance_material symbol="black_spec-material" target="#black_spec-material"/>
            </technique_common>
          </bind_material>
        </instance_geometry>
      </node>
      <node id="MRH-F-Prox-MagTac-Sensor-Visual_00" name="MRH-F-Prox-MagTac-Sensor-Visual,00" type="NODE">
        <matrix sid="transform">1 0 0 0 0 1 0 0 0 0 1 0 0 0 0 1</matrix>
        <instance_geometry url="#MRH-F-Prox-MagTac-Sensor-Visual_00-mesh" name="MRH-F-Prox-MagTac-Sensor-Visual,00">
          <bind_material>
            <technique_common>
              <instance_material symbol="black_spec_mag_tac_sensor-material" target="#black_spec_mag_tac_sensor-material"/>
            </technique_common>
          </bind_material>
        </instance_geometry>
      </node>
    </visual_scene>
  </library_visual_scenes>
  <scene>
    <instance_visual_scene url="#Scene"/>
  </scene>
</COLLADA>
