<?xml version="1.0" encoding="utf-8"?>
<COLLADA xmlns="http://www.collada.org/2005/11/COLLADASchema" version="1.4.1" xmlns:xsi="http://www.w3.org/2001/XMLSchema-instance">
  <asset>
    <contributor>
      <author>Blender User</author>
      <authoring_tool>Blender 3.0.1</authoring_tool>
    </contributor>
    <created>2026-03-25T11:29:26</created>
    <modified>2026-03-25T11:29:26</modified>
    <unit name="meter" meter="1"/>
    <up_axis>Z_UP</up_axis>
  </asset>
  <library_effects>
    <effect id="black_spec_mag_tac_sensor_003-effect">
      <profile_COMMON>
        <technique sid="common">
          <lambert>
            <emission>
              <color sid="emission">0 0 0 1</color>
            </emission>
            <diffuse>
              <color sid="diffuse">0.434 0.434 0.434 1</color>
            </diffuse>
            <index_of_refraction>
              <float sid="ior">1</float>
            </index_of_refraction>
          </lambert>
        </technique>
      </profile_COMMON>
    </effect>
    <effect id="black_spec_003-effect">
      <profile_COMMON>
        <technique sid="common">
          <lambert>
            <emission>
              <color sid="emission">0 0 0 1</color>
            </emission>
            <diffuse>
              <color sid="diffuse">0.21961 0.21961 0.21961 1</color>
            </diffuse>
            <index_of_refraction>
              <float sid="ior">1</float>
            </index_of_refraction>
          </lambert>
        </technique>
      </profile_COMMON>
    </effect>
    <effect id="Material_001_003-effect">
      <profile_COMMON>
        <technique sid="common">
          <lambert>
            <emission>
              <color sid="emission">0 0 0 1</color>
            </emission>
            <diffuse>
              <color sid="diffuse">0.80848 0.80848 0.80848 1</color>
            </diffuse>
            <reflectivity>
              <float sid="specular">0.3</float>
            </reflectivity>
            <index_of_refraction>
              <float sid="ior">1</float>
            </index_of_refraction>
          </lambert>
        </technique>
      </profile_COMMON>
    </effect>
  </library_effects>
  <library_images/>
  <library_materials>
    <material id="black_spec_mag_tac_sensor_003-material" name="black_spec_mag_tac_sensor.003">
      <instance_effect url="#black_spec_mag_tac_sensor_003-effect"/>
    </material>
    <material id="black_spec_003-material" name="black_spec.003">
      <instance_effect url="#black_spec_003-effect"/>
    </material>
    <material id="Material_001_003-material" name="Material_001.003">
      <instance_effect url="#Material_001_003-effect"/>
    </material>
  </library_materials>
  <library_geometries>
    <geometry id="magtac_nail_002-mesh" name="magtac_nail.002">
      <mesh>
        <source id="magtac_nail_002-mesh-positions">
          <float_array id="magtac_nail_002-mesh-positions-array" count="1164">-0.01249474 -0.01282966 0.008829534 -0.01265019 -0.009402573 0.008714258 -0.01244705 -0.009487509 0.008567094 -0.01157087 -0.01661038 0.008447766 -0.01215296 -0.01740038 0.008981347 -0.01169115 -0.0144124 0.008344769 -0.01177638 -0.01212531 0.00823754 -0.01183801 -0.009742259 0.008125782 -0.01118212 -0.02076286 0.008642435 -0.01181852 -0.02035021 0.009096801 -0.01140481 -0.01872527 0.008546948 -0.01188546 -0.01983267 0.009074866 -0.01213485 -0.01758718 0.008988022 -0.01089292 -0.0227276 0.008734583 -0.01118755 -0.02416944 0.009289324 -0.01171666 -0.02108734 0.009129583 -0.0107029 -0.02377444 0.008783638 -0.01041334 -0.02512788 0.008847057 -0.01047629 -0.02709871 0.009487092 -0.01008003 -0.02643013 0.008908152 -0.009699821 -0.02767932 0.008966684 -0.009775698 -0.02920281 0.009668886 -0.009268403 -0.0288729 0.009022653 -0.009007573 -0.03095358 0.009854972 -0.008780896 -0.03000879 0.00907588 -0.008416116 -0.03074353 0.009110331 -0.008707582 -0.03152149 0.009923815 -0.00821489 -0.0311135 0.009127676 -0.008164107 -0.03242141 0.01004308 -0.007683873 -0.03198593 0.009168565 -0.007759213 -0.03299993 0.01012694 -0.007093191 -0.03280717 0.009207069 -0.007252991 -0.03363019 0.01022619 -0.006786108 -0.03318101 0.009224593 -0.006707191 -0.03421151 0.01032543 -0.006187677 -0.03381937 0.009254515 -0.006177902 -0.03469234 0.010414 -0.005661547 -0.03429388 0.009276807 -0.005546689 -0.03438782 0.009281158 -0.005554974 -0.0351693 0.01050823 -0.004860401 -0.03488332 0.009304404 -0.00497967 -0.03553593 0.01058596 -0.004703879 -0.03498166 0.009308993 -0.004306674 -0.03588742 0.01066499 -0.003960788 -0.03538268 0.009327828 -0.003705978 -0.03613996 0.0107252 -0.003385007 -0.03562611 0.009339213 -0.003180742 -0.03569972 0.00934267 -0.002908647 -0.03639787 0.01079016 -0.002356231 -0.03593653 0.009353756 -0.002370536 -0.03652805 0.01082468 -0.00213629 -0.03598475 0.009356021 -0.001966953 -0.03660488 0.0108456 -0.001530051 -0.03666955 0.01086366 -0.001364648 -0.03610992 0.009361922 -9.8314e-4 -0.0367254 0.01087975 0 -0.03676271 0.01089084 -3.78175e-4 -0.03618294 0.00936532 0 -0.03618854 0.009365618 0.00298506 -0.03637665 0.0107848 0.003274679 -0.03566658 0.00934112 0.004232883 -0.03592145 0.01067292 0.004048347 -0.0353409 0.009325861 0.00544548 -0.03524398 0.01052367 0.004785597 -0.03493106 0.009306669 0.004899144 -0.0348581 0.009303212 0.005584478 -0.03435724 0.009279727 0.006533682 -0.03437757 0.01035529 0.005996644 -0.03400045 0.009263038 0.006224334 -0.03378337 0.009252846 0.007118523 -0.0337823 0.0102514 0.006821334 -0.0331397 0.009222686 0.007758677 -0.03300046 0.01012706 0.007091939 -0.03280872 0.009207129 0.008041262 -0.03260457 0.01006895 0.00745058 -0.03232753 0.009184598 0.007684171 -0.03198564 0.009168565 0.008863627 -0.03123313 0.009888231 0.00821489 -0.0311135 0.009127676 0.008571505 -0.0304414 0.009096145 0.009608566 -0.02962541 0.00971049 0.009083867 -0.02932626 0.009043872 0.00924313 -0.02893692 0.009025633 0.01029223 -0.02771091 0.009535968 0.009716689 -0.0276283 0.0089643 0.01085293 -0.02567625 0.009384274 0.0101273 -0.02625894 0.008900105 0.0109815 -0.02512854 0.009348213 0.01048177 -0.02483135 0.008833169 0.01150089 -0.02247488 0.009196519 0.01078397 -0.02334809 0.00876367 0.01103806 -0.02181112 0.008691608 0.01201868 -0.0187031 0.009029626 0.01124829 -0.02022194 0.008617103 0.01141798 -0.01858156 0.008540213 0.01163017 -0.01562744 0.008401691 0.01238507 -0.01457571 0.00888592 0.01237171 -0.01476567 0.008892118 0.01213502 -0.01758503 0.008987963 0.01242405 -0.01399719 0.008867204 0.01175493 -0.01278722 0.008268535 0.01183801 -0.009742259 0.008125782 0.01224422 -0.009572446 0.00841999 0.01244705 -0.009487509 0.008567094 0.01265019 -0.009402573 0.008714258 9.82615e-4 -0.0367254 0.01087975 4.74675e-4 -0.0361796 0.0093652 0.001530051 -0.03666955 0.01086366 0.001455128 -0.03609848 0.009361386 0.001966655 -0.03660494 0.01084566 0.002269864 -0.03595614 0.00935471 0.002908647 -0.03639787 0.01079016 0.002456903 -0.03591251 0.009352684 0.002729177 -0.03584074 0.009349286 0.008120775 -0.01464259 0.01186931 0.008589744 -0.01326727 0.0116961 0.007218897 -0.01091516 0.01206701 0.00941509 -0.02445477 0.01075541 0.009804189 -0.0259068 0.01028847 0.01052772 -0.02418982 0.009943306 0.008642911 -0.02591192 0.01103883 0.008253216 -0.02436161 0.01140242 0.007445991 -0.02557837 0.01162678 0.003112316 -0.007272124 0.01240402 0.002805829 -0.007265985 0.01241487 0.003309369 -0.008720517 0.01246732 0.01016944 -0.02733629 0.009732007 0.01188486 -0.01699727 0.009337067 0.01230001 -0.01156497 0.009117066 0.01188409 -0.01384091 0.009515464 0.0123552 -0.01473349 0.008915483 0.009361982 -0.02896541 0.0100699 0.008478462 -0.03040885 0.0103724 0.00751698 -0.0316655 0.01063805 0.006475627 -0.03273332 0.01086598 0.005352318 -0.03361076 0.01105505 0.004145026 -0.03429609 0.011204 0.002851963 -0.03478771 0.01131165 0.001470923 -0.03508383 0.01137709 3.70993e-4 -0.007246971 0.01244771 0 -0.007246792 0.01244807 0 -0.008770644 0.01252532 0.001298487 -0.007249534 0.0124433 0.00105679 -0.007248461 0.01244509 0.001941025 -0.01422375 0.01271796 7.23125e-4 -0.007247567 0.01244676 0.001335859 -0.01445055 0.01273572 6.89393e-4 -0.01458859 0.01274645 0 -0.01463532 0.01274991 0.002665758 -0.009630322 0.01253318 0.001907587 -0.01030355 0.01258099 0.001380622 -0.007249951 0.01244246 0.002301633 -0.009997785 0.01255947 0.002056658 -0.007255077 0.0124334 0.002247393 -0.007257342 0.01242971 0.003887534 -0.007294178 0.01236581 0.0038504 -0.007593095 0.01238358 0.003957927 -0.007296741 0.01236146 0.005777776 -0.008577227 0.01224452 0.007574677 -0.00968188 0.01193863 0.007899284 -0.008365035 0.01180011 0.00867021 -0.009280085 0.01158618 0.008552312 -0.007753074 0.01157099 0.007606804 -0.007594764 0.01184529 0.00653851 -0.007464826 0.01207041 0.005309939 -0.007363677 0.01224547 0.01076173 -0.01202809 0.0105428 0.01098483 -0.008455991 0.01035368 0.0101118 -0.01111376 0.01096022 0.01022779 -0.008177399 0.0108363 0.009411215 -0.01019704 0.01130771 0.009398937 -0.007940113 0.01124709 0.01221919 -0.009097635 0.009242296 0.01135349 -0.01293814 0.01005929 0.01206094 -0.008998274 0.009414434 0.01163709 -0.008759558 0.009827971 0.002506375 -0.01391023 0.01269298 0.003033459 -0.01351261 0.01266109 0.009011983 -0.02744948 0.01060163 0.007805705 -0.0272035 0.01129209 0 -0.02324974 0.01277679 0 -0.02586662 0.01267403 9.86428e-4 -0.02206248 0.01279354 0.001127541 -0.02579236 0.01266235 0.001919329 -0.02186822 0.01276957 0.002194941 -0.02557075 0.01262742 0.002799928 -0.02154707 0.01273018 0.003203392 -0.0252034 0.01256966 0.003629744 -0.02110087 0.01267498 0.004154205 -0.02469182 0.01248961 0.00440979 -0.02053177 0.01260471 0.005048513 -0.02403819 0.01238769 0.005141556 -0.01984143 0.01251912 0.005887508 -0.02324378 0.01226401 0.005826354 -0.019032 0.01241844 0.006672561 -0.02231043 0.01211911 0.006465256 -0.01810532 0.01230311 0.007404983 -0.02123969 0.01195335 0.006577253 -0.02663803 0.01182317 0.006902039 -0.02832758 0.01151448 0.00564599 -0.02753865 0.0119915 0.005930483 -0.02928274 0.01170492 0.004650533 -0.02827906 0.01213049 0.004889369 -0.03006786 0.01186251 0.00358957 -0.0288574 0.01224011 0.003777325 -0.03068095 0.01198673 0.002461731 -0.02927261 0.01231896 0.002592802 -0.03112065 0.01207631 0.001265645 -0.02952259 0.01236701 0.001334071 -0.03138566 0.01213079 0 -0.02809071 0.01252532 0 -0.03180146 0.01210016 0 -0.03463757 0.0115422 0 -0.0333364 0.01183146 0.008149564 -0.02881664 0.01088184 0.007215023 -0.03000634 0.01112771 0.00620687 -0.03101748 0.01133865 0.005123317 -0.03184813 0.01151341 0.003962457 -0.0324968 0.01165091 0.002722859 -0.03296226 0.01175051 0.001402497 -0.03324258 0.01181095 0.009019434 -0.01178485 0.01150894 0.009230971 -0.01444411 0.0114234 0.009832143 -0.0156185 0.01108974 0.01089513 -0.01493197 0.01038783 0.01038753 -0.0167883 0.01069539 0.01089555 -0.01795089 0.01024299 0.009829819 -0.01850497 0.0109815 0.009298205 -0.01722127 0.01133483 0.008716523 -0.0186935 0.01156079 0.01012378 -0.02283304 0.01044273 0.009688913 -0.02146184 0.01087397 0.00900036 -0.02298885 0.01115143 0.008085906 -0.02003347 0.01176702 0.01141631 -0.01597005 0.009891033 0.01032006 -0.01978188 0.010571 0.01077073 -0.02104872 0.01010137 0.01118469 -0.02230042 0.009566843 0.003523707 -0.01303321 0.01262223 0.003978729 -0.01247447 0.01257652 0.004400074 -0.01183909 0.01252377 0.005147278 -0.01034718 0.01239764 0.005950212 -0.0140922 0.01239269 0.006408095 -0.01312261 0.01229429 0.007059872 -0.01706361 0.01217281 0.007611215 -0.01590871 0.01202821 0.01177626 -0.02023983 0.009160339 0.01135724 -0.01910299 0.009732663 0 -0.01696461 0.01279985 8.40836e-4 -0.01833021 0.01281154 0.001633346 -0.01816362 0.0127955 0.002379179 -0.01788878 0.01276922 0.003079414 -0.01750791 0.0127322 0.00373584 -0.01702326 0.012685 0.004349768 -0.01643711 0.01262736 0.004922509 -0.01575165 0.01255941 0.005455553 -0.01496928 0.01248121 -0.00373584 -0.01702326 0.012685 -0.003079414 -0.01750791 0.0127322 -0.002506375 -0.01391023 0.01269298 -0.004466891 -0.007317483 0.0123257 -0.0038504 -0.007593095 0.01238358 -0.003652215 -0.007286489 0.01237916 -0.006423056 -0.007453322 0.01209044 -0.005777776 -0.008577227 0.01224452 -0.005222022 -0.007358074 0.01225531 -0.0123552 -0.01473343 0.008915543 -0.01188409 -0.01384085 0.009515464 -0.01177626 -0.02023983 0.009160339 -0.01135724 -0.01910293 0.009732663 -0.00751698 -0.03166544 0.01063811 -0.001470923 -0.03508383 0.01137709 -0.002851963 -0.03478765 0.01131165 -0.004145026 -0.03429591 0.011204 -0.005352318 -0.0336107 0.01105505 -0.006475627 -0.03273326 0.01086598 -0.008478462 -0.03040879 0.0103724 -0.009361982 -0.02896535 0.0100699 -0.01230001 -0.01156497 0.009117066 -0.01135349 -0.01293808 0.01005929 -0.01209688 -0.009020328 0.009376227 -0.01076167 -0.01202809 0.0105428 -0.01148009 -0.008680045 0.009965658 -0.0101118 -0.01111376 0.01096022 -0.01079726 -0.008380413 0.01048451 -0.007478058 -0.007576704 0.0118767 -0.008407056 -0.007725656 0.01161867 -0.007899224 -0.008365035 0.01180011 -0.00927782 -0.007910311 0.01129871 -0.00867021 -0.009280085 0.01158618 -0.01006513 -0.008125841 0.01092553 -0.005147278 -0.01034718 0.01239764 -0.002665758 -0.009630322 0.01253318 -0.002053022 -0.007255077 0.01243346 -0.002163112 -0.007256329 0.0124315 -0.001386225 -0.007249951 0.01244246 -0.001941025 -0.01422369 0.01271796 -0.001148641 -0.007248878 0.01244437 -0.001907587 -0.01030355 0.01258099 -0.002301633 -0.009997725 0.01255947 -6.89392e-4 -0.01458859 0.01274645 -3.70386e-4 -0.007246971 0.01244771 -7.20862e-4 -0.007247567 0.01244676 -0.004400074 -0.01183909 0.01252377 -0.003309369 -0.008720517 0.01246732 -0.002813637 -0.007266104 0.01241463 -0.003629744 -0.02110087 0.01267498 -0.00440979 -0.02053171 0.01260471 -0.005141556 -0.01984143 0.01251912 -0.004154205 -0.02469182 0.01248961 -0.005048513 -0.02403813 0.01238769 -0.005887508 -0.02324372 0.01226401 -0.006672561 -0.02231037 0.01211911 -0.004650533 -0.02827888 0.01213055 -0.00564599 -0.02753859 0.0119915 -0.006577253 -0.02663803 0.01182317 -0.007445991 -0.02557832 0.01162678 -0.008253157 -0.02436155 0.01140242 -0.003777325 -0.03068095 0.01198673 -0.004889369 -0.0300678 0.01186251 -0.005930483 -0.02928268 0.01170492 -0.006902039 -0.02832752 0.01151454 -0.007805705 -0.02720344 0.01129215 -0.008642852 -0.02591186 0.01103883 -0.002722859 -0.0329622 0.01175051 -0.003962457 -0.03249675 0.01165091 -0.005123317 -0.03184807 0.01151341 -0.00620687 -0.03101742 0.01133865 -0.007215023 -0.03000628 0.01112771 -0.008149564 -0.02881658 0.01088184 -0.009011983 -0.02744942 0.01060169 -0.001402497 -0.03324252 0.01181095 -0.001334071 -0.03138566 0.01213079 -0.002592802 -0.03112059 0.01207631 -0.002461731 -0.02927255 0.01231896 -0.00358957 -0.02885735 0.01224011 -0.002194941 -0.02557075 0.01262742 -0.003203392 -0.02520322 0.01256966 -0.001919329 -0.02186816 0.01276957 -0.002799928 -0.02154701 0.01273018 -0.001633346 -0.01816362 0.0127955 -0.002379179 -0.01788872 0.01276922 -0.001335859 -0.01445055 0.01273572 -0.001051962 -0.007248461 0.01244509 -0.01016938 -0.02733623 0.009732007 -0.001265645 -0.02952253 0.01236701 -0.001127541 -0.02579236 0.01266235 -9.86427e-4 -0.02206248 0.01279354 -8.40835e-4 -0.01833003 0.01281154 -0.01089513 -0.01493197 0.01038783 -0.009832143 -0.01561844 0.01108974 -0.007611215 -0.01590871 0.01202821 -0.008120775 -0.01464259 0.01186931 -0.009298205 -0.01722121 0.01133483 -0.009230971 -0.01444405 0.0114234 -0.003523707 -0.01303321 0.01262223 -0.003978729 -0.01247447 0.01257652 -0.004922509 -0.0157516 0.01255941 -0.005455434 -0.01496922 0.01248121 -0.006465256 -0.01810526 0.01230311 -0.007059872 -0.01706355 0.01217281 -0.008085846 -0.02003341 0.01176702 -0.008716523 -0.0186935 0.01156079 -0.009688913 -0.02146178 0.01087403 -0.01188486 -0.01699727 0.009337067 -0.01141631 -0.01596999 0.009891033 -0.01089555 -0.01795089 0.01024299 -0.01038753 -0.01678824 0.01069539 -0.01118463 -0.02230036 0.009566903 -0.01077067 -0.02104872 0.01010143 -0.01032006 -0.01978188 0.010571 -0.009829819 -0.01850491 0.0109815 -0.01052772 -0.02418977 0.009943306 -0.01012378 -0.02283298 0.01044273 -0.003033459 -0.01351255 0.01266109 -0.004349768 -0.01643711 0.01262736 -0.005826354 -0.019032 0.01241844 -0.007404983 -0.02123963 0.01195335 -0.00900036 -0.02298885 0.01115143 -0.00941509 -0.02445471 0.01075541 -0.009804189 -0.0259068 0.01028847 -0.007574677 -0.00968188 0.01193863 -0.005950212 -0.01409214 0.01239269 -0.006408095 -0.01312261 0.01229429 -0.007218897 -0.01091516 0.01206701 -0.008589744 -0.01326727 0.0116961 -0.009019434 -0.01178485 0.01150894 -0.009411215 -0.01019698 0.01130777</float_array>
          <technique_common>
            <accessor source="#magtac_nail_002-mesh-positions-array" count="388" stride="3">
              <param name="X" type="float"/>
              <param name="Y" type="float"/>
              <param name="Z" type="float"/>
            </accessor>
          </technique_common>
        </source>
        <source id="magtac_nail_002-mesh-normals">
          <float_array id="magtac_nail_002-mesh-normals-array" count="2316">-0.6006604 -0.05407643 -0.7976734 -0.6202831 -0.07055151 -0.7811988 -0.615447 -0.07208138 -0.7848753 -0.5993018 -0.05977553 -0.7982882 -0.6030678 -0.05390077 -0.7958668 -0.6003603 -0.05294907 -0.7979749 -0.6218019 -0.1043139 -0.7761966 -0.6068348 -0.1117578 -0.7869318 -0.640173 -0.08606773 -0.7633944 -0.5957091 -0.09701043 -0.7973204 -0.6063401 -0.08706039 -0.7904254 -0.6866778 -0.1345766 -0.7143967 -0.6165418 -0.1459445 -0.7736772 -0.6275516 -0.1209742 -0.7691192 -0.6510647 -0.1530267 -0.7434363 -0.6406123 -0.1721122 -0.748327 -0.668208 -0.2104266 -0.7135957 -0.6794491 -0.2069318 -0.7039377 -0.6556984 -0.2332579 -0.718088 -0.6708482 -0.2826001 -0.6856384 -0.6815013 -0.2780584 -0.676934 -0.6397763 -0.3532537 -0.6825674 -0.7141706 -0.3353196 -0.6144276 -0.6759034 -0.3655455 -0.6399461 -0.6493209 -0.4198236 -0.6341377 -0.6756353 -0.3966724 -0.6214241 -0.6282341 -0.4623378 -0.6257522 -0.6767799 -0.4395787 -0.5905418 -0.6151893 -0.5169458 -0.5952389 -0.6510695 -0.4952882 -0.5751506 -0.6029233 -0.571823 -0.556329 -0.6364609 -0.5482403 -0.5425405 -0.5644171 -0.6224307 -0.5422301 -0.6126094 -0.5984367 -0.516317 -0.5318034 -0.6787015 -0.506507 -0.5722095 -0.6574858 -0.4901927 -0.5420968 -0.6853222 -0.4862763 -0.4904165 -0.7335983 -0.4704523 -0.5077658 -0.7251153 -0.4651686 -0.4397208 -0.7831427 -0.4396969 -0.4699239 -0.7681498 -0.4348763 -0.3758178 -0.8176936 -0.4360483 -0.4242218 -0.8055164 -0.4137383 -0.3193538 -0.8563505 -0.4058042 -0.3508707 -0.8486316 -0.3958715 -0.3059488 -0.8674091 -0.3924245 -0.2564322 -0.8885771 -0.3803595 -0.2503684 -0.889606 -0.3819907 -0.196386 -0.9090584 -0.3674854 -0.1955534 -0.9092156 -0.3675404 -0.1558828 -0.9180706 -0.3644819 -0.1210662 -0.9212095 -0.3697514 -0.1467309 -0.9215112 -0.3595651 -0.08456164 -0.9306111 -0.3561074 -0.03109234 -0.9289569 -0.3688798 -0.06826788 -0.9380922 -0.3395921 -0.01357793 -0.9357962 -0.35228 0.2877242 -0.8809917 -0.3755908 0.3468244 -0.8431484 -0.4108697 0.406463 -0.8175141 -0.4079934 0.4285895 -0.7913893 -0.4359062 0.4724622 -0.7572703 -0.4509115 0.5138605 -0.7246556 -0.4591533 0.5076938 -0.7273453 -0.4617531 0.5544235 -0.663937 -0.5017989 0.5831695 -0.6354351 -0.5060985 0.5683409 -0.6470773 -0.5082122 0.6041573 -0.5856751 -0.5403506 0.607303 -0.5830745 -0.5396361 0.6254141 -0.5377907 -0.5653658 0.6289647 -0.5321491 -0.5667635 0.6378222 -0.5027004 -0.5835026 0.6555212 -0.4753937 -0.5867648 0.6586942 -0.4721717 -0.5858123 0.6536785 -0.4270703 -0.6247524 0.671088 -0.3857786 -0.6331003 0.6748139 -0.3824525 -0.6311548 0.6613155 -0.3353024 -0.6709949 0.6756468 -0.3077613 -0.6699138 0.679614 -0.3035647 -0.6678124 0.6584367 -0.2711775 -0.7020854 0.6674106 -0.2365666 -0.7061157 0.6619022 -0.2319207 -0.7128101 0.6502476 -0.2008779 -0.7326842 0.6453621 -0.194848 -0.7386081 0.656218 -0.1704582 -0.7350659 0.6509277 -0.1673372 -0.7404671 0.6312536 -0.1401075 -0.7628163 0.6465008 -0.122074 -0.7530835 0.6426922 -0.1204918 -0.7565901 0.6161724 -0.1003571 -0.7811915 0.6044074 -0.06836402 -0.7937368 0.6135351 -0.08091342 -0.7855111 0.6034259 -0.0776385 -0.7936306 0.6174568 -0.09339135 -0.7810411 0.6025111 -0.06627851 -0.7953538 0.598976 -0.06373143 -0.7982268 0.6101534 -0.05370771 -0.7904608 0.6010078 -0.05615425 -0.797268 0.6013555 -0.05611354 -0.7970087 0.601148 -0.05612301 -0.7971646 0.03154259 -0.9354172 -0.352136 0.01737236 -0.9387611 -0.3441308 0.08403456 -0.9281293 -0.362649 0.07562273 -0.9308035 -0.3576115 0.1222233 -0.9256919 -0.357989 0.1571717 -0.9168445 -0.3670058 0.1798262 -0.9148533 -0.3615328 0.2071696 -0.9053204 -0.3707773 0.2234128 -0.9000809 -0.3740872 0.2315812 -0.8971413 -0.3761753 0.2763949 -0.8831793 -0.3789461 0.2934688 0.02029913 0.9557532 0.6014522 -0.09395742 0.7933647 0.413888 -0.1079492 0.9039047 0.03632307 0.04856622 0.9981594 0.6970831 -0.1396675 0.7032555 0.7648105 -0.05570942 0.6418423 0.7648618 -0.027112 0.6436237 0.7643689 -0.03060275 0.6440527 0.7676032 -0.02527368 0.640427 0.792207 -0.03579711 0.6092017 0.5952169 -0.2013224 0.7779371 0.589496 -0.1862462 0.786007 0.5452076 -0.220345 0.8088244 0.5130307 -0.2169339 0.8305053 0.4956731 -0.2307451 0.8372962 0.4621113 -0.2428054 0.8529353 0.43642 -0.2405383 0.8669942 0.4159111 -0.2563466 0.8725276 0.3579674 -0.2654376 0.8952108 0.3542917 -0.2709394 0.8950248 0.2742035 -0.283307 0.9189938 0.2725461 -0.2854549 0.9188222 0.1903132 -0.2955688 0.9361731 0.1913152 -0.2944356 0.9363259 0.05910587 -0.3055378 0.9503438 0.08412718 -0.3041389 0.9489058 0.1085153 -0.2962026 0.9489407 0.1220111 -0.301895 0.9455014 0.1500816 -0.2998097 0.9421198 9.89726e-4 0.05062913 0.9987171 0.007585048 0.04004746 0.999169 0.005103588 0.03973537 0.9991972 0.01385277 0.0412569 0.9990525 0.002765297 0.04031872 0.9991831 0.007834076 0.04099541 0.9991287 0.03565603 0.04217559 0.9984738 0.002492427 0.03827565 0.9992641 0.03448325 0.04793459 0.9982551 0.009773492 0.04697233 0.9988484 0.01709902 0.04823768 0.9986896 0.01374709 0.04711699 0.9987948 0.02351558 0.04797911 0.9985715 0.02017331 0.04712975 0.9986851 0.02728241 0.04837137 0.9984568 0.06345874 0.05115759 0.9966725 0.09246355 0.04050272 0.994892 0.1995829 0.05372154 0.9784072 0.2970486 0.02717781 0.9544755 0.30324 0.03289192 0.9523464 0.2863007 0.05259716 0.9566951 0.2087643 0.02192378 0.9777203 0.2036788 0.01386785 0.9789396 0.1452983 0.05519086 0.9878473 0.08703726 0.03272533 0.9956674 0.5501103 0.00986588 0.8350338 0.541194 0.01410448 0.8407795 0.464174 0.01903635 0.8855395 0.4499974 0.0264241 0.8926389 0.7641556 -0.03522521 0.6440696 0.7304375 -0.01940673 0.6827038 0.6961578 -0.0074988 0.7178496 -0.05303001 0.03441768 0.9979996 0.02455782 0.03511732 0.9990814 0.02699404 0.03551876 0.9990044 0.03339201 0.03584676 0.9987993 0.03535354 0.03625345 0.9987171 0.4714083 -0.1346725 0.8715719 0.03024286 -0.03921908 0.9987729 0.01263618 -0.03467017 0.999319 0.03265833 -0.03389769 0.9988917 0.04002195 -0.03537523 0.9985725 0.05712652 -0.03407198 0.9977855 0.07015639 -0.03600811 0.9968859 0.08464765 -0.03436201 0.9958184 0.1031845 -0.03624159 0.9940018 0.1146834 -0.0345 0.9928029 0.1390985 -0.03591209 0.9896272 0.1479001 -0.03423303 0.9884097 0.1778709 -0.03474187 0.9834404 0.1837872 -0.03336644 0.9823996 0.2187563 -0.03259587 0.9752349 0.2219814 -0.03169924 0.9745356 0.2612464 -0.02933871 0.9648262 0.4177862 -0.09361082 0.9037101 0.3495168 -0.114127 0.9299533 0.3550152 -0.1015921 0.9293241 0.2865265 -0.1186608 0.9506956 0.2927502 -0.1083514 0.9500302 0.2257369 -0.1219918 0.96652 0.2320454 -0.1137393 0.9660322 0.1685719 -0.1239868 0.9778603 0.1741612 -0.1179131 0.9776321 0.1149924 -0.1250927 0.9854586 0.1194664 -0.120914 0.985448 0.06591302 -0.1253001 0.989927 0.06873655 -0.1229702 0.9900271 -0.01892518 -0.1264145 0.991797 0.01265466 -0.1138218 0.9934206 0.02191174 -0.2929763 0.9558686 0.01777249 -0.2947753 0.9554014 0.04365158 -0.2168021 0.9752392 0.4744923 -0.120643 0.8719531 0.4019682 -0.1443065 0.9042109 0.4065058 -0.1324523 0.9039964 0.3323276 -0.1524474 0.9307622 0.3376805 -0.1426442 0.9303895 0.263844 -0.1588449 0.9513962 0.2692784 -0.1511559 0.9511263 0.198057 -0.1635213 0.9664546 0.202815 -0.1580064 0.9663851 0.135802 -0.1667279 0.9766063 0.1396481 -0.1629326 0.9767044 0.07797241 -0.1683386 0.9826406 0.080302 -0.1663218 0.9827964 0.02991253 -0.1685995 0.9852306 0.0258913 -0.1724062 0.9846856 0.01472818 -0.06668639 0.9976654 0.03696012 -0.07751369 0.996306 0.04859107 -0.07704663 0.9958428 0.05641621 -0.07885098 0.9952888 0.08476632 -0.07665467 0.9934479 0.09850895 -0.07907009 0.9919899 0.1242401 -0.07611101 0.9893289 0.1447656 -0.07871329 0.9863302 0.1671328 -0.07529067 0.9830555 0.1942515 -0.07752209 0.9778838 0.2134951 -0.07381463 0.9741516 0.2472647 -0.07519787 0.9660256 0.26269 -0.07156938 0.9622224 0.3023398 -0.0716409 0.9505042 0.3141524 -0.0683043 0.9469124 0.3591654 -0.06667274 0.9308894 0.4474248 0.002907693 0.8943169 0.4455677 0.006667673 0.8952234 0.5210526 -0.0191273 0.8533103 0.4927324 0.00496 0.8701668 0.5592158 -0.01855307 0.8288145 0.5576431 -0.01495879 0.8299461 0.6151129 -0.03769946 0.7875373 0.4676202 -0.04930204 0.8825535 0.3899664 -0.01276034 0.9207407 0.5403391 -0.09166562 0.8364396 0.4716406 -0.05273336 0.8802127 0.4204529 -0.05851906 0.9054253 0.804915 -0.01987451 0.5930573 0.6877926 0.02376645 0.7255182 0.7102905 -0.006591379 0.7038778 0.694035 -0.02554821 0.7194879 0.7494924 -0.04817992 0.6602575 0.7374587 -0.02754449 0.6748303 0.7837035 -0.04749131 0.619317 0.7757592 -0.0437265 0.6295123 0.4725837 -0.1000236 0.8755912 0.5074278 -0.0353868 0.8609673 0.5996649 -0.08174818 0.7960649 0.5957598 -0.06284999 0.8006999 0.6624445 -0.09812939 0.742656 0.6475976 -0.16341 0.7442544 0.6540173 -0.1713409 0.73682 0.6154819 -0.144354 0.7748188 0.66321 -0.1182276 0.7390364 0.6637702 -0.1317052 0.7362492 0.6932235 -0.1158926 0.711344 0.7097898 -0.09905654 0.697414 0.02945661 -0.2282169 0.9731647 0.09424078 -0.2250138 0.9697874 0.09249556 -0.2265905 0.9695883 0.1635908 -0.2196797 0.9617583 0.1608173 -0.2225561 0.9615647 0.2370429 -0.2115003 0.9481974 0.233193 -0.2162461 0.9480815 0.3129954 -0.2007344 0.9282994 0.308667 -0.2073414 0.9282964 0.3895068 -0.1873696 0.9017633 0.3852314 -0.1960247 0.90176 0.4646158 -0.1718146 0.8686841 0.4610037 -0.182617 0.8684046 0.5365539 -0.1545926 0.8295848 0.5343128 -0.1672736 0.8285707 0.5908079 -0.1421709 0.7941873 0.539892 -0.1077806 0.8348054 0.5389447 -0.1235288 0.8332342 0.4796208 -0.08427691 0.8734194 0.04298573 0.03696519 0.9983917 0.05216622 0.0392673 0.9978662 0.04886889 0.0377466 0.9980917 0.06390392 0.04040014 0.997138 0.07775241 0.04522109 0.9959466 0.1191034 0.0242244 0.9925863 0.1480956 0.0304448 0.9885044 0.2032447 0.003447294 0.9791219 0.2358638 0.009069085 0.9717439 0.3031227 -0.02543699 0.9526121 0.3476764 -0.01934772 0.937415 0.3444848 -0.02080595 0.9385613 0.2560536 0.01829028 0.9664896 0.2480209 0.00861448 0.9687164 0.1680732 0.03965258 0.9849768 0.2877855 0.01670265 0.9575493 0.1949384 0.0457977 0.9797458 0.1646748 0.02666997 0.9859874 0.09783267 0.05116385 0.9938868 0.07248377 0.03924125 0.9965974 0.042185 0.05385571 0.9976573 0.05051696 0.05046707 0.9974474 0.7093287 -0.06520169 0.7018558 0.7163265 -0.08465737 0.6926106 0.6478643 -0.05124342 0.7600303 0.6547194 -0.07097113 0.7525328 0.5822481 -0.03751981 0.8121449 0.5883992 -0.05677717 0.8065748 0.5130648 -0.02372932 0.8580219 0.5181106 -0.04193419 0.8542851 0.4149761 9.19524e-4 0.909832 0.3820416 -0.06636285 0.9217593 0.3743165 -0.0108599 0.9272374 0.3940913 0.001805961 0.9190697 0.3204352 0.02666711 0.946895 0.3339049 0.03694427 0.9418826 0.3166664 -0.03199291 0.9479973 0.3806473 0.02689826 0.9243291 0.3642578 0.03738582 0.9305474 -0.01980507 -0.003677785 0.9997972 -0.01067161 -0.005238711 0.9999294 0.02099752 -0.004002392 0.9997715 0.02665042 -0.004939496 0.9996327 0.03681969 -0.00415188 0.9993134 0.04668164 -0.005290865 0.9988958 0.05504614 -0.00432384 0.9984745 0.06913894 -0.005298495 0.997593 0.07503432 -0.004389107 0.9971713 0.09331279 -0.004861235 0.9956251 0.09734791 -0.004078269 0.9952421 0.1196457 -0.003737807 0.9928097 0.1216613 -0.003262102 0.9925664 0.1475054 -0.001843273 0.9890596 0.1477127 -0.001784265 0.9890288 0.176452 9.11372e-4 0.9843088 0.003635287 0.02143943 0.9997636 0.01543235 0.01801598 0.9997186 0.01276999 0.01790893 0.9997581 0.01649063 0.0174331 0.9997121 0.02262187 0.01792174 0.9995836 0.02887433 0.01743012 0.9994311 0.03403609 0.01804471 0.9992577 0.04306709 0.01774924 0.9989145 0.04661345 0.01831299 0.9987452 0.05825233 0.01843607 0.9981317 0.06060808 0.01890712 0.9979826 0.07485371 0.01964896 0.997001 0.07586181 0.01989406 0.9969199 0.09245818 0.02142953 0.995486 0.09235471 0.02139967 0.9954962 0.1107708 0.02384066 0.99356 0.1259393 0.02898299 0.9916145 0.1751891 4.92752e-4 0.9845348 0.2062401 0.004612565 0.9784905 0.262152 -0.02904045 0.9645896 0.3045517 -0.02488368 0.9521708 0.3671771 -0.06397682 0.9279483 0.4158274 -0.06036818 0.9074378 0.4778902 -0.1005089 0.8726506 0.5393819 -0.07397127 0.8388061 0.6030446 -0.1112254 0.7899154 0.6581346 -0.0796442 0.748676 0.7270392 -0.1180089 0.6763786 0.7390561 -0.08024823 0.668847 0.8895007 -0.1024036 0.4453112 0.744024 -0.06074404 0.6653859 0.7442031 -0.06151992 0.6651144 0.6951843 -0.03934711 0.7177539 0.7048271 -0.0597018 0.7068624 0.6506991 -0.03630006 0.7584676 0.659932 -0.02799427 0.7508036 0.6202946 -0.01337003 0.7842551 0.6327044 -6.15179e-5 0.7743934 0.6281223 0.001979172 0.7781122 -0.0571106 0.01997929 0.9981679 -0.06763559 0.05787223 0.9960303 -0.1400797 0.05510574 0.9886057 -0.766154 -0.02712404 0.6420845 -0.7447387 -0.06010258 0.6646443 -0.5002937 -0.2290372 0.835014 -0.08424156 -0.3041317 0.948898 -0.05916261 -0.3055349 0.9503412 -0.105753 -0.2971366 0.9489606 -0.1083731 -0.2955815 0.9491506 -0.1333099 -0.3011015 0.944228 -0.172873 -0.29795 0.9387976 -0.187897 -0.2884922 0.9388648 -0.2166402 -0.2933291 0.9311419 -0.257963 -0.2862942 0.9227627 -0.2709977 -0.2770644 0.9218435 -0.3017295 -0.280425 0.9112196 -0.3434516 -0.2708127 0.8992784 -0.3549748 -0.261071 0.8976831 -0.3866016 -0.2627278 0.8840324 -0.4438391 -0.2491519 0.860773 -0.450419 -0.2258313 0.863784 -0.4256666 -0.2512267 0.8693062 -0.5216552 -0.2052932 0.8280886 -0.521164 -0.224626 0.8233659 -0.5690215 -0.2039899 0.7966195 -0.5801237 -0.189078 0.7922791 -0.6235663 -0.193068 0.7575551 -0.7464914 -0.05728578 0.6629246 -0.6877924 0.02376616 0.7255183 -0.6845769 -0.02126741 0.7286304 -0.5619586 0.02197784 0.8268734 -0.6016965 -0.01190125 0.7986362 -0.2752299 0.05378508 0.9598728 -0.343632 -0.006443142 0.9390823 -0.3255817 0.05368858 0.9439885 -0.4282723 -3.28549e-4 0.9036497 -0.0945847 0.03431212 0.9949253 -0.1073427 0.04770565 0.9930769 -0.07538861 0.0406056 0.9963272 -0.01882296 0.04678696 0.9987276 -0.01383799 0.04550611 0.9988682 0.04063743 0.03454411 0.9985767 -0.008243501 0.04670172 0.9988749 -0.01711618 0.04820889 0.9986906 -0.02174091 0.04974132 0.9985256 -0.002776503 0.04077786 0.9991644 -0.0513131 0.03601241 0.9980331 -0.03214466 0.04958736 0.9982525 -0.02657717 0.04523724 0.9986227 -0.09117197 -0.00189644 0.9958334 -0.07761162 -0.007907152 0.9969523 -0.1165006 -3.52269e-4 0.9931907 -0.1357891 -0.03128552 0.9902437 -0.1185107 -0.03981888 0.9921541 -0.172984 -0.02942115 0.9844852 -0.153556 -0.04036384 0.9873152 -0.2121024 -0.02674484 0.9768815 -0.1901494 -0.07169955 0.9791336 -0.171747 -0.08179968 0.9817392 -0.2410778 -0.06842076 0.968091 -0.220394 -0.08143359 0.9720057 -0.2938894 -0.06411904 0.9536865 -0.2721615 -0.08005058 0.9589161 -0.3482256 -0.05853337 0.9355815 -0.1767097 -0.1227365 0.9765805 -0.2212558 -0.1155547 0.9683455 -0.2364005 -0.1198764 0.9642326 -0.2797113 -0.1110708 0.9536378 -0.299208 -0.1155492 0.9471657 -0.3399261 -0.1054131 0.9345257 -0.3641347 -0.1098072 0.9248505 -0.4015968 -0.09855973 0.9104977 -0.429544 -0.1024451 0.8972162 -0.1407856 -0.1661143 0.9760048 -0.1956997 -0.1589791 0.9676917 -0.2050979 -0.1623462 0.9651832 -0.2596725 -0.1528872 0.9535176 -0.2733043 -0.156843 0.9490548 -0.3259235 -0.1453142 0.9341616 -0.3438385 -0.14948 0.927055 -0.3931459 -0.1362038 0.9093321 -0.4150506 -0.1402084 0.8989297 -0.4598115 -0.1256186 0.8790867 -0.4856221 -0.1292173 0.8645659 -0.02874702 -0.2169199 0.9757661 -0.02566391 -0.1687729 0.9853208 -0.07759171 -0.1664569 0.9829912 -0.06916415 -0.1250444 0.9897375 -0.1136808 -0.121406 0.9860717 -0.09728258 -0.07566446 0.9923765 -0.08614218 -0.0804696 0.9930278 -0.06912922 -0.03315007 0.9970569 -0.05831372 -0.03734695 0.9975995 -0.04600661 -0.00344038 0.9989353 -0.0376262 -0.006335973 0.9992718 -0.0285201 0.01839184 0.999424 -0.02305889 0.0167374 0.999594 -0.01399296 0.04086726 0.9990666 -0.007019162 0.03997933 0.9991759 -0.6916652 -0.1696412 0.7020122 -0.638159 -0.1600804 0.7530786 -0.6036098 -0.1362185 0.785557 -0.5462531 -0.1621663 0.8217724 -0.5242677 -0.1593451 0.8365121 -0.4721221 -0.178668 0.8632372 -0.4532715 -0.1753993 0.8739451 -0.3947041 -0.1932333 0.8982592 -0.379818 -0.18988 0.9053641 -0.3163718 -0.2055311 0.9261025 -0.3051911 -0.2023319 0.9305483 -0.2389621 -0.2151856 0.9468857 -0.2312076 -0.2124081 0.9494346 -0.1644889 -0.2220662 0.9610568 -0.1599323 -0.2200402 0.962291 -0.09449338 -0.2263871 0.9694431 -0.03111535 -0.1723813 0.9845387 -0.01622188 -0.1251495 0.9920054 -0.06546777 -0.1231155 0.9902306 -0.0559861 -0.07674407 0.9954777 -0.04906767 -0.07941055 0.9956337 -0.03966116 -0.03362452 0.9986473 -0.03307336 -0.03590106 0.998808 -0.02641022 -0.003790616 0.9996441 -0.02128303 -0.005354642 0.9997591 -0.01636749 0.018054 0.9997031 -0.01292949 0.01714879 0.9997693 -0.007886946 0.04075491 0.9991381 -0.005150556 0.04052245 0.9991654 -0.794623 -0.01562893 0.6069022 -0.7666215 -0.02780681 0.6414968 -0.7102906 -0.006591498 0.7038778 -0.6838067 -0.03712123 0.7287184 -0.545188 0.0127865 0.8382164 -0.36109 -0.02830064 0.9321015 -0.3757371 -0.02045178 0.9265006 -0.4593794 -0.01720136 0.8880737 -0.07879477 0.01748943 0.9967375 -0.1078529 0.02587151 0.9938302 -0.1543719 -0.006400465 0.9879922 -0.19954 0.008606314 0.9798519 -0.2744134 -0.03649741 0.9609191 -0.3353546 -0.0128594 0.9420043 -0.4383403 -0.06837946 0.8962042 -0.7684546 -0.05175727 0.6378078 -0.7546395 -0.06645715 0.6527656 -0.7162641 -0.04869413 0.6961284 -0.6822098 -0.04973697 0.7294629 -0.6291605 -0.02737939 0.7767931 -0.7679722 -0.07225996 0.636394 -0.7527054 -0.08739119 0.6525316 -0.7281267 -0.07464444 0.6813662 -0.6963409 -0.07460993 0.7138227 -0.6680427 -0.06080728 0.7416344 -0.6331537 -0.06077259 0.7716366 -0.602626 -0.0466991 0.7966563 -0.5664931 -0.04696816 0.822727 -0.6756833 -0.08911281 0.7317863 -0.6438724 -0.08807581 0.7600468 -0.6145239 -0.0725584 0.7855545 -0.5797328 -0.07141798 0.8116707 -0.5503048 -0.05650299 0.8330499 -0.4681723 -0.05436688 0.8819631 -0.0480529 0.01639932 0.9987102 -0.07317376 0.02141505 0.9970893 -0.1011509 -0.008104443 0.9948381 -0.1432347 0.001847207 0.9896871 -0.1915181 -0.04012322 0.9806686 -0.2526916 -0.02310955 0.9672709 -0.3265072 -0.07751494 0.942011 -0.402471 -0.05192571 0.9139589 -0.4626393 -0.0905376 0.8819116 -0.4940531 -0.0937041 0.8643675 -0.5246072 -0.1139206 0.843688 -0.5535365 -0.1168339 0.8245891 -0.6032428 -0.1507672 0.7831779 -0.6714833 -0.113513 0.7322739 -0.6720934 -0.1137937 0.7316703 -0.7231456 -0.06942355 0.6871979 -0.7529628 -0.09551876 0.651094 -0.7018115 -0.1035736 0.704793 -0.6980264 -0.1535426 0.6994168 -0.6172665 -0.1033191 0.7799405 -0.5864014 -0.1012983 0.8036618 -0.5562167 -0.08364129 0.8268176 -0.5225183 -0.08142608 0.8487311 -0.455923 -0.04409611 0.8889263 -0.382328 -0.07356977 0.9210933 -0.2941195 -0.01845198 0.9555906 -0.2319764 -0.03890883 0.971943 -0.1709946 0.004791915 0.9852603 -0.1268434 -0.007658243 0.9918932 -0.09016585 0.02336204 0.9956527 -0.06275045 0.01671296 0.9978893 -0.2006677 0.01906812 0.9794738 -0.2036995 0.01371806 0.9789373 -0.1995874 0.05372929 0.978406 -0.2970439 0.02719277 0.9544765 -0.2129397 -0.001338779 0.9770644 -0.136269 0.03618365 0.9900109 -0.2645599 0.002091526 0.964367 -0.309291 0.0303505 0.9504831 -0.4589747 -0.02089846 0.8882036 -0.4474445 0.002867877 0.8943071 -0.4782922 0.03278231 0.8775887 -0.2560536 0.01829028 0.9664896 -0.2661927 0.03056794 0.9634351 -0.3743166 -0.01086008 0.9272374 -0.4164168 0.0162993 0.9090278 -0.4786465 -0.004476904 0.8779963 -0.5316967 -0.008665382 0.8468905 -0.6006404 -0.03384125 0.7988028 -0.6431849 0.01145595 0.7656252 -0.758234 -0.03031325 0.6512776 -0.04337066 0.05092924 0.9977601 -0.05318957 0.04855841 0.9974032 -0.06749832 0.04165184 0.9968497 -0.08133918 0.0434069 0.9957408 -0.1264331 0.0204842 0.9917637 -0.1509212 0.03174668 0.9880359 -0.1787496 0.03555339 0.9832521 -0.1949384 0.0457977 0.9797458 -0.3014808 0.01231855 0.9533927 -0.3019665 0.01268339 0.9532342 -0.3775813 0.02407681 0.9256634 -0.3980518 0.04345381 0.9163332 -0.5148605 -0.004333674 0.8572632 -9.91348e-4 0.05062913 0.9987171 -0.03569304 0.04218024 0.9984723 -0.0024935 0.03827565 0.9992642 -0.003901124 0.01755183 0.9998384 -0.02098011 0.02143484 0.9995501 0.02311939 -0.005723059 0.9997164 0.01255351 -0.003678202 0.9999145 -0.02422684 -0.0342251 0.9991205 -0.01293718 -0.03923374 0.9991464 -0.0154885 -0.07834839 0.9968057 -0.04932969 -0.0666123 0.9965588 0.004471957 -0.1138296 0.9934903 -0.98923 -0.07806515 -0.1238136 -0.7737729 -0.04308301 0.6319965 -0.7587788 -0.03655487 0.6503219 -0.7265259 -0.03858298 0.6860551 -0.6719305 -0.01699948 0.7404192 -0.638324 -0.04723143 0.7683175 -0.5576425 -0.01495909 0.8299465 -0.5326526 -0.03214204 0.8457235 -0.4969508 -0.03291714 0.8671543 -0.4676223 -0.0493012 0.8825525 -0.3759438 -0.006316065 0.926621 -0.317635 -0.03298771 0.9476391 -0.2279429 0.01308071 0.9735867 -0.1833372 -0.004277229 0.9830408 -0.1259244 0.02897393 0.9916167 -0.09612113 0.01887661 0.9951906 -0.06011658 0.04292529 0.9972681 -0.05216622 0.0392673 0.9978662 -0.03633046 0.03529548 0.9987164 -0.04228866 0.03768652 0.9983945 -0.02765458 0.03465843 0.9990166 -0.03289878 0.0364921 0.9987924 -0.02456444 0.03511792 0.9990813 -0.03492069 0.016456 0.9992547 -0.04236936 0.01903629 0.9989206 -0.05661833 -0.007227838 0.9983698 -0.06782728 -0.002845883 0.9976931 -0.08694982 -0.03868824 0.9954612 -0.1011788 -0.0324732 0.9943382 -0.1269991 -0.0813809 0.9885588 -0.1422228 -0.07400494 0.9870644 -0.1658875 -0.1189439 0.9789452 -0.1207126 -0.1244166 0.9848599 -0.1346131 -0.1633991 0.9773332 -0.08066833 -0.1681157 0.9824611 -0.09219986 -0.2251228 0.9699582 -0.04006958 -0.2277508 0.9728947 -0.0177741 -0.2947711 0.9554026 -0.02189964 -0.2929757 0.9558691 1.54954e-4 0.8660716 -0.4999201 -1.89544e-4 0.8659791 -0.5000802 -3.04299e-4 0.8659566 -0.5001192 1.36149e-4 0.8660169 -0.5000148 -1.13116e-4 0.8660349 -0.4999837 1.09007e-4 0.8659914 -0.5000592 -4.89738e-5 0.8660718 -0.4999198 -2.2975e-4 0.8662149 -0.4996716 1.56866e-5 0.8660086 -0.5000292 -6.02503e-5 0.8659601 -0.5001134 1.95175e-4 0.8662039 -0.499691 1.12771e-4 0.8659026 -0.5002127 -3.26574e-4 0.8663792 -0.4993869 1.8643e-4 0.8658217 -0.5003527 -1.1734e-4 0.8661601 -0.4997667 6.37742e-5 0.8659456 -0.5001381 0 0.8660259 -0.4999991 -6.36694e-5 0.8659451 -0.5001392 1.16179e-4 0.866161 -0.4997651 6.41334e-5 0.8659797 -0.5000793 -1.14354e-4 0.8661152 -0.4998444 6.70703e-5 0.8659685 -0.5000987 -1.8591e-4 0.8658211 -0.5003537 1.44186e-4 0.8661808 -0.4997308 -3.62707e-4 0.8656488 -0.5006518 1.22632e-4 0.8661447 -0.4997934 -1.98216e-4 0.8658386 -0.5003236 -3.95136e-5 0.8659903 -0.500061 2.67044e-5 0.8660162 -0.5000162 2.11534e-5 0.8660194 -0.5000107 -5.57333e-5 0.8660637 -0.4999337 7.16845e-4 0.8666178 -0.4989719 -2.37707e-5 0.8660038 -0.5000375 6.87421e-5 0.8660688 -0.4999249 -9.73329e-5 0.8660541 -0.4999504 6.05673e-5 0.8659949 -0.500053 -3.67302e-5 0.8660387 -0.4999771 -6.48418e-5 0.8660449 -0.4999664 5.85482e-5 0.8660036 -0.5000377 -7.61399e-5 0.8659839 -0.5000722 -4.1781e-5 0.8660014 -0.5000416 6.52508e-5 0.8660457 -0.4999648 5.45803e-5 0.8660388 -0.4999768 -3.17543e-6 0.8660141 -0.5000198 1.72303e-4 0.866101 -0.4998692 -1.38202e-4 0.8659716 -0.5000935 0 -0.04684537 -0.9989022 -1.57102e-6 -0.04683029 -0.9989029 -1.58845e-6 -0.04683285 -0.9989027 -1.16075e-4 -0.04691189 -0.9988991 -3.23149e-6 -0.04680866 -0.9989039 2.76249e-7 -0.04683071 -0.9989029 6.91362e-7 -0.04683881 -0.9989026 2.1014e-6 -0.04682195 -0.9989033 8.34317e-7 -0.0468313 -0.9989029 -4.53378e-7 -0.04683607 -0.9989027 -2.33439e-5 -0.04685127 -0.998902 2.48536e-5 -0.04680895 -0.9989039 -2.30712e-5 -0.04684728 -0.9989022 2.95465e-5 -0.04679322 -0.9989046 -1.11221e-5 -0.04683935 -0.9989025 3.44429e-6 -0.0468254 -0.9989031 3.87027e-5 -0.04679638 -0.9989045 -4.56358e-5 -0.04687541 -0.9989008 2.15458e-5 -0.04680681 -0.9989041 8.61569e-5 -0.04673868 -0.9989072 -3.00996e-6 -0.04683142 -0.9989029 3.12258e-4 -0.04588413 -0.9989468 -6.76467e-6 -0.04692232 -0.9988986 8.67335e-6 -0.04680591 -0.9989041 -2.27153e-6 -0.04683542 -0.9989027 4.31653e-7 -0.04682844 -0.998903 6.15279e-6 -0.04681855 -0.9989035 1.6154e-5 -0.04680103 -0.9989042 1.59882e-6 -0.04682523 -0.9989032 -6.05694e-5 -0.04689925 -0.9988996 1.448e-5 -0.04681414 -0.9989036 -3.52967e-5 -0.0468645 -0.9989013 -7.78165e-5 -0.04759663 -0.9988667 -4.805e-6 -0.04687047 -0.998901 -9.49431e-7 -0.04683732 -0.9989026 1.9501e-5 -0.0468018 -0.9989043 -1.35084e-6 -0.04683893 -0.9989026 1.29849e-6 -0.04683268 -0.9989028 -1.7314e-5 -0.04685276 -0.9989019 -1.38352e-6 -0.04683095 -0.9989029 -1.06703e-5 -0.04684007 -0.9989024 4.97674e-5 -0.04678076 -0.9989052 -5.29647e-6 -0.04683214 -0.9989029 -2.07647e-4 -0.04702216 -0.9988939 -5.59186e-5 -0.04698526 -0.9988957 1.61426e-5 -0.04680353 -0.9989041 9.2916e-6 -0.04681622 -0.9989035 2.50586e-5 -0.04680025 -0.9989044 -1.05705e-5 -0.04684185 -0.9989024 2.88489e-5 -0.04679721 -0.9989045 1.04661e-4 -0.04594498 -0.998944 1.3659e-5 -0.0468229 -0.9989032 4.41042e-5 -0.04661744 -0.9989129 1.86999e-5 -0.04681283 -0.9989038 8.30628e-6 -0.04682159 -0.9989033 2.36195e-6 -0.04682689 -0.998903 4.54276e-5 -0.04661792 -0.9989128 -2.34105e-5 -0.04695886 -0.9988968 1.10778e-4 -0.04644244 -0.998921</float_array>
          <technique_common>
            <accessor source="#magtac_nail_002-mesh-normals-array" count="772" stride="3">
              <param name="X" type="float"/>
              <param name="Y" type="float"/>
              <param name="Z" type="float"/>
            </accessor>
          </technique_common>
        </source>
        <vertices id="magtac_nail_002-mesh-vertices">
          <input semantic="POSITION" source="#magtac_nail_002-mesh-positions"/>
        </vertices>
        <triangles material="black_spec_mag_tac_sensor_003-material" count="772">
          <input semantic="VERTEX" source="#magtac_nail_002-mesh-vertices" offset="0"/>
          <input semantic="NORMAL" source="#magtac_nail_002-mesh-normals" offset="1"/>
          <p>0 0 1 0 2 0 3 1 4 1 5 1 5 2 4 2 0 2 5 3 0 3 6 3 6 4 0 4 2 4 6 5 2 5 7 5 8 6 9 6 10 6 10 7 9 7 11 7 10 8 11 8 3 8 3 9 11 9 12 9 3 10 12 10 4 10 13 11 14 11 8 11 8 12 14 12 15 12 8 13 15 13 9 13 13 14 16 14 14 14 14 15 16 15 17 15 14 16 17 16 18 16 17 17 19 17 18 17 18 18 19 18 20 18 18 19 20 19 21 19 21 20 20 20 22 20 21 21 22 21 23 21 22 22 24 22 23 22 23 23 24 23 25 23 23 24 25 24 26 24 26 25 25 25 27 25 26 26 27 26 28 26 28 27 27 27 29 27 28 28 29 28 30 28 30 29 29 29 31 29 30 30 31 30 32 30 32 31 31 31 33 31 32 32 33 32 34 32 34 33 33 33 35 33 34 34 35 34 36 34 35 35 37 35 36 35 36 36 37 36 38 36 36 37 38 37 39 37 39 38 38 38 40 38 39 39 40 39 41 39 41 40 40 40 42 40 41 41 42 41 43 41 43 42 42 42 44 42 43 43 44 43 45 43 44 44 46 44 45 44 45 45 46 45 47 45 45 46 47 46 48 46 48 47 47 47 49 47 48 48 49 48 50 48 50 49 49 49 51 49 50 50 51 50 52 50 52 51 51 51 53 51 53 52 51 52 54 52 53 53 54 53 55 53 55 54 54 54 56 54 56 55 54 55 57 55 56 56 57 56 58 56 59 57 60 57 61 57 61 58 60 58 62 58 61 59 62 59 63 59 63 60 62 60 64 60 64 61 65 61 63 61 63 62 65 62 66 62 63 63 66 63 67 63 66 64 68 64 67 64 67 65 68 65 69 65 67 66 69 66 70 66 70 67 69 67 71 67 70 68 71 68 72 68 72 69 71 69 73 69 72 70 73 70 74 70 73 71 75 71 74 71 74 72 75 72 76 72 74 73 76 73 77 73 76 74 78 74 77 74 77 75 78 75 79 75 77 76 79 76 80 76 79 77 81 77 80 77 80 78 81 78 82 78 80 79 82 79 83 79 83 80 82 80 84 80 83 81 84 81 85 81 85 82 84 82 86 82 85 83 86 83 87 83 87 84 86 84 88 84 87 85 88 85 89 85 88 86 90 86 89 86 89 87 90 87 91 87 89 88 91 88 92 88 92 89 91 89 93 89 92 90 93 90 94 90 95 91 96 91 97 91 95 92 97 92 94 92 94 93 97 93 98 93 94 94 98 94 92 94 96 95 95 95 99 95 99 96 95 96 100 96 99 97 100 97 101 97 101 98 102 98 99 98 99 99 102 99 103 99 99 100 103 100 104 100 56 101 58 101 105 101 105 102 58 102 106 102 105 103 106 103 107 103 107 104 106 104 108 104 107 105 108 105 109 105 109 106 108 106 110 106 109 107 110 107 111 107 111 108 110 108 112 108 111 109 112 109 59 109 59 110 112 110 113 110 59 111 113 111 60 111 114 112 115 112 116 112 117 113 118 113 119 113 120 114 121 114 122 114 123 115 124 115 125 115 85 116 126 116 83 116 92 117 98 117 127 117 99 118 128 118 129 118 99 119 129 119 96 119 96 120 129 120 130 120 96 121 130 121 97 121 131 122 132 122 80 122 80 123 132 123 77 123 77 124 132 124 74 124 74 125 132 125 133 125 74 126 133 126 72 126 72 127 133 127 70 127 70 128 133 128 134 128 70 129 134 129 67 129 67 130 134 130 135 130 67 131 135 131 63 131 63 132 135 132 136 132 63 133 136 133 61 133 61 134 136 134 137 134 61 135 137 135 59 135 105 136 107 136 138 136 138 137 107 137 109 137 138 138 109 138 137 138 137 139 109 139 111 139 137 140 111 140 59 140 139 141 140 141 141 141 142 142 143 142 144 142 144 143 143 143 145 143 144 144 145 144 146 144 146 145 145 145 139 145 146 146 139 146 147 146 147 147 139 147 141 147 147 148 141 148 148 148 125 149 124 149 149 149 142 150 150 150 151 150 151 151 150 151 152 151 151 152 152 152 153 152 153 153 152 153 149 153 153 154 149 154 154 154 154 155 149 155 124 155 155 156 156 156 157 156 157 157 156 157 158 157 158 158 159 158 160 158 160 159 159 159 161 159 160 160 161 160 162 160 162 161 163 161 160 161 160 162 163 162 164 162 160 163 164 163 158 163 158 164 164 164 165 164 158 165 165 165 157 165 166 166 167 166 168 166 168 167 167 167 169 167 168 168 169 168 170 168 170 169 169 169 171 169 104 170 172 170 173 170 173 171 172 171 174 171 173 172 174 172 175 172 142 173 144 173 150 173 150 174 144 174 176 174 150 175 176 175 152 175 152 176 176 176 177 176 152 177 177 177 149 177 178 178 120 178 179 178 180 179 181 179 182 179 182 180 181 180 183 180 182 181 183 181 184 181 184 182 183 182 185 182 184 183 185 183 186 183 186 184 185 184 187 184 186 185 187 185 188 185 188 186 187 186 189 186 188 187 189 187 190 187 190 188 189 188 191 188 190 189 191 189 192 189 192 190 191 190 193 190 192 191 193 191 194 191 194 192 193 192 195 192 194 193 195 193 196 193 196 194 195 194 197 194 120 195 122 195 179 195 179 196 122 196 198 196 179 197 198 197 199 197 199 198 198 198 200 198 199 199 200 199 201 199 201 200 200 200 202 200 201 201 202 201 203 201 203 202 202 202 204 202 203 203 204 203 205 203 205 204 204 204 206 204 205 205 206 205 207 205 207 206 206 206 208 206 207 207 208 207 209 207 209 208 208 208 210 208 209 209 210 209 211 209 56 210 105 210 212 210 212 211 105 211 138 211 212 212 138 212 213 212 178 213 179 213 214 213 214 214 179 214 199 214 214 215 199 215 215 215 215 216 199 216 201 216 215 217 201 217 216 217 216 218 201 218 203 218 216 219 203 219 217 219 217 220 203 220 205 220 217 221 205 221 218 221 218 222 205 222 207 222 218 223 207 223 219 223 219 224 207 224 209 224 219 225 209 225 220 225 220 226 209 226 211 226 220 227 211 227 213 227 181 228 210 228 183 228 183 229 210 229 208 229 183 230 208 230 185 230 185 231 208 231 206 231 185 232 206 232 187 232 187 233 206 233 204 233 187 234 204 234 189 234 189 235 204 235 202 235 189 236 202 236 191 236 191 237 202 237 200 237 191 238 200 238 193 238 193 239 200 239 198 239 193 240 198 240 195 240 195 241 198 241 122 241 195 242 122 242 197 242 197 243 122 243 121 243 170 244 221 244 168 244 168 245 221 245 222 245 168 246 222 246 166 246 166 247 222 247 223 247 166 248 223 248 224 248 224 249 223 249 225 249 224 250 225 250 226 250 227 251 228 251 229 251 229 252 228 252 114 252 230 253 231 253 232 253 232 254 231 254 229 254 232 255 229 255 233 255 99 256 104 256 128 256 128 257 104 257 173 257 128 258 173 258 129 258 129 259 173 259 234 259 129 260 234 260 130 260 130 261 234 261 127 261 130 262 127 262 97 262 97 263 127 263 98 263 227 264 229 264 235 264 235 265 229 265 231 265 235 266 231 266 236 266 236 267 231 267 230 267 236 268 230 268 237 268 80 269 83 269 131 269 131 270 83 270 126 270 131 271 126 271 118 271 118 272 126 272 85 272 118 273 85 273 119 273 119 274 85 274 87 274 119 275 87 275 89 275 213 276 138 276 220 276 220 277 138 277 137 277 220 278 137 278 219 278 219 279 137 279 136 279 219 280 136 280 218 280 218 281 136 281 135 281 218 282 135 282 217 282 217 283 135 283 134 283 217 284 134 284 216 284 216 285 134 285 133 285 216 286 133 286 215 286 215 287 133 287 132 287 215 288 132 288 214 288 214 289 132 289 131 289 214 290 131 290 178 290 178 291 131 291 118 291 178 292 118 292 120 292 120 293 118 293 117 293 120 294 117 294 121 294 177 295 238 295 149 295 149 296 238 296 239 296 149 297 239 297 125 297 125 298 239 298 240 298 125 299 240 299 241 299 241 300 240 300 242 300 241 301 242 301 243 301 243 302 242 302 244 302 243 303 244 303 245 303 245 304 244 304 233 304 233 305 229 305 245 305 245 306 229 306 114 306 245 307 114 307 243 307 243 308 114 308 116 308 243 309 116 309 241 309 115 310 159 310 116 310 116 311 159 311 158 311 116 312 158 312 241 312 241 313 158 313 156 313 241 314 156 314 125 314 125 315 156 315 155 315 125 316 155 316 123 316 237 317 246 317 236 317 236 318 246 318 247 318 236 319 247 319 235 319 235 320 247 320 226 320 235 321 226 321 227 321 227 322 226 322 225 322 227 323 225 323 228 323 228 324 225 324 223 324 228 325 223 325 114 325 114 326 223 326 222 326 114 327 222 327 115 327 115 328 222 328 221 328 115 329 221 329 159 329 159 330 221 330 170 330 159 331 170 331 161 331 161 332 170 332 171 332 161 333 171 333 162 333 248 334 180 334 249 334 249 335 180 335 182 335 249 336 182 336 250 336 250 337 182 337 184 337 250 338 184 338 251 338 251 339 184 339 186 339 251 340 186 340 252 340 252 341 186 341 188 341 252 342 188 342 253 342 253 343 188 343 190 343 253 344 190 344 254 344 254 345 190 345 192 345 254 346 192 346 255 346 255 347 192 347 194 347 255 348 194 348 256 348 256 349 194 349 196 349 148 350 248 350 147 350 147 351 248 351 249 351 147 352 249 352 146 352 146 353 249 353 250 353 146 354 250 354 144 354 144 355 250 355 251 355 144 356 251 356 176 356 176 357 251 357 252 357 176 358 252 358 177 358 177 359 252 359 253 359 177 360 253 360 238 360 238 361 253 361 254 361 238 362 254 362 239 362 239 363 254 363 255 363 239 364 255 364 240 364 240 365 255 365 256 365 240 366 256 366 242 366 242 367 256 367 196 367 242 368 196 368 244 368 244 369 196 369 197 369 244 370 197 370 233 370 233 371 197 371 121 371 233 372 121 372 232 372 232 373 121 373 117 373 232 374 117 374 230 374 230 375 117 375 119 375 230 376 119 376 237 376 237 377 119 377 89 377 237 378 89 378 246 378 246 379 89 379 92 379 246 380 92 380 247 380 247 381 92 381 127 381 247 382 127 382 226 382 226 383 127 383 234 383 226 384 234 384 224 384 224 385 234 385 173 385 224 386 173 386 166 386 166 387 173 387 175 387 166 388 175 388 167 388 257 389 258 389 259 389 260 390 261 390 262 390 263 391 264 391 265 391 0 392 266 392 267 392 11 393 268 393 269 393 28 394 30 394 270 394 52 395 53 395 271 395 271 396 53 396 55 396 52 397 271 397 50 397 50 398 271 398 272 398 50 399 272 399 48 399 48 400 272 400 45 400 45 401 272 401 273 401 45 402 273 402 43 402 43 403 273 403 41 403 41 404 273 404 274 404 41 405 274 405 39 405 39 406 274 406 36 406 36 407 274 407 275 407 36 408 275 408 34 408 270 409 30 409 275 409 275 410 30 410 32 410 275 411 32 411 34 411 28 412 270 412 26 412 26 413 270 413 276 413 26 414 276 414 23 414 23 415 276 415 277 415 23 416 277 416 21 416 11 417 269 417 12 417 1 418 278 418 279 418 280 419 281 419 282 419 282 420 281 420 283 420 282 421 283 421 284 421 285 422 286 422 287 422 287 423 286 423 288 423 287 424 288 424 289 424 289 425 288 425 290 425 265 426 264 426 260 426 260 427 264 427 291 427 260 428 291 428 261 428 292 429 293 429 294 429 293 430 292 430 295 430 296 431 297 431 298 431 298 432 297 432 295 432 298 433 295 433 299 433 299 434 295 434 292 434 300 435 301 435 302 435 303 436 292 436 304 436 304 437 292 437 294 437 304 438 294 438 305 438 306 439 258 439 307 439 307 440 258 440 257 440 307 441 257 441 308 441 309 442 306 442 310 442 310 443 306 443 307 443 310 444 307 444 311 444 311 445 307 445 308 445 311 446 308 446 312 446 313 447 309 447 314 447 314 448 309 448 310 448 314 449 310 449 315 449 315 450 310 450 311 450 315 451 311 451 316 451 316 452 311 452 312 452 316 453 312 453 317 453 318 454 313 454 319 454 319 455 313 455 314 455 319 456 314 456 320 456 320 457 314 457 315 457 320 458 315 458 321 458 321 459 315 459 316 459 321 460 316 460 322 460 322 461 316 461 317 461 322 462 317 462 323 462 324 463 318 463 325 463 325 464 318 464 319 464 325 465 319 465 326 465 326 466 319 466 320 466 326 467 320 467 327 467 327 468 320 468 321 468 327 469 321 469 328 469 328 470 321 470 322 470 328 471 322 471 329 471 329 472 322 472 323 472 329 473 323 473 330 473 212 474 213 474 331 474 331 475 213 475 332 475 331 476 332 476 333 476 333 477 332 477 334 477 333 478 334 478 335 478 335 479 334 479 336 479 335 480 336 480 337 480 337 481 336 481 338 481 337 482 338 482 339 482 339 483 338 483 340 483 339 484 340 484 341 484 341 485 340 485 342 485 341 486 342 486 296 486 296 487 342 487 343 487 296 488 343 488 297 488 18 489 21 489 344 489 344 490 21 490 277 490 344 491 277 491 330 491 330 492 277 492 276 492 330 493 276 493 329 493 329 494 276 494 270 494 329 495 270 495 328 495 328 496 270 496 275 496 328 497 275 497 327 497 327 498 275 498 274 498 327 499 274 499 326 499 326 500 274 500 273 500 326 501 273 501 325 501 325 502 273 502 272 502 325 503 272 503 324 503 324 504 272 504 271 504 213 505 211 505 332 505 332 506 211 506 345 506 332 507 345 507 334 507 334 508 345 508 346 508 334 509 346 509 336 509 336 510 346 510 347 510 336 511 347 511 338 511 338 512 347 512 348 512 338 513 348 513 340 513 340 514 348 514 300 514 340 515 300 515 342 515 342 516 300 516 302 516 342 517 302 517 343 517 1 518 0 518 278 518 278 519 0 519 267 519 278 520 267 520 279 520 279 521 267 521 349 521 279 522 349 522 350 522 351 523 352 523 353 523 353 524 352 524 354 524 353 525 354 525 350 525 355 526 356 526 357 526 357 527 356 527 358 527 357 528 358 528 359 528 359 529 358 529 360 529 359 530 360 530 361 530 361 531 360 531 362 531 361 532 362 532 363 532 4 533 12 533 364 533 364 534 12 534 269 534 364 535 269 535 365 535 365 536 269 536 366 536 365 537 366 537 367 537 11 538 9 538 268 538 268 539 9 539 368 539 268 540 368 540 269 540 269 541 368 541 369 541 269 542 369 542 366 542 366 543 369 543 370 543 366 544 370 544 367 544 367 545 370 545 371 545 368 546 372 546 369 546 369 547 372 547 373 547 369 548 373 548 370 548 370 549 373 549 363 549 370 550 363 550 371 550 371 551 363 551 362 551 259 552 374 552 257 552 257 553 374 553 375 553 257 554 375 554 308 554 308 555 375 555 376 555 308 556 376 556 312 556 312 557 376 557 377 557 312 558 377 558 317 558 317 559 377 559 378 559 317 560 378 560 323 560 323 561 378 561 379 561 323 562 379 562 330 562 330 563 379 563 380 563 330 564 380 564 344 564 344 565 380 565 14 565 344 566 14 566 18 566 9 567 15 567 368 567 368 568 15 568 14 568 368 569 14 569 372 569 372 570 14 570 380 570 372 571 380 571 373 571 373 572 380 572 379 572 373 573 379 573 363 573 363 574 379 574 378 574 363 575 378 575 361 575 361 576 378 576 377 576 361 577 377 577 359 577 359 578 377 578 376 578 359 579 376 579 357 579 357 580 376 580 375 580 357 581 375 581 355 581 355 582 375 582 374 582 263 583 285 583 264 583 264 584 285 584 287 584 264 585 287 585 381 585 381 586 287 586 289 586 351 587 382 587 383 587 383 588 382 588 303 588 383 589 384 589 385 589 385 590 384 590 386 590 385 591 386 591 283 591 283 592 386 592 387 592 283 593 387 593 284 593 351 594 383 594 352 594 352 595 383 595 385 595 352 596 385 596 354 596 354 597 385 597 283 597 354 598 283 598 350 598 350 599 283 599 281 599 350 600 281 600 279 600 279 601 281 601 280 601 279 602 280 602 1 602 305 603 262 603 304 603 304 604 262 604 261 604 304 605 261 605 303 605 303 606 261 606 291 606 303 607 291 607 383 607 383 608 291 608 264 608 383 609 264 609 384 609 384 610 264 610 381 610 384 611 381 611 386 611 386 612 381 612 289 612 386 613 289 613 387 613 387 614 289 614 290 614 387 615 290 615 284 615 140 616 301 616 141 616 141 617 301 617 300 617 141 618 300 618 148 618 148 619 300 619 348 619 148 620 348 620 248 620 248 621 348 621 347 621 248 622 347 622 180 622 180 623 347 623 346 623 180 624 346 624 181 624 181 625 346 625 345 625 181 626 345 626 210 626 210 627 345 627 211 627 0 628 4 628 266 628 266 629 4 629 364 629 266 630 364 630 267 630 267 631 364 631 365 631 267 632 365 632 349 632 349 633 365 633 367 633 349 634 367 634 350 634 350 635 367 635 371 635 350 636 371 636 353 636 353 637 371 637 362 637 353 638 362 638 351 638 351 639 362 639 360 639 351 640 360 640 382 640 382 641 360 641 358 641 382 642 358 642 303 642 303 643 358 643 356 643 303 644 356 644 292 644 292 645 356 645 355 645 292 646 355 646 299 646 299 647 355 647 374 647 299 648 374 648 298 648 298 649 374 649 259 649 298 650 259 650 296 650 296 651 259 651 258 651 296 652 258 652 341 652 341 653 258 653 306 653 341 654 306 654 339 654 339 655 306 655 309 655 339 656 309 656 337 656 337 657 309 657 313 657 337 658 313 658 335 658 335 659 313 659 318 659 335 660 318 660 333 660 333 661 318 661 324 661 333 662 324 662 331 662 331 663 324 663 271 663 331 664 271 664 212 664 212 665 271 665 55 665 212 666 55 666 56 666 167 667 175 667 103 667 175 668 174 668 103 668 103 669 174 669 172 669 103 670 172 670 104 670 1 671 280 671 2 671 2 672 280 672 282 672 305 673 294 673 7 673 7 674 294 674 293 674 7 675 293 675 295 675 151 676 153 676 101 676 101 677 153 677 154 677 295 678 297 678 7 678 7 679 297 679 343 679 7 680 343 680 302 680 302 681 301 681 7 681 7 682 301 682 140 682 7 683 140 683 101 683 101 684 140 684 139 684 101 685 139 685 145 685 265 686 260 686 7 686 7 687 260 687 262 687 7 688 262 688 305 688 145 689 143 689 101 689 101 690 143 690 142 690 101 691 142 691 151 691 154 692 124 692 101 692 101 693 124 693 123 693 101 694 123 694 155 694 286 695 285 695 7 695 7 696 285 696 263 696 7 697 263 697 265 697 155 698 157 698 101 698 101 699 157 699 165 699 101 700 165 700 164 700 282 701 284 701 2 701 2 702 284 702 290 702 2 703 290 703 7 703 7 704 290 704 288 704 7 705 288 705 286 705 164 706 163 706 101 706 101 707 163 707 162 707 101 708 162 708 102 708 102 709 162 709 171 709 102 710 171 710 103 710 103 711 171 711 169 711 103 712 169 712 167 712 7 713 101 713 6 713 6 714 101 714 100 714 6 715 100 715 5 715 113 716 112 716 3 716 5 717 100 717 3 717 3 718 100 718 95 718 3 719 95 719 94 719 94 720 93 720 3 720 3 721 93 721 91 721 3 722 91 722 90 722 13 723 8 723 112 723 112 724 8 724 10 724 112 725 10 725 3 725 3 726 75 726 73 726 108 727 106 727 16 727 16 728 106 728 58 728 16 729 58 729 17 729 17 730 58 730 19 730 13 731 112 731 16 731 16 732 112 732 110 732 16 733 110 733 108 733 38 734 37 734 58 734 47 735 46 735 58 735 90 736 88 736 3 736 3 737 88 737 86 737 3 738 86 738 84 738 84 739 82 739 3 739 3 740 82 740 81 740 3 741 81 741 79 741 73 742 71 742 3 742 3 743 71 743 69 743 3 744 69 744 68 744 57 745 54 745 51 745 38 746 58 746 40 746 58 747 31 747 29 747 29 748 27 748 58 748 58 749 27 749 25 749 58 750 25 750 24 750 79 751 78 751 3 751 3 752 78 752 76 752 3 753 76 753 75 753 68 754 66 754 3 754 3 755 66 755 65 755 3 756 65 756 64 756 37 757 35 757 58 757 58 758 35 758 33 758 58 759 33 759 31 759 24 760 22 760 58 760 58 761 22 761 20 761 58 762 20 762 19 762 57 763 51 763 58 763 58 764 51 764 49 764 58 765 49 765 47 765 64 766 62 766 3 766 3 767 62 767 60 767 3 768 60 768 113 768 46 769 44 769 58 769 58 770 44 770 42 770 58 771 42 771 40 771</p>
        </triangles>
      </mesh>
    </geometry>
    <geometry id="magtac_finger_002-mesh" name="magtac_finger.002">
      <mesh>
        <source id="magtac_finger_002-mesh-positions">
          <float_array id="magtac_finger_002-mesh-positions-array" count="2619">-0.007986068 -0.01994121 -0.01050686 -0.008504092 -0.01850962 -0.01040512 -0.00755012 -0.01609909 -0.01128613 -0.01232868 -0.01837408 -0.006094098 -0.01191109 -0.02079844 -0.006119847 -0.01222831 -0.02157545 -0.005210757 0 -0.02139925 -0.01219081 0 -0.02279847 -0.01191508 -0.001032531 -0.02274209 -0.01190662 0 -0.02493572 -0.01140052 0 -0.02609211 -0.01106977 -0.001157939 -0.02602916 -0.01106041 -0.009165585 -0.02762371 -0.007208347 -0.008853673 -0.02643048 -0.008043467 -0.008053243 -0.02784425 -0.008120775 -0.001705825 -0.04095512 0.007157087 -0.001709938 -0.04113256 0.00636965 0 -0.04125416 0.006387889 -0.00251919 -0.04098135 0.00634706 -0.01416105 -0.01129776 0.005578458 -0.01435935 -0.01164633 0.004808545 -0.01411134 -0.01442658 0.005331695 -0.004618406 -0.01260447 -0.01260447 -0.004778802 -0.01293569 -0.01255291 -0.005616903 -0.01234108 -0.01234108 0 -0.01303619 -0.01303619 0 -0.01754945 -0.0127297 -7.63878e-4 -0.0160408 -0.01285493 -9.88646e-4 -0.03672492 0.01087951 -0.001548588 -0.03666704 0.01086288 -0.001558542 -0.03692722 0.01076143 0 -0.03731054 0.01067137 0 -0.03676271 0.01089084 -8.0956e-4 -0.03673762 0.01088333 -6.36743e-4 -0.01303035 -0.01303035 -0.001481652 -0.01590222 -0.01283758 -0.001265347 -0.01301217 -0.01301217 -0.002151668 -0.01565873 -0.01281017 -0.001821756 -0.01298362 -0.01298362 -0.002774298 -0.01531249 -0.01277315 -0.002474606 -0.01293355 -0.01293355 -0.003349602 -0.01486545 -0.01272797 -0.003876686 -0.01431804 -0.01267558 -0.003506124 -0.01281046 -0.01281046 -0.004353225 -0.01367235 -0.01261687 -0.003573179 -0.01280051 -0.01280051 -0.00654 -0.0136581 -0.01194828 -0.006940901 -0.01185745 -0.01185745 -0.006572723 -0.01200842 -0.01200842 -0.01049286 -0.009667873 -0.009667873 -0.009835243 -0.01018846 -0.01018846 -0.009976208 -0.01154249 -0.009997248 -0.008918523 -0.01081675 -0.01081675 -0.009341239 -0.01526564 -0.01019817 -0.01230108 -0.01003438 -0.007620275 -0.0117504 -0.009397089 -0.008393645 -0.01099908 -0.01304125 -0.008908271 -0.0113222 -0.008909523 -0.008909523 -0.01190888 -0.01446884 -0.007605135 -0.01279348 -0.01061308 -0.006791234 -0.01257413 -0.01035434 -0.007179439 -0.01377969 -0.01178658 -0.004453599 -0.01358836 -0.01155912 -0.005014181 -0.0129804 -0.01302409 -0.006073892 -0.01322811 -0.01112943 -0.005906939 -0.01314991 -0.01103627 -0.006079137 -0.01459842 -0.0125997 5.76189e-5 -0.01452726 -0.01257604 -7.76284e-4 -0.0143373 -0.0152018 -5.39221e-4 -0.01450026 -0.01255846 -0.001021683 -0.01391595 -0.01815283 -0.001327693 -0.01436477 -0.01244181 -0.001990199 -0.01406037 -0.01471388 -0.002535462 -0.01416409 -0.01223075 -0.003027856 -0.01360625 -0.01396989 -0.004395246 -0.01390647 -0.01193583 -0.004036605 -0.01464766 -0.01254969 0.001123011 -0.01444226 -0.01541054 0.001529574 -0.0146538 -0.01252168 0.00140208 -0.01407426 -0.01843315 0.004112899 -0.01464408 -0.01230639 0.002704024 -0.01412808 -0.01864492 0.003045201 -0.01465952 -0.01241421 0.002154648 -0.01412671 -0.01865309 0.001940548 -0.0139454 -0.01800942 0.005072355 -0.01376003 -0.01745367 0.005906522 -0.01439476 -0.01171243 0.004645109 -0.01451539 -0.01195389 0.003982961 -0.0145573 -0.01204794 0.003688216 -0.0146197 -0.01221609 0.003086507 -0.01397973 -0.01099872 0.006146848 -0.01366049 -0.01336711 0.006762087 -0.0136339 -0.01046198 0.007021546 -0.0130667 -0.01222109 0.008009016 -0.01334106 -0.01003319 0.007621884 -0.01319009 -0.009876251 0.007893741 -0.01266098 -0.0147801 0.008490681 -0.01240605 -0.01427048 0.008876025 -0.01247644 -0.01314777 0.008839845 -0.01187247 -0.01993507 0.009079158 -0.01209914 -0.01794433 0.009001076 -0.0128268 -0.01878565 0.007824778 -0.01215732 -0.01735574 0.008979737 -0.01219618 -0.01717311 0.008945643 -0.01217854 -0.01712977 0.00897175 -0.01096683 -0.0251922 0.009352326 -0.0110597 -0.02553707 0.009184002 -0.0104897 -0.02705228 0.009483456 -0.01134425 -0.02659529 0.008589982 -0.01035434 -0.02750957 0.009519577 -0.009423673 -0.0300641 0.009755849 -0.01021242 -0.02796202 0.009556889 -0.01060491 -0.02855235 0.008990526 -0.002908647 -0.03639787 0.01079016 -0.003952145 -0.03604286 0.01070171 -0.004375994 -0.03607434 0.01057475 -0.004642367 -0.03872066 0.008961558 -0.003164291 -0.03868281 0.009575963 -0.004517257 -0.03746569 0.009887397 -0.003117442 -0.03802031 0.01000458 -0.003016412 -0.03660655 0.01069092 -0.001884162 -0.03661859 0.01084929 -0.001612544 -0.03835475 0.01007586 -0.001637697 -0.03902387 0.009646594 0 -0.03975993 0.009167969 -0.001660645 -0.03964364 0.009144663 0 -0.03990101 0.009033799 -0.001680493 -0.04019075 0.008561789 -0.003207147 -0.03929632 0.009075462 -0.003244042 -0.03983813 0.008495032 -0.001695752 -0.04063606 0.00789529 0 -0.03889405 0.009837508 0 -0.03846669 0.01009988 -0.003282666 -0.04063624 0.003090918 -0.002515435 -0.04100489 0.004729509 -0.003294706 -0.04079556 0.00470376 -0.003298819 -0.04077017 0.00631541 -0.00329113 -0.04059457 0.00709784 -0.003272533 -0.04027879 0.007831931 0 -0.04112589 0.007012367 -0.001684129 -0.0406391 0.001521885 -0.001664996 -0.04011172 -3.8902e-5 0 -0.04029917 1.72515e-4 0 -0.04129987 0.005696535 -0.001709163 -0.0411781 0.005560994 0 -0.04126042 0.004543006 -0.001706779 -0.0411545 0.004748046 0 -0.04109954 0.003136277 -0.001698017 -0.04098469 0.003124952 0 -0.04094475 0.002318859 0 -0.04074913 0.001529932 0 -0.04075562 0.007916569 0 -0.04059964 0.008180141 0 -0.04030901 0.00858426 -0.008338272 -0.0290957 -0.007273972 -0.009451568 -0.02875334 -0.006287336 -0.008600115 -0.03028059 -0.006337404 -0.009708583 -0.02980524 -0.00527817 -0.008835911 -0.03138345 -0.00530833 -0.00993365 -0.03076303 -0.004179716 -0.009042799 -0.03238749 -0.004185438 -0.01012384 -0.03160983 -0.002995193 -0.009218037 -0.03327435 -0.002972126 -0.01027697 -0.03232836 -0.001731157 -0.009359061 -0.03402632 -0.00167495 -0.01039028 -0.03290522 -4.0029e-4 -0.009463608 -0.03462868 -3.07093e-4 -0.01046168 -0.03332984 9.82451e-4 -0.00952965 -0.03507113 0.001115441 -0.01049 -0.03359878 0.002398312 -0.009555935 -0.03534919 0.002573013 -0.01048386 -0.03371912 0.003830254 -0.009550571 -0.03547143 0.004047453 -0.01047444 -0.03369247 0.005261719 -0.009542405 -0.03544175 0.005521297 -0.01045614 -0.03355079 0.005958974 -0.009524941 -0.03529202 0.006238639 -0.01041126 -0.03329551 0.006618142 -0.009481668 -0.03502207 0.006915271 -0.01034277 -0.03293931 0.00722146 -0.009415805 -0.03464543 0.007532477 -0.01025444 -0.03250098 0.007759511 -0.009330511 -0.03418231 0.008080542 -0.01003623 -0.03146511 0.008652806 -0.009120821 -0.03308814 0.008982062 -0.00978446 -0.03031164 0.009354114 -0.008880019 -0.03187125 0.009679555 -0.007411718 -0.03037494 -0.007337391 -0.007646501 -0.03160744 -0.006386995 -0.007858574 -0.0327546 -0.005340397 -0.008045256 -0.03379893 -0.004195928 -0.008204042 -0.03472089 -0.002956867 -0.00833249 -0.03550237 -0.001630127 -0.008428394 -0.03612786 -2.29346e-4 -0.008490025 -0.03658628 0.00122869 -0.00851655 -0.03687351 0.002723634 -0.008514881 -0.03699868 0.004236221 -0.008509337 -0.03696686 0.005747914 -0.008492887 -0.0368101 0.006483197 -0.008452296 -0.03652715 0.007175624 -0.008390426 -0.03613269 0.007805526 -0.008310377 -0.03564739 0.008362352 -0.00811392 -0.03450191 0.009271323 -0.007889389 -0.03322947 0.009965598 -0.00638926 -0.03144866 -0.007396519 -0.006593823 -0.03272169 -0.0064345 -0.006779313 -0.03390687 -0.005372643 -0.006943345 -0.03498589 -0.004209399 -0.007083833 -0.03593885 -0.002948105 -0.007198393 -0.03674674 -0.001595616 -0.007285118 -0.03739351 -1.66105e-4 -0.007342517 -0.03786802 0.001323044 -0.007370293 -0.03816628 0.002850592 -0.007374048 -0.03829735 0.004396319 -0.007371664 -0.03826498 0.005941212 -0.007356703 -0.03810209 0.006692171 -0.007319927 -0.03780812 0.007398307 -0.00726372 -0.03739804 0.008039236 -0.007190883 -0.03689378 0.00860387 -0.007012844 -0.03570431 0.009519457 -0.006810069 -0.03438395 0.01021093 -0.005277693 -0.03231614 -0.007449269 -0.005448639 -0.03362286 -0.006477475 -0.005604386 -0.03483957 -0.005402982 -0.005742967 -0.03594779 -0.004224121 -0.005862355 -0.0369274 -0.002944052 -0.005960822 -0.03775829 -0.001569986 -0.006036639 -0.03842455 -1.16349e-4 -0.006088614 -0.03891456 0.001398921 -0.006116867 -0.03922498 0.002953827 -0.006125569 -0.03936439 0.004527807 -0.006126344 -0.03933358 0.006100535 -0.00611335 -0.03916531 0.006864786 -0.006081283 -0.03886204 0.007582545 -0.006032407 -0.03843915 0.008232772 -0.005969226 -0.03791904 0.008803963 -0.00581485 -0.03669279 0.009725213 -0.005639851 -0.03533279 0.01041448 -0.005691647 -0.01572173 -0.01211941 -0.00408107 -0.03298121 -0.007493734 -0.004214823 -0.03431397 -0.006514132 -0.00433737 -0.03555577 -0.005429625 -0.004447102 -0.03668773 -0.004238307 -0.00454241 -0.03768879 -0.002943277 -0.004621863 -0.03853905 -0.001551926 -0.00468409 -0.03922212 -7.91385e-5 -0.004728317 -0.03972625 0.001456916 -0.00475502 -0.04004883 0.003033936 -0.004766762 -0.0401979 0.004630327 -0.004769802 -0.04016941 0.006225526 -0.004759192 -0.03999722 0.007000148 -0.004733264 -0.03968662 0.007727265 -0.004693627 -0.03925335 0.008385002 -0.002800822 -0.03344339 -0.007527828 -0.002893865 -0.03479492 -0.006542563 -0.002979457 -0.03605508 -0.005450785 -0.003056645 -0.03720468 -0.004250288 -0.003124475 -0.03822237 -0.002944529 -0.003181517 -0.03908795 -0.001540601 -0.003227055 -0.03978478 -5.36102e-5 -0.003260493 -0.04030174 0.001497805 -0.001438677 -0.03370177 -0.007549524 -0.001487076 -0.03506523 -0.006560981 -0.001532018 -0.03633695 -0.005464673 -0.001572847 -0.03749805 -0.004258692 -0.001609027 -0.03852725 -0.002946138 -0.001639783 -0.03940403 -0.001534402 -0.007747173 -0.02653861 -0.008881986 -0.006884098 -0.02771449 -0.00896275 -0.007156968 -0.02907294 -0.008194386 -0.005932033 -0.0287013 -0.009036719 -0.006168127 -0.03010398 -0.008262336 -0.004897773 -0.0294981 -0.009101629 -0.005093634 -0.03093665 -0.008322298 -0.003785431 -0.03010869 -0.009155511 -0.003937542 -0.0315749 -0.008372366 -0.002596676 -0.03053206 -0.009196341 -0.002701461 -0.03201758 -0.008410513 -0.001332998 -0.03076756 -0.009222209 -0.001387119 -0.03226459 -0.008434772 0 -0.03090119 -0.009201765 0 -0.0329355 -0.008094966 -0.005180776 -0.01660192 -0.01219815 -0.004609048 -0.01737171 -0.01227074 -0.003977358 -0.01802164 -0.01233595 -0.00328958 -0.01854979 -0.01239228 -0.002547383 -0.01895743 -0.01243811 -0.001751244 -0.01924216 -0.01247251 -9.01174e-4 -0.01940268 -0.01249408 0 -0.01945286 -0.01250153 -0.00614351 -0.01473855 -0.0120356 -0.006566703 -0.01849973 -0.01147878 -0.005974054 -0.01952052 -0.01156795 -0.005311012 -0.02041107 -0.01165074 -0.004579067 -0.0211609 -0.011725 -0.003783345 -0.02176845 -0.0117895 -0.002926588 -0.02223551 -0.01184225 -0.002009332 -0.02256041 -0.01188164 -0.01268446 -0.01578193 -0.006078124 -0.0130155 -0.01637798 -0.005230069 -0.01117044 -0.01908534 -0.007734954 -0.01156771 -0.01685309 -0.007666528 -0.01030689 -0.01722252 -0.009088337 -0.01071226 -0.021164 -0.007808566 -0.007090926 -0.01735723 -0.01138424 -0.007394254 -0.02123904 -0.01060575 -0.008161783 -0.02390038 -0.009471476 -0.006724894 -0.02239662 -0.01069957 -0.007422626 -0.02518963 -0.009562313 -0.005975902 -0.02340459 -0.01078701 -0.006595194 -0.02631103 -0.009647548 -0.005149722 -0.02425163 -0.01086604 -0.005682647 -0.02725237 -0.009725153 -0.004252314 -0.02493667 -0.01093477 -0.004691541 -0.02801257 -0.009792983 -0.003287017 -0.02546197 -0.01099115 -0.00362581 -0.02859497 -0.009849071 -0.002255201 -0.02582651 -0.01103377 -0.002486944 -0.02899885 -0.00989139 -0.001276612 -0.02922332 -0.009918212 0 -0.02810525 -0.01039367 -0.008815109 -0.02245301 -0.009376943 -0.01353514 -0.01682925 0.006642818 -0.01265019 -0.009402573 0.008714199 -0.01327657 -0.01616698 0.007308304 -0.01409816 -0.0185706 8.37277e-4 -0.0140295 -0.0184043 -2.5538e-4 -0.01309746 -0.01955753 0.007178843 -0.01333642 -0.02028656 0.006449878 -0.01353561 -0.02093654 0.00560528 -0.01367563 -0.02143269 0.004612088 -0.01373344 -0.02168101 0.003490388 -0.01373392 -0.02169126 0.002324402 -0.01371067 -0.02159756 0.001159191 -0.01364731 -0.02140671 5.45681e-6 -0.01353842 -0.02111715 -0.001125693 -0.01338338 -0.02073049 -0.002222478 -0.01330578 -0.01692217 -0.004326999 -0.01293987 -0.01969414 -0.004273891 -0.01355338 -0.01740521 -0.003371894 -0.01318353 -0.02025324 -0.003274798 -0.01375705 -0.01781797 -0.002369523 -0.0119149 -0.02887958 0.006488621 -0.01117485 -0.03101629 0.006873071 -0.01182562 -0.02849942 0.007004261 -0.01108515 -0.03060585 0.007400393 -0.01160359 -0.02759975 0.007879316 -0.01086282 -0.02963489 0.008284807 -0.01101553 -0.02497702 0.009338617 -0.01172035 -0.0234723 0.00876379 -0.01200431 -0.02444249 0.008153676 -0.01226097 -0.02536189 0.007437527 -0.01247876 -0.02618414 0.006572306 -0.01263368 -0.02681303 0.005515158 -0.01230865 -0.02122128 0.008310317 -0.01258802 -0.02209579 0.0076828 -0.01283758 -0.02292335 0.00696063 -0.01304787 -0.02366226 0.006105542 -0.01319634 -0.02422708 0.005079746 -0.01267796 -0.02701503 0.004918098 -0.01325756 -0.02450937 0.003905892 -0.01108533 -0.02213406 -0.007017195 -0.01142627 -0.02305305 -0.006153643 -0.01173228 -0.02390956 -0.005216479 -0.0125066 -0.02228444 -0.004234135 -0.01200038 -0.02469098 -0.004206061 -0.01274347 -0.02291309 -0.00319308 -0.01222801 -0.02538317 -0.00312525 -0.012937 -0.02344948 -0.002093017 -0.01241302 -0.0259729 -0.001980066 -0.01308578 -0.02388328 -9.43666e-4 -0.01255345 -0.02644902 -7.80759e-4 -0.01318824 -0.02420735 2.43871e-4 -0.0126475 -0.02680349 4.60394e-4 -0.01324433 -0.0244193 0.001456201 -0.01269471 -0.0270338 0.001728475 -0.01326036 -0.0245223 0.002680957 -0.01270264 -0.02714347 0.003009915 -0.01269692 -0.02712762 0.004291534 -0.01124417 -0.03134989 0.00628525 -0.01198405 -0.02918833 0.005917251 -0.01128989 -0.03158915 0.005645394 -0.01202934 -0.02940952 0.005298078 -0.01130867 -0.03172188 0.004969835 -0.01204836 -0.02953273 0.004646301 -0.0113179 -0.03174477 0.003584802 -0.01205641 -0.0295521 0.003311336 -0.01132214 -0.03162682 0.002199411 -0.01205557 -0.02943736 0.001976311 -0.01128941 -0.03136849 8.29262e-4 -0.01201659 -0.02919179 6.55392e-4 -0.01121127 -0.03096395 -5.09778e-4 -0.01193076 -0.02881062 -6.36354e-4 -0.01108896 -0.0304166 -0.00180006 -0.01179921 -0.02829653 -0.001882672 -0.01092457 -0.02973604 -0.003027558 -0.01162409 -0.02765882 -0.003070652 -0.01072055 -0.02893501 -0.004180252 -0.01140761 -0.02690929 -0.004188418 -0.01047921 -0.02802938 -0.005251765 -0.01115185 -0.02606236 -0.005230665 -0.01020336 -0.02703559 -0.006238937 -0.01085966 -0.0251336 -0.006193876 -0.009896218 -0.02596843 -0.007142603 -0.01053416 -0.02413678 -0.00707823 -0.009560763 -0.02484172 -0.007964491 -0.01017838 -0.02308446 -0.007885634 -0.00938642 -0.02085411 -0.009280383 -0.009881079 -0.01910901 -0.009183704 -0.008953452 -0.01694953 -0.01030164 -0.008294463 -0.01325577 -0.01108449 -0.007949948 -0.01137584 -0.01137584 -0.01161283 -0.0217812 0.009162127 0 -0.03507316 -0.0066275 0 -0.03687113 -0.005035281 0 -0.03759104 -0.004261851 0 -0.0383495 -0.003325641 0 -0.03929942 -0.001896262 0 -0.04021728 -3.41615e-5 -0.008551657 -0.03179574 0.009958744 -0.007592976 -0.03321743 0.01016026 -0.0064677 -0.03443861 0.01036638 -0.005316853 -0.03532904 0.01054143 -0.00435549 -0.03586453 0.01065981 0.006141543 -0.01474344 -0.01203614 0.006538033 -0.013664 -0.01194888 0.007547855 -0.01610589 -0.01128667 0.01156502 -0.01686877 -0.007667005 0.01190668 -0.0144869 -0.007605493 0.01268208 -0.01580154 -0.006078124 0.002595365 -0.03053236 -0.009196341 0.00270015 -0.03201794 -0.008410513 0.001386404 -0.03226464 -0.008434772 0.001697123 -0.04098474 0.003124952 0.001706004 -0.04115468 0.004748046 0.002514243 -0.04100531 0.004729628 0.01045233 -0.03355854 0.005960345 0.01040744 -0.03330326 0.006619513 0.009478092 -0.0350281 0.006916344 0.01033926 -0.03294688 0.007222831 0.01025068 -0.03250843 0.007760882 0.009326994 -0.03418803 0.008081614 0.01297813 -0.01304638 -0.006073832 0.01410871 -0.01445114 0.005336225 0.01375722 -0.017475 0.005910575 0.01394253 -0.01803153 0.005076408 0.01282244 -0.009541034 0.008474349 0.01265019 -0.009402573 0.008714199 0.01255077 -0.01176661 0.008794903 0.001557767 -0.03692728 0.01076149 0.003014922 -0.03660684 0.01069098 0.002908647 -0.03639787 0.01079016 0.005944371 -0.03488183 0.0104506 0.004679918 -0.03570199 0.01062268 0.004374027 -0.03607547 0.01057499 0.004353046 -0.03586572 0.01066005 0.003216624 -0.03630799 0.01076716 0.005637288 -0.03533458 0.01041471 0.006807208 -0.03438669 0.0102114 0.007089555 -0.03381425 0.01025664 0.007886171 -0.0332334 0.009966433 0.008064925 -0.03256988 0.01006388 0.008876562 -0.03187668 0.009680688 0.008946537 -0.03107357 0.009869158 0.01454669 -0.01202315 0.003768563 0.0143795 -0.0116837 0.004716992 0.0143097 -0.01155602 0.005021393 0.01365762 -0.01338994 0.006766498 0.01405054 -0.01111376 0.005936563 0.01306372 -0.01224184 0.00801295 0.01372826 -0.01060467 0.006804168 0.01334106 -0.01003319 0.007621884 0.01407176 -0.01845586 0.004116714 0.0146197 -0.01221603 0.003086507 0.01444 -0.0154367 0.001532912 0.01465833 -0.01247155 0.001793265 0.01412546 -0.01866805 0.003048539 0.01465964 -0.01241785 0.002134442 0.01463896 -0.01228415 0.002802789 0.01391357 -0.0181753 -0.001326084 0.01452732 -0.01257604 -7.7616e-4 0.01433503 -0.01522785 -5.369e-4 0.01460939 -0.01259773 2.30719e-4 0.01465225 -0.0125308 0.001318216 0.01405841 -0.01473891 -0.002534091 0.01436167 -0.01243877 -0.002009034 0.01451987 -0.01257151 -8.46053e-4 0.01357424 -0.01154226 -0.005053043 0.01377969 -0.01178658 -0.00445348 0.0136041 -0.01399379 -0.00439465 0.01389467 -0.01192206 -0.004077196 0.0141564 -0.01222211 -0.003062427 0.0119515 -0.009628593 -0.008127093 0.01250118 -0.01026839 -0.007301807 0.01257503 -0.01035529 -0.007178187 0.01298666 -0.01084226 -0.006419003 0.01314979 -0.01103615 -0.006079435 0.01341003 -0.01134634 -0.005478799 0.01099681 -0.01305758 -0.008908867 0.01143854 -0.009041428 -0.008775591 0.01181232 -0.009468317 -0.008313238 0.008867979 -0.01084846 -0.01084846 0.008292436 -0.01326537 -0.01108527 0.008005559 -0.01134634 -0.01134634 0.007111251 -0.01178312 -0.01178312 0.00577718 -0.01229107 -0.01229107 0.004777133 -0.01293897 -0.01255327 0.004781246 -0.01256692 -0.01256692 0.004664421 -0.01259404 -0.01259404 0.004351556 -0.01367473 -0.01261705 0.003723621 -0.01277679 -0.01277679 0.003875136 -0.01431995 -0.0126757 0.003348112 -0.01486676 -0.01272821 0.002945423 -0.01288449 -0.01288449 0.002773046 -0.0153132 -0.01277339 0.002559721 -0.01292544 -0.01292544 0.001885533 -0.01297956 -0.01297956 0.002150714 -0.01565921 -0.01281023 0.001818895 -0.01298379 -0.01298379 0.001480937 -0.0159024 -0.01283764 0.001241326 -0.01301312 -0.01301312 7.6349e-4 -0.01604086 -0.01285499 6.35669e-4 -0.01303035 -0.01303035 4.62961e-4 -0.01303315 -0.01303315 0.001883745 -0.03661859 0.01084929 0.001547873 -0.03666716 0.01086294 8.09048e-4 -0.03673768 0.01088333 0.009737968 -0.02930051 0.009678304 0.009780824 -0.03031849 0.009355604 0.01003259 -0.03147238 0.008654236 0.009412229 -0.03465127 0.007533669 0.008307039 -0.03565162 0.008363187 0.008387029 -0.03613698 0.007806301 0.007187843 -0.03689676 0.008604466 0.00726062 -0.03740108 0.008039832 0.005966663 -0.03792101 0.00880438 0.006029725 -0.03844112 0.008233129 0.004640102 -0.03872174 0.008961796 0.004691362 -0.0392543 0.008385241 0.003205657 -0.03929692 0.009075582 0.003242433 -0.03983861 0.008495151 0.00165987 -0.03964376 0.009144663 0.001679599 -0.04019099 0.008561789 0.001636922 -0.03902411 0.009646654 0.003162801 -0.03868341 0.009576082 0.00451523 -0.0374667 0.009887576 0.005812287 -0.03669476 0.00972563 0.007009804 -0.03570705 0.009520053 0.008110582 -0.03450614 0.009272217 0.009117305 -0.03309381 0.008983194 0.003115952 -0.03802073 0.01000469 0.001611769 -0.03835487 0.01007586 0.01047062 -0.03370028 0.005262911 0.009521305 -0.03529804 0.006239593 0.008448898 -0.03653156 0.007176399 0.008489489 -0.03681457 0.006483972 0.007316768 -0.03781116 0.007398903 0.007353663 -0.03810513 0.006692588 0.00607866 -0.03886401 0.007582843 0.006110489 -0.0391674 0.006865084 0.004731059 -0.03968769 0.007727563 0.004756987 -0.03999829 0.007000446 0.003270924 -0.04027915 0.00783199 0.003289461 -0.04059523 0.007098019 0.001708984 -0.04113268 0.00636965 0.001704931 -0.04095536 0.007157087 0.001694977 -0.04063618 0.00789529 0.002517998 -0.04098165 0.00634706 0.001708388 -0.04117822 0.005560994 0.009538829 -0.03544771 0.005522191 0.00850588 -0.03697139 0.00574851 0.007368624 -0.03826808 0.005941689 0.006123602 -0.03933542 0.006100893 0.004767537 -0.04017055 0.006225705 0.00329715 -0.04077059 0.006315529 0.001683354 -0.04063922 0.001521885 0.007154047 -0.02907639 -0.008194625 0.008050143 -0.02784901 -0.008121013 0.007408738 -0.03037858 -0.00733757 0.008335053 -0.02910089 -0.00727421 0.007643342 -0.03161144 -0.006387174 0.008596777 -0.03028589 -0.006337583 0.007855355 -0.03275871 -0.005340397 0.008832514 -0.03138875 -0.005308449 0.008041977 -0.03380292 -0.004195988 0.009039342 -0.03239297 -0.004185438 0.008200645 -0.03472506 -0.002956867 0.00921452 -0.03328007 -0.002972066 0.008329093 -0.03550648 -0.001630008 0.009355545 -0.03403198 -0.001674771 0.008424997 -0.03613209 -2.29125e-4 0.009460031 -0.03463464 -3.06781e-4 0.008486568 -0.03659057 0.001229107 0.009526073 -0.03507709 0.001115739 0.008513092 -0.03687793 0.002724111 0.009552299 -0.03535521 0.002573609 0.008511483 -0.03700315 0.004236698 0.009546935 -0.03547745 0.004048109 0.006165385 -0.03010642 -0.008262455 0.006386578 -0.03145104 -0.007396638 0.006590962 -0.03272444 -0.006434619 0.006776273 -0.03390961 -0.005372703 0.006940305 -0.03498882 -0.004209399 0.007080674 -0.03594172 -0.002948105 0.007195234 -0.03674966 -0.001595497 0.007281959 -0.03739655 -1.65958e-4 0.007339358 -0.03787106 0.001323223 0.007367134 -0.03816932 0.00285089 0.007370889 -0.03830045 0.004396677 0.005091309 -0.0309382 -0.008322417 0.005275309 -0.03231769 -0.007449448 0.005446076 -0.03362447 -0.006477475 0.005601823 -0.03484117 -0.005402982 0.005740344 -0.03594958 -0.004224121 0.005859673 -0.03692919 -0.002944052 0.005958199 -0.03776001 -0.001569867 0.006033957 -0.03842633 -1.16259e-4 0.006085813 -0.0389164 0.00139904 0.006114125 -0.03922683 0.002954125 0.006122887 -0.03936648 0.004527986 0.003935635 -0.03157562 -0.008372426 0.004079103 -0.03298223 -0.007493734 0.004212737 -0.03431499 -0.006514132 0.004335284 -0.03555685 -0.005429685 0.004444897 -0.03668856 -0.004238307 0.004540205 -0.0376898 -0.002943277 0.004619598 -0.03854006 -0.001551926 0.004681885 -0.03922319 -7.90895e-5 0.004726052 -0.03972733 0.001457095 0.004752755 -0.04004997 0.003034055 0.004764616 -0.04019916 0.004630506 0.01048004 -0.03372693 0.003831148 0.01048636 -0.03360646 0.002399027 0.01045811 -0.03333759 9.8305e-4 0.01038652 -0.03291285 -3.99866e-4 0.01027327 -0.03233587 -0.001730859 0.01012039 -0.03161728 -0.002995133 0.009930133 -0.03077042 -0.004179716 0.009705126 -0.02981215 -0.005278289 0.00944817 -0.02876025 -0.006287634 0.009162306 -0.02763015 -0.007208645 0.008850514 -0.02643686 -0.008043825 0.007744312 -0.0265432 -0.008882284 0.006881237 -0.02771782 -0.008962988 0.00592941 -0.02870357 -0.009036898 0.004895508 -0.02949965 -0.009101748 0.003783643 -0.03010952 -0.009155571 0.002799451 -0.03344362 -0.007527828 0.002892315 -0.03479546 -0.006542623 0.002977967 -0.03605562 -0.005450785 0.003055274 -0.0372051 -0.004250288 0.003122866 -0.03822273 -0.002944529 0.003179967 -0.0390883 -0.001540601 0.003225386 -0.03978538 -5.35894e-5 0.003258824 -0.04030209 0.001497805 0.003281116 -0.04063659 0.003090918 0.003293216 -0.04079604 0.004703879 0.001437902 -0.03370183 -0.007549524 0.001486361 -0.03506529 -0.006560981 0.001531243 -0.03633701 -0.005464673 0.001572132 -0.03749829 -0.004258692 0.001608133 -0.0385273 -0.002946138 0.001639068 -0.03940415 -0.001534402 0.001664102 -0.04011178 -3.8897e-5 0.001332283 -0.03076767 -0.009222209 0.001157343 -0.02602922 -0.01106041 0.001032054 -0.02274215 -0.01190662 0.01330322 -0.01694321 -0.004326641 0.01293712 -0.01971238 -0.004273593 0.01222538 -0.02159065 -0.005210757 0.01116788 -0.01909887 -0.007735431 0.012326 -0.01839113 -0.006094217 0.01190823 -0.02081298 -0.006120026 0.01301324 -0.01639831 -0.00522989 0.01030439 -0.0172348 -0.009088933 0.01142323 -0.0230655 -0.006153762 0.01108235 -0.0221461 -0.007017612 0.01085644 -0.0251441 -0.006194055 0.01020008 -0.02704399 -0.006239235 0.01053106 -0.02414685 -0.007078588 0.009893 -0.02597653 -0.007142901 0.0101754 -0.02309399 -0.007885992 0.009557664 -0.02484959 -0.007964849 0.008812189 -0.02246022 -0.00937736 0.008158862 -0.02390623 -0.009471893 0.007391512 -0.02124404 -0.01060611 0.007419705 -0.0251941 -0.009562671 0.00672239 -0.02240043 -0.01069992 0.006592333 -0.02631425 -0.009647786 0.005973458 -0.02340751 -0.01078724 0.005680084 -0.02725458 -0.009725332 0.005147457 -0.02425378 -0.01086634 0.004689276 -0.028014 -0.009793102 0.004250288 -0.0249378 -0.01093488 0.003624022 -0.0285958 -0.009849131 0.003285408 -0.02546256 -0.01099139 0.002485752 -0.02899909 -0.00989145 0.002254009 -0.02582681 -0.01103383 0.001275897 -0.02922338 -0.009918212 0.006180942 -0.01215487 -0.01215487 0.009338974 -0.01527661 -0.01019895 0.009974181 -0.0115571 -0.009997904 0.009695827 -0.01029098 -0.01029098 0.0105198 -0.009645104 -0.009645104 0.0113222 -0.008909523 -0.008909523 0.008951008 -0.01695889 -0.01030236 0.01070958 -0.02117568 -0.007808983 0.009878456 -0.01911944 -0.009184241 0.009383678 -0.02086269 -0.00928092 0.008501589 -0.01851749 -0.0104056 0.007983446 -0.01994752 -0.01050746 0.007088482 -0.01736289 -0.01138466 0.006564438 -0.01850426 -0.01147902 0.005689561 -0.01572573 -0.01211977 0.005971789 -0.01952391 -0.01156824 0.005178809 -0.01660495 -0.01219838 0.005308747 -0.02041351 -0.01165086 0.004607141 -0.0173738 -0.01227098 0.0045771 -0.02116256 -0.01172518 0.003975689 -0.01802313 -0.01233625 0.003781676 -0.02176958 -0.01178956 0.00328809 -0.01855093 -0.0123924 0.002925038 -0.02223598 -0.01184231 0.002546191 -0.01895797 -0.01243817 0.002008378 -0.02256077 -0.0118817 0.00175029 -0.01924252 -0.01247256 9.00715e-4 -0.01940268 -0.01249408 0.01353216 -0.01684993 0.006646752 0.01327353 -0.01618683 0.007312119 0.01265788 -0.01479822 0.008494138 0.01412421 -0.01867616 0.001943469 0.01409572 -0.01859349 8.39728e-4 0.01402688 -0.01842701 -2.53385e-4 0.01219266 -0.01718866 0.008948624 0.01282352 -0.01880282 0.007828176 0.01309412 -0.01957529 0.007182419 0.01333338 -0.02030527 0.006453514 0.01353257 -0.02095592 0.005608797 0.01367259 -0.02145254 0.004615426 0.01373046 -0.02170085 0.003493309 0.013731 -0.02171123 0.002326846 0.01370775 -0.02161747 0.001161277 0.01364445 -0.02142643 7.15535e-6 0.01318079 -0.02027189 -0.003274202 0.01355081 -0.01742666 -0.003371179 0.01338058 -0.0207495 -0.002221584 0.01375454 -0.0178399 -0.00236839 0.01353549 -0.02113664 -0.001124382 0.01172924 -0.02392262 -0.005216598 0.01114869 -0.02607315 -0.005230784 0.01047581 -0.0280382 -0.005251884 0.0117169 -0.02348488 0.008766353 0.01105594 -0.02554738 0.009186148 0.01200073 -0.0244553 0.008156299 0.01134043 -0.02660602 0.008592188 0.01225727 -0.02537536 0.00744009 0.01159983 -0.02761083 0.007881522 0.01247537 -0.02619796 0.006574869 0.0123052 -0.02123606 0.008313298 0.0125845 -0.02211117 0.007685959 0.01283431 -0.02293938 0.00696367 0.01304447 -0.02367877 0.006108582 0.01319319 -0.02424395 0.005082607 0.01216322 -0.01729393 0.008977532 0.0118705 -0.01995104 0.009079813 0.01163882 -0.0216118 0.009154021 0.01109385 -0.02461987 0.009316325 0.01045763 -0.02716279 0.009492039 0.0106014 -0.02856105 0.008992314 0.01199722 -0.02470415 -0.004205942 0.01250362 -0.02230024 -0.004233837 0.01222479 -0.02539688 -0.003124952 0.01274043 -0.02292937 -0.003192484 0.01240962 -0.02598685 -0.00197947 0.01293396 -0.02346599 -0.002092242 0.01254999 -0.02646321 -7.79875e-4 0.01308268 -0.02390003 -9.42583e-4 0.01264423 -0.02681773 4.61579e-4 0.01318508 -0.02422428 2.453e-4 0.01269131 -0.02704823 0.001730084 0.01324111 -0.02443653 0.001457989 0.01269906 -0.02715808 0.003011763 0.01325702 -0.02453947 0.002683103 0.0126934 -0.02714198 0.00429362 0.01325428 -0.02452659 0.003908574 0.01267457 -0.02702957 0.004920423 0.01263016 -0.02682739 0.005517542 0.01071709 -0.02894407 -0.004180252 0.01140415 -0.02692025 -0.004188418 0.01092112 -0.02974534 -0.003027439 0.0116207 -0.02767026 -0.003070354 0.01108545 -0.0304262 -0.001799762 0.01179575 -0.02830827 -0.001882255 0.01120764 -0.03097373 -5.09222e-4 0.01192718 -0.02882242 -6.35645e-4 0.01128584 -0.03137814 8.30032e-4 0.01201295 -0.02920371 6.56358e-4 0.01131832 -0.03163665 0.002200484 0.01205199 -0.0294494 0.001977503 0.01131427 -0.03175473 0.003585994 0.01205283 -0.02956414 0.003312826 0.01130491 -0.03173178 0.004971325 0.0120446 -0.02954477 0.004648089 0.01128607 -0.0315988 0.005646944 0.01202583 -0.0294215 0.005300045 0.0112406 -0.03135973 0.006286859 0.01198035 -0.02920019 0.005919218 0.01117128 -0.031026 0.006874859 0.01191139 -0.02889132 0.006490707 0.01108133 -0.03061527 0.007402122 0.01182186 -0.02851092 0.007006466 0.01085925 -0.02964401 0.008286654 0.01217669 -0.01715064 0.008972465 0.01183801 -0.009742259 0.008125782 -0.01183801 -0.009742259 0.008125782 -0.01244705 -0.009487509 0.008567094 0.01224422 -0.009572446 0.00841999 0.01244705 -0.009487509 0.008567094 -0.006786108 -0.03318101 0.009224593 -0.007037997 -0.03287672 0.009210348 -0.01153105 -0.01718747 0.008474826 -0.01167231 -0.0148133 0.008363544 -0.01176995 -0.01233434 0.008247315 -0.01133209 -0.01946449 0.008581578 -0.01106137 -0.02165204 0.008684158 -0.0107029 -0.02377444 0.008783638 -0.01038563 -0.02524602 0.008852601 -0.01001602 -0.0266565 0.008918762 -0.009589731 -0.02800387 0.008981883 -0.009101271 -0.02928477 0.009041965 -0.008839488 -0.02988225 0.009069979 -0.008544325 -0.0304954 0.009098708 -0.00821489 -0.0311135 0.009127676 -0.00795722 -0.03155434 0.009148359 -0.007683873 -0.03198593 0.009168565 -0.006132662 -0.03387272 0.009257018 -0.005428493 -0.03448104 0.009285569 -0.004860222 -0.03488337 0.009304404 -0.001364648 -0.03610992 0.009361922 -0.00213629 -0.03598475 0.009356021 -0.003039956 -0.03574687 0.009344875 -0.00360924 -0.03553771 0.0093351 -0.003893852 -0.03541392 0.009329259 -0.004703879 -0.03498166 0.009308993 -2.91334e-4 -0.0361852 0.009365439 0 -0.03618854 0.009365618 0.01174569 -0.01305449 0.008281111 3.88347e-4 -0.03618258 0.00936532 0.001455128 -0.03609848 0.009361386 0.001626551 -0.03607457 0.009360253 0.002269864 -0.03595614 0.00935471 0.003134906 -0.03571534 0.009343385 0.003981888 -0.03537285 0.009327352 0.004274249 -0.03522634 0.009320497 0.006169438 -0.03383708 0.009255349 0.005466461 -0.03445154 0.009284138 0.004785597 -0.03493106 0.009306669 0.007684171 -0.03198564 0.009168565 0.007036626 -0.03287845 0.009210407 0.006821334 -0.0331397 0.009222686 0.006525695 -0.03347247 0.009238302 0.00821489 -0.0311135 0.009127676 0.009083867 -0.02932626 0.009043872 0.008522927 -0.0305376 0.009100675 0.01070821 -0.0237497 0.008782446 0.01036155 -0.02534681 0.008857369 0.009951651 -0.02687656 0.008929073 0.009471595 -0.02833634 0.008997499 0.01141798 -0.01858156 0.008540213 0.0112313 -0.02036565 0.008623838 0.0109961 -0.02208882 0.008704602 0.01160132 -0.01612532 0.008425056 0.01152634 -0.01725125 0.008477807</float_array>
          <technique_common>
            <accessor source="#magtac_finger_002-mesh-positions-array" count="873" stride="3">
              <param name="X" type="float"/>
              <param name="Y" type="float"/>
              <param name="Z" type="float"/>
            </accessor>
          </technique_common>
        </source>
        <source id="magtac_finger_002-mesh-normals">
          <float_array id="magtac_finger_002-mesh-normals-array" count="5226">-0.4958347 -0.1182417 -0.8603296 -0.887454 -0.1482275 -0.4364104 -0.01866084 -0.1933078 -0.9809607 -0.02265262 -0.2749221 -0.9611997 -0.6376922 -0.32281 -0.6993871 -0.07149779 -0.9729578 0.2196389 -0.1852204 -0.9584462 0.2169662 -0.963683 -0.03617763 0.2645869 -0.2608369 -0.02374076 -0.9650909 0.02974218 -0.06772273 -0.9972608 -0.06485199 -0.3604289 0.9305295 -0.02013045 -0.3717223 0.9281257 -0.009685218 -0.05776137 -0.9982835 -0.0349754 -0.05666404 -0.9977805 -0.03053861 -0.05797463 -0.9978509 -0.06106728 -0.0556128 -0.9965832 -0.05402576 -0.05799257 -0.9968542 -0.08882158 -0.05355596 -0.9946068 -0.0807721 -0.05689448 -0.9951075 -0.1182299 -0.05194079 -0.9916269 -0.1412631 -0.04124295 -0.9891127 -0.1250384 -0.05791896 -0.9904599 -0.1802237 -0.04365694 -0.9826564 -0.1570786 -0.06699436 -0.9853112 -0.3936476 -0.04128694 -0.9183338 -0.6402177 -0.04166924 -0.7670627 -0.5888259 -0.05259442 -0.8065469 -0.5869792 -0.05651044 -0.8076275 -0.7824991 -0.07402026 -0.6182366 -0.7404855 -0.05811148 -0.6695554 -0.7007258 -0.05501466 -0.7113065 -0.8435676 -0.08147281 -0.530807 -0.9236441 -0.1200798 -0.3639543 -0.9096211 -0.08308809 -0.4070453 -0.891402 -0.07722198 -0.4465861 -0.9930087 -0.0796976 -0.08707469 -0.9900002 -0.08198314 -0.1147978 -0.9798846 -0.09266734 -0.1767457 -0.9842922 -0.09464311 -0.1490351 -0.983638 -0.09505593 -0.1530382 -0.9753196 -0.08141338 -0.2052402 -0.9578697 -0.09381502 -0.2714489 -0.9577852 -0.09345543 -0.2718706 -0.9446981 -0.08354407 -0.3171216 -0.9950406 -0.09031063 -0.04169362 -0.9950938 -0.07976508 -0.0585317 -0.9971776 -0.07366037 -0.01453173 -0.9948405 -0.07745987 0.06551539 -0.9959522 -0.07874304 0.04334628 -0.9963755 -0.08506244 -6.1106e-4 -0.9644997 -0.06323152 0.2564024 -0.9725778 -0.04377704 0.2284212 -0.9789118 -0.05226343 0.1974853 -0.9808005 -0.05888408 0.1859117 -0.985005 -0.06389456 0.1602588 -0.9849643 -0.0638265 0.1605356 -0.9903424 -0.06683152 0.121472 -0.9939899 -0.0738663 0.08079558 -0.9242106 -0.02559763 0.3810246 -0.890512 -0.03240656 0.4538041 -0.889464 -0.03085732 0.4559623 -0.8686765 -0.02135783 0.4949193 -0.8133531 -0.03227502 0.5808745 -0.8244391 -0.07187902 0.5613679 -0.8285161 -0.06163501 0.5565629 -0.8230603 -0.06990301 0.563636 -0.7859439 -0.05220365 0.6160901 -0.721351 -0.1372014 0.6788436 -0.752549 -0.1566889 0.6396238 -0.7545148 -0.1733191 0.6329835 -0.6978741 -0.1966799 0.6886864 -0.2257905 -0.4482682 0.8649129 -0.3101125 -0.5441688 0.779558 -0.2702665 -0.5094518 0.8169547 -0.2365656 -0.4109761 0.8804177 -0.236003 -0.4106936 0.8807006 -0.2079951 -0.3304156 0.9206321 -0.1325959 -0.3690048 0.9199205 -0.08951038 -0.3589173 0.9290675 -0.1312736 -0.3970845 0.9083453 -0.1366901 -0.424643 0.8949828 -0.1367787 -0.4247014 0.8949416 -0.1570879 -0.5290998 0.8338926 -0.1567057 -0.5286613 0.8342425 -0.05832123 -0.687825 0.7235298 -0.06692063 -0.7263123 0.6840995 -0.1902173 -0.7125351 0.67536 -0.1894291 -0.7117771 0.67638 -0.2063737 -0.811429 0.5468026 -0.05545389 -0.5376794 0.8413237 -0.04895752 -0.5226155 0.8511617 -0.04335385 -0.4311723 0.9012275 -0.05709034 -0.4424037 0.8949971 -0.04630821 -0.4030382 0.9140108 -0.04791688 -0.4053521 0.912904 -0.2552632 -0.9619994 -0.09694314 -0.2598657 -0.9655508 0.01347124 -0.2619906 -0.9649608 0.0145502 -0.2611026 -0.9201117 0.2919244 -0.2242023 -0.9504382 0.2154081 -0.2180057 -0.8944634 0.3903959 -0.2057555 -0.8109489 0.5477469 -0.2183744 -0.8946602 0.3897382 -0.05801212 -0.9160751 0.3967885 -0.08069312 -0.9763497 0.2005746 -0.06578248 -0.9450826 -0.3201432 -0.06832832 -0.9970784 -0.0341472 -0.06540989 -0.9974308 -0.02921599 -0.07508981 -0.9907227 -0.1132709 -0.06645977 -0.992336 -0.1041758 -0.06511086 -0.9804425 -0.1857231 -0.07712787 -0.9744921 -0.2107524 -0.06214284 -0.9687303 -0.2402079 -0.06040227 -0.9474885 -0.3140338 -0.06986397 -0.9231718 0.3779855 -0.06694287 -0.8585833 0.5082847 -0.07545572 -0.8283541 0.5551 -0.06477373 -0.8101471 0.5826373 -0.06095916 -0.7391626 0.6707628 -0.6790022 -0.3529103 -0.6437471 -0.6785877 -0.3573158 -0.6417508 -0.718859 -0.3817599 -0.5809486 -0.718443 -0.3862069 -0.5785188 -0.7562875 -0.4084221 -0.5110976 -0.7558391 -0.4127227 -0.5082983 -0.7899481 -0.4316857 -0.4354646 -0.7894486 -0.4356251 -0.432437 -0.8189467 -0.4506115 -0.3553526 -0.818378 -0.4540976 -0.3522115 -0.8424442 -0.4644854 -0.2730224 -0.8418554 -0.4672403 -0.270122 -0.8604599 -0.4728929 -0.1896866 -0.8599637 -0.4746502 -0.1875356 -0.8730553 -0.4755656 -0.1077587 -0.8727622 -0.4763578 -0.1066275 -0.8801823 -0.4732686 -0.03599995 -0.8801938 -0.4732449 -0.0360338 -0.8832789 -0.4686232 0.01451617 -0.8833343 -0.4685248 0.01432943 -0.8836545 -0.4537011 0.11537 -0.8834818 -0.4538168 0.1162343 -0.8735755 -0.4308292 0.2263894 -0.8731774 -0.4309138 0.22776 -0.8527609 -0.4016634 0.3338645 -0.8519449 -0.4016357 0.3359744 -0.8222638 -0.3675436 0.4345042 -0.8204987 -0.3672314 0.4380901 -0.7691464 -0.3166725 0.5550967 -0.7639288 -0.3168085 0.5621788 -0.6956614 -0.2562028 0.6711299 -0.6854702 -0.2552111 0.6819075 -0.6071035 -0.4058485 -0.6831635 -0.6060744 -0.4100978 -0.6815378 -0.6469287 -0.4416981 -0.6215996 -0.6459313 -0.4459046 -0.6196305 -0.6853231 -0.4755745 -0.5515081 -0.6843515 -0.4795873 -0.549235 -0.7207759 -0.5058912 -0.4738736 -0.7198269 -0.5095346 -0.4714063 -0.75216 -0.5313385 -0.3897884 -0.7512988 -0.5342818 -0.3874188 -0.7783332 -0.5504884 -0.3019273 -0.7776308 -0.5525472 -0.2999698 -0.7989707 -0.5627262 -0.2120969 -0.7985688 -0.5637117 -0.2109907 -0.8139864 -0.5677129 -0.1229969 -0.8141666 -0.5673501 -0.1234784 -0.8233885 -0.5657764 -0.04391497 -0.8241337 -0.56454 -0.04580646 -0.8284474 -0.5598422 0.01586449 -0.8288581 -0.5592623 0.01483434 -0.8296202 -0.5421664 0.1333649 -0.8294169 -0.5422789 0.1341688 -0.8178603 -0.5145401 0.2575912 -0.8176642 -0.5145688 0.258156 -0.7938009 -0.4778199 0.3762559 -0.7933861 -0.4777826 0.3771771 -0.7589861 -0.4342427 0.4851532 -0.7578431 -0.4339761 0.4871743 -0.6997298 -0.3696293 0.611353 -0.6957424 -0.3694875 0.6159721 -0.6210433 -0.2936313 0.7266952 -0.6128486 -0.2923963 0.7341125 -0.5212185 -0.4566612 -0.7209659 -0.5197359 -0.4603315 -0.7197011 -0.5591078 -0.500016 -0.6613491 -0.55761 -0.5038123 -0.6597304 -0.5964556 -0.542093 -0.5919256 -0.5950288 -0.5456708 -0.5900713 -0.6319277 -0.5807968 -0.5131691 -0.6307039 -0.5837621 -0.5113066 -0.6643649 -0.6141091 -0.4260155 -0.6633672 -0.6163491 -0.4243324 -0.6922336 -0.6401319 -0.3332325 -0.6916307 -0.6413542 -0.3321324 -0.7150052 -0.6577164 -0.2370165 -0.7150571 -0.6576268 -0.2371084 -0.7324176 -0.6660953 -0.1410022 -0.7335032 -0.6644567 -0.1430749 -0.7444664 -0.6654525 -0.05424684 -0.746447 -0.6629102 -0.05802547 -0.7521835 -0.6587434 0.01664763 -0.7530854 -0.6577535 0.01492273 -0.7543956 -0.6383474 0.1529706 -0.754233 -0.6384156 0.153487 -0.7413631 -0.6049221 0.2906032 -0.7414119 -0.6049203 0.2904821 -0.7148658 -0.5588871 0.4202526 -0.7148376 -0.5588801 0.42031 -0.677071 -0.5038052 0.5364282 -0.6766358 -0.5036702 0.5371038 -0.6145883 -0.4229893 0.6658539 -0.6121954 -0.4227261 0.6682211 -0.5353549 -0.3297886 0.7775825 -0.5291667 -0.3284593 0.7823665 -0.4265375 -0.5006641 -0.7532604 -0.4247036 -0.5038686 -0.7521592 -0.4600474 -0.5514681 -0.6958732 -0.4582319 -0.5546802 -0.6945167 -0.4938302 -0.6016986 -0.6277664 -0.4921736 -0.60461 -0.6262683 -0.5267588 -0.6489523 -0.5489865 -0.5253294 -0.6513938 -0.5474626 -0.5576586 -0.6909843 -0.4599539 -0.5566335 -0.6926297 -0.4587193 -0.5850439 -0.7249764 -0.363501 -0.5846825 -0.7255066 -0.3630243 -0.6082603 -0.7491889 -0.2621744 -0.6087976 -0.7484874 -0.2629299 -0.6267507 -0.7625556 -0.160289 -0.6287343 -0.760302 -0.1631999 -0.6406443 -0.7649599 -0.06641894 -0.6437492 -0.7619287 -0.07107496 -0.6506627 -0.7591792 0.01687955 -0.6521892 -0.7579165 0.01455527 -0.6540357 -0.7364683 0.1727769 -0.6538633 -0.7365124 0.1732409 -0.6405217 -0.6965399 0.3233639 -0.6407271 -0.6965528 0.3229291 -0.6132854 -0.6397969 0.4631856 -0.6137562 -0.6399288 0.4623792 -0.5753619 -0.5717599 0.5848499 -0.5756711 -0.571888 0.5844202 -0.5144088 -0.4733979 0.7150371 -0.5134217 -0.4732038 0.7158746 -0.4402547 -0.3625642 0.8214154 -0.4364041 -0.3614406 0.8239614 -0.1945381 -0.05803316 -0.9791767 -0.1978828 -0.02933096 -0.9797868 -0.2580325 -0.06545978 -0.9639162 -0.3268491 -0.5361153 -0.7782995 -0.3248867 -0.5387343 -0.7773122 -0.3538239 -0.5932679 -0.7230782 -0.3519702 -0.5957581 -0.7219344 -0.3816154 -0.6506327 -0.6565417 -0.3799311 -0.652867 -0.6552992 -0.4092905 -0.7057656 -0.5782527 -0.4078398 -0.7076219 -0.5770077 -0.4358047 -0.7560119 -0.4883854 -0.4348972 -0.7571029 -0.4875038 -0.4599784 -0.7978525 -0.3896812 -0.4598468 -0.7979999 -0.3895346 -0.4811103 -0.8291641 -0.2846397 -0.4820535 -0.8282418 -0.2857273 -0.4985918 -0.8482802 -0.1784011 -0.5011976 -0.846072 -0.1815577 -0.5126477 -0.8549937 -0.07860064 -0.5164792 -0.8522304 -0.08338177 -0.52371 -0.8517376 0.01646155 -0.5254908 -0.850681 0.01419299 -0.5276232 -0.8276925 0.191152 -0.5275756 -0.8276969 0.1912643 -0.5150994 -0.7810539 0.3530266 -0.5156068 -0.7811521 0.3520669 -0.4901329 -0.7133759 0.5008638 -0.4908524 -0.7136688 0.4997409 -0.4558363 -0.6324297 0.6262956 -0.4566421 -0.6328749 0.6252579 -0.4021478 -0.5170587 0.7555974 -0.4024214 -0.5171408 0.7553956 -0.3393464 -0.3901381 0.8559418 -0.3371497 -0.3892907 0.8571949 -0.2242199 -0.5624558 -0.7958448 -0.2225487 -0.5642456 -0.7950466 -0.2432796 -0.6243 -0.7423372 -0.2417216 -0.6259579 -0.7414497 -0.2632262 -0.6871669 -0.6771364 -0.2618478 -0.6885962 -0.6762182 -0.2834669 -0.7485221 -0.5994675 -0.2825469 -0.7494339 -0.5987622 -0.3034671 -0.8052367 -0.509413 -0.3030223 -0.8056462 -0.5090304 -0.3220695 -0.8535739 -0.409491 -0.3223786 -0.853316 -0.4097852 -0.3388162 -0.8909974 -0.3022041 -0.3403955 -0.8898473 -0.3038138 -0.3534441 -0.9152845 -0.1932139 -0.3567079 -0.9132686 -0.1967231 -0.366069 -0.9263037 -0.08919161 -0.3704622 -0.9240731 -0.09405708 -0.3767921 -0.9261628 0.0158227 -0.3787363 -0.9254043 0.01362639 -0.3807205 -0.9015288 0.2056641 -0.3805696 -0.9015194 0.2059839 -0.3706218 -0.849272 0.3760008 -0.3712242 -0.8494881 0.3749169 -0.3509449 -0.7721015 0.5298084 -0.3517921 -0.7725926 0.5285292 -0.3243255 -0.6802806 0.6572908 -0.3251918 -0.6809144 0.6562058 -0.2966341 -0.5911526 0.7500311 -0.1725948 -0.6153773 0.7691047 -0.1731775 -0.6160041 0.7684717 -0.05482417 -0.6272163 0.7769133 -0.04368531 -0.6111507 0.7903079 -0.1227411 -0.579082 -0.8059768 -0.1219292 -0.579802 -0.8055824 -0.1335319 -0.6437467 -0.7534981 -0.1327239 -0.6444481 -0.7530413 -0.1448715 -0.7099778 -0.6891617 -0.1443799 -0.7103899 -0.6888401 -0.1567278 -0.7750301 -0.6121804 -0.1566137 -0.7751178 -0.6120986 -0.1687499 -0.8359341 -0.5222429 -0.1692326 -0.8355829 -0.5226486 -0.1804805 -0.8884879 -0.4219195 -0.1817706 -0.887665 -0.4230961 -0.1916356 -0.929896 -0.3139575 -0.1939164 -0.9286737 -0.3161672 -0.2018934 -0.9579375 -0.203948 -0.2058037 -0.9562478 -0.2079302 -0.210766 -0.9701898 -0.1196218 -0.1785906 -0.9784827 -0.1033307 -0.1821457 -0.9831732 0.01391208 -0.2623234 -0.9645492 -0.02883505 -0.1849434 -0.9812043 0.05508208 -0.07536977 -0.9955827 0.05598723 -0.07144355 -0.9952657 0.06589353 -0.5951164 -0.2960941 -0.7471043 -0.5264979 -0.3327313 -0.7823618 -0.5254423 -0.3364696 -0.7814721 -0.4473252 -0.3705581 -0.8139945 -0.4457977 -0.3739542 -0.8132791 -0.3630425 -0.4027628 -0.8402276 -0.3612451 -0.4056653 -0.8396057 -0.2767665 -0.4283253 -0.8601964 -0.2749469 -0.4306305 -0.8596289 -0.1893149 -0.4472622 -0.8741376 -0.1877451 -0.448889 -0.8736421 -0.1036785 -0.4593391 -0.8821896 -0.1027368 -0.4601646 -0.8818694 -0.0329594 -0.4643516 -0.8850375 -0.01597678 -0.4778438 -0.8782995 -0.2595062 -0.06441843 -0.9635906 -0.2227239 -0.07599806 -0.9719148 -0.2244048 -0.07497417 -0.9716076 -0.185871 -0.08517903 -0.9788752 -0.1876816 -0.08422303 -0.9786124 -0.1492505 -0.09259206 -0.9844547 -0.1510123 -0.09177911 -0.9842621 -0.1133484 -0.09829372 -0.9886813 -0.1147916 -0.09771049 -0.9885725 -0.07790112 -0.1024867 -0.9916793 -0.07931238 -0.1019877 -0.9916189 -0.04420739 -0.1050251 -0.9934865 -0.04499953 -0.1047801 -0.9934769 -0.04414039 -0.1048189 -0.9935113 -0.01484185 -0.1189746 -0.9927864 -0.2841418 -0.05948615 -0.9569351 -0.2920704 -0.052908 -0.9549323 -0.3758209 -0.09421676 -0.9218904 -0.3345373 -0.1104478 -0.9358879 -0.3331676 -0.1115821 -0.9362419 -0.2901368 -0.1259614 -0.9486593 -0.2888182 -0.1268878 -0.9489381 -0.2428743 -0.1397436 -0.9599395 -0.2414998 -0.1405742 -0.960165 -0.1953557 -0.1511415 -0.9690162 -0.1943034 -0.1516928 -0.9691417 -0.1482345 -0.1600298 -0.9759187 -0.1475098 -0.1603603 -0.9759741 -0.1019177 -0.1665037 -0.9807596 -0.1012641 -0.1667657 -0.9807828 -0.05719345 -0.1707059 -0.9836608 -0.05685698 -0.1708236 -0.9836598 -0.01776134 -0.1725685 -0.9848374 -0.06669551 -0.1572921 -0.9852975 -0.9174652 -0.08330172 -0.3889967 -0.9133309 -0.0974 -0.3953984 -0.9081081 -0.08028328 -0.4109676 -0.8397367 -0.1332712 -0.5263852 -0.8327491 -0.1377438 -0.5362421 -0.8497133 -0.1083259 -0.5159971 -0.8225877 -0.07467633 -0.5637134 -0.7796227 -0.07107555 -0.6222033 -0.7655534 -0.09317594 -0.6365895 -0.7570721 -0.09751093 -0.6460136 -0.7578825 -0.1151541 -0.6421478 -0.7368736 -0.1390133 -0.6615836 -0.820895 -0.1615606 -0.5477498 -0.4504463 -0.05530792 -0.8910888 -0.4079093 -0.07795822 -0.9096882 -0.5026874 -0.1166993 -0.8565551 -0.4554129 -0.1407265 -0.8790878 -0.549348 -0.1885153 -0.8140508 -0.4931513 -0.2168416 -0.8424853 -0.4894656 -0.2211915 -0.8435032 -0.4317837 -0.2455413 -0.8679127 -0.4276557 -0.2495113 -0.8688239 -0.3638644 -0.2717691 -0.8909233 -0.3596326 -0.2751438 -0.8916055 -0.2937802 -0.2936949 -0.9096354 -0.2896693 -0.2964537 -0.9100587 -0.2232733 -0.3110365 -0.9237994 -0.2197145 -0.3130729 -0.9239647 -0.1529251 -0.3238353 -0.9336727 -0.1500378 -0.3252519 -0.9336488 -0.08422279 -0.3321521 -0.9394581 -0.08254915 -0.332861 -0.9393557 -0.02580016 -0.3357689 -0.9415911 -0.07411688 -0.3174593 -0.945371 -0.3410667 -0.04100239 -0.9391444 -0.3341397 -0.04652082 -0.9413748 -0.4108431 -0.0773276 -0.9084209 -0.372812 -0.09472793 -0.923059 -0.4620047 -0.139558 -0.8758283 -0.4125291 -0.1611189 -0.8965828 -0.4095521 -0.1640468 -0.8974162 -0.3593251 -0.1825234 -0.9151889 -0.3561193 -0.1851553 -0.915913 -0.3014506 -0.2018985 -0.9318609 -0.2983807 -0.2040281 -0.9323849 -0.2428879 -0.2178558 -0.9452747 -0.2399714 -0.2195904 -0.9456183 -0.1844587 -0.2304564 -0.9554397 -0.1819757 -0.2317309 -0.9556075 -0.1263483 -0.2397816 -0.96257 -0.1246815 -0.2405248 -0.9626019 -0.07034927 -0.2457022 -0.9667893 -0.06901276 -0.246222 -0.9667533 -0.02157175 -0.2484565 -0.9684029 -0.06430202 -0.2336173 -0.9702001 -0.5938767 -0.1588088 -0.7887271 -0.5403567 -0.1903696 -0.8196184 -0.6367463 -0.2395399 -0.7329221 -0.5765048 -0.2763461 -0.7689442 -0.6011421 -0.2398111 -0.7623115 -0.4871134 -0.2969968 -0.8212878 -0.4860398 -0.3004021 -0.820685 -0.4122119 -0.3296008 -0.8493791 -0.4107418 -0.3326467 -0.8489037 -0.3336185 -0.3571073 -0.8724523 -0.3318963 -0.3597468 -0.8720247 -0.2538981 -0.3789024 -0.8899263 -0.2521955 -0.3809714 -0.889527 -0.1736113 -0.395026 -0.9021162 -0.1721739 -0.3964705 -0.901758 -0.0953226 -0.405337 -0.909184 -0.09431934 -0.406195 -0.9089057 0.02091252 -0.411435 -0.9111993 -0.02518469 -0.3920521 -0.9195984 -0.9434287 -0.04715096 0.328206 -0.9425953 -0.04552537 0.3308197 -0.9438785 -0.04084467 0.3277578 -0.9450126 -0.04316753 0.3241723 -0.829909 -0.01979684 0.5575475 -0.823108 -0.01538437 0.5676766 -0.8283796 -0.0260173 0.5595627 -0.882326 -0.05184763 0.4677744 -0.8742471 -0.0252766 0.4848228 -0.914456 -0.046956 0.401952 -0.99635 -0.08523845 0.004592001 -0.9584661 -0.0578593 0.2792764 -0.9943334 -0.1009633 -0.03328019 -0.9936641 -0.09503573 -0.0599997 -0.9917041 -0.102226 -0.07792872 -0.9859066 -0.1062154 -0.1292542 -0.7941595 -0.04288542 0.6061943 -0.8053548 -0.0440517 0.5911541 -0.8327792 -0.05707883 0.5506548 -0.8615931 -0.04834526 0.505292 -0.8907108 -0.0642507 0.4500069 -0.9071677 -0.06381863 0.4159015 -0.9233164 -0.07408648 0.3768265 -0.9347935 -0.07311379 0.3475854 -0.9526961 -0.08658105 0.2913314 -0.9591442 -0.08513492 0.2698047 -0.976676 -0.1023437 0.1887584 -0.9791922 -0.1008408 0.1761073 -0.9899132 -0.1187017 0.07734316 -0.990306 -0.1179735 0.07332473 -0.9916843 -0.128686 0.001487553 -0.991739 -0.1282727 -2.87779e-4 -0.9907929 -0.1319461 -0.03032875 -0.9908026 -0.1306014 -0.03540527 -0.9879406 -0.1346069 -0.07651531 -0.9877086 -0.1328603 -0.08234053 -0.9821756 -0.1362522 -0.1294862 -0.9816538 -0.1342671 -0.1353818 -0.9730738 -0.1365993 -0.1856562 -0.9417664 -0.1302526 -0.310017 -0.9432377 -0.1328675 -0.304383 -0.9591295 -0.1330682 -0.249727 -0.9602895 -0.1355129 -0.2438859 -0.9722478 -0.1344022 -0.1914949 -0.9774696 -0.1052963 -0.1829368 -0.9647964 -0.10712 -0.240194 -0.9574735 -0.09580761 -0.2721498 -0.9488456 -0.1034678 -0.2983062 -0.9273209 -0.1027007 -0.3599007 -0.9190012 -0.12845 -0.3727433 -0.9051279 -0.2518583 0.3425071 -0.902553 -0.2515563 0.3494532 -0.8669349 -0.2207122 0.4468895 -0.8601655 -0.2215337 0.4593891 -0.8104649 -0.1841806 0.5560795 -0.7980058 -0.183994 0.5738756 -0.7466816 -0.1493986 0.6481872 -0.7183206 -0.1696695 0.6747059 -0.7384204 -0.1247256 0.6627057 -0.7637447 -0.1151294 0.6351687 -0.7858021 -0.1283225 0.6050193 -0.8044579 -0.1291661 0.5797964 -0.8398305 -0.1518958 0.5211645 -0.8525224 -0.1516844 0.5001974 -0.8928377 -0.1808449 0.4124755 -0.8998767 -0.1797384 0.3973865 -0.9282548 -0.2038412 0.3111141 -0.9433882 -0.2054322 0.2604155 -0.8272303 -0.1049978 0.5519654 -0.8456389 -0.1053406 0.5232574 -0.8736698 -0.1228479 0.4707542 -0.8863942 -0.1222986 0.4464847 -0.9180858 -0.1449615 0.3689237 -0.9250648 -0.1436659 0.3515896 -0.9552278 -0.1708365 0.2415675 -0.9578678 -0.1693804 0.2319477 -0.9725579 -0.1887196 0.1360741 -0.9775946 -0.1873324 0.09599763 -0.8215196 -0.1358665 -0.5537561 -0.8394191 -0.1727771 -0.51529 -0.8705093 -0.1803212 -0.4579277 -0.8721685 -0.1842496 -0.4531823 -0.8991411 -0.1901277 -0.3942039 -0.9005962 -0.193984 -0.3889688 -0.9231134 -0.1980284 -0.3296158 -0.9243174 -0.2017804 -0.3239167 -0.9423612 -0.2039366 -0.2652648 -0.9432648 -0.2074921 -0.2592267 -0.9570307 -0.2078012 -0.2022643 -0.9576182 -0.2111232 -0.1959448 -0.9675917 -0.2096862 -0.1407058 -0.9678528 -0.2127557 -0.1341496 -0.9743338 -0.209737 -0.08175748 -0.974268 -0.2125902 -0.07488173 -0.977523 -0.2086361 -0.03033006 -0.9772028 -0.2109402 -0.02406448 -0.9782083 -0.2075793 0.004417896 -0.978019 -0.2084003 0.006953001 -0.9776697 -0.1997239 0.06536388 -0.9401264 -0.2917705 0.1761605 -0.940746 -0.2916041 0.1731014 -0.9475294 -0.3076547 0.0868135 -0.9476711 -0.3075373 0.08567643 -0.9478391 -0.3185374 0.01162248 -0.9480395 -0.3179849 0.01033127 -0.9464849 -0.3218124 -0.02455818 -0.9469671 -0.3201024 -0.02806574 -0.9422901 -0.3241949 -0.08358937 -0.9426984 -0.3219115 -0.08770829 -0.9336833 -0.3240649 -0.1523732 -0.9339205 -0.3212352 -0.1568451 -0.9205042 -0.3206577 -0.223273 -0.9205282 -0.3172699 -0.2279641 -0.9025196 -0.3138455 -0.2948888 -0.9023138 -0.3100656 -0.2994814 -0.8793379 -0.3037227 -0.3667661 -0.8789106 -0.2996045 -0.3711515 -0.8511649 -0.2904641 -0.437206 -0.8505557 -0.2861526 -0.4412163 -0.8183429 -0.2744524 -0.5049663 -0.8176171 -0.2701139 -0.5084692 -0.7817873 -0.2563299 -0.568422 -0.7809916 -0.2519516 -0.5714652 -0.7421756 -0.236476 -0.6271001 -0.7414115 -0.232356 -0.6295393 -0.6735801 -0.2048946 -0.7101466 -0.7191649 -0.1664791 -0.6746011 -0.6209123 -0.1332056 -0.7724794 -0.6560031 -0.1051469 -0.7473982 -0.5543551 -0.07674044 -0.8287349 -0.577473 -0.05834442 -0.8143225 -0.5159428 -0.03804862 -0.8557777 -0.6843185 -0.06092798 -0.7266334 -0.6731724 -0.07509547 -0.7356627 -0.6772225 -0.08061695 -0.7313485 -0.6477559 -0.1080853 -0.7541419 -0.7454241 -0.1352573 -0.6527239 -0.7100991 -0.169988 -0.683274 -0.7761271 -0.1916562 -0.6007452 -0.7774681 -0.1957291 -0.5976902 -0.8141624 -0.2075146 -0.5422891 -0.815471 -0.2116413 -0.5387162 -0.8487988 -0.2218526 -0.4799191 -0.8500234 -0.2260254 -0.4757867 -0.8793458 -0.2343343 -0.4145342 -0.8804253 -0.2385132 -0.4098326 -0.9052551 -0.2446528 -0.347359 -0.9061045 -0.2486624 -0.34226 -0.9262936 -0.2525153 -0.2796716 -0.9268776 -0.256302 -0.2742395 -0.9424786 -0.2578461 -0.2127197 -0.9427683 -0.2612532 -0.2072073 -0.9542302 -0.2605801 -0.1467748 -0.9542346 -0.2636287 -0.1411963 -0.9617782 -0.2608879 -0.08318907 -0.9615026 -0.2636605 -0.07743382 -0.9653079 -0.2595917 -0.02815788 -0.9648571 -0.2617616 -0.02306181 -0.9660477 -0.2582546 0.00751847 -0.9658222 -0.2590286 0.009581983 -0.9655572 -0.2494657 0.07393306 -0.9654285 -0.2495737 0.075239 -0.9599179 -0.2360368 0.1511437 -0.9593191 -0.2361916 0.1546628 -0.9473022 -0.2196072 0.2332194 -0.9263935 -0.2728861 0.2594773 -0.9251127 -0.27291 0.2639825 -0.8728909 -0.07573533 -0.4820017 -0.8529317 -0.08701682 -0.5147191 -0.8541894 -0.09087491 -0.5119593 -0.8435208 -0.1125424 -0.5251733 -0.8933408 -0.1199479 -0.4330759 -0.9060373 -0.1387123 -0.399819 -0.9025087 -0.1382087 -0.4078928 -0.9132581 -0.1585166 -0.3752761 -0.9342845 -0.1611546 -0.3180277 -0.9356955 -0.164394 -0.3121674 -0.952426 -0.1654345 -0.2559614 -0.9535039 -0.168437 -0.2499185 -0.9661716 -0.1679368 -0.1957291 -0.9669216 -0.1706963 -0.1895407 -0.9760609 -0.1687504 -0.1372168 -0.976485 -0.1712352 -0.1309797 -0.9823907 -0.1680117 -0.08173573 -0.9825133 -0.1703131 -0.07524091 -0.9855126 -0.1663627 -0.03299111 -0.9853765 -0.1682332 -0.02703684 -0.9863319 -0.164761 0.001802444 -0.9862242 -0.1653661 0.003992676 -0.9845538 -0.1532266 0.08470755 -0.9841164 -0.1539962 0.08831846 -0.9702062 -0.1324374 0.2028803 -0.9676445 -0.1339237 0.2138425 -0.9443675 -0.1122685 0.3091374 -0.9375488 -0.113686 0.3287521 -0.9133612 -0.09615516 0.3956332 -0.9011406 -0.09695696 0.4225459 -0.8795727 -0.08352899 0.4683747 -0.8618636 -0.08361548 0.5001994 -0.8206279 -0.0612958 0.568166 -0.7963966 -0.08758521 0.598399 -0.8053128 -0.08690243 0.5864465 -0.7534162 -0.1049658 0.6491119 -0.6372507 -0.3270345 -0.6978252 -0.5667247 -0.3692762 -0.7365177 -0.5656958 -0.373272 -0.7352933 -0.4837956 -0.4131479 -0.771525 -0.4822462 -0.4168193 -0.7705195 -0.3941091 -0.4508597 -0.8008769 -0.3922911 -0.4539369 -0.8000307 -0.3011336 -0.480907 -0.8234362 -0.2992098 -0.483424 -0.8226633 -0.2061518 -0.5032487 -0.8391915 -0.2045847 -0.5049077 -0.8385782 -0.1128574 -0.5173265 -0.8483141 -0.1118612 -0.5182092 -0.847907 -0.04430037 -0.5227422 -0.8513391 0.005877614 -0.5871494 -0.8094574 -0.03986585 -0.5655165 -0.8237729 -0.03736245 -0.6517091 -0.7575482 -0.02130383 -0.6628229 -0.7484732 -0.05606353 -0.7183027 -0.6934682 -0.04457259 -0.7312498 -0.6806519 -0.04764455 -0.7853979 -0.617155 -0.06252735 -0.775469 -0.6282821 -0.03073889 -0.8487964 -0.5278256 -0.06885355 -0.8308786 -0.5521776 -0.03684157 -0.9030541 -0.427944 -0.05554801 -0.8955733 -0.4414328 -0.05782061 -0.9280958 -0.3678248 -0.4514457 -0.05526155 -0.8905858 -0.4516092 -0.05506384 -0.8905152 -0.5388042 -0.08157861 -0.8384718 -0.5314164 -0.09728169 -0.8415063 -0.6295083 -0.1305438 -0.765949 -0.5851289 -0.1610778 -0.7947818 -0.6831878 -0.2017299 -0.7018258 -0.6268864 -0.242181 -0.7405146 -0.6955699 -0.2765968 -0.6630813 -0.6957488 -0.2808421 -0.6611062 -0.7364768 -0.3010168 -0.6057977 -0.7366796 -0.3053854 -0.6033598 -0.7750249 -0.3238807 -0.5426211 -0.7752038 -0.3283728 -0.5396578 -0.8103985 -0.344624 -0.4738023 -0.8104962 -0.3490194 -0.4704056 -0.8414742 -0.3623336 -0.4007936 -0.8414443 -0.366447 -0.3970996 -0.8676277 -0.376386 -0.3248935 -0.8674473 -0.3800355 -0.3211047 -0.8883881 -0.3862979 -0.2480738 -0.888064 -0.3893948 -0.2443644 -0.9039164 -0.3919726 -0.1711516 -0.9034891 -0.3943975 -0.1678043 -0.9143566 -0.3933733 -0.09596627 -0.9139065 -0.3950617 -0.09328114 -0.9197903 -0.3912194 -0.03055024 -0.9194785 -0.392069 -0.02900505 -0.921651 -0.3878156 0.01259034 -0.9215039 -0.3881426 0.01327216 -0.9215202 -0.375392 0.09940612 -0.9213507 -0.3755225 0.1004776 -0.9130541 -0.3563453 0.1983695 -0.9126014 -0.356459 0.2002388 -0.8956848 -0.3330627 0.2946487 -0.894541 -0.3330643 0.2981017 -0.8698887 -0.3063704 0.3865628 -0.8676227 -0.3060576 0.3918669 -0.8241352 -0.2665495 0.4997526 -0.8180082 -0.2670299 0.5094681 -0.7585901 -0.2192606 0.6135683 -0.7470232 -0.2186546 0.627811 -0.6791943 -0.1691657 0.7141975 -0.6511785 -0.2264701 0.7243465 -0.6037106 -0.21403 0.7679353 -0.5876171 -0.26779 0.7635409 -0.5263019 -0.2392188 0.8159539 -0.5132279 -0.3097234 0.8004177 -0.4331709 -0.2531949 0.8650175 -0.4328719 -0.3561894 0.8281009 -0.3490362 -0.2749382 0.8958699 -0.334084 -0.3832253 0.8611192 -0.2959722 -0.3335965 0.8950496 -0.2460486 -0.3431022 0.9064994 0.4097336 -0.07702142 -0.9089479 0.8459333 -0.1078354 -0.5222725 0.1025682 -0.4594403 -0.8822668 0.07399868 -0.9917983 -0.1042132 0.1784783 -0.9784964 -0.1033946 0.8731853 -0.4315085 0.2266007 0.821312 -0.3685529 0.4354485 0.8541718 -0.09100234 -0.5119661 0.9644538 -0.06338077 0.2565383 0.8082513 -0.01389485 0.5886739 0.1263074 -0.3720923 0.9195618 0.384032 -0.4194845 0.8225279 0.2721942 -0.3378843 0.9009687 0.2141147 -0.3483985 0.9125642 0.2340723 -0.3852697 0.892624 0.1711004 -0.3500075 0.9209883 0.2673704 -0.2548599 0.929279 0.435544 -0.3606325 0.8247701 0.3956059 -0.26463 0.8794697 0.5213862 -0.3196924 0.791172 0.48944 -0.2544305 0.8340945 0.5903175 -0.2707758 0.7603984 0.5715074 -0.2343628 0.7864182 0.9800195 -0.05297422 0.1917173 0.9699676 -0.0412504 0.2397108 0.9464719 -0.03074651 0.3213189 0.953195 -0.05619364 0.2970885 0.9030355 7.65405e-4 0.4295654 0.9169515 -0.08420199 0.3900129 0.894147 -0.03321242 0.4465402 0.9813477 -0.05882871 0.1830191 0.9848995 -0.06400978 0.16086 0.98996 -0.06633383 0.1248162 0.9961249 -0.07706791 0.04237854 0.9964401 -0.08378064 0.009378492 0.995019 -0.0755124 0.06507951 0.9955626 -0.0814706 0.04709374 0.9936969 -0.07325983 0.08485114 0.9773173 -0.08821654 -0.1925328 0.9933964 -0.0794776 -0.08274656 0.9944968 -0.08648347 -0.05913567 0.996558 -0.07534295 -0.03457885 0.997317 -0.07311367 -0.003653526 0.9837716 -0.09497892 -0.1522251 0.9849858 -0.09417551 -0.1446859 0.9889513 -0.09743148 -0.1117252 0.9317376 -0.08356577 -0.3533865 0.9441854 -0.08362865 -0.3186223 0.9580558 -0.09285205 -0.2711231 0.9568046 -0.09493631 -0.2747944 0.9749974 -0.08136713 -0.206784 0.8040269 -0.0708093 -0.5903617 0.8310005 -0.07745426 -0.5508531 0.8522264 -0.08446061 -0.5163106 0.8723617 -0.1029301 -0.4779024 0.8484746 -0.07391703 -0.5240489 0.8994759 -0.07801043 -0.4299507 0.9136759 -0.09367299 -0.395502 0.7482571 -0.06037467 -0.660656 0.5164508 -0.03916931 -0.8554206 0.4586938 -0.05210876 -0.8870652 0.3368353 -0.047706 -0.9403544 0.2874147 -0.05668777 -0.9561273 0.276564 -0.03828191 -0.9602327 0.2343605 -0.03822463 -0.9713981 0.2205428 -0.04309916 -0.9744247 0.1973576 -0.03627514 -0.9796603 0.1835871 -0.04630327 -0.9819124 0.1501907 -0.04994004 -0.987395 0.1436192 -0.04878199 -0.98843 0.1197059 -0.05386918 -0.9913469 0.1110154 -0.05330032 -0.9923884 0.08434516 -0.05584192 -0.9948707 0.08893138 -0.05407047 -0.9945691 0.06693845 -0.0563541 -0.9961645 0.06157702 -0.05703103 -0.9964717 0.0533657 -0.05610674 -0.9969976 0.03516924 -0.05765914 -0.9977167 0.03000259 -0.05685502 -0.9979315 -0.02983826 -0.06772255 -0.997258 0.006935954 -0.05843847 -0.9982669 0.01711946 -0.05741828 -0.9982035 0.1391912 -0.4041311 0.9040486 0.08973473 -0.3589964 0.9290153 0.03518396 -0.3620375 0.9314993 0.06547546 -0.4262133 0.9022502 0.0201146 -0.3717221 0.9281262 0.6418635 -0.2070221 0.7383449 0.6510825 -0.2267305 0.7243514 0.6903744 -0.2597877 0.6751989 0.8522108 -0.4025631 0.3341851 0.8209402 -0.3666714 0.4377322 0.7582262 -0.4349527 0.4857047 0.7580955 -0.4337772 0.4869584 0.676621 -0.5041954 0.5366295 0.6766188 -0.5036944 0.5371024 0.5753242 -0.571788 0.5848594 0.5752748 -0.5722123 0.5844931 0.4560761 -0.6324109 0.6261398 0.4558721 -0.6332546 0.6254352 0.3248311 -0.6801873 0.6571378 0.324459 -0.6811926 0.6562797 0.1899233 -0.7117516 0.6762683 0.1894828 -0.7126303 0.675466 0.04072713 -0.6280439 0.7771115 0.1725965 -0.6161655 0.7684729 0.1729582 -0.6153182 0.7690703 0.2965161 -0.591181 0.7500556 0.3100153 -0.5441819 0.7795875 0.4019415 -0.5172992 0.7555425 0.402076 -0.5170671 0.7556298 0.5138758 -0.4729871 0.7156919 0.5135428 -0.4737513 0.7154255 0.6133976 -0.4219894 0.667584 0.6127996 -0.4240707 0.6668139 0.697763 -0.3680292 0.6145579 0.6972214 -0.371526 0.6130667 0.766421 -0.3145733 0.560038 0.7662333 -0.3194172 0.5575476 0.2701137 -0.5094169 0.8170269 0.1568915 -0.5285717 0.8342645 0.1566998 -0.5290536 0.8339949 0.0498594 -0.5379047 0.8415299 0.05770927 -0.5223711 0.8507633 0.6903164 -0.2520918 0.6781689 0.6163207 -0.2962322 0.7296543 0.6170732 -0.2901691 0.7314524 0.5313888 -0.3315173 0.7795654 0.5325785 -0.3270511 0.7806394 0.4374896 -0.3635376 0.8224618 0.4387089 -0.3606016 0.8231046 0.337664 -0.3904913 0.856446 0.3384997 -0.3890215 0.8567848 0.2359142 -0.4111568 0.8805081 0.2363162 -0.4105951 0.8806626 0.1366747 -0.4246641 0.8949751 0.1366811 -0.4246599 0.8949762 0.05383276 -0.4306467 0.9009138 0.0440582 -0.4426943 0.8955896 0.8833441 -0.4542719 0.1155001 0.8732346 -0.4308546 0.2276526 0.8175159 -0.5150393 0.2576866 0.8175756 -0.5146689 0.2582368 0.7411074 -0.6051703 0.2907384 0.7410959 -0.605218 0.2906684 0.6404449 -0.696572 0.3234469 0.6403105 -0.6969276 0.3229466 0.5152226 -0.7810146 0.3529334 0.5149598 -0.781518 0.3522021 0.3708946 -0.8491718 0.3759581 0.3705568 -0.8496546 0.3751999 0.07155489 -0.9770339 0.2007103 0.07863444 -0.9724436 0.2194768 0.06029009 -0.9237511 0.3782181 0.06951224 -0.915316 0.3966922 0.2182651 -0.8943189 0.3905818 0.2178883 -0.8947457 0.389814 0.2233365 -0.9408735 0.2547116 0.1850918 -0.9584888 0.2168879 0.1848086 -0.9812285 0.0551055 0.07134956 -0.995877 0.05602198 0.0760709 -0.9949244 0.06586939 0.8834519 -0.4538666 0.1162666 0.8292444 -0.5427128 0.1334792 0.8293754 -0.5423496 0.1341398 0.7539857 -0.6388175 0.1530284 0.7541348 -0.6385065 0.1535908 0.6535935 -0.7368286 0.1729135 0.6536878 -0.7366774 0.173201 0.5273195 -0.8278991 0.1910946 0.5274008 -0.8278015 0.1912933 0.3804336 -0.9016382 0.2057155 0.3804716 -0.9016051 0.2057902 0.263475 -0.9407637 0.2134121 0.2619466 -0.9649878 0.01350849 0.2233695 -0.9746372 0.01373189 0.1810136 -0.9830513 -0.02905839 0.06869584 -0.9972116 -0.02915525 0.06591629 -0.9972406 -0.03414964 0.0663011 -0.9913424 -0.113334 0.06508052 -0.9804416 -0.1857385 0.07710337 -0.974496 -0.2107436 0.05384194 -0.6108406 0.7899209 0.05829703 -0.6878144 0.7235419 0.06689351 -0.7262875 0.6841285 0.06091159 -0.7391642 0.6707653 0.06472009 -0.810151 0.5826376 0.8521186 -0.4013527 0.3358719 0.7933267 -0.4783428 0.3765913 0.7933333 -0.4778014 0.377264 0.7145932 -0.559082 0.4204567 0.7145859 -0.5591626 0.4203621 0.6133351 -0.6398147 0.4630954 0.6132357 -0.6402574 0.462615 0.4903245 -0.7132557 0.5008476 0.490065 -0.7140132 0.5000215 0.3514345 -0.771888 0.5297949 0.3509277 -0.7729355 0.5286026 0.2061951 -0.8109238 0.5476187 0.205794 -0.8115573 0.5468305 0.07542371 -0.8283841 0.5550596 0.066913 -0.8585813 0.5082921 0.569101 -0.3714979 -0.7335621 0.5628305 -0.3714159 -0.7384256 0.6093995 -0.4080849 -0.6797786 0.6032601 -0.4082792 -0.685117 0.6490921 -0.4437603 -0.6178642 0.643298 -0.4443004 -0.6235102 0.6871767 -0.4773725 -0.5476346 0.6819902 -0.4782828 -0.5532947 0.7222293 -0.5073719 -0.4700626 0.7178006 -0.508624 -0.4754621 0.753087 -0.5324465 -0.3864722 0.7497957 -0.5338283 -0.3909395 0.7787637 -0.5512171 -0.299478 0.7766081 -0.5524898 -0.3027126 0.798985 -0.5631898 -0.2108086 0.7980014 -0.5639749 -0.2124297 0.8136427 -0.5680695 -0.1236228 0.8140089 -0.5676878 -0.122964 0.8229804 -0.5662041 -0.04600286 0.8241158 -0.5647237 -0.04382503 0.4855412 -0.4154113 -0.7692095 0.4799663 -0.4148782 -0.7729867 0.5229042 -0.458809 -0.7183771 0.5174852 -0.458501 -0.722486 0.5607602 -0.5021548 -0.6583226 0.5553951 -0.5021371 -0.6628686 0.5977764 -0.543944 -0.5888875 0.5930738 -0.5442686 -0.5933256 0.632918 -0.5822223 -0.5103256 0.6291258 -0.5828368 -0.5142975 0.6649021 -0.6151186 -0.4237149 0.6622244 -0.6158677 -0.4268089 0.6923367 -0.6406994 -0.331925 0.6909392 -0.6412898 -0.3336923 0.7147163 -0.6579651 -0.2371973 0.7148417 -0.6578899 -0.2370284 0.7318335 -0.6662297 -0.1433799 0.7336013 -0.6648337 -0.1408027 0.7438368 -0.6658147 -0.05829024 0.7465764 -0.663096 -0.0541045 0.3953916 -0.4529318 -0.7990735 0.3906595 -0.4520621 -0.8018885 0.4278101 -0.5027928 -0.7511178 0.4229183 -0.5020543 -0.7543749 0.4610705 -0.5534805 -0.6935946 0.4566074 -0.5530101 -0.6969144 0.4947178 -0.6033806 -0.6254488 0.4907092 -0.6032081 -0.6287644 0.5273998 -0.6502875 -0.5467867 0.524163 -0.6504127 -0.5497421 0.5579611 -0.6918297 -0.4583134 0.5557967 -0.6921364 -0.4604752 0.5849325 -0.7253333 -0.3629679 0.5842089 -0.7255238 -0.3637515 0.6077876 -0.7492403 -0.2631222 0.6086825 -0.7488797 -0.2620778 0.6259832 -0.7624827 -0.1636011 0.6289517 -0.760807 -0.1599767 0.6398983 -0.7651329 -0.07142788 0.6440329 -0.7621267 -0.06621652 0.3018347 -0.4827517 -0.822099 0.2981372 -0.4817141 -0.8240544 0.3276574 -0.5380244 -0.7766404 0.3238368 -0.5370547 -0.7789108 0.3545314 -0.5949341 -0.7213605 0.3509799 -0.5941758 -0.7237184 0.3822701 -0.65213 -0.6546726 0.3788915 -0.6515907 -0.6571688 0.4095677 -0.7069131 -0.5766527 0.4070309 -0.7066844 -0.5787255 0.4358952 -0.7566652 -0.4872917 0.4343722 -0.7566667 -0.4886476 0.4597957 -0.7980172 -0.3895596 0.4595842 -0.798038 -0.3897662 0.4806764 -0.8289833 -0.2858968 0.4820439 -0.8286682 -0.2845045 0.4979125 -0.8479332 -0.1819137 0.501458 -0.8466463 -0.1781291 0.5119971 -0.8549025 -0.08366948 0.5167239 -0.8525459 -0.07849907 0.8800249 -0.4735634 -0.03597158 0.8799853 -0.4736297 -0.03606861 0.872389 -0.4767447 -0.1079438 0.8730251 -0.4759014 -0.1065139 0.8592195 -0.4748985 -0.1902981 0.8607828 -0.4733153 -0.1871514 0.8406373 -0.467169 -0.2740109 0.8432327 -0.4651995 -0.269348 0.8166465 -0.4537053 -0.3567071 0.820217 -0.4517143 -0.3509961 0.7871494 -0.4348968 -0.4373336 0.7916708 -0.4330967 -0.4309114 0.7530761 -0.4116183 -0.5132707 0.7584986 -0.4101241 -0.5064367 0.7154139 -0.3848094 -0.583185 0.7214137 -0.3837171 -0.5764752 0.6753271 -0.3557177 -0.6460636 0.6817939 -0.3549898 -0.63964 0.6340054 -0.325348 -0.7015596 0.6404638 -0.3249492 -0.695855 0.5948567 -0.2962928 -0.7472323 0.5227635 -0.3346407 -0.7840497 0.5287557 -0.3349115 -0.779905 0.4435599 -0.3720738 -0.8153624 0.4490638 -0.3727468 -0.8120355 0.3597208 -0.403841 -0.8411383 0.3642774 -0.4047778 -0.8387234 0.273875 -0.4290249 -0.860773 0.277503 -0.4301052 -0.8590703 0.1895995 -0.4486048 -0.8733876 0.1872217 -0.4476471 -0.8743914 0.206507 -0.5046231 -0.8382784 0.2039353 -0.5036159 -0.8395127 0.2244604 -0.5638337 -0.7948014 0.2220259 -0.5629355 -0.7961207 0.2436389 -0.6255891 -0.7411332 0.241119 -0.6247418 -0.7426704 0.2634171 -0.6882463 -0.6759648 0.2614279 -0.6876741 -0.6773181 0.2836097 -0.7491811 -0.5985761 0.2821267 -0.7488483 -0.5996924 0.3033667 -0.8055434 -0.5089877 0.3027445 -0.8054509 -0.5095042 0.3218188 -0.8534777 -0.4098885 0.3222718 -0.8535 -0.4094861 0.3384217 -0.890554 -0.3039479 0.3404501 -0.89043 -0.3020403 0.3528736 -0.9147015 -0.1969811 0.3568797 -0.9139872 -0.1930397 0.3654968 -0.926029 -0.09424793 0.3705887 -0.9245113 -0.08912342 0.1129539 -0.518132 -0.8478093 0.1116926 -0.5174772 -0.8483762 0.1228102 -0.5797136 -0.8055121 0.1216679 -0.5791381 -0.8060992 0.1334933 -0.644371 -0.7529711 0.1324993 -0.6438969 -0.7535521 0.1447967 -0.7102986 -0.6888467 0.1442736 -0.7100727 -0.6891893 0.156699 -0.7751368 -0.6120526 0.1565305 -0.7750725 -0.6121771 0.1686179 -0.8356732 -0.522703 0.1692172 -0.8358531 -0.5222213 0.180287 -0.887941 -0.423152 0.1817235 -0.8882412 -0.4219057 0.1912723 -0.9291643 -0.3163363 0.1940392 -0.929454 -0.3137902 0.2015771 -0.9571161 -0.2080757 0.2059823 -0.9570916 -0.2038305 0.2106727 -0.9702035 -0.1196752 0.2552329 -0.9620037 -0.09697967 0.2598699 -0.9655331 0.01461392 0.3764556 -0.9263334 0.01370912 0.3785906 -0.925428 0.01587903 0.5233807 -0.851979 0.0142973 0.5254101 -0.8506888 0.01652747 0.6503177 -0.7595207 0.01467216 0.6519993 -0.7580334 0.01680684 0.7518213 -0.6591989 0.01488542 0.7529519 -0.6578654 0.01663595 0.8281973 -0.5602397 0.01485985 0.8287 -0.5594688 0.01584643 0.8830982 -0.4689697 0.01431888 0.8831761 -0.4688168 0.01451921 0.03437536 -0.4776203 -0.8778937 0.02265048 -0.2749224 -0.9611997 0.01865816 -0.1933076 -0.9809609 0.8955853 -0.1265662 -0.4265068 0.8363468 -0.1386144 -0.5303868 0.9150531 -0.1538701 -0.3728297 0.7693648 -0.06942158 -0.6350265 0.7777002 -0.07420313 -0.6242406 0.7619187 -0.0987159 -0.6401055 0.7567101 -0.09181165 -0.6472716 0.8393369 -0.1730027 -0.5153481 0.7781197 -0.2551871 -0.573942 0.7843241 -0.2536337 -0.5661323 0.738354 -0.2352851 -0.6320397 0.7448635 -0.2340601 -0.6248155 0.6769069 -0.206475 -0.7065162 0.6331321 -0.2379052 -0.7365764 0.5429095 -0.1918452 -0.8175847 0.4868663 -0.2198334 -0.8453606 0.4955813 -0.2185202 -0.8406237 0.4254623 -0.2481043 -0.8703024 0.4336284 -0.2473476 -0.8664789 0.357999 -0.2737302 -0.8926973 0.3653268 -0.2734889 -0.8897979 0.2885093 -0.2951312 -0.9108568 0.2946543 -0.2953012 -0.9088323 0.218988 -0.3119249 -0.9245253 0.2238999 -0.3123713 -0.9231972 0.1496413 -0.324345 -0.9340277 0.153124 -0.3248973 -0.933271 0.08239233 -0.3323279 -0.9395583 0.08424955 -0.3327592 -0.9392409 0.05767363 -0.3342709 -0.9407107 0.02489155 -0.318236 -0.9476848 0.334052 -0.04947119 -0.9412555 0.3830527 -0.03539091 -0.9230484 0.4466051 -0.05741727 -0.8928871 0.4547041 -0.05613815 -0.8888717 0.5453293 -0.0837813 -0.8340244 0.5780549 -0.05790305 -0.813941 0.5856575 -0.05631059 -0.8086003 0.5845415 -0.05880725 -0.80923 0.6351692 -0.03891909 -0.7713919 0.712261 -0.07957333 -0.6973898 0.7048588 -0.05405431 -0.7072852 0.6841808 -0.06114345 -0.7267449 0.669878 -0.07922786 -0.738232 0.6810991 -0.07695895 -0.7281357 0.6520631 -0.1042156 -0.750968 0.5423786 -0.07363885 -0.8369007 0.8286358 -0.1502864 -0.5392374 0.8049252 -0.1573688 -0.5721283 0.7406113 -0.1401647 -0.6571521 0.7150561 -0.1652737 -0.6792492 0.6240524 -0.1344281 -0.7697324 0.5904062 -0.1575595 -0.7915779 0.4978135 -0.1192086 -0.8590525 0.459688 -0.1385693 -0.8772032 0.3734318 -0.09519654 -0.9227602 0.3324796 -0.1112646 -0.9365243 0.3351043 -0.1109395 -0.9356269 0.2881268 -0.1266273 -0.9491831 0.2905113 -0.1264448 -0.9484804 0.2411489 -0.1402503 -0.9603005 0.2432607 -0.1401914 -0.9597764 0.1939656 -0.1514785 -0.9692428 0.1954239 -0.1515104 -0.9689449 0.147347 -0.1602089 -0.9760236 0.1482209 -0.1602733 -0.9758807 0.1012247 -0.166602 -0.9808147 0.1019707 -0.1666994 -0.9807208 0.05676966 -0.1707422 -0.983679 0.05711477 -0.1708088 -0.9836475 0.04823738 -0.1712288 -0.9840498 0.01695853 -0.1576204 -0.9873542 0.9141304 -0.09473931 -0.3941956 0.9158225 -0.08901172 -0.3915944 0.9023602 -0.09632384 -0.4200809 0.8932246 -0.1201322 -0.4332646 0.8469996 -0.113241 -0.5193923 0.8358758 -0.1325286 -0.5326799 0.7578125 -0.1152648 -0.6422106 0.7411825 -0.134246 -0.6577435 0.651139 -0.1091768 -0.751065 0.6257558 -0.12946 -0.7692008 0.5312341 -0.09740567 -0.8416071 0.50001 -0.1158295 -0.8582387 0.4085795 -0.07843095 -0.9093467 0.3747372 -0.09390491 -0.9223634 0.2918692 -0.05299478 -0.954989 0.2599101 -0.06477481 -0.9634579 0.2571261 -0.06514936 -0.9641793 0.224718 -0.0753479 -0.9715064 0.2220417 -0.07558846 -0.9721028 0.1880285 -0.08459097 -0.9785141 0.1854293 -0.08470606 -0.979 0.151123 -0.09217351 -0.9842084 0.148903 -0.09216821 -0.9845471 0.1148658 -0.09805244 -0.9885301 0.1129813 -0.09795635 -0.9887568 0.07941907 -0.1022986 -0.9915784 0.0777564 -0.102127 -0.9917278 0.04495018 -0.1049617 -0.9934599 0.04417353 -0.1048375 -0.9935078 0.01414507 -0.1061431 -0.9942503 0.07199168 -0.1186786 -0.9903195 0.8117425 -0.2107704 -0.5446558 0.8177124 -0.2089423 -0.5363671 0.7735025 -0.1947277 -0.6031376 0.7798135 -0.193217 -0.5954478 0.7136069 -0.1714186 -0.6792503 0.6792291 -0.2003678 -0.7060458 0.5879285 -0.1624897 -0.7924249 0.5460454 -0.1871678 -0.8165799 0.4569835 -0.1418265 -0.8780953 0.4078931 -0.1630967 -0.8983445 0.4141436 -0.1623001 -0.8956249 0.3545781 -0.1842042 -0.9167024 0.3604516 -0.1837578 -0.9144986 0.2973288 -0.2030884 -0.9329259 0.3024151 -0.2029727 -0.9313148 0.2391244 -0.2187402 -0.9460298 0.2434226 -0.2188757 -0.9449016 0.1815472 -0.2309865 -0.9558691 0.1847618 -0.2312705 -0.9551844 0.1243659 -0.2400152 -0.9627699 0.1265548 -0.2403418 -0.9624031 0.06887346 -0.2458369 -0.9668613 0.07034289 -0.2461535 -0.9666749 0.05078595 -0.2471487 -0.9676458 0.02080923 -0.2340513 -0.9720015 0.9433044 -0.04724305 0.32855 0.9424852 -0.04564511 0.3311166 0.9143094 -0.04708421 0.4022704 0.8899324 -0.03347694 0.4548625 0.8644849 -0.04299396 0.5008169 0.9952762 -0.09708333 -4.67619e-4 0.9943163 -0.101144 -0.03324109 0.99365 -0.09519982 -0.0599724 0.9916763 -0.102436 -0.07800793 0.985898 -0.1064131 -0.1291568 0.8508104 -0.0664547 0.5212538 0.8448759 -0.04012215 0.5334558 0.9033382 -0.07200253 0.4228425 0.8947658 -0.05674648 0.4429153 0.9320743 -0.08036553 0.3532409 0.9260123 -0.06744384 0.3714197 0.9575834 -0.09097069 0.2734197 0.9542353 -0.08138364 0.2877704 0.9784373 -0.1047596 0.1780054 0.9773166 -0.09902727 0.1872056 0.9900864 -0.1196359 0.07359528 0.9900561 -0.1176317 0.07714784 0.991621 -0.1291821 -2.27946e-4 0.9917356 -0.1282896 0.00154376 0.9905049 -0.1328114 -0.03551483 0.9910098 -0.1303363 -0.03020107 0.9873213 -0.1354513 -0.082762 0.9882391 -0.1326099 -0.076146 0.9812301 -0.1368982 -0.1358172 0.9439339 -0.1305955 -0.3032056 0.9410048 -0.1330025 -0.3111597 0.9608568 -0.1332566 -0.2428925 0.9584848 -0.1358411 -0.2507075 0.9735205 -0.134451 -0.1848803 0.9825226 -0.1342066 -0.1289887 0.971702 -0.1371387 -0.192323 0.9774258 -0.1055405 -0.1830303 0.9647578 -0.1073567 -0.2402437 0.9574292 -0.09600907 -0.2722347 0.9488162 -0.1036577 -0.2983337 0.9273369 -0.1028839 -0.3598072 0.9149757 -0.1402216 -0.3783615 0.8929672 -0.1370685 -0.4287444 0.868648 -0.1836799 -0.4601222 0.8737966 -0.1813827 -0.4511985 0.8464501 -0.2253161 -0.482447 0.8519868 -0.2231203 -0.4736409 0.8148735 -0.2735533 -0.5110281 0.8207116 -0.271596 -0.5026613 0.7976676 -0.1360117 0.5875605 0.7925289 -0.1222327 0.597459 0.8478392 -0.1576991 0.5062606 0.8443337 -0.1465373 0.5153909 0.8970675 -0.1845322 0.4015196 0.8397684 -0.1127041 0.5311185 0.8332123 -0.09831869 0.5441423 0.8822499 -0.1288589 0.4528031 0.8777075 -0.117008 0.4646923 0.922663 -0.148981 0.3556649 0.9202553 -0.1402968 0.3653044 0.9567779 -0.1728787 0.2338572 0.814943 -0.06762188 0.5755825 0.7989463 -0.08484834 0.595387 0.7996102 -0.08956837 0.5938023 0.7564259 -0.1021831 0.6460485 0.7703333 -0.1193546 0.6263715 0.7014999 -0.1270576 0.7012519 0.7518238 -0.1572314 0.6403431 0.7509793 -0.1524069 0.642497 0.8052795 -0.189448 0.5618135 0.9255859 -0.1987148 -0.3221852 0.9216627 -0.2016813 -0.3314554 0.9443565 -0.2044023 -0.2577027 0.9410892 -0.2076856 -0.2668665 0.9585177 -0.2080869 -0.1947916 0.9559469 -0.211564 -0.2034854 0.9686145 -0.2097455 -0.1333891 0.9666538 -0.2133927 -0.1415775 0.9749788 -0.2095161 -0.07429343 0.9734699 -0.2134858 -0.08234268 0.9777785 -0.2082897 -0.02376359 0.9767997 -0.2119656 -0.03054362 0.9781984 -0.207556 0.006961822 0.9778938 -0.2090558 0.004431128 0.9776117 -0.2000406 0.06526196 0.9775428 -0.187587 0.09602737 0.9724717 -0.1889891 0.1363162 0.9561376 -0.1679796 0.2399663 0.8811602 -0.3006495 -0.3649201 0.8767421 -0.3033202 -0.3732565 0.9040291 -0.3108689 -0.2934139 0.9004771 -0.3137531 -0.3011649 0.9217619 -0.3178147 -0.2221457 0.9189785 -0.3208408 -0.2292158 0.9346758 -0.3215336 -0.151649 0.9326575 -0.3244823 -0.1576741 0.9430797 -0.3220124 -0.08311939 0.9416404 -0.3248503 -0.08823692 0.9470464 -0.3201625 -0.0244764 0.9461412 -0.3225181 -0.02826607 0.9479674 -0.3181533 0.01167529 0.9476931 -0.3190127 0.0104261 0.9475238 -0.3076571 0.08686631 0.9474483 -0.3082396 0.08561718 0.9402949 -0.2914389 0.1758097 0.940348 -0.292551 0.1736657 0.9254568 -0.2721456 0.2635648 0.9258684 -0.2742291 0.2599348 0.9030928 -0.2503123 0.3489517 0.9041606 -0.2535406 0.3438182 0.8628888 -0.2179237 0.4559958 0.9076139 -0.2455626 -0.3404941 0.9034436 -0.2484358 -0.3493843 0.9281872 -0.2531695 -0.2727155 0.9247601 -0.2563202 -0.2812804 0.9438654 -0.2582202 -0.2060114 0.9411717 -0.2615427 -0.2139892 0.9551543 -0.2607314 -0.1403544 0.9530783 -0.2642104 -0.1477657 0.9623023 -0.2608701 -0.07694911 0.9607608 -0.2644352 -0.08374202 0.9654938 -0.2594214 -0.02285665 0.9644846 -0.2626147 -0.02833837 0.9660235 -0.2582739 0.009656846 0.9656813 -0.2596201 0.00755757 0.9654371 -0.2495967 0.07505238 0.9653964 -0.2501031 0.07387977 0.95944 -0.2356575 0.1547269 0.9595724 -0.237113 0.1516519 0.9472379 -0.2199372 0.2331698 0.9433067 -0.2056702 0.2605232 0.9280788 -0.2040737 0.3114864 0.8953301 -0.1766483 0.408876 0.8639342 -0.2249356 0.4505794 0.8029495 -0.1792299 0.5684619 0.8506876 -0.0137757 0.5254911 0.8300147 -0.02106434 0.5573437 0.8284452 -0.02623391 0.5594556 0.7831301 -0.03393357 0.6209315 0.7977381 -0.04085278 0.6016187 0.7879589 -0.05238741 0.6134954 0.8197902 -0.07383346 0.5678845 0.8263804 -0.06448441 0.5594079 0.8746964 -0.09141159 0.475973 0.8669116 -0.07641011 0.4925706 0.909903 -0.1030709 0.401812 0.9045063 -0.09066468 0.4167113 0.9423717 -0.1179077 0.3131027 0.9394409 -0.1087476 0.3249999 0.9693127 -0.1361927 0.204657 0.9684036 -0.1307741 0.2123507 0.9842755 -0.1548023 0.0850768 0.9843037 -0.152955 0.08804118 0.9861362 -0.1659274 0.00187397 0.9863235 -0.1647732 0.003985285 0.9850153 -0.1692399 -0.03321158 0.9857593 -0.1660138 -0.02679902 0.9818054 -0.1711879 -0.08217728 0.9829834 -0.167783 -0.0747826 0.975403 -0.1719167 -0.1379624 0.9770236 -0.1686861 -0.1302685 0.9654128 -0.1711542 -0.1966836 0.9675737 -0.1680604 -0.1885653 0.9515217 -0.1686902 -0.2571968 0.954276 -0.1657768 -0.2487481 0.933191 -0.1644569 -0.3195443 0.9366505 -0.1616996 -0.3107075 0.9131857 -0.1587617 -0.3753487 0.8974971 -0.1936566 -0.3962274 0.9021256 -0.1909869 -0.3869023 0.8773088 -0.238056 -0.4167239 0.8822607 -0.2354761 -0.4076359 0.8481872 -0.2897707 -0.443409 0.8532278 -0.2875021 -0.4351378 0.06211149 -0.9687337 -0.2402026 0.06037402 -0.9474884 -0.3140396 0.06578058 -0.945075 -0.320166 0.05782032 -0.9281089 -0.3677919 0.05600267 -0.9021433 -0.4277864 0.0402798 -0.896228 -0.4417613 0.06234711 -0.84723 -0.5275549 0.03848606 -0.8322404 -0.5530776 0.05879896 -0.7848044 -0.616948 0.04705172 -0.7761282 -0.6288173 0.04380649 -0.718914 -0.6937173 0.06410622 -0.7304706 -0.6799287 0.01514196 -0.6525418 -0.7576014 0.03698986 -0.6625192 -0.748131 0.03933483 -0.5856488 -0.80961 0.01105982 -0.5659337 -0.8243767 0.04429113 -0.5227597 -0.8513287 0.008202075 -0.465292 -0.8851193 0.1037932 -0.4600864 -0.8817865 0.700114 -0.1753844 0.6921566 0.7043948 -0.1873621 0.6846337 0.7531515 -0.2237712 0.6186189 0.7520178 -0.2147216 0.6231886 0.8210818 -0.2701449 0.5028384 0.8207012 -0.2640784 0.5066677 0.8688451 -0.3077221 0.3878341 0.8681372 -0.3051152 0.3914622 0.89507 -0.3342172 0.2952096 0.8948408 -0.3326223 0.2976951 0.9126822 -0.3572574 0.1984397 0.9126878 -0.3562861 0.200153 0.921249 -0.3760102 0.09958273 0.9213353 -0.3755544 0.1005001 0.9213344 -0.3885648 0.01266145 0.9215143 -0.3881179 0.01327341 0.9191936 -0.3926053 -0.03073179 0.9197673 -0.3913995 -0.0288912 0.9134039 -0.3955054 -0.09627491 0.91456 -0.3936126 -0.09300076 0.9025847 -0.3947143 -0.171877 0.9044442 -0.3924158 -0.1673042 0.8866593 -0.3895077 -0.2492372 0.8893787 -0.3869871 -0.2434062 0.8655177 -0.3798341 -0.3265045 0.8691776 -0.3773112 -0.3196349 0.8390095 -0.3658404 -0.4027703 0.8434944 -0.3635703 -0.395391 0.8075631 -0.3481113 -0.4760887 0.8128663 -0.3461628 -0.4684227 0.77191 -0.3272282 -0.5450476 0.7778878 -0.3256566 -0.5374369 0.733152 -0.3040577 -0.6083068 0.7395169 -0.302876 -0.6011496 0.6921606 -0.2793936 -0.665472 0.6987947 -0.278539 -0.6588642 0.6299067 -0.2439435 -0.7373664 0.5986923 -0.2632622 -0.7564791 0.5561942 -0.2636556 -0.7881205 0.4834485 -0.2986727 -0.8228441 0.4892011 -0.2990579 -0.8192965 0.4087036 -0.3308851 -0.8505741 0.4138281 -0.3316005 -0.8478133 0.3304579 -0.3580411 -0.8732721 0.3347349 -0.3589755 -0.8712572 0.2512553 -0.3794861 -0.8904275 0.2545785 -0.380502 -0.889049 0.1716403 -0.3953443 -0.9023539 0.1739147 -0.3962684 -0.9015126 0.09417909 -0.4054735 -0.9092423 0.09539026 -0.4061083 -0.9088327 0.02707195 -0.4099064 -0.9117258 -8.26491e-4 -0.3921765 -0.9198897 0 0.7071059 -0.7071077 0 0.7071235 -0.7070901 0 0.7071082 -0.7071055 1.83907e-6 0.7071111 -0.7071025 0 0.7071091 -0.7071045 0 0.707105 -0.7071087 1.61688e-6 0.7071105 -0.7071031 -1.05674e-5 0.7070876 -0.707126 -2.05882e-5 0.7070913 -0.7071222 -1.83235e-6 0.7071022 -0.7071114 3.04302e-7 0.7071056 -0.7071081 6.5409e-7 0.7071077 -0.7071059 0 0.7071075 -0.7071061 -2.28716e-6 0.7071068 -0.7071068 2.64182e-6 0.7071079 -0.7071058 -4.72814e-6 0.7071005 -0.7071131 0 0.7071069 -0.7071067 0 0.7071068 -0.7071068 2.79393e-6 0.7071087 -0.7071049 -1.38065e-7 0.7071066 -0.707107 8.42817e-6 0.7071152 -0.7070984 -1.09215e-6 0.7071049 -0.7071087 2.6273e-6 0.7071068 -0.7071068 -6.52242e-7 0.7071072 -0.7071064 1.44294e-7 0.7071066 -0.707107 1.25489e-7 0.7071105 -0.7071031 -3.08882e-6 0.7071084 -0.7071053 6.09308e-6 0.7071114 -0.7071022 -8.71073e-6 0.7070937 -0.7071199 0 0.7071061 -0.7071076 0 0.7071068 -0.7071068 0 0.707107 -0.7071066 0 0.8660198 -0.5000098 0 0.8660215 -0.5000069 -2.02963e-5 0.8660482 -0.4999606 -6.08689e-5 0.866059 -0.4999421 2.24091e-5 0.8660284 -0.4999949 3.34864e-5 0.8660652 -0.4999311 -2.89321e-5 0.8660272 -0.4999971 -5.34081e-5 0.8660172 -0.5000142 -4.12143e-5 0.8660401 -0.4999747 0.002711117 0.7588022 0.6513157 0.004679799 0.7365963 0.6763166 -0.005433559 0.8108436 0.5852378 0 0.7124749 0.7016977 1.69165e-4 0.7266979 0.6869572 -0.001378774 0.7722165 0.635358 0.001165747 0.9086008 0.4176641 1.1461e-6 0.8885273 0.458824 1.63599e-6 0.8683426 0.4959647 2.62711e-4 0.8595626 0.5110304 -3.15335e-4 0.8416437 0.5400334 2.17698e-6 0.8321617 0.554533 6.2837e-7 0.818251 0.5748612 2.80318e-4 0.7903882 0.6126065 -0.001590788 0.8798372 0.4752727 6.0155e-5 0.901054 0.433707 -3.61809e-5 0.9260721 0.3773469 -1.62292e-6 0.9266616 0.3758969 -1.46468e-6 0.9408724 0.3387613 8.40976e-4 0.9590167 0.2833483 -0.002071976 0.9417074 0.3364268 4.97463e-5 0.9598172 0.2806264 -5.28795e-5 0.9794948 0.2014697 2.69949e-5 0.9799335 0.1993252 -3.07811e-5 0.9935488 0.1134057 -2.77002e-4 0.9928297 0.1195375 1.6078e-5 0.9974436 0.07145887 -8.76131e-5 0.9995961 0.02842354 0.00103563 0.9979124 0.06457489 -0.002158582 0.9988933 -0.04698663 0.00229454 0.9997683 0.02140825 -2.35861e-4 0.9981091 -0.06146788 2.34607e-5 0.9949787 -0.1000872 -4.47456e-5 0.9923274 -0.1236387 1.94857e-4 0.989968 -0.1412919 1.33285e-5 0.9878078 -0.1556782 -1.29788e-5 0.9812602 -0.1926872 -8.14223e-5 0.9805883 -0.1960785 5.15851e-5 0.9723204 -0.2336519 -2.01827e-6 0.9732449 -0.2297708 -1.99671e-6 0.9622637 -0.2721188 -7.95799e-5 0.9631279 -0.2690439 2.63398e-5 0.9526205 -0.3041614 -7.08612e-4 0.9110528 -0.4122892 3.95621e-4 0.9003976 -0.435068 -2.88078e-4 0.9394994 -0.3425507 -0.001393616 0.927157 -0.3746704 1.50852e-4 0.9415216 -0.3369528 -3.25687e-5 0.9222284 -0.3866455 1.37594e-4 0.8850122 -0.4655682 -4.25946e-4 0.8524163 -0.5228637 4.78004e-4 0.8625865 -0.5059094 -3.7478e-4 0.813768 -0.5811898 0 0.8196377 -0.5728822 0.6250141 0.5437091 0.560123 0.6006469 0.05462515 0.7976462 0.6007593 0.05461812 0.7975621 0.6112781 0.0750029 0.7878539 0.6069454 0.07322061 0.7913634 0.6025958 0.06341654 0.7955231 0.5992374 0.06101608 0.7982428 0.6050706 0.05314588 0.7943962 0.6113473 0.08537489 0.7867438 0.6105899 0.08882141 0.7869503 0.6094518 0.09018039 0.7876777 0.6245961 0.1015073 0.7743229 0.6180136 0.1129657 0.7780089 0.6332915 0.123403 0.7640115 0.6291116 0.1420578 0.7642241 0.6635838 0.1643257 0.7298313 0.6470985 0.1743232 0.7422095 0.6498178 0.1937677 0.7349768 0.6489694 0.2044242 0.7328366 0.6654148 0.2209733 0.7130175 0.6540437 0.2405403 0.7171941 0.660193 0.2512986 0.7078094 0.6635802 0.2658099 0.6992899 0.6606177 0.2845082 0.6947225 0.6836102 0.3186614 0.6566066 0.6749764 0.3267545 0.6615424 0.6648824 0.3509618 0.6593612 0.666167 0.3849893 0.6387526 0.6754102 0.4117894 0.6117604 0.66795 0.4192623 0.6148675 0.6463382 0.5156132 0.5624855 0.6423056 0.4932303 0.5866579 0.6546881 0.4432507 0.612301 0.5991969 0.591348 0.5396951 0.5927919 0.6307371 0.5007681 0.552425 0.6631073 0.5050895 0.501371 0.7371073 0.4531003 0.5055782 0.7352411 0.4514548 0.1193423 0.9259371 0.3583265 0.1463188 0.9192504 0.3654717 0.1767066 0.916404 0.3591359 0.2308453 0.8948366 0.3820707 0.2698967 0.8868889 0.3749455 0.310414 0.8636783 0.3971183 0.3357193 0.8530316 0.3995367 0.3571542 0.8400292 0.4084017 0.4029302 0.815278 0.4158955 0.4160305 0.7999934 0.4323533 0.4666363 0.7631127 0.4471126 0.08552396 0.9305963 0.3559162 0.05835145 0.930165 0.362475 0.06408542 0.9305394 0.3605405 0.02578169 0.9365289 0.3496412 0.01050627 0.9358314 0.3522917 -0.6005308 0.05416053 0.7977653 -0.01409304 0.9357885 0.3522804 -0.02573013 0.9365447 0.349603 -0.07199794 0.9301393 0.3600796 -0.07891857 0.9306292 0.357353 -0.1263344 0.9250677 0.3581751 -0.1194546 0.9257404 0.3587971 -0.1657186 0.9167345 0.3635041 -0.176467 0.9159618 0.3603796 -0.2431284 0.8913988 0.3824877 -0.2318541 0.8932623 0.3851312 -0.3409274 0.8608012 0.3778756 -0.2986644 0.865049 0.4031002 -0.4000752 0.8177262 0.4138402 -0.3680837 0.8305063 0.4180595 -0.5490541 0.6777855 0.489026 -0.5663393 0.6704357 0.4793494 -0.4369904 0.7709026 0.4634097 -0.5186342 0.7552323 0.4008027 -0.4437044 0.7883352 0.4262089 -0.688537 0.5229028 0.5024834 -0.6428048 0.5545454 0.5284709 -0.6188061 0.5747849 0.5354452 -0.5933121 0.6046774 0.5313625 -0.5793527 0.547629 0.6036995 -0.6623847 0.4665857 0.5861266 -0.654819 0.4276886 0.6231328 -0.6558336 0.363923 0.6613944 -0.6946595 0.3511196 0.6278242 -0.6667963 0.3865274 0.637165 -0.6589304 0.1590464 0.7351973 -0.6412931 0.1742568 0.7472469 -0.663117 0.2154448 0.7168399 -0.6704013 0.2129436 0.7107863 -0.6399511 0.277863 0.7164181 -0.7104988 0.2642341 0.6522054 -0.6712499 0.294771 0.6800984 -0.6249146 0.09865397 0.7744348 -0.6204884 0.1013793 0.7776352 -0.6275956 0.1219048 0.7689364 -0.6278733 0.1217303 0.7687371 -0.6373599 0.1459343 0.7566211 -0.6001316 0.05248641 0.7981775 -0.6004769 0.05244427 0.7979205 -0.5965846 0.05347615 0.8007666 -0.6122854 0.06851774 0.7876623 -0.6237603 0.06582081 0.7788394 -0.6034077 0.08476567 0.7929148 -0.6122478 0.07763576 0.7868452 -0.6114073 0.08672338 0.7865497 0 0.046844 0.9989023 -1.49162e-6 0.04683363 0.9989027 -1.80904e-6 0.04682362 0.9989032 1.89384e-7 0.04683589 0.9989027 -2.2729e-6 0.04681849 0.9989035 -1.67579e-6 0.0468226 0.9989032 -1.8743e-6 0.04682034 0.9989034 4.37797e-6 0.04685688 0.9989016 -1.79607e-6 0.04679995 0.9989044 -2.85934e-5 0.04678857 0.9989049 -1.86727e-5 0.04680484 0.9989041 3.1412e-5 0.04688358 0.9989004 -6.36973e-5 0.04671961 0.9989081 1.71563e-5 0.04686611 0.9989012 -4.69207e-5 0.04673099 0.9989075 -7.98685e-5 0.04655539 0.9989158 -1.00361e-4 0.04648578 0.998919 -3.94612e-6 0.04682105 0.9989034 9.90421e-6 0.04685974 0.9989015 -2.62062e-6 0.04681628 0.9989036 -1.27323e-5 0.04681795 0.9989035 -2.56914e-5 0.04680651 0.998904 3.20398e-5 0.04686182 0.9989014 -7.79589e-6 0.04682308 0.9989033 1.08237e-4 0.04736512 0.9988777 1.83687e-5 0.0468899 0.9989002 -1.10696e-4 0.04640257 0.9989228 -1.22518e-4 0.04634559 0.9989255 4.2938e-5 0.04685693 0.9989017 2.42525e-6 0.04683113 0.9989029 2.09839e-5 0.0468434 0.9989023 -4.16136e-5 0.04678463 0.9989051 2.87276e-5 0.04686522 0.9989013 5.5053e-6 0.04683977 0.9989024 -1.19857e-5 0.04681521 0.9989036 2.50886e-5 0.04690653 0.9988994 -3.96706e-5 0.04670608 0.9989088 2.14864e-5 0.04685181 0.9989019 6.3165e-5 0.04690414 0.9988995 -6.83529e-6 0.04682439 0.9989032 7.72863e-5 0.04688215 0.9989005 -1.51589e-5 0.04681736 0.9989036 -1.95548e-5 0.04681205 0.9989038 -8.69792e-6 0.04681754 0.9989035 1.40268e-6 0.04683083 0.9989029 2.78442e-6 0.04683196 0.9989029 3.41865e-5 0.04685419 0.9989019 -2.11164e-5 0.04681104 0.9989038 -2.67245e-5 0.04680281 0.9989042 4.38157e-5 0.04687076 0.9989011 -1.0099e-5 0.0468167 0.9989036 -6.09891e-5 0.04676347 0.998906 6.40335e-6 0.04683834 0.9989025 -1.61342e-5 0.04679954 0.9989044 -2.27061e-6 0.04682552 0.9989031</float_array>
          <technique_common>
            <accessor source="#magtac_finger_002-mesh-normals-array" count="1742" stride="3">
              <param name="X" type="float"/>
              <param name="Y" type="float"/>
              <param name="Z" type="float"/>
            </accessor>
          </technique_common>
        </source>
        <vertices id="magtac_finger_002-mesh-vertices">
          <input semantic="POSITION" source="#magtac_finger_002-mesh-positions"/>
        </vertices>
        <triangles material="black_spec_003-material" count="1742">
          <input semantic="VERTEX" source="#magtac_finger_002-mesh-vertices" offset="0"/>
          <input semantic="NORMAL" source="#magtac_finger_002-mesh-normals" offset="1"/>
          <p>0 0 1 0 2 0 3 1 4 1 5 1 6 2 7 2 8 2 9 3 10 3 11 3 12 4 13 4 14 4 15 5 16 5 17 5 16 6 15 6 18 6 19 7 20 7 21 7 22 8 23 8 24 8 25 9 26 9 27 9 28 10 29 10 30 10 31 11 32 11 33 11 25 12 27 12 34 12 34 13 27 13 35 13 34 14 35 14 36 14 36 15 35 15 37 15 36 16 37 16 38 16 38 17 37 17 39 17 38 18 39 18 40 18 39 19 41 19 40 19 40 20 41 20 42 20 40 21 42 21 43 21 43 22 42 22 44 22 43 23 44 23 45 23 46 24 47 24 48 24 49 25 50 25 51 25 51 26 50 26 52 26 51 27 52 27 53 27 54 28 55 28 56 28 56 29 55 29 57 29 56 30 57 30 49 30 58 31 59 31 60 31 61 32 62 32 63 32 63 33 62 33 64 33 63 34 64 34 65 34 66 35 67 35 68 35 68 36 67 36 69 36 68 37 69 37 70 37 70 38 69 38 71 38 70 39 71 39 72 39 72 40 71 40 73 40 72 41 73 41 74 41 74 42 73 42 75 42 74 43 75 43 61 43 66 44 68 44 76 44 76 45 68 45 77 45 76 46 77 46 78 46 79 47 80 47 81 47 81 48 80 48 82 48 81 49 82 49 83 49 84 50 85 50 21 50 20 51 86 51 21 51 21 52 86 52 87 52 21 53 87 53 84 53 84 54 87 54 88 54 84 55 88 55 79 55 79 56 88 56 89 56 79 57 89 57 80 57 90 58 91 58 92 58 92 59 91 59 93 59 92 60 93 60 94 60 94 61 93 61 95 61 96 62 97 62 98 62 99 63 100 63 101 63 101 64 100 64 102 64 101 65 102 65 103 65 103 66 102 66 104 66 105 67 106 67 107 67 107 68 106 68 108 68 107 69 108 69 109 69 110 70 111 70 112 70 113 71 114 71 115 71 116 72 117 72 118 72 118 73 117 73 119 73 118 74 119 74 115 74 115 75 119 75 120 75 115 76 120 76 113 76 113 77 120 77 121 77 29 78 121 78 30 78 30 79 121 79 120 79 30 80 120 80 122 80 122 81 120 81 119 81 122 82 119 82 123 82 123 83 119 83 117 83 124 84 125 84 126 84 126 85 125 85 127 85 125 86 128 86 127 86 127 87 128 87 129 87 127 88 129 88 130 88 123 89 131 89 122 89 122 90 131 90 132 90 122 91 132 91 30 91 30 92 132 92 31 92 30 93 31 93 28 93 28 94 31 94 33 94 133 95 134 95 135 95 135 96 134 96 18 96 135 97 18 97 136 97 136 98 18 98 15 98 136 99 15 99 137 99 137 100 15 100 138 100 129 101 138 101 130 101 130 102 138 102 15 102 130 103 15 103 139 103 139 104 15 104 17 104 140 105 141 105 142 105 143 106 144 106 145 106 145 107 144 107 146 107 145 108 146 108 147 108 147 109 146 109 148 109 147 110 148 110 149 110 149 111 148 111 140 111 149 112 140 112 150 112 150 113 140 113 142 113 139 114 151 114 130 114 130 115 151 115 152 115 130 116 152 116 127 116 127 117 152 117 153 117 127 118 153 118 126 118 12 119 154 119 155 119 155 120 154 120 156 120 155 121 156 121 157 121 157 122 156 122 158 122 157 123 158 123 159 123 159 124 158 124 160 124 159 125 160 125 161 125 161 126 160 126 162 126 161 127 162 127 163 127 163 128 162 128 164 128 163 129 164 129 165 129 165 130 164 130 166 130 165 131 166 131 167 131 167 132 166 132 168 132 167 133 168 133 169 133 169 134 168 134 170 134 169 135 170 135 171 135 171 136 170 136 172 136 171 137 172 137 173 137 173 138 172 138 174 138 173 139 174 139 175 139 175 140 174 140 176 140 175 141 176 141 177 141 177 142 176 142 178 142 177 143 178 143 179 143 179 144 178 144 180 144 179 145 180 145 181 145 181 146 180 146 182 146 181 147 182 147 183 147 183 148 182 148 184 148 183 149 184 149 185 149 185 150 184 150 186 150 154 151 187 151 156 151 156 152 187 152 188 152 156 153 188 153 158 153 158 154 188 154 189 154 158 155 189 155 160 155 160 156 189 156 190 156 160 157 190 157 162 157 162 158 190 158 191 158 162 159 191 159 164 159 164 160 191 160 192 160 164 161 192 161 166 161 166 162 192 162 193 162 166 163 193 163 168 163 168 164 193 164 194 164 168 165 194 165 170 165 170 166 194 166 195 166 170 167 195 167 172 167 172 168 195 168 196 168 172 169 196 169 174 169 174 170 196 170 197 170 174 171 197 171 176 171 176 172 197 172 198 172 176 173 198 173 178 173 178 174 198 174 199 174 178 175 199 175 180 175 180 176 199 176 200 176 180 177 200 177 182 177 182 178 200 178 201 178 182 179 201 179 184 179 184 180 201 180 202 180 184 181 202 181 186 181 186 182 202 182 203 182 187 183 204 183 188 183 188 184 204 184 205 184 188 185 205 185 189 185 189 186 205 186 206 186 189 187 206 187 190 187 190 188 206 188 207 188 190 189 207 189 191 189 191 190 207 190 208 190 191 191 208 191 192 191 192 192 208 192 209 192 192 193 209 193 193 193 193 194 209 194 210 194 193 195 210 195 194 195 194 196 210 196 211 196 194 197 211 197 195 197 195 198 211 198 212 198 195 199 212 199 196 199 196 200 212 200 213 200 196 201 213 201 197 201 197 202 213 202 214 202 197 203 214 203 198 203 198 204 214 204 215 204 198 205 215 205 199 205 199 206 215 206 216 206 199 207 216 207 200 207 200 208 216 208 217 208 200 209 217 209 201 209 201 210 217 210 218 210 201 211 218 211 202 211 202 212 218 212 219 212 202 213 219 213 203 213 203 214 219 214 220 214 204 215 221 215 205 215 205 216 221 216 222 216 205 217 222 217 206 217 206 218 222 218 223 218 206 219 223 219 207 219 207 220 223 220 224 220 207 221 224 221 208 221 208 222 224 222 225 222 208 223 225 223 209 223 209 224 225 224 226 224 209 225 226 225 210 225 210 226 226 226 227 226 210 227 227 227 211 227 211 228 227 228 228 228 211 229 228 229 212 229 212 230 228 230 229 230 212 231 229 231 213 231 213 232 229 232 230 232 213 233 230 233 214 233 214 234 230 234 231 234 214 235 231 235 215 235 215 236 231 236 232 236 215 237 232 237 216 237 216 238 232 238 233 238 216 239 233 239 217 239 217 240 233 240 234 240 217 241 234 241 218 241 218 242 234 242 235 242 218 243 235 243 219 243 219 244 235 244 236 244 219 245 236 245 220 245 220 246 236 246 237 246 22 247 45 247 23 247 23 248 45 248 44 248 23 249 44 249 238 249 221 250 239 250 222 250 222 251 239 251 240 251 222 252 240 252 223 252 223 253 240 253 241 253 223 254 241 254 224 254 224 255 241 255 242 255 224 256 242 256 225 256 225 257 242 257 243 257 225 258 243 258 226 258 226 259 243 259 244 259 226 260 244 260 227 260 227 261 244 261 245 261 227 262 245 262 228 262 228 263 245 263 246 263 228 264 246 264 229 264 229 265 246 265 247 265 229 266 247 266 230 266 230 267 247 267 248 267 230 268 248 268 231 268 231 269 248 269 249 269 231 270 249 270 232 270 232 271 249 271 250 271 232 272 250 272 233 272 233 273 250 273 251 273 233 274 251 274 234 274 234 275 251 275 252 275 234 276 252 276 235 276 235 277 252 277 116 277 235 278 116 278 236 278 236 279 116 279 118 279 236 280 118 280 237 280 237 281 118 281 115 281 239 282 253 282 240 282 240 283 253 283 254 283 240 284 254 284 241 284 241 285 254 285 255 285 241 286 255 286 242 286 242 287 255 287 256 287 242 288 256 288 243 288 243 289 256 289 257 289 243 290 257 290 244 290 244 291 257 291 258 291 244 292 258 292 245 292 245 293 258 293 259 293 245 294 259 294 246 294 246 295 259 295 260 295 246 296 260 296 247 296 247 297 260 297 133 297 247 298 133 298 248 298 248 299 133 299 135 299 248 300 135 300 249 300 249 301 135 301 136 301 249 302 136 302 250 302 250 303 136 303 137 303 250 304 137 304 251 304 251 305 137 305 138 305 251 306 138 306 252 306 252 307 138 307 129 307 252 308 129 308 116 308 116 309 129 309 128 309 116 310 128 310 117 310 117 311 128 311 125 311 117 312 125 312 123 312 123 313 125 313 124 313 123 314 124 314 131 314 253 315 261 315 254 315 254 316 261 316 262 316 254 317 262 317 255 317 255 318 262 318 263 318 255 319 263 319 256 319 256 320 263 320 264 320 256 321 264 321 257 321 257 322 264 322 265 322 257 323 265 323 258 323 258 324 265 324 266 324 258 325 266 325 259 325 259 326 266 326 141 326 259 327 141 327 260 327 260 328 141 328 140 328 260 329 140 329 133 329 133 330 140 330 148 330 133 331 148 331 134 331 134 332 148 332 146 332 134 333 146 333 18 333 18 334 146 334 144 334 18 335 144 335 16 335 16 336 144 336 143 336 16 337 143 337 17 337 13 338 267 338 14 338 14 339 267 339 268 339 14 340 268 340 269 340 269 341 268 341 270 341 269 342 270 342 271 342 271 343 270 343 272 343 271 344 272 344 273 344 273 345 272 345 274 345 273 346 274 346 275 346 275 347 274 347 276 347 275 348 276 348 277 348 277 349 276 349 278 349 277 350 278 350 279 350 279 351 278 351 280 351 279 352 280 352 281 352 238 353 44 353 282 353 282 354 44 354 42 354 282 355 42 355 283 355 283 356 42 356 41 356 283 357 41 357 284 357 284 358 41 358 39 358 284 359 39 359 285 359 285 360 39 360 37 360 285 361 37 361 286 361 286 362 37 362 35 362 286 363 35 363 287 363 287 364 35 364 27 364 287 365 27 365 288 365 288 366 27 366 26 366 288 367 26 367 289 367 24 368 23 368 290 368 290 369 23 369 238 369 290 370 238 370 291 370 291 371 238 371 282 371 291 372 282 372 292 372 292 373 282 373 283 373 292 374 283 374 293 374 293 375 283 375 284 375 293 376 284 376 294 376 294 377 284 377 285 377 294 378 285 378 295 378 295 379 285 379 286 379 295 380 286 380 296 380 296 381 286 381 287 381 296 382 287 382 297 382 297 383 287 383 288 383 297 384 288 384 8 384 8 385 288 385 289 385 8 386 289 386 6 386 61 387 63 387 74 387 74 388 63 388 298 388 74 389 298 389 299 389 300 390 4 390 301 390 301 391 4 391 3 391 301 392 3 392 58 392 60 393 54 393 58 393 58 394 54 394 56 394 58 395 56 395 301 395 301 396 56 396 302 396 301 397 302 397 300 397 300 398 302 398 303 398 300 399 303 399 4 399 47 400 46 400 2 400 2 401 46 401 304 401 2 402 304 402 0 402 0 403 304 403 305 403 0 404 305 404 306 404 306 405 305 405 307 405 306 406 307 406 308 406 308 407 307 407 309 407 308 408 309 408 310 408 310 409 309 409 311 409 310 410 311 410 312 410 312 411 311 411 313 411 312 412 313 412 314 412 314 413 313 413 315 413 314 414 315 414 316 414 316 415 315 415 317 415 316 416 317 416 318 416 318 417 317 417 11 417 318 418 11 418 319 418 319 419 11 419 10 419 319 420 10 420 320 420 48 421 24 421 46 421 46 422 24 422 290 422 46 423 290 423 304 423 304 424 290 424 291 424 304 425 291 425 305 425 305 426 291 426 292 426 305 427 292 427 307 427 307 428 292 428 293 428 307 429 293 429 309 429 309 430 293 430 294 430 309 431 294 431 311 431 311 432 294 432 295 432 311 433 295 433 313 433 313 434 295 434 296 434 313 435 296 435 315 435 315 436 296 436 297 436 315 437 297 437 317 437 317 438 297 438 8 438 317 439 8 439 11 439 11 440 8 440 7 440 11 441 7 441 9 441 1 442 0 442 321 442 321 443 0 443 306 443 321 444 306 444 13 444 13 445 306 445 308 445 13 446 308 446 267 446 267 447 308 447 310 447 267 448 310 448 268 448 268 449 310 449 312 449 268 450 312 450 270 450 270 451 312 451 314 451 270 452 314 452 272 452 272 453 314 453 316 453 272 454 316 454 274 454 274 455 316 455 318 455 274 456 318 456 276 456 276 457 318 457 319 457 276 458 319 458 278 458 278 459 319 459 320 459 278 460 320 460 280 460 85 461 322 461 21 461 21 462 322 462 91 462 21 463 91 463 19 463 19 464 91 464 90 464 323 465 95 465 98 465 98 466 95 466 93 466 98 467 93 467 96 467 96 468 93 468 91 468 96 469 91 469 324 469 324 470 91 470 322 470 82 471 78 471 83 471 83 472 78 472 77 472 83 473 77 473 325 473 325 474 77 474 68 474 325 475 68 475 326 475 326 476 68 476 70 476 104 477 97 477 103 477 103 478 97 478 96 478 103 479 96 479 101 479 101 480 96 480 324 480 101 481 324 481 327 481 327 482 324 482 322 482 327 483 322 483 328 483 328 484 322 484 85 484 328 485 85 485 329 485 329 486 85 486 84 486 329 487 84 487 330 487 330 488 84 488 79 488 330 489 79 489 331 489 331 490 79 490 81 490 331 491 81 491 332 491 332 492 81 492 83 492 332 493 83 493 333 493 333 494 83 494 325 494 333 495 325 495 334 495 334 496 325 496 326 496 334 497 326 497 335 497 335 498 326 498 70 498 335 499 70 499 336 499 337 500 338 500 339 500 339 501 338 501 340 501 339 502 340 502 341 502 341 503 340 503 336 503 336 504 70 504 341 504 341 505 70 505 72 505 341 506 72 506 339 506 339 507 72 507 74 507 339 508 74 508 337 508 337 509 74 509 299 509 337 510 299 510 338 510 342 511 343 511 344 511 344 512 343 512 345 512 344 513 345 513 346 513 346 514 345 514 347 514 346 515 347 515 108 515 108 516 347 516 112 516 108 517 112 517 109 517 109 518 112 518 111 518 105 519 348 519 106 519 106 520 348 520 349 520 106 521 349 521 108 521 108 522 349 522 350 522 108 523 350 523 346 523 346 524 350 524 351 524 346 525 351 525 344 525 344 526 351 526 352 526 344 527 352 527 342 527 342 528 352 528 353 528 349 529 354 529 350 529 350 530 354 530 355 530 350 531 355 531 351 531 351 532 355 532 356 532 351 533 356 533 352 533 352 534 356 534 357 534 352 535 357 535 353 535 353 536 357 536 358 536 353 537 358 537 359 537 359 538 358 538 360 538 303 539 361 539 4 539 4 540 361 540 362 540 4 541 362 541 5 541 5 542 362 542 363 542 5 543 363 543 364 543 364 544 363 544 365 544 364 545 365 545 366 545 366 546 365 546 367 546 366 547 367 547 368 547 368 548 367 548 369 548 368 549 369 549 370 549 370 550 369 550 371 550 370 551 371 551 372 551 372 552 371 552 373 552 372 553 373 553 374 553 374 554 373 554 375 554 374 555 375 555 376 555 376 556 375 556 377 556 376 557 377 557 360 557 360 558 377 558 378 558 360 559 378 559 359 559 379 560 380 560 381 560 381 561 380 561 382 561 381 562 382 562 383 562 383 563 382 563 384 563 383 564 384 564 385 564 385 565 384 565 386 565 385 566 386 566 387 566 387 567 386 567 388 567 387 568 388 568 389 568 389 569 388 569 390 569 389 570 390 570 391 570 391 571 390 571 392 571 391 572 392 572 393 572 393 573 392 573 394 573 393 574 394 574 395 574 395 575 394 575 396 575 395 576 396 576 397 576 397 577 396 577 398 577 397 578 398 578 399 578 399 579 398 579 400 579 399 580 400 580 401 580 401 581 400 581 402 581 401 582 402 582 403 582 403 583 402 583 404 583 403 584 404 584 405 584 405 585 404 585 406 585 405 586 406 586 407 586 407 587 406 587 408 587 407 588 408 588 409 588 409 589 408 589 53 589 409 590 53 590 410 590 410 591 53 591 52 591 410 592 52 592 411 592 49 593 51 593 56 593 56 594 51 594 53 594 56 595 53 595 302 595 302 596 53 596 408 596 302 597 408 597 303 597 303 598 408 598 406 598 303 599 406 599 361 599 361 600 406 600 404 600 361 601 404 601 362 601 362 602 404 602 402 602 362 603 402 603 363 603 363 604 402 604 400 604 363 605 400 605 365 605 365 606 400 606 398 606 365 607 398 607 367 607 367 608 398 608 396 608 367 609 396 609 369 609 369 610 396 610 394 610 369 611 394 611 371 611 371 612 394 612 392 612 371 613 392 613 373 613 373 614 392 614 390 614 373 615 390 615 375 615 375 616 390 616 388 616 375 617 388 617 377 617 377 618 388 618 386 618 377 619 386 619 378 619 378 620 386 620 384 620 378 621 384 621 359 621 359 622 384 622 382 622 359 623 382 623 353 623 353 624 382 624 380 624 353 625 380 625 342 625 342 626 380 626 379 626 342 627 379 627 343 627 65 628 59 628 63 628 63 629 59 629 58 629 63 630 58 630 298 630 298 631 58 631 3 631 298 632 3 632 299 632 299 633 3 633 5 633 299 634 5 634 338 634 338 635 5 635 364 635 338 636 364 636 340 636 340 637 364 637 366 637 340 638 366 638 336 638 336 639 366 639 368 639 336 640 368 640 335 640 335 641 368 641 370 641 335 642 370 642 334 642 334 643 370 643 372 643 334 644 372 644 333 644 333 645 372 645 374 645 333 646 374 646 332 646 332 647 374 647 376 647 332 648 376 648 331 648 331 649 376 649 360 649 331 650 360 650 330 650 330 651 360 651 358 651 330 652 358 652 329 652 329 653 358 653 357 653 329 654 357 654 328 654 328 655 357 655 356 655 328 656 356 656 327 656 327 657 356 657 355 657 327 658 355 658 101 658 101 659 355 659 354 659 101 660 354 660 99 660 99 661 354 661 349 661 99 662 349 662 412 662 412 663 349 663 348 663 12 664 14 664 154 664 154 665 14 665 269 665 154 666 269 666 187 666 187 667 269 667 271 667 187 668 271 668 204 668 204 669 271 669 273 669 204 670 273 670 221 670 221 671 273 671 275 671 221 672 275 672 239 672 239 673 275 673 277 673 239 674 277 674 253 674 253 675 277 675 279 675 253 676 279 676 261 676 261 677 279 677 281 677 261 678 281 678 262 678 262 679 281 679 413 679 262 680 413 680 263 680 263 681 413 681 414 681 263 682 414 682 264 682 264 683 414 683 415 683 264 684 415 684 265 684 265 685 415 685 416 685 265 686 416 686 266 686 266 687 416 687 417 687 266 688 417 688 141 688 141 689 417 689 418 689 141 690 418 690 142 690 411 691 47 691 410 691 410 692 47 692 2 692 410 693 2 693 409 693 409 694 2 694 1 694 409 695 1 695 407 695 407 696 1 696 321 696 407 697 321 697 405 697 405 698 321 698 13 698 405 699 13 699 403 699 403 700 13 700 12 700 403 701 12 701 401 701 401 702 12 702 155 702 401 703 155 703 399 703 399 704 155 704 157 704 399 705 157 705 397 705 397 706 157 706 159 706 397 707 159 707 395 707 395 708 159 708 161 708 395 709 161 709 393 709 393 710 161 710 163 710 393 711 163 711 391 711 391 712 163 712 165 712 391 713 165 713 389 713 389 714 165 714 167 714 389 715 167 715 387 715 387 716 167 716 169 716 387 717 169 717 385 717 385 718 169 718 171 718 385 719 171 719 383 719 383 720 171 720 173 720 383 721 173 721 381 721 381 722 173 722 175 722 381 723 175 723 379 723 379 724 175 724 177 724 379 725 177 725 343 725 343 726 177 726 179 726 343 727 179 727 345 727 345 728 179 728 181 728 345 729 181 729 347 729 347 730 181 730 183 730 347 731 183 731 112 731 112 732 183 732 185 732 112 733 185 733 110 733 110 734 185 734 186 734 110 735 186 735 419 735 419 736 186 736 203 736 419 737 203 737 420 737 420 738 203 738 220 738 420 739 220 739 421 739 421 740 220 740 237 740 421 741 237 741 422 741 422 742 237 742 115 742 422 743 115 743 423 743 423 744 115 744 114 744 424 745 425 745 426 745 427 746 428 746 429 746 430 747 431 747 432 747 433 748 434 748 145 748 434 749 433 749 435 749 436 750 437 750 438 750 439 751 440 751 441 751 429 752 428 752 442 752 443 753 444 753 445 753 446 754 447 754 448 754 449 755 450 755 451 755 452 756 453 756 454 756 454 757 453 757 455 757 454 758 455 758 450 758 450 759 455 759 456 759 450 760 456 760 451 760 454 761 457 761 452 761 452 762 457 762 458 762 452 763 458 763 459 763 459 764 458 764 460 764 459 765 460 765 461 765 461 766 460 766 462 766 461 767 462 767 463 767 464 768 465 768 443 768 443 769 465 769 466 769 443 770 466 770 467 770 467 771 466 771 468 771 467 772 468 772 469 772 469 773 468 773 470 773 469 774 470 774 471 774 443 775 445 775 464 775 464 776 445 776 472 776 464 777 472 777 473 777 474 778 475 778 476 778 476 779 475 779 477 779 476 780 477 780 472 780 472 781 477 781 478 781 472 782 478 782 473 782 479 783 480 783 481 783 481 784 480 784 482 784 481 785 482 785 474 785 474 786 482 786 483 786 474 787 483 787 475 787 484 788 485 788 479 788 479 789 485 789 486 789 479 790 486 790 480 790 487 791 488 791 489 791 489 792 488 792 490 792 489 793 490 793 484 793 484 794 490 794 491 794 484 795 491 795 485 795 492 796 493 796 428 796 428 797 493 797 494 797 494 798 495 798 428 798 428 799 495 799 496 799 428 800 496 800 442 800 442 801 496 801 497 801 442 802 497 802 487 802 498 803 499 803 500 803 501 804 502 804 503 804 503 805 502 805 504 805 425 806 424 806 505 806 505 807 424 807 506 807 505 808 506 808 507 808 507 809 506 809 508 809 508 810 506 810 509 810 508 811 509 811 510 811 509 812 511 812 510 812 510 813 511 813 512 813 510 814 512 814 513 814 513 815 512 815 514 815 513 816 514 816 515 816 515 817 514 817 516 817 516 818 514 818 517 818 516 819 517 819 518 819 518 820 517 820 519 820 518 821 519 821 520 821 520 822 519 822 521 822 520 823 521 823 522 823 26 824 25 824 521 824 521 825 25 825 523 825 521 826 523 826 522 826 451 827 524 827 449 827 449 828 524 828 525 828 449 829 525 829 31 829 31 830 525 830 526 830 31 831 526 831 32 831 527 832 463 832 528 832 528 833 463 833 462 833 528 834 462 834 529 834 437 835 439 835 530 835 439 836 441 836 530 836 530 837 441 837 531 837 530 838 531 838 532 838 532 839 531 839 533 839 532 840 533 840 534 840 534 841 533 841 535 841 534 842 535 842 536 842 536 843 535 843 537 843 536 844 537 844 538 844 538 845 537 845 539 845 538 846 539 846 540 846 540 847 539 847 541 847 540 848 541 848 542 848 131 849 541 849 543 849 543 850 541 850 539 850 543 851 539 851 544 851 544 852 539 852 537 852 544 853 537 853 545 853 545 854 537 854 535 854 545 855 535 855 546 855 546 856 535 856 533 856 546 857 533 857 547 857 547 858 533 858 531 858 547 859 531 859 548 859 548 860 531 860 441 860 548 861 441 861 549 861 549 862 441 862 440 862 549 863 440 863 529 863 545 864 550 864 544 864 544 865 550 865 551 865 544 866 551 866 543 866 543 867 551 867 132 867 543 868 132 868 131 868 529 869 462 869 549 869 549 870 462 870 460 870 549 871 460 871 548 871 548 872 460 872 458 872 548 873 458 873 547 873 547 874 458 874 457 874 547 875 457 875 546 875 546 876 457 876 454 876 546 877 454 877 545 877 545 878 454 878 450 878 545 879 450 879 550 879 550 880 450 880 449 880 550 881 449 881 551 881 551 882 449 882 31 882 551 883 31 883 132 883 552 884 436 884 553 884 436 885 438 885 553 885 553 886 438 886 554 886 553 887 554 887 555 887 555 888 554 888 556 888 555 889 556 889 557 889 557 890 556 890 558 890 557 891 558 891 559 891 559 892 558 892 560 892 559 893 560 893 561 893 561 894 560 894 562 894 561 895 562 895 563 895 17 896 564 896 139 896 139 897 564 897 565 897 139 898 565 898 151 898 151 899 565 899 566 899 562 900 566 900 563 900 563 901 566 901 565 901 563 902 565 902 567 902 567 903 565 903 564 903 567 904 564 904 568 904 568 905 564 905 17 905 568 906 17 906 143 906 552 907 553 907 569 907 569 908 553 908 555 908 569 909 555 909 570 909 570 910 555 910 557 910 570 911 557 911 571 911 571 912 557 912 559 912 571 913 559 913 572 913 572 914 559 914 561 914 572 915 561 915 573 915 573 916 561 916 563 916 573 917 563 917 574 917 574 918 563 918 567 918 574 919 567 919 435 919 435 920 567 920 568 920 435 921 568 921 434 921 434 922 568 922 143 922 434 923 143 923 145 923 145 924 147 924 433 924 433 925 147 925 149 925 433 926 149 926 575 926 131 927 124 927 541 927 541 928 124 928 126 928 541 929 126 929 542 929 542 930 126 930 153 930 542 931 153 931 152 931 437 932 530 932 438 932 438 933 530 933 532 933 438 934 532 934 554 934 554 935 532 935 534 935 554 936 534 936 556 936 556 937 534 937 536 937 556 938 536 938 558 938 558 939 536 939 538 939 558 940 538 940 560 940 560 941 538 941 540 941 560 942 540 942 562 942 562 943 540 943 542 943 562 944 542 944 566 944 566 945 542 945 152 945 566 946 152 946 151 946 576 947 577 947 578 947 578 948 577 948 579 948 578 949 579 949 580 949 580 950 579 950 581 950 580 951 581 951 582 951 582 952 581 952 583 952 582 953 583 953 584 953 584 954 583 954 585 954 584 955 585 955 586 955 586 956 585 956 587 956 586 957 587 957 588 957 588 958 587 958 589 958 588 959 589 959 590 959 590 960 589 960 591 960 590 961 591 961 592 961 592 962 591 962 593 962 592 963 593 963 594 963 594 964 593 964 595 964 594 965 595 965 596 965 596 966 595 966 597 966 598 967 576 967 599 967 599 968 576 968 578 968 599 969 578 969 600 969 600 970 578 970 580 970 600 971 580 971 601 971 601 972 580 972 582 972 601 973 582 973 602 973 602 974 582 974 584 974 602 975 584 975 603 975 603 976 584 976 586 976 603 977 586 977 604 977 604 978 586 978 588 978 604 979 588 979 605 979 605 980 588 980 590 980 605 981 590 981 606 981 606 982 590 982 592 982 606 983 592 983 607 983 607 984 592 984 594 984 607 985 594 985 608 985 608 986 594 986 596 986 609 987 598 987 610 987 610 988 598 988 599 988 610 989 599 989 611 989 611 990 599 990 600 990 611 991 600 991 612 991 612 992 600 992 601 992 612 993 601 993 613 993 613 994 601 994 602 994 613 995 602 995 614 995 614 996 602 996 603 996 614 997 603 997 615 997 615 998 603 998 604 998 615 999 604 999 616 999 616 1000 604 1000 605 1000 616 1001 605 1001 617 1001 617 1002 605 1002 606 1002 617 1003 606 1003 618 1003 618 1004 606 1004 607 1004 618 1005 607 1005 619 1005 619 1006 607 1006 608 1006 620 1007 609 1007 621 1007 621 1008 609 1008 610 1008 621 1009 610 1009 622 1009 622 1010 610 1010 611 1010 622 1011 611 1011 623 1011 623 1012 611 1012 612 1012 623 1013 612 1013 624 1013 624 1014 612 1014 613 1014 624 1015 613 1015 625 1015 625 1016 613 1016 614 1016 625 1017 614 1017 626 1017 626 1018 614 1018 615 1018 626 1019 615 1019 627 1019 627 1020 615 1020 616 1020 627 1021 616 1021 628 1021 628 1022 616 1022 617 1022 628 1023 617 1023 629 1023 629 1024 617 1024 618 1024 629 1025 618 1025 630 1025 630 1026 618 1026 619 1026 631 1027 597 1027 632 1027 632 1028 597 1028 595 1028 632 1029 595 1029 633 1029 633 1030 595 1030 593 1030 633 1031 593 1031 634 1031 634 1032 593 1032 591 1032 634 1033 591 1033 635 1033 635 1034 591 1034 589 1034 635 1035 589 1035 636 1035 636 1036 589 1036 587 1036 636 1037 587 1037 637 1037 637 1038 587 1038 585 1038 637 1039 585 1039 638 1039 638 1040 585 1040 583 1040 638 1041 583 1041 639 1041 639 1042 583 1042 581 1042 639 1043 581 1043 640 1043 640 1044 581 1044 579 1044 640 1045 579 1045 641 1045 641 1046 579 1046 577 1046 641 1047 577 1047 642 1047 642 1048 577 1048 576 1048 642 1049 576 1049 643 1049 643 1050 576 1050 598 1050 643 1051 598 1051 644 1051 644 1052 598 1052 609 1052 644 1053 609 1053 645 1053 645 1054 609 1054 620 1054 645 1055 620 1055 646 1055 430 1056 646 1056 431 1056 431 1057 646 1057 620 1057 431 1058 620 1058 647 1058 647 1059 620 1059 621 1059 647 1060 621 1060 648 1060 648 1061 621 1061 622 1061 648 1062 622 1062 649 1062 649 1063 622 1063 623 1063 649 1064 623 1064 650 1064 650 1065 623 1065 624 1065 650 1066 624 1066 651 1066 651 1067 624 1067 625 1067 651 1068 625 1068 652 1068 652 1069 625 1069 626 1069 652 1070 626 1070 653 1070 653 1071 626 1071 627 1071 653 1072 627 1072 654 1072 654 1073 627 1073 628 1073 654 1074 628 1074 655 1074 655 1075 628 1075 629 1075 655 1076 629 1076 656 1076 656 1077 629 1077 630 1077 432 1078 431 1078 657 1078 657 1079 431 1079 647 1079 657 1080 647 1080 658 1080 658 1081 647 1081 648 1081 658 1082 648 1082 659 1082 659 1083 648 1083 649 1083 659 1084 649 1084 660 1084 660 1085 649 1085 650 1085 660 1086 650 1086 661 1086 661 1087 650 1087 651 1087 661 1088 651 1088 662 1088 662 1089 651 1089 652 1089 662 1090 652 1090 663 1090 663 1091 652 1091 653 1091 663 1092 653 1092 575 1092 575 1093 653 1093 654 1093 575 1094 654 1094 433 1094 433 1095 654 1095 655 1095 433 1096 655 1096 435 1096 435 1097 655 1097 656 1097 435 1098 656 1098 574 1098 574 1099 656 1099 630 1099 574 1100 630 1100 573 1100 573 1101 630 1101 619 1101 573 1102 619 1102 572 1102 572 1103 619 1103 608 1103 572 1104 608 1104 571 1104 571 1105 608 1105 596 1105 571 1106 596 1106 570 1106 570 1107 596 1107 597 1107 570 1108 597 1108 569 1108 569 1109 597 1109 631 1109 569 1110 631 1110 552 1110 281 1111 280 1111 664 1111 665 1112 10 1112 9 1112 666 1113 7 1113 6 1113 667 1114 668 1114 669 1114 670 1115 671 1115 672 1115 672 1116 671 1116 673 1116 500 1117 492 1117 498 1117 498 1118 492 1118 428 1118 498 1119 428 1119 674 1119 674 1120 428 1120 427 1120 672 1121 675 1121 676 1121 677 1122 678 1122 679 1122 679 1123 678 1123 680 1123 679 1124 680 1124 681 1124 681 1125 680 1125 682 1125 681 1126 682 1126 683 1126 683 1127 682 1127 684 1127 683 1128 684 1128 685 1128 685 1129 684 1129 686 1129 685 1130 686 1130 687 1130 687 1131 686 1131 688 1131 687 1132 688 1132 689 1132 689 1133 688 1133 690 1133 689 1134 690 1134 691 1134 691 1135 690 1135 692 1135 691 1136 692 1136 693 1136 693 1137 692 1137 694 1137 693 1138 694 1138 695 1138 695 1139 694 1139 696 1139 695 1140 696 1140 697 1140 697 1141 696 1141 698 1141 697 1142 698 1142 665 1142 665 1143 698 1143 320 1143 665 1144 320 1144 10 1144 505 1145 699 1145 425 1145 425 1146 699 1146 504 1146 425 1147 504 1147 426 1147 426 1148 504 1148 502 1148 426 1149 502 1149 700 1149 700 1150 502 1150 501 1150 700 1151 501 1151 701 1151 701 1152 501 1152 702 1152 701 1153 702 1153 703 1153 704 1154 499 1154 703 1154 703 1155 499 1155 498 1155 703 1156 498 1156 701 1156 701 1157 498 1157 674 1157 701 1158 674 1158 700 1158 700 1159 674 1159 705 1159 700 1160 705 1160 426 1160 672 1161 676 1161 670 1161 670 1162 676 1162 706 1162 670 1163 706 1163 707 1163 707 1164 706 1164 708 1164 707 1165 708 1165 709 1165 709 1166 708 1166 710 1166 709 1167 710 1167 711 1167 711 1168 710 1168 712 1168 711 1169 712 1169 713 1169 713 1170 712 1170 714 1170 713 1171 714 1171 715 1171 715 1172 714 1172 716 1172 715 1173 716 1173 717 1173 717 1174 716 1174 718 1174 717 1175 718 1175 719 1175 719 1176 718 1176 720 1176 719 1177 720 1177 721 1177 721 1178 720 1178 722 1178 721 1179 722 1179 723 1179 723 1180 722 1180 724 1180 723 1181 724 1181 725 1181 725 1182 724 1182 666 1182 725 1183 666 1183 726 1183 726 1184 666 1184 6 1184 726 1185 6 1185 289 1185 487 1186 489 1186 442 1186 442 1187 489 1187 673 1187 442 1188 673 1188 429 1188 429 1189 673 1189 671 1189 429 1190 671 1190 427 1190 427 1191 671 1191 670 1191 427 1192 670 1192 674 1192 674 1193 670 1193 707 1193 674 1194 707 1194 705 1194 705 1195 707 1195 709 1195 705 1196 709 1196 426 1196 426 1197 709 1197 711 1197 426 1198 711 1198 424 1198 424 1199 711 1199 713 1199 424 1200 713 1200 506 1200 506 1201 713 1201 715 1201 506 1202 715 1202 509 1202 509 1203 715 1203 717 1203 509 1204 717 1204 511 1204 511 1205 717 1205 719 1205 511 1206 719 1206 512 1206 512 1207 719 1207 721 1207 512 1208 721 1208 514 1208 514 1209 721 1209 723 1209 514 1210 723 1210 517 1210 517 1211 723 1211 725 1211 517 1212 725 1212 519 1212 519 1213 725 1213 726 1213 519 1214 726 1214 521 1214 521 1215 726 1215 289 1215 521 1216 289 1216 26 1216 675 1217 677 1217 676 1217 676 1218 677 1218 679 1218 676 1219 679 1219 706 1219 706 1220 679 1220 681 1220 706 1221 681 1221 708 1221 708 1222 681 1222 683 1222 708 1223 683 1223 710 1223 710 1224 683 1224 685 1224 710 1225 685 1225 712 1225 712 1226 685 1226 687 1226 712 1227 687 1227 714 1227 714 1228 687 1228 689 1228 714 1229 689 1229 716 1229 716 1230 689 1230 691 1230 716 1231 691 1231 718 1231 718 1232 691 1232 693 1232 718 1233 693 1233 720 1233 720 1234 693 1234 695 1234 720 1235 695 1235 722 1235 722 1236 695 1236 697 1236 722 1237 697 1237 724 1237 724 1238 697 1238 665 1238 724 1239 665 1239 666 1239 666 1240 665 1240 9 1240 666 1241 9 1241 7 1241 444 1242 443 1242 727 1242 727 1243 443 1243 467 1243 727 1244 467 1244 728 1244 728 1245 467 1245 469 1245 728 1246 469 1246 729 1246 476 1247 730 1247 474 1247 474 1248 730 1248 731 1248 474 1249 731 1249 481 1249 481 1250 731 1250 732 1250 481 1251 732 1251 479 1251 729 1252 733 1252 728 1252 728 1253 733 1253 734 1253 728 1254 734 1254 727 1254 727 1255 734 1255 735 1255 727 1256 735 1256 444 1256 444 1257 735 1257 736 1257 444 1258 736 1258 445 1258 445 1259 736 1259 737 1259 445 1260 737 1260 472 1260 472 1261 737 1261 738 1261 472 1262 738 1262 476 1262 476 1263 738 1263 739 1263 476 1264 739 1264 730 1264 730 1265 739 1265 740 1265 730 1266 740 1266 731 1266 731 1267 740 1267 741 1267 731 1268 741 1268 732 1268 732 1269 741 1269 742 1269 732 1270 742 1270 479 1270 668 1271 667 1271 743 1271 743 1272 667 1272 744 1272 743 1273 744 1273 745 1273 745 1274 744 1274 746 1274 745 1275 746 1275 747 1275 742 1276 747 1276 479 1276 479 1277 747 1277 746 1277 479 1278 746 1278 484 1278 484 1279 746 1279 744 1279 484 1280 744 1280 489 1280 489 1281 744 1281 667 1281 489 1282 667 1282 673 1282 673 1283 667 1283 669 1283 673 1284 669 1284 672 1284 672 1285 669 1285 748 1285 672 1286 748 1286 675 1286 675 1287 748 1287 749 1287 675 1288 749 1288 677 1288 677 1289 749 1289 750 1289 677 1290 750 1290 678 1290 751 1291 752 1291 753 1291 753 1292 752 1292 754 1292 753 1293 754 1293 755 1293 755 1294 754 1294 756 1294 755 1295 756 1295 757 1295 758 1296 751 1296 759 1296 759 1297 751 1297 753 1297 759 1298 753 1298 760 1298 760 1299 753 1299 755 1299 760 1300 755 1300 761 1300 761 1301 755 1301 757 1301 761 1302 757 1302 762 1302 763 1303 764 1303 758 1303 758 1304 764 1304 765 1304 758 1305 765 1305 751 1305 751 1306 765 1306 766 1306 751 1307 766 1307 752 1307 752 1308 766 1308 767 1308 752 1309 767 1309 754 1309 754 1310 767 1310 768 1310 754 1311 768 1311 756 1311 769 1312 770 1312 771 1312 771 1313 770 1313 772 1313 771 1314 772 1314 773 1314 773 1315 772 1315 774 1315 773 1316 774 1316 775 1316 775 1317 774 1317 776 1317 775 1318 776 1318 777 1318 777 1319 776 1319 778 1319 777 1320 778 1320 779 1320 779 1321 778 1321 780 1321 779 1322 780 1322 781 1322 781 1323 780 1323 782 1323 781 1324 782 1324 783 1324 783 1325 782 1325 784 1325 783 1326 784 1326 785 1326 785 1327 784 1327 762 1327 785 1328 762 1328 786 1328 786 1329 762 1329 757 1329 787 1330 788 1330 789 1330 789 1331 788 1331 790 1331 789 1332 790 1332 791 1332 791 1333 790 1333 792 1333 791 1334 792 1334 793 1334 793 1335 792 1335 794 1335 793 1336 794 1336 795 1336 795 1337 794 1337 796 1337 795 1338 796 1338 797 1338 797 1339 796 1339 798 1339 797 1340 798 1340 799 1340 799 1341 798 1341 800 1341 799 1342 800 1342 801 1342 801 1343 800 1343 802 1343 801 1344 802 1344 803 1344 803 1345 802 1345 804 1345 803 1346 804 1346 805 1346 805 1347 804 1347 806 1347 805 1348 806 1348 807 1348 807 1349 806 1349 808 1349 807 1350 808 1350 809 1350 809 1351 808 1351 810 1351 809 1352 810 1352 811 1352 788 1353 769 1353 790 1353 790 1354 769 1354 771 1354 790 1355 771 1355 792 1355 792 1356 771 1356 773 1356 792 1357 773 1357 794 1357 794 1358 773 1358 775 1358 794 1359 775 1359 796 1359 796 1360 775 1360 777 1360 796 1361 777 1361 798 1361 798 1362 777 1362 779 1362 798 1363 779 1363 800 1363 800 1364 779 1364 781 1364 800 1365 781 1365 802 1365 802 1366 781 1366 783 1366 802 1367 783 1367 804 1367 804 1368 783 1368 785 1368 804 1369 785 1369 806 1369 806 1370 785 1370 786 1370 806 1371 786 1371 808 1371 808 1372 786 1372 757 1372 808 1373 757 1373 810 1373 810 1374 757 1374 756 1374 810 1375 756 1375 811 1375 811 1376 756 1376 768 1376 471 1377 446 1377 469 1377 469 1378 446 1378 448 1378 469 1379 448 1379 729 1379 729 1380 448 1380 812 1380 729 1381 812 1381 733 1381 733 1382 812 1382 763 1382 733 1383 763 1383 734 1383 734 1384 763 1384 758 1384 734 1385 758 1385 735 1385 735 1386 758 1386 759 1386 735 1387 759 1387 736 1387 736 1388 759 1388 760 1388 736 1389 760 1389 737 1389 737 1390 760 1390 761 1390 737 1391 761 1391 738 1391 738 1392 761 1392 762 1392 738 1393 762 1393 739 1393 739 1394 762 1394 784 1394 739 1395 784 1395 740 1395 740 1396 784 1396 782 1396 740 1397 782 1397 741 1397 741 1398 782 1398 780 1398 741 1399 780 1399 742 1399 742 1400 780 1400 778 1400 742 1401 778 1401 747 1401 747 1402 778 1402 776 1402 747 1403 776 1403 745 1403 745 1404 776 1404 774 1404 745 1405 774 1405 743 1405 743 1406 774 1406 772 1406 743 1407 772 1407 668 1407 668 1408 772 1408 770 1408 668 1409 770 1409 669 1409 669 1410 770 1410 769 1410 669 1411 769 1411 748 1411 748 1412 769 1412 788 1412 748 1413 788 1413 749 1413 749 1414 788 1414 787 1414 749 1415 787 1415 750 1415 149 1416 150 1416 575 1416 575 1417 150 1417 142 1417 575 1418 142 1418 663 1418 663 1419 142 1419 418 1419 663 1420 418 1420 662 1420 662 1421 418 1421 417 1421 662 1422 417 1422 661 1422 661 1423 417 1423 416 1423 661 1424 416 1424 660 1424 660 1425 416 1425 415 1425 660 1426 415 1426 659 1426 659 1427 415 1427 414 1427 659 1428 414 1428 658 1428 658 1429 414 1429 413 1429 658 1430 413 1430 657 1430 657 1431 413 1431 281 1431 657 1432 281 1432 432 1432 432 1433 281 1433 664 1433 432 1434 664 1434 430 1434 767 1435 527 1435 768 1435 768 1436 527 1436 528 1436 768 1437 528 1437 811 1437 811 1438 528 1438 529 1438 811 1439 529 1439 809 1439 809 1440 529 1440 440 1440 809 1441 440 1441 807 1441 807 1442 440 1442 439 1442 807 1443 439 1443 805 1443 805 1444 439 1444 437 1444 805 1445 437 1445 803 1445 803 1446 437 1446 436 1446 803 1447 436 1447 801 1447 801 1448 436 1448 552 1448 801 1449 552 1449 799 1449 799 1450 552 1450 631 1450 799 1451 631 1451 797 1451 797 1452 631 1452 632 1452 797 1453 632 1453 795 1453 795 1454 632 1454 633 1454 795 1455 633 1455 793 1455 793 1456 633 1456 634 1456 793 1457 634 1457 791 1457 791 1458 634 1458 635 1458 791 1459 635 1459 789 1459 789 1460 635 1460 636 1460 789 1461 636 1461 787 1461 787 1462 636 1462 637 1462 787 1463 637 1463 750 1463 750 1464 637 1464 638 1464 750 1465 638 1465 678 1465 678 1466 638 1466 639 1466 678 1467 639 1467 680 1467 680 1468 639 1468 640 1468 680 1469 640 1469 682 1469 682 1470 640 1470 641 1470 682 1471 641 1471 684 1471 684 1472 641 1472 642 1472 684 1473 642 1473 686 1473 686 1474 642 1474 643 1474 686 1475 643 1475 688 1475 688 1476 643 1476 644 1476 688 1477 644 1477 690 1477 690 1478 644 1478 645 1478 690 1479 645 1479 692 1479 692 1480 645 1480 646 1480 692 1481 646 1481 694 1481 694 1482 646 1482 430 1482 694 1483 430 1483 696 1483 696 1484 430 1484 664 1484 696 1485 664 1485 698 1485 698 1486 664 1486 280 1486 698 1487 280 1487 320 1487 49 1488 57 1488 704 1488 516 1489 518 1489 704 1489 523 1490 25 1490 704 1490 704 1491 25 1491 34 1491 516 1492 704 1492 515 1492 518 1493 520 1493 704 1493 704 1494 520 1494 522 1494 704 1495 522 1495 523 1495 507 1496 508 1496 704 1496 34 1497 36 1497 704 1497 704 1498 36 1498 38 1498 704 1499 38 1499 40 1499 507 1500 704 1500 505 1500 508 1501 510 1501 704 1501 704 1502 510 1502 513 1502 704 1503 513 1503 515 1503 49 1504 704 1504 50 1504 40 1505 43 1505 704 1505 704 1506 43 1506 45 1506 704 1507 45 1507 22 1507 505 1508 704 1508 699 1508 699 1509 704 1509 703 1509 699 1510 703 1510 702 1510 22 1511 24 1511 704 1511 704 1512 24 1512 48 1512 704 1513 48 1513 47 1513 702 1514 501 1514 699 1514 699 1515 501 1515 503 1515 699 1516 503 1516 504 1516 47 1517 411 1517 704 1517 704 1518 411 1518 52 1518 704 1519 52 1519 50 1519 813 1520 471 1520 814 1520 814 1521 471 1521 94 1521 814 1522 94 1522 815 1522 815 1523 94 1523 95 1523 815 1524 95 1524 323 1524 813 1525 816 1525 471 1525 471 1526 816 1526 817 1526 471 1527 817 1527 446 1527 446 1528 817 1528 447 1528 492 1529 500 1529 60 1529 60 1530 500 1530 499 1530 60 1531 499 1531 54 1531 704 1532 57 1532 499 1532 499 1533 57 1533 55 1533 499 1534 55 1534 54 1534 65 1535 487 1535 497 1535 497 1536 496 1536 65 1536 65 1537 496 1537 495 1537 65 1538 495 1538 59 1538 59 1539 495 1539 494 1539 59 1540 494 1540 60 1540 60 1541 494 1541 493 1541 60 1542 493 1542 492 1542 65 1543 64 1543 487 1543 487 1544 64 1544 62 1544 487 1545 62 1545 488 1545 488 1546 62 1546 61 1546 488 1547 61 1547 490 1547 490 1548 61 1548 491 1548 61 1549 75 1549 491 1549 491 1550 75 1550 73 1550 491 1551 73 1551 485 1551 485 1552 73 1552 71 1552 485 1553 71 1553 486 1553 486 1554 71 1554 69 1554 69 1555 67 1555 486 1555 486 1556 67 1556 66 1556 486 1557 66 1557 480 1557 480 1558 66 1558 76 1558 480 1559 76 1559 482 1559 482 1560 76 1560 483 1560 483 1561 76 1561 78 1561 483 1562 78 1562 475 1562 475 1563 78 1563 82 1563 475 1564 82 1564 477 1564 477 1565 82 1565 80 1565 477 1566 80 1566 478 1566 478 1567 80 1567 473 1567 473 1568 80 1568 89 1568 473 1569 89 1569 464 1569 464 1570 89 1570 88 1570 464 1571 88 1571 87 1571 19 1572 468 1572 20 1572 20 1573 468 1573 466 1573 87 1574 86 1574 464 1574 464 1575 86 1575 20 1575 464 1576 20 1576 465 1576 465 1577 20 1577 466 1577 19 1578 90 1578 468 1578 468 1579 90 1579 92 1579 468 1580 92 1580 470 1580 470 1581 92 1581 94 1581 470 1582 94 1582 471 1582 818 1583 819 1583 420 1583 815 1584 323 1584 98 1584 815 1585 98 1585 814 1585 104 1586 820 1586 97 1586 97 1587 820 1587 821 1587 97 1588 821 1588 98 1588 98 1589 821 1589 822 1589 98 1590 822 1590 814 1590 104 1591 102 1591 820 1591 820 1592 102 1592 100 1592 820 1593 100 1593 823 1593 823 1594 100 1594 99 1594 823 1595 99 1595 824 1595 824 1596 99 1596 412 1596 824 1597 412 1597 825 1597 825 1598 412 1598 348 1598 825 1599 348 1599 826 1599 826 1600 348 1600 105 1600 826 1601 105 1601 827 1601 827 1602 105 1602 107 1602 827 1603 107 1603 828 1603 107 1604 109 1604 828 1604 828 1605 109 1605 111 1605 828 1606 111 1606 829 1606 829 1607 111 1607 110 1607 829 1608 110 1608 830 1608 830 1609 110 1609 831 1609 831 1610 110 1610 832 1610 832 1611 110 1611 419 1611 832 1612 419 1612 833 1612 420 1613 819 1613 419 1613 419 1614 819 1614 834 1614 419 1615 834 1615 833 1615 818 1616 420 1616 835 1616 835 1617 420 1617 421 1617 835 1618 421 1618 836 1618 836 1619 421 1619 422 1619 836 1620 422 1620 837 1620 29 1621 838 1621 121 1621 121 1622 838 1622 839 1622 121 1623 839 1623 113 1623 113 1624 839 1624 840 1624 113 1625 840 1625 114 1625 114 1626 840 1626 841 1626 114 1627 841 1627 423 1627 423 1628 841 1628 842 1628 423 1629 842 1629 422 1629 422 1630 842 1630 843 1630 422 1631 843 1631 837 1631 29 1632 28 1632 838 1632 838 1633 28 1633 33 1633 838 1634 33 1634 844 1634 844 1635 33 1635 32 1635 844 1636 32 1636 845 1636 816 1637 813 1637 846 1637 845 1638 32 1638 847 1638 847 1639 32 1639 526 1639 847 1640 526 1640 848 1640 848 1641 526 1641 525 1641 848 1642 525 1642 849 1642 849 1643 525 1643 524 1643 849 1644 524 1644 850 1644 850 1645 524 1645 451 1645 850 1646 451 1646 851 1646 851 1647 451 1647 456 1647 851 1648 456 1648 852 1648 852 1649 456 1649 455 1649 852 1650 455 1650 853 1650 853 1651 455 1651 453 1651 459 1652 854 1652 452 1652 452 1653 854 1653 855 1653 452 1654 855 1654 453 1654 453 1655 855 1655 856 1655 453 1656 856 1656 853 1656 857 1657 858 1657 459 1657 858 1658 859 1658 459 1658 459 1659 859 1659 860 1659 459 1660 860 1660 854 1660 459 1661 461 1661 857 1661 857 1662 461 1662 463 1662 857 1663 463 1663 861 1663 527 1664 862 1664 463 1664 463 1665 862 1665 863 1665 463 1666 863 1666 861 1666 765 1667 864 1667 766 1667 766 1668 864 1668 865 1668 766 1669 865 1669 767 1669 767 1670 865 1670 866 1670 767 1671 866 1671 527 1671 527 1672 866 1672 867 1672 527 1673 867 1673 862 1673 763 1674 868 1674 764 1674 764 1675 868 1675 869 1675 764 1676 869 1676 765 1676 765 1677 869 1677 870 1677 765 1678 870 1678 864 1678 448 1679 447 1679 817 1679 817 1680 816 1680 448 1680 448 1681 816 1681 846 1681 448 1682 846 1682 812 1682 812 1683 846 1683 871 1683 812 1684 871 1684 763 1684 763 1685 871 1685 872 1685 763 1686 872 1686 868 1686 813 1687 814 1687 846 1687 846 1688 814 1688 822 1688 846 1689 822 1689 871 1689 871 1690 822 1690 821 1690 870 1691 869 1691 820 1691 820 1692 869 1692 868 1692 820 1693 868 1693 821 1693 821 1694 868 1694 872 1694 821 1695 872 1695 871 1695 830 1696 831 1696 845 1696 845 1697 831 1697 832 1697 845 1698 832 1698 833 1698 833 1699 834 1699 845 1699 845 1700 834 1700 819 1700 845 1701 819 1701 818 1701 845 1702 837 1702 844 1702 844 1703 837 1703 843 1703 866 1704 865 1704 820 1704 820 1705 865 1705 864 1705 820 1706 864 1706 870 1706 824 1707 825 1707 845 1707 845 1708 825 1708 826 1708 845 1709 826 1709 827 1709 843 1710 842 1710 844 1710 844 1711 842 1711 841 1711 844 1712 841 1712 838 1712 838 1713 841 1713 840 1713 838 1714 840 1714 839 1714 847 1715 820 1715 845 1715 845 1716 820 1716 823 1716 845 1717 823 1717 824 1717 827 1718 828 1718 845 1718 845 1719 828 1719 829 1719 845 1720 829 1720 830 1720 818 1721 835 1721 845 1721 845 1722 835 1722 836 1722 845 1723 836 1723 837 1723 860 1724 859 1724 820 1724 820 1725 859 1725 858 1725 847 1726 848 1726 820 1726 820 1727 848 1727 849 1727 820 1728 849 1728 850 1728 820 1729 853 1729 856 1729 858 1730 857 1730 820 1730 820 1731 857 1731 861 1731 820 1732 861 1732 863 1732 850 1733 851 1733 820 1733 820 1734 851 1734 852 1734 820 1735 852 1735 853 1735 856 1736 855 1736 820 1736 820 1737 855 1737 854 1737 820 1738 854 1738 860 1738 863 1739 862 1739 820 1739 820 1740 862 1740 867 1740 820 1741 867 1741 866 1741</p>
        </triangles>
      </mesh>
    </geometry>
    <geometry id="MRH-F-Distal-Visual_00_005-mesh" name="MRH-F-Distal-Visual,00.005">
      <mesh>
        <source id="MRH-F-Distal-Visual_00_005-mesh-positions">
          <float_array id="MRH-F-Distal-Visual_00_005-mesh-positions-array" count="5373">0.007019758 -0.006897807 0.008119285 0.007185161 -0.006712377 0.007897138 0.007233381 -0.006927192 0.008255481 0.007399976 -0.006741583 0.008034288 0.006861746 -0.00697571 0.007934868 0.006800413 -0.007140815 0.007750213 0.006966829 -0.006954908 0.007529199 0.00702697 -0.006791651 0.00771147 0.007028341 -0.006789982 0.007713854 0.006633937 -0.007326543 0.007971167 0.006695151 -0.007161438 0.008155822 0.006853163 -0.007083356 0.008340358 0.007066965 -0.007112741 0.008476614 0.00761348 -0.006712198 0.007898151 0.007545769 -0.006663084 0.007838428 0.007489562 -0.00665915 0.007553637 0.007653117 -0.006705999 0.007609546 0.007149994 -0.006830811 0.00739485 0.007296085 -0.006792724 0.007353663 0.00731039 -0.00665915 0.007553637 0.007399976 -0.006785333 0.007345557 0.007503867 -0.006792724 0.007353663 0.007649958 -0.006830811 0.00739485 0.007693648 -0.006850004 0.007415652 0.007833003 -0.006954908 0.007529199 0.007106125 -0.006850004 0.007415652 0.007146716 -0.006705999 0.007609546 0.007254183 -0.006663084 0.007838428 0.007348418 -0.006636083 0.007806301 0.007451534 -0.006636083 0.007806301 0.007772982 -0.006791651 0.00771147 0.007771611 -0.006789982 0.007713854 0.007999479 -0.007140815 0.007750213 0.008166015 -0.007326543 0.007971167 0.007938206 -0.00697571 0.007934868 0.008104801 -0.007161438 0.008155822 0.007780075 -0.006897807 0.008119285 0.007946729 -0.007083356 0.008340358 0.007566452 -0.006927192 0.008255481 0.007732987 -0.007112741 0.008476614 0.008177995 -0.00726366 0.008274257 0.008195579 -0.007298946 0.008315145 0.008019804 -0.00719279 0.008469343 0.008243501 -0.007438004 0.008097946 0.00777173 -0.007167041 0.008541345 0.008005619 -0.007164657 0.008436203 0.008261978 -0.007476449 0.008141696 0.007780969 -0.007185757 0.008563637 0.007799983 -0.007273614 0.008668363 0.008049964 -0.007324934 0.008625268 0.00823301 -0.007465124 0.008507668 0.008299946 -0.007656574 0.008346974 0.006584346 -0.00735259 0.008377254 0.006597042 -0.007316291 0.008335173 0.006774187 -0.00720638 0.008485615 0.006646335 -0.00738579 0.008574187 0.006566882 -0.007465124 0.008507668 0.006499946 -0.007656574 0.008346974 0.006517231 -0.007534623 0.008207976 0.007008612 -0.007214069 0.008597493 0.006999969 -0.007273614 0.008668363 0.006764054 -0.007235348 0.008519649 0.006749868 -0.007324934 0.008625268 0.006530344 -0.007495224 0.008163094 0.007015109 -0.007194936 0.008574545 -0.003999948 -1.88666e-4 0.01287895 -0.003999948 -4.44475e-4 0.01259475 -0.003999948 -8.0703e-4 0.01247388 -0.003999948 -5.51543e-4 0.01416242 -0.003999948 -5.83379e-4 0.01408624 -0.003999948 -0.001246631 0.01315546 -0.003999948 -5.81895e-4 0.01400405 -0.003999948 -5.47344e-4 0.01392912 -0.003999948 -4.85586e-4 0.01387465 -0.003999948 -0.001372933 0.01290208 -0.003999948 -2.18076e-4 0.01361763 -0.003999948 -1.06046e-4 0.01325201 -0.003999948 -0.001601994 0.01252275 -0.003999948 -0.001603484 0.01239669 -0.003999948 -0.001898646 0.01231086 0.007799983 -0.007905185 0.00942105 0.006999969 -0.007905185 0.00942105 0.003999948 -0.001372933 0.01290208 0.003999948 -0.001246631 0.01315546 0.004997313 -1.07138e-4 0.01317209 0.004999995 -1.39404e-4 0.01299905 0.004999995 9.29602e-4 0.01454752 0.003999948 1.06664e-4 0.01511561 0.003999948 -6.94783e-4 0.01395475 0.00438261 1.69307e-4 0.01507258 0.004258692 -6.59396e-4 0.01394605 0.004499912 2.16917e-4 0.01503968 0.004499912 -5.61413e-4 0.01391226 0.004707098 3.47697e-4 0.01494944 0.004750788 -3.84767e-4 0.01380622 0.004865944 5.18133e-4 0.01483172 0.004865944 -2.69643e-4 0.01369065 0.00492388 6.14677e-4 0.01476508 0.004946887 -1.68405e-4 0.0135231 0.004983127 -1.16904e-4 0.01335287 0.006966829 -0.007880687 0.006554067 0.006633937 -0.008559584 0.006629586 0.006633937 -0.00791043 0.007392108 0.006633937 -0.010378 0.003084719 0.006966829 -0.00982511 0.002920389 0.006966829 -0.009792327 0.003028512 0.006633937 -0.01004844 0.004030406 0.006966829 -0.009311676 0.004284203 0.006633937 -0.009633243 0.004941523 0.006966829 -0.009120047 0.004678249 0.006633937 -0.009135484 0.005810499 0.006966829 -0.008670747 0.005466163 0.006966829 -0.008103549 0.006276488 0.006966829 -0.01010429 0.001720786 0.006633937 -0.01061844 0.002112746 0.006966829 -0.01019454 0.00106281 0.006633937 -0.01076841 0.001122653 0.006966829 -0.01024276 3.83387e-4 0.006633937 -0.01082605 1.22963e-4 0.006966829 -0.01021605 -8.31033e-4 0.006633937 -0.01079112 -8.77798e-4 0.006966829 -0.01020485 -9.60622e-4 0.006966829 -0.009991347 -0.002288043 0.006633937 -0.01066368 -0.001871049 0.006633937 -0.01044523 -0.002848148 0.006633937 -0.00870794 -0.006433427 0.006966829 -0.008348584 -0.005946636 0.006633937 -0.009265124 -0.005601406 0.006966829 -0.009055137 -0.004802763 0.006633937 -0.009742975 -0.004721522 0.006966829 -0.009223937 -0.004469931 0.006633937 -0.01013737 -0.003801167 0.006966829 -0.009605884 -0.003576159 0.006966829 -0.009888887 -0.002696514 0.006633937 -0.005791306 -0.009147644 0.006966829 -0.005482733 -0.008660316 0.006633937 -0.006611645 -0.008573412 0.006966829 -0.006519079 -0.007909655 0.006633937 -0.007375538 -0.007925927 0.006966829 -0.006982505 -0.007503569 0.006633937 -0.00807631 -0.007210493 0.006966829 -0.007498264 -0.006988227 0.006966829 -0.008244037 -0.00609076 0.006633937 -1.00282e-4 -0.01082623 0.006966829 -3.37964e-4 -0.01024425 0.006633937 -0.001100063 -0.01077055 0.006966829 -0.001675963 -0.01011186 0.006633937 -0.002090454 -0.01062285 0.006966829 -0.001979053 -0.01005709 0.006633937 -0.003063023 -0.01038444 0.006966829 -0.00298506 -0.009805679 0.006633937 -0.004009366 -0.01005703 0.006966829 -0.003795683 -0.009521245 0.006633937 -0.004921317 -0.009643554 0.006966829 -0.004242897 -0.00933057 0.006966829 -0.005427718 -0.008694887 0.006633937 0.003822386 -0.01012957 0.006966829 0.003618717 -0.00958991 0.006633937 0.002870142 -0.01043921 0.006966829 0.00233227 -0.009981095 0.006633937 0.001893222 -0.01065993 0.006966829 0.00179249 -0.01009202 0.006633937 9.00403e-4 -0.01078909 0.006966829 0.001005828 -0.0102005 0.006966829 -9.49397e-5 -0.01024937 0.007649958 0.002290666 -0.009802877 0.007649958 0.003554046 -0.009418666 0.007833003 0.003618717 -0.00958991 0.007833003 -0.003795683 -0.009521245 0.007833003 -0.004242897 -0.00933057 0.007649958 -0.004167199 -0.009163975 0.007833003 -0.008244037 -0.00609076 0.007833003 -0.008348584 -0.005946636 0.007649958 -0.008199512 -0.00584048 0.007833003 -0.009888887 -0.002696514 0.007833003 -0.009991347 -0.002288043 0.007649958 -0.009812951 -0.002247214 0.007833003 -0.01019454 0.00106281 0.007833003 -0.01010429 0.001720786 0.007649958 -0.009924054 0.00169003 0.007149994 -0.009145379 0.00420773 0.007149994 -0.009617507 0.00297451 0.007399976 -0.009553492 0.002954721 0.007149994 -3.3193e-4 -0.0100615 0.007149994 -0.001645982 -0.009931445 0.007149994 -0.002931833 -0.00963056 0.007149994 -0.005330801 -0.008539676 0.007149994 -0.007364392 -0.006863534 0.007149994 -0.00889343 -0.004716992 0.007149994 -0.009434342 -0.003512263 0.007149994 -0.01002264 -9.4347e-4 0.007149994 -0.007739961 0.006437063 0.007149994 -0.009924054 0.00169003 0.007149994 -0.01005989 3.76541e-4 0.007149994 -0.009812951 -0.002247214 0.007149994 -0.008199512 -0.00584048 0.007149994 -0.006402671 -0.007768452 0.007149994 -0.004167199 -0.009163975 0.007149994 0.003554046 -0.009418666 0.007149994 0.002290666 -0.009802877 0.007399976 -0.007688403 0.006394267 0.007399976 -0.009858012 0.001678824 0.007399976 9.81329e-4 -0.00995171 0.007399976 -3.29721e-4 -0.009994506 0.007149994 9.87903e-4 -0.01001816 0.007399976 0.002275407 -0.00973761 0.007649958 -0.008515954 0.00536859 0.007649958 -0.007739961 0.006437063 0.007649958 -0.009145379 0.00420773 0.007399976 -0.00845927 0.005332887 0.007149994 -0.008515954 0.00536859 0.007399976 -0.009084522 0.004179716 0.007649958 -0.009617507 0.00297451 0.007833003 -0.009792327 0.003028512 0.007833003 -0.00982511 0.002920389 0.007649958 -3.3193e-4 -0.0100615 0.007649958 9.87903e-4 -0.01001816 0.007295966 0.003534317 -0.009366214 0.007399976 0.003530502 -0.009356021 0.007503867 0.003534317 -0.009366214 0.007833003 -0.007880687 0.006554067 0.007833003 -0.009311676 0.004284203 0.007833003 -0.009120047 0.004678249 0.007833003 -0.008670747 0.005466163 0.007833003 -0.008103549 0.006276488 0.007399976 -0.009992957 3.74036e-4 0.007649958 -0.01005989 3.76541e-4 0.007833003 -0.01024276 3.83387e-4 0.007649958 -0.01002264 -9.4347e-4 0.007833003 -0.01020485 -9.60622e-4 0.007833003 -0.01021605 -8.31033e-4 0.007399976 -0.009955942 -9.37192e-4 0.007399976 -0.009747624 -0.002232134 0.007399976 -0.009371578 -0.003488898 0.007649958 -0.009434342 -0.003512263 0.007833003 -0.009605884 -0.003576159 0.007649958 -0.00889343 -0.004716992 0.007833003 -0.009055137 -0.004802763 0.007833003 -0.009223937 -0.004469931 0.007399976 -0.008834242 -0.004685521 0.007399976 -0.008144974 -0.005801618 0.007399976 -0.007315397 -0.006817758 0.007649958 -0.007364392 -0.006863534 0.007833003 -0.007498264 -0.006988227 0.007649958 -0.006402671 -0.007768452 0.007833003 -0.006519079 -0.007909655 0.007833003 -0.006982505 -0.007503569 0.007399976 -0.006360054 -0.007716715 0.007649958 -0.005330801 -0.008539676 0.007833003 -0.005427718 -0.008694887 0.007833003 -0.005482733 -0.008660316 0.007399976 -0.005295336 -0.008482813 0.007399976 -0.004139423 -0.009103 0.007399976 -0.002912223 -0.009566485 0.007649958 -0.002931833 -0.00963056 0.007833003 -0.00298506 -0.009805679 0.007649958 -0.001645982 -0.009931445 0.007833003 -0.001675963 -0.01011186 0.007833003 -0.001979053 -0.01005709 0.007399976 -0.001635015 -0.009865403 0.007833003 -3.37964e-4 -0.01024425 0.007833003 0.00233227 -0.009981095 0.007833003 0.00179249 -0.01009202 0.007833003 0.001005828 -0.0102005 0.007833003 -9.49397e-5 -0.01024937 0.008166015 -0.00791043 0.007392108 0.008166015 -0.008559584 0.006629586 0.008166015 0.003822386 -0.01012957 0.008166015 0.002870142 -0.01043921 0.008166015 0.001893222 -0.01065993 0.008166015 9.00403e-4 -0.01078909 0.008166015 -1.00282e-4 -0.01082623 0.008166015 -0.002090454 -0.01062285 0.008166015 -0.001100063 -0.01077055 0.008166015 -0.003063023 -0.01038444 0.008166015 -0.004009366 -0.01005703 0.008166015 -0.004921317 -0.009643554 0.008166015 -0.005791306 -0.009147644 0.008166015 -0.006611645 -0.008573412 0.008166015 -0.007375538 -0.007925927 0.008166015 -0.00807631 -0.007210493 0.008166015 -0.00870794 -0.006433427 0.008166015 -0.009265124 -0.005601406 0.008166015 -0.009742975 -0.004721522 0.008166015 -0.01079112 -8.77798e-4 0.008166015 -0.01066368 -0.001871049 0.008166015 -0.01044523 -0.002848148 0.008166015 -0.01013737 -0.003801167 0.008166015 -0.01082605 1.22963e-4 0.008166015 -0.01076841 0.001122653 0.008166015 -0.01061844 0.002112746 0.008166015 -0.010378 0.003084719 0.008166015 -0.009633243 0.004941523 0.008166015 -0.01004844 0.004030406 0.008166015 -0.009135484 0.005810499 0.008265912 -0.008086621 0.007556796 0.008265912 -0.008750259 0.006777346 0.008265912 -0.009338974 0.005939841 0.008265912 -0.009847819 0.005051672 0.008265912 -0.01027244 0.004120171 0.008265912 -0.01060909 0.003153443 0.008265912 -0.01085495 0.002159774 0.008265912 -0.01100826 0.001147568 0.008265912 -0.01106721 1.25702e-4 0.008265912 -0.01103132 -8.97352e-4 0.008265912 -0.01090145 -0.001912713 0.008265912 -0.01067805 -0.002911627 0.008265912 -0.01036334 -0.003885746 0.008265912 -0.009960055 -0.004826605 0.008265912 -0.009471476 -0.005726218 0.008265912 -0.008901894 -0.006576836 0.008265912 -0.008256196 -0.007371187 0.008265912 -0.007539868 -0.008102476 0.008265912 -0.006758928 -0.008764445 0.008265912 -0.00592035 -0.009351432 0.008265912 -0.005031049 -0.009858369 0.008265912 -0.004098594 -0.0102809 0.008265912 -0.00313127 -0.01061558 0.008265912 -0.002137005 -0.01085948 0.008265912 -0.001124501 -0.01101046 0.008265912 -1.02516e-4 -0.01106745 0.008265912 9.20461e-4 -0.0110296 0.008265912 0.001935482 -0.01089721 0.008265912 0.002934098 -0.01067197 0.008265912 0.003907442 -0.01035523 0.008299946 -0.008275747 0.007733464 0.008299946 -0.008954882 0.006935775 0.008299946 -0.009557366 0.006078839 0.008299946 -0.01007813 0.005169749 0.008299946 -0.01051265 0.004216492 0.008299946 -0.01085728 0.003227174 0.008299946 -0.01110899 0.002210319 0.008299946 -0.01126551 0.00117439 0.008299946 -0.01132601 1.28642e-4 0.008299946 -0.01128929 -9.18336e-4 0.008299946 -0.01115632 -0.001957297 0.008299946 -0.01092761 -0.002979815 0.008299946 -0.01060575 -0.003976643 0.008299946 -0.01019293 -0.004939556 0.008299946 -0.009692966 -0.00586009 0.008299946 -0.009110093 -0.006730616 0.008299946 -0.008449256 -0.007543504 0.008299946 -0.007716119 -0.008291959 0.008299946 -0.006917059 -0.008969366 0.008299946 -0.006058633 -0.009570062 0.008299946 -0.005148649 -0.01008892 0.008299946 -0.004194498 -0.01052147 0.008299946 -0.003204405 -0.0108639 0.008299946 -0.002186954 -0.01111364 0.008299946 -0.001150906 -0.01126796 0.008299946 -1.04913e-4 -0.01132631 0.008299946 9.41985e-4 -0.01128751 0.008299946 0.001980662 -0.01115202 0.008299946 0.003002703 -0.01092135 0.008299946 0.003998816 -0.01059716 0.008282184 -0.008185446 0.00918281 0.00823301 -0.008097171 0.009260892 0.008094072 -0.007979393 0.00936073 0.008049964 -0.007957279 0.00937891 0.00794363 -0.007921636 0.009407877 0.007965445 -0.007927179 0.009403407 0.00822395 -0.008085787 0.009270787 0.008211314 -0.008071243 0.009283304 0.008112311 -0.007990121 0.009351849 0.008287727 -0.008201956 0.00916785 0.008299946 -0.008282721 0.009093165 0.00846529 -0.008838057 0.008762776 0.008499979 -0.008841097 0.008762896 0.008499979 -0.008825778 0.008830368 0.008470535 -0.008821606 0.008834481 0.00844407 -0.00883311 0.008762538 0.008399486 -0.008811712 0.008782625 0.008386671 -0.00880593 0.008761167 0.008399963 -0.008814334 0.008761584 0.008299946 -0.008641362 0.008753061 0.008326768 -0.008741199 0.008758008 0.008314669 -0.008694171 0.008806586 0.008329093 -0.008745133 0.008758187 0.008326768 -0.008711576 0.008824229 0.008357882 -0.008740246 0.008853256 0.008499979 -0.00878185 0.008895397 0.008399963 -0.008763015 0.008876323 0.008428871 -0.008791983 0.008863747 0.00836873 -0.008778929 0.00881505 0.00844556 -0.008809745 0.008846223 0.008499979 -0.008823931 0.008834719 0.008771061 -0.008791983 0.008863747 0.00879997 -0.008763015 0.008876323 0.008699953 -0.00878185 0.008895397 0.008754372 -0.008809745 0.008846223 0.008800446 -0.008811712 0.008782625 0.008831262 -0.008778929 0.00881505 0.008699953 -0.008841097 0.008762896 0.008755862 -0.00883311 0.008762538 0.008729398 -0.008821606 0.008834481 0.008873164 -0.008741199 0.008758008 0.008899986 -0.008641362 0.008753061 0.008885264 -0.008694171 0.008806586 0.008873164 -0.008711576 0.008824229 0.00887084 -0.008745133 0.008758187 0.00879997 -0.008814334 0.008761584 0.008813261 -0.00880593 0.008761167 0.008842051 -0.008740246 0.008853256 0.008699953 -0.008823931 0.008834719 0.008699953 -0.008825778 0.008830368 0.006499946 -0.008275747 0.007733464 0.00653398 0.003907442 -0.01035523 0.00653398 0.002934098 -0.01067197 0.00653398 0.001935482 -0.01089721 0.00653398 9.20461e-4 -0.0110296 0.00653398 -1.02516e-4 -0.01106745 0.00653398 -0.001124501 -0.01101046 0.00653398 -0.002137005 -0.01085948 0.00653398 -0.00313127 -0.01061558 0.00653398 -0.004098594 -0.0102809 0.00653398 -0.005031049 -0.009858369 0.00653398 -0.00592035 -0.009351432 0.00653398 -0.006758928 -0.008764445 0.00653398 -0.007539868 -0.008102476 0.00653398 -0.008256196 -0.007371187 0.00653398 -0.008901894 -0.006576836 0.00653398 -0.009471476 -0.005726218 0.00653398 -0.009960055 -0.004826605 0.00653398 -0.01036334 -0.003885746 0.00653398 -0.01067805 -0.002911627 0.00653398 -0.01090145 -0.001912713 0.00653398 -0.01103132 -8.97352e-4 0.00653398 -0.01106721 1.25702e-4 0.00653398 -0.01100826 0.001147568 0.00653398 -0.01085495 0.002159774 0.00653398 -0.01060909 0.003153443 0.00653398 -0.01027244 0.004120171 0.00653398 -0.009847819 0.005051672 0.00653398 -0.009338974 0.005939841 0.00653398 -0.008750259 0.006777346 0.00653398 -0.008086621 0.007556796 0.006499946 0.003998816 -0.01059716 0.006499946 0.003002703 -0.01092135 0.006499946 0.001980662 -0.01115202 0.006499946 9.41985e-4 -0.01128751 0.006499946 -1.04913e-4 -0.01132631 0.006499946 -0.001150906 -0.01126796 0.006499946 -0.002186954 -0.01111364 0.006499946 -0.003204405 -0.0108639 0.006499946 -0.004194498 -0.01052147 0.006499946 -0.005148649 -0.01008892 0.006499946 -0.006058633 -0.009570062 0.006499946 -0.006917059 -0.008969366 0.006499946 -0.007716119 -0.008291959 0.006499946 -0.008449256 -0.007543504 0.006499946 -0.009110093 -0.006730616 0.006499946 -0.009692966 -0.00586009 0.006499946 -0.01019293 -0.004939556 0.006499946 -0.01060575 -0.003976643 0.006499946 -0.01092761 -0.002979815 0.006499946 -0.01115632 -0.001957297 0.006499946 -0.01128929 -9.18336e-4 0.006499946 -0.01132601 1.28642e-4 0.006499946 -0.01126551 0.00117439 0.006499946 -0.01110899 0.002210319 0.006499946 -0.01085728 0.003227174 0.006499946 -0.01051265 0.004216492 0.006499946 -0.01007813 0.005169749 0.006499946 -0.009557366 0.006078839 0.006499946 -0.008954882 0.006935775 0.006499946 -0.008282721 0.009093165 0.006520867 -0.008176982 0.00919038 0.006528079 -0.008160769 0.009204924 0.006595373 -0.008064031 0.009289503 0.006609261 -0.008050143 0.009301364 0.006867349 -0.007919192 0.009409844 0.006734371 -0.007964491 0.009373009 0.006715357 -0.007974207 0.009365022 0.006646335 -0.008018434 0.009328186 0.006889522 -0.007914841 0.009413361 0.008681714 0.01162362 0.007390618 0.008681714 0.01162362 -0.002414286 0.00863707 0.01166456 -0.002414286 0.00863707 0.01166456 0.007390618 0.008582115 0.01169049 -0.002414286 0.008582115 0.01169049 0.007390618 -0.004799962 -0.001603484 0.01239669 -0.004799962 -0.001898646 0.01231086 0.003999948 -0.001601994 0.01252275 0.003999948 -0.001787841 0.01237142 0.003999948 -0.001972377 0.0122798 -0.004799962 -0.002411365 0.01222074 0.003999948 -0.002411365 0.01222074 -0.004799962 -0.002188444 0.01222562 -0.004799962 -0.001972377 0.0122798 -0.004186153 -5.36508e-4 0.01415342 -0.004184067 -5.68258e-4 0.01407814 -0.004176259 -5.67814e-4 0.01399689 -0.004163742 -5.35252e-4 0.0139231 -0.004227459 -5.29044e-4 0.01414883 -0.004224777 -5.60777e-4 0.01407396 -0.004482269 -4.47463e-4 0.01409476 -0.004474461 -4.80026e-4 0.01402521 -0.004499912 -4.39326e-4 0.01408892 -0.004693329 -3.51573e-4 0.01392787 -0.00421524 -5.60858e-4 0.0139935 -0.00445348 -4.86154e-4 0.013951 -0.004661679 -3.68734e-4 0.01386511 -0.0047158 -3.34423e-4 0.01391273 -0.004683077 -3.53192e-4 0.01385164 -0.004852414 -2.07618e-4 0.01377964 -0.004812896 -2.39418e-4 0.01373165 -0.00487864 -1.77048e-4 0.01374042 -0.00483787 -2.1235e-4 0.01369625 -0.004952073 -6.96819e-5 0.01356363 -0.004908442 -1.1904e-4 0.01353538 -0.004959464 -5.55844e-5 0.01353329 -0.004915595 -1.07094e-4 0.01350766 -0.00470829 -3.14239e-4 0.01398819 -0.004731774 -2.96155e-4 0.01397162 -0.004873216 -1.60297e-4 0.01382642 -0.004900157 -1.26947e-4 0.01378387 -0.004973471 -7.49301e-6 0.01359224 -0.004980385 8.54873e-6 0.0135594 -0.004999995 8.85007e-5 0.01332914 -0.004984736 1.24512e-5 0.01332074 -0.004973173 -1.08628e-5 0.01331806 -0.004941344 -5.20205e-5 0.01331341 -0.004899919 -8.36019e-5 0.01330965 -0.004200041 -5.29274e-4 0.01392006 -0.004422426 -4.6493e-4 0.01388347 -0.004617512 -3.63468e-4 0.01380783 -0.004637539 -3.50029e-4 0.01379585 -0.004759371 -2.51826e-4 0.01368874 -0.004782736 -2.28566e-4 0.01365649 -0.004848003 -1.49219e-4 0.01351106 -0.004854619 -1.39239e-4 0.01348572 -0.004876494 -9.50991e-5 0.01330834 -0.0041489 -4.75988e-4 0.01386904 -0.004181921 -4.71231e-4 0.01386642 -0.004385769 -4.19529e-4 0.01383244 -0.004566669 -3.36465e-4 0.0137636 -0.004585385 -3.25343e-4 0.01375269 -0.004698574 -2.43332e-4 0.01365572 -0.004720032 -2.23725e-4 0.01362639 -0.004778802 -1.56339e-4 0.01349371 -0.004784286 -1.47813e-4 0.01347064 -0.004799962 -1.10226e-4 0.01330661 -0.004799962 -1.06046e-4 0.01325201 -0.004799962 -1.23182e-4 0.01306021 -0.004799962 -1.88666e-4 0.01287895 -0.004799962 -2.98173e-4 0.01272022 -0.004799962 -8.0703e-4 0.01247388 -0.004799962 -6.17911e-4 0.01251077 -0.004799962 -4.44475e-4 0.01259475 0.008647441 0.01163882 0.007464647 0.00856769 0.01168161 0.00745964 0.008615255 0.0116685 0.007446706 0.008547961 0.01164966 0.007519841 0.008574604 0.01164633 0.007516205 0.008525371 0.0115987 0.007563889 0.008592128 0.01163005 0.007525861 -0.003999948 1.06664e-4 0.01511561 -0.00492388 6.14677e-4 0.01476508 -0.00492388 7.21851e-4 0.01486909 -0.004999995 9.29602e-4 0.01454752 -0.003999948 3.86721e-4 0.01538729 -0.00438261 1.69307e-4 0.01507258 -0.00438261 4.28045e-4 0.01532346 -0.004499912 2.16917e-4 0.01503968 -0.004707098 5.45727e-4 0.01514136 -0.004707098 3.47697e-4 0.01494944 -0.004865944 5.18133e-4 0.01483172 -0.003999948 7.49426e-4 0.0155313 -0.003999948 0.001139402 0.0155254 -0.00438261 7.63141e-4 0.01545625 -0.00438261 0.001123428 0.01545095 -0.004707098 8.02199e-4 0.01524323 -0.004707098 0.00107795 0.015239 -0.00492388 8.60652e-4 0.01492393 -0.00492388 0.001009941 0.01492184 -0.003999948 0.001497626 0.01537042 -0.00438261 0.001454353 0.01530796 -0.004707098 0.001331329 0.01512938 -0.00492388 0.001146972 0.01486241 -0.004343271 0.006435275 0.01176261 -0.004553735 0.006435275 0.01158612 -0.004377007 0.006423473 0.01182121 -0.004610419 0.006420791 0.01163476 -0.00440675 0.006389856 0.01187258 -0.004658937 0.006379485 0.01167649 -0.003999948 0.006348848 0.01202148 -0.004429042 0.006337881 0.01191145 -0.004692137 0.006317317 0.0117051 -0.003999948 0.006435275 0.01185685 -0.003999948 0.006425023 0.01192021 -0.003999948 0.006412446 0.01194965 -0.003999948 0.006395161 0.01197683 -0.004799962 0.006617784 0.01084429 -0.004799962 0.006623983 0.01083225 -0.004899919 0.00660032 0.01081979 -0.004744291 0.006424129 0.01145547 -0.004803657 0.006375551 0.01147955 -0.004772603 0.006428778 0.01140213 -0.004834175 0.006378293 0.01142114 -0.004854023 0.006468236 0.01117491 -0.004922628 0.006410658 0.01117265 -0.004874229 0.00649482 0.01107919 -0.004944682 0.006434798 0.01106774 -0.004841983 0.006305873 0.01149123 -0.004873156 0.006306529 0.01142776 -0.004960179 0.006330609 0.01115792 -0.004980206 0.006351888 0.01104456 -0.004784107 0.0065189 0.01107579 -0.004999995 0.006447613 0.01073813 -0.004973173 0.006535828 0.01078528 -0.004768133 0.00649178 0.01116484 -0.004698455 0.006449401 0.01137393 -0.0046736 0.006443679 0.01142305 0.008899986 0.007614493 0.009659588 0.008899986 0.007876515 0.009482026 0.008873164 0.007676482 0.009738087 0.008873164 0.007926523 0.009568631 0.00879997 0.007721722 0.009795606 0.00879997 0.00796312 0.00963205 0.008699953 0.007738411 0.009816646 0.008699953 0.007976531 0.009655237 0.008873164 0.006869912 0.01032274 0.00879997 0.006910443 0.01038384 0.00879997 -0.008022189 0.009551167 0.008699953 -0.008039414 0.009571671 0.00879997 -0.007229447 0.01016432 0.008699953 -0.007245004 0.01018595 0.00879997 -0.006390154 0.01071172 0.008699953 -0.006403923 0.01073473 0.00879997 -0.005509734 0.01119011 0.008699953 -0.005521476 0.01121419 0.00879997 -0.004593551 0.0115965 0.008699953 -0.004603505 0.01162123 0.00879997 -0.003647804 0.01192784 0.008699953 -0.003655672 0.01195347 0.00879997 -0.002678573 0.01218199 0.008699953 -0.002684295 0.01220834 0.00879997 -0.001691937 0.01235789 0.008699953 -0.001695573 0.01238441 0.00879997 -6.9448e-4 0.01245385 0.008699953 -6.95972e-4 0.01248037 0.00879997 3.07516e-4 0.01246941 0.008699953 3.08177e-4 0.01249617 0.00879997 0.001307368 0.01240444 0.008699953 0.001310229 0.0124309 0.00879997 0.00229907 0.01225948 0.008699953 0.002303898 0.01228559 0.00879997 0.003275752 0.01203531 0.008699953 0.003282845 0.01206099 0.00879997 0.004231393 0.01173353 0.008699953 0.004240453 0.01175874 0.00879997 0.005159676 0.01135575 0.008699953 0.005170762 0.01138037 0.00879997 0.00605458 0.0109049 0.008699953 0.006067574 0.01092851 0.008699953 0.006925344 0.01040601 0.008873164 0.006019115 0.01084113 0.008873164 0.005129337 0.01128911 0.008873164 0.004206538 0.01166445 0.008873164 0.003256559 0.01196449 0.008873164 0.00228554 0.01218748 0.008873164 0.001299679 0.01233166 0.008873164 3.05711e-4 0.01239603 0.008873164 -6.90404e-4 0.01238054 0.008873164 -0.001682043 0.01228535 0.008873164 -0.002662837 0.01211065 0.008873164 -0.003626406 0.01185762 0.008873164 -0.004566669 0.01152843 0.008873164 -0.005477309 0.01112461 0.008873164 -0.006352782 0.01064884 0.008873164 -0.007187128 0.01010447 0.008873164 -0.007975101 0.009495079 0.008899986 0.006814539 0.01023966 0.008899986 0.005970478 0.01075369 0.008899986 0.005088031 0.01119828 0.008899986 0.004172623 0.01157057 0.008899986 0.003230333 0.011868 0.008899986 0.002267122 0.01208925 0.008899986 0.001289308 0.01223218 0.008899986 3.03246e-4 0.01229614 0.008899986 -6.84836e-4 0.01228088 0.008899986 -0.001668453 0.01218611 0.008899986 -0.00264132 0.01201283 0.008899986 -0.00359714 0.0117622 0.008899986 -0.004529774 0.01143527 0.008899986 -0.005433142 0.01103472 0.008899986 -0.006301522 0.01056295 0.008899986 -0.007129073 0.01002299 0.008899986 -0.007910788 0.009418547 0.008315205 -0.008334279 0.00914973 0.008326768 -0.008350074 0.009167075 0.008358538 -0.008377969 0.009197711 0.008399963 -0.008399367 0.009221196 0.008423447 -0.008407175 0.009229719 0.008499979 -0.008417427 0.009240984 0.008345305 -0.008285641 0.009281575 0.008408486 -0.008303582 0.009323179 0.008482873 -0.008301138 0.009345591 0.008302927 -0.008249998 0.009227037 0.008297264 -0.008232772 0.009242594 0.008475065 -0.008277356 0.009366631 0.008401572 -0.008282482 0.009342014 0.008393526 -0.008134722 0.009490787 0.008328855 -0.008155584 0.009452998 0.008375823 -0.00811398 0.00950855 0.008313059 -0.008137106 0.009468913 0.008237242 -0.007998466 0.009605884 0.00818932 -0.008034706 0.009555876 0.008211672 -0.007983207 0.00961858 0.008166551 -0.008021175 0.009567141 0.008339166 -0.008266806 0.009298443 0.008273959 -0.008153617 0.009397923 0.008259773 -0.008137166 0.009412169 0.008148789 -0.008045852 0.009489953 0.008128345 -0.008033812 0.009500086 0.008237123 -0.008129119 0.009333968 0.00822401 -0.008114039 0.009347021 0.008121728 -0.008030176 0.009418308 0.008102834 -0.008019149 0.009427547 0.008031666 -0.007909178 0.009679555 0.008001089 -0.00790131 0.009685993 0.008006155 -0.007955729 0.00962156 0.007978916 -0.007948815 0.009627282 0.007984578 -0.007975518 0.009548604 0.0079602 -0.007969379 0.00955367 0.007970273 -0.007965505 0.009471893 0.007947802 -0.007959842 0.009476542 0.007799983 -0.007942974 0.009490251 0.007799983 -0.00795108 0.009568691 0.007799983 -0.007928252 0.00964415 0.007799983 -0.007878065 0.009704887 0.006999969 -0.007878065 0.009704887 0.006999969 -0.007928252 0.00964415 0.006999969 -0.00795108 0.009568691 0.006999969 -0.007942974 0.009490251 0.006862342 -0.007940292 0.009634256 0.006876826 -0.007961809 0.009559929 0.006886363 -0.007952809 0.009482264 0.006863534 -0.007957279 0.009478628 0.006726503 -0.00800383 0.009440302 0.006706893 -0.008013784 0.009432017 0.006834805 -0.007945716 0.009629786 0.00685209 -0.007966578 0.009555935 0.006669044 -0.008002519 0.009582817 0.006703436 -0.008017182 0.009514033 0.006645262 -0.008014678 0.009572625 0.006682217 -0.00802803 0.009504914 0.006512701 -0.008110404 0.009491741 0.006563246 -0.008113324 0.009432673 0.006495237 -0.008127987 0.009476721 0.006547749 -0.008129 0.009419202 0.006411254 -0.008251011 0.00936985 0.00647217 -0.008238732 0.009323418 0.006402373 -0.008271694 0.009351551 0.006464362 -0.00825721 0.009307026 0.006299853 -0.008417427 0.009240984 0.006329417 -0.008265256 0.00937736 0.006339192 -0.008242011 0.009397804 0.006433427 -0.008103668 0.009517371 0.006452918 -0.008083879 0.00953412 0.006601512 -0.007975876 0.009624719 0.006628215 -0.007962107 0.009636104 0.006814301 -0.007897794 0.009688854 0.006845355 -0.007891654 0.009693861 0.006376445 -0.008407175 0.009229719 0.006399989 -0.008399367 0.009221196 0.006441414 -0.008377969 0.009197711 0.006473124 -0.008350074 0.009167075 0.006597161 -0.008092164 0.009365797 0.006582856 -0.008106529 0.009353518 0.006513178 -0.008207082 0.009265542 0.006505966 -0.00822395 0.009250462 0.006484687 -0.008334279 0.00914973 0.006299853 -0.00878185 0.008895397 0.006399989 -0.008763015 0.008876323 0.006499946 -0.008641362 0.008753061 0.006485283 -0.008694171 0.008806586 0.006473124 -0.008711576 0.008824229 0.00644207 -0.008740246 0.008853256 0.003999948 -0.002718031 0.01220089 -0.004799962 -0.002718031 0.01220089 0.003999948 -0.001695573 0.01238441 0.003999948 -8.0703e-4 0.01247388 0.003999948 -3.84767e-4 0.01380622 0.003999948 -4.67078e-4 0.01258069 0.003999948 -2.14797e-4 0.0128324 0.003999948 -1.07138e-4 0.01317209 0.003999948 -1.68405e-4 0.0135231 0.004999995 -8.0703e-4 0.01247388 0.004999995 -4.67078e-4 0.01258069 0.004999995 -2.14797e-4 0.0128324 0.004707098 5.45727e-4 0.01514136 0.00492388 7.21851e-4 0.01486909 0.00492388 0.001146972 0.01486241 0.00492388 0.001009941 0.01492184 0.00492388 8.60652e-4 0.01492393 0.004707098 8.02199e-4 0.01524323 0.004707098 0.00107795 0.015239 0.004707098 0.001331329 0.01512938 0.00438261 4.28045e-4 0.01532346 0.00438261 7.63141e-4 0.01545625 0.00438261 0.001123428 0.01545095 0.00438261 0.001454353 0.01530796 0.003999948 3.86721e-4 0.01538729 0.003999948 7.49426e-4 0.0155313 0.003999948 0.001139402 0.0155254 0.003999948 0.001497626 0.01537042 0.004999995 3.08177e-4 0.01249617 0.004999995 0.006067574 0.01092851 0.004999995 0.007101595 0.0102865 0.004999995 0.002303898 0.01228559 0.004999995 0.004240453 0.01175874 0.003999948 0.006348848 0.01202148 0.004406452 0.006435275 0.01185685 0.004266083 0.006422758 0.01192671 0.004211187 0.006412029 0.01195049 0.00400573 0.006350994 0.01201999 0.006633937 0.008422672 -0.008393645 0.006559193 0.008063256 -0.008701086 0.006499946 0.007093966 -0.009429454 0.006513178 0.007603526 -0.009063601 0.006792068 0.00884819 -0.007940351 0.006966829 0.009249269 -0.007465243 0.007833003 0.009249269 -0.007465243 0.007814586 0.00930351 -0.007413268 0.007728815 0.009475409 -0.007244527 0.007612824 0.009602785 -0.007115483 0.007708728 0.009503662 -0.007216215 0.007321298 0.009669899 -0.007045865 0.00741595 0.009679496 -0.007035911 0.007508814 0.009660601 -0.00705564 0.007039189 0.009422659 -0.007296979 0.00711596 0.009534657 -0.007184863 0.00720638 0.009616851 -0.007100999 0.008166015 0.008422672 -0.008393645 0.008007884 0.00884819 -0.007940351 0.008299946 0.007093966 -0.009429454 0.008295238 0.007411003 -0.009206056 0.008254706 0.00796175 -0.008783996 0.008299946 -0.008686184 0.00840646 0.008299946 -0.008785426 0.008071303 0.008299946 -0.008936405 0.007756054 0.008299946 -0.009135425 0.00746876 0.008299946 4.78757e-4 -0.01179009 0.008299946 0.001896977 -0.01164633 0.008299946 0.003287494 -0.01133275 0.008299946 0.004630148 -0.0108534 0.008299946 0.005905151 -0.01021587 0.008299946 -0.009969413 0.006312668 0.008299946 -0.01065772 0.005064368 0.008299946 -0.01119083 0.003742218 0.008299946 -0.01156044 0.00236541 0.008299946 -0.01176112 9.54192e-4 0.008299946 -0.01179057 -4.71034e-4 0.008299946 -0.008510529 -0.008173704 0.008299946 -0.00746268 -0.009140372 0.008299946 -0.006306052 -0.009973585 0.008299946 -0.005057394 -0.01066124 0.008299946 -0.003734827 -0.01119309 0.008299946 -0.01164776 -0.001889348 0.008299946 -0.01133471 -0.003280103 0.008299946 -0.01085644 -0.004623055 0.008299946 -0.01021993 -0.005898416 0.008299946 -0.009434103 -0.007087767 0.008299946 -0.0023579 -0.01156193 0.008299946 -9.46488e-4 -0.01176196 0.008326768 -0.008784055 0.008427143 0.008399963 -0.00885564 0.008442223 0.008499979 -0.008881866 0.008447766 0.008326768 -0.008878707 0.008107185 0.008326768 -0.009022891 0.007806301 0.008326768 -0.009212851 0.00753206 0.008358538 -0.009244918 0.007558286 0.008399963 -0.008947074 0.008133471 0.008399963 -0.009086191 0.007843077 0.008399963 -0.009269535 0.007578313 0.008499979 -0.008972048 0.008143126 0.008499979 -0.009109377 0.007856547 0.008499979 -0.009290277 0.00759536 0.008699953 -0.009290277 0.00759536 0.00879997 -0.009269535 0.007578313 0.00879997 -0.009086191 0.007843077 0.008873164 -0.008784055 0.008427143 0.008899986 -0.008686184 0.00840646 0.008873164 -0.008878707 0.008107185 0.008899986 -0.008785426 0.008071303 0.008873164 -0.009022891 0.007806301 0.008899986 -0.008936405 0.007756054 0.008873164 -0.009212851 0.00753206 0.008899986 -0.009135425 0.00746876 0.00879997 -0.00885564 0.008442223 0.00879997 -0.008947074 0.008133471 0.008699953 -0.009109377 0.007856547 0.008699953 -0.008972048 0.008143126 0.008699953 -0.008881866 0.008447766 0.008899986 0.01099979 -0.004270792 0.008899986 0.01099979 0.007678747 0.008899986 0.01064521 -0.005091071 0.008899986 0.01022917 -0.005882084 0.008899986 -0.00974971 0.006646931 0.008899986 -0.008977353 -0.007658064 0.008899986 -0.008278191 -0.008408963 0.008899986 -0.007516384 -0.009096324 0.008899986 -0.006697714 -0.009714841 0.008899986 -0.005828619 -0.01025974 0.008899986 -0.01029008 0.005774915 0.008899986 -0.01075285 0.004859209 0.008899986 -0.01113426 0.003906786 0.008899986 -0.01143175 0.00292474 0.008899986 -0.01164263 0.0019207 0.008899986 -0.01176542 9.02098e-4 0.008899986 -0.01179915 -1.23337e-4 0.008899986 -0.01174402 -0.001147747 0.008899986 -0.01159971 -0.002163589 0.008899986 -0.01136791 -0.003163099 0.008899986 -0.01105034 -0.004138648 0.008899986 -0.01064908 -0.005082905 0.008899986 -0.004915297 -0.01072728 0.008899986 -0.003964841 -0.01111388 0.008899986 -0.002984464 -0.01141613 0.008899986 -0.0101673 -0.005988717 0.008899986 -0.009608626 -0.006849229 0.008899986 -0.001981437 -0.01163238 0.008899986 -9.63574e-4 -0.01176059 0.008899986 6.16693e-5 -0.01179981 0.008899986 0.00593549 -0.01019847 0.008899986 0.009679675 -0.006748497 0.008899986 0.009056866 -0.007563829 0.008899986 0.001086354 -0.01174986 0.008899986 0.002102971 -0.01161104 0.008899986 0.003103673 -0.0113843 0.008899986 0.004080832 -0.01107186 0.008899986 0.005027115 -0.01067543 0.008899986 0.008365631 -0.008322 0.008899986 0.006798923 -0.009644329 0.008899986 0.007611036 -0.009017229 0.008732855 0.01155322 0.007423043 0.008857071 0.01128953 -0.003617525 0.008753418 0.01152116 -0.002982199 0.008697271 0.01160359 -0.00264734 0.008844554 0.01132822 0.007527053 0.008641064 0.01165372 -0.002659261 0.008569896 0.01167905 -0.002669394 0.008709311 0.01157051 -0.003002107 0.008582711 0.0116102 -0.003032684 0.008650064 0.01160126 -0.00301969 0.008681118 0.01158857 -0.003011286 -0.004834592 -0.008838057 0.008762776 -0.004799962 -0.008841097 0.008762896 -0.004799962 -0.008825778 0.008830368 -0.004829347 -0.008821606 0.008834481 -0.004855871 -0.00883311 0.008762538 -0.004900455 -0.008811712 0.008782625 -0.00491327 -0.00880593 0.008761167 -0.004899919 -0.008814334 0.008761584 -0.004999995 -0.008641362 0.008753061 -0.004973173 -0.008741199 0.008758008 -0.004985213 -0.008694171 0.008806586 -0.004970729 -0.008745133 0.008758187 -0.004973173 -0.008711576 0.008824229 -0.004942059 -0.008740246 0.008853256 -0.004799962 -0.00878185 0.008895397 -0.004899919 -0.008763015 0.008876323 -0.00487107 -0.008791983 0.008863747 -0.004931271 -0.008778929 0.00881505 -0.004854381 -0.008809745 0.008846223 -0.004799962 -0.008823931 0.008834719 0.006371021 -0.008791983 0.008863747 0.006354272 -0.008809745 0.008846223 0.006400406 -0.008811712 0.008782625 0.006431162 -0.008778929 0.00881505 0.006299853 -0.008841097 0.008762896 0.006355822 -0.00883311 0.008762538 0.006329417 -0.008821606 0.008834481 0.006473124 -0.008741199 0.008758008 0.006470859 -0.008745133 0.008758187 0.006399989 -0.008814334 0.008761584 0.006413221 -0.00880593 0.008761167 0.006299853 -0.008823931 0.008834719 0.006299853 -0.008825778 0.008830368 0.006499946 0.00593549 -0.01019847 0.006499946 0.005027115 -0.01067543 0.006499946 -0.004915297 -0.01072728 0.006499946 -0.003964841 -0.01111388 0.006499946 -0.002984464 -0.01141613 0.006499946 -0.001981437 -0.01163238 0.006499946 -9.63574e-4 -0.01176059 0.006499946 6.16693e-5 -0.01179981 0.006499946 0.001086354 -0.01174986 0.006499946 0.002102971 -0.01161104 0.006499946 0.003103673 -0.0113843 0.006499946 0.004080832 -0.01107186 0.006499946 -0.008713304 0.008293032 0.006499946 -0.008880555 0.007858455 0.006499946 -0.009135425 0.00746876 0.006499946 -0.00974971 0.006646931 0.006499946 -0.01029008 0.005774915 0.006499946 -0.01075285 0.004859209 0.006499946 -0.01113426 0.003906786 0.006499946 -0.01143175 0.00292474 0.006499946 -0.01164263 0.0019207 0.006499946 -0.01176542 9.02098e-4 0.006499946 -0.01179915 -1.23337e-4 0.006499946 -0.01174402 -0.001147747 0.006499946 -0.01159971 -0.002163589 0.006499946 -0.01136791 -0.003163099 0.006499946 -0.01105034 -0.004138648 0.006499946 -0.01064908 -0.005082905 0.006499946 -0.0101673 -0.005988717 0.006499946 -0.009608626 -0.006849229 0.006499946 -0.008977353 -0.007658064 0.006499946 -0.008278191 -0.008408963 0.006499946 -0.007516384 -0.009096324 0.006499946 -0.006697714 -0.009714841 0.006499946 -0.005828619 -0.01025974 0.007369101 0.0119822 0 0.007754862 0.0119028 -9.25527e-4 0.007398486 0.01197654 -3.40307e-4 0.00748676 0.01195925 -6.85517e-4 0.008137226 0.01181238 -0.001851022 0.007799804 0.01189297 -0.001347184 0.007581949 0.01193988 -9.29523e-4 0.007369101 0.0119822 0.007224977 0.007716417 0.01191133 0.007265329 -0.004899919 -0.001887202 0.0122866 -0.004899919 -0.001600146 0.01236999 -0.004973173 -0.001856327 0.01222032 -0.004973173 -0.001590669 0.01229751 -0.004999995 -0.001813948 0.01212972 -0.004999995 -0.001577854 0.01219815 -0.004999995 -0.002161741 0.01202756 -0.004999995 -0.002429187 0.0120216 -0.004973173 -0.002175152 0.01212668 -0.004973173 -0.002420127 0.0121212 -0.004899919 -0.002184927 0.01219922 -0.004899919 -0.00241369 0.01219397 -0.004899919 -0.00271219 0.01217454 -0.004973173 -0.002696216 0.01210314 -0.004999995 -0.00267452 0.0120055 -0.004899919 -0.008022189 0.009551167 -0.004799962 -0.008039414 0.009571671 -0.004973173 -0.007975101 0.009495079 -0.004999995 -0.007910788 0.009418547 -0.004799962 -0.007245004 0.01018595 -0.004899919 -0.007229447 0.01016432 -0.004799962 -0.006403923 0.01073473 -0.004899919 -0.006390154 0.01071172 -0.004799962 -0.005521476 0.01121419 -0.004899919 -0.005509734 0.01119011 -0.004799962 -0.004603505 0.01162123 -0.004899919 -0.004593551 0.0115965 -0.004799962 -0.003655672 0.01195347 -0.004899919 -0.003647804 0.01192784 -0.004973173 -0.007187128 0.01010447 -0.004973173 -0.006352782 0.01064884 -0.004973173 -0.005477309 0.01112461 -0.004973173 -0.004566669 0.01152843 -0.004973173 -0.003626406 0.01185762 -0.004999995 -0.007129073 0.01002299 -0.004999995 -0.006301522 0.01056295 -0.004999995 -0.005433142 0.01103472 -0.004999995 -0.004529774 0.01143527 -0.004999995 -0.00359714 0.0117622 -0.004999995 0.007876515 0.009482026 -0.004999995 0.007614493 0.009659588 -0.004984736 0.007914781 0.009548306 -0.004973173 0.007676482 0.009738087 -0.004973173 0.007926523 0.009568631 -0.004899919 0.007721722 0.009795606 -0.004799962 0.007738411 0.009816646 -0.004799962 0.007976531 0.009655237 -0.004876494 0.007968902 0.009642064 -0.004899919 0.00796312 0.00963205 -0.004941344 0.007947266 0.009604513 -0.004799962 0.00712347 0.01027143 -0.004899919 0.007108271 0.01024931 -0.004973173 0.007066488 0.01018935 -0.004999995 0.007009506 0.0101071 -0.004999995 0.006690979 0.01038908 -0.004973173 0.006765723 0.01045554 -0.004899919 0.00682044 0.01050442 -0.004799962 0.006840348 0.01052206 -0.004899919 -9.70206e-5 0.01305443 -0.004973173 -2.55461e-5 0.01303839 -0.004973173 -9.97608e-5 0.01283299 -0.004999995 7.20899e-5 0.01301681 -0.004999995 -1.08559e-5 0.0127874 -0.004999995 -1.49566e-4 0.01258653 -0.004973173 -2.23869e-4 0.01265347 -0.004999995 -3.34881e-4 0.0124275 -0.004973173 -3.89678e-4 0.01251131 -0.004999995 -5.54567e-4 0.01232123 -0.004973173 -5.86239e-4 0.01241606 -0.004999995 -7.94118e-4 0.01227432 -0.004973173 -8.00574e-4 0.0123741 -0.004899919 -1.64844e-4 0.01286649 -0.004899919 -2.78264e-4 0.01270228 -0.004899919 -4.29792e-4 0.01257234 -0.004899919 -6.09424e-4 0.0124855 -0.004899919 -8.05301e-4 0.01244699 -0.004999995 0.01099979 0.007678747 -0.004984736 0.01103824 0.007744908 -0.004973173 0.0110498 0.007765293 -0.004941344 0.01107048 0.007801175 -0.004899919 0.01108658 0.007828712 -0.004876494 0.01109236 0.007838726 -0.004799962 0.01109999 0.007851958 -0.004501223 0.01186507 0.007279038 -0.004832029 0.01155447 0.007422447 -0.004796743 0.01157444 0.007497668 -0.00486654 0.01149886 0.007448196 -0.004999876 0.01101309 0.007672548 -0.004972577 0.0110625 0.007758975 -0.004799902 0.01111042 0.007845878 -0.004899442 0.01109796 0.007822275 -0.004737794 0.01157075 0.007559061 -0.004665613 0.01154375 0.007595658 -0.004447162 0.0118944 0.007265627 -0.004424989 0.01189041 0.007335484 -0.004393756 0.01186287 0.007395923 -0.004357755 0.0118153 0.007438838 -0.003999948 0.01199996 0.007216811 -0.003999948 0.01198792 0.007285237 -0.003999948 0.01195299 0.007345378 -0.003999948 0.01189976 0.007390022 0.0072757 0.01199555 0.007218897 0.007181525 0.01199996 0.007216811 0.007270753 0.01198381 0.007287383 0.007181525 0.01198792 0.007285237 0.007264316 0.01194936 0.007347524 0.007181525 0.01195299 0.007345378 0.007256746 0.01189643 0.007392108 0.007181525 0.01189976 0.007390022 0.007359445 0.01197153 0.007293701 0.007346451 0.01193785 0.007353842 0.00733155 0.01188576 0.007398188 0.007705569 0.01190108 0.007334113 0.007690787 0.01186788 0.007394254 0.007674038 0.01181572 0.0074386 0.008697688 0.01157343 0.007498264 0.00863856 0.01156944 0.007559657 0.00856626 0.01154255 0.007596254 0.008873164 0.0110498 0.007765293 0.00879997 0.01108658 0.007828712 0.008699953 0.01109999 0.007851958 0.004722893 0.006435275 0.01158612 0.004999995 0.00712347 0.01027143 0.004999518 0.00690788 0.01045078 0.004995048 0.006727755 0.01066422 0.004982829 0.006617665 0.01084429 0.004976034 0.006587088 0.0109061 0.004926562 0.006491899 0.01116448 0.004846811 0.006448209 0.01138395 0.006473124 -0.009212851 0.00753206 0.006473124 -0.009832322 0.006703317 0.006399989 -0.009269535 0.007578313 0.006399989 -0.009892821 0.006744444 0.006299853 -0.009290277 0.00759536 0.006299853 -0.009914934 0.006759524 0.006299853 -0.01046448 0.005872786 0.006399989 -0.0104413 0.005859673 0.006299853 -0.01093506 0.004941523 0.006399989 -0.01091068 0.004930496 0.006299853 -0.01132321 0.003972828 0.006399989 -0.01129788 0.003964126 0.006299853 -0.01162534 0.002974331 0.006399989 -0.01159954 0.002967715 0.006299853 -0.01183974 0.001953244 0.006399989 -0.01181352 0.001948893 0.006299853 -0.01196467 9.17388e-4 0.006399989 -0.01193815 9.15339e-4 0.006299853 -0.01199913 -1.25427e-4 0.006399989 -0.01197236 -1.25147e-4 0.006299853 -0.01194304 -0.001167178 0.006399989 -0.01191622 -0.001164615 0.006299853 -0.01179653 -0.002200305 0.006399989 -0.01177 -0.002195358 0.006299853 -0.01156061 -0.003216743 0.006399989 -0.01153481 -0.003209531 0.006299853 -0.01123768 -0.004208803 0.006399989 -0.0112124 -0.004199326 0.006299853 -0.01082938 -0.005169034 0.006399989 -0.01080524 -0.00515753 0.006299853 -0.01033943 -0.006090283 0.006399989 -0.01031655 -0.006076574 0.006299853 -0.009771466 -0.006965339 0.006399989 -0.00974965 -0.006949782 0.006299853 -0.009129464 -0.007787883 0.006399989 -0.009109079 -0.007770538 0.006299853 -0.0084185 -0.008551537 0.006399989 -0.008399665 -0.008532404 0.006299853 -0.007643759 -0.009250462 0.006399989 -0.007626712 -0.009229838 0.006299853 -0.00681138 -0.009879469 0.006399989 -0.006796002 -0.009857416 0.006299853 -0.005927324 -0.01043385 0.006399989 -0.005914092 -0.01041036 0.006299853 -0.004998624 -0.01090914 0.006399989 -0.004987478 -0.01088494 0.006299853 -0.004032075 -0.01130229 0.006399989 -0.004023075 -0.01127696 0.006299853 -0.003034949 -0.01160979 0.006399989 -0.003028154 -0.01158386 0.006299853 -0.002015054 -0.01182955 0.006399989 -0.002010524 -0.01180315 0.006299853 -9.79906e-4 -0.01195991 0.006399989 -9.77718e-4 -0.01193302 0.006299853 6.27146e-5 -0.0119996 0.006399989 6.25745e-5 -0.01197302 0.006299853 0.001104772 -0.011949 0.006399989 0.001102328 -0.01192224 0.006299853 0.002138555 -0.01180768 0.006399989 0.002133846 -0.01178151 0.006299853 0.003156185 -0.01157724 0.006399989 0.003149211 -0.01155143 0.006299853 0.004149973 -0.01125931 0.006399989 0.004140675 -0.01123434 0.006299853 0.00511229 -0.01085633 0.006399989 0.005100965 -0.01083219 0.006299853 0.006036162 -0.01037114 0.006399989 0.006022632 -0.01034814 0.006299853 0.007214248 -0.009589254 0.006399989 0.007198095 -0.009567856 0.006473124 -0.01037728 0.00582385 0.006473124 -0.01084411 0.004900336 0.006473124 -0.01122874 0.003939867 0.006473124 -0.01152861 0.002949476 0.006473124 -0.01174128 0.001936972 0.006473124 -0.01186496 9.09743e-4 0.006473124 -0.01189935 -1.24382e-4 0.006473124 -0.01184356 -0.001157522 0.006473124 -0.01169806 -0.002181947 0.006473124 -0.01146429 -0.003189921 0.006473124 -0.01114404 -0.004173696 0.006473124 -0.01073914 -0.005125999 0.006473124 -0.01025331 -0.0060395 0.006473124 -0.009690046 -0.006907284 0.006473124 -0.009053409 -0.007722914 0.006473124 -0.008348345 -0.00848025 0.006473124 -0.007579982 -0.009173393 0.006473124 -0.006754577 -0.009797155 0.006473124 -0.005878031 -0.01034677 0.006473124 -0.00495702 -0.01081836 0.006473124 -0.003998458 -0.01120787 0.006473124 -0.003009796 -0.01151305 0.006473124 -0.001998305 -0.01173079 0.006473124 -9.7174e-4 -0.01186025 0.006473124 6.2192e-5 -0.01189965 0.006473124 0.001095533 -0.0118494 0.006473124 0.002120733 -0.01170945 0.006473124 0.003129959 -0.0114808 0.006473124 0.004115343 -0.01116549 0.006473124 0.005069792 -0.01076591 0.006473124 0.005985856 -0.0102849 0.006473124 0.007154107 -0.009509325 0.006317198 0.00774008 -0.009169995 0.00637114 0.008175611 -0.008783996 0.006451368 0.008155882 -0.008778929 0.006460726 0.008529484 -0.008440792 0.006530404 0.008508265 -0.008443355 0.006517887 0.008116185 -0.008749604 0.006590664 0.008471012 -0.008426904 0.006315827 0.007720768 -0.009186327 0.006406724 0.007702887 -0.009172737 0.006477594 0.007660627 -0.00912863 0.006722033 0.009210705 -0.007691681 0.006793737 0.009370148 -0.007496595 0.006864011 0.009346365 -0.007503986 0.006749272 0.008899867 -0.007970988 0.006688833 0.008939683 -0.007984757 0.006618857 0.008962273 -0.00797975 0.006924629 0.009304106 -0.007493019 0.007875323 0.009304106 -0.007493019 0.007935822 0.009346365 -0.007503986 0.007856667 0.009356021 -0.007436037 0.008006215 0.009370148 -0.007496595 0.007914364 0.00939691 -0.007442772 0.007765889 0.009520351 -0.007249951 0.007744193 0.009547352 -0.007218599 0.007638335 0.009641766 -0.0071069 0.007522404 0.009696781 -0.0070405 0.007418036 0.009714722 -0.007018566 0.007311463 0.009705662 -0.007029712 0.007183015 0.009655177 -0.007090747 0.007082939 0.009576916 -0.007183969 0.006999731 0.009469985 -0.007307887 0.00781095 0.009556889 -0.007242918 0.007786393 0.009583115 -0.007209241 0.007667303 0.009674966 -0.007089436 0.007537007 0.009728491 -0.007018089 0.007420182 0.009745895 -0.006994605 0.007300913 0.009737074 -0.007006466 0.007156789 0.009688019 -0.007072091 0.007044017 0.009611904 -0.007172048 0.00695008 0.009507894 -0.007305145 0.007980406 0.00942105 -0.00743252 0.007860362 0.009581923 -0.007223904 0.007832407 0.009608268 -0.007188737 0.00769788 0.009700536 -0.007063806 0.007552385 0.00975424 -0.006989479 0.007422447 0.009771764 -0.006965041 0.007289886 0.009762883 -0.006977379 0.007128894 0.009713649 -0.007045865 0.007002294 0.009637176 -0.007149994 0.006894946 0.00953263 -0.007288873 0.008339226 0.008529484 -0.008440792 0.008286476 0.008515238 -0.008444547 0.008111119 0.008939683 -0.007984757 0.00805062 0.008899867 -0.007970988 0.008077859 0.009210705 -0.007691681 0.008181095 0.008962273 -0.00797975 0.008237659 0.008491396 -0.008437454 0.008196473 0.008459746 -0.00842005 0.008209168 0.008471012 -0.008426904 0.008359611 0.007493734 -0.009305536 0.008315324 0.007455885 -0.009260714 0.008281946 0.008003175 -0.008824884 0.008422076 0.007519364 -0.009334444 0.008494317 0.007529616 -0.009343624 0.008499979 0.007214248 -0.009589254 0.008315205 0.00714004 -0.009490609 0.008358538 0.007178962 -0.009542465 0.008423447 0.007205069 -0.009577095 0.008326113 0.008038103 -0.00885576 0.008382618 0.008063018 -0.008873522 0.008482635 0.007740378 -0.009169757 0.00844562 0.008075296 -0.008876264 0.008358538 0.005975902 -0.0103383 0.008423447 -0.01012533 0.006411433 0.008499979 0.006036162 -0.01037114 0.008423447 0.005997598 -0.01037585 0.008499979 0.006005108 -0.01038902 0.008499979 0.004708588 -0.0110374 0.008423447 0.004702568 -0.01102358 0.008499979 0.004149973 -0.01125931 0.008423447 0.003339052 -0.01151019 0.008499979 0.003343284 -0.01152467 0.008423447 0.00192672 -0.01182878 0.008499979 0.002138555 -0.01180768 0.008499979 -0.002015054 -0.01182955 0.008423447 -0.002394795 -0.01174288 0.008423447 -9.61309e-4 -0.01194614 0.008499979 0.001929104 -0.01184386 0.008499979 4.86872e-4 -0.01199007 0.008423447 4.86254e-4 -0.01197487 0.008499979 6.27146e-5 -0.0119996 0.008499979 -9.6253e-4 -0.01196128 0.008499979 -0.005927324 -0.01043385 0.008423447 -0.006404817 -0.01012969 0.008423447 -0.005136609 -0.01082801 0.008499979 -0.002397835 -0.01175791 0.008499979 -0.003798127 -0.01138281 0.008423447 -0.003793418 -0.01136857 0.008499979 -0.004032075 -0.01130229 0.008499979 -0.005143046 -0.01084172 0.008499979 -0.006412923 -0.01014262 0.008499979 -0.00758928 -0.009295284 0.008423447 -0.007579565 -0.009283483 0.008499979 -0.007643759 -0.009250462 0.008423447 -0.008643805 -0.008301734 0.008499979 -0.008654773 -0.008312284 0.008499979 -0.009129464 -0.007787883 0.008423447 -0.009581804 -0.00719881 0.008499979 -0.009593963 -0.00720793 0.008423447 -0.01037997 -0.005990803 0.008499979 -0.01033943 -0.006090283 0.008499979 -0.01179653 -0.002200305 0.008423447 -0.01183015 -0.001918852 0.008423447 -0.01151221 -0.003331482 0.008499979 -0.01039314 -0.005998373 0.008499979 -0.01104044 -0.004701316 0.008423447 -0.01102662 -0.004695415 0.008499979 -0.01123768 -0.004208803 0.008499979 -0.011527 -0.003335714 0.008499979 -0.01183974 0.001953244 0.008423447 -0.01174134 0.002402484 0.008423447 -0.0119453 9.69133e-4 0.008499979 -0.01184517 -0.001921296 0.008499979 -0.01199024 -4.79018e-4 0.008423447 -0.01197499 -4.7841e-4 0.008499979 -0.01199913 -1.25427e-4 0.008499979 -0.0119605 9.70364e-4 0.008499979 -0.01175636 0.002405524 0.008499979 -0.01138049 0.003805637 0.008423447 -0.01136595 0.003800809 0.008499979 -0.01132321 0.003972828 0.008423447 -0.01082468 0.005143702 0.008499979 -0.01013839 0.006419599 0.008499979 -0.01046448 0.005872786 0.008499979 -0.01083838 0.005150258 0.008358538 0.00468564 -0.01098352 0.008358538 0.003326952 -0.01146847 0.008358538 0.001919746 -0.01178604 0.008358538 4.84495e-4 -0.01193135 0.008358538 -9.57831e-4 -0.01190274 0.008358538 -0.002386093 -0.01170057 0.008358538 -0.00377959 -0.01132726 0.008358538 -0.005118012 -0.01078879 0.008358538 -0.00638169 -0.01009309 0.008358538 -0.007552087 -0.009249866 0.008358538 -0.008612513 -0.008271694 0.008358538 -0.009547114 -0.007172763 0.008358538 -0.01034224 -0.005969107 0.008358538 -0.01098656 -0.004678428 0.008358538 -0.01147055 -0.003319442 0.008358538 -0.01178735 -0.001911938 0.008358538 -0.01193171 -4.7668e-4 0.008358538 -0.01190227 9.65628e-4 0.008358538 -0.01169902 0.002393782 0.008358538 -0.01132494 0.0037871 0.008358538 -0.01078552 0.005125105 0.008358538 -0.01008892 0.006388247 0.008315205 0.005943477 -0.01028215 0.008315205 0.004660189 -0.01092398 0.008315205 0.003308892 -0.01140624 0.008315205 0.001909196 -0.01172184 0.008315205 4.81863e-4 -0.01186656 0.008315205 -9.52627e-4 -0.01183807 0.008315205 -0.002373099 -0.01163697 0.008315205 -0.003759086 -0.01126587 0.008315205 -0.005090177 -0.0107302 0.008315205 -0.006347 -0.01003807 0.008315205 -0.007511079 -0.009199619 0.008315205 -0.008565723 -0.008226752 0.008315205 -0.009495258 -0.007133722 0.008315205 -0.01028621 -0.005936682 0.008315205 -0.01092708 -0.004652917 0.008315205 -0.01140826 -0.003301382 0.008315205 -0.01172322 -0.001901507 0.008315205 -0.01186686 -4.7409e-4 0.008315205 -0.0118376 9.60381e-4 0.008315205 -0.01163542 0.002380788 0.008315205 -0.01126343 0.003766477 0.008315205 -0.01072686 0.00509727 0.008315205 -0.01003408 0.006353557 0.008873164 -0.009832322 0.006703317 0.00879997 -0.009892821 0.006744444 0.008699953 -0.009914934 0.006759524 0.008699953 -0.01046448 0.005872786 0.00879997 -0.0104413 0.005859673 0.008699953 -0.01093506 0.004941523 0.00879997 -0.01091068 0.004930496 0.008699953 -0.01132321 0.003972828 0.00879997 -0.01129788 0.003964126 0.008699953 -0.01162534 0.002974331 0.00879997 -0.01159954 0.002967715 0.008699953 -0.01183974 0.001953244 0.00879997 -0.01181352 0.001948893 0.008699953 -0.01196467 9.17388e-4 0.00879997 -0.01193815 9.15339e-4 0.008699953 -0.01199913 -1.25427e-4 0.00879997 -0.01197236 -1.25147e-4 0.008699953 -0.01194304 -0.001167178 0.00879997 -0.01191622 -0.001164615 0.008699953 -0.01179653 -0.002200305 0.00879997 -0.01177 -0.002195358 0.008699953 -0.01156061 -0.003216743 0.00879997 -0.01153481 -0.003209531 0.008699953 -0.01123768 -0.004208803 0.00879997 -0.0112124 -0.004199326 0.008699953 -0.01082938 -0.005169034 0.00879997 -0.01080524 -0.00515753 0.008699953 -0.01033943 -0.006090283 0.00879997 -0.01031655 -0.006076574 0.008699953 -0.009771466 -0.006965339 0.00879997 -0.00974965 -0.006949782 0.008699953 -0.009129464 -0.007787883 0.00879997 -0.009109079 -0.007770538 0.008699953 -0.0084185 -0.008551537 0.00879997 -0.008399665 -0.008532404 0.008699953 -0.007643759 -0.009250462 0.00879997 -0.007626712 -0.009229838 0.008699953 -0.00681138 -0.009879469 0.00879997 -0.006796002 -0.009857416 0.008699953 -0.005927324 -0.01043385 0.00879997 -0.005914092 -0.01041036 0.008699953 -0.004998624 -0.01090914 0.00879997 -0.004987478 -0.01088494 0.008699953 -0.004032075 -0.01130229 0.00879997 -0.004023075 -0.01127696 0.008699953 -0.003034949 -0.01160979 0.00879997 -0.003028154 -0.01158386 0.008699953 -0.002015054 -0.01182955 0.00879997 -0.002010524 -0.01180315 0.008699953 -9.79906e-4 -0.01195991 0.00879997 -9.77718e-4 -0.01193302 0.008699953 6.27146e-5 -0.0119996 0.00879997 6.25745e-5 -0.01197302 0.008699953 0.001104772 -0.011949 0.00879997 0.001102328 -0.01192224 0.008699953 0.002138555 -0.01180768 0.00879997 0.002133846 -0.01178151 0.008699953 0.003156185 -0.01157724 0.00879997 0.003149211 -0.01155143 0.008699953 0.004149973 -0.01125931 0.00879997 0.004140675 -0.01123434 0.008699953 0.00511229 -0.01085633 0.00879997 0.005100965 -0.01083219 0.008699953 0.006036162 -0.01037114 0.00879997 0.006022632 -0.01034814 0.008699953 0.006914258 -0.009807765 0.00879997 0.00689882 -0.00978589 0.008699953 0.00774008 -0.009170055 0.00879997 0.007722795 -0.00914961 0.008699953 0.00850737 -0.008463025 0.00879997 0.008488416 -0.00844413 0.008699953 0.009210407 -0.007692039 0.00879997 0.009189844 -0.007674813 0.008699953 0.009843766 -0.006862819 0.00879997 0.009821772 -0.00684756 0.008699953 0.01040256 -0.005981743 0.00879997 0.01037949 -0.005968511 0.008699953 0.01082563 -0.005177319 0.00879997 0.01080143 -0.005165815 0.008699953 0.01118642 -0.004343152 0.00879997 0.01116126 -0.004333496 0.008873164 -0.01037728 0.00582385 0.008873164 -0.01084411 0.004900336 0.008873164 -0.01122874 0.003939867 0.008873164 -0.01152861 0.002949476 0.008873164 -0.01174128 0.001936972 0.008873164 -0.01186496 9.09743e-4 0.008873164 -0.01189935 -1.24382e-4 0.008873164 -0.01184356 -0.001157522 0.008873164 -0.01169806 -0.002181947 0.008873164 -0.01146429 -0.003189921 0.008873164 -0.01114404 -0.004173696 0.008873164 -0.01073914 -0.005125999 0.008873164 -0.01025331 -0.0060395 0.008873164 -0.009690046 -0.006907284 0.008873164 -0.009053409 -0.007722914 0.008873164 -0.008348345 -0.00848025 0.008873164 -0.007579982 -0.009173393 0.008873164 -0.006754577 -0.009797155 0.008873164 -0.005878031 -0.01034677 0.008873164 -0.00495702 -0.01081836 0.008873164 -0.003998458 -0.01120787 0.008873164 -0.003009796 -0.01151305 0.008873164 -0.001998305 -0.01173079 0.008873164 -9.7174e-4 -0.01186025 0.008873164 6.2192e-5 -0.01189965 0.008873164 0.001095533 -0.0118494 0.008873164 0.002120733 -0.01170945 0.008873164 0.003129959 -0.0114808 0.008873164 0.004115343 -0.01116549 0.008873164 0.005069792 -0.01076591 0.008873164 0.005985856 -0.0102849 0.008873164 0.00685662 -0.009726047 0.008873164 0.007675588 -0.009093642 0.008873164 0.008436501 -0.008392512 0.008873164 0.009133636 -0.007627964 0.008873164 0.00976175 -0.006805658 0.008873164 0.01031601 -0.005932033 0.008873164 0.01073539 -0.005134165 0.008873164 0.01109308 -0.004306972 0.008694529 0.01128119 -0.004090726 0.00866568 0.01142197 -0.003678858 0.008748769 0.01140695 -0.003665924 0.008816719 0.01135998 -0.003644168 0.008456289 0.01165479 -0.002857327 0.008367717 0.01168447 -0.002732694 0.007928431 0.01181852 -0.002077937 0.007891893 0.01182878 -0.002019286 0.007581174 0.01190966 -0.001469612 0.007379353 0.01195693 -0.001013994 0.007290959 0.01197654 -7.47837e-4 0.007208943 0.01199424 -3.71244e-4 0.007181525 0.01199996 0 -0.004794538 0.01128119 -0.004090726 -0.004799962 0.01118642 -0.004343152 -0.004899919 0.01116126 -0.004333496 -0.004006803 0.01199996 -2.10246e-5 -0.004287958 0.01195663 -9.63248e-4 -0.004308104 0.01195114 -9.57752e-4 -0.004246473 0.0119602 -9.73986e-4 -0.004267394 0.01195967 -9.6868e-4 -0.00446403 0.01184886 -0.001897156 -0.004505217 0.01184588 -0.0018875 -0.004503071 0.011819 -0.002076268 -0.004703283 0.01166462 -0.002773523 -0.004498839 0.0118665 -0.001582801 -0.004544496 0.01183438 -0.001876771 -0.00458014 0.01181429 -0.001865506 -0.004758596 0.01163882 -0.002757549 -0.004802227 0.01159667 -0.002739787 -0.004787147 0.01160168 -0.002892792 -0.004831254 0.01155585 -0.002873778 -0.004729688 0.01163029 -0.00290966 -0.004847526 0.01141053 -0.003655612 -0.004915297 0.01136386 -0.003633916 -0.004955828 0.01129359 -0.003607392 -0.004864871 0.01150172 -0.003040373 -0.004764676 0.01142525 -0.003668606 -0.004999995 0.01099979 -0.004270792 -0.004973173 0.01109308 -0.004306972 -0.004665017 0.01163864 -0.002922475 -0.004641771 0.01167196 -0.002786219 -0.004973173 0.01073539 -0.005134165 -0.004899919 0.01080143 -0.005165815 -0.004799962 0.01082563 -0.005177319 -0.004799962 0.01040256 -0.005981743 -0.004899919 0.01037949 -0.005968511 -0.004799962 0.009843766 -0.006862819 -0.004899919 0.009821772 -0.00684756 -0.004799962 0.009210407 -0.007692039 -0.004899919 0.009189844 -0.007674813 -0.004799962 0.00850737 -0.008463025 -0.004899919 0.008488416 -0.00844413 -0.004799962 0.00774008 -0.009170055 -0.004899919 0.007722795 -0.00914961 -0.004799962 0.006914258 -0.009807765 -0.004899919 0.00689882 -0.00978589 -0.004799962 0.006036162 -0.01037114 -0.004899919 0.006022632 -0.01034814 -0.004799962 0.00511229 -0.01085633 -0.004899919 0.005100965 -0.01083219 -0.004799962 0.004149973 -0.01125931 -0.004899919 0.004140675 -0.01123434 -0.004799962 0.003156185 -0.01157724 -0.004899919 0.003149211 -0.01155143 -0.004799962 0.002138555 -0.01180768 -0.004899919 0.002133846 -0.01178151 -0.004799962 0.001104772 -0.011949 -0.004899919 0.001102328 -0.01192224 -0.004799962 6.27146e-5 -0.0119996 -0.004899919 6.25745e-5 -0.01197302 -0.004799962 -9.79906e-4 -0.01195991 -0.004899919 -9.77718e-4 -0.01193302 -0.004799962 -0.002015054 -0.01182955 -0.004899919 -0.002010524 -0.01180315 -0.004799962 -0.003034949 -0.01160979 -0.004899919 -0.003028154 -0.01158386 -0.004799962 -0.004032075 -0.01130229 -0.004899919 -0.004023075 -0.01127696 -0.004799962 -0.004998624 -0.01090914 -0.004899919 -0.004987478 -0.01088494 -0.004799962 -0.005927324 -0.01043385 -0.004899919 -0.005914092 -0.01041036 -0.004799962 -0.00681138 -0.009879469 -0.004899919 -0.006796002 -0.009857416 -0.004799962 -0.007643759 -0.009250462 -0.004899919 -0.007626712 -0.009229838 -0.004799962 -0.0084185 -0.008551537 -0.004899919 -0.008399665 -0.008532404 -0.004799962 -0.009129464 -0.007787883 -0.004899919 -0.009109079 -0.007770538 -0.004799962 -0.009771466 -0.006965339 -0.004899919 -0.00974965 -0.006949782 -0.004799962 -0.01033943 -0.006090283 -0.004899919 -0.01031655 -0.006076574 -0.004799962 -0.01082938 -0.005169034 -0.004899919 -0.01080524 -0.00515753 -0.004799962 -0.01123768 -0.004208803 -0.004899919 -0.0112124 -0.004199326 -0.004799962 -0.01156061 -0.003216743 -0.004899919 -0.01153481 -0.003209531 -0.004799962 -0.01179653 -0.002200305 -0.004899919 -0.01177 -0.002195358 -0.004799962 -0.01194304 -0.001167178 -0.004899919 -0.01191622 -0.001164615 -0.004799962 -0.01199913 -1.25427e-4 -0.004899919 -0.01197236 -1.25147e-4 -0.004799962 -0.01196467 9.17388e-4 -0.004899919 -0.01193815 9.15339e-4 -0.004799962 -0.01183974 0.001953244 -0.004899919 -0.01181352 0.001948893 -0.004799962 -0.01162534 0.002974331 -0.004899919 -0.01159954 0.002967715 -0.004799962 -0.01132321 0.003972828 -0.004899919 -0.01129788 0.003964126 -0.004799962 -0.01093506 0.004941523 -0.004899919 -0.01091068 0.004930496 -0.004799962 -0.01046448 0.005872786 -0.004899919 -0.0104413 0.005859673 -0.004799962 -0.009914934 0.006759524 -0.004899919 -0.009892821 0.006744444 -0.004799962 -0.009290277 0.00759536 -0.004899919 -0.009269535 0.007578313 -0.004973173 0.01031601 -0.005932033 -0.004973173 0.00976175 -0.006805658 -0.004973173 0.009133636 -0.007627964 -0.004973173 0.008436501 -0.008392512 -0.004973173 0.007675588 -0.009093642 -0.004973173 0.00685662 -0.009726047 -0.004973173 0.005985856 -0.0102849 -0.004973173 0.005069792 -0.01076591 -0.004973173 0.004115343 -0.01116549 -0.004973173 0.003129959 -0.0114808 -0.004973173 0.002120733 -0.01170945 -0.004973173 0.001095533 -0.0118494 -0.004973173 6.2192e-5 -0.01189965 -0.004973173 -9.7174e-4 -0.01186025 -0.004973173 -0.001998305 -0.01173079 -0.004973173 -0.003009796 -0.01151305 -0.004973173 -0.003998458 -0.01120787 -0.004973173 -0.00495702 -0.01081836 -0.004973173 -0.005878031 -0.01034677 -0.004973173 -0.006754577 -0.009797155 -0.004973173 -0.007579982 -0.009173393 -0.004973173 -0.008348345 -0.00848025 -0.004973173 -0.009053409 -0.007722914 -0.004973173 -0.009690046 -0.006907284 -0.004973173 -0.01025331 -0.0060395 -0.004973173 -0.01073914 -0.005125999 -0.004973173 -0.01114404 -0.004173696 -0.004973173 -0.01146429 -0.003189921 -0.004973173 -0.01169806 -0.002181947 -0.004973173 -0.01184356 -0.001157522 -0.004973173 -0.01189935 -1.24382e-4 -0.004973173 -0.01186496 9.09743e-4 -0.004973173 -0.01174128 0.001936972 -0.004973173 -0.01152861 0.002949476 -0.004973173 -0.01122874 0.003939867 -0.004973173 -0.01084411 0.004900336 -0.004973173 -0.01037728 0.00582385 -0.004973173 -0.009832322 0.006703317 -0.004973173 -0.009212851 0.00753206 -0.004999995 0.01064521 -0.005091071 -0.004999995 0.01022917 -0.005882084 -0.004999995 0.009679675 -0.006748497 -0.004999995 0.009056866 -0.007563829 -0.004999995 0.008365631 -0.008322 -0.004999995 0.007611036 -0.009017229 -0.004999995 0.006798923 -0.009644329 -0.004999995 0.00593549 -0.01019847 -0.004999995 0.005027115 -0.01067543 -0.004999995 0.004080832 -0.01107186 -0.004999995 0.003103673 -0.0113843 -0.004999995 0.002102971 -0.01161104 -0.004999995 0.001086354 -0.01174986 -0.004999995 6.16693e-5 -0.01179981 -0.004999995 -9.63574e-4 -0.01176059 -0.004999995 -0.001981437 -0.01163238 -0.004999995 -0.002984464 -0.01141613 -0.004999995 -0.003964841 -0.01111388 -0.004999995 -0.004915297 -0.01072728 -0.004999995 -0.005828619 -0.01025974 -0.004999995 -0.006697714 -0.009714841 -0.004999995 -0.007516384 -0.009096324 -0.004999995 -0.008278191 -0.008408963 -0.004999995 -0.008977353 -0.007658064 -0.004999995 -0.009608626 -0.006849229 -0.004999995 -0.0101673 -0.005988717 -0.004999995 -0.01064908 -0.005082905 -0.004999995 -0.01105034 -0.004138648 -0.004999995 -0.01136791 -0.003163099 -0.004999995 -0.01159971 -0.002163589 -0.004999995 -0.01174402 -0.001147747 -0.004999995 -0.01179915 -1.23337e-4 -0.004999995 -0.01176542 9.02098e-4 -0.004999995 -0.01164263 0.0019207 -0.004999995 -0.01143175 0.00292474 -0.004999995 -0.01113426 0.003906786 -0.004999995 -0.01075285 0.004859209 -0.004999995 -0.01029008 0.005774915 -0.004999995 -0.00974971 0.006646931 -0.004999995 -0.009135425 0.00746876 -0.004999995 -0.008686184 0.00840646 -0.004973173 -0.008784055 0.008427143 -0.004899919 -0.00885564 0.008442223 -0.004799962 -0.008881866 0.008447766 -0.004999995 -0.008785426 0.008071303 -0.004973173 -0.008878707 0.008107185 -0.004999995 -0.008936405 0.007756054 -0.004973173 -0.009022891 0.007806301 -0.004899919 -0.008947074 0.008133471 -0.004899919 -0.009086191 0.007843077 -0.004799962 -0.008972048 0.008143126 -0.004799962 -0.009109377 0.007856547 0.006399989 -0.009034693 0.007937371 0.006473124 -0.008809924 0.008318841 0.006473124 -0.008969545 0.007903993 0.006399989 -0.008880674 0.008337736 0.006299853 -0.009058535 0.00794959 0.006299853 -0.008906543 0.008344709 -0.003999948 0.01199996 0 -0.003999948 6.03647e-4 0.01547348 -0.004535317 0.003852069 0.01353132 -0.001325786 3.86721e-4 0.01538729 -0.002284586 4.64494e-4 0.01541835 0.004962444 0.004085123 0.01261264 0.004965007 0.004367649 0.01243954 0.004963636 0.004832208 0.01215583 0.004961371 0.005059838 0.01201683 -0.004129052 6.41004e-4 0.01546102 -0.004581511 9.26604e-4 0.01532346 0.002199411 0.006446838 0.01139461 -5.6209e-5 0.006435275 0.01158612 7.59761e-4 0.006438851 0.01151728 8.24426e-4 2.75553e-4 0.01527965</float_array>
          <technique_common>
            <accessor source="#MRH-F-Distal-Visual_00_005-mesh-positions-array" count="1791" stride="3">
              <param name="X" type="float"/>
              <param name="Y" type="float"/>
              <param name="Z" type="float"/>
            </accessor>
          </technique_common>
        </source>
        <source id="MRH-F-Distal-Visual_00_005-mesh-normals">
          <float_array id="MRH-F-Distal-Visual_00_005-mesh-normals-array" count="10263">0.220294 -0.8232674 -0.5231649 0.2221317 -0.8227967 -0.5231282 0.8325958 -0.520646 0.1889764 0.833783 -0.5185937 0.1893849 0.7568843 -0.6531843 0.02183026 0.6054625 -0.7722285 -0.1925575 0.6065434 -0.7714384 -0.1923232 0.8324597 -0.5206503 0.1895635 0.8322181 -0.5210673 0.1894786 0.6058701 -0.772017 -0.1921231 0.6052382 -0.7724786 -0.1922589 0.2208689 -0.8225998 -0.5239719 0.220906 -0.8225885 -0.523974 -0.1915725 -0.853464 -0.484664 -0.2889129 -0.9563524 0.0438112 0.3480975 -0.7908608 0.5033563 -0.1018141 -0.8305854 0.5475051 -0.3480954 -0.7908599 0.5033592 -0.3874244 -0.7945181 0.4675931 -0.5272756 -0.7311922 0.4328261 -0.7200831 -0.6205943 0.3103919 0.7212436 -0.6170626 0.3147085 0.7146138 -0.6248463 0.3144747 0.6539479 -0.7427434 0.1438208 0.5241376 -0.8471519 -0.08725672 0.2889135 -0.956359 0.04366201 0.1067491 -0.8929389 -0.4373382 0.1018147 -0.8305816 0.5475108 0 -0.8550627 0.5185247 0 -0.9958587 0.09091478 -0.2889611 -0.9563376 0.04381871 -0.1067489 -0.8929381 -0.4373401 0.1946779 -0.8518198 -0.4863165 0.5258051 -0.8456338 -0.09182947 -0.7157527 -0.6206257 0.3201904 -0.6535642 -0.742972 0.1443833 -0.5240074 -0.8472689 -0.08690053 -0.5274009 -0.8441478 -0.09624361 0.5257551 -0.7318853 0.4335038 0.387206 -0.7945044 0.4677975 0.2887346 -0.9564042 0.04385888 0 -0.9958582 0.09092086 0 -0.9075409 -0.4199639 -0.8323399 -0.5208562 0.1895238 -0.8323092 -0.5208186 0.1897621 -0.6053038 -0.7722969 -0.1927824 -0.6054824 -0.772392 -0.1918376 -0.2208739 -0.8226231 -0.5239333 -0.2208853 -0.8226339 -0.5239116 -0.220914 -0.8225821 -0.5239808 -0.2209053 -0.8225718 -0.5240005 -0.6051157 -0.7725065 -0.1925322 -0.8330708 -0.5192399 0.1907438 -0.8333634 -0.5197131 0.1881595 -0.7568998 -0.6531655 0.02184993 -0.6050071 -0.7724528 -0.1930886 -0.6710739 -0.6791075 -0.2974439 -0.8759525 -0.4656586 0.1259739 -0.2339711 -0.809273 -0.5388273 -0.2340196 -0.8076216 -0.5412784 -0.8736733 -0.4668204 0.1370174 -0.9193814 -0.3908017 0.04485511 -0.9170465 -0.3951953 0.05335253 -0.2450717 -0.7901394 -0.5618003 -0.245562 -0.7883312 -0.5641216 -0.6684805 -0.6832107 -0.2938657 -0.6384211 -0.734323 -0.2306258 -0.6385727 -0.7320847 -0.2372276 -0.258765 -0.7626342 -0.5928152 -0.2574335 -0.7611643 -0.595279 -0.7034198 -0.6035351 -0.3754279 -0.7001833 -0.6021475 -0.3836168 -0.9568156 -0.2845273 -0.05956691 -0.9555655 -0.2854157 -0.07370698 0.6882262 -0.6389891 -0.3435662 0.7912724 -0.5113481 -0.335278 0.9625198 -0.2516629 -0.1011013 0.2576205 -0.7550238 -0.6029683 0.2587602 -0.7535119 -0.6043701 0.9598848 -0.2626692 -0.09811389 0.942974 -0.3324648 -0.01634854 0.9401378 -0.3406424 -0.01019459 0.250012 -0.7773103 -0.5773065 0.2526162 -0.7726409 -0.5824185 0.6879822 -0.640833 -0.3406081 0.7022797 -0.5866559 -0.4032844 0.5910416 -0.7440772 -0.3114789 0.2384321 -0.8023481 -0.5471636 0.2403234 -0.8012481 -0.5479473 0.6499796 -0.7164576 -0.2534073 0.6564873 -0.7102458 -0.2541168 0.8897463 -0.4447501 0.1027095 0.8955676 -0.4328479 0.1029637 -1 0 0 -1 -4.06501e-6 0 -1 -6.61603e-7 0 -1 -9.31411e-7 0 -1 2.56177e-7 0 -1 -4.60256e-7 0 -1 0 0 -1 -5.66554e-7 0 0 -0.7660334 -0.6428008 2.06328e-5 -0.7661263 -0.64269 0 -0.7660485 -0.6427829 0 -0.7661086 -0.6427113 -6.63298e-5 -0.7658814 -0.6429818 -2.52684e-4 -0.7656152 -0.6432988 6.12029e-4 -0.7681449 -0.6402759 2.18897e-5 -0.7660427 -0.6427897 -1.04637e-4 -0.7659342 -0.642919 0 -0.7660499 -0.6427811 0 -0.8949749 0.4461166 0.9993017 -0.03075039 0.02122813 0.1948842 -0.8071514 0.5572493 0.1296018 -0.8054667 0.5782966 0.4424063 -0.7449323 0.4993523 0.3825129 -0.7603563 0.5249214 0.6085494 -0.6530168 0.4508181 0.6340646 -0.6398702 0.4341984 0.7935266 -0.4981617 0.3495004 0.8123322 -0.479931 0.3313347 0.8966084 -0.3644148 0.2515856 0.9102289 -0.3424761 0.2327953 0.9807676 -0.1563918 0.1167759 0.9708245 -0.1870033 0.1500988 0.9924585 -0.09881222 0.07254153 0.8531172 -0.3783619 0.359212 0.8646557 -0.3699238 0.3398926 0.9048746 -0.3241289 0.2759392 0.8655166 -0.352702 0.3556436 0.8661012 -0.4783648 0.145038 0.8641186 -0.4752662 0.1655939 0.8735355 -0.4545954 0.1740083 0.8616592 -0.4617867 0.2104672 0.8660513 -0.4496087 0.2186484 0.8658707 -0.4340952 0.2486554 0.8651557 -0.4356497 0.2484254 0.8666378 -0.408151 0.2869699 0.8658381 -0.4098882 0.2869078 0.8660556 -0.389846 0.3129984 0.8657107 -0.487511 0.1134816 0.8720828 -0.4750328 0.1175398 0.8606428 -0.5044867 0.06918907 0.8659222 -0.4945423 0.07487803 0.8660359 -0.49873 0.03535884 0.8624878 -0.5052389 0.029132 0.870527 -0.4920024 -0.0107969 0.8659142 -0.4998883 -0.01744771 0.866144 -0.4979186 -0.04326564 0.8618415 -0.5007421 -0.08054012 0.8790702 -0.4728202 -0.06063634 0.8616585 -0.495262 -0.1107261 0.8633091 -0.4193322 -0.280817 0.8738639 -0.4136261 -0.2554906 0.8618412 -0.4456933 -0.2420482 0.8660711 -0.445858 -0.2261232 0.865872 -0.4598133 -0.1970723 0.866258 -0.4594063 -0.1963238 0.8654197 -0.4767877 -0.1540201 0.8658457 -0.4762696 -0.153227 0.866022 -0.4849813 -0.1216524 0.8658776 -0.2868761 -0.4098268 0.8715921 -0.287577 -0.3970224 0.8620415 -0.327717 -0.3866344 0.8660624 -0.3294811 -0.3760031 0.8659263 -0.3573167 -0.3499947 0.86189 -0.3584256 -0.3587154 0.8704867 -0.3819342 -0.3104502 0.8657287 -0.3849514 -0.319885 0.8660737 -0.4046605 -0.2935408 0.86268 -0.02809262 -0.5049695 0.8740133 -0.04784083 -0.4835412 0.8621776 -0.07472538 -0.5010649 0.8660374 -0.08900326 -0.4919936 0.8658326 -0.1191511 -0.4859393 0.8674452 -0.120629 -0.4826879 0.8644571 -0.1643635 -0.4750776 0.8659235 -0.1656047 -0.4719657 0.8658836 -0.20657 -0.4556035 0.8571495 -0.202011 -0.4738001 0.8770918 -0.2378627 -0.4172906 0.8638504 -0.2381591 -0.4438953 0.8661058 -0.2659611 -0.4232321 0.8658778 0.1547218 -0.4757277 0.8726419 0.1420785 -0.4672365 0.8617408 0.1117796 -0.4948819 0.8660159 0.1006509 -0.4897815 0.865866 0.06456875 -0.4960917 0.8630295 0.06900644 -0.5004181 0.8688943 0.01832938 -0.4946583 0.865803 0.02222096 -0.4998914 0.8660989 -0.01055562 -0.4997613 -0.7063461 0.2059584 -0.6772418 -0.7068953 -0.2774134 -0.6506465 -0.7070156 -0.5724452 -0.4152536 -0.706959 -0.6860021 -0.1720763 -0.7066357 -0.7010158 0.09614092 0.2583708 -0.9021895 0.3453963 0.7058334 -0.06974542 -0.7049361 0.7066469 -0.1259557 -0.6962653 0.7065245 -0.2343086 -0.6677744 0.7067584 -0.3764035 -0.5990099 0.7061213 -0.5446017 -0.4525502 0.7068169 -0.6308971 -0.3199669 0.706533 -0.6736738 -0.2167367 0.7068088 -0.7047497 -0.06123101 0.7421812 -0.4860429 0.4614428 0.7057509 -0.508096 0.4937146 0.5412996 -0.6098366 0.5788732 0.7552697 -0.5693504 0.3246657 0.7067779 -0.6361953 0.3093874 0.7061024 -0.6613038 0.2531738 0.7059615 -0.6614486 0.2531881 0.7067297 -0.6770492 0.2052745 0.7064066 -0.701242 0.09617328 0.7065885 -0.7058532 0.05004113 0.7061582 -0.7078838 -0.01553314 0.7060433 -0.6991828 -0.1124558 0.7067269 -0.686227 -0.1721323 0.7486419 -0.6096406 -0.260526 0.7060419 -0.6024999 -0.3721543 0.7067872 -0.5726277 -0.4153907 0.7719943 -0.4492766 -0.4496392 0.7066281 -0.4663308 -0.532177 0.7060957 -0.4153906 -0.5734802 0.7059917 -0.3348296 -0.6240713 0.7066658 -0.2774997 -0.6508591 0.7418692 -0.1625763 -0.6505375 0.7061154 0.2060065 -0.6774677 0.7060378 0.2060477 -0.677536 0.706679 0.1424227 -0.6930516 0.7661717 0.08779007 -0.6366112 0.1047368 -0.7212611 0.6846989 -0.258306 -0.9396699 0.2242732 0.2583755 -0.9396528 0.2242656 0.2583057 -0.9396736 0.2242587 0.7187814 -0.6762446 0.1613895 0.7059636 -0.689806 0.1605714 0.2584683 0.03151702 -0.9655055 0.7065853 0.03142237 -0.7069299 0.7063339 0.1154441 -0.6984018 0.258457 0.1575437 -0.9530897 0.2584591 0.2810717 -0.9242282 -0.2583968 -0.7816467 0.5676792 -0.2583367 -0.8492522 0.4604706 -0.2583243 -0.7816525 0.5677042 0.2583985 -0.7816361 0.5676929 0.2581409 -0.6920866 0.6740767 0.3578115 -0.6772643 0.6428718 0.7067624 -0.5516498 0.4429101 0.7371724 -0.5467287 0.3970702 0.2583251 -0.7816601 0.5676934 0.2583359 -0.8492526 0.46047 -0.2583464 -0.8492521 0.4604651 -0.2583447 -0.9021956 0.3454001 -0.7061915 -0.6612205 0.2531424 -0.7069607 -0.6768279 0.205209 -0.2584732 0.03166031 -0.9654995 -0.2577598 0.03152287 -0.9656948 -0.2577663 0.1575731 -0.953272 0.3581226 0.2912865 -0.8870741 0.1038511 0.2893122 -0.9515847 -0.1039689 0.2893093 -0.9515728 0.7065675 -0.01493954 -0.707488 0.7299234 0.02240222 -0.6831617 0.257768 0.03166621 -0.9656878 0.2577642 0.157711 -0.9532497 -0.2584597 0.1576811 -0.9530664 -0.258241 0.292903 -0.9206082 -0.3574946 0.2717294 -0.8935104 -0.7062758 -0.5134124 0.4874241 -0.7423352 -0.4788666 0.4686419 -0.5428612 -0.6091083 0.5781772 -0.2583661 -0.7006559 0.6650776 -0.3581867 -0.6628028 0.6575673 -0.1047372 -0.7212584 0.6847018 -0.706334 -0.6611016 0.2530556 -0.7070093 -0.6359865 0.3092882 -0.7410247 -0.5902917 0.3200596 -0.7066324 -0.6146665 0.3505079 -0.7062144 -0.5728569 0.4160485 -0.7471867 -0.5444833 0.3811169 -0.7069909 -0.5514747 0.4427636 -0.7061951 -0.6895809 0.1605198 -0.7190084 -0.6760165 0.1613345 -0.2583765 -0.9396555 0.2242528 -0.2583719 -0.9021915 0.3453904 0.2583436 -0.9021989 0.3453923 0.258348 -0.8492501 0.4604678 0.7059853 -0.6225968 0.337577 0.7063331 -0.5799291 0.4059262 0.7450255 -0.6634975 0.06861758 0.2582901 -0.9609426 0.09937655 0.2583241 -0.9609329 0.09938174 -0.2582901 -0.9609419 0.09938275 -0.2583251 -0.9609332 0.09937596 -0.7062516 -0.7042055 0.07282549 -0.776408 -0.6286525 0.04457056 -0.7070384 -0.7045212 -0.06121045 0.7203438 -0.6933412 -0.01956683 0.258339 -0.96567 -0.02724951 0.2582889 -0.9656831 -0.02726066 -0.258339 -0.9656698 -0.02725923 -0.2582918 -0.9656826 -0.02725124 -0.7205664 -0.6931101 -0.01955986 -0.7063928 -0.7076498 -0.01552814 0.7060545 -0.6991721 -0.112452 0.2584984 -0.9537545 -0.153398 0.2583361 -0.9537924 -0.1534362 -0.2584985 -0.9537492 -0.1534305 -0.2583387 -0.9537967 -0.1534045 -0.7062776 -0.6989523 -0.1124171 -0.7062827 -0.698947 -0.1124179 0.7400879 -0.6442743 -0.1928226 0.2582599 -0.9255149 -0.2769914 0.2585545 -0.9254555 -0.2769146 -0.25826 -0.9255317 -0.2769348 -0.258552 -0.9254395 -0.2769705 -0.7063633 -0.6781297 -0.2029557 -0.7536578 -0.6256837 -0.2012959 -0.7070458 -0.630693 -0.3198634 0.706139 -0.6459507 -0.2900265 0.2584707 -0.8812673 -0.3956778 0.2582592 -0.8813008 -0.3957415 -0.2584729 -0.8812481 -0.3957191 -0.2582606 -0.8813173 -0.3957036 -0.7382107 -0.6153879 -0.276302 -0.7067311 -0.650568 -0.2780152 0.7061133 -0.6024495 -0.3721004 0.2582413 -0.8219402 -0.507667 0.258507 -0.8219069 -0.5075858 -0.2582418 -0.8219675 -0.5076227 -0.2585048 -0.8218784 -0.507633 -0.7062721 -0.6023156 -0.3720159 -0.706345 -0.6022419 -0.3719965 0.7249186 -0.5336199 -0.4355949 0.2585295 -0.748335 -0.610866 0.2582487 -0.7483561 -0.6109589 -0.2585318 -0.7482975 -0.610911 -0.2582452 -0.748395 -0.6109127 -0.7061657 -0.5485026 -0.4477441 -0.7276995 -0.5275304 -0.4383667 -0.7068589 -0.4661779 -0.5320044 0.7059208 -0.4853713 -0.5158396 0.2584611 -0.661987 -0.7035419 0.2585716 -0.6619842 -0.7035039 -0.2584639 -0.6620019 -0.7035268 -0.2585685 -0.6619681 -0.7035201 -0.7450034 -0.4571176 -0.4858123 -0.7066913 -0.5000911 -0.5004962 -0.7069931 -0.3762919 -0.5988032 0.7137591 -0.4090607 -0.5685221 0.2584143 -0.5642063 -0.7841514 0.2584707 -0.564207 -0.7841324 -0.2584116 -0.5642167 -0.7841448 -0.2584729 -0.5641971 -0.7841387 -0.7139877 -0.4089234 -0.5683338 -0.7063266 -0.4152571 -0.5732926 0.705995 -0.3348273 -0.6240688 0.2583801 -0.4567207 -0.8512615 0.2584292 -0.4567216 -0.851246 -0.2583824 -0.4567292 -0.8512561 -0.2584264 -0.4567138 -0.8512511 -0.7062236 -0.3347194 -0.6238679 -0.7062259 -0.3347181 -0.623866 0.7423798 -0.2367238 -0.6267648 0.258414 -0.3413268 -0.9037247 0.2583591 -0.3413223 -0.903742 -0.2584194 -0.3413168 -0.9037269 -0.2583541 -0.3413329 -0.9037395 -0.7063044 -0.2501227 -0.6622483 -0.7600953 -0.2151483 -0.6131609 -0.7068772 -0.1259157 -0.6960387 0.7060924 -0.1613399 -0.6894947 0.2581751 -0.2201178 -0.9406879 0.2583701 -0.2201448 -0.9406282 -0.2581778 -0.2201575 -0.940678 -0.2583661 -0.2201072 -0.9406381 -0.7346795 -0.1545707 -0.6605709 -0.7066313 -0.1715568 -0.6864696 0.705917 -0.06976038 -0.7048508 0.2584629 -0.09514456 -0.9613244 0.2581606 -0.0950905 -0.9614109 -0.2584624 -0.09508222 -0.9613307 -0.2581631 -0.09515213 -0.9614042 -0.7060595 -0.06974631 -0.7047095 -0.7061522 -0.06971454 -0.7046198 -0.7062715 0.2059612 -0.6773186 -0.7069104 0.1423754 -0.6928254 -0.7443451 0.108907 -0.6588548 -0.7070574 0.09660255 -0.7005269 -0.7065727 0.02319169 -0.7072604 -0.734753 0.03012317 -0.6776656 -0.7067987 -0.01493108 -0.7072572 -0.8654376 -0.3527978 0.3557408 -0.9048147 -0.3242256 0.2760221 -0.8655651 0.1456962 -0.4791345 -0.875063 0.1496959 -0.4602781 -0.858326 0.1032855 -0.5026019 -0.8657832 0.1102527 -0.4881228 -0.8658577 0.06834447 -0.4956003 -0.8634868 0.06509757 -0.5001528 -0.8684687 0.02201354 -0.4952552 -0.8658052 0.01852929 -0.5000383 -0.8660208 -0.01055592 -0.4998965 -0.8659592 -0.08902657 -0.492127 -0.8577709 -0.05061161 -0.5115347 -0.8827542 -0.02609807 -0.46911 -0.8620982 -0.07474428 -0.5011987 -0.8657081 -0.1213607 -0.4856144 -0.8674717 -0.1184731 -0.4831741 -0.8641832 -0.1665989 -0.4747971 -0.8658035 -0.1636033 -0.4728831 -0.8659762 -0.1961346 -0.4600179 -0.8615717 -0.2096212 -0.4623347 -0.8731592 -0.2304472 -0.4295196 -0.8647417 -0.2487046 -0.4363118 -0.86603 -0.2660246 -0.4233475 -0.8656077 -0.2937318 -0.4055182 -0.8732708 -0.2794092 -0.3991602 -0.8595976 -0.3367524 -0.3843047 -0.8658484 -0.3234934 -0.3816528 -0.8659436 -0.3535107 -0.3537964 -0.862854 -0.3610901 -0.3536906 -0.8696491 -0.3796889 -0.3155106 -0.8657725 -0.3883318 -0.3156525 -0.8659972 -0.4047681 -0.2936182 -0.8601286 -0.4339663 -0.2680527 -0.8806044 -0.3937209 -0.2636664 -0.8617619 -0.4458112 -0.2421132 -0.8660647 -0.4980558 -0.04327219 -0.8638156 -0.4997156 -0.06408667 -0.8735427 -0.4805714 -0.07729476 -0.8615785 -0.4953946 -0.110756 -0.8659431 -0.4851139 -0.1216851 -0.8657557 -0.4762352 -0.1538414 -0.8653172 -0.4771395 -0.1535062 -0.8661805 -0.4593218 -0.196863 -0.8657822 -0.4601646 -0.1966467 -0.865992 -0.4459801 -0.2261849 -0.8656877 -0.5004642 -0.01098197 -0.8715756 -0.4899629 -0.01710259 -0.8608686 -0.5075532 0.03598576 -0.8658442 -0.4994842 0.02879852 -0.8659631 -0.4954701 0.06795257 -0.8622919 -0.5007048 0.07581174 -0.8707233 -0.4789681 0.1114925 -0.8657936 -0.4857524 0.1201926 -0.8660225 -0.4784947 0.1450794 -0.8659732 -0.4497302 0.2187081 -0.8623022 -0.4729315 0.1810274 -0.8784785 -0.4511799 0.1572014 -0.8615794 -0.4619101 0.2105239 -0.8658102 -0.4346679 0.2478643 -0.8651286 -0.4352076 0.2492929 -0.8665481 -0.4088805 0.2862011 -0.8657819 -0.4093641 0.2878248 -0.8659772 -0.3899523 0.3130825 -0.8546651 -0.3798609 0.3539118 -0.8650073 -0.3638866 0.3454691 -0.908544 -0.2941933 0.2966449 -0.9530394 -0.2127441 0.2155365 -0.9236385 -0.263845 0.277989 -0.9237366 -0.2916392 0.2483091 -0.9237662 -0.2916002 0.2482448 -0.923765 -0.3132984 0.2202327 -0.9237003 -0.3134058 0.2203512 -0.9237075 -0.332409 0.1904439 -0.923749 -0.3323385 0.1903655 -0.9237487 -0.348498 0.1588639 -0.9237832 -0.3484335 0.158804 -0.9237874 -0.3616065 0.1259268 -0.9236904 -0.3618075 0.1260615 -0.9236913 -0.3719164 0.09204626 -0.9237152 -0.3718656 0.09201198 -0.9237206 -0.3787508 0.05734354 -0.9237107 -0.378774 0.05734878 -0.9237233 -0.3824246 0.02206242 -0.9237359 -0.3823949 0.02204781 -0.9237378 -0.3827908 -0.01340657 -0.9236671 -0.3829631 -0.01336616 -0.923673 -0.3800824 -0.04863834 -0.9238277 -0.3796993 -0.04869359 -0.923824 -0.3735885 -0.08355158 -0.9237846 -0.3736876 -0.08354449 -0.9237856 -0.3643665 -0.1177174 -0.923766 -0.3644157 -0.1177176 -0.923763 -0.3519911 -0.1508786 -0.9237379 -0.3520542 -0.1508848 -0.923736 -0.3365924 -0.1828043 -0.923727 -0.3366147 -0.1828084 -0.9237325 -0.3182726 -0.2131221 -0.9237545 -0.3182228 -0.2131013 -0.9237627 -0.2971703 -0.2415624 -0.9237524 -0.2971963 -0.2415695 -0.9237579 -0.2735887 -0.2679941 -0.9237465 -0.2736152 -0.2680059 -0.923745 -0.247657 -0.2921663 -0.9237596 -0.2476286 -0.2921446 -0.9237619 -0.2196128 -0.3137423 -0.9237549 -0.2196279 -0.3137523 -0.9237548 -0.1896635 -0.3327236 -0.9237636 -0.1896508 -0.3327063 -0.9237582 -0.1580876 -0.3488256 -0.9236661 -0.1582392 -0.3490006 -0.9236685 -0.1252908 -0.3621309 -0.9236757 -0.1252845 -0.3621147 -0.9236736 -0.09128916 -0.3721471 -0.9237316 -0.09121656 -0.3720209 -0.9237305 -0.05649226 -0.3788546 -0.9237229 -0.05650317 -0.3788715 -0.9237264 -0.0213049 -0.3824599 -0.9237681 -0.02127212 -0.3823613 -0.9237682 0.01415997 -0.3826903 -0.9237987 0.01417827 -0.3826159 -0.9237989 0.04949706 -0.379665 -0.9236748 0.0494554 -0.3799726 -0.9236841 0.08432465 -0.3737608 -0.9238231 0.08434486 -0.3734124 -0.9238227 0.1184594 -0.3640316 -0.9237283 0.1184725 -0.3642668 -0.9904393 -0.09709489 0.09799247 -0.9914605 -0.09351772 0.09088867 -0.9914457 -0.09938156 0.08460944 -0.9914442 -0.09938734 0.08461982 -0.9914444 -0.1067811 0.07507294 -0.9914506 -0.1067478 0.07503813 -0.9914498 -0.1132265 0.06486082 -0.9914463 -0.1132464 0.0648809 -0.9914466 -0.1187581 0.05413311 -0.9914454 -0.1187654 0.0541383 -0.9914458 -0.1232551 0.04293644 -0.9914525 -0.1232112 0.04290664 -0.9914526 -0.1266453 0.0313493 -0.991456 -0.1266217 0.03133702 -0.9914556 -0.1289802 0.01949518 -0.991439 -0.1291001 0.01954603 -0.9914388 -0.1303548 0.007533848 -0.9914462 -0.1302997 0.007516503 -0.9914469 -0.1304313 -0.004567444 -0.9914468 -0.1304319 -0.004567861 -0.9914464 -0.1294576 -0.01657551 -0.9914417 -0.1294949 -0.01657044 -0.9914408 -0.1274102 -0.02849048 -0.991443 -0.1273936 -0.02849119 -0.9914437 -0.1242182 -0.04011589 -0.9914516 -0.1241568 -0.04011219 -0.9914511 -0.1199238 -0.05141228 -0.9914473 -0.1199522 -0.05141878 -0.9914476 -0.1146817 -0.06228882 -0.9914453 -0.1147012 -0.06229096 -0.9914456 -0.1084547 -0.07261747 -0.9914473 -0.1084425 -0.07261192 -0.9914473 -0.1012684 -0.08232367 -0.9914441 -0.1012898 -0.08233606 -0.9914438 -0.09325152 -0.09134292 -0.9914439 -0.09325069 -0.09134161 -0.9914445 -0.08440679 -0.09956604 -0.9914481 -0.08438462 -0.09954887 -0.9914479 -0.07482057 -0.1069258 -0.9914379 -0.07488167 -0.1069754 -0.9914389 -0.06467491 -0.1134294 -0.9914458 -0.06463921 -0.113389 -0.9914463 -0.05388993 -0.1188706 -0.9914537 -0.05385291 -0.1188259 -0.9914534 -0.04264217 -0.1232956 -0.9914457 -0.04267579 -0.1233463 -0.9914462 -0.03111398 -0.1267533 -0.9914558 -0.03107577 -0.1266881 -0.991456 -0.0192244 -0.1290168 -0.9914484 -0.0192455 -0.1290723 -0.9914481 -0.00726366 -0.1303005 -0.9914498 -0.007257401 -0.1302865 -0.9914498 0.004832983 -0.1303986 -0.9914457 0.004826486 -0.1304312 -0.9914457 0.0168755 -0.1294245 -0.9914447 0.01687371 -0.1294327 -0.9914444 0.02873677 -0.1273275 -0.9914387 0.02873671 -0.1273716 -0.991439 0.04040867 -0.1241609 -0.9914365 0.04041087 -0.1241803 -0.9228382 -0.2950686 -0.2475967 -0.5444236 -0.6425802 -0.5391602 -0.1451148 -0.7579431 -0.6359748 -0.2588977 -0.7508267 -0.6076441 -0.3103035 -0.7351476 -0.6027187 -0.4172459 -0.6961885 -0.5841469 -0.8572214 -0.3944638 -0.3310134 -0.8351493 -0.421805 -0.3529961 -0.7069587 -0.547551 -0.4476577 -0.7313346 -0.5331397 -0.4253372 -0.6068683 -0.6114895 -0.5077318 -0.9700199 -0.1981168 -0.1407527 -0.9658226 -0.2090411 -0.1532595 -0.9938742 -0.08465689 -0.07104486 -0.08592003 -0.9715742 0.2205935 -0.2232043 -0.9464058 0.2334434 -0.5342227 -0.8402536 0.09262818 -0.9658305 -0.2589756 0.01016455 -0.8365982 -0.4827437 0.2589634 -0.8850322 -0.4268584 0.1857683 -0.7752113 -0.5737815 0.2642394 -0.2570315 -0.5890929 0.766097 -0.5856885 -0.7338501 0.344141 -0.5548885 -0.6581639 0.5088409 -0.8207737 -0.50108 0.2743163 -0.1105499 -0.8070119 0.5800953 -0.3139889 -0.9143321 0.2557494 -0.3186639 -0.9106859 0.2628778 -0.3914557 -0.9141754 0.1050999 -0.1050305 -0.9675874 0.2296593 -0.075616 -0.9178275 0.3897114 -0.06932258 -0.8197699 0.5684819 -0.7248708 -0.6815612 0.1001841 -0.6285219 -0.7587739 0.1709457 -0.4704453 -0.8030843 0.3657004 -0.4705687 -0.8030037 0.3657189 -0.166321 -0.7673234 0.6193159 0.257033 -0.5891103 0.7660831 0.4701399 -0.8033739 0.3654572 0.1396664 -0.9684801 0.2062516 0.9658279 -0.2589857 0.01014834 0.8849838 -0.4269506 0.1857871 0.8369019 -0.4822948 0.2588189 0.5342168 -0.8402576 0.0926271 0.7097668 -0.660091 0.2459898 0.6968453 -0.7146843 0.06027519 0.8082025 -0.5360128 0.2439248 0.7854435 -0.5318077 0.316637 0.06931126 -0.8197707 0.5684823 0.075616 -0.9178275 0.3897114 0.1066444 -0.969621 0.2201414 0.3914337 -0.9141849 0.1050986 0.3200677 -0.9110009 0.2600657 0.3114388 -0.9138037 0.2607083 0.1105633 -0.8070144 0.5800892 0.6057596 -0.6382259 0.4751033 0.5239567 -0.720242 0.4546657 0.470243 -0.8030583 0.3660175 0.166309 -0.7673249 0.6193172 0.9956439 -0.06562316 0.06623452 0.9236475 0.1185918 -0.3644331 0.9237414 0.1184625 -0.3642372 0.9237411 0.08429366 -0.373627 0.923599 0.08446329 -0.3739398 0.9235949 0.0495609 -0.3801531 0.9237174 0.04944139 -0.3798707 0.9237171 0.0141645 -0.3828135 0.923685 0.01418721 -0.3828901 0.9236854 -0.02130943 -0.3825589 0.923644 -0.02128845 -0.3826599 0.9236402 -0.0565254 -0.3790695 0.9236489 -0.05652832 -0.3790478 0.9236493 -0.0913037 -0.3722036 0.92359 -0.09129911 -0.3723521 0.9235922 -0.125352 -0.3623042 0.9235876 -0.1253514 -0.3623163 0.9235851 -0.1582604 -0.3492054 0.9236775 -0.1582248 -0.3489769 0.9236829 -0.1897507 -0.3328733 0.9236711 -0.189761 -0.3329 0.9236735 -0.2197361 -0.3139161 0.9236791 -0.2197296 -0.3139042 0.9236775 -0.2477614 -0.2922914 0.9236635 -0.2477761 -0.2923232 0.9236655 -0.2737484 -0.2681493 0.9236751 -0.2737371 -0.2681277 0.9236721 -0.2973415 -0.2416981 0.9236795 -0.2973302 -0.2416834 0.9236745 -0.3183903 -0.2131976 0.9236489 -0.3184315 -0.2132468 0.923645 -0.3367869 -0.1829059 0.9236534 -0.3367693 -0.1828956 0.9236578 -0.3522252 -0.1509766 0.9236792 -0.3521837 -0.1509422 0.9236848 -0.3645985 -0.1177904 0.9237024 -0.3645615 -0.1177661 0.9237024 -0.3738751 -0.08361405 0.9237424 -0.3737868 -0.08356744 0.9237427 -0.379916 -0.04861509 0.9235862 -0.3802765 -0.04876857 0.9235864 -0.3831554 -0.0134195 0.9236553 -0.3829914 -0.01336705 0.9236533 -0.3825931 0.02207076 0.9236371 -0.3826328 0.02206224 0.9236325 -0.3789607 0.05737549 0.9236362 -0.3789514 0.05737638 0.9236342 -0.3720505 0.09207743 0.923606 -0.372121 0.09207576 0.9236096 -0.3620119 0.1260663 0.9237053 -0.3617728 0.1260508 0.9237007 -0.3486042 0.1589092 0.9236635 -0.3486967 0.1589229 0.9236679 -0.3324925 0.1904901 0.9236224 -0.3326033 0.1905168 0.9236215 -0.3135815 0.2204313 0.923682 -0.31344 0.2203791 0.9236839 -0.2917375 0.2483894 0.9236541 -0.2918049 0.2484214 0.9237309 -0.2714185 0.2702841 0.9264957 -0.2649808 0.2671905 0.9914367 0.0404126 -0.1241781 0.9914389 0.04040515 -0.1241627 0.9914389 0.0287466 -0.1273678 0.9914444 0.02872735 -0.1273303 0.9914447 0.01687645 -0.1294322 0.9914457 0.01687395 -0.1294248 0.9914457 0.004834175 -0.1304305 0.99145 0.004824221 -0.1303986 0.9914501 -0.007261097 -0.1302851 0.9914478 -0.007258474 -0.1303023 0.9914485 -0.01923245 -0.1290739 0.9914562 -0.01923769 -0.1290139 0.9914557 -0.03109544 -0.1266839 0.9914461 -0.0310949 -0.1267592 0.9914457 -0.04266178 -0.1233508 0.9914536 -0.04265618 -0.1232899 0.9914537 -0.05386471 -0.1188204 0.9914462 -0.05387616 -0.1188773 0.9914459 -0.06464904 -0.1133826 0.9914387 -0.06466335 -0.1134372 0.9914381 -0.0748642 -0.1069858 0.9914478 -0.07483869 -0.106914 0.9914481 -0.08439117 -0.09954392 0.9914442 -0.08440375 -0.09957122 0.9914441 -0.09324997 -0.09134143 0.9914436 -0.09325224 -0.09134316 0.991444 -0.1012861 -0.08234113 0.9914474 -0.1012716 -0.08231806 0.9914477 -0.1084417 -0.0726087 0.9914456 -0.1084525 -0.07262092 0.9914459 -0.1146937 -0.06229352 0.9914473 -0.1146855 -0.06228619 0.9914463 -0.1199572 -0.051427 0.9914513 -0.1199247 -0.05140364 0.9914515 -0.1241627 -0.04009813 0.9914437 -0.1242135 -0.04013031 0.9914423 -0.1274001 -0.02848774 0.9914412 -0.1274073 -0.02849406 0.9914417 -0.1294927 -0.0165804 0.9914469 -0.1294556 -0.01656544 0.9914469 -0.1304311 -0.004567086 0.9914463 -0.1304354 -0.004568159 0.9914465 -0.1302973 0.007530689 0.9914398 -0.1303486 0.007519721 0.9914391 -0.1291042 0.01951396 0.9914558 -0.1289733 0.01952683 0.9914559 -0.1266217 0.03134322 0.9914527 -0.1266459 0.03134322 0.9914525 -0.1232063 0.04291945 0.9914455 -0.1232612 0.04292404 0.9914451 -0.118769 0.05413633 0.9914469 -0.1187545 0.05413508 0.9914463 -0.1132504 0.06487452 0.99145 -0.113222 0.06486684 0.9914506 -0.1067416 0.07504779 0.9914443 -0.106788 0.07506376 0.9914442 -0.09939062 0.08461713 0.9914458 -0.09937828 0.08461213 0.9913774 -0.08627331 0.09863007 0.9766576 -0.1508078 0.1529604 0.9895372 -0.1105231 -0.09274148 0.9658185 -0.2092152 -0.1530488 0.9491057 -0.247803 -0.1944019 0.8858664 -0.3521519 -0.302043 0.7933039 -0.46902 -0.3881873 0.7959234 -0.4666174 -0.3857129 0.4019681 -0.6999399 -0.590344 0.5516326 -0.6394752 -0.5355119 0.6087986 -0.6101088 -0.5070814 0.6404513 -0.5883331 -0.4936459 0.7460114 -0.510142 -0.4280447 0.2446025 -0.7549526 -0.6084539 0.2587821 -0.7507367 -0.6078044 0.1110339 -0.7613125 -0.6388074 0.6764124 0.7365232 0 0.6764002 0.7365344 0 0.4267321 0.9043781 0 0.4267225 0.9043825 0 0 -0.2792229 0.9602264 0 -0.279223 0.9602263 0 -0.8559967 0.5169814 0 -0.855997 0.516981 0 -0.6315706 0.7753185 0.001892566 -0.5813391 0.8136591 -6.25143e-4 -0.4444633 0.895797 0 -0.02215361 0.9997547 -0.002824604 -0.1334666 0.9910493 0 -0.2432243 0.9699701 0 -0.3875811 0.9218356 0 -0.3875833 0.9218347 -0.09273934 -0.9185857 0.3841873 -0.08104556 -0.9965482 -0.01797914 -0.05555617 -0.9065775 -0.4183669 -0.02130758 -0.6617282 -0.7494411 -0.09246712 -0.9183704 0.3847672 -0.2050778 -0.9038385 0.3755251 -0.2041423 -0.9038238 0.3760699 -0.3524461 -0.8660042 0.3547092 -0.3502887 -0.8628713 0.3643501 -0.4827826 -0.8127777 0.3260573 -0.5731249 -0.7751075 0.2659631 -0.07908338 -0.9967825 -0.01305609 -0.1784855 -0.9836843 -0.0225442 -0.1739612 -0.9845572 -0.01961201 -0.3013802 -0.9528713 -0.0347352 -0.2983077 -0.9544538 -0.005523622 -0.483587 -0.8729063 -0.06463998 -0.4887366 -0.8723955 -0.007921457 -0.5760566 -0.8146007 -0.06770861 -0.566003 -0.8228662 -0.05031692 -0.624912 -0.7746927 -0.09662479 -0.6453917 -0.7634221 -0.02561974 -0.6917216 -0.7158362 -0.09539377 -0.6912464 -0.7198958 -0.06267708 -0.7194771 -0.6846031 -0.1169251 -0.7604468 -0.6480233 -0.04227006 -0.7735807 -0.6254152 -0.1021219 -0.7763321 -0.6264629 -0.06966131 -0.5951435 -0.740997 0.3110108 -0.6944017 -0.6761422 0.2462478 -0.689134 -0.6786351 0.2540649 -0.7728519 -0.6070667 0.1848512 -0.7764253 -0.5815834 0.2427437 -0.8491662 -0.5098019 0.1379089 -0.8444219 -0.5085683 0.1682558 -0.8945297 -0.4420052 0.06669485 -0.9124915 -0.3816915 0.1472101 -0.940381 -0.3385568 0.03260344 -0.9390832 -0.3359158 0.07268643 -0.9532108 -0.3013937 -0.023476 -0.9780312 -0.2019628 0.0516349 -0.8969003 -0.4408867 -0.0344817 -0.7781511 -0.6229765 -0.07988238 -0.7929267 -0.6056649 -0.0666145 -0.6081529 -0.7812204 -0.1408715 -0.05211383 -0.9103458 -0.4105544 -0.1235843 -0.8999599 -0.4180898 -0.1142538 -0.9036993 -0.4126424 -0.2017985 -0.8837624 -0.4221863 -0.1997724 -0.9047394 -0.3762152 -0.3123868 -0.8556818 -0.4125812 -0.3292468 -0.8828097 -0.3350276 -0.3809932 -0.8466119 -0.3716078 -0.368705 -0.8612306 -0.3497691 -0.3949968 -0.8408373 -0.370095 -0.4318345 -0.8535761 -0.2914218 -0.4499605 -0.8338804 -0.3196545 -0.4523841 -0.8457994 -0.2827934 -0.4555204 -0.8421345 -0.2886359 -0.5065429 -0.8319377 -0.226482 -0.5067542 -0.8315135 -0.2275648 -0.5114973 -0.8365412 -0.1963905 -0.5008118 -0.8539928 -0.1410108 -0.4419602 -0.8817462 -0.1649091 -0.01567679 -0.6716933 -0.7406635 -0.04752361 -0.6666368 -0.7438662 -0.0368424 -0.6724271 -0.739246 -0.07011228 -0.6655597 -0.7430442 -0.06781983 -0.720281 -0.6903592 -0.0966742 -0.7076734 -0.6998946 -0.1225121 -0.7777602 -0.6165062 -0.1385261 -0.7659968 -0.6277416 -0.1208137 -0.7912728 -0.5994094 -0.1164531 -0.7945102 -0.5959801 -0.1641121 -0.8394423 -0.5180772 -0.1541835 -0.8505967 -0.5027055 -0.1572253 -0.8699232 -0.4674547 -0.1357986 -0.8941329 -0.4267142 -0.1876146 -0.9068226 -0.3774569 -0.1760057 -0.9304864 -0.3212744 -0.1791377 -0.9359028 -0.3033079 -0.1642171 -0.9617874 -0.2190842 -0.1943101 -0.9600387 -0.2014179 -0.02917891 -0.9557021 -0.2928857 -0.04388713 -0.9404365 -0.337125 -0.01008707 -0.9748963 -0.2224308 -0.01776498 -0.692717 -0.7209907 -0.03975868 -0.6856912 -0.7268059 -0.0511915 -0.6810507 -0.7304447 -0.04198288 -0.6901577 -0.7224402 -0.02694982 -0.7227556 -0.6905781 -0.007168054 -0.7678283 -0.6406157 -2.99834e-4 -0.830926 -0.5563829 0.001439929 -0.8913392 -0.4533349 0 -0.9970824 -0.07633376 0 -0.9960352 0.08896106 -0.03091949 -0.9758839 0.2160896 0 -0.9405062 0.3397769 0 -0.8230193 0.5680136 -0.03095638 -0.7428299 0.6687641 0 -0.1917502 0.9814438 -0.03097105 -0.3162595 0.9481672 0 -0.4358109 0.9000384 0 -0.6509972 0.7590802 0 -0.09646612 0.9953364 0 -0.09646612 0.9953363 0.6677064 0.7270678 0.1598143 0.3085466 0.9331387 0.1845301 0.3568258 0.7716735 0.5264934 0.1664616 0.9072983 0.3861352 0.1815011 0.5957978 0.7823569 0.1490568 0.618429 0.7715749 0.4288536 0.7556754 0.4950147 0.4265268 0.7594642 0.491212 0.6091654 0.7715044 0.1835722 0.4244664 0.8995824 0.1028587 0 -0.8229299 0.5681431 1.1777e-5 -0.8228926 0.568197 9.12936e-6 -0.8229374 0.5681323 0 -0.822971 0.5680834 -0.980058 -0.1383917 0.1425974 -0.1912149 -0.6834421 0.7045167 -0.1914299 -0.6832482 0.7046464 -0.4355863 -0.6266116 0.6462373 -0.55192 -0.5434728 0.6324726 -0.6010606 -0.5562881 0.5738204 -0.8263441 -0.392208 0.4041391 -0.8643797 -0.2003694 0.4611941 -0.7877799 -0.4287403 0.4422497 -0.1917808 0.0148462 0.9813256 -0.1915535 0.01459962 0.9813737 -0.548134 0.0124408 0.836298 -0.5480219 0.01226943 0.8363741 -0.8265311 0.008633732 0.562825 -0.8263551 0.008070409 0.5630916 -0.9800549 0.002846837 0.1987066 -0.1915389 0.3895905 0.9008508 -0.191237 0.3893264 0.9010291 -0.5480424 0.331776 0.7678374 -0.5481868 0.3319367 0.7676649 -0.8263555 0.2235052 0.5168967 -0.8264796 0.2238094 0.5165665 -0.980053 0.07900959 0.1823559 -0.1923062 -0.3618058 0.9122033 -0.191732 -0.3624151 0.9120823 -0.5480272 -0.3082748 0.7775815 -0.5477807 -0.3086752 0.7775963 -0.8263504 -0.2077794 0.5234243 -0.8265795 -0.2069751 0.5233811 -0.980056 -0.0730766 0.1847973 -0.1122274 0.9846293 0.1338288 -0.1267114 0.9813507 0.144552 -0.3165421 0.8674147 0.3839179 -0.3567985 0.8372079 0.4144611 -0.206039 0.6406721 0.7396535 -0.4844096 0.6472427 0.5885782 -0.5335198 0.5717561 0.6232588 -0.04377502 0.9862148 0.1595757 -0.04876005 0.9841829 0.1703129 -0.1061471 0.9146934 0.3899601 -0.1396526 0.8638981 0.4839187 -0.1469117 0.8346657 0.5308014 -0.1901256 0.680927 0.7072416 -0.2584404 0.8588549 0.442241 -0.4274157 0.8397824 0.3347855 -0.6648452 0.5746666 0.4772203 -0.5023388 0.7891149 0.3534878 -0.509611 0.7907981 0.339021 -0.5402808 0.7788673 0.3185318 -0.5365993 0.7777254 0.3274208 -0.6166383 0.7221077 0.3135566 -0.6136422 0.7179071 0.3287137 -0.646539 0.7023954 0.2977049 -0.7292239 0.482459 0.4852484 -0.7629921 0.4903035 0.4212427 -0.7921282 0.4665703 0.3935037 -0.8093864 0.4719001 0.3495771 -0.8800114 0.3549786 0.3155472 -0.8894695 0.3674615 0.2716916 -0.9169982 0.3301535 0.2238597 -0.2511638 0.8838079 0.3947157 -0.9658148 0.2230752 0.1320587 -0.9183862 0.334054 0.2120729 -0.7060798 0.641209 0.3005038 -0.640714 0.6869787 0.3428497 -0.2244908 0.8947162 0.3861177 -0.235005 0.9226774 0.3056783 -0.2152383 0.92277 0.3196372 -0.2291961 0.9418478 0.2457479 -0.170283 0.9531887 0.2498703 -0.1963675 0.9623628 0.1878765 -0.1743447 0.9640004 0.2007672 -0.1930949 0.9676818 0.1621926 -0.1271826 0.9813697 0.1440079 0.965703 0.1456596 0.2149447 0.9656959 0.1456826 0.2149611 0.7061495 0.3972264 0.5861434 0.7063189 0.3970766 0.5860409 0.2586357 0.5418231 0.7997095 0.2580696 0.542092 0.7997103 0.9658204 0.1521413 0.2098668 0.7067646 0.4152795 0.5727363 0.2584328 -0.6505271 0.7141618 0.2584336 -0.5910211 0.7641375 0.2576819 -0.5910911 0.7643374 0.2576488 -0.5278803 0.8092957 0.2587699 -0.5278357 0.8089671 0.2587589 -0.4611777 0.8487396 0.2585044 -0.4611859 0.8488127 0.2585688 -0.3916307 0.8830446 0.2579047 -0.391642 0.8832337 0.2577997 -0.3194616 0.9118573 0.2587252 -0.3194841 0.9115872 0.258706 -0.2450615 0.9343534 0.259546 -0.2450957 0.9341114 0.259581 -0.1694409 0.9507405 0.2583525 -0.1693698 0.9510878 0.2583507 -0.09251141 0.9616115 0.2570279 -0.09240645 0.961976 0.2570115 -0.01500511 0.9662919 0.2583378 -0.01514047 0.965936 0.2583425 0.06264138 0.9640204 0.2574732 0.06274986 0.9642459 0.2575223 0.1397572 0.956112 0.2568826 0.1398519 0.9562703 0.2568083 0.216198 0.9419703 0.2577083 0.2160612 0.9417559 0.2577551 0.290952 0.9213628 0.2585117 0.2908183 0.921193 0.2585168 0.3640789 0.8947713 0.2599523 0.3637999 0.8944688 0.2599391 0.43445 0.8623718 0.259509 0.434552 0.8624498 0.2594548 0.5022489 0.8248813 0.2582761 0.5025329 0.8250784 0.2583109 0.5670812 0.782109 0.2590966 0.5668967 0.7819828 0.7071874 0.4149748 0.5724351 0.7072097 0.3676851 0.6038727 0.7059932 0.3684666 0.604819 0.7059683 0.3186624 0.6325054 0.7069765 0.3180707 0.6316766 0.7069508 0.2665688 0.6551043 0.7076594 0.2661972 0.6544901 0.7076626 0.2127683 0.6737532 0.7074024 0.2128771 0.673992 0.7074208 0.1581127 0.6888805 0.7071568 0.1582091 0.6891294 0.7071354 0.1022692 0.6996431 0.7067769 0.1023713 0.6999903 0.7067778 0.0458734 0.7059468 0.7075328 0.0457105 0.7052007 0.7075468 -0.01097297 0.7065813 0.7077047 -0.01099205 0.7064229 0.7076885 -0.06765997 0.7032775 0.706907 -0.06761938 0.7040669 0.7068926 -0.1241056 0.6963481 0.7064428 -0.1241142 0.696803 0.7064424 -0.179564 0.6846137 0.7075955 -0.1794304 0.6834568 0.7075665 -0.2336488 0.6669017 0.7067966 -0.2337954 0.6676663 0.7067737 -0.2868116 0.6466916 0.7065359 -0.2868725 0.6469244 0.7065972 -0.3378455 0.6217563 0.7066213 -0.3378313 0.6217366 0.7065734 -0.3866138 0.5926921 0.7071309 -0.38637 0.592186 0.7070603 -0.4326497 0.5593568 0.7070165 -0.4326576 0.5594062 0.2587069 -0.6504883 0.7140979 0.6098963 -0.533667 0.585855 0.7071307 -0.4710805 0.5273039 0.794936 -0.4085353 0.4485263 0.8984789 -0.2956441 0.3245463 0.9657375 0.1523478 0.2100985 0.9657374 0.1350223 0.2216308 0.9658468 0.1347774 0.221303 0.9658421 0.1165407 0.2314463 0.9657006 0.1168308 0.2318901 0.9657001 0.09782588 0.2405276 0.9657211 0.09779483 0.2404559 0.9657192 0.07818526 0.2475352 0.9658069 0.07805246 0.2472346 0.9658076 0.05801689 0.2526848 0.9657683 0.05805921 0.2528256 0.9657715 0.0375362 0.2566642 0.9658169 0.03749394 0.2564998 0.9658228 0.01676666 0.2586608 0.965795 0.01678431 0.2587628 0.9657943 -0.004034817 0.2592782 0.9657187 -0.004008293 0.2595599 0.9657228 -0.0248152 0.2583868 0.9658807 -0.02482587 0.2577949 0.9658834 -0.04541349 0.2549644 0.9658712 -0.04541844 0.2550101 0.9658735 -0.06576806 0.2505252 0.9657174 -0.06585949 0.2511029 0.9657213 -0.08578962 0.244995 0.9659071 -0.08562833 0.2443178 0.9659078 -0.1049491 0.23666 0.9658743 -0.1049867 0.23678 0.9658711 -0.1236671 0.227595 0.9658216 -0.1237367 0.2277675 0.9658233 -0.1416348 0.2170828 0.9658356 -0.141616 0.2170404 0.9658401 -0.1585447 0.2049795 0.9657858 -0.1586459 0.2051569 0.9658257 -0.1705886 0.1951415 0.9813368 -0.1294942 0.1421601 -0.9806917 -0.1345721 0.1418944 -0.9813533 -0.1318758 0.1398379 -0.8969138 -0.3044505 0.3207114 -0.8986054 -0.3019157 0.3183637 -0.7934914 -0.4187929 0.4415701 -0.7950951 -0.4171441 0.4402438 -0.6085245 -0.5462064 0.5756358 -0.6101297 -0.5452036 0.5748867 -0.4415212 -0.6174224 0.6510366 -0.2588821 -0.6719887 0.6938381 -0.1951594 -0.6748718 0.7116607 -0.7908023 -0.4697634 0.3923698 -0.4412196 -0.6354197 0.6336933 -0.1951712 -0.6716345 0.7147135 -0.6083928 -0.5524885 0.5697498 -0.8927043 -0.3682578 0.2597408 -0.9514204 -0.3078458 -0.005509257 -0.9734987 -0.2162095 0.07452374 -0.9752463 -0.208809 0.07275694 -0.193193 -0.6724787 0.7144571 -0.1895233 -0.6847448 0.7037084 -0.187062 -0.6875997 0.70158 -0.1814619 -0.7026269 0.6880313 -0.1757087 -0.7032217 0.6889164 -0.1633116 -0.7184454 0.6761403 -0.1613579 -0.7196413 0.6753371 -0.1474251 -0.7347566 0.6621168 -0.1394906 -0.7334921 0.6652305 -0.11972 -0.7458574 0.6552587 -0.119198 -0.7460166 0.6551726 -0.5510714 -0.6029592 0.5768541 -0.5371121 -0.6528317 0.534155 -0.5368911 -0.6531908 0.5339379 -0.5131011 -0.7125458 0.4785455 -0.5078002 -0.7149438 0.4806188 -0.4641647 -0.7715244 0.4350876 -0.4613718 -0.7737824 0.434047 -0.4111351 -0.8253859 0.3869185 -0.406672 -0.8262716 0.3897347 -0.3406208 -0.8699871 0.3565107 -0.3368233 -0.8716089 0.3561573 -0.8289855 -0.4192546 0.3701469 -0.8052874 -0.5190551 0.2865204 -0.8039352 -0.5218839 0.2851764 -0.763626 -0.6143815 0.1985216 -0.7599683 -0.6181114 0.2009642 -0.6935793 -0.7089297 0.1279312 -0.6913756 -0.7112359 0.1270567 -0.6110635 -0.7896599 0.05512648 -0.6089962 -0.7911284 0.05691826 -0.5065081 -0.8622313 0.002635419 -0.5032345 -0.8641469 0.002293527 -0.5942159 -0.7233 -0.3517735 -0.7173445 -0.6369825 -0.2822592 -0.718418 -0.6352186 -0.2835015 -0.8181648 -0.5393556 -0.1992539 -0.8182889 -0.5391945 -0.1991803 -0.839358 -0.5138235 -0.17738 -0.9027819 -0.4104163 -0.1286209 -0.9042881 -0.4149523 -0.1003867 -0.9499816 -0.3122162 -0.007494747 -0.4158577 -0.7545117 -0.5077152 -0.5348612 -0.7551063 -0.3791283 -0.5958697 -0.7220766 -0.3514893 -0.06184822 -0.7648899 0.641185 -0.05942428 -0.7649338 0.641362 -0.1735435 -0.9363082 0.3053025 -0.1723619 -0.9364883 0.3054195 -0.2585973 -0.9628752 -0.07745236 -0.2586982 -0.962848 -0.07745355 -0.1221209 -0.9872573 -0.1020275 -0.1223465 -0.9871918 -0.1023898 -0.08189564 -0.9539527 0.2885612 -0.08254694 -0.9542003 0.287555 -0.02852702 -0.770568 0.6367191 -0.02948105 -0.7715805 0.6354484 -0.09443324 -0.7596077 0.6434894 -0.08939743 -0.7571666 0.6470755 -0.2623899 -0.9099978 0.321023 -0.2597186 -0.9098492 0.3236059 -0.3894524 -0.9197433 -0.04898065 -0.388363 -0.9202718 -0.04768556 -0.4566258 -0.7896795 -0.4097549 -0.3045656 -0.8401697 -0.4487257 -0.3053687 -0.8398585 -0.4487622 -0.1431222 -0.8685181 -0.4745444 -0.142974 -0.8686425 -0.4743613 0 -0.7708798 0.6369808 0 -0.7708794 0.6369813 0 -0.9571602 0.2895591 0 -0.9571642 0.2895459 0 -0.9947032 -0.1027897 0 -0.877673 -0.47926 0 -0.8776609 -0.4792822 0.06278854 -0.9552743 0.2889786 0.09356725 -0.9903392 -0.1023398 0.1090209 -0.8724435 -0.4763998 0.1094202 -0.8726847 -0.4758663 0.240622 -0.854734 -0.4599251 0.2406633 -0.8547165 -0.4599359 0.395738 -0.8125438 -0.4279767 0.3954566 -0.8123358 -0.4286313 0.5408369 -0.7521722 -0.3764739 0.5419 -0.7518107 -0.3756664 0.06268614 -0.9553436 0.2887721 0.1372481 -0.9439985 0.30005 0.1340491 -0.9450024 0.2983309 0.2270871 -0.9219954 0.3136179 0.2268249 -0.9232106 0.3102139 0.3070425 -0.8878247 0.3427717 0.3067842 -0.8879982 0.3425534 0.3814777 -0.8449754 0.374822 0.3827711 -0.8467785 0.369395 0.4413698 -0.7945766 0.4169424 0.4413523 -0.7945979 0.4169202 0.4921479 -0.7375954 0.4623241 0.4961355 -0.7392329 0.4553948 0.5267633 -0.6788002 0.5116158 0.526843 -0.6777025 0.5129873 0.192263 -0.6754007 0.7119472 0.1846992 -0.6945056 0.6953763 0.184486 -0.6916691 0.6982541 0.1752907 -0.7111311 0.6808567 0.1714916 -0.7084766 0.6845812 0.1548642 -0.726126 0.6698942 0.1560561 -0.723163 0.6728164 0.1357406 -0.742347 0.6561215 0.1330952 -0.7380328 0.6615084 0.106312 -0.7525954 0.6498447 0.1087173 -0.7501789 0.6522362 0.08018416 -0.7636758 0.6406012 0.08003824 -0.7603008 0.6446214 0.04746037 -0.7675712 0.6392042 0.0484665 -0.7670637 0.6397377 0.02178639 -0.771559 0.6357848 0.022327 -0.7706892 0.6368201 0.1950102 -0.676201 0.7104389 0.4400374 -0.6455383 0.6242173 0.5545707 -0.5995458 0.5770583 0.606493 -0.5938462 0.52869 0.7893361 -0.4876672 0.3730006 0.09299296 -0.9902892 -0.1033427 0.2022905 -0.9753478 -0.08817756 0.2047661 -0.9749381 -0.08698666 0.3374844 -0.9392179 -0.06304085 0.3371402 -0.9392354 -0.06460243 0.4607895 -0.8873557 -0.0165255 0.4587094 -0.888397 -0.01834338 0.5693673 -0.8214527 0.03219175 0.5694181 -0.8215422 0.02883559 0.6626429 -0.7420586 0.1012595 0.6614146 -0.7434381 0.0991497 0.7363299 -0.655061 0.169451 0.7375671 -0.6549493 0.1644268 0.7895116 -0.5587841 0.2538341 0.7889587 -0.5611345 0.2503447 0.8262152 -0.4442083 0.3464787 0.8896613 -0.3893576 0.2385446 0.6285797 -0.7018107 -0.3351854 0.6770051 -0.6383709 -0.3662606 0.7313345 -0.6259196 -0.2708771 0.7810727 -0.5799335 -0.2315222 0.7799007 -0.5808679 -0.2331252 0.8681854 -0.4745062 -0.145252 0.8679837 -0.473824 -0.1486447 0.9324071 -0.3586229 -0.04479706 0.9295461 -0.3646573 -0.05448973 0.9698751 -0.2373051 0.05503374 0.9707305 -0.2354837 0.04722118 0.1950123 -0.6748963 0.7116777 0.2585955 -0.6720272 0.6939077 0.9815042 -0.1317333 0.1389099 0.9806957 -0.1340821 0.1423305 0.8977304 -0.3032304 0.3195804 0.8969216 -0.3043 0.3208324 0.795656 -0.4168425 0.4395158 0.794062 -0.4180682 0.4412308 0.6101225 -0.5453645 0.5747419 0.6085168 -0.5460627 0.5757803 0.4406246 -0.6177273 0.6513549 0 -0.06459397 0.9979116 -1 1.94111e-6 0 1 9.83942e-6 0 1 -4.96008e-7 0 1 0 0 1 0 0 1 5.9087e-7 0 0.02878022 -0.4320373 -0.9013965 0.0436412 -0.4205036 -0.9062408 0.02458536 -0.7943096 -0.6070156 0 -0.7084746 -0.7057363 0 -0.5146808 -0.857382 0.02182555 -0.9848719 -0.1719043 0 -0.9571551 -0.2895757 0 -0.8558927 -0.5171536 0.02149671 -0.9530488 0.302053 0 -0.9830446 0.1833673 0 -0.9985441 -0.05394273 0 -0.2997439 0.9540198 0 -0.2997437 0.9540198 0 -0.7063059 0.7079068 0 -0.7063059 0.7079068 0 -0.9111557 0.4120625 0.6010606 -0.5562881 0.5738204 0.893161 -0.3132103 0.3227425 0.9800529 0.07900822 0.1823573 0.980058 -0.1383917 0.1425974 0.8265101 -0.2076947 0.5232056 0.826582 0.008064746 0.5627586 0.826407 0.008636534 0.5630073 0.8263176 0.2239028 0.5167852 0.8264448 0.223453 0.5167766 0.1912102 -0.6832776 0.7046775 0.4355884 -0.6266106 0.6462368 0.55192 -0.5434728 0.6324726 0.5480653 -0.3086069 0.7774229 0.5478093 -0.3083274 0.7777141 0.5477776 0.01282954 0.8365257 0.5480335 0.01244205 0.8363639 0.5480237 0.3319793 0.767763 0.5481675 0.331743 0.7677624 0.1914178 -0.6834154 0.7044876 0.1914104 -0.3617306 0.9124216 0.191742 -0.3620456 0.912227 0.1917951 0.01459842 0.9813264 0.1915576 0.01484727 0.9813691 0.1915464 0.3893033 0.9009733 0.1912531 0.3896122 0.9009022 0.9800549 0.002846837 0.1987066 0.7877789 -0.428741 0.4422505 0.8311836 -0.3198136 0.4548114 0.8262842 -0.2071311 0.5237856 0.980056 -0.0730766 0.1847973 1 -2.54819e-7 0 1 2.49998e-7 0 1 2.48751e-7 0 1 -3.87549e-7 0 0 0.6935786 0.7203811 0.001894414 0.8438231 0.5366181 0 0.9843242 0.1763687 1.44909e-4 0.987161 0.1597283 -7.34139e-5 0.911586 0.4111095 9.49837e-6 0.9198905 0.3921756 -2.46927e-5 0.751422 0.6598221 -0.0027619 0.5752153 0.8179975 0.9067731 0.1488514 -0.3944693 0.9237872 0.1367534 -0.3576532 0.9914547 0.04604947 -0.1220538 0.995719 0.03543585 -0.08537036 0.9685345 0.08694452 -0.2331987 0.8661116 0.1764733 -0.4676622 0.8660304 0.1765021 -0.4678019 0.8661826 0.1764273 -0.467548 -0.8480884 0.187065 -0.4957346 -0.7071115 0.2508438 -0.6611132 -0.745958 0.2382768 -0.6219092 -0.3581467 0.3303211 -0.8732805 -0.5260502 0.2998083 -0.7958556 -0.6339579 0.273985 -0.7232079 0.104049 0.3514332 -0.9304131 0.06250417 0.3521873 -0.9338401 -0.1041706 0.3513389 -0.9304351 -0.1259497 0.3501682 -0.9281804 -0.3235949 0.3341344 -0.8852347 0.7068819 0.2497207 -0.6617835 0.7929502 0.2203387 -0.5680502 0.64726 0.2699488 -0.712869 0.3584036 0.3284425 -0.8738836 0.4772528 0.3128493 -0.8211913 0.275095 0.3390876 -0.8996347 -0.8660114 0.1765343 -0.4678248 -0.8660335 0.1765181 -0.46779 -0.8660335 0.1765191 -0.4677897 -0.9914547 0.04605054 -0.1220538 -0.9976989 0.028526 -0.06150776 -0.9806633 0.0683577 -0.1833763 -0.9238716 0.1360698 -0.357696 -0.9159855 0.1416502 -0.3753743 -1 -8.33931e-6 0 -1 -1.29563e-6 0 -1 1.67698e-6 0 -1 5.75834e-6 0 -1 -7.03666e-7 0 -1 4.52861e-7 0 -1 9.35503e-7 0 -1 4.95162e-7 0 -1 2.5612e-6 0 -1 -4.13033e-6 0 -1 1.40009e-6 0 -1 -2.72211e-6 0 -1 -1.41222e-6 0 -1 1.79653e-6 0 -1 2.78812e-6 0 -1 -1.8373e-6 0 -1 1.92098e-6 0 -1 2.02304e-6 0 -1 -3.5781e-6 0 -1 -2.81138e-6 0 -1 3.62675e-6 0 -1 -3.60732e-6 0 -1 1.85523e-6 0 -1 -2.05743e-6 0 -1 -9.11673e-7 0 -1 9.46998e-7 0 -1 -2.51997e-7 0 -1 4.47374e-7 0 -0.9656341 -0.2577592 0.03333425 -0.7254894 -0.6829162 0.08538538 -0.8604704 -0.5052763 0.06547248 -0.2269241 -0.9688285 0.09938198 -0.3910943 -0.9127482 0.1180511 -0.533719 -0.8386757 0.1084768 -0.08702528 -0.9879717 0.1278227 -0.9656735 -0.2576072 0.03336584 -0.9656764 -0.2490589 0.07374876 -0.9656189 -0.2492824 0.07374548 -0.9656221 -0.2344467 0.1122891 -0.965669 -0.2342675 0.1122595 -0.965667 -0.2135509 0.1479299 -0.9656609 -0.2135724 0.1479393 -0.7925693 -0.5012736 0.3472159 -0.705358 -0.7042801 0.08037227 -0.7057899 -0.679319 0.2009636 -0.70624 -0.6788328 0.2010252 -0.7062245 -0.6384688 0.3059489 -0.7060514 -0.6386561 0.3059571 -0.705074 -0.5708494 0.4207157 -0.6069911 -0.6533454 0.4524395 -0.2576853 -0.9604852 0.1051971 -0.25811 -0.9263489 0.2743299 -0.2578091 -0.9264545 0.2742567 -0.2578757 -0.8713502 0.4174313 -0.2581939 -0.871227 0.4174919 -0.2582004 -0.7942487 0.5500014 -0.2584404 -0.7941484 0.5500336 0 -0.8217311 0.5698756 0 -0.9751847 0.2213931 0 -0.9751808 0.2214105 0 -0.9204506 0.3908591 0 -0.9204517 0.3908563 0 -0.821743 0.5698584 0.2584509 -0.7941876 0.5499719 0.9656765 -0.2576029 0.03331255 0.9656791 -0.2490674 0.07368427 0.9656194 -0.2492626 0.07380723 0.9656172 -0.2344409 0.1123434 0.9656687 -0.2342932 0.1122088 0.9656674 -0.2135556 0.1479202 0.9656607 -0.2135668 0.1479482 0.9656293 -0.2577702 0.03338855 0.8605268 -0.5051831 0.06545108 0.7056837 -0.7030887 0.08761787 0.7057799 -0.6792731 0.2011535 0.7062431 -0.6788856 0.200836 0.7062279 -0.6384997 0.3058763 0.7060689 -0.6386035 0.3060267 0.706058 -0.5821964 0.4031494 0.70585 -0.582305 0.403357 0.7258056 -0.6836547 0.07630586 0.5336786 -0.8387033 0.1084629 0.3911073 -0.9127416 0.1180587 0.2581828 -0.7942084 0.550068 0.2581937 -0.8712723 0.4173974 0.2578675 -0.8713058 0.4175292 0.2578168 -0.9264242 0.2743515 0.2581008 -0.9263807 0.2742313 0.2576262 -0.9607343 0.1030467 0.1410573 -0.981819 0.1270208 1 -6.10701e-6 0 1 0 0 1 8.42054e-7 0 1 5.0018e-7 0 1 -3.01711e-7 0 1 -3.52764e-7 0 1 0 0 1 2.48389e-7 0 1 0 0 1 1.44876e-7 0 1 3.00856e-7 0 1 -3.77686e-7 0 1 -3.08229e-7 0 1 3.13122e-7 0 1 0 0 1 0 0 1 -1.73914e-7 0 1 2.4137e-7 0 1 0 0 1 -1.63813e-7 0 1 1.53247e-7 0 1 -1.93408e-7 0 1 -4.02395e-6 0 1 5.34464e-7 0 1 0 0 1 8.18117e-7 0 1 -1.8384e-7 0 1 9.71187e-7 0 1 6.67054e-6 0 1 2.09231e-7 0 1 -6.66371e-7 0 1 -3.87846e-6 0 1 -1.94393e-6 0 1 5.8892e-7 0 1 1.17069e-6 0 0.9132961 0.4072958 5.47673e-4 0.8088216 0.5880541 0 0.8189007 0.5739355 -1.53345e-4 0.8460733 0.5329596 0.01067763 0.8958444 0.4443677 -5.34229e-4 0.9860081 0.1666967 5.29622e-4 0.9892078 0.1465197 0 0.3421341 0.9378181 -0.05866533 0.6762887 0.7364134 -0.01813876 0.7522667 0.6578844 -0.0358203 0.6703529 0.7405961 -0.04630821 0.6680819 0.7437564 -0.02220195 0.426481 0.9038847 -0.03326404 0.1631528 0.9704125 -0.1779913 0.3485451 0.9287416 -0.1263152 0.4049787 0.9061992 -0.121636 0.5577005 0.8252283 -0.0892663 -0.08605945 -0.9715664 0.2205731 -0.222626 -0.9465389 0.2334562 -0.532557 -0.8414536 0.09131854 -0.9658324 -0.2589221 0.01127988 -0.8214814 -0.4977562 0.2782215 -0.8856827 -0.4263338 0.1838631 -0.7749963 -0.5745288 0.2632444 -0.2571618 -0.5887713 0.7663004 -0.5854691 -0.7332004 0.3458948 -0.5547364 -0.6578446 0.5094194 -0.8220249 -0.4994344 0.2735699 -0.110391 -0.8071127 0.5799854 -0.3135161 -0.9145884 0.2554131 -0.3185591 -0.9106596 0.2630958 -0.3919225 -0.9141029 0.1039847 -0.1052422 -0.9675588 0.2296828 -0.0757572 -0.91768 0.3900312 -0.06946396 -0.8197695 0.5684655 -0.7256399 -0.6809449 0.09879726 -0.6281293 -0.7591816 0.1705784 -0.4699655 -0.8034027 0.3656183 -0.470573 -0.8030108 0.3656977 0.2567527 -0.589309 0.7660241 0.4702292 -0.8031033 0.3659366 0.139526 -0.9685342 0.2060922 0.9658302 -0.2590187 0.009019553 0.8841965 -0.427985 0.1871514 0.8441548 -0.4750626 0.248432 0.5358934 -0.8390427 0.09394502 0.7094776 -0.6605091 0.2457016 0.6967395 -0.7146695 0.0616576 0.8075826 -0.5364997 0.2449054 0.7857661 -0.5324491 0.3147535 0.06903517 -0.8197788 0.5685042 0.07531136 -0.9178304 0.3897635 0.1062179 -0.9696668 0.2201452 0.3909728 -0.9142543 0.1062046 0.319957 -0.910975 0.2602923 0.3126651 -0.9133497 0.2608315 0.1108793 -0.8068069 0.5803175 0.6056476 -0.6390652 0.4741168 0.5238906 -0.7208507 0.4537763 0.4700886 -0.8035705 0.365091 0.1660718 -0.7674948 0.6191703 1 4.42622e-7 0 1 4.04937e-7 0 1 -8.94797e-7 0 1 -4.47674e-7 0 1 8.96938e-7 0 1 -4.77796e-7 0 1 -2.38158e-7 0 1 4.74762e-7 0 1 -9.05567e-7 0 1 -4.70204e-7 0 1 -1.82891e-6 0 1 9.3538e-7 0 1 -1.84152e-6 0 1 9.4413e-7 0 1 9.46264e-7 0 1 -7.39528e-7 0 1 -3.82278e-6 0 1 1.77661e-6 0 1 3.91133e-6 0 1 -1.75769e-6 0 1 1.91186e-6 0 1 -1.7965e-6 0 1 1.90781e-6 0 1 1.80217e-6 0 1 -1.901e-6 0 1 -1.84997e-6 0 1 9.5942e-7 0 0.2046579 0.9788327 0.001402735 0.2098443 0.9777237 0.004678905 0.2353743 0.9719022 0.002287685 0.2093604 0.9778385 -6.20556e-4 0.2092565 0.9778527 0.00401616 0.2014526 0.9794983 0 0.1999392 0.9798084 -7.48254e-5 0.2303008 0.9731196 7.4604e-5 0.2470003 0.969015 8.90329e-4 0.2642414 0.9644567 0 -0.2561712 -0.2699054 0.9281851 -0.2568943 -0.269608 0.9280716 -0.7022742 -0.1986026 0.6836431 -0.7021908 -0.1986584 0.6837126 -0.9650859 -0.07308369 0.2515314 -0.9651697 -0.07287955 0.2512693 -0.258959 -0.3743618 0.8903896 -0.140454 -0.2408126 0.9603552 -0.9654639 -0.005804002 0.2604723 -0.9654508 -0.005823671 0.2605205 -0.7046121 -0.01586478 0.7094154 -0.70425 -0.01610434 0.7097694 -0.9651166 -0.07379323 0.2512065 -0.965124 -0.07377523 0.2511831 -0.702426 -0.2005749 0.682911 -0.7027358 -0.2003546 0.6826569 -0.2551783 -0.2722889 0.9277622 -0.2565588 -0.02192342 0.96628 -0.2576407 -0.02140498 0.9660037 -0.2572893 -0.06241965 0.9643164 -0.2562993 -0.06278616 0.9645562 -0.7026785 -0.04621529 0.7100051 -0.7022311 -0.04647225 0.7104308 -0.9650611 -0.01710391 0.2614665 -0.9650673 -0.0170964 0.261444 -0.6093505 -0.5339565 0.5861592 -0.2588477 -0.6504492 0.7140825 -0.8993365 -0.2944519 0.3232524 -0.7949194 -0.408563 0.4485303 -0.9811893 -0.1300013 0.1427141 -0.2585835 -0.6505156 0.7141177 -0.2585616 -0.5909404 0.7641568 -0.2578443 -0.5911228 0.7642579 -0.2577677 -0.5279793 0.8091933 -0.2589446 -0.527698 0.809001 -0.2589088 -0.4611371 0.848716 -0.2586461 -0.46119 0.8487673 -0.2587262 -0.3915467 0.8830357 -0.2580386 -0.3916888 0.8831739 -0.2579456 -0.319548 0.9117857 -0.2588733 -0.3193714 0.9115846 -0.2588578 -0.246446 0.9339471 -0.259982 -0.2462509 0.9336862 -0.7068461 -0.4712499 0.5275341 -0.7067285 -0.4328464 0.5596238 -0.7067729 -0.4328114 0.5595948 -0.7068379 -0.3864654 0.5924735 -0.7062857 -0.3868312 0.5928931 -0.7063344 -0.3379665 0.6219891 -0.7062969 -0.337989 0.6220194 -0.7062457 -0.2870264 0.6471731 -0.7064781 -0.2868979 0.6469762 -0.706505 -0.2340008 0.6679031 -0.7072801 -0.2336347 0.6672104 -0.7073142 -0.1802753 0.6835258 -0.7066984 -0.1805195 0.684098 -0.9658255 -0.1706333 0.1951035 -0.965785 -0.1586674 0.2051441 -0.9658411 -0.1585201 0.2049939 -0.9658346 -0.141615 0.2170457 -0.9658231 -0.1416404 0.2170803 -0.9658221 -0.1237578 0.2277538 -0.9658703 -0.1236509 0.2276073 -0.9658747 -0.1049992 0.2367728 -0.9659078 -0.1049332 0.2366669 -0.9659065 -0.08555966 0.2443447 -0.9657202 -0.08586364 0.2449732 -0.9657235 -0.06623029 0.2509818 -0.9657862 -0.06614506 0.2507624 -0.9806004 0.1099599 0.1622706 -0.9652642 0.1325022 0.2251852 -0.8966184 0.248412 0.3665609 -0.2587754 0.5419811 0.7995573 -0.1948757 0.5308093 0.8247818 -0.4417145 0.5032184 0.7427379 -0.7058622 0.3973284 0.5864202 -0.6085606 0.4074167 0.6809301 -0.7923577 0.3422515 0.5050082 -0.2587492 0.5743631 0.7766312 -0.2593265 0.5743377 0.7764574 -0.7063661 0.4209471 0.5690786 -0.7065957 0.420839 0.5688735 -0.9658672 0.1540553 0.2082487 -0.9658439 0.1540998 0.2083236 -0.965438 0.172778 0.1951341 -0.965406 0.1728371 0.1952401 -0.7041075 0.4706743 0.5316939 -0.7050368 0.470325 0.5307708 -0.2570963 0.6409116 0.7232799 -0.2557948 0.6408699 0.7237781 -0.9654194 0.2138404 0.1491229 -0.96542 0.2138417 0.1491172 -0.7049362 0.5817849 0.4056987 -0.7041099 0.5822831 0.4064183 -0.2558462 0.7927197 0.5532976 -0.2566021 0.7926741 0.5530129 -0.9807801 0.1088545 0.1619295 -0.971913 0.1301969 0.1960459 -0.9950324 0.05655854 0.08192497 -0.7745128 0.3545955 0.5238243 -0.8578125 0.2906312 0.4239002 -0.9224305 0.2202321 0.3172064 -0.8314689 0.3162208 0.4567975 -0.5555487 0.47188 0.684613 -0.5685703 0.4660594 0.6778764 -0.1948829 0.5587846 0.8060896 -0.2200224 0.5541942 0.802782 -0.442429 -0.7374679 0.5102919 -0.09350544 -0.8192872 0.5657077 -0.1948516 -0.7976107 0.5708329 -0.2070707 -0.7968288 0.5676141 -0.3584328 -0.7726702 0.523934 -0.995061 -0.08168995 0.05639392 -0.9789104 -0.158774 0.1285513 -0.9469373 -0.2422091 0.2112931 -0.980738 -0.1664997 0.1021326 -0.8869915 -0.3784583 0.2646043 -0.8966113 -0.3640122 0.2521575 -0.8083249 -0.4852703 0.3333523 -0.7935284 -0.4988473 0.3485174 -0.719021 -0.5719758 0.3947818 -0.6085482 -0.6531842 0.4505771 -0.6094125 -0.6524981 0.4504027 -0.4936749 -0.7157047 0.4940162 -0.7041792 -0.6677709 0.2412751 -0.788868 -0.6137171 0.03222775 -0.980185 -0.1978116 0.01039415 -0.8969711 -0.4401521 -0.04134076 -0.1949875 -0.977944 -0.07486885 -0.4197419 -0.8081184 -0.4132332 -0.1698433 -0.9815639 0.08766818 -0.9649582 -0.2620427 0.01376104 -0.9653064 -0.2455698 0.08876335 -0.9652884 -0.2456434 0.08875614 -0.9652686 -0.214981 0.1484581 -0.9653247 -0.2147568 0.148418 -0.9653252 -0.1699692 0.1981356 -0.9653671 -0.1698123 0.1980658 -0.9653723 -0.1136561 0.2348166 -0.965303 -0.1138755 0.2349949 -0.9653013 -0.05018329 0.2562716 -0.9653103 -0.05016094 0.2562418 -0.7038881 -0.6681106 0.2411843 -0.7038682 -0.5843567 0.4038525 -0.7035974 -0.5846872 0.4038461 -0.703476 -0.4626005 0.5395576 -0.7033696 -0.4627215 0.5395925 -0.7032878 -0.3100094 0.6397504 -0.7039566 -0.3092996 0.6393582 -0.7039317 -0.1364551 0.6970368 -0.7034162 -0.1369181 0.6974663 -0.6066346 -0.7949558 -0.006320536 -0.7020331 -0.7111626 0.03738152 -0.2556173 -0.9654452 0.05074846 -0.2568968 -0.9090221 0.3281506 -0.2573197 -0.9088358 0.3283355 -0.257581 -0.7950452 0.5491406 -0.256953 -0.7953864 0.5489407 -0.2569758 -0.629103 0.7336164 -0.2569048 -0.6291463 0.7336041 -0.2568693 -0.4208719 0.8699914 -0.2562392 -0.4212636 0.8699877 -0.2561911 -0.1861937 0.9485242 -0.2577217 -0.1852732 0.9482897 -0.2598394 -0.09315329 0.9611484 -0.2596281 -0.09318715 0.9612022 -0.7061508 -0.06832557 0.7047571 -0.7061968 -0.06831187 0.7047124 -0.9659128 -0.02497714 0.2576598 -0.9658205 -0.02505797 0.257998 -0.9806977 0.09776598 0.1693338 -0.980678 0.09782207 0.1694152 -0.896991 0.2210279 0.3828234 -0.8970637 0.2209542 0.3826957 -0.7928882 0.3046933 0.5277218 -0.7931157 0.3045507 0.5274623 -0.6097416 0.3963166 0.6864026 -0.6086169 0.3967317 0.6871604 -0.4426739 0.4483497 0.7765453 -0.4426156 0.4483495 0.7765784 -0.1950812 0.4903945 0.849386 -0.1956866 0.4903283 0.849285 -0.6549763 0.7477891 0.1087089 -0.9422268 0.313317 0.1184961 -0.1956953 0.4947137 0.846736 -0.2366966 0.7683674 0.5946311 -0.4425419 0.4536272 0.7735497 -0.6096888 0.4078956 0.6796327 -0.6283472 0.7040764 0.330842 -0.7928897 0.3019288 0.529306 -0.9643107 0.1193012 0.2363729 -0.8720656 0.48295 -0.07912635 -0.8969329 0.2308356 0.3771291 -0.7832421 0.5843558 0.2122741 -0.789337 0.4716705 0.3930322 -0.6013059 0.5172939 0.608965 -0.6896588 0.5177237 0.5062934 -0.2170403 0.5304833 0.8194395 -0.2572279 0.5417754 0.8001959 -0.4313498 0.8825247 0.1873164 -0.5156841 0.7841172 0.345297 -0.3942745 0.7421881 0.541945 -0.43476 0.7714675 0.4645662 -0.139884 0.6032486 0.7851902 -0.1569368 0.6211726 0.7677993 -0.2088394 0.9631502 0.1694932 -0.2082764 0.9704895 0.1215366 -0.137843 0.8568472 0.4968021 -0.1394281 0.8719395 0.4693413 -0.04875218 0.6418325 0.7652937 -0.04947614 0.6485916 0.7595269 0.04228031 0.9842262 0.1717888 0.04116094 0.9840341 0.1731551 0.02789181 0.8661022 0.4990883 0.02554154 0.8648198 0.5014324 0.008839845 0.6434742 0.7654169 0.007711768 0.6425822 0.766178 0.1286106 0.9770613 0.1697373 0.1226696 0.9766651 0.1762878 0.08373659 0.8619914 0.499959 0.08143162 0.861047 0.501963 0.03064846 0.6424161 0.765743 0.02919524 0.6415091 0.7665598 0.1776714 0.9688685 0.1724147 0.1766839 0.968555 0.1751684 0.115899 0.8572327 0.5017166 0.1150509 0.8562741 0.5035455 0.04014986 0.6401259 0.7672201 0.04039645 0.6405652 0.7668405 0.2204218 0.9605444 0.1696136 0.2183796 0.9595951 0.1774473 0.1444053 0.8536816 0.5003749 0.1426647 0.8512579 0.5049822 0.05061471 0.6401529 0.7665786 0.0495851 0.6380928 0.7683612 0.7531787 0.6318934 0.1828461 0.7245445 0.6595643 0.2000256 0.5127391 0.6700026 0.5368381 0.4931614 0.6801327 0.5424125 0.1842073 0.5824812 0.7916966 0.1763852 0.5848194 0.7917541 0.6970744 0.4971333 0.5166682 0.591494 0.534204 0.6039546 0.2586619 0.534682 0.8044933 0.213903 0.5362887 0.8164802 0.9312169 0.3547445 0.0836153 0.5666647 0.4224535 0.7074067 0.8191093 0.5192254 0.2438542 0.9658313 0.1295886 0.2244479 0.9658635 0.1295326 0.2243414 0.7075395 0.3533419 0.6119946 0.7072402 0.3534886 0.6122558 0.2591539 0.4829211 0.8364369 0.2586852 0.4829719 0.8365525 0 0.3969394 0.9178448 0 0.3969397 0.9178448 0 0.01512718 0.9998856 -6.58783e-5 -0.3690263 0.9294191 0 -0.3702661 0.9289258 -3.23034e-5 -0.6961334 0.7179124 0 -0.6966026 0.7174572 0 1 0 0 1 1.11535e-5 0 0.6395378 0.7687597 8.81944e-4 0.6629224 0.7486877 -5.715e-4 0.7642328 0.6449404 0.001126646 0.8201327 0.5721722 -9.33444e-5 0.8532502 0.521502 8.47427e-6 0.8890971 0.4577187 8.76868e-6 0.8961806 0.4436898 4.04119e-4 0.9196277 0.3927911 0 0.9986534 0.05188035 -0.001612961 0.956537 0.291607 -0.004273831 0.9797961 0.1999536 0.003391146 0.938157 0.3461935 -0.001844108 0.993156 0.1167811 3.59632e-4 0.9805522 0.1962584 -2.00115e-4 0.9980365 0.06263673 0 -0.2551416 0.9669038 -0.002199172 -0.6303532 0.7763054 -0.002593457 -0.6342568 0.7731182 -0.004713356 -0.6520467 0.7581641 -0.003683745 -0.6439396 0.7650676 -0.003207921 -0.6400786 0.7683029 0 -0.6733981 0.7392801 -0.001816391 -0.6881033 0.7256105 0.002733588 -0.6117427 0.7910522 -0.006954848 -0.6666362 0.7453508 -0.00577414 -0.659039 0.7520867 -0.004744708 -0.5969564 0.8022597 0 -0.6050812 0.7961639 0.004163563 -0.6088244 0.7932943 0.008989393 -0.6120336 0.7907807 0.01401793 -0.6151775 0.7882641 0.02128285 -0.618126 0.7857909 0.004355847 -0.6117379 0.7910487 -5.3478e-4 -0.6447322 0.7644084 0.001458585 -0.6497761 0.7601244 0.004348039 -0.6551379 0.7554969 0 -0.688107 0.7256093 0.05035901 -0.672542 0.7383437 0.02728372 -0.6663138 0.7451722 0.0135557 -0.6600366 0.7511112 0.001107394 -0.09561842 0.9954175 -0.001170158 -0.01998269 0.9997997 0 -0.01567238 0.9998772 0 0.06493842 0.9978893 -0.010885 0.1049025 0.994423 0 0.1447074 0.9894745 0 0.22361 0.9746788 -0.01089078 0.2625212 0.9648649 0 0.594613 0.8040122 0 0.3010478 0.9536091 0 0.3767463 0.9263166 -0.01091384 0.413663 0.9103648 0 0.449963 0.8930472 0 0.527448 0.8495874 -0.002807199 0.5201767 0.8540542 5.36021e-4 0.5688493 0.8224417 0.001967489 0.5869345 0.8096321 0 0.5946133 0.804012 -0.001842379 -0.6264548 0.7794557 0 -0.605625 0.7957502 0 -0.546442 0.8374969 0 -0.5464416 0.8374972 0 -0.4774127 0.8786792 0 -0.4774124 0.8786794 0 -0.4053509 0.9141612 0 -0.3307394 0.9437221 0 -0.3307398 0.9437221 0 -0.2551416 0.9669038 2.88648e-4 -0.2537891 0.9672595 -2.64781e-4 -0.1803228 0.9836075 7.20643e-4 -0.1753205 0.9845112 0 -0.1394117 0.9902345 0 -0.1001866 0.9949687 0 -0.1001867 0.9949687 0 0.5610895 0.8277553 0 0.5610929 0.8277529 0.8314654 0.3131946 0.4588839 0.9998151 0.01100206 0.01577252 0.9998195 0.01078855 0.01564103 0.9802771 0.1099936 0.1641899 0.9546757 0.1690198 0.2450034 0.8900485 0.2590678 0.3750966 0.980803 0.1102852 0.160819 0.999624 0.007142961 0.0264728 0.991465 0.07007861 0.1099372 0.7890428 0.3486905 0.5057929 0.5753875 0.4652119 0.6726866 0.5555496 0.4717481 0.6847031 0.3377257 0.5349649 0.7744379 0.001280725 0.5681643 0.8229141 0.1948853 0.5570661 0.8072776 0.1114142 0.5598853 0.8210453 0.2390752 0.5501312 0.8001242 0 0.5681156 0.8229488 0 0.5681157 0.8229488 0.9658035 -0.2076734 0.1552272 0.7069026 -0.566541 0.423462 0.25872 -0.773747 0.5782556 0.2579969 -0.77386 0.5784274 0.2580013 -0.8212 0.5089854 0.2572826 -0.821323 0.5091508 0.2572395 -0.8624869 0.4358258 0.257936 -0.8623521 0.4356812 0.2579326 -0.8968638 0.3593136 0.258081 -0.896834 0.3592813 0.2582207 -0.9246668 0.2798455 0.2573446 -0.9248641 0.2800002 0.257343 -0.9456982 0.1985686 0.2568631 -0.9458122 0.1986473 0.2568539 -0.9594974 0.115719 0.2570425 -0.9594498 0.1156955 0.2570306 -0.9658764 0.03190815 0.257963 -0.9656312 0.0318036 0.2579594 -0.964756 -0.05199003 0.2591605 -0.9644284 -0.05209535 0.2591203 -0.9562769 -0.1356141 0.259459 -0.9561827 -0.1356311 0.2594655 -0.9407567 -0.2182988 0.2582834 -0.9410932 -0.2182508 0.25831 -0.918602 -0.2990759 0.2595742 -0.9182403 -0.2990922 0.2595973 -0.8887318 -0.3778426 0.2577809 -0.8892526 -0.3778609 0.257774 -0.8530652 -0.4536876 0.257557 -0.8531273 -0.453694 0.2576921 -0.8104507 -0.5260843 0.2582533 -0.8102922 -0.5260531 0.2582566 -0.7615674 -0.5944061 0.2580073 -0.7616333 -0.5944301 0.2579788 -0.7071332 -0.6583385 0.2587488 -0.7069249 -0.6582601 0.258745 -0.6470348 -0.7172148 0.2579399 -0.6472377 -0.7173216 0.257931 -0.5824937 -0.7708261 0.2591212 -0.5822029 -0.7706465 0.2590336 -0.5131366 -0.8182863 0.2592357 -0.5130892 -0.8182522 0.2593201 -0.4400336 -0.859723 0.2573063 -0.4404649 -0.8601071 0.2572913 -0.3640587 -0.8951327 0.2590185 -0.3637169 -0.8947734 0.2590418 -0.2846333 -0.9229742 0.2583472 -0.2847535 -0.9231318 0.2583573 -0.20349 -0.9443746 0.2581874 -0.2035134 -0.944416 0.2581799 -0.1207091 -0.9585263 0.2593809 -0.120548 -0.9582222 0.2593756 -0.03679358 -0.9650754 0.2568567 -0.037077 -0.965738 0.2568843 0.04692846 -0.9653021 0.2589588 0.04711562 -0.9647387 0.2589491 0.1307778 -0.9569967 0.2568777 0.1306416 -0.9575734 0.2568289 0.2134394 -0.9425936 0.2577616 0.2134742 -0.9423311 0.2577056 0.2944144 -0.9202761 0.2573787 0.2944062 -0.9203702 0.2574607 0.3732869 -0.891275 0.2570905 0.3732911 -0.8913801 0.2570873 0.4492803 -0.8556013 0.2576939 0.4492622 -0.8554283 0.25759 0.5343526 -0.8050557 0.2581822 0.5342997 -0.8049012 0.706847 -0.5665741 0.4235105 0.7068805 -0.6011899 0.3726806 0.7076031 -0.6006259 0.3722183 0.70762 -0.6306753 0.3186263 0.7067939 -0.6313588 0.3191059 0.7067779 -0.6566988 0.2630811 0.7074361 -0.6561208 0.2627539 0.7074258 -0.6764671 0.2047949 0.7072819 -0.6765982 0.2048592 0.7072438 -0.6918749 0.1453113 0.7071654 -0.6919492 0.1453393 0.7071627 -0.7019658 0.08464604 0.7078269 -0.7013169 0.08447325 0.7078242 -0.7060059 0.02325189 0.7064731 -0.7073501 0.02348989 0.7064735 -0.7067093 -0.03817433 0.7063854 -0.7067977 -0.03816753 0.7063752 -0.7008222 -0.09941053 0.7069905 -0.7002017 -0.09940838 0.7069826 -0.6889465 -0.159776 0.7070249 -0.6889038 -0.159773 0.7070158 -0.6724262 -0.2190245 0.7064172 -0.6730203 -0.2191313 0.7064231 -0.6514195 -0.2768017 0.7072666 -0.6505976 -0.2765803 0.7072523 -0.6241868 -0.3319413 0.7074175 -0.6240259 -0.331892 0.7073569 -0.5928738 -0.3848987 0.7071015 -0.5931055 -0.3850109 0.7071043 -0.5574334 -0.4350535 0.7073592 -0.5572086 -0.434927 0.7073983 -0.5172863 -0.4816666 0.7069333 -0.5176683 -0.4819387 0.7069398 -0.473808 -0.5251116 0.7074798 -0.473389 -0.524762 0.7074465 -0.4260296 -0.5639311 0.7067131 -0.4265577 -0.5644512 0.7067582 -0.3758392 -0.5993645 0.7068465 -0.3757712 -0.5993031 0.7068859 -0.3224087 -0.6295753 0.707149 -0.3222527 -0.6293596 0.7071711 -0.2662491 -0.6549966 0.7075157 -0.2660752 -0.654695 0.7075174 -0.2083083 -0.6752976 0.7068169 -0.2086061 -0.675939 0.7068734 -0.1490045 -0.6914678 0.7077308 -0.1487097 -0.6906538 0.7077654 -0.08817845 -0.7009228 0.7064692 -0.08851832 -0.7021865 0.7064942 -0.02715188 -0.7071979 0.7076655 -0.02693957 -0.7060339 0.7076572 0.0344665 -0.7057149 0.7068558 0.03439158 -0.7065212 0.7068868 0.09561544 -0.7008343 0.7072726 0.09561806 -0.7004446 0.7073025 0.1561864 -0.6894411 0.7071301 0.1561958 -0.6896157 0.7071213 0.215435 -0.673474 0.7076106 0.2153462 -0.6729883 0.7076043 0.2729479 -0.6517635 0.7072998 0.2730261 -0.6520612 0.7072845 0.3287011 -0.6258628 0.706876 0.328834 -0.6262544 0.7065854 0.3913582 -0.5895556 0.706899 0.3912049 -0.5892814 0.9658159 -0.207635 0.1552012 0.9658114 -0.2203617 0.1365621 0.9657958 -0.220408 0.1365976 0.9657953 -0.2314251 0.1169691 0.9658267 -0.2313258 0.1169066 0.9658306 -0.2405992 0.09634953 0.9658296 -0.2406023 0.09635233 0.9658333 -0.2480438 0.07510334 0.9657791 -0.2482301 0.07518297 0.9657822 -0.2538163 0.05331295 0.9657883 -0.2537947 0.05330425 0.9657875 -0.2574736 0.03101289 0.9657261 -0.2576981 0.03106534 0.9657222 -0.2594353 0.00861454 0.9658966 -0.2587876 0.008528351 0.9658945 -0.2585594 -0.0139625 0.9658129 -0.2588648 -0.01394647 0.9658136 -0.2566637 -0.03643965 0.9658333 -0.2565903 -0.03643643 0.9658297 -0.2524768 -0.0585525 0.9658291 -0.2524788 -0.05855488 0.9658264 -0.2464562 -0.08024179 0.9658283 -0.2464485 -0.08024281 0.9658229 -0.2385435 -0.1014059 0.9657301 -0.2388738 -0.1015117 0.9657303 -0.2291564 -0.1218704 0.9657524 -0.2290765 -0.1218462 0.9657554 -0.2176217 -0.1412705 0.9657989 -0.2174775 -0.1411951 0.9657995 -0.2043955 -0.159543 0.9657685 -0.2044948 -0.1596027 0.9657676 -0.1898636 -0.1767623 0.9658111 -0.1897329 -0.1766648 0.9658119 -0.1736475 -0.1924943 0.9657471 -0.173828 -0.192656 0.9657506 -0.1564369 -0.2070103 0.9658324 -0.1562296 -0.2067855 0.9658254 -0.1376947 -0.219594 0.9658187 -0.1377041 -0.2196173 0.9658185 -0.1181427 -0.2307317 0.9658837 -0.118007 -0.2305278 0.9658814 -0.09751152 -0.2399269 0.965721 -0.09778898 -0.2404587 0.9657185 -0.07655459 -0.2480469 0.9658761 -0.07631915 -0.2475051 0.9658742 -0.05451959 -0.2532088 0.9657345 -0.05468237 -0.253706 0.9657292 -0.03246235 -0.2575139 0.9657976 -0.03240501 -0.2572647 0.9657948 -0.009887516 -0.2591194 0.9657302 -0.00992155 -0.2593584 0.9657302 0.01261955 -0.2592414 0.9657769 0.01262807 -0.2590666 0.9657761 0.03508245 -0.2569938 0.9658014 0.03507965 -0.2568993 0.9657972 0.05728214 -0.2528927 0.9658107 0.0572735 -0.2528426 0.9658088 0.07901406 -0.2469215 0.9656985 0.0790953 -0.2473262 0.9656975 0.1002892 -0.2395214 0.9658245 0.1001504 -0.2390673 0.9658274 0.1204948 -0.2294747 0.9658212 0.1205001 -0.2294976 0.9657731 0.143464 -0.2161026 0.9657348 0.1435337 -0.2162278 0.2032838 0.6351975 -0.7451174 0.206753 0.6536841 -0.7279769 0.1735776 0.6584601 -0.7323259 0.579526 0.490087 -0.6511256 0.5087029 0.5198243 -0.6862974 0.8534605 0.2438353 -0.4605969 0.7729904 0.3118429 -0.5524852 0.2338082 0.6180863 -0.7505352 0.2364718 0.6241017 -0.7447001 0.6504969 0.460776 -0.6037709 0.5795723 0.490306 -0.6509193 0.922414 0.19552 -0.3330532 0.8572004 0.2632236 -0.4426295 0.2585854 0.5963544 -0.759931 0.2322943 0.5975866 -0.7674176 0.7074877 0.4297292 -0.5610651 0.6499146 0.4529501 -0.6102846 0.9658265 0.1502205 -0.2112182 0.923372 0.2077929 -0.3228098 0.1772317 0.7291123 -0.6610478 0.7708508 0.3077038 -0.5577703 0.7714288 0.3071412 -0.5572808 0.5058892 0.5335054 -0.6778259 0.512204 0.5301728 -0.6756951 0.1713986 0.6873437 -0.7058196 0.1825942 0.6848152 -0.7054697 0.7726908 0.3156838 -0.5507202 0.773657 0.3146596 -0.5499492 0.5073682 0.5571712 -0.6573719 0.5139138 0.5534567 -0.6554222 0.2209303 0.7034434 -0.6755422 0.1811945 0.7117214 -0.6786907 -0.7612215 0.2949381 -0.5775408 -0.5045754 0.549543 -0.6658875 -0.1763089 0.7277928 -0.6627464 -0.7457661 0.3524959 -0.5653137 -0.7059442 0.2844685 -0.6486296 -0.6100106 0.4222943 -0.6704883 -0.5499334 0.3628618 -0.7522664 -0.5495117 0.4062082 -0.7300904 -0.4833146 0.3484984 -0.8030915 -0.4254392 0.4511663 -0.7845066 -0.2911093 0.3834933 -0.8764635 -0.26936 0.4561071 -0.8481814 -0.1067264 0.4176591 -0.9023139 -0.1104789 0.444297 -0.8890414 0.04986143 0.43882 -0.8971906 0.05844753 0.4242321 -0.9036654 0.2090176 0.4496885 -0.8683847 0.2627168 0.3955733 -0.8800578 0.3617956 0.4403676 -0.8216935 0.4578514 0.3748156 -0.8061548 0.5062445 0.4116099 -0.7578219 0.6123504 0.3468139 -0.7104556 0.6404893 0.3802208 -0.6672373 0.7629311 0.2960072 -0.5747312 -0.487996 0.5813488 -0.6510711 -0.4641877 0.5392453 -0.7026695 -0.3878867 0.6111766 -0.6899327 -0.3512606 0.5753808 -0.7386156 -0.3481815 0.599447 -0.7207171 -0.3071561 0.5631644 -0.7671383 -0.2650293 0.6198267 -0.73863 -0.1818722 0.5773891 -0.795955 -0.166054 0.6190112 -0.7676272 -0.06575918 0.5959219 -0.8003455 -0.06753867 0.6109377 -0.7887927 0.03132361 0.6077268 -0.7935282 0.03480446 0.6020398 -0.7977072 0.1264292 0.6171649 -0.7766101 0.1639365 0.5829756 -0.795779 0.2272688 0.6118415 -0.7576271 0.2862864 0.5786867 -0.7636504 0.3170159 0.6023091 -0.7326151 0.3940665 0.5683578 -0.7222749 0.4116312 0.5894114 -0.6950929 0.5041601 0.5504924 -0.6654177 -0.1681632 0.7377333 -0.6538126 -0.1624882 0.7275947 -0.6664861 -0.1285592 0.7481732 -0.6509297 -0.1194661 0.7392168 -0.6627869 -0.1174957 0.7477014 -0.6535575 -0.1046233 0.7363096 -0.6685075 -0.08616441 0.7548116 -0.6502578 -0.06081408 0.741961 -0.6676793 -0.05380797 0.7564359 -0.6518509 -0.02158546 0.7488665 -0.6623693 -0.02205735 0.7532309 -0.6573864 0.009903371 0.7521745 -0.6588897 0.01130008 0.7500496 -0.6612852 0.04099059 0.7550214 -0.6544176 0.05624693 0.7432912 -0.6665993 0.0739811 0.7514227 -0.6556606 0.09819024 0.7413921 -0.6638497 0.1047217 0.7464069 -0.6571987 0.1361074 0.738097 -0.6608235 0.1368929 0.7390342 -0.6596127 0.1781466 0.7310687 -0.6586368 -0.1393779 0.7005469 -0.6998628 -0.7739408 0.3139823 -0.5499372 -0.1769771 0.7292183 -0.6609991 -0.5082542 0.5572168 -0.6566485 -0.2208884 0.7034276 -0.6755724 -0.1811786 0.7117059 -0.6787114 -0.1717382 0.6881931 -0.7049087 -0.3928778 0.5961703 -0.7001628 -0.5070379 0.5373883 -0.673889 -0.5133633 0.5531506 -0.6561118 -0.7720561 0.316726 -0.5510118 -0.7984628 0.2742211 -0.5359665 -0.7722872 0.3099077 -0.5545538 -0.6835006 0.3978683 -0.6119867 -0.5851124 0.4792044 -0.6542221 -0.7968882 0.3458429 -0.4953401 -0.1841765 0.6019116 -0.7770338 -0.8313846 0.3272306 -0.4491323 -0.7977085 0.3643824 -0.4805068 -0.555554 0.501245 -0.6634104 -0.4619271 0.5538077 -0.6927628 -0.184867 0.6192764 -0.7630996 -0.2226585 0.6210016 -0.7515186 -0.1576209 0.6409148 -0.7512549 -0.8926957 0.1786194 -0.4137506 -0.9017086 0.2343468 -0.3633228 -0.9599075 0.1225485 -0.2521103 -0.9618383 0.1612631 -0.2210463 -0.9805551 0.1030993 -0.1669805 -0.8067309 0.3002571 -0.5089508 -0.7136377 0.3852009 -0.5850995 -0.7186067 0.4161407 -0.5571638 -0.5252317 0.5225861 -0.6715919 -0.525081 0.5186533 -0.6747508 -0.195216 0.5988132 -0.7767326 -0.1290358 0.6703809 -0.7307115 -0.1607518 0.6610565 -0.7329142 -0.39032 0.5885978 -0.7079569 -0.4615562 0.5512894 -0.6950151 -0.5867921 0.4843351 -0.648918 -0.6871581 0.4091133 -0.6003668 -0.8309566 0.3069522 -0.4639951 -0.6074032 -0.6463365 0.4618555 -0.19489 0.5424063 -0.8171985 -0.2210751 0.5380958 -0.813375 -0.5548267 0.4590328 -0.6938706 -0.1943248 0.4894769 -0.8500885 -0.1940566 0.4387705 -0.8773953 -0.1936306 0.4388397 -0.8774549 -0.1938232 0.3621844 -0.911732 -0.4288814 0.3036347 -0.8508036 -0.1939779 0.3065414 -0.9318825 -0.193744 0.2158803 -0.9570052 -0.3430546 0.2148015 -0.9144254 -0.3904094 -0.1292101 -0.9115291 -0.195631 0.1667054 -0.9664046 -0.1953069 0.09891974 -0.9757408 -0.1946064 0.09897041 -0.9758757 -0.1949208 0.02217024 -0.9805684 -0.3978822 -0.01820474 -0.9172559 -0.1945144 -0.0366944 -0.9802131 -0.1944906 -0.1218176 -0.9733108 -0.4266161 -0.4362819 -0.792248 -0.1957513 -0.1804006 -0.9639176 -0.1953662 -0.2537229 -0.947342 -0.192732 -0.2537218 -0.9478817 -0.1929992 -0.3195349 -0.9277116 -0.3393032 -0.3511626 -0.872673 -0.1939356 -0.3756473 -0.9062439 -0.1939878 -0.45268 -0.8703159 -0.1955324 -0.5043948 -0.8410428 -0.1951659 -0.5732295 -0.7958129 -0.1954729 -0.5732082 -0.795753 -0.1958727 -0.623041 -0.7572673 -0.2440063 -0.6575499 -0.7128037 -0.1947127 -0.6671977 -0.7189814 -0.1949402 -0.727145 -0.6582238 -0.4358007 -0.6856238 -0.5830933 -0.1947047 -0.7655789 -0.6131713 -0.1944643 -0.8184022 -0.5407417 -0.2707908 -0.8008263 -0.5341812 -0.3542315 -0.9123435 -0.2053031 -0.1946903 -0.847115 -0.4944613 -0.1943675 -0.8776833 -0.4380566 -0.1930114 -0.8778915 -0.4382389 -0.1933109 -0.9108554 -0.3646553 -0.4218037 -0.8541566 -0.3041351 -0.1961978 -0.9307906 -0.3084402 -0.1961443 -0.9540625 -0.226478 -0.407709 -0.9040004 0.1286739 -0.1950016 -0.966232 -0.168435 -0.1946658 -0.975941 -0.09820705 -0.1953557 -0.9758086 -0.09815222 -0.1956807 -0.9803586 -0.02462095 -0.3792743 -0.9250898 0.01896762 -0.1952138 -0.9801522 0.03454416 -0.1952445 -0.973435 0.1195991 -0.196306 -0.9642705 0.1778946 -0.1959632 -0.9470767 0.2542521 -0.1959643 -0.9470778 0.2542476 -0.1962811 -0.9276174 0.3178048 -0.306756 -0.8827779 0.3558147 -0.2587825 -0.7833999 0.565081 -0.1962195 -0.7925621 0.577359 -0.1966189 -0.8420721 0.5022507 -0.4333507 -0.789133 0.4352888 -0.1952192 -0.8710401 0.4507535 -0.1950387 -0.9069341 0.3734039 -0.5548506 0.4590305 -0.6938529 -0.554849 0.3721267 -0.7440863 -0.5553653 0.3719465 -0.7437911 -0.5555179 0.2794731 -0.7831315 -0.5554697 0.2795038 -0.7831546 -0.5554749 0.1829734 -0.8111525 -0.5542983 0.1832293 -0.8118994 -0.5542834 0.08398181 -0.8280802 -0.555971 0.08376228 -0.8269706 -0.5559784 -0.01649397 -0.8310331 -0.5558121 -0.01648694 -0.8311445 -0.5558312 -0.1166704 -0.8230673 -0.5538052 -0.116733 -0.8244231 -0.553881 -0.2152755 -0.8042837 -0.5560398 -0.2150504 -0.8028532 -0.5560974 -0.3102621 -0.7710338 -0.555181 -0.3104451 -0.7716204 -0.5551822 -0.4012091 -0.728563 -0.5542039 -0.4014656 -0.7291663 -0.5541928 -0.4865057 -0.6754128 -0.5552795 -0.4861545 -0.674773 -0.5553089 -0.5638883 -0.611279 -0.5549154 -0.5640637 -0.6114745 -0.5549338 -0.633704 -0.5389508 -0.5549429 -0.6337072 -0.5389375 -0.5549713 -0.6940463 -0.458592 -0.5558128 -0.6936199 -0.458218 -0.555863 -0.743752 -0.3712806 -0.5556161 -0.743896 -0.3713619 -0.5556741 -0.7832287 -0.2788891 -0.5548068 -0.783759 -0.2791261 -0.5548366 -0.8116623 -0.182649 -0.554707 -0.8117458 -0.1826714 -0.5547522 -0.8278381 -0.08327162 -0.5542783 -0.8281498 -0.08332836 -0.5542845 -0.8321524 0.0170626 -0.5536367 -0.8325842 0.01702815 -0.5536623 -0.8244311 0.1173515 -0.5533756 -0.8246232 0.1173545 -0.5534341 -0.8044103 0.2159514 -0.5537151 -0.8042258 0.2159181 -0.5537161 -0.7723279 0.3113008 -0.5547057 -0.7716966 0.3111048 -0.554701 -0.7285585 0.4018822 -0.553452 -0.7293291 0.4022065 -0.553534 -0.6754451 0.4872106 -0.7929786 -0.4941042 0.3564352 -0.8309341 0.3069793 -0.4640176 -0.8309538 0.2488247 -0.4975962 -0.8308241 0.2489376 -0.4977564 -0.8308089 0.1870623 -0.5241797 -0.8307782 0.1870908 -0.5242183 -0.8307822 0.1225256 -0.5429442 -0.8316064 0.1221801 -0.5417592 -0.8315725 0.05596917 -0.5525892 -0.83097 0.05611807 -0.5534797 -0.8309699 -0.01103276 -0.556208 -0.8311097 -0.01104313 -0.5559989 -0.8311083 -0.07796192 -0.5506188 -0.831234 -0.07794988 -0.5504305 -0.8312388 -0.1438305 -0.536987 -0.8307117 -0.1439864 -0.5377601 -0.8307079 -0.2077822 -0.5164795 -0.8310473 -0.2076307 -0.5159941 -0.8310597 -0.2682535 -0.4872166 -0.8315679 -0.2679288 -0.4865276 -0.8315384 -0.3246934 -0.4506863 -0.8310095 -0.3251278 -0.4513484 -0.831012 -0.3771559 -0.4088677 -0.8310991 -0.3770759 -0.4087642 -0.8311036 -0.4236266 -0.360288 -0.8312389 -0.4234869 -0.3601399 -0.8312076 -0.4638734 -0.3064563 -0.830714 -0.4644688 -0.3068926 -0.8306977 -0.4981027 -0.2486671 -0.8307199 -0.4980777 -0.2486429 -0.8306517 -0.5245215 -0.1868025 -0.8310124 -0.5240277 -0.1865835 -0.8310096 -0.5426862 -0.1221266 -0.8314725 -0.5420222 -0.1219244 -0.831472 -0.5527751 -0.05562347 -0.8311913 -0.5531907 -0.05568969 -0.8311995 -0.555858 0.01137006 -0.8311145 -0.5559853 0.01136326 -0.8311224 -0.5505418 0.07835292 -0.8312369 -0.5503714 0.07833695 -0.8312346 -0.5369081 0.1441485 -0.8310716 -0.5371478 0.1441957 -0.8311073 -0.5157724 0.2079416 -0.8310846 -0.5158075 0.2079451 -0.8310968 -0.4869765 0.2685739 -0.8311499 -0.4869131 0.2685246 -0.8312061 -0.4522825 0.3233219 -0.9657935 -0.2082133 0.1545643 -0.9806157 -0.1589109 0.1146306 -0.9806183 -0.1715723 0.09460812 -0.9806479 -0.1714388 0.09454345 -0.9806469 -0.1815828 0.07320827 -0.9806336 -0.1816474 0.07322669 -0.9806352 -0.189147 0.05077517 -0.9806352 -0.1891465 0.05077755 -0.9806326 -0.1939043 0.02758258 -0.9807006 -0.1935644 0.02755475 -0.9806963 -0.1954956 0.0040313 -0.9805679 -0.1961392 0.004008769 -0.9805719 -0.195173 -0.01965296 -0.9805822 -0.1951228 -0.01964265 -0.9805765 -0.1913515 -0.04306209 -0.9806458 -0.1910171 -0.04296869 -0.980644 -0.1844523 -0.06568688 -0.9806876 -0.184248 -0.06560832 -0.9806771 -0.1750392 -0.08737134 -0.9806284 -0.1752551 -0.0874859 -0.9806273 -0.1634365 -0.1079749 -0.9806136 -0.1634826 -0.1080305 -0.9806133 -0.1492652 -0.1269549 -0.9806378 -0.1491818 -0.1268641 -0.9806402 -0.1327769 -0.1439276 -0.9806164 -0.1328475 -0.1440243 -0.9806144 -0.1145331 -0.1589895 -0.980588 -0.1146029 -0.1591026 -0.9805812 -0.09459918 -0.1717891 -0.9805687 -0.09463852 -0.1718391 -0.9805676 -0.07320213 -0.1820128 -0.9806915 -0.07299852 -0.181426 -0.9806938 -0.05058991 -0.1888924 -0.9806407 -0.05064868 -0.1891525 -0.980647 -0.02747303 -0.1938468 -0.980573 -0.0275048 -0.1942171 -0.9805739 -0.00387901 -0.1961118 -0.9806285 -0.00388962 -0.1958381 -0.980629 0.01975476 -0.1948758 -0.9806167 0.01976501 -0.1949371 -0.9806137 0.04311484 -0.1911492 -0.9806314 0.04308956 -0.1910637 -0.9806365 0.06583809 -0.1844383 -0.9806896 0.06573319 -0.1841931 -0.9806874 0.08746349 -0.1749352 -0.9806445 0.08757758 -0.1751185 -0.9806451 0.1080299 -0.1632936 -0.980645 0.1080338 -0.1632918 0 -0.8220773 0.569376 0 -0.9018037 0.4321461 0 -0.9588674 0.2838545 0 -0.9588684 0.2838512 0 -0.9917352 0.1283019 0 -0.9917346 0.1283063 0.9658031 -0.2076733 0.1552298 0.706619 -0.5667698 0.4236289 0.2590045 -0.7736887 0.5782064 0.2582846 -0.7737926 0.5783892 0.2582837 -0.8211389 0.5089405 0.2575668 -0.8212579 0.5091118 0.2575215 -0.8624221 0.4357879 0.2582217 -0.8622828 0.435649 0.2582153 -0.8967949 0.3592824 0.2583683 -0.8967609 0.3592572 0.258504 -0.9245947 0.2798219 0.2576337 -0.9247893 0.2799814 0.2576274 -0.9456234 0.1985565 0.257147 -0.9457386 0.1986306 0.2571383 -0.9594223 0.1157102 0.2573254 -0.9593751 0.1156857 0.2573153 -0.9658007 0.03190559 0.2582517 -0.9655542 0.03180122 0.258241 -0.9646808 -0.05198574 0.2594484 -0.9643511 -0.05209207 0.2594034 -0.9562021 -0.1356002 0.2597476 -0.9561057 -0.1356217 0.2597492 -0.9406831 -0.2182788 0.2585707 -0.9410172 -0.2182382 0.2585932 -0.9185314 -0.2990481 0.2598639 -0.9181643 -0.2990739 0.259882 -0.8886631 -0.3778089 0.25807 -0.8891788 -0.3778374 0.258059 -0.8529978 -0.4536523 0.2578423 -0.8530591 -0.4536605 0.2579771 -0.8103868 -0.5260428 0.2585425 -0.8102201 -0.5260221 0.2585417 -0.7615073 -0.5943593 0.2582921 -0.7615734 -0.594383 0.2582632 -0.707079 -0.6582853 0.2590348 -0.7068675 -0.6582092 0.2590306 -0.6469831 -0.7171584 0.258225 -0.6471851 -0.7172666 0.2582147 -0.5824524 -0.7707623 0.2594087 -0.5821489 -0.7705906 0.2593188 -0.5130997 -0.8182192 0.2595224 -0.5130428 -0.8181903 0.2596055 -0.4400045 -0.8596518 0.2575907 -0.4404259 -0.8600419 0.2575755 -0.3640314 -0.895062 0.2593045 -0.3636841 -0.8947039 0.2593276 -0.2846106 -0.922901 0.2586321 -0.284733 -0.9230583 0.2586425 -0.2034747 -0.9442998 0.2584724 -0.2034939 -0.9443423 0.2584647 -0.1207033 -0.9584503 0.2596671 -0.120536 -0.9581462 0.2596617 -0.03679108 -0.9649987 0.2571404 -0.03707391 -0.9656627 0.2571681 0.04692608 -0.9652267 0.2592445 0.04711145 -0.9646621 0.2592348 0.1307663 -0.9569209 0.2571614 0.1306298 -0.9574987 0.2571123 0.2134264 -0.9425193 0.2580461 0.2134588 -0.9422567 0.2579898 0.2943938 -0.920203 0.257663 0.2943809 -0.9202987 0.2577445 0.3732605 -0.8912039 0.2573747 0.3732601 -0.8913109 0.2573701 0.4492524 -0.8555309 0.2579798 0.449217 -0.8553657 0.2580567 0.5217551 -0.8131288 0.2583475 0.5217279 -0.8130539 0.2583722 0.5904388 -0.7646083 0.2583307 0.5904431 -0.7646191 0.2583506 0.6546369 -0.7104263 0.2582914 0.6546387 -0.7104461 0.2582507 0.7138539 -0.6509373 0.2588474 0.7137703 -0.6507918 0.258807 0.7676326 -0.5863099 0.2582864 0.7677061 -0.5864431 0.2583351 0.8157944 -0.5174386 0.2571213 0.8160029 -0.5177142 0.2572129 0.8553043 -0.4497734 0.2585893 0.8550514 -0.4494649 0.2586266 0.8866052 -0.3834627 0.259464 0.8864327 -0.3832959 0.7065664 -0.566798 0.4236791 0.7066013 -0.6014254 0.37283 0.7073213 -0.6008661 0.3723661 0.707333 -0.6309341 0.3187512 0.706515 -0.6316066 0.3192329 0.7064918 -0.6569651 0.2631848 0.7071596 -0.6563763 0.2628604 0.7071439 -0.6767375 0.2048757 0.7070049 -0.6768624 0.2049425 0.7069551 -0.6921581 0.145367 0.7068893 -0.6922188 0.1453983 0.7068821 -0.7022444 0.08467996 0.7075449 -0.7015974 0.08450645 0.7075457 -0.7062847 0.02326172 0.7061906 -0.7076318 0.0234996 0.7061983 -0.7069834 -0.03819012 0.7061071 -0.7070749 -0.03818333 0.7060934 -0.7011005 -0.09945011 0.7067065 -0.7004827 -0.09944814 0.7066926 -0.6892297 -0.1598372 0.7067502 -0.6891705 -0.1598384 0.7067279 -0.6727015 -0.2191085 0.7061438 -0.673278 -0.2192208 0.7061387 -0.6516813 -0.2769111 0.7069859 -0.6508556 -0.2766913 0.7069668 -0.6244413 -0.3320711 0.7071394 -0.6242704 -0.3320248 0.707068 -0.5931211 -0.3850485 0.7068245 -0.5933356 -0.3851649 0.7068244 -0.5576518 -0.4352285 0.7070795 -0.5574277 -0.4351011 0.7071164 -0.5174937 -0.4818576 0.7066551 -0.5178676 -0.4821325 0.7066573 -0.4739987 -0.5253198 0.7072006 -0.4735736 -0.5249719 0.7071607 -0.426212 -0.5641516 0.7064327 -0.4267237 -0.5646767 0.7064765 -0.3759893 -0.5996024 0.7065641 -0.3759233 -0.5995407 0.7066035 -0.3225417 -0.6298242 0.7068696 -0.3223738 -0.6296115 0.706889 -0.2663582 -0.6552567 0.7072348 -0.2661792 -0.6549562 0.7072364 -0.2083901 -0.6755667 0.706536 -0.2086858 -0.6762079 0.7065918 -0.1490656 -0.6917424 0.7074499 -0.1487658 -0.6909294 0.7074843 -0.08821403 -0.701202 0.7061876 -0.08855211 -0.7024654 0.7062126 -0.0271632 -0.7074787 0.7073844 -0.02694898 -0.7063152 0.7073761 0.03447967 -0.7059959 0.7065744 0.03440499 -0.706802 0.7066053 0.09565442 -0.7011129 0.7069916 0.09565436 -0.7007234 0.7070213 0.1562488 -0.6897154 0.7068489 0.1562569 -0.6898902 0.7068395 0.2155222 -0.673742 0.7073301 0.2154301 -0.6732563 0.7073228 0.2730587 -0.6520226 0.7070196 0.2731291 -0.6523219 0.7070021 0.3288358 -0.626111 0.7065957 0.3289607 -0.6265043 0.7065874 0.3821704 -0.5955502 0.7069325 0.3820187 -0.595238 0.7069342 0.4322817 -0.5598005 0.706898 0.4322956 -0.5598354 0.7068831 0.4793149 -0.5201668 0.7068464 0.4793251 -0.5202072 0.7068466 0.522718 -0.4765855 0.7066541 0.522836 -0.4767416 0.7066856 0.5622524 -0.4294971 0.7068195 0.5621575 -0.4294009 0.7067986 0.5973355 -0.3789803 0.7068665 0.5972806 -0.3789404 0.7069501 0.626044 -0.3290753 0.7070599 0.6259481 -0.3290218 0.707028 0.649105 -0.2806674 0.7069588 0.6491612 -0.2807118 0.9658135 -0.2076441 0.155204 0.965811 -0.2203615 0.1365641 0.9657965 -0.2204033 0.1366004 0.9657933 -0.2314331 0.1169704 0.9658272 -0.2313227 0.1169088 0.9658285 -0.2406072 0.09635096 0.96583 -0.2406002 0.096354 0.9658311 -0.2480517 0.07510477 0.9657767 -0.2482394 0.07518386 0.9657841 -0.2538083 0.05331414 0.9657852 -0.2538062 0.05330514 0.9657245 -0.2577036 0.03106582 0.9657264 -0.2594195 0.008615076 0.9658939 -0.2587977 0.008528351 0.9658126 -0.2588661 -0.01394701 0.9658115 -0.2566717 -0.03644007 0.9658316 -0.2565966 -0.03643685 0.9658276 -0.2524847 -0.05855345 0.9658288 -0.2524796 -0.05855596 0.9658243 -0.2464642 -0.08024269 0.9658296 -0.2464426 -0.08024507 0.9658209 -0.2385514 -0.1014068 0.9657282 -0.2388809 -0.1015137 0.9657283 -0.2291645 -0.1218717 0.9657502 -0.229084 -0.1218486 0.9657533 -0.2176297 -0.1412723 0.9657985 -0.2174775 -0.1411978 0.9657974 -0.2044036 -0.1595453 0.9657682 -0.2044937 -0.1596059 0.9657655 -0.1898717 -0.1767649 0.9658101 -0.1897354 -0.1766673 0.9658098 -0.1736556 -0.1924974 0.9657459 -0.173831 -0.1926593 0.9657487 -0.1564452 -0.2070133 0.9658313 -0.1562315 -0.2067889 0.9658246 -0.1376946 -0.2195976 0.9658173 -0.1377093 -0.2196208 0.965817 -0.1181468 -0.2307355 0.965882 -0.1180143 -0.2305311 0.9658799 -0.09751564 -0.2399308 0.9657199 -0.09779101 -0.2404626 0.9657177 -0.07655024 -0.248051 0.9658747 -0.0763244 -0.247509 0.9658731 -0.05452162 -0.2532129 0.9657335 -0.05468124 -0.2537103 0.9657282 -0.03246128 -0.2575181 0.9657964 -0.03240495 -0.2572688 0.9657937 -0.00988698 -0.2591236 0.9657291 -0.00992155 -0.2593625 0.9657291 0.01261901 -0.2592456 0.9657759 0.01262915 -0.2590708 0.965775 0.03508239 -0.256998 0.9658002 0.03508067 -0.2569035 0.9657961 0.05728209 -0.2528968 0.9658095 0.05727559 -0.2528468 0.9658082 0.07900977 -0.2469255 0.9656971 0.07910054 -0.24733 0.9656961 0.1002933 -0.239525 0.9658229 0.1001555 -0.2390714 0.9658259 0.1204988 -0.2294783 0.9658192 0.1205095 -0.2295011 0.9658221 0.1400024 -0.2181448 0.9658181 0.1400097 -0.2181578 0.9658227 0.158425 -0.2051542 0.9658154 0.1584354 -0.2051805 0.9658184 0.1756535 -0.1906325 0.9657815 0.1757354 -0.1907439 0.9657818 0.1916451 -0.1747506 0.9658212 0.1915498 -0.1746375 0.9658215 0.2059873 -0.1573477 0.9658097 0.2060213 -0.1573753 0.9658126 0.2189025 -0.1388808 0.9658899 0.2186751 -0.1387012 0.9658995 0.229188 -0.1204628 0.96578 0.2295531 -0.1207246 0.9657779 0.2380686 -0.1029394 0.9658166 0.2379404 -0.1028724 0.2149403 0.9286037 -0.3024831 0.2096351 0.9456602 -0.2485554 0.7625015 0.6378906 -0.1081068 0.8702106 0.4924252 -0.01584362 0.5699985 0.8042281 -0.168282 0.5950968 0.7881514 -0.1570898 0.4183107 0.8854774 -0.202351 0.1759901 0.9497888 -0.2587064 0.2596434 0.9059124 -0.3345268 0.3157029 0.8980596 -0.3063018 0.7057766 0.6806723 -0.1963788 0.6036323 0.7560215 -0.2531 0.9632998 0.2672059 -0.02558696 0.8811642 0.4509442 -0.142124 0.09220939 0.9789435 -0.1821187 0.08169859 0.9809901 -0.1760224 0.04176265 0.9980216 -0.04699814 0.1361001 0.9845411 -0.1102536 0.1402134 0.9848149 -0.1023716 0.1286017 0.9874555 -0.09161525 0.1194823 0.9897602 -0.07809501 0.1193764 0.9897611 -0.07824546 0.1069325 0.9927091 -0.05562615 0.1068072 0.9927135 -0.05578792 0.1003183 0.9941537 -0.03993332 0.1004358 0.9941493 -0.03974676 0.09608983 0.9950373 -0.02583855 0.09699749 0.99497 -0.02502501 0.09432899 0.9955059 -0.008383929 0.09425854 0.9955123 -0.008411109 -0.2597889 0.9058764 -0.3345113 -0.2523016 0.967159 0.03078079 -0.03637707 0.9988113 -0.0324499 -0.05504858 0.9927582 -0.106775 -0.0946837 0.9906604 -0.098118 -0.1044414 0.984389 -0.1416702 -0.2521754 0.9575703 -0.1395237 -0.2719527 0.961154 -0.04716688 -0.1899226 0.9787252 -0.07762986 -0.494214 0.8691461 -0.01837283 -0.5050538 0.8603836 -0.06827098 -0.6948128 0.7191863 -0.00251168 -0.7032034 0.7094942 -0.04607731 -0.7302824 0.681338 -0.04966199 -0.1466818 0.9891824 -0.001716196 -0.1660901 0.982967 -0.07867717 -0.2934292 0.9549026 -0.04539108 -0.3110123 0.9423791 -0.1232606 -0.4430779 0.8919209 -0.09032845 -0.4513542 0.8820893 -0.1348999 -0.4737026 0.8697333 -0.1384562 -0.4798928 0.8592072 -0.1773865 -0.5930339 0.7908363 -0.1512899 -0.8675974 0.4971753 -0.009560644 -0.6365398 0.7514236 -0.1737236 -0.7337287 0.6756982 -0.07123315 -0.37161 0.8863152 -0.2763179 -0.9648105 0.2581327 -0.0500831 -0.8783375 0.4648579 -0.1114926 -0.7060971 0.6758852 -0.2112016 -0.6011493 0.7639867 -0.2344013 -0.215011 0.9218969 -0.3222985 -0.2075107 0.9467415 -0.2462108 -0.1716145 0.9530309 -0.2495611 -0.1652868 0.9634357 -0.210884 -0.1573967 0.965128 -0.2091758 -0.1507492 0.973465 -0.172165 -0.9658161 0.237936 -0.102887 -0.7066626 0.6494402 -0.280812 -0.2596079 0.8863604 -0.3833655 -0.2587743 0.8866058 -0.3833614 -0.2587273 0.8549458 -0.4495863 -0.2573606 0.8553431 -0.4496151 -0.2572708 0.8160345 -0.5175902 -0.2584818 0.8156945 -0.5175228 -0.2584357 0.7677089 -0.5863736 -0.2589502 0.7675647 -0.5863355 -0.2589716 0.713709 -0.6508097 -0.2584108 0.7138609 -0.650866 -0.2584351 0.6546176 -0.7104133 -0.2584966 0.654603 -0.7104045 -0.2584702 0.5904243 -0.7645865 -0.2585175 0.5904144 -0.7645781 -0.2585026 0.521685 -0.8130322 -0.2581936 0.5217572 -0.813084 -0.2581297 0.4491535 -0.8553538 -0.2575158 0.4492841 -0.8554703 -0.257529 0.3732779 -0.891259 -0.2578788 0.37321 -0.8911862 -0.2578215 0.294403 -0.9202473 -0.2581264 0.2943477 -0.9201794 -0.2581704 0.2133609 -0.9422448 -0.2572811 0.2135021 -0.9424561 -0.2573212 0.1308358 -0.9574277 -0.2593651 0.130553 -0.9569148 -0.2593893 0.04689669 -0.9646336 -0.2573129 0.0471369 -0.9651778 -0.2572928 -0.03681433 -0.965632 -0.2598065 -0.03704708 -0.9649499 -0.2598208 -0.1206551 -0.9580895 -0.2585927 -0.120573 -0.9584321 -0.2586315 -0.2034743 -0.944303 -0.2587726 -0.2034806 -0.944263 -0.2587984 -0.2846522 -0.9230366 -0.2594599 -0.2846667 -0.9228465 -0.2594666 -0.3638364 -0.894595 -0.2577067 -0.3638498 -0.8950982 -0.2577563 -0.4402241 -0.8600957 -0.2597329 -0.440167 -0.8595301 -0.2596856 -0.5130433 -0.8181381 -0.2594373 -0.5130582 -0.8182076 -0.2595559 -0.5822321 -0.7704781 -0.2583513 -0.582327 -0.7708113 -0.2583619 -0.6470969 -0.7172968 -0.2591889 -0.6470158 -0.7170717 -0.2591724 -0.7068979 -0.6581225 -0.2584159 -0.7069909 -0.65832 -0.2584464 -0.7615239 -0.5943793 -0.258687 -0.7614914 -0.5943164 -0.2586884 -0.8102236 -0.5259448 -0.2581188 -0.810322 -0.5260732 -0.2579898 -0.8530125 -0.4536641 -0.2582023 -0.8529749 -0.4536137 -0.2582178 -0.8890718 -0.377988 -0.2600291 -0.8886981 -0.3776248 -0.260006 -0.9181694 -0.2989349 -0.2587389 -0.9184538 -0.2991602 -0.2587144 -0.9409528 -0.2183457 -0.2599018 -0.9406701 -0.2181534 -0.2598912 -0.9560723 -0.1355821 -0.2595511 -0.9561579 -0.1356302 -0.2595901 -0.9643197 -0.0519669 -0.2583879 -0.9646351 -0.05210626 -0.2583891 -0.9655143 0.03189456 -0.2574642 -0.9657641 0.03180992 -0.2574729 -0.9593337 0.1157012 -0.2572814 -0.9593868 0.1156864 -0.2572924 -0.9457107 0.1985747 -0.2577765 -0.9455744 0.1985965 -0.2577763 -0.9247808 0.2798785 -0.2586521 -0.9245296 0.2799006 -0.2585136 -0.8967211 0.3592519 -0.2583584 -0.8967652 0.3592537 -0.2583684 -0.8622165 0.4356932 -0.2576636 -0.8624188 0.4357101 -0.2577154 -0.8212643 0.5090261 -0.258428 -0.8210642 0.508988 -0.2584286 -0.7738119 0.5782993 -0.2591487 -0.7736087 0.5782487 -0.7067392 0.6493641 -0.2807953 -0.7067652 0.6262028 -0.3291703 -0.7066655 0.6263017 -0.3291962 -0.706574 0.5975247 -0.379101 -0.7065098 0.5975822 -0.3791301 -0.7065221 0.5623868 -0.42959 -0.7063975 0.5624909 -0.4296587 -0.706364 0.5230703 -0.4769145 -0.7065603 0.5229088 -0.4768007 -0.7065504 0.4795389 -0.5204123 -0.7066007 0.4794955 -0.5203841 -0.7066105 0.4324795 -0.5600564 -0.7066375 0.4324584 -0.5600388 -0.7066357 0.3821436 -0.5955103 -0.7062969 0.3823619 -0.5957718 -0.7062996 0.3291556 -0.6267356 -0.7067169 0.3289097 -0.6263942 -0.7067379 0.2732844 -0.652562 -0.7070245 0.2731295 -0.6523165 -0.7070316 0.2154605 -0.67356 -0.7065531 0.2156674 -0.6739959 -0.7065452 0.1563543 -0.6901791 -0.706748 0.1562814 -0.689988 -0.7067125 0.09563755 -0.7010071 -0.7063063 0.09574854 -0.7014012 -0.7062919 0.03453272 -0.707078 -0.7070853 0.03437954 -0.7062921 -0.7071058 -0.0271278 -0.7065873 -0.7059005 -0.02700674 -0.707796 -0.7059094 -0.08841079 -0.7027628 -0.7071849 -0.08842921 -0.7014769 -0.7071464 -0.1489469 -0.691201 -0.7063118 -0.1490067 -0.692041 -0.7062531 -0.2086814 -0.6765048 -0.7069464 -0.2085666 -0.6758158 -0.7069449 -0.266338 -0.6552046 -0.7065992 -0.2664176 -0.6555451 -0.7065855 -0.3225443 -0.6298431 -0.706306 -0.3226358 -0.6301094 -0.7062793 -0.3760938 -0.5997692 -0.7061745 -0.3761299 -0.5998699 -0.7061372 -0.4268226 -0.5649716 -0.7068827 -0.4264533 -0.5643178 -0.7069053 -0.4738303 -0.525138 -0.7063669 -0.4741343 -0.5255879 -0.7063597 -0.5180436 -0.4823763 -0.7068324 -0.5177418 -0.4820078 -0.7067881 -0.5576794 -0.4352521 -0.7065342 -0.5578591 -0.4354341 -0.7065259 -0.593571 -0.3853502 -0.706791 -0.5933647 -0.3851815 -0.7068376 -0.624554 -0.3321339 -0.7066861 -0.6246722 -0.3322339 -0.7066856 -0.6511803 -0.2766945 -0.7058477 -0.6519019 -0.2771335 -0.7058477 -0.6735337 -0.2193889 -0.7064499 -0.6729891 -0.2191215 -0.7064486 -0.6894662 -0.1598956 -0.7064125 -0.6895 -0.1599099 -0.7064126 -0.7007855 -0.09940415 -0.7058062 -0.7013716 -0.09957641 -0.7058121 -0.7073679 -0.03821063 -0.7059057 -0.7072753 -0.03819346 -0.7058995 -0.7079281 0.02331668 -0.7072653 -0.7065588 0.02346289 -0.7072543 -0.7018751 0.08463376 -0.7065896 -0.7025455 0.08462238 -0.7065921 -0.6925125 0.1454447 -0.7066743 -0.6924296 0.1454396 -0.706707 -0.6771546 0.2050047 -0.7068644 -0.676997 0.2049827 -0.7068607 -0.6566212 0.2630526 -0.7062082 -0.6572602 0.2632089 -0.7062245 -0.6319206 0.3192544 -0.7070564 -0.6311224 0.3189917 -0.7070253 -0.601067 0.3726041 -0.706313 -0.6017218 0.3728978 -0.7062687 -0.5670464 0.4238432 -0.7063376 -0.5669832 0.4238128 -0.9657803 0.2380648 -0.1029255 -0.9657791 0.2295827 -0.1206754 -0.9659038 0.2291446 -0.1205101 -0.9658895 0.2186602 -0.1387271 -0.9658113 0.2189237 -0.1388562 -0.9658106 0.2060194 -0.1573722 -0.9658201 0.2059915 -0.1573505 -0.9658208 0.1915416 -0.1746486 -0.9657813 0.191658 -0.1747396 -0.9657813 0.1757472 -0.190734 -0.9658181 0.1756454 -0.1906412 -0.9658164 0.1584364 -0.2051748 -0.9658231 0.1584175 -0.2051577 -0.9658181 0.1400134 -0.2181556 -0.9658219 0.1400033 -0.2181451 -0.9658213 0.1205004 -0.2294971 -0.9658262 0.1204925 -0.2294805 -0.9658221 0.1001124 -0.2390928 -0.9656965 0.1003365 -0.239506 -0.9656966 0.07914209 -0.2473191 -0.9658096 0.07896912 -0.2469326 -0.96581 0.05726867 -0.252847 -0.9657962 0.05728757 -0.252895 -0.9658012 0.03506916 -0.256901 -0.9657738 0.03509497 -0.2570005 -0.9657749 0.01261073 -0.2590754 -0.9657297 0.01263755 -0.2592426 -0.9657295 -0.009896337 -0.259362 -0.9657936 -0.009912371 -0.2591226 -0.9657956 -0.03243088 -0.2572687 -0.9657278 -0.0324369 -0.2575225 -0.9657326 -0.05462968 -0.2537247 -0.965875 -0.05457323 -0.253194 -0.9658752 -0.07638126 -0.2474896 -0.9657163 -0.07649677 -0.2480733 -0.9657204 -0.09773576 -0.2404828 -0.965881 -0.09756606 -0.2399057 -0.9658815 -0.1180341 -0.2305236 -0.9658171 -0.1181232 -0.2307473 -0.9658154 -0.1377127 -0.2196266 -0.9658258 -0.1376929 -0.2195935 -0.9658305 -0.1562588 -0.2067723 -0.9657495 -0.1564152 -0.2070321 -0.9657465 -0.1738112 -0.1926743 -0.9658105 -0.1736704 -0.1924804 -0.9658098 -0.1897492 -0.1766542 -0.9657652 -0.1898607 -0.1767781 -0.965767 -0.2044925 -0.1596148 -0.9657978 -0.2044095 -0.1595352 -0.9657971 -0.2174931 -0.1411836 -0.9657534 -0.2176198 -0.1412871 -0.9657475 -0.229099 -0.121842 -0.9657318 -0.2291456 -0.1218786 -0.9657288 -0.2388646 -0.1015471 -0.9658241 -0.2385529 -0.1013726 -0.9658256 -0.2464587 -0.08024424 -0.9658264 -0.2464558 -0.0802434 -0.9658249 -0.2524942 -0.05855756 -0.965832 -0.2524685 -0.05855178 -0.9658297 -0.2566046 -0.03643006 -0.9658119 -0.2566692 -0.03644698 -0.9658093 -0.2588767 -0.01397919 -0.9658961 -0.2585548 -0.0139302 -0.9658942 -0.2587943 0.008594036 -0.9657207 -0.2594429 0.008549332 -0.9657239 -0.2577089 0.0310412 -0.9657855 -0.2574782 0.03103715 -0.9657892 -0.2537902 0.05330854 -0.9657794 -0.2538269 0.05331075 -0.9657769 -0.2482447 0.07516318 -0.9658331 -0.2480378 0.07512515 -0.9658295 -0.2406026 0.09635251 -0.9658277 -0.2406097 0.09635245 -0.9658241 -0.2313306 0.1169197 -0.9657949 -0.2314317 0.1169598 -0.965795 -0.2204122 0.136596 -0.9658105 -0.2203625 0.1365676 -0.9658144 -0.2076362 0.1552089 -0.9658041 -0.2076718 0.1552254 -0.9656293 -0.2577769 0.03333407 -0.7261944 -0.6821441 0.08556342 -0.8488584 -0.5242412 0.06790119 -0.2263516 -0.9689741 0.09926885 -0.3915506 -0.9125553 0.1180303 -0.5319884 -0.8397574 0.1086092 -0.08716768 -0.9879607 0.1278106 -0.9656764 -0.2575964 0.03336596 -0.9656749 -0.2490648 0.07374864 -0.9656167 -0.249291 0.07374531 -0.9656192 -0.2344586 0.1122888 -0.9656694 -0.234266 0.1122596 -0.9656696 -0.2135389 0.1479303 -0.9656599 -0.2135771 0.1479392 -0.7050697 -0.7045767 0.080302 -0.7055077 -0.679588 0.2010447 -0.7059544 -0.6791054 0.2011078 -0.7059482 -0.6387132 0.3060763 -0.7057619 -0.6389168 0.306081 -0.7057685 -0.582375 0.4033984 -0.7055535 -0.5826071 0.4034393 -0.2578285 -0.9604431 0.1052315 -0.2582522 -0.9263132 0.2743172 -0.2579535 -0.9264169 0.2742477 -0.258019 -0.871316 0.4174143 -0.258338 -0.8711919 0.4174761 -0.2583454 -0.794217 0.5499793 -0.2585842 -0.7941172 0.550011 0 -0.8217326 0.5698733 0 -0.9751849 0.2213922 0 -0.9751808 0.2214102 0 -0.9204853 0.3907772 0 -0.9203855 0.3910123 0 -0.8217492 0.5698494 0.2575506 -0.8086587 0.5289036 0.9655026 -0.2572662 0.04023498 0.9654959 -0.2430489 0.0935142 0.9654749 -0.2431133 0.09356492 0.9654688 -0.2180137 0.142619 0.9655013 -0.2179239 0.1425357 0.9654668 -0.2573942 0.04027682 0.8656005 -0.4947086 0.07745438 0.7054323 -0.7006595 0.1069655 0.7055585 -0.6614001 0.2544347 0.7054251 -0.6615066 0.254528 0.7054378 -0.5931652 0.3879595 0.7052674 -0.5932748 0.3881018 0.7246204 -0.6821771 0.09777384 0.5344731 -0.8350195 0.1306942 0.389852 -0.9098007 0.1424012 0.2571116 -0.8086973 0.529058 0.2570996 -0.9019461 0.3469771 0.257156 -0.9019377 0.3469573 0.2565973 -0.9572055 0.1338492 0.1405548 -0.9781662 0.1530857 0.09426182 0.9955474 0 0.04680156 0.9989035 -0.001241743 0.1415 0.9899383 0 0 0.9848681 0.1733057 0 0.8651016 0.5015966 0 0.865118 0.5015686 0 0.6425989 0.7662029 -1 1.65486e-6 0 -1 -2.98586e-6 0 -1 1.20738e-6 0 -1 0 0 -1 3.89295e-7 0 -1 1.86298e-7 0 -1 0 0 -1 5.90979e-7 0 -1 -3.21742e-6 0 -1 5.90454e-7 0 -1 -2.59539e-6 0 -1 0 0 -1 5.38995e-7 0 -1 1.10108e-6 0 -1 2.01881e-7 0 -1 2.47133e-6 0 -1 -7.21147e-7 0 -1 -6.05707e-7 0 -1 -9.03704e-7 0 -1 0 0 -1 -1.7991e-7 0 -1 -6.15506e-7 0 -1 2.76645e-7 0 -1 -5.79216e-7 0 -1 -2.16384e-7 0 -1 -1.12531e-6 0 -1 3.27453e-7 0 -1 -9.6839e-7 0 -1 4.6524e-7 0 -1 -6.12009e-7 0 -1 6.91882e-7 0 -1 -3.96724e-7 0 -1 6.07683e-7 0 -1 4.89284e-6 0 -1 -4.66485e-7 0 -1 -2.60854e-7 0 -1 0 0 -1 -1.98349e-5 0 -1 6.14344e-7 0 -1 0 0 -1 1.33038e-5 0 -1 -3.33659e-6 0 -1 1.00571e-6 0 -1 -2.94042e-6 0 -1 8.66683e-7 0 -1 7.01098e-7 0 -1 -2.82072e-6 0 -1 9.14923e-7 0 0 0.4999894 0.8660315 0 0.4999895 0.8660315 0 0.5035927 0.8639412 -4.54324e-6 0.5000815 0.8659784 1.69193e-4 0.5002698 0.8658697 -2.50501e-4 0.4992338 0.8664674 1.71525e-4 0.499868 0.8661016 4.74596e-5 0.5000431 0.8660006 0 0.5000793 0.8659797 -3.55537e-6 0.5001197 0.8659564 -0.001620054 0.4978141 0.8672822 0.001264214 0.5017057 0.8650375 -0.4041966 0.914672 -5.17419e-4 -0.9888877 0.1486647 0 -0.9226151 0.3856685 0.006428897 -0.9999177 0.003092408 -0.01245808 -0.9643502 0.2646293 -8.12945e-5 -0.8496759 0.5273054 8.53011e-6 -0.7016943 0.7124776 9.00802e-4 -0.815389 0.5789134 1.27681e-5 -0.8492476 0.5279949 3.72717e-6 -0.5598702 0.8285418 0.007993936 -0.6845066 0.7290067 -6.65017e-5 -0.4761204 0.8793801 1.39823e-5 -0.2297262 0.9732553 0 -0.03745365 0.9992239 0.01220291 -0.171567 0.9851648 0.003903687 0 -0.8220785 0.5693743 -7.56033e-4 -0.8368296 0.5474632 5.08237e-4 -0.9018038 0.4321456 -0.001012206 -0.9333254 0.3590306 5.03734e-4 -0.9588684 0.2838508 -7.6084e-4 -0.987974 0.1546189 0 -0.9917349 0.1283044 0.007869303 0.5400247 -0.8416125 -0.004187583 0.6459197 -0.7633939 0 -0.80102 0.5986378 0 -0.8010205 0.5986369 0 -0.8499763 0.526821 0 -0.8499763 0.5268211 0 -0.8925216 0.4510048 0 -0.8925221 0.4510038 0 -0.9282746 0.3718953 0 -0.9282747 0.3718953 0 -0.9571263 0.2896713 0 -0.9571269 0.2896689 0 -0.9786586 0.2054929 0 -0.9786591 0.2054905 0 -0.9928056 0.1197387 0 -0.9928058 0.1197363 0 -0.9994549 0.03301811 0 -0.9994549 0.0330156 0 -0.9985511 -0.05381178 0 -0.9900939 -0.1404074 0 -0.9900942 -0.1404049 0 -0.9741181 -0.2260401 0 -0.9508733 -0.3095805 0 -0.9508733 -0.3095805 0 -0.9202815 -0.3912571 0 -0.9202823 -0.391255 0 -0.8829025 -0.4695563 0 -0.8387771 -0.544475 0 -0.8387771 -0.5444749 0 -0.7883083 -0.6152805 0 -0.7319066 -0.681405 0 -0.7319054 -0.6814064 0 -0.6698422 -0.7425036 0 -0.6698415 -0.7425041 0 -0.6028934 -0.7978217 0 -0.6028929 -0.7978223 0 -0.5312707 -0.8472022 0 -0.5312702 -0.8472025 0 -0.4556208 -0.890174 0 -0.4556206 -0.8901741 0 -0.3767388 -0.9263195 0 -0.3767386 -0.9263197 0 -0.2946919 -0.9555925 0 -0.2106392 -0.9775639 0 -0.2106392 -0.9775639 0 -0.1249468 -0.9921635 0 -0.1249468 -0.9921635 0 -0.0380972 -0.9992741 0 -0.0380972 -0.9992741 0 0.04855823 -0.9988204 0 0.04855817 -0.9988204 0 0.1353955 -0.9907917 0 0.1353955 -0.9907916 0 0.2208465 -0.9753086 0 0.2208465 -0.9753087 0 0.3047046 -0.9524469 0 0.3047044 -0.952447 0 0.3863085 -0.9223697 0 0.3863083 -0.9223697 0 0.4649071 -0.8853595 0 0.4649074 -0.8853594 0 0.5530127 -0.8331729 -0.01097571 0.6227109 -0.782375 4.23404e-6 0.6111927 -0.7914819 3.92046e-6 0.6776391 -0.7353947 -0.001797914 0.6633936 -0.7482686 0.002584755 0.7389156 -0.673793 -0.005542516 0.6969152 -0.7171322 0.009540319 0.8359523 -0.5487192 3.0825e-5 0.7947049 -0.6069961 0.03737217 0.7804307 -0.6241244 0.02477949 0.787602 -0.615686 0.01260805 0.7953225 -0.6060556 0.006171345 0.8026537 -0.5964136 -0.02800035 0.8441293 -0.535408 0.03684222 0.8224002 -0.5677153 0.02120447 0.8296258 -0.5579172 -0.004303753 0.8167277 -0.5770073 -0.005663037 0.809251 -0.5874358 -0.007193148 0.8015735 -0.5978532 -0.009766161 0.7899249 -0.613126 0.005217254 0.8444488 -0.5356109 -0.00290656 0.7748094 -0.6321882 -1.65957e-6 0.7947052 -0.6069958 8.30041e-7 0.7572839 -0.653086 -0.001389622 0.7293299 -0.6841609 -7.78588e-5 0.6776363 -0.7353972 0.08530151 0.6619787 -0.7446529 -0.002090275 0.691822 -0.7220652 0.003769516 0.7389132 -0.6737902 0.02605873 0.7332895 -0.679417 -1.53764e-5 0.7572819 -0.6530881 0 0.5400405 -0.8416391 -0.08054918 0.5512157 -0.8304656 0.05195814 0.6103689 -0.7904115 0.03631454 0.614477 -0.7880986 -1.83826e-4 0.6363523 -0.7713986 0.05501019 0.04848462 -0.997308 -0.1067119 0.1002849 -0.9892197 0.03716689 0.1353026 -0.9901071 0 0.1699912 -0.9854456 0 0.2208452 -0.975309 -0.04191857 0.2284814 -0.9726454 0.03467577 0.3045219 -0.951874 0 0.3124769 -0.9499254 0 0.3863083 -0.9223698 0.09602004 0.3674807 -0.9250612 -0.1353636 0.4606275 -0.8772109 0.0105161 0.4472563 -0.894344 0 0.4989802 -0.8666135 0.04026716 -0.2944544 -0.9548168 -0.1081286 -0.2571954 -0.9602911 0.05291312 -0.2103444 -0.9761945 0 -0.1839628 -0.9829332 0 -0.124946 -0.9921635 -0.004004597 -0.1241868 -0.9922509 0.003548145 -0.03809702 -0.9992678 0 -0.03740853 -0.9993001 0 0.02260333 -0.9997446 0.01456707 -0.6028295 -0.7977372 -0.09636133 -0.5817468 -0.8076418 0.0561878 -0.5304295 -0.845865 0 -0.5143295 -0.8575927 0 -0.4556192 -0.8901748 0.03418219 -0.4611794 -0.8866482 -0.04013806 -0.3764342 -0.9255735 0 -0.3829156 -0.9237834 0 -0.3256627 -0.9454861 0 -0.8387778 -0.544474 -0.06509625 -0.8301377 -0.5537455 0.04662942 -0.7874523 -0.6146093 0 -0.7805159 -0.6251361 0 -0.7319064 -0.6814053 0.07284271 -0.7393998 -0.6693145 -0.09647089 -0.6667149 -0.7390431 0 -0.6802093 -0.733018 0 -0.6353414 -0.7722314 0.05074673 -0.9972646 -0.05374181 -0.1087433 -0.9890751 -0.09952569 0.04487419 -0.9890963 -0.1402672 0 -0.9851424 -0.1717393 0 -0.9741185 -0.2260381 -0.02640098 -0.9726215 -0.2308906 0.02407008 -0.9505982 -0.3094895 0 -0.9492399 -0.3145532 0 -0.9202827 -0.3912542 0.1098544 -0.9227442 -0.3694257 -0.1641399 -0.8709296 -0.4631844 0.03478056 -0.8942082 -0.4462983 0 -0.8636262 -0.5041328 0.03195881 -0.956638 0.2895213 -0.1044242 -0.9605233 0.2578578 0.05631703 -0.9771055 0.2051665 0 -0.983404 0.1814289 0 -0.9928058 0.1197362 0.01160478 -0.9924699 0.1219382 -0.01209598 -0.9993818 0.03301441 0 -0.9993795 0.03522217 0 -0.9996849 -0.02510607 0 -0.8010203 0.5986372 -0.08783632 -0.8078868 0.5827552 0.05418992 -0.8487257 0.5260498 0 -0.8588322 0.512257 0 -0.8925222 0.4510036 0.0502898 -0.8870039 0.4590154 -0.06049114 -0.9265746 0.3712149 0 -0.9246934 0.3807128 0 -0.9460185 0.3241128 0.004368364 0.9462586 -0.3233818 -0.005454063 0.9717955 -0.2357621 -0.00413686 0.9685179 -0.2489098 -0.007001876 0.8457714 -0.5334994 0 0.8413034 -0.5405633 0 0.8850812 -0.4654366 0 0.8850812 -0.4654366 0 0.9178292 -0.3969758 0 0.9178301 -0.3969739 0 0.9361959 -0.3514789 0 0.936197 -0.3514759 0 0.9462072 -0.3235613 -0.001482188 0.9600417 -0.2798532 2.89469e-5 0.9998815 -0.01540035 -7.84014e-4 0.9991412 -0.0414285 0.003396987 0.9927043 -0.1205269 -0.002231657 0.9945566 -0.1041744 0.00952661 0.9859498 -0.1667703 -0.007861077 0.998785 -0.04864948 -0.004862546 0.9971653 -0.0750854 6.18764e-4 0.9614512 -0.274975 3.88707e-5 0.9713741 -0.237555 -1.20971e-4 0.979662 -0.200655 5.86515e-6 0.9792184 -0.2028087 1.02885e-5 0.9852156 -0.1713194 -1.11089e-4 0.9893378 -0.145639 3.26647e-5 -0.6962903 0.7177603 -1.07469e-5 0.9986603 0.05174708 -2.58968e-4 0.9979712 0.06366795 -0.5475516 0.01283234 0.8366736 0.9803683 0.1097736 0.1637921 0.9914262 0.07023608 0.1101863 0.980783 0.1103363 0.1609061 0.9996251 0.007124125 0.0264393 0 -0.3688905 0.9294729 0 -0.6958152 0.718221 -0.5552864 0.4719606 0.6847702 -0.1914054 -0.3617375 0.9124199 0 -0.3685144 0.9296221 -0.5477512 0.01312279 0.8365384 -0.191413 -0.3617304 0.9124211 2.83539e-4 0.9807253 0.1953915 0.9547082 0.1689655 0.2449141 -0.5682585 0.4661682 0.6780631 0 -0.6962904 0.7177603 0.999576 0.008273422 0.02792179 0.9914149 0.07032179 0.1102331 0 0.9986756 0.05145066 -1.8948e-4 0.9980285 0.06276303 0.980975 0.1079297 0.1613668 5.96135e-5 -0.3696385 0.9291757 -0.1923907 -0.3621329 0.9120557 -3.38083e-5 -0.3686881 0.9295532</float_array>
          <technique_common>
            <accessor source="#MRH-F-Distal-Visual_00_005-mesh-normals-array" count="3421" stride="3">
              <param name="X" type="float"/>
              <param name="Y" type="float"/>
              <param name="Z" type="float"/>
            </accessor>
          </technique_common>
        </source>
        <vertices id="MRH-F-Distal-Visual_00_005-mesh-vertices">
          <input semantic="POSITION" source="#MRH-F-Distal-Visual_00_005-mesh-positions"/>
        </vertices>
        <triangles material="Material_001_003-material" count="3578">
          <input semantic="VERTEX" source="#MRH-F-Distal-Visual_00_005-mesh-vertices" offset="0"/>
          <input semantic="NORMAL" source="#MRH-F-Distal-Visual_00_005-mesh-normals" offset="1"/>
          <p>0 0 1 0 2 0 2 1 1 1 3 1 4 2 5 2 6 2 6 3 7 3 4 3 4 4 7 4 8 4 4 5 8 5 0 5 0 6 8 6 1 6 9 7 5 7 10 7 10 8 5 8 4 8 10 9 4 9 11 9 11 10 4 10 0 10 11 11 0 11 12 11 12 12 0 12 2 12 13 13 3 13 14 13 15 14 16 14 14 14 17 15 18 15 19 15 20 16 21 16 15 16 15 17 21 17 22 17 15 18 22 18 16 18 16 19 22 19 23 19 16 20 23 20 24 20 6 21 25 21 7 21 7 22 25 22 26 22 7 23 26 23 8 23 8 24 26 24 27 24 27 25 26 25 28 25 27 26 28 26 3 26 18 27 20 27 19 27 19 28 20 28 15 28 19 29 15 29 29 29 29 30 15 30 14 30 29 31 14 31 3 31 3 32 1 32 27 32 27 33 1 33 8 33 24 34 30 34 16 34 16 35 30 35 31 35 16 36 31 36 14 36 14 37 31 37 13 37 25 38 17 38 26 38 26 39 17 39 19 39 26 40 19 40 28 40 28 41 19 41 29 41 28 42 29 42 3 42 32 43 33 43 34 43 34 44 33 44 35 44 34 45 35 45 36 45 36 46 35 46 37 46 36 47 37 47 38 47 38 48 37 48 39 48 38 49 3 49 36 49 36 50 3 50 13 50 36 51 13 51 34 51 24 52 32 52 30 52 30 53 32 53 34 53 30 54 34 54 31 54 31 55 34 55 13 55 40 56 41 56 42 56 35 57 33 57 43 57 44 58 39 58 45 58 45 59 39 59 37 59 35 60 43 60 40 60 40 61 43 61 46 61 40 62 46 62 41 62 47 63 44 63 42 63 42 64 44 64 45 64 42 65 45 65 40 65 40 66 45 66 37 66 40 67 37 67 35 67 48 68 47 68 49 68 49 69 47 69 42 69 49 70 42 70 50 70 50 71 42 71 41 71 50 72 41 72 51 72 51 73 41 73 46 73 52 74 53 74 54 74 55 75 56 75 52 75 56 76 57 76 58 76 59 77 60 77 61 77 61 78 60 78 62 78 56 79 58 79 52 79 52 80 58 80 63 80 52 81 63 81 53 81 64 82 59 82 54 82 54 83 59 83 61 83 54 84 61 84 52 84 52 85 61 85 62 85 52 86 62 86 55 86 12 87 64 87 11 87 11 88 64 88 54 88 11 89 54 89 10 89 10 90 54 90 53 90 10 91 53 91 9 91 9 92 53 92 63 92 65 93 66 93 67 93 68 93 69 93 70 93 70 94 69 94 71 94 71 93 72 93 70 93 70 95 72 95 73 95 70 93 73 93 74 93 74 96 73 96 75 96 74 93 75 93 76 93 76 97 65 97 74 97 74 98 65 98 67 98 74 99 67 99 77 99 77 100 67 100 78 100 77 93 78 93 79 93 2 101 3 101 38 101 60 102 39 102 44 102 80 103 81 103 48 103 48 103 81 103 60 103 48 104 60 104 47 104 47 105 60 105 44 105 60 106 59 106 39 106 39 107 59 107 64 107 39 108 64 108 38 108 38 109 64 109 12 109 38 110 12 110 2 110 82 111 83 111 74 111 74 111 83 111 70 111 84 112 85 112 86 112 87 113 88 113 89 113 89 114 88 114 90 114 89 115 90 115 91 115 91 116 90 116 92 116 91 117 92 117 93 117 93 118 92 118 94 118 93 119 94 119 95 119 95 120 94 120 96 120 95 121 96 121 97 121 97 122 96 122 98 122 97 123 98 123 86 123 86 124 98 124 99 124 86 125 99 125 84 125 100 126 6 126 101 126 101 127 6 127 5 127 101 128 5 128 102 128 102 129 5 129 9 129 103 130 104 130 105 130 103 131 105 131 106 131 106 132 105 132 107 132 106 133 107 133 108 133 108 134 107 134 109 134 108 135 109 135 110 135 110 136 109 136 111 136 110 137 111 137 101 137 101 138 111 138 112 138 101 139 112 139 100 139 104 140 103 140 113 140 113 141 103 141 114 141 113 142 114 142 115 142 115 143 114 143 116 143 115 144 116 144 117 144 117 145 116 145 118 145 117 146 118 146 119 146 119 147 118 147 120 147 119 148 120 148 121 148 121 149 120 149 122 149 122 150 120 150 123 150 122 151 123 151 124 151 125 152 126 152 127 152 127 153 126 153 128 153 127 154 128 154 129 154 129 155 128 155 130 155 129 156 130 156 131 156 131 157 130 157 132 157 131 158 132 158 124 158 124 159 132 159 133 159 124 160 133 160 122 160 134 161 135 161 136 161 136 162 135 162 137 162 136 163 137 163 138 163 138 164 137 164 139 164 138 165 139 165 140 165 140 166 139 166 141 166 140 167 141 167 125 167 125 168 141 168 142 168 125 169 142 169 126 169 143 170 144 170 145 170 145 171 144 171 146 171 145 172 146 172 147 172 147 173 146 173 148 173 147 174 148 174 149 174 149 175 148 175 150 175 149 176 150 176 151 176 151 177 150 177 152 177 151 178 152 178 153 178 153 179 152 179 154 179 153 180 154 180 134 180 134 181 154 181 155 181 134 182 155 182 135 182 156 183 157 183 158 183 158 184 157 184 159 184 158 185 159 185 160 185 160 186 159 186 161 186 160 187 161 187 162 187 162 188 161 188 163 188 162 189 163 189 143 189 143 190 163 190 164 190 143 191 164 191 144 191 165 192 166 192 167 192 168 193 169 193 170 193 171 194 172 194 173 194 174 195 175 195 176 195 177 196 178 196 179 196 180 197 181 197 182 197 146 198 144 198 183 198 148 199 146 199 184 199 152 200 150 200 185 200 135 201 155 201 186 201 142 202 141 202 187 202 130 203 128 203 188 203 133 204 132 204 189 204 119 205 121 205 190 205 6 206 100 206 25 206 25 207 100 207 191 207 25 208 191 208 17 208 111 209 109 209 180 209 180 210 109 210 107 210 180 211 107 211 181 211 181 212 107 212 105 212 181 213 105 213 104 213 192 214 113 214 115 214 115 215 117 215 193 215 193 216 117 216 119 216 121 217 122 217 194 217 194 218 122 218 133 218 130 219 188 219 132 219 128 220 126 220 195 220 195 221 126 221 142 221 141 222 139 222 196 222 196 223 139 223 137 223 196 224 137 224 135 224 155 225 154 225 197 225 197 226 154 226 152 226 148 227 184 227 150 227 157 228 198 228 159 228 159 229 198 229 199 229 159 230 199 230 161 230 161 231 199 231 163 231 200 232 20 232 18 232 179 233 182 233 201 233 201 234 182 234 181 234 201 235 181 235 192 235 192 236 181 236 104 236 192 237 104 237 113 237 202 238 203 238 183 238 164 239 163 239 204 239 204 240 163 240 199 240 204 241 199 241 205 241 205 242 199 242 198 242 206 243 207 243 200 243 208 244 206 244 209 244 209 245 206 245 200 245 209 246 200 246 191 246 191 247 200 247 18 247 191 248 18 248 17 248 100 249 112 249 191 249 191 250 112 250 210 250 191 251 210 251 209 251 209 252 210 252 211 252 209 253 211 253 208 253 208 254 211 254 212 254 208 255 212 255 213 255 213 256 212 256 214 256 215 257 203 257 216 257 216 258 203 258 202 258 216 259 202 259 165 259 198 260 217 260 205 260 205 261 217 261 218 261 205 262 218 262 219 262 144 263 164 263 183 263 183 264 164 264 204 264 183 265 204 265 202 265 202 266 204 266 205 266 202 267 205 267 165 267 165 268 205 268 219 268 165 269 219 269 166 269 207 270 220 270 24 270 24 271 23 271 207 271 207 272 23 272 22 272 207 273 22 273 200 273 200 274 22 274 21 274 200 275 21 275 20 275 213 276 221 276 208 276 208 277 221 277 222 277 208 278 222 278 206 278 206 279 222 279 223 279 206 280 223 280 207 280 207 281 223 281 224 281 207 282 224 282 220 282 178 283 214 283 179 283 179 284 214 284 212 284 179 285 212 285 182 285 182 286 212 286 211 286 182 287 211 287 180 287 180 288 211 288 210 288 180 289 210 289 111 289 111 290 210 290 112 290 115 291 193 291 192 291 192 292 193 292 225 292 192 293 225 293 201 293 201 294 225 294 226 294 201 295 226 295 179 295 179 296 226 296 227 296 179 297 227 297 177 297 228 298 229 298 230 298 119 299 190 299 193 299 193 300 190 300 231 300 193 301 231 301 225 301 225 302 231 302 228 302 225 303 228 303 226 303 226 304 228 304 230 304 226 305 230 305 227 305 121 306 194 306 190 306 190 307 194 307 232 307 190 308 232 308 231 308 231 309 232 309 176 309 231 310 176 310 228 310 228 311 176 311 175 311 228 312 175 312 229 312 133 313 189 313 194 313 194 314 189 314 233 314 194 315 233 315 232 315 232 316 233 316 234 316 232 317 234 317 176 317 176 318 234 318 235 318 176 319 235 319 174 319 236 320 237 320 238 320 132 321 188 321 189 321 189 322 188 322 239 322 189 323 239 323 233 323 233 324 239 324 236 324 233 325 236 325 234 325 234 326 236 326 238 326 234 327 238 327 235 327 128 328 195 328 188 328 188 329 195 329 240 329 188 330 240 330 239 330 239 331 240 331 173 331 239 332 173 332 236 332 236 333 173 333 172 333 236 334 172 334 237 334 142 335 187 335 195 335 195 336 187 336 241 336 195 337 241 337 240 337 240 338 241 338 242 338 240 339 242 339 173 339 173 340 242 340 243 340 173 341 243 341 171 341 244 342 245 342 246 342 141 343 196 343 187 343 187 344 196 344 247 344 187 345 247 345 241 345 241 346 247 346 244 346 241 347 244 347 242 347 242 348 244 348 246 348 242 349 246 349 243 349 248 350 249 350 250 350 135 351 186 351 196 351 196 352 186 352 251 352 196 353 251 353 247 353 247 354 251 354 248 354 247 355 248 355 244 355 244 356 248 356 250 356 244 357 250 357 245 357 155 358 197 358 186 358 186 359 197 359 252 359 186 360 252 360 251 360 251 361 252 361 170 361 251 362 170 362 248 362 248 363 170 363 169 363 248 364 169 364 249 364 152 365 185 365 197 365 197 366 185 366 253 366 197 367 253 367 252 367 252 368 253 368 254 368 252 369 254 369 170 369 170 370 254 370 255 370 170 371 255 371 168 371 256 372 257 372 258 372 150 373 184 373 185 373 185 374 184 374 259 374 185 375 259 375 253 375 253 376 259 376 256 376 253 377 256 377 254 377 254 378 256 378 258 378 254 379 258 379 255 379 146 380 183 380 184 380 184 381 183 381 203 381 184 382 203 382 259 382 259 383 203 383 215 383 259 384 215 384 256 384 256 385 215 385 260 385 256 386 260 386 257 386 167 387 261 387 165 387 165 388 261 388 262 388 165 389 262 389 216 389 216 390 262 390 263 390 216 391 263 391 215 391 215 392 263 392 264 392 215 393 264 393 260 393 33 394 32 394 265 394 265 395 32 395 266 395 167 396 267 396 261 396 261 397 267 397 268 397 261 398 268 398 262 398 262 399 268 399 269 399 262 400 269 400 263 400 263 401 269 401 270 401 263 402 270 402 264 402 264 403 270 403 271 403 264 404 271 404 260 404 272 405 258 405 257 405 260 406 271 406 257 406 257 407 271 407 273 407 257 408 273 408 272 408 258 409 272 409 255 409 255 410 272 410 274 410 255 411 274 411 168 411 168 412 274 412 275 412 168 413 275 413 169 413 169 414 275 414 276 414 169 415 276 415 249 415 249 416 276 416 277 416 249 417 277 417 250 417 250 418 277 418 245 418 245 419 277 419 278 419 245 420 278 420 246 420 246 421 278 421 279 421 246 422 279 422 243 422 243 423 279 423 280 423 243 424 280 424 171 424 171 425 280 425 281 425 171 426 281 426 172 426 172 427 281 427 237 427 237 428 281 428 282 428 237 429 282 429 283 429 284 430 230 430 229 430 284 431 229 431 285 431 285 432 229 432 175 432 285 433 175 433 286 433 286 434 175 434 174 434 286 435 174 435 287 435 287 436 174 436 235 436 287 437 235 437 283 437 283 438 235 438 238 438 283 439 238 439 237 439 230 440 284 440 227 440 227 441 284 441 288 441 227 442 288 442 177 442 177 443 288 443 289 443 177 444 289 444 178 444 178 445 289 445 290 445 178 446 290 446 214 446 214 447 290 447 291 447 214 448 291 448 213 448 292 449 222 449 221 449 213 450 291 450 221 450 221 451 291 451 293 451 221 452 293 452 292 452 222 453 292 453 223 453 223 454 292 454 294 454 223 455 294 455 224 455 224 456 294 456 266 456 224 457 266 457 220 457 220 458 266 458 32 458 220 459 32 459 24 459 43 460 33 460 265 460 46 461 43 461 295 461 295 462 43 462 265 462 295 463 265 463 296 463 296 464 265 464 266 464 296 465 266 465 297 465 297 466 266 466 294 466 297 467 294 467 298 467 298 468 294 468 292 468 298 469 292 469 299 469 299 470 292 470 293 470 299 471 293 471 300 471 300 472 293 472 291 472 300 473 291 473 301 473 301 474 291 474 290 474 301 475 290 475 302 475 302 476 290 476 289 476 302 477 289 477 303 477 303 478 289 478 288 478 303 479 288 479 304 479 304 480 288 480 284 480 304 481 284 481 305 481 305 482 284 482 285 482 305 483 285 483 306 483 306 484 285 484 286 484 306 485 286 485 307 485 307 486 286 486 287 486 307 487 287 487 308 487 308 488 287 488 283 488 308 489 283 489 309 489 309 490 283 490 282 490 309 491 282 491 310 491 310 492 282 492 281 492 310 493 281 493 311 493 311 494 281 494 280 494 311 495 280 495 312 495 312 496 280 496 279 496 312 497 279 497 313 497 313 498 279 498 278 498 313 499 278 499 314 499 314 500 278 500 277 500 314 501 277 501 315 501 315 502 277 502 276 502 315 503 276 503 316 503 316 504 276 504 275 504 316 505 275 505 317 505 317 506 275 506 274 506 317 507 274 507 318 507 318 508 274 508 272 508 318 509 272 509 319 509 319 510 272 510 273 510 319 511 273 511 320 511 320 512 273 512 271 512 320 513 271 513 321 513 321 514 271 514 270 514 321 515 270 515 322 515 322 516 270 516 269 516 322 517 269 517 323 517 323 518 269 518 268 518 323 519 268 519 324 519 324 520 268 520 267 520 51 521 46 521 325 521 325 522 46 522 295 522 325 523 295 523 326 523 326 524 295 524 296 524 326 525 296 525 327 525 327 526 296 526 297 526 327 527 297 527 328 527 328 528 297 528 298 528 328 529 298 529 329 529 329 530 298 530 299 530 329 531 299 531 330 531 330 532 299 532 300 532 330 533 300 533 331 533 331 534 300 534 301 534 331 535 301 535 332 535 332 536 301 536 302 536 332 537 302 537 333 537 333 538 302 538 303 538 333 539 303 539 334 539 334 540 303 540 304 540 334 541 304 541 335 541 335 542 304 542 305 542 335 543 305 543 336 543 336 544 305 544 306 544 336 545 306 545 337 545 337 546 306 546 307 546 337 547 307 547 338 547 338 548 307 548 308 548 338 549 308 549 339 549 339 550 308 550 309 550 339 551 309 551 340 551 340 552 309 552 310 552 340 553 310 553 341 553 341 554 310 554 311 554 341 555 311 555 342 555 342 556 311 556 312 556 342 557 312 557 343 557 343 558 312 558 313 558 343 559 313 559 344 559 344 560 313 560 314 560 344 561 314 561 345 561 345 562 314 562 315 562 345 563 315 563 346 563 346 564 315 564 316 564 346 565 316 565 347 565 347 566 316 566 317 566 347 567 317 567 348 567 348 568 317 568 318 568 348 569 318 569 349 569 349 570 318 570 319 570 349 571 319 571 350 571 350 572 319 572 320 572 350 573 320 573 351 573 351 574 320 574 321 574 351 575 321 575 352 575 352 576 321 576 322 576 352 577 322 577 353 577 353 578 322 578 323 578 353 579 323 579 354 579 354 580 323 580 324 580 355 581 356 581 50 581 357 582 358 582 49 582 80 583 48 583 359 583 359 584 48 584 49 584 359 585 49 585 360 585 360 586 49 586 358 586 356 587 361 587 50 587 50 588 361 588 362 588 50 589 362 589 49 589 49 590 362 590 363 590 49 591 363 591 357 591 355 592 50 592 364 592 364 593 50 593 51 593 364 594 51 594 365 594 366 595 367 595 368 595 369 596 370 596 366 596 371 597 372 597 373 597 374 598 375 598 376 598 376 599 375 599 377 599 376 600 377 600 378 600 378 601 377 601 379 601 380 602 381 602 382 602 382 603 381 603 379 603 382 604 379 604 383 604 383 605 379 605 377 605 380 606 384 606 369 606 369 607 384 607 371 607 369 608 371 608 370 608 370 609 371 609 373 609 366 610 368 610 369 610 369 611 368 611 385 611 369 612 385 612 380 612 377 613 372 613 383 613 383 614 372 614 371 614 383 615 371 615 382 615 382 616 371 616 384 616 382 617 384 617 380 617 386 618 387 618 388 618 389 619 390 619 391 619 392 620 393 620 394 620 395 621 396 621 397 621 398 622 399 622 397 622 397 623 399 623 395 623 400 624 401 624 390 624 390 625 401 625 399 625 390 626 399 626 391 626 391 627 399 627 398 627 391 628 398 628 402 628 388 629 403 629 394 629 394 630 403 630 404 630 394 631 404 631 392 631 400 632 390 632 393 632 393 633 390 633 389 633 393 634 389 634 394 634 394 635 389 635 388 635 402 636 387 636 391 636 391 637 387 637 386 637 391 638 386 638 389 638 389 639 386 639 388 639 58 640 57 640 405 640 406 641 156 641 407 641 407 642 156 642 158 642 407 643 158 643 408 643 408 644 158 644 160 644 408 645 160 645 409 645 409 646 160 646 162 646 409 647 162 647 410 647 410 648 162 648 143 648 410 649 143 649 411 649 411 650 143 650 145 650 411 651 145 651 412 651 412 652 145 652 147 652 412 653 147 653 413 653 413 654 147 654 149 654 413 655 149 655 414 655 414 656 149 656 151 656 414 657 151 657 415 657 415 658 151 658 153 658 415 659 153 659 416 659 416 660 153 660 134 660 416 661 134 661 417 661 417 662 134 662 136 662 417 663 136 663 418 663 418 664 136 664 138 664 418 665 138 665 419 665 419 666 138 666 140 666 419 667 140 667 420 667 420 668 140 668 125 668 420 669 125 669 421 669 421 670 125 670 127 670 421 671 127 671 422 671 422 672 127 672 129 672 422 673 129 673 423 673 423 674 129 674 131 674 423 675 131 675 424 675 424 676 131 676 124 676 424 677 124 677 425 677 425 678 124 678 123 678 425 679 123 679 426 679 426 680 123 680 120 680 426 681 120 681 427 681 427 682 120 682 118 682 427 683 118 683 428 683 428 684 118 684 116 684 428 685 116 685 429 685 429 686 116 686 114 686 429 687 114 687 430 687 430 688 114 688 103 688 430 689 103 689 431 689 431 690 103 690 106 690 431 691 106 691 432 691 432 692 106 692 108 692 432 693 108 693 433 693 433 694 108 694 110 694 433 695 110 695 434 695 434 696 110 696 101 696 434 697 101 697 435 697 435 698 101 698 102 698 435 699 102 699 63 699 63 700 102 700 9 700 436 701 406 701 437 701 437 702 406 702 407 702 437 703 407 703 438 703 438 704 407 704 408 704 438 705 408 705 439 705 439 706 408 706 409 706 439 707 409 707 440 707 440 708 409 708 410 708 440 709 410 709 441 709 441 710 410 710 411 710 441 711 411 711 442 711 442 712 411 712 412 712 442 713 412 713 443 713 443 714 412 714 413 714 443 715 413 715 444 715 444 716 413 716 414 716 444 717 414 717 445 717 445 718 414 718 415 718 445 719 415 719 446 719 446 720 415 720 416 720 446 721 416 721 447 721 447 722 416 722 417 722 447 723 417 723 448 723 448 724 417 724 418 724 448 725 418 725 449 725 449 726 418 726 419 726 449 727 419 727 450 727 450 728 419 728 420 728 450 729 420 729 451 729 451 730 420 730 421 730 451 731 421 731 452 731 452 732 421 732 422 732 452 733 422 733 453 733 453 734 422 734 423 734 453 735 423 735 454 735 454 736 423 736 424 736 454 737 424 737 455 737 455 738 424 738 425 738 455 739 425 739 456 739 456 740 425 740 426 740 456 741 426 741 457 741 457 742 426 742 427 742 457 743 427 743 458 743 458 744 427 744 428 744 458 745 428 745 459 745 459 746 428 746 429 746 459 747 429 747 460 747 460 748 429 748 430 748 460 749 430 749 461 749 461 750 430 750 431 750 461 751 431 751 462 751 462 752 431 752 432 752 462 753 432 753 463 753 463 754 432 754 433 754 463 755 433 755 464 755 464 756 433 756 434 756 464 757 434 757 405 757 405 758 434 758 435 758 405 759 435 759 58 759 58 760 435 760 63 760 465 761 57 761 466 761 466 762 57 762 56 762 466 763 56 763 467 763 467 764 56 764 468 764 468 765 56 765 55 765 468 766 55 766 469 766 470 767 471 767 62 767 62 768 471 768 472 768 62 769 472 769 55 769 55 770 472 770 473 770 55 771 473 771 469 771 470 772 62 772 474 772 474 773 62 773 60 773 474 774 60 774 81 774 475 775 476 775 477 775 475 776 477 776 478 776 478 777 477 777 479 777 478 778 479 778 480 778 481 779 482 779 78 779 78 780 482 780 79 780 82 781 74 781 483 781 483 782 74 782 77 782 483 783 77 783 484 783 484 784 77 784 79 784 484 785 79 785 485 785 486 786 487 786 488 786 488 787 487 787 485 787 488 788 485 788 489 788 489 789 485 789 79 789 489 790 79 790 482 790 69 791 68 791 490 791 71 792 69 792 491 792 72 793 71 793 492 793 73 794 72 794 493 794 69 795 490 795 491 795 491 796 490 796 494 796 491 797 494 797 495 797 495 798 494 798 496 798 495 799 496 799 497 799 497 800 496 800 498 800 497 801 498 801 499 801 71 802 491 802 492 802 492 803 491 803 495 803 492 804 495 804 500 804 500 805 495 805 497 805 500 806 497 806 501 806 501 807 497 807 499 807 501 808 499 808 502 808 502 809 499 809 503 809 502 810 503 810 504 810 504 811 503 811 505 811 504 812 505 812 506 812 506 813 505 813 507 813 506 814 507 814 508 814 508 815 507 815 509 815 508 816 509 816 510 816 510 817 509 817 511 817 510 818 511 818 512 818 498 819 513 819 499 819 499 820 513 820 514 820 499 821 514 821 503 821 503 822 514 822 515 822 503 823 515 823 505 823 505 824 515 824 516 824 505 825 516 825 507 825 507 826 516 826 517 826 507 827 517 827 509 827 509 828 517 828 518 828 509 829 518 829 511 829 511 830 518 830 519 830 519 831 520 831 511 831 511 832 520 832 521 832 511 833 521 833 512 833 512 834 521 834 522 834 512 835 522 835 523 835 72 836 492 836 493 836 493 837 492 837 500 837 493 838 500 838 524 838 524 839 500 839 501 839 524 840 501 840 525 840 525 841 501 841 502 841 525 842 502 842 526 842 526 843 502 843 504 843 526 844 504 844 527 844 527 845 504 845 506 845 527 846 506 846 528 846 528 847 506 847 508 847 528 848 508 848 529 848 529 849 508 849 510 849 529 850 510 850 530 850 530 851 510 851 512 851 530 852 512 852 531 852 531 853 512 853 523 853 531 854 523 854 532 854 73 855 493 855 533 855 533 856 493 856 524 856 533 857 524 857 534 857 534 858 524 858 525 858 534 859 525 859 535 859 535 860 525 860 526 860 535 861 526 861 536 861 536 862 526 862 527 862 536 863 527 863 537 863 537 864 527 864 528 864 537 865 528 865 538 865 538 866 528 866 529 866 538 867 529 867 539 867 539 868 529 868 530 868 539 869 530 869 540 869 540 870 530 870 531 870 540 871 531 871 541 871 541 872 531 872 532 872 541 873 532 873 542 873 75 874 540 874 76 874 76 875 540 875 541 875 76 876 541 876 542 876 73 877 533 877 75 877 75 878 533 878 534 878 534 879 535 879 75 879 75 880 535 880 536 880 75 881 536 881 537 881 537 882 538 882 75 882 75 883 538 883 539 883 75 884 539 884 540 884 542 885 543 885 76 885 76 886 543 886 544 886 76 887 544 887 65 887 544 888 545 888 65 888 65 889 545 889 546 889 65 890 546 890 66 890 547 891 67 891 548 891 548 892 67 892 66 892 548 893 66 893 549 893 549 894 66 894 546 894 547 895 481 895 67 895 67 896 481 896 78 896 550 897 475 897 478 897 480 898 551 898 552 898 552 899 551 899 553 899 552 900 553 900 554 900 554 901 553 901 555 901 555 902 556 902 554 902 554 903 556 903 550 903 554 904 550 904 552 904 552 905 550 905 478 905 552 906 478 906 480 906 87 907 557 907 88 907 88 908 557 908 68 908 88 909 68 909 83 909 83 910 68 910 70 910 558 911 559 911 560 911 557 912 561 912 562 912 562 913 561 913 563 913 562 914 563 914 564 914 564 915 563 915 565 915 564 916 565 916 566 916 559 917 558 917 565 917 565 918 558 918 567 918 565 919 567 919 566 919 568 920 569 920 570 920 570 921 569 921 571 921 570 922 571 922 1786 922 1786 923 571 923 573 923 572 924 573 924 574 924 574 925 573 925 575 925 574 926 575 926 560 926 569 927 576 927 571 927 571 928 576 928 577 928 571 929 577 929 573 929 573 930 577 930 578 930 573 931 578 931 575 931 575 932 578 932 579 932 575 933 579 933 560 933 1777 934 568 934 1785 934 1785 935 568 935 570 935 563 936 570 936 565 936 565 937 570 937 572 937 565 938 572 938 559 938 559 939 572 939 574 939 559 940 574 940 560 940 580 941 581 941 582 941 582 942 581 942 583 942 582 943 583 943 584 943 584 944 583 944 585 944 586 945 584 945 587 945 587 946 584 946 585 946 587 947 585 947 588 947 589 948 580 948 590 948 590 949 580 949 582 949 590 950 582 950 591 950 591 951 582 951 584 951 591 952 584 952 592 952 592 953 584 953 586 953 593 954 594 954 595 954 585 955 583 955 596 955 588 956 585 956 597 956 585 957 596 957 597 957 597 958 596 958 598 958 597 959 598 959 599 959 599 960 598 960 600 960 599 961 600 961 601 961 601 962 600 962 602 962 601 963 602 963 603 963 588 964 597 964 604 964 604 965 597 965 599 965 604 966 599 966 605 966 605 967 599 967 601 967 605 968 601 968 606 968 606 969 601 969 603 969 606 970 603 970 607 970 593 971 595 971 608 971 609 972 607 972 610 972 610 973 607 973 603 973 610 974 603 974 595 974 595 975 603 975 602 975 595 976 602 976 608 976 608 977 602 977 600 977 608 978 600 978 611 978 611 979 600 979 598 979 611 980 598 980 612 980 612 981 598 981 596 981 612 982 596 982 613 982 613 983 596 983 583 983 613 984 583 984 581 984 614 985 615 985 616 985 616 986 615 986 617 986 616 987 617 987 618 987 618 988 617 988 619 988 618 989 619 989 620 989 620 990 619 990 621 990 614 991 616 991 622 991 616 992 618 992 623 992 388 993 624 993 625 993 625 994 624 994 626 994 625 995 626 995 627 995 627 996 626 996 628 996 627 997 628 997 629 997 629 998 628 998 630 998 629 999 630 999 631 999 631 1000 630 1000 632 1000 631 1001 632 1001 633 1001 633 1002 632 1002 634 1002 633 1003 634 1003 635 1003 635 1004 634 1004 636 1004 635 1005 636 1005 637 1005 637 1006 636 1006 638 1006 637 1007 638 1007 639 1007 639 1008 638 1008 640 1008 639 1009 640 1009 641 1009 641 1010 640 1010 642 1010 641 1011 642 1011 643 1011 643 1012 642 1012 644 1012 643 1013 644 1013 645 1013 645 1014 644 1014 646 1014 645 1015 646 1015 647 1015 647 1016 646 1016 648 1016 647 1017 648 1017 649 1017 649 1018 648 1018 650 1018 649 1019 650 1019 651 1019 651 1020 650 1020 652 1020 651 1021 652 1021 653 1021 653 1022 652 1022 654 1022 653 1023 654 1023 655 1023 655 1024 654 1024 623 1024 655 1025 623 1025 656 1025 656 1026 623 1026 618 1026 656 1027 618 1027 620 1027 616 1028 623 1028 622 1028 622 1029 623 1029 654 1029 622 1030 654 1030 657 1030 657 1031 654 1031 652 1031 657 1032 652 1032 658 1032 658 1033 652 1033 650 1033 658 1034 650 1034 659 1034 659 1035 650 1035 648 1035 659 1036 648 1036 660 1036 660 1037 648 1037 646 1037 660 1038 646 1038 661 1038 661 1039 646 1039 644 1039 661 1040 644 1040 662 1040 662 1041 644 1041 642 1041 662 1042 642 1042 663 1042 663 1043 642 1043 640 1043 663 1044 640 1044 664 1044 664 1045 640 1045 638 1045 664 1046 638 1046 665 1046 665 1047 638 1047 636 1047 665 1048 636 1048 666 1048 666 1049 636 1049 634 1049 666 1050 634 1050 667 1050 667 1051 634 1051 632 1051 667 1052 632 1052 668 1052 668 1053 632 1053 630 1053 668 1054 630 1054 669 1054 669 1055 630 1055 628 1055 669 1056 628 1056 670 1056 670 1057 628 1057 626 1057 670 1058 626 1058 671 1058 671 1059 626 1059 624 1059 671 1060 624 1060 672 1060 388 1061 387 1061 624 1061 624 1062 387 1062 402 1062 624 1063 402 1063 672 1063 672 1064 402 1064 398 1064 672 1065 398 1065 397 1065 614 1066 622 1066 673 1066 673 1067 622 1067 657 1067 673 1068 657 1068 674 1068 674 1069 657 1069 658 1069 674 1070 658 1070 675 1070 675 1071 658 1071 659 1071 675 1072 659 1072 676 1072 676 1073 659 1073 660 1073 676 1074 660 1074 677 1074 677 1075 660 1075 661 1075 677 1076 661 1076 678 1076 678 1077 661 1077 662 1077 678 1078 662 1078 679 1078 679 1079 662 1079 663 1079 679 1080 663 1080 680 1080 680 1081 663 1081 664 1081 680 1082 664 1082 681 1082 681 1083 664 1083 665 1083 681 1084 665 1084 682 1084 682 1085 665 1085 666 1085 682 1086 666 1086 683 1086 683 1087 666 1087 667 1087 683 1088 667 1088 684 1088 684 1089 667 1089 668 1089 684 1090 668 1090 685 1090 685 1091 668 1091 669 1091 685 1092 669 1092 686 1092 686 1093 669 1093 670 1093 686 1094 670 1094 687 1094 687 1095 670 1095 671 1095 687 1096 671 1096 688 1096 688 1097 671 1097 672 1097 688 1098 672 1098 689 1098 689 1099 672 1099 397 1099 689 1100 397 1100 396 1100 365 1101 374 1101 690 1101 690 1102 374 1102 376 1102 690 1103 376 1103 691 1103 691 1104 376 1104 378 1104 691 1105 378 1105 692 1105 692 1106 378 1106 379 1106 692 1107 379 1107 693 1107 693 1108 379 1108 381 1108 693 1109 381 1109 694 1109 694 1110 381 1110 380 1110 694 1111 380 1111 695 1111 691 1112 692 1112 696 1112 693 1113 694 1113 697 1113 694 1114 695 1114 698 1114 693 1115 697 1115 692 1115 699 1116 690 1116 691 1116 700 1117 364 1117 699 1117 699 1118 364 1118 365 1118 699 1119 365 1119 690 1119 694 1120 698 1120 697 1120 697 1121 698 1121 701 1121 697 1122 701 1122 702 1122 702 1123 701 1123 703 1123 702 1124 703 1124 704 1124 704 1125 703 1125 705 1125 704 1126 705 1126 706 1126 706 1127 705 1127 707 1127 706 1128 707 1128 708 1128 708 1129 707 1129 709 1129 708 1130 709 1130 710 1130 692 1131 697 1131 696 1131 696 1132 697 1132 702 1132 696 1133 702 1133 711 1133 711 1134 702 1134 704 1134 711 1135 704 1135 712 1135 712 1136 704 1136 706 1136 712 1137 706 1137 713 1137 713 1138 706 1138 708 1138 713 1139 708 1139 714 1139 714 1140 708 1140 710 1140 714 1141 710 1141 715 1141 691 1142 696 1142 699 1142 699 1143 696 1143 711 1143 699 1144 711 1144 700 1144 700 1145 711 1145 712 1145 700 1146 712 1146 716 1146 716 1147 712 1147 713 1147 716 1148 713 1148 717 1148 717 1149 713 1149 714 1149 717 1150 714 1150 718 1150 718 1151 714 1151 715 1151 718 1152 715 1152 719 1152 719 1153 363 1153 718 1153 718 1154 363 1154 362 1154 718 1155 362 1155 717 1155 717 1156 362 1156 361 1156 717 1157 361 1157 716 1157 716 1158 361 1158 356 1158 716 1159 356 1159 700 1159 700 1160 356 1160 355 1160 700 1161 355 1161 364 1161 360 1162 358 1162 719 1162 719 1163 358 1163 357 1163 719 1164 357 1164 363 1164 720 1165 721 1165 722 1165 722 1166 721 1166 723 1166 722 1167 723 1167 724 1167 724 1168 723 1168 725 1168 724 1169 725 1169 726 1169 726 1170 725 1170 727 1170 728 1171 727 1171 729 1171 729 1172 727 1172 725 1172 729 1173 725 1173 730 1173 730 1174 725 1174 723 1174 730 1175 723 1175 731 1175 731 1176 723 1176 721 1176 709 1177 720 1177 710 1177 710 1178 720 1178 722 1178 710 1179 722 1179 715 1179 715 1180 722 1180 724 1180 715 1181 724 1181 719 1181 719 1182 724 1182 726 1182 719 1183 726 1183 360 1183 360 1184 726 1184 727 1184 360 1185 727 1185 359 1185 359 1186 727 1186 728 1186 359 1187 728 1187 80 1187 731 1188 732 1188 733 1188 731 1189 733 1189 730 1189 730 1190 733 1190 734 1190 730 1191 734 1191 729 1191 729 1192 734 1192 735 1192 729 1192 735 1192 728 1192 728 1193 735 1193 81 1193 728 1194 81 1194 80 1194 734 1195 733 1195 736 1195 735 1196 734 1196 737 1196 81 1197 735 1197 738 1197 81 1198 738 1198 474 1198 474 1199 738 1199 739 1199 474 1200 739 1200 470 1200 470 1201 739 1201 740 1201 470 1202 740 1202 471 1202 471 1203 740 1203 741 1203 471 1204 741 1204 472 1204 734 1205 736 1205 737 1205 737 1206 736 1206 742 1206 737 1207 742 1207 743 1207 743 1208 742 1208 744 1208 743 1209 744 1209 745 1209 745 1210 744 1210 746 1210 745 1211 746 1211 747 1211 747 1212 746 1212 748 1212 747 1213 748 1213 749 1213 749 1214 748 1214 750 1214 749 1215 750 1215 751 1215 751 1216 750 1216 752 1216 751 1217 752 1217 753 1217 753 1218 752 1218 754 1218 753 1219 754 1219 755 1219 756 1220 754 1220 757 1220 757 1221 754 1221 752 1221 757 1222 752 1222 758 1222 758 1223 752 1223 750 1223 758 1224 750 1224 759 1224 759 1225 750 1225 748 1225 759 1226 748 1226 760 1226 760 1227 748 1227 746 1227 760 1228 746 1228 761 1228 761 1229 746 1229 744 1229 761 1230 744 1230 762 1230 762 1231 744 1231 742 1231 762 1232 742 1232 763 1232 763 1233 742 1233 736 1233 763 1234 736 1234 764 1234 764 1235 736 1235 733 1235 764 1236 733 1236 732 1236 756 1237 765 1237 754 1237 754 1238 765 1238 766 1238 754 1239 766 1239 755 1239 755 1240 766 1240 767 1240 755 1241 767 1241 768 1241 735 1242 737 1242 738 1242 738 1243 737 1243 743 1243 738 1244 743 1244 739 1244 739 1245 743 1245 745 1245 739 1246 745 1246 740 1246 740 1247 745 1247 747 1247 740 1248 747 1248 741 1248 741 1249 747 1249 749 1249 741 1250 749 1250 769 1250 769 1251 749 1251 751 1251 769 1252 751 1252 770 1252 770 1253 751 1253 753 1253 770 1254 753 1254 771 1254 771 1255 753 1255 755 1255 771 1256 755 1256 772 1256 772 1257 755 1257 768 1257 772 1258 768 1258 773 1258 472 1259 741 1259 473 1259 473 1260 741 1260 769 1260 473 1261 769 1261 469 1261 469 1262 769 1262 770 1262 469 1263 770 1263 468 1263 468 1264 770 1264 771 1264 468 1265 771 1265 467 1265 467 1266 771 1266 772 1266 467 1267 772 1267 466 1267 466 1268 772 1268 773 1268 466 1269 773 1269 465 1269 756 1270 774 1270 765 1270 765 1271 774 1271 775 1271 776 1272 465 1272 777 1272 777 1273 465 1273 773 1273 777 1274 773 1274 778 1274 778 1275 773 1275 768 1275 778 1276 768 1276 779 1276 779 1277 768 1277 767 1277 779 1278 767 1278 775 1278 775 1279 767 1279 766 1279 775 1280 766 1280 765 1280 780 1281 487 1281 781 1281 781 1281 487 1281 486 1281 780 93 484 93 487 93 487 1282 484 1282 485 1282 484 1283 782 1283 483 1283 483 1284 782 1284 783 1284 483 1285 783 1285 82 1285 784 1285 88 1285 83 1285 82 1285 783 1285 83 1285 83 1285 783 1285 785 1285 83 1285 785 1285 786 1285 786 1286 787 1286 83 1286 83 1285 787 1285 788 1285 83 1287 788 1287 784 1287 90 1288 88 1288 784 1288 90 1289 784 1289 92 1289 788 1290 96 1290 784 1290 784 1291 96 1291 94 1291 784 1292 94 1292 92 1292 787 1293 99 1293 788 1293 788 1294 99 1294 98 1294 788 1295 98 1295 96 1295 786 1296 85 1296 787 1296 787 1297 85 1297 84 1297 787 1298 84 1298 99 1298 783 1299 789 1299 785 1299 785 1300 789 1300 790 1300 785 1301 790 1301 786 1301 786 1302 790 1302 791 1302 786 1303 791 1303 85 1303 91 1304 93 1304 792 1304 95 1305 97 1305 793 1305 86 1306 794 1306 795 1306 793 1307 97 1307 86 1307 792 1308 796 1308 797 1308 797 1309 796 1309 795 1309 797 1310 795 1310 798 1310 798 1311 795 1311 794 1311 798 1312 794 1312 799 1312 87 1313 89 1313 800 1313 800 1314 89 1314 91 1314 91 1315 792 1315 800 1315 800 1316 792 1316 797 1316 800 1317 797 1317 801 1317 801 1318 797 1318 798 1318 801 1319 798 1319 802 1319 802 1320 798 1320 799 1320 802 1321 799 1321 803 1321 87 1322 800 1322 804 1322 804 1323 800 1323 801 1323 804 1324 801 1324 805 1324 805 1325 801 1325 802 1325 805 1326 802 1326 806 1326 806 1327 802 1327 803 1327 806 1328 803 1328 807 1328 796 1329 86 1329 795 1329 93 1330 95 1330 792 1330 792 1331 95 1331 793 1331 792 1332 793 1332 796 1332 796 1333 793 1333 86 1333 790 1334 789 1334 808 1334 790 1285 808 1285 791 1285 809 1285 810 1285 86 1285 791 1285 808 1285 85 1285 85 1335 808 1335 811 1335 85 1285 811 1285 86 1285 86 1336 811 1336 812 1336 86 1337 812 1337 809 1337 592 1338 586 1338 813 1338 592 1339 813 1339 591 1339 814 1340 589 1340 815 1340 815 1341 589 1341 590 1341 815 1342 590 1342 816 1342 816 1343 590 1343 591 1343 816 1344 591 1344 817 1344 817 1345 591 1345 813 1345 818 1346 156 1346 819 1346 819 1347 156 1347 406 1347 436 1348 820 1348 406 1348 406 1349 820 1349 821 1349 406 1350 821 1350 819 1350 156 1351 818 1351 157 1351 157 1352 818 1352 822 1352 157 1353 822 1353 823 1353 824 1354 167 1354 825 1354 825 1355 167 1355 166 1355 825 1356 166 1356 826 1356 219 1357 827 1357 166 1357 166 1358 827 1358 828 1358 166 1359 828 1359 826 1359 217 1360 829 1360 218 1360 218 1361 829 1361 830 1361 218 1362 830 1362 219 1362 219 1363 830 1363 831 1363 219 1364 831 1364 827 1364 198 1365 157 1365 823 1365 823 1366 832 1366 198 1366 198 1367 832 1367 833 1367 198 1368 833 1368 217 1368 217 1369 833 1369 834 1369 217 1370 834 1370 829 1370 835 1371 267 1371 836 1371 836 1372 267 1372 167 1372 836 1373 167 1373 824 1373 354 1374 324 1374 837 1374 837 1375 324 1375 838 1375 838 1376 324 1376 839 1376 839 1377 324 1377 267 1377 839 1378 267 1378 835 1378 374 1379 365 1379 840 1379 840 93 365 93 51 93 840 1380 51 1380 841 1380 841 93 51 93 325 93 841 93 325 93 842 93 842 1381 325 1381 326 1381 842 1382 326 1382 843 1382 844 1383 351 1383 845 1383 845 1384 351 1384 352 1384 845 93 352 93 846 93 846 1385 352 1385 353 1385 846 1386 353 1386 847 1386 847 93 353 93 354 93 847 93 354 93 848 93 848 93 354 93 837 93 843 93 326 93 849 93 849 93 326 93 327 93 849 93 327 93 850 93 850 93 327 93 328 93 850 1387 328 1387 851 1387 328 1388 329 1388 851 1388 851 93 329 93 330 93 851 1389 330 1389 852 1389 852 93 330 93 331 93 852 1390 331 1390 853 1390 853 93 331 93 332 93 853 93 332 93 854 93 855 1391 342 1391 856 1391 856 1392 342 1392 343 1392 856 1393 343 1393 857 1393 857 1394 343 1394 344 1394 857 93 344 93 858 93 858 1395 344 1395 345 1395 858 93 345 93 859 93 332 1396 333 1396 854 1396 854 1397 333 1397 334 1397 854 1398 334 1398 860 1398 860 1399 334 1399 335 1399 860 93 335 93 861 93 861 93 335 93 336 93 861 93 336 93 862 93 336 93 337 93 862 93 862 93 337 93 338 93 862 93 338 93 863 93 863 1400 338 1400 339 1400 863 93 339 93 864 93 864 1401 339 1401 340 1401 864 93 340 93 855 93 855 93 340 93 341 93 855 93 341 93 342 93 345 1402 346 1402 859 1402 859 93 346 93 347 93 859 93 347 93 865 93 865 1403 347 1403 348 1403 865 93 348 93 866 93 866 1404 348 1404 349 1404 866 93 349 93 844 93 844 1405 349 1405 350 1405 844 1406 350 1406 351 1406 375 1407 374 1407 840 1407 372 1408 377 1408 867 1408 867 1409 377 1409 375 1409 366 1410 370 1410 868 1410 868 1411 370 1411 373 1411 868 1412 373 1412 372 1412 869 1413 367 1413 366 1413 375 1414 840 1414 867 1414 867 1415 840 1415 841 1415 867 1416 841 1416 870 1416 870 1417 841 1417 842 1417 870 1418 842 1418 871 1418 842 1419 843 1419 871 1419 871 1420 843 1420 872 1420 871 1421 872 1421 873 1421 372 1422 867 1422 868 1422 868 1423 867 1423 870 1423 868 1424 870 1424 874 1424 874 1425 870 1425 871 1425 874 1426 871 1426 875 1426 875 1427 871 1427 873 1427 875 1428 873 1428 876 1428 366 1429 868 1429 869 1429 869 1430 868 1430 874 1430 869 1431 874 1431 877 1431 877 1432 874 1432 875 1432 877 1433 875 1433 878 1433 878 1434 875 1434 876 1434 878 1435 876 1435 879 1435 388 1436 380 1436 385 1436 367 1437 392 1437 368 1437 368 1438 392 1438 404 1438 368 1439 404 1439 385 1439 385 1440 404 1440 403 1440 385 1441 403 1441 388 1441 880 1442 881 1442 882 1442 396 1443 883 1443 884 1443 884 1444 883 1444 885 1444 884 1445 885 1445 886 1445 886 1446 885 1446 887 1446 886 1447 887 1447 888 1447 888 1448 887 1448 889 1448 888 1449 889 1449 890 1449 396 1450 395 1450 883 1450 883 1451 395 1451 399 1451 399 1452 891 1452 883 1452 883 1453 891 1453 892 1453 883 1454 892 1454 885 1454 885 1455 892 1455 882 1455 885 1456 882 1456 887 1456 887 1457 882 1457 881 1457 887 1458 881 1458 889 1458 399 1459 401 1459 891 1459 891 1460 401 1460 400 1460 891 1461 400 1461 393 1461 880 1462 882 1462 893 1462 893 1463 882 1463 892 1463 893 1464 892 1464 894 1464 894 1465 892 1465 891 1465 894 1466 891 1466 895 1466 895 1467 891 1467 393 1467 895 1468 393 1468 392 1468 689 1469 396 1469 884 1469 896 1470 897 1470 884 1470 884 1285 886 1285 896 1285 896 1471 886 1471 888 1471 896 1285 888 1285 898 1285 898 1472 888 1472 890 1472 898 1285 890 1285 899 1285 899 1473 890 1473 900 1473 901 1285 902 1285 899 1285 897 1285 615 1285 884 1285 884 1474 615 1474 614 1474 884 1475 614 1475 673 1475 902 1476 903 1476 899 1476 899 1477 903 1477 904 1477 899 1478 904 1478 905 1478 900 1285 906 1285 899 1285 899 1479 906 1479 907 1479 899 1480 907 1480 908 1480 908 1285 909 1285 899 1285 899 1481 909 1481 910 1481 899 1482 910 1482 911 1482 911 1285 912 1285 899 1285 899 1285 912 1285 913 1285 899 1483 913 1483 914 1483 914 1285 915 1285 899 1285 899 1484 915 1484 916 1484 899 1285 916 1285 917 1285 905 1285 918 1285 899 1285 899 1485 918 1485 919 1485 899 1486 919 1486 920 1486 673 1285 674 1285 884 1285 884 1285 674 1285 675 1285 884 1285 675 1285 676 1285 917 1487 921 1487 899 1487 899 1285 921 1285 922 1285 899 1488 922 1488 901 1488 920 1285 923 1285 899 1285 899 1489 923 1489 924 1489 899 1490 924 1490 925 1490 899 1285 926 1285 927 1285 927 1491 926 1491 928 1491 688 1285 689 1285 678 1285 678 1285 689 1285 884 1285 678 1285 884 1285 677 1285 677 1492 884 1492 676 1492 925 1285 929 1285 899 1285 899 1493 929 1493 930 1493 899 1494 930 1494 931 1494 931 1285 932 1285 899 1285 899 1495 932 1495 933 1495 899 1496 933 1496 926 1496 928 1497 926 1497 934 1497 934 1285 926 1285 935 1285 934 1285 935 1285 936 1285 678 1285 679 1285 688 1285 688 1498 679 1498 680 1498 688 1499 680 1499 681 1499 685 1285 686 1285 684 1285 684 1500 686 1500 687 1500 684 1501 687 1501 688 1501 681 1285 682 1285 688 1285 688 1502 682 1502 683 1502 688 1503 683 1503 684 1503 937 1504 938 1504 939 1504 475 1505 937 1505 476 1505 476 1506 937 1506 939 1506 476 1507 939 1507 940 1507 937 1508 941 1508 938 1508 938 1509 941 1509 897 1509 938 1510 897 1510 896 1510 942 1511 943 1511 479 1511 477 1512 476 1512 940 1512 939 1513 944 1513 940 1513 940 1514 944 1514 942 1514 940 1515 942 1515 477 1515 477 1516 942 1516 479 1516 945 1517 943 1517 946 1517 946 1518 943 1518 942 1518 946 1519 942 1519 947 1519 947 1520 942 1520 944 1520 948 1521 949 1521 950 1521 951 1522 952 1522 948 1522 953 1523 954 1523 955 1523 956 1524 957 1524 958 1524 958 1525 957 1525 959 1525 958 1526 959 1526 960 1526 960 1527 959 1527 961 1527 962 1528 963 1528 964 1528 964 1529 963 1529 961 1529 964 1530 961 1530 965 1530 965 1531 961 1531 959 1531 962 1532 966 1532 951 1532 951 1533 966 1533 953 1533 951 1534 953 1534 952 1534 952 1535 953 1535 955 1535 948 1536 950 1536 951 1536 951 1537 950 1537 967 1537 951 1538 967 1538 962 1538 959 1539 954 1539 965 1539 965 1540 954 1540 953 1540 965 1541 953 1541 964 1541 964 1542 953 1542 966 1542 964 617 966 617 962 617 968 1543 775 1543 774 1543 969 1544 970 1544 971 1544 972 1545 973 1545 974 1545 975 1546 776 1546 777 1546 778 1547 976 1547 777 1547 777 1548 976 1548 975 1548 977 1549 978 1549 970 1549 970 1550 978 1550 976 1550 970 1551 976 1551 971 1551 971 1552 976 1552 778 1552 971 1553 778 1553 779 1553 774 1554 979 1554 974 1554 974 1555 979 1555 980 1555 974 1556 980 1556 972 1556 977 1557 970 1557 973 1557 973 1558 970 1558 969 1558 973 1559 969 1559 974 1559 974 1560 969 1560 774 1560 779 1561 775 1561 971 1561 971 1562 775 1562 968 1562 971 1563 968 1563 969 1563 969 1564 968 1564 774 1564 820 1565 436 1565 981 1565 981 1566 436 1566 982 1566 445 1567 983 1567 444 1567 444 1285 983 1285 984 1285 444 1568 984 1568 443 1568 443 1285 984 1285 985 1285 443 1569 985 1569 442 1569 442 1570 985 1570 986 1570 442 1285 986 1285 441 1285 441 1571 986 1571 987 1571 441 1285 987 1285 440 1285 440 1572 987 1572 988 1572 440 1573 988 1573 439 1573 439 1285 988 1285 989 1285 439 1285 989 1285 438 1285 438 1574 989 1574 990 1574 438 1575 990 1575 437 1575 437 1576 990 1576 991 1576 437 1577 991 1577 436 1577 436 1285 991 1285 992 1285 436 1578 992 1578 982 1578 465 1579 776 1579 57 1579 57 1285 776 1285 993 1285 57 1580 993 1580 405 1580 405 1285 993 1285 994 1285 405 1285 994 1285 464 1285 464 1285 994 1285 995 1285 464 1581 995 1581 463 1581 463 1285 995 1285 996 1285 463 1285 996 1285 462 1285 462 1582 996 1582 997 1582 462 1583 997 1583 461 1583 997 1584 998 1584 461 1584 461 1285 998 1285 999 1285 461 1285 999 1285 460 1285 460 1285 999 1285 1000 1285 460 1285 1000 1285 459 1285 459 1285 1000 1285 1001 1285 459 1285 1001 1285 458 1285 458 1585 1001 1585 1002 1585 458 1586 1002 1586 457 1586 457 1587 1002 1587 1003 1587 457 1588 1003 1588 456 1588 456 1589 1003 1589 1004 1589 456 1285 1004 1285 455 1285 455 1285 1004 1285 1005 1285 455 1285 1005 1285 454 1285 454 1285 1005 1285 1006 1285 454 1285 1006 1285 453 1285 453 1285 1006 1285 1007 1285 453 1285 1007 1285 452 1285 452 1285 1007 1285 1008 1285 452 1285 1008 1285 451 1285 451 1590 1008 1590 1009 1590 451 1285 1009 1285 450 1285 450 1285 1009 1285 1010 1285 450 1285 1010 1285 449 1285 449 1285 1010 1285 1011 1285 449 1285 1011 1285 448 1285 448 1285 1011 1285 1012 1285 448 1285 1012 1285 447 1285 447 1285 1012 1285 1013 1285 447 1285 1013 1285 446 1285 446 1285 1013 1285 1014 1285 446 1285 1014 1285 445 1285 445 1285 1014 1285 1015 1285 445 1591 1015 1591 983 1591 1016 1592 1017 1592 1018 1592 1018 1593 1017 1593 1019 1593 1020 1594 1021 1594 1017 1594 1017 1595 1021 1595 1022 1595 1017 1596 1022 1596 1019 1596 1016 1597 1023 1597 1017 1597 1017 1598 1023 1598 1024 1598 1017 1599 1024 1599 1020 1599 1020 1600 1024 1600 480 1600 1020 1601 480 1601 479 1601 482 1602 481 1602 1025 1602 1025 1603 481 1603 1026 1603 1025 1604 1026 1604 1027 1604 1027 1605 1026 1605 1028 1605 1027 1606 1028 1606 1029 1606 1029 1607 1028 1607 1030 1607 489 1608 482 1608 1025 1608 489 1609 1025 1609 488 1609 1031 1610 1032 1610 1033 1610 1033 1611 1032 1611 1034 1611 1033 1612 1034 1612 1035 1612 1035 1613 1034 1613 1036 1613 1029 1614 1031 1614 1027 1614 1027 1615 1031 1615 1033 1615 1027 1616 1033 1616 1025 1616 1025 1617 1033 1617 1035 1617 1025 1618 1035 1618 488 1618 488 1619 1035 1619 1036 1619 488 1620 1036 1620 486 1620 781 1621 486 1621 1037 1621 1037 1622 486 1622 1036 1622 1037 1623 1036 1623 1038 1623 1038 1624 1036 1624 1034 1624 1038 1625 1034 1625 1039 1625 1039 1626 1034 1626 1032 1626 961 1627 963 1627 1040 1627 963 1628 962 1628 1041 1628 958 1629 960 1629 1042 1629 1042 1630 960 1630 961 1630 1043 1631 956 1631 958 1631 963 1632 1041 1632 1040 1632 1040 1633 1041 1633 1044 1633 1040 1634 1044 1634 1045 1634 1045 1635 1044 1635 1046 1635 1045 1636 1046 1636 1047 1636 1047 1637 1046 1637 1048 1637 1047 1638 1048 1638 1049 1638 1049 1639 1048 1639 1050 1639 1049 1640 1050 1640 1051 1640 1051 1641 1050 1641 1052 1641 1051 1642 1052 1642 1053 1642 1053 1643 1052 1643 781 1643 1053 1644 781 1644 1037 1644 961 1645 1040 1645 1042 1645 1042 1646 1040 1646 1045 1646 1042 1647 1045 1647 1054 1647 1054 1648 1045 1648 1047 1648 1054 1649 1047 1649 1055 1649 1055 1650 1047 1650 1049 1650 1055 1651 1049 1651 1056 1651 1056 1652 1049 1652 1051 1652 1056 1653 1051 1653 1057 1653 1057 1654 1051 1654 1053 1654 1057 1655 1053 1655 1058 1655 1058 1656 1053 1656 1037 1656 1058 1657 1037 1657 1038 1657 958 1658 1042 1658 1043 1658 1043 1659 1042 1659 1054 1659 1043 1660 1054 1660 1059 1660 1059 1661 1054 1661 1055 1661 1059 1662 1055 1662 1060 1662 1060 1663 1055 1663 1056 1663 1060 1664 1056 1664 1061 1664 1061 1665 1056 1665 1057 1665 1061 1666 1057 1666 1062 1666 1062 1667 1057 1667 1058 1667 1062 1668 1058 1668 1063 1668 1063 1669 1058 1669 1038 1669 1063 1670 1038 1670 1039 1670 1064 1671 1065 1671 1066 1671 1066 1672 1065 1672 1067 1672 1066 1673 1067 1673 1068 1673 1069 1674 1070 1674 1071 1674 1071 1675 1072 1675 1069 1675 1069 1676 1072 1676 1073 1676 1069 1677 1073 1677 1067 1677 1067 1678 1073 1678 1074 1678 1067 1679 1074 1679 1068 1679 1075 1680 1070 1680 1076 1680 1076 1681 1070 1681 1069 1681 1076 1682 1069 1682 1077 1682 1077 1683 1069 1683 1067 1683 1077 1684 1067 1684 1078 1684 1078 1685 1067 1685 1065 1685 1078 1686 1079 1686 1077 1686 1077 1687 1079 1687 1080 1687 1077 1688 1080 1688 1076 1688 1076 1689 1080 1689 1081 1689 1076 1690 1081 1690 1075 1690 1075 1691 1081 1691 1082 1691 1079 1692 609 1692 1080 1692 1080 1693 609 1693 610 1693 1080 1694 610 1694 1081 1694 1081 1695 610 1695 595 1695 1081 1696 595 1696 1082 1696 1082 1697 595 1697 594 1697 579 1698 606 1698 560 1698 560 1699 606 1699 607 1699 560 1700 607 1700 609 1700 588 1701 604 1701 579 1701 579 1702 604 1702 605 1702 579 1703 605 1703 606 1703 579 1704 578 1704 588 1704 578 1705 577 1705 1778 1705 1778 1706 577 1706 587 1706 587 1707 577 1707 576 1707 587 1708 576 1708 586 1708 562 1709 564 1709 496 1709 68 1710 557 1710 490 1710 490 1711 557 1711 562 1711 490 1712 562 1712 494 1712 494 1713 562 1713 496 1713 560 1714 519 1714 518 1714 518 1715 517 1715 560 1715 560 1716 517 1716 516 1716 560 1717 516 1717 558 1717 558 1718 516 1718 515 1718 558 1719 515 1719 567 1719 567 1720 515 1720 514 1720 567 1721 514 1721 566 1721 566 1722 514 1722 513 1722 566 1723 513 1723 564 1723 564 1724 513 1724 498 1724 564 1725 498 1725 496 1725 1083 1726 1084 1726 1085 1726 522 1727 521 1727 1084 1727 520 1728 519 1728 1086 1728 520 1729 1086 1729 521 1729 542 1730 532 1730 543 1730 543 1731 532 1731 523 1731 543 1732 523 1732 544 1732 521 1733 1086 1733 1084 1733 1084 1734 1086 1734 1087 1734 1084 1735 1087 1735 1085 1735 1085 1736 1087 1736 1088 1736 1085 1737 1088 1737 1089 1737 1089 1738 1088 1738 1090 1738 1089 1739 1090 1739 1091 1739 1091 1740 1090 1740 1092 1740 1091 1741 1092 1741 1093 1741 1093 1742 1092 1742 1094 1742 1093 1743 1094 1743 1095 1743 1083 1744 1085 1744 1096 1744 1096 1745 1085 1745 1089 1745 1096 1746 1089 1746 1097 1746 1097 1747 1089 1747 1091 1747 1097 1748 1091 1748 1098 1748 1098 1749 1091 1749 1093 1749 1098 1750 1093 1750 1099 1750 1099 1751 1093 1751 1095 1751 1099 1752 1095 1752 1100 1752 522 1753 1084 1753 523 1753 523 1754 1084 1754 1083 1754 523 1755 1083 1755 544 1755 544 1756 1083 1756 1096 1756 544 1757 1096 1757 545 1757 545 1758 1096 1758 1097 1758 545 1759 1097 1759 546 1759 546 1760 1097 1760 1098 1760 546 1761 1098 1761 549 1761 549 1762 1098 1762 1099 1762 549 1763 1099 1763 548 1763 548 1764 1099 1764 1100 1764 548 1765 1100 1765 547 1765 481 1766 547 1766 1026 1766 1026 1767 547 1767 1100 1767 1026 1768 1100 1768 1028 1768 1028 1769 1100 1769 1095 1769 1028 1770 1095 1770 1030 1770 1030 1771 1095 1771 1094 1771 1064 1772 1066 1772 1101 1772 1101 1773 1066 1773 1102 1773 1102 1774 1066 1774 1103 1774 1103 1775 1066 1775 1068 1775 1103 1776 1068 1776 1104 1776 1104 1777 1068 1777 1074 1777 1104 1778 1074 1778 1105 1778 1105 1779 1074 1779 1073 1779 1105 1780 1073 1780 1106 1780 1073 1781 1072 1781 1106 1781 1106 1782 1072 1782 1071 1782 1106 1783 1071 1783 1107 1783 1108 1784 1109 1784 1110 1784 1111 1785 1112 1785 1113 1785 1107 1786 1114 1786 1106 1786 1106 1787 1114 1787 1115 1787 1106 1788 1115 1788 1105 1788 1105 1789 1115 1789 1104 1789 1104 1790 1115 1790 1113 1790 1104 1791 1113 1791 1103 1791 1112 1792 1101 1792 1113 1792 1113 1793 1101 1793 1102 1793 1113 1794 1102 1794 1103 1794 1109 1795 1111 1795 1110 1795 1110 1796 1111 1796 1113 1796 1110 1797 1113 1797 1116 1797 1116 1798 1113 1798 1115 1798 1116 1799 1115 1799 1117 1799 1117 1800 1115 1800 1114 1800 1118 1801 1108 1801 1119 1801 1119 1802 1108 1802 1110 1802 1119 1803 1110 1803 1120 1803 1120 1804 1110 1804 1116 1804 1120 1805 1116 1805 1121 1805 1121 1806 1116 1806 1117 1806 1122 1807 1118 1807 1123 1807 1123 1808 1118 1808 1119 1808 1123 1809 1119 1809 1124 1809 1124 1810 1119 1810 1120 1810 1124 1811 1120 1811 1125 1811 1125 1812 1120 1812 1121 1812 1126 1813 1127 1813 1128 1813 1128 1814 1127 1814 1129 1814 1128 1815 1129 1815 1130 1815 1130 1816 1129 1816 1131 1816 1130 1817 1131 1817 1132 1817 1132 1818 1131 1818 1133 1818 1023 1819 1126 1819 1134 1819 1134 1820 1126 1820 1128 1820 1134 1821 1128 1821 1135 1821 1135 1822 1128 1822 1130 1822 1135 1823 1130 1823 1136 1823 1136 1824 1130 1824 1132 1824 1024 1825 1023 1825 1137 1825 1137 1826 1023 1826 1134 1826 1137 1827 1134 1827 1138 1827 1138 1828 1134 1828 1135 1828 1138 1829 1135 1829 1139 1829 1139 1830 1135 1830 1136 1830 480 1831 1024 1831 551 1831 551 1832 1024 1832 1137 1832 551 1833 1137 1833 553 1833 553 1834 1137 1834 1138 1834 553 1835 1138 1835 555 1835 555 1836 1138 1836 1139 1836 937 1837 475 1837 1140 1837 1140 1838 475 1838 550 1838 1140 1839 550 1839 1141 1839 1141 1840 550 1840 556 1840 1141 1841 556 1841 1142 1841 1142 1842 556 1842 555 1842 1143 1843 1140 1843 1144 1843 1144 1844 1140 1844 1141 1844 1144 1845 1141 1845 1145 1845 1145 1846 1141 1846 1142 1846 1143 1847 897 1847 1140 1847 1140 1848 897 1848 941 1848 1140 1849 941 1849 937 1849 615 1850 897 1850 1143 1850 615 1851 1143 1851 617 1851 617 1852 1143 1852 1144 1852 617 1853 1144 1853 619 1853 619 1854 1144 1854 1145 1854 619 1855 1145 1855 621 1855 807 1856 576 1856 569 1856 807 1857 569 1857 806 1857 806 1858 569 1858 568 1858 806 1858 568 1858 805 1858 1780 1859 1777 1859 561 1859 1780 1860 561 1860 1779 1860 1779 1861 557 1861 1790 1861 1790 1862 557 1862 87 1862 814 1863 1146 1863 589 1863 589 1863 1146 1863 1788 1863 589 1864 581 1864 580 1864 1147 1865 1075 1865 1148 1865 1148 1866 1075 1866 1082 1866 1148 1867 1082 1867 1149 1867 1149 1868 1082 1868 594 1868 1149 1869 594 1869 1150 1869 1150 1870 594 1870 593 1870 1150 1871 593 1871 1151 1871 1151 1872 593 1872 608 1872 1789 1873 1788 1873 1146 1873 608 1874 611 1874 1151 1874 1151 1875 611 1875 612 1875 1151 1876 612 1876 1152 1876 1152 1877 612 1877 613 1877 1152 1878 613 1878 1787 1878 1787 1879 613 1879 1789 1879 780 1880 781 1880 1052 1880 762 1881 763 1881 1044 1881 762 1882 1044 1882 761 1882 758 1883 759 1883 1044 1883 1044 1884 759 1884 760 1884 1044 1885 760 1885 761 1885 962 1886 774 1886 1041 1886 1041 1887 774 1887 756 1887 1041 1888 756 1888 1044 1888 1044 1889 756 1889 757 1889 1044 1890 757 1890 758 1890 627 1891 764 1891 732 1891 732 1892 731 1892 627 1892 627 1893 731 1893 721 1893 627 1894 721 1894 720 1894 720 1895 709 1895 627 1895 627 1896 709 1896 707 1896 627 1897 707 1897 625 1897 707 1898 705 1898 625 1898 625 1899 705 1899 703 1899 625 1900 703 1900 701 1900 380 1901 388 1901 695 1901 695 1902 388 1902 625 1902 695 1903 625 1903 698 1903 698 1904 625 1904 701 1904 789 1905 639 1905 641 1905 789 1906 641 1906 808 1906 641 1907 643 1907 808 1907 808 1908 643 1908 645 1908 808 1909 645 1909 811 1909 645 1910 647 1910 811 1910 811 1911 647 1911 649 1911 811 1912 649 1912 812 1912 1070 1913 1075 1913 1147 1913 649 1914 651 1914 812 1914 812 1915 651 1915 653 1915 812 1916 653 1916 809 1916 809 1917 653 1917 655 1917 809 1918 655 1918 810 1918 810 1919 655 1919 656 1919 810 1920 656 1920 1147 1920 1147 1921 656 1921 620 1921 1147 1922 620 1922 1070 1922 763 1923 764 1923 1044 1923 1044 1924 764 1924 627 1924 1044 1925 627 1925 1046 1925 1046 1926 627 1926 629 1926 1046 1927 629 1927 1048 1927 1048 1928 629 1928 631 1928 1048 1929 631 1929 1050 1929 1050 1929 631 1929 633 1929 1050 1930 633 1930 1052 1930 1052 1931 633 1931 635 1931 1052 1932 635 1932 780 1932 780 1933 635 1933 637 1933 780 1934 637 1934 484 1934 484 1935 637 1935 639 1935 484 1936 639 1936 782 1936 782 1937 639 1937 789 1937 782 1938 789 1938 783 1938 621 1939 1071 1939 620 1939 620 1940 1071 1940 1070 1940 799 1941 794 1941 1153 1941 810 1942 1147 1942 1148 1942 810 1943 1148 1943 86 1943 1783 1944 1784 1944 794 1944 1784 1945 1151 1945 1152 1945 794 1946 1152 1946 1153 1946 86 1947 1148 1947 1781 1947 1148 1948 1782 1948 1781 1948 1149 1949 1783 1949 1782 1949 1153 1950 1146 1950 799 1950 799 1951 1146 1951 814 1951 799 1952 814 1952 803 1952 803 1953 814 1953 815 1953 813 1954 807 1954 817 1954 817 1955 807 1955 803 1955 817 1956 803 1956 816 1956 816 1957 803 1957 815 1957 586 1958 576 1958 813 1958 813 1959 576 1959 807 1959 995 1960 1154 1960 1155 1960 1154 1961 1156 1961 1157 1961 1156 1962 1158 1962 1159 1962 1156 1963 1159 1963 1157 1963 1157 1964 1159 1964 1160 1964 1157 1965 1160 1965 1161 1965 1161 1966 1160 1966 1162 1966 1161 1967 1162 1967 1163 1967 1163 1968 1162 1968 1164 1968 1163 1969 1164 1969 1165 1969 1165 1970 1164 1970 1166 1970 1165 1971 1166 1971 1167 1971 1167 1972 1166 1972 1168 1972 1167 1973 1168 1973 1169 1973 1169 1974 1168 1974 1170 1974 1169 1975 1170 1975 1171 1975 1171 1976 1170 1976 1172 1976 1171 1977 1172 1977 1173 1977 1173 1978 1172 1978 1174 1978 1173 1979 1174 1979 1175 1979 1175 1980 1174 1980 1176 1980 1175 1981 1176 1981 1177 1981 1177 1982 1176 1982 1178 1982 1177 1983 1178 1983 1179 1983 1179 1984 1178 1984 1180 1984 1179 1985 1180 1985 1181 1985 1181 1986 1180 1986 1182 1986 1181 1987 1182 1987 1183 1987 1183 1988 1182 1988 1184 1988 1183 1989 1184 1989 1185 1989 1185 1990 1184 1990 1186 1990 1185 1991 1186 1991 1187 1991 1187 1992 1186 1992 1188 1992 1187 1993 1188 1993 1189 1993 1189 1994 1188 1994 1190 1994 1189 1995 1190 1995 1191 1995 1191 1996 1190 1996 1192 1996 1191 1997 1192 1997 1193 1997 1193 1998 1192 1998 1194 1998 1193 1999 1194 1999 1195 1999 1195 2000 1194 2000 1196 2000 1195 2001 1196 2001 1197 2001 1197 2002 1196 2002 1198 2002 1197 2003 1198 2003 1199 2003 1199 2004 1198 2004 1200 2004 1199 2005 1200 2005 1201 2005 1201 2006 1200 2006 1202 2006 1201 2007 1202 2007 1203 2007 1203 2008 1202 2008 1204 2008 1203 2009 1204 2009 1205 2009 1205 2010 1204 2010 1206 2010 1205 2011 1206 2011 1207 2011 1207 2012 1206 2012 1208 2012 1207 2013 1208 2013 1209 2013 1209 2014 1208 2014 1210 2014 1209 2015 1210 2015 1211 2015 1211 2016 1210 2016 1212 2016 1211 2017 1212 2017 1213 2017 1213 2018 1212 2018 1214 2018 1213 2019 1214 2019 1215 2019 1215 2020 1214 2020 1216 2020 1215 2021 1216 2021 1217 2021 1217 2022 1216 2022 1218 2022 1217 2023 1218 2023 1219 2023 1219 2024 1218 2024 1220 2024 1219 2025 1220 2025 1221 2025 1221 2026 1220 2026 1222 2026 1221 2027 1222 2027 1223 2027 1154 2028 1157 2028 1155 2028 1155 2029 1157 2029 1161 2029 1155 2030 1161 2030 1224 2030 1224 2031 1161 2031 1163 2031 1224 2032 1163 2032 1225 2032 1225 2033 1163 2033 1165 2033 1225 2034 1165 2034 1226 2034 1226 2035 1165 2035 1167 2035 1226 2036 1167 2036 1227 2036 1227 2037 1167 2037 1169 2037 1227 2038 1169 2038 1228 2038 1228 2039 1169 2039 1171 2039 1228 2040 1171 2040 1229 2040 1229 2041 1171 2041 1173 2041 1229 2042 1173 2042 1230 2042 1230 2043 1173 2043 1175 2043 1230 2044 1175 2044 1231 2044 1231 2045 1175 2045 1177 2045 1231 2046 1177 2046 1232 2046 1232 2047 1177 2047 1179 2047 1232 2048 1179 2048 1233 2048 1233 2049 1179 2049 1181 2049 1233 2050 1181 2050 1234 2050 1234 2051 1181 2051 1183 2051 1234 2052 1183 2052 1235 2052 1235 2053 1183 2053 1185 2053 1235 2054 1185 2054 1236 2054 1236 2055 1185 2055 1187 2055 1236 2056 1187 2056 1237 2056 1237 2057 1187 2057 1189 2057 1237 2058 1189 2058 1238 2058 1238 2059 1189 2059 1191 2059 1238 2060 1191 2060 1239 2060 1239 2061 1191 2061 1193 2061 1239 2062 1193 2062 1240 2062 1240 2063 1193 2063 1195 2063 1240 2064 1195 2064 1241 2064 1241 2065 1195 2065 1197 2065 1241 2066 1197 2066 1242 2066 1242 2067 1197 2067 1199 2067 1242 2068 1199 2068 1243 2068 1243 2069 1199 2069 1201 2069 1243 2070 1201 2070 1244 2070 1244 2071 1201 2071 1203 2071 1244 2072 1203 2072 1245 2072 1245 2073 1203 2073 1205 2073 1245 2074 1205 2074 1246 2074 1246 2075 1205 2075 1207 2075 1246 2076 1207 2076 1247 2076 1247 2077 1207 2077 1209 2077 1247 2078 1209 2078 1248 2078 1248 2079 1209 2079 1211 2079 1248 2080 1211 2080 1249 2080 1249 2081 1211 2081 1213 2081 1249 2082 1213 2082 1250 2082 1250 2083 1213 2083 1215 2083 1250 2084 1215 2084 1251 2084 1251 2085 1215 2085 1217 2085 1251 2086 1217 2086 1252 2086 1252 2087 1217 2087 1219 2087 1252 2088 1219 2088 1253 2088 1253 2089 1219 2089 1221 2089 1253 2090 1221 2090 1254 2090 1254 2091 1221 2091 1223 2091 1254 2092 1223 2092 1255 2092 995 2093 1155 2093 996 2093 996 2094 1155 2094 1224 2094 996 2095 1224 2095 997 2095 997 2096 1224 2096 1225 2096 997 2097 1225 2097 998 2097 998 2098 1225 2098 1226 2098 998 2099 1226 2099 999 2099 999 2100 1226 2100 1227 2100 999 2101 1227 2101 1000 2101 1000 2102 1227 2102 1228 2102 1000 2103 1228 2103 1001 2103 1001 2104 1228 2104 1229 2104 1001 2105 1229 2105 1002 2105 1002 2106 1229 2106 1230 2106 1002 2107 1230 2107 1003 2107 1003 2108 1230 2108 1231 2108 1003 2109 1231 2109 1004 2109 1004 2110 1231 2110 1232 2110 1004 2111 1232 2111 1005 2111 1005 2112 1232 2112 1233 2112 1005 2113 1233 2113 1006 2113 1006 2114 1233 2114 1234 2114 1006 2115 1234 2115 1007 2115 1007 2116 1234 2116 1235 2116 1007 2117 1235 2117 1008 2117 1008 2118 1235 2118 1236 2118 1008 2119 1236 2119 1009 2119 1009 2120 1236 2120 1237 2120 1009 2121 1237 2121 1010 2121 1010 2122 1237 2122 1238 2122 1010 2123 1238 2123 1011 2123 1011 2124 1238 2124 1239 2124 1011 2125 1239 2125 1012 2125 1012 2126 1239 2126 1240 2126 1012 2127 1240 2127 1013 2127 1013 2128 1240 2128 1241 2128 1013 2129 1241 2129 1014 2129 1014 2130 1241 2130 1242 2130 1014 2131 1242 2131 1015 2131 1015 2132 1242 2132 1243 2132 1015 2133 1243 2133 983 2133 983 2134 1243 2134 1244 2134 983 2135 1244 2135 984 2135 984 2136 1244 2136 1245 2136 984 2137 1245 2137 985 2137 985 2138 1245 2138 1246 2138 985 2139 1246 2139 986 2139 986 2140 1246 2140 1247 2140 986 2141 1247 2141 987 2141 987 2142 1247 2142 1248 2142 987 2143 1248 2143 988 2143 988 2144 1248 2144 1249 2144 988 2145 1249 2145 989 2145 989 2146 1249 2146 1250 2146 989 2147 1250 2147 990 2147 990 2148 1250 2148 1251 2148 990 2149 1251 2149 991 2149 991 2150 1251 2150 1252 2150 991 2151 1252 2151 992 2151 992 2152 1252 2152 1253 2152 992 2153 1253 2153 982 2153 982 2154 1253 2154 1254 2154 982 2155 1254 2155 981 2155 981 2156 1254 2156 1255 2156 981 2157 1255 2157 820 2157 1256 2158 1257 2158 1258 2158 1257 2159 1259 2159 1258 2159 1258 2160 1259 2160 1260 2160 1258 2161 1260 2161 1261 2161 1261 2162 1260 2162 1262 2162 1261 2163 1262 2163 819 2163 819 2164 1262 2164 818 2164 1263 2165 1256 2165 1264 2165 1264 2166 1256 2166 1258 2166 1264 2167 1258 2167 1265 2167 1265 2168 1258 2168 1261 2168 1265 2169 1261 2169 821 2169 821 2170 1261 2170 819 2170 1222 2171 1263 2171 1223 2171 1223 2172 1263 2172 1264 2172 1223 2173 1264 2173 1255 2173 1255 2174 1264 2174 1265 2174 1255 2175 1265 2175 820 2175 820 2176 1265 2176 821 2176 1266 2177 1267 2177 1268 2177 822 2178 818 2178 1269 2178 1269 2179 818 2179 1262 2179 1269 2180 1262 2180 1270 2180 1270 2181 1262 2181 1260 2181 1270 2182 1260 2182 1271 2182 1271 2183 1260 2183 1259 2183 823 2184 822 2184 1272 2184 1272 2185 822 2185 1269 2185 1272 2186 1269 2186 1268 2186 1268 2187 1269 2187 1270 2187 1268 2188 1270 2188 1266 2188 1266 2189 1270 2189 1271 2189 1273 2190 824 2190 825 2190 1274 2191 1273 2191 1275 2191 1276 2192 1274 2192 1277 2192 1273 2193 825 2193 1275 2193 1275 2194 825 2194 826 2194 1275 2195 826 2195 1278 2195 1278 2196 826 2196 828 2196 1278 2197 828 2197 1279 2197 1279 2198 828 2198 827 2198 1279 2199 827 2199 1280 2199 1280 2200 827 2200 831 2200 1280 2201 831 2201 1281 2201 1281 2202 831 2202 830 2202 1281 2203 830 2203 1282 2203 1282 2204 830 2204 829 2204 1282 2205 829 2205 1283 2205 1283 2206 829 2206 834 2206 1283 2207 834 2207 1284 2207 1284 2208 834 2208 833 2208 1284 2209 833 2209 1285 2209 1285 2210 833 2210 832 2210 1285 2211 832 2211 1286 2211 1286 2212 832 2212 823 2212 1286 2213 823 2213 1272 2213 1274 2214 1275 2214 1277 2214 1277 2215 1275 2215 1278 2215 1277 2216 1278 2216 1287 2216 1287 2217 1278 2217 1279 2217 1287 2218 1279 2218 1288 2218 1288 2219 1279 2219 1280 2219 1288 2220 1280 2220 1289 2220 1289 2221 1280 2221 1281 2221 1289 2222 1281 2222 1290 2222 1290 2223 1281 2223 1282 2223 1290 2224 1282 2224 1291 2224 1291 2225 1282 2225 1283 2225 1291 2226 1283 2226 1292 2226 1292 2227 1283 2227 1284 2227 1292 2228 1284 2228 1293 2228 1293 2229 1284 2229 1285 2229 1293 2230 1285 2230 1294 2230 1294 2231 1285 2231 1286 2231 1294 2232 1286 2232 1295 2232 1295 2233 1286 2233 1272 2233 1295 2234 1272 2234 1268 2234 1276 2235 1277 2235 1296 2235 1296 2236 1277 2236 1287 2236 1296 2237 1287 2237 1297 2237 1297 2238 1287 2238 1288 2238 1297 2239 1288 2239 1298 2239 1298 2240 1288 2240 1289 2240 1298 2241 1289 2241 1299 2241 1299 2242 1289 2242 1290 2242 1299 2243 1290 2243 1300 2243 1300 2244 1290 2244 1291 2244 1300 2245 1291 2245 1301 2245 1301 2246 1291 2246 1292 2246 1301 2247 1292 2247 1302 2247 1302 2248 1292 2248 1293 2248 1302 2249 1293 2249 1303 2249 1303 2250 1293 2250 1294 2250 1303 2251 1294 2251 1304 2251 1304 2252 1294 2252 1295 2252 1304 2253 1295 2253 1305 2253 1305 2254 1295 2254 1268 2254 1305 2255 1268 2255 1267 2255 1306 2256 1307 2256 1308 2256 1309 2257 836 2257 824 2257 1274 2258 1276 2258 1310 2258 1273 2259 1274 2259 1308 2259 1274 2260 1310 2260 1308 2260 1308 2261 1310 2261 1311 2261 1308 2262 1311 2262 1306 2262 1307 2263 1312 2263 1308 2263 1308 2264 1312 2264 1309 2264 1308 2265 1309 2265 1273 2265 1273 2266 1309 2266 824 2266 835 2267 836 2267 1313 2267 1313 2268 836 2268 1309 2268 1313 2269 1309 2269 1314 2269 1314 2270 1309 2270 1312 2270 1315 2271 1316 2271 1317 2271 1318 2272 1319 2272 1320 2272 1321 2273 1316 2273 1322 2273 1322 2274 1316 2274 1315 2274 1322 2275 1315 2275 1323 2275 1324 2276 1325 2276 1318 2276 1319 2277 1318 2277 1326 2277 1326 2278 1318 2278 1325 2278 1326 2279 1325 2279 1327 2279 835 2280 1317 2280 839 2280 839 2281 1317 2281 1316 2281 839 2282 1316 2282 838 2282 838 2283 1316 2283 1321 2283 838 2284 1321 2284 837 2284 835 2285 1313 2285 1317 2285 1317 2286 1313 2286 1324 2286 1317 2287 1324 2287 1315 2287 1315 2288 1324 2288 1318 2288 1315 2289 1318 2289 1323 2289 1323 2290 1318 2290 1320 2290 1306 2291 1327 2291 1307 2291 1307 2292 1327 2292 1325 2292 1307 2293 1325 2293 1312 2293 1312 2294 1325 2294 1324 2294 1312 2295 1324 2295 1314 2295 1314 2296 1324 2296 1313 2296 1321 2297 1322 2297 1328 2297 1329 2298 876 2298 873 2298 1320 2299 1330 2299 1323 2299 1323 2300 1330 2300 1331 2300 1323 2301 1331 2301 1322 2301 1330 2302 1332 2302 1331 2302 1331 2303 1332 2303 1333 2303 1331 2304 1333 2304 1334 2304 1334 2305 1333 2305 1335 2305 1334 2306 1335 2306 1336 2306 1336 2307 1335 2307 1337 2307 1336 2308 1337 2308 1338 2308 1338 2309 1337 2309 1339 2309 1340 2310 1341 2310 1342 2310 1339 2311 1343 2311 1338 2311 1338 2312 1343 2312 1344 2312 1338 2313 1344 2313 1345 2313 1345 2314 1344 2314 1346 2314 1345 2315 1346 2315 1342 2315 1342 2316 1346 2316 1347 2316 1342 2317 1347 2317 1340 2317 1348 2318 1349 2318 1350 2318 1340 2319 1351 2319 1341 2319 1341 2320 1351 2320 1352 2320 1341 2321 1352 2321 1353 2321 1353 2322 1352 2322 1354 2322 1353 2323 1354 2323 1350 2323 1350 2324 1354 2324 1355 2324 1350 2325 1355 2325 1348 2325 1348 2326 1356 2326 1349 2326 1349 2327 1356 2327 1357 2327 1349 2328 1357 2328 1358 2328 1358 2329 1357 2329 1359 2329 1358 2330 1359 2330 1360 2330 1359 2331 1361 2331 1360 2331 1360 2332 1361 2332 1362 2332 1360 2333 1362 2333 1363 2333 1363 2334 1362 2334 1364 2334 1363 2335 1364 2335 1365 2335 1365 2336 1364 2336 1366 2336 1367 2337 1368 2337 1369 2337 1366 2338 1370 2338 1365 2338 1365 2339 1370 2339 1371 2339 1365 2340 1371 2340 1372 2340 1372 2341 1371 2341 1373 2341 1372 2342 1373 2342 1369 2342 1369 2343 1373 2343 1374 2343 1369 2344 1374 2344 1367 2344 1375 2345 1376 2345 1377 2345 1367 2346 1378 2346 1368 2346 1368 2347 1378 2347 1379 2347 1368 2348 1379 2348 1380 2348 1380 2349 1379 2349 1381 2349 1380 2350 1381 2350 1377 2350 1377 2351 1381 2351 1382 2351 1377 2352 1382 2352 1375 2352 1375 2353 1383 2353 1376 2353 1376 2354 1383 2354 1384 2354 1376 2355 1384 2355 1385 2355 1385 2356 1384 2356 1386 2356 1385 2357 1386 2357 1387 2357 879 2358 876 2358 1388 2358 1388 2359 876 2359 1329 2359 1388 2360 1329 2360 1389 2360 1389 2361 1329 2361 1387 2361 1389 2362 1387 2362 1390 2362 1390 2363 1387 2363 1386 2363 1322 2364 1331 2364 1328 2364 1328 2365 1331 2365 1334 2365 1328 2366 1334 2366 1391 2366 1391 2367 1334 2367 1336 2367 1391 2368 1336 2368 1392 2368 1392 2369 1336 2369 1338 2369 1392 2370 1338 2370 1393 2370 1393 2371 1338 2371 1345 2371 1393 2372 1345 2372 1394 2372 1394 2373 1345 2373 1342 2373 1394 2374 1342 2374 1395 2374 1395 2375 1342 2375 1341 2375 1395 2376 1341 2376 1396 2376 1396 2377 1341 2377 1353 2377 1396 2378 1353 2378 1397 2378 1397 2379 1353 2379 1350 2379 1397 2380 1350 2380 1398 2380 1398 2381 1350 2381 1349 2381 1398 2382 1349 2382 1399 2382 1399 2383 1349 2383 1358 2383 1399 2384 1358 2384 1400 2384 1400 2385 1358 2385 1360 2385 1400 2386 1360 2386 1401 2386 1401 2387 1360 2387 1363 2387 1401 2388 1363 2388 1402 2388 1402 2389 1363 2389 1365 2389 1402 2390 1365 2390 1403 2390 1403 2391 1365 2391 1372 2391 1403 2392 1372 2392 1404 2392 1404 2393 1372 2393 1369 2393 1404 2394 1369 2394 1405 2394 1405 2395 1369 2395 1368 2395 1405 2396 1368 2396 1406 2396 1406 2397 1368 2397 1380 2397 1406 2398 1380 2398 1407 2398 1407 2399 1380 2399 1377 2399 1407 2400 1377 2400 1408 2400 1408 2401 1377 2401 1376 2401 1408 2402 1376 2402 1409 2402 1409 2403 1376 2403 1385 2403 1409 2404 1385 2404 1410 2404 1410 2405 1385 2405 1387 2405 1410 2406 1387 2406 1411 2406 1411 2407 1387 2407 1329 2407 1411 2408 1329 2408 1412 2408 1412 2409 1329 2409 873 2409 1412 2410 873 2410 872 2410 1321 2411 1328 2411 1413 2411 1413 2412 1328 2412 1391 2412 1413 2413 1391 2413 1414 2413 1414 2414 1391 2414 1392 2414 1414 2415 1392 2415 1415 2415 1415 2416 1392 2416 1393 2416 1415 2417 1393 2417 1416 2417 1416 2418 1393 2418 1394 2418 1416 2419 1394 2419 1417 2419 1417 2420 1394 2420 1395 2420 1417 2421 1395 2421 1418 2421 1418 2422 1395 2422 1396 2422 1418 2423 1396 2423 1419 2423 1419 2424 1396 2424 1397 2424 1419 2425 1397 2425 1420 2425 1420 2426 1397 2426 1398 2426 1420 2427 1398 2427 1421 2427 1421 2428 1398 2428 1399 2428 1421 2429 1399 2429 1422 2429 1422 2430 1399 2430 1400 2430 1422 2431 1400 2431 1423 2431 1423 2432 1400 2432 1401 2432 1423 2433 1401 2433 1424 2433 1424 2434 1401 2434 1402 2434 1424 2435 1402 2435 1425 2435 1425 2436 1402 2436 1403 2436 1425 2437 1403 2437 1426 2437 1426 2438 1403 2438 1404 2438 1426 2439 1404 2439 1427 2439 1427 2440 1404 2440 1405 2440 1427 2441 1405 2441 1428 2441 1428 2442 1405 2442 1406 2442 1428 2443 1406 2443 1429 2443 1429 2444 1406 2444 1407 2444 1429 2445 1407 2445 1430 2445 1430 2446 1407 2446 1408 2446 1430 2447 1408 2447 1431 2447 1431 2448 1408 2448 1409 2448 1431 2449 1409 2449 1432 2449 1432 2450 1409 2450 1410 2450 1432 2451 1410 2451 1433 2451 1433 2452 1410 2452 1411 2452 1433 2453 1411 2453 1434 2453 1434 2454 1411 2454 1412 2454 1434 2455 1412 2455 1435 2455 1435 2456 1412 2456 872 2456 1435 2457 872 2457 843 2457 843 2458 849 2458 1435 2458 1435 2459 849 2459 850 2459 1435 2460 850 2460 1434 2460 1434 2461 850 2461 851 2461 1434 2462 851 2462 1433 2462 1433 2463 851 2463 852 2463 1433 2464 852 2464 1432 2464 1432 2465 852 2465 853 2465 1432 2466 853 2466 1431 2466 1431 2467 853 2467 854 2467 1431 2468 854 2468 1430 2468 1430 2469 854 2469 860 2469 1430 2470 860 2470 1429 2470 1429 2471 860 2471 861 2471 1429 2472 861 2472 1428 2472 1428 2473 861 2473 862 2473 1428 2474 862 2474 1427 2474 1427 2475 862 2475 863 2475 1427 2476 863 2476 1426 2476 1426 2477 863 2477 864 2477 1426 2478 864 2478 1425 2478 1425 2479 864 2479 855 2479 1425 2480 855 2480 1424 2480 1424 2481 855 2481 856 2481 1424 2482 856 2482 1423 2482 1423 2483 856 2483 857 2483 1423 2484 857 2484 1422 2484 1422 2485 857 2485 858 2485 1422 2486 858 2486 1421 2486 1421 2487 858 2487 859 2487 1421 2488 859 2488 1420 2488 1420 2489 859 2489 865 2489 1420 2490 865 2490 1419 2490 1419 2491 865 2491 866 2491 1419 2492 866 2492 1418 2492 1418 2493 866 2493 844 2493 1418 2494 844 2494 1417 2494 1417 2495 844 2495 845 2495 1417 2496 845 2496 1416 2496 1416 2497 845 2497 846 2497 1416 2498 846 2498 1415 2498 1415 2499 846 2499 847 2499 1415 2500 847 2500 1414 2500 1414 2501 847 2501 848 2501 1414 2502 848 2502 1413 2502 1413 2503 848 2503 837 2503 1413 2504 837 2504 1321 2504 879 2505 880 2505 878 2505 878 2505 880 2505 893 2505 878 2506 893 2506 877 2506 877 2506 893 2506 894 2506 877 2507 894 2507 869 2507 869 2508 894 2508 895 2508 869 2509 895 2509 367 2509 367 2510 895 2510 392 2510 890 2511 889 2511 1436 2511 889 2512 881 2512 1437 2512 881 2513 880 2513 1438 2513 881 2514 1438 2514 1437 2514 1437 2515 1438 2515 1439 2515 1437 2516 1439 2516 1440 2516 1440 2517 1439 2517 1441 2517 1440 2518 1441 2518 1442 2518 1442 2519 1441 2519 1443 2519 1442 2520 1443 2520 1444 2520 1444 2521 1443 2521 1445 2521 1444 2522 1445 2522 1446 2522 1446 2523 1445 2523 1447 2523 1446 2524 1447 2524 1448 2524 1448 2525 1447 2525 1449 2525 1448 2526 1449 2526 1450 2526 1450 2527 1449 2527 1451 2527 1450 2528 1451 2528 1452 2528 1452 2529 1451 2529 1453 2529 1452 2530 1453 2530 1454 2530 1454 2531 1453 2531 1455 2531 1454 2532 1455 2532 1456 2532 1456 2533 1455 2533 1457 2533 1456 2534 1457 2534 1458 2534 1458 2535 1457 2535 1459 2535 1458 2536 1459 2536 1460 2536 1460 2537 1459 2537 1461 2537 1460 2538 1461 2538 1462 2538 1462 2539 1461 2539 1463 2539 1462 2540 1463 2540 1464 2540 1464 2541 1463 2541 1465 2541 1464 2542 1465 2542 1466 2542 1466 2543 1465 2543 1467 2543 1466 2544 1467 2544 1468 2544 1468 2545 1467 2545 1469 2545 1468 2546 1469 2546 1470 2546 1470 2547 1469 2547 1471 2547 1470 2548 1471 2548 1472 2548 1472 2549 1471 2549 1473 2549 1472 2550 1473 2550 1474 2550 1474 2551 1473 2551 1475 2551 1474 2552 1475 2552 1476 2552 1476 2553 1475 2553 1477 2553 1476 2554 1477 2554 1478 2554 1478 2555 1477 2555 1479 2555 1478 2556 1479 2556 1480 2556 1480 2557 1479 2557 1481 2557 1480 2558 1481 2558 1482 2558 1482 2559 1481 2559 1483 2559 1482 2560 1483 2560 1484 2560 1484 2561 1483 2561 1485 2561 1484 2562 1485 2562 1486 2562 1486 2563 1485 2563 1487 2563 1486 2564 1487 2564 1488 2564 1488 2565 1487 2565 1489 2565 1488 2566 1489 2566 1490 2566 1490 2567 1489 2567 1491 2567 1490 2568 1491 2568 1492 2568 1492 2569 1491 2569 1493 2569 1492 2570 1493 2570 1494 2570 1494 2571 1493 2571 1495 2571 1494 2572 1495 2572 1496 2572 1496 2573 1495 2573 1497 2573 1496 2574 1497 2574 1498 2574 1498 2575 1497 2575 1499 2575 1498 2576 1499 2576 1500 2576 1500 2577 1499 2577 1501 2577 1500 2578 1501 2578 1502 2578 1502 2579 1501 2579 1503 2579 1502 2580 1503 2580 1504 2580 1504 2581 1503 2581 1505 2581 1504 2582 1505 2582 1506 2582 1506 2583 1505 2583 1507 2583 1506 2584 1507 2584 1508 2584 1508 2585 1507 2585 1509 2585 1508 2586 1509 2586 1510 2586 1510 2587 1509 2587 1511 2587 1510 2588 1511 2588 1512 2588 1512 2589 1511 2589 1513 2589 1512 2590 1513 2590 1514 2590 1514 2591 1513 2591 1515 2591 1514 2592 1515 2592 1516 2592 889 2593 1437 2593 1436 2593 1436 2594 1437 2594 1440 2594 1436 2595 1440 2595 1517 2595 1517 2596 1440 2596 1442 2596 1517 2597 1442 2597 1518 2597 1518 2598 1442 2598 1444 2598 1518 2599 1444 2599 1519 2599 1519 2600 1444 2600 1446 2600 1519 2601 1446 2601 1520 2601 1520 2602 1446 2602 1448 2602 1520 2603 1448 2603 1521 2603 1521 2604 1448 2604 1450 2604 1521 2605 1450 2605 1522 2605 1522 2606 1450 2606 1452 2606 1522 2607 1452 2607 1523 2607 1523 2608 1452 2608 1454 2608 1523 2609 1454 2609 1524 2609 1524 2610 1454 2610 1456 2610 1524 2611 1456 2611 1525 2611 1525 2612 1456 2612 1458 2612 1525 2613 1458 2613 1526 2613 1526 2614 1458 2614 1460 2614 1526 2615 1460 2615 1527 2615 1527 2616 1460 2616 1462 2616 1527 2617 1462 2617 1528 2617 1528 2618 1462 2618 1464 2618 1528 2619 1464 2619 1529 2619 1529 2620 1464 2620 1466 2620 1529 2621 1466 2621 1530 2621 1530 2622 1466 2622 1468 2622 1530 2623 1468 2623 1531 2623 1531 2624 1468 2624 1470 2624 1531 2625 1470 2625 1532 2625 1532 2626 1470 2626 1472 2626 1532 2627 1472 2627 1533 2627 1533 2628 1472 2628 1474 2628 1533 2629 1474 2629 1534 2629 1534 2630 1474 2630 1476 2630 1534 2631 1476 2631 1535 2631 1535 2632 1476 2632 1478 2632 1535 2633 1478 2633 1536 2633 1536 2634 1478 2634 1480 2634 1536 2635 1480 2635 1537 2635 1537 2636 1480 2636 1482 2636 1537 2637 1482 2637 1538 2637 1538 2638 1482 2638 1484 2638 1538 2639 1484 2639 1539 2639 1539 2640 1484 2640 1486 2640 1539 2641 1486 2641 1540 2641 1540 2642 1486 2642 1488 2642 1540 2643 1488 2643 1541 2643 1541 2644 1488 2644 1490 2644 1541 2645 1490 2645 1542 2645 1542 2646 1490 2646 1492 2646 1542 2647 1492 2647 1543 2647 1543 2648 1492 2648 1494 2648 1543 2649 1494 2649 1544 2649 1544 2650 1494 2650 1496 2650 1544 2651 1496 2651 1545 2651 1545 2652 1496 2652 1498 2652 1545 2653 1498 2653 1546 2653 1546 2654 1498 2654 1500 2654 1546 2655 1500 2655 1547 2655 1547 2656 1500 2656 1502 2656 1547 2657 1502 2657 1548 2657 1548 2658 1502 2658 1504 2658 1548 2659 1504 2659 1549 2659 1549 2660 1504 2660 1506 2660 1549 2661 1506 2661 1550 2661 1550 2662 1506 2662 1508 2662 1550 2663 1508 2663 1551 2663 1551 2664 1508 2664 1510 2664 1551 2665 1510 2665 1552 2665 1552 2666 1510 2666 1512 2666 1552 2667 1512 2667 1553 2667 1553 2668 1512 2668 1514 2668 1553 2669 1514 2669 1554 2669 1554 2670 1514 2670 1516 2670 1554 2671 1516 2671 1555 2671 890 2672 1436 2672 900 2672 900 2673 1436 2673 1517 2673 900 2674 1517 2674 906 2674 906 2675 1517 2675 1518 2675 906 2676 1518 2676 907 2676 907 2677 1518 2677 1519 2677 907 2678 1519 2678 908 2678 908 2679 1519 2679 1520 2679 908 2680 1520 2680 909 2680 909 2681 1520 2681 1521 2681 909 2682 1521 2682 910 2682 910 2104 1521 2104 1522 2104 910 2683 1522 2683 911 2683 911 2684 1522 2684 1523 2684 911 2685 1523 2685 912 2685 912 2108 1523 2108 1524 2108 912 2686 1524 2686 913 2686 913 2687 1524 2687 1525 2687 913 2688 1525 2688 914 2688 914 2689 1525 2689 1526 2689 914 2690 1526 2690 915 2690 915 2691 1526 2691 1527 2691 915 2692 1527 2692 916 2692 916 2693 1527 2693 1528 2693 916 2694 1528 2694 917 2694 917 2695 1528 2695 1529 2695 917 2696 1529 2696 921 2696 921 2697 1529 2697 1530 2697 921 2698 1530 2698 922 2698 922 2699 1530 2699 1531 2699 922 2700 1531 2700 901 2700 901 2701 1531 2701 1532 2701 901 2702 1532 2702 902 2702 902 2703 1532 2703 1533 2703 902 2704 1533 2704 903 2704 903 2705 1533 2705 1534 2705 903 2706 1534 2706 904 2706 904 2707 1534 2707 1535 2707 904 2708 1535 2708 905 2708 905 2709 1535 2709 1536 2709 905 2710 1536 2710 918 2710 918 2711 1536 2711 1537 2711 918 2712 1537 2712 919 2712 919 2713 1537 2713 1538 2713 919 2714 1538 2714 920 2714 920 2715 1538 2715 1539 2715 920 2716 1539 2716 923 2716 923 2717 1539 2717 1540 2717 923 2718 1540 2718 924 2718 924 2719 1540 2719 1541 2719 924 2720 1541 2720 925 2720 925 2721 1541 2721 1542 2721 925 2722 1542 2722 929 2722 929 2723 1542 2723 1543 2723 929 2724 1543 2724 930 2724 930 2725 1543 2725 1544 2725 930 2726 1544 2726 931 2726 931 2727 1544 2727 1545 2727 931 2728 1545 2728 932 2728 932 2729 1545 2729 1546 2729 932 2730 1546 2730 933 2730 933 2731 1546 2731 1547 2731 933 2732 1547 2732 926 2732 926 2733 1547 2733 1548 2733 926 2734 1548 2734 935 2734 935 2735 1548 2735 1549 2735 935 2736 1549 2736 936 2736 936 2737 1549 2737 1550 2737 936 2738 1550 2738 934 2738 934 2739 1550 2739 1551 2739 934 2740 1551 2740 928 2740 928 2741 1551 2741 1552 2741 928 2742 1552 2742 927 2742 927 2743 1552 2743 1553 2743 927 2744 1553 2744 899 2744 899 2745 1553 2745 1554 2745 899 2746 1554 2746 898 2746 898 2747 1554 2747 1555 2747 898 2748 1555 2748 896 2748 1556 2749 1557 2749 1558 2749 1558 2750 1557 2750 945 2750 939 2751 938 2751 944 2751 944 2752 938 2752 1559 2752 944 2753 1559 2753 947 2753 947 2754 1559 2754 1558 2754 947 2755 1558 2755 946 2755 946 2756 1558 2756 945 2756 1515 2757 1556 2757 1516 2757 1516 2758 1556 2758 1558 2758 1516 2759 1558 2759 1555 2759 1555 2760 1558 2760 1559 2760 1555 2761 1559 2761 896 2761 896 2762 1559 2762 938 2762 945 2763 1560 2763 943 2763 943 2764 1560 2764 1561 2764 943 2765 1561 2765 479 2765 479 2766 1561 2766 1562 2766 479 2767 1562 2767 1020 2767 1562 2768 1563 2768 1020 2768 1020 2769 1563 2769 1564 2769 1020 2770 1564 2770 1021 2770 1021 2771 1564 2771 1565 2771 1021 2772 1565 2772 1022 2772 1022 2773 1565 2773 1566 2773 1022 2774 1566 2774 1019 2774 1019 2775 1566 2775 1567 2775 1019 2776 1567 2776 1018 2776 1018 2777 1567 2777 1568 2777 1018 2778 1568 2778 1016 2778 1569 2779 1570 2779 1571 2779 1572 2780 1573 2780 1574 2780 1572 2781 1575 2781 1576 2781 1576 2782 1575 2782 1577 2782 1576 2783 1577 2783 1578 2783 1578 2784 1577 2784 1579 2784 1578 2785 1579 2785 1580 2785 1574 2786 1573 2786 1581 2786 1581 2787 1573 2787 1582 2787 1581 2788 1582 2788 1583 2788 1583 2789 1582 2789 1584 2789 1583 2790 1584 2790 1585 2790 1585 2791 1584 2791 1586 2791 1585 2792 1586 2792 1587 2792 1572 2793 1576 2793 1573 2793 1573 2794 1576 2794 1578 2794 1573 2795 1578 2795 1582 2795 1582 2796 1578 2796 1580 2796 1582 2797 1580 2797 1584 2797 1584 2798 1580 2798 1588 2798 1584 2799 1588 2799 1586 2799 1586 2800 1588 2800 1589 2800 1586 2801 1589 2801 1590 2801 1590 2802 1591 2802 1586 2802 1586 2803 1591 2803 1592 2803 1586 2804 1592 2804 1587 2804 1569 2805 1571 2805 1593 2805 1594 2806 1591 2806 1595 2806 1595 2807 1591 2807 1590 2807 1595 2808 1590 2808 1571 2808 1571 2809 1590 2809 1589 2809 1571 2810 1589 2810 1593 2810 1593 2811 1589 2811 1588 2811 1593 2812 1588 2812 1596 2812 1596 2813 1588 2813 1580 2813 1596 2814 1580 2814 1597 2814 1597 2815 1580 2815 1579 2815 1594 2816 1595 2816 1598 2816 1595 2817 1571 2817 1599 2817 1571 2818 1570 2818 1600 2818 1571 2819 1600 2819 1599 2819 1599 2820 1600 2820 1601 2820 1599 2821 1601 2821 1602 2821 1602 2822 1601 2822 1603 2822 1602 2823 1603 2823 1604 2823 1604 2824 1603 2824 1605 2824 1604 2825 1605 2825 1606 2825 1606 2826 1605 2826 1607 2826 1606 2827 1607 2827 1608 2827 1608 2828 1607 2828 1609 2828 1608 2829 1609 2829 1610 2829 1610 2830 1609 2830 1611 2830 1610 2831 1611 2831 1612 2831 1612 2832 1611 2832 1613 2832 1612 2833 1613 2833 1614 2833 1614 2834 1613 2834 1615 2834 1614 2835 1615 2835 1616 2835 1616 2836 1615 2836 1617 2836 1616 2837 1617 2837 1618 2837 1618 2838 1617 2838 1619 2838 1618 2839 1619 2839 1620 2839 1620 2840 1619 2840 1621 2840 1620 2841 1621 2841 1622 2841 1622 2842 1621 2842 1623 2842 1622 2843 1623 2843 1624 2843 1624 2844 1623 2844 1625 2844 1624 2845 1625 2845 1626 2845 1626 2846 1625 2846 1627 2846 1626 2847 1627 2847 1628 2847 1628 2848 1627 2848 1629 2848 1628 2849 1629 2849 1630 2849 1630 2850 1629 2850 1631 2850 1630 2851 1631 2851 1632 2851 1632 2852 1631 2852 1633 2852 1632 2853 1633 2853 1634 2853 1634 2854 1633 2854 1635 2854 1634 2855 1635 2855 1636 2855 1636 2856 1635 2856 1637 2856 1636 2857 1637 2857 1638 2857 1638 2858 1637 2858 1639 2858 1638 2859 1639 2859 1640 2859 1640 2860 1639 2860 1641 2860 1640 2861 1641 2861 1642 2861 1642 2862 1641 2862 1643 2862 1642 2863 1643 2863 1644 2863 1644 2864 1643 2864 1645 2864 1644 2865 1645 2865 1646 2865 1646 2866 1645 2866 1647 2866 1646 2867 1647 2867 1648 2867 1648 2868 1647 2868 1649 2868 1648 2869 1649 2869 1650 2869 1650 2870 1649 2870 1651 2870 1650 2871 1651 2871 1652 2871 1652 2872 1651 2872 1653 2872 1652 2873 1653 2873 1654 2873 1654 2874 1653 2874 1655 2874 1654 2875 1655 2875 1656 2875 1656 2876 1655 2876 1657 2876 1656 2877 1657 2877 1658 2877 1658 2878 1657 2878 1659 2878 1658 2879 1659 2879 1660 2879 1660 2880 1659 2880 1661 2880 1660 2881 1661 2881 1662 2881 1662 2882 1661 2882 1663 2882 1662 2883 1663 2883 1664 2883 1664 2884 1663 2884 1665 2884 1664 2885 1665 2885 1666 2885 1666 2886 1665 2886 1667 2886 1666 2887 1667 2887 1668 2887 1668 2888 1667 2888 1669 2888 1668 2889 1669 2889 1670 2889 1670 2890 1669 2890 1671 2890 1670 2891 1671 2891 1672 2891 1672 2892 1671 2892 1673 2892 1672 2893 1673 2893 1674 2893 1674 2894 1673 2894 1675 2894 1674 2895 1675 2895 1676 2895 1676 2896 1675 2896 1677 2896 1676 2897 1677 2897 1678 2897 1595 2898 1599 2898 1598 2898 1598 2899 1599 2899 1602 2899 1598 2900 1602 2900 1679 2900 1679 2901 1602 2901 1604 2901 1679 2902 1604 2902 1680 2902 1680 2903 1604 2903 1606 2903 1680 2904 1606 2904 1681 2904 1681 2905 1606 2905 1608 2905 1681 2906 1608 2906 1682 2906 1682 2907 1608 2907 1610 2907 1682 2908 1610 2908 1683 2908 1683 2909 1610 2909 1612 2909 1683 2910 1612 2910 1684 2910 1684 2911 1612 2911 1614 2911 1684 2912 1614 2912 1685 2912 1685 2913 1614 2913 1616 2913 1685 2914 1616 2914 1686 2914 1686 2915 1616 2915 1618 2915 1686 2916 1618 2916 1687 2916 1687 2917 1618 2917 1620 2917 1687 2918 1620 2918 1688 2918 1688 2919 1620 2919 1622 2919 1688 2920 1622 2920 1689 2920 1689 2921 1622 2921 1624 2921 1689 2922 1624 2922 1690 2922 1690 2923 1624 2923 1626 2923 1690 2924 1626 2924 1691 2924 1691 2925 1626 2925 1628 2925 1691 2926 1628 2926 1692 2926 1692 2927 1628 2927 1630 2927 1692 2928 1630 2928 1693 2928 1693 2929 1630 2929 1632 2929 1693 2930 1632 2930 1694 2930 1694 2931 1632 2931 1634 2931 1694 2932 1634 2932 1695 2932 1695 2933 1634 2933 1636 2933 1695 2934 1636 2934 1696 2934 1696 2935 1636 2935 1638 2935 1696 2936 1638 2936 1697 2936 1697 2937 1638 2937 1640 2937 1697 2938 1640 2938 1698 2938 1698 2939 1640 2939 1642 2939 1698 2940 1642 2940 1699 2940 1699 2941 1642 2941 1644 2941 1699 2942 1644 2942 1700 2942 1700 2943 1644 2943 1646 2943 1700 2944 1646 2944 1701 2944 1701 2945 1646 2945 1648 2945 1701 2946 1648 2946 1702 2946 1702 2947 1648 2947 1650 2947 1702 2948 1650 2948 1703 2948 1703 2949 1650 2949 1652 2949 1703 2950 1652 2950 1704 2950 1704 2951 1652 2951 1654 2951 1704 2952 1654 2952 1705 2952 1705 2953 1654 2953 1656 2953 1705 2954 1656 2954 1706 2954 1706 2955 1656 2955 1658 2955 1706 2956 1658 2956 1707 2956 1707 2957 1658 2957 1660 2957 1707 2958 1660 2958 1708 2958 1708 2959 1660 2959 1662 2959 1708 2960 1662 2960 1709 2960 1709 2961 1662 2961 1664 2961 1709 2962 1664 2962 1710 2962 1710 2963 1664 2963 1666 2963 1710 2964 1666 2964 1711 2964 1711 2965 1666 2965 1668 2965 1711 2966 1668 2966 1712 2966 1712 2967 1668 2967 1670 2967 1712 2968 1670 2968 1713 2968 1713 2969 1670 2969 1672 2969 1713 2970 1672 2970 1714 2970 1714 2971 1672 2971 1674 2971 1714 2972 1674 2972 1715 2972 1715 2973 1674 2973 1676 2973 1715 2974 1676 2974 1716 2974 1716 2975 1676 2975 1678 2975 1716 2976 1678 2976 1717 2976 1594 2977 1598 2977 1718 2977 1718 2978 1598 2978 1679 2978 1718 2979 1679 2979 1719 2979 1719 2980 1679 2980 1680 2980 1719 2981 1680 2981 1720 2981 1720 2982 1680 2982 1681 2982 1720 2983 1681 2983 1721 2983 1721 2984 1681 2984 1682 2984 1721 2985 1682 2985 1722 2985 1722 2986 1682 2986 1683 2986 1722 2987 1683 2987 1723 2987 1723 2988 1683 2988 1684 2988 1723 2989 1684 2989 1724 2989 1724 2990 1684 2990 1685 2990 1724 2991 1685 2991 1725 2991 1725 2992 1685 2992 1686 2992 1725 2993 1686 2993 1726 2993 1726 2994 1686 2994 1687 2994 1726 2995 1687 2995 1727 2995 1727 2996 1687 2996 1688 2996 1727 2997 1688 2997 1728 2997 1728 2998 1688 2998 1689 2998 1728 2999 1689 2999 1729 2999 1729 3000 1689 3000 1690 3000 1729 3001 1690 3001 1730 3001 1730 3002 1690 3002 1691 3002 1730 3003 1691 3003 1731 3003 1731 3004 1691 3004 1692 3004 1731 3005 1692 3005 1732 3005 1732 3006 1692 3006 1693 3006 1732 3007 1693 3007 1733 3007 1733 3008 1693 3008 1694 3008 1733 3009 1694 3009 1734 3009 1734 3010 1694 3010 1695 3010 1734 3011 1695 3011 1735 3011 1735 3012 1695 3012 1696 3012 1735 3013 1696 3013 1736 3013 1736 3014 1696 3014 1697 3014 1736 3015 1697 3015 1737 3015 1737 3016 1697 3016 1698 3016 1737 3017 1698 3017 1738 3017 1738 3018 1698 3018 1699 3018 1738 3019 1699 3019 1739 3019 1739 3020 1699 3020 1700 3020 1739 3021 1700 3021 1740 3021 1740 3022 1700 3022 1701 3022 1740 3023 1701 3023 1741 3023 1741 3024 1701 3024 1702 3024 1741 3025 1702 3025 1742 3025 1742 3026 1702 3026 1703 3026 1742 3027 1703 3027 1743 3027 1743 3028 1703 3028 1704 3028 1743 3029 1704 3029 1744 3029 1744 3030 1704 3030 1705 3030 1744 3031 1705 3031 1745 3031 1745 3032 1705 3032 1706 3032 1745 3033 1706 3033 1746 3033 1746 3034 1706 3034 1707 3034 1746 3035 1707 3035 1747 3035 1747 3036 1707 3036 1708 3036 1747 3037 1708 3037 1748 3037 1748 3038 1708 3038 1709 3038 1748 3039 1709 3039 1749 3039 1749 3040 1709 3040 1710 3040 1749 3041 1710 3041 1750 3041 1750 3042 1710 3042 1711 3042 1750 3043 1711 3043 1751 3043 1751 3044 1711 3044 1712 3044 1751 3045 1712 3045 1752 3045 1752 3046 1712 3046 1713 3046 1752 3047 1713 3047 1753 3047 1753 3048 1713 3048 1714 3048 1753 3049 1714 3049 1754 3049 1754 3050 1714 3050 1715 3050 1754 3051 1715 3051 1755 3051 1755 3052 1715 3052 1716 3052 1755 3053 1716 3053 1756 3053 1756 3054 1716 3054 1717 3054 1756 3055 1717 3055 1757 3055 957 3056 956 3056 1758 3056 954 3057 959 3057 1759 3057 1759 3058 959 3058 957 3058 948 3059 952 3059 1760 3059 1760 3060 952 3060 955 3060 1760 3061 955 3061 954 3061 1761 3062 949 3062 948 3062 957 3063 1758 3063 1759 3063 1759 3064 1758 3064 1762 3064 1759 3065 1762 3065 1763 3065 1763 3066 1762 3066 1764 3066 1763 3067 1764 3067 1765 3067 1765 3068 1764 3068 1757 3068 1765 3069 1757 3069 1717 3069 954 3070 1759 3070 1760 3070 1760 3071 1759 3071 1763 3071 1760 3072 1763 3072 1766 3072 1766 3073 1763 3073 1765 3073 1766 3074 1765 3074 1767 3074 1767 3075 1765 3075 1717 3075 1767 3076 1717 3076 1678 3076 948 3077 1760 3077 1761 3077 1761 3078 1760 3078 1766 3078 1761 3079 1766 3079 1768 3079 1768 3080 1766 3080 1767 3080 1768 3081 1767 3081 1769 3081 1769 3082 1767 3082 1678 3082 1769 3083 1678 3083 1677 3083 774 3084 962 3084 967 3084 949 3085 972 3085 950 3085 950 3086 972 3086 980 3086 950 3087 980 3087 967 3087 967 3088 980 3088 979 3088 967 3089 979 3089 774 3089 1158 3090 1156 3090 1770 3090 776 3091 1771 3091 993 3091 993 3092 1771 3092 1772 3092 993 3093 1772 3093 994 3093 994 3094 1772 3094 1154 3094 994 3095 1154 3095 995 3095 776 3096 975 3096 1771 3096 1771 3097 975 3097 976 3097 976 3098 1773 3098 1771 3098 1771 3099 1773 3099 1770 3099 1771 3100 1770 3100 1772 3100 1772 3101 1770 3101 1156 3101 1772 3102 1156 3102 1154 3102 976 3103 978 3103 1773 3103 1773 3104 978 3104 977 3104 1773 3105 977 3105 973 3105 1158 3106 1770 3106 1774 3106 1774 3107 1770 3107 1773 3107 1774 3108 1773 3108 1775 3108 1775 3109 1773 3109 973 3109 1775 3110 973 3110 972 3110 1568 3111 1127 3111 1016 3111 1016 3112 1127 3112 1126 3112 1016 3113 1126 3113 1023 3113 1127 3114 1122 3114 1123 3114 1127 3114 1123 3114 1129 3114 1129 3115 1123 3115 1124 3115 1129 3116 1124 3116 1131 3116 1131 3117 1124 3117 1125 3117 1131 3117 1125 3117 1133 3117 1757 93 1764 93 1730 93 1743 93 1744 93 1757 93 1039 93 1032 93 1758 93 1758 3118 1032 3118 1031 3118 1758 93 1031 93 1762 93 1594 93 1718 93 1092 93 1092 3119 1090 3119 1594 3119 1594 3120 1090 3120 1088 3120 1594 3121 1088 3121 1101 3121 1101 3122 1088 3122 1087 3122 1757 3123 1736 3123 1737 3123 1764 93 1762 93 1730 93 1730 3124 1762 3124 1031 3124 1730 3125 1031 3125 1729 3125 1729 3126 1031 3126 1029 3126 1729 3127 1029 3127 1728 3127 1092 3128 1724 3128 1094 3128 1094 3129 1724 3129 1725 3129 1094 3130 1725 3130 1726 3130 519 93 560 93 1086 93 1086 93 560 93 609 93 1086 3131 609 3131 1087 3131 1087 93 609 93 1079 93 1087 3132 1079 3132 1078 3132 1060 93 1061 93 1758 93 1029 3133 1030 3133 1728 3133 1728 3134 1030 3134 1094 3134 1728 93 1094 93 1727 93 1727 3135 1094 3135 1726 3135 1718 3136 1719 3136 1092 3136 1092 3137 1719 3137 1720 3137 1092 3138 1720 3138 1721 3138 1737 93 1738 93 1757 93 1757 3139 1738 3139 1739 3139 1757 3140 1739 3140 1740 3140 1740 93 1741 93 1757 93 1757 3141 1741 3141 1742 3141 1757 3142 1742 3142 1743 3142 1744 3143 1745 3143 1757 3143 1757 3144 1745 3144 1746 3144 1757 3145 1746 3145 1747 3145 1061 93 1062 93 1758 93 1758 3146 1062 3146 1063 3146 1758 3147 1063 3147 1039 3147 1721 3148 1722 3148 1092 3148 1092 3149 1722 3149 1723 3149 1092 3150 1723 3150 1724 3150 1078 93 1065 93 1087 93 1087 3151 1065 3151 1064 3151 1087 3152 1064 3152 1101 3152 1730 93 1731 93 1757 93 1757 3153 1731 3153 1732 3153 1757 3154 1732 3154 1733 3154 1747 3155 1748 3155 1749 3155 1752 93 1753 93 1747 93 1747 93 1753 93 1754 93 1733 93 1734 93 1757 93 1757 3156 1734 3156 1735 3156 1757 3157 1735 3157 1736 3157 1749 3158 1750 3158 1747 3158 1747 3159 1750 3159 1751 3159 1747 3160 1751 3160 1752 3160 1754 3161 1755 3161 1747 3161 1747 3162 1755 3162 1756 3162 1747 3163 1756 3163 1757 3163 956 93 1043 93 1758 93 1758 3164 1043 3164 1059 3164 1758 3165 1059 3165 1060 3165 1071 3166 621 3166 1107 3166 1107 3167 621 3167 1145 3167 1107 3168 1145 3168 1114 3168 1136 3169 1145 3169 1139 3169 1139 3170 1145 3170 1142 3170 1139 3171 1142 3171 555 3171 1121 3172 1117 3172 1125 3172 1125 3173 1117 3173 1114 3173 1125 3174 1114 3174 1133 3174 1133 3175 1114 3175 1145 3175 1133 3176 1145 3176 1132 3176 1132 3177 1145 3177 1136 3177 1574 3178 1581 3178 1118 3178 1591 3179 1594 3179 1101 3179 1591 3180 1101 3180 1592 3180 1101 3181 1112 3181 1592 3181 1592 3182 1112 3182 1111 3182 1592 3183 1111 3183 1109 3183 1583 3184 1585 3184 1109 3184 1109 3185 1585 3185 1587 3185 1109 3186 1587 3186 1592 3186 1583 3187 1109 3187 1581 3187 1581 3188 1109 3188 1108 3188 1581 3189 1108 3189 1118 3189 1122 3190 1776 3190 1118 3190 1118 3191 1776 3191 1572 3191 1118 3192 1572 3192 1574 3192 1677 3193 1158 3193 1769 3193 1769 3194 1158 3194 1774 3194 1769 3195 1774 3195 1768 3195 1768 3196 1774 3196 1775 3196 1768 3197 1775 3197 1761 3197 1761 3198 1775 3198 972 3198 1761 3199 972 3199 949 3199 1263 3200 1613 3200 1611 3200 1263 3201 1611 3201 1256 3201 1158 3202 1677 3202 1159 3202 1159 3203 1677 3203 1675 3203 1159 3204 1675 3204 1160 3204 1160 3205 1675 3205 1673 3205 1160 3206 1673 3206 1162 3206 1162 3207 1673 3207 1671 3207 1162 3208 1671 3208 1164 3208 1164 3209 1671 3209 1669 3209 1164 3210 1669 3210 1166 3210 1166 3211 1669 3211 1667 3211 1166 3212 1667 3212 1168 3212 1168 3213 1667 3213 1665 3213 1168 3214 1665 3214 1170 3214 1170 3215 1665 3215 1663 3215 1170 3216 1663 3216 1172 3216 1172 3217 1663 3217 1661 3217 1172 3218 1661 3218 1174 3218 1174 3218 1661 3218 1659 3218 1174 3219 1659 3219 1176 3219 1176 3220 1659 3220 1657 3220 1176 3221 1657 3221 1178 3221 1178 3221 1657 3221 1655 3221 1178 3222 1655 3222 1180 3222 1180 3223 1655 3223 1653 3223 1180 3224 1653 3224 1182 3224 1182 3225 1653 3225 1651 3225 1182 3226 1651 3226 1184 3226 1184 3226 1651 3226 1649 3226 1184 3227 1649 3227 1186 3227 1186 3228 1649 3228 1647 3228 1186 3229 1647 3229 1188 3229 1188 3229 1647 3229 1645 3229 1188 3230 1645 3230 1190 3230 1190 3231 1645 3231 1643 3231 1190 3232 1643 3232 1192 3232 1192 3233 1643 3233 1641 3233 1192 3234 1641 3234 1194 3234 1194 3235 1641 3235 1639 3235 1194 3236 1639 3236 1196 3236 1196 3237 1639 3237 1637 3237 1196 3238 1637 3238 1198 3238 1198 3239 1637 3239 1635 3239 1198 3240 1635 3240 1200 3240 1200 3241 1635 3241 1633 3241 1200 3242 1633 3242 1202 3242 1202 3242 1633 3242 1631 3242 1202 3243 1631 3243 1204 3243 1204 3244 1631 3244 1629 3244 1204 3245 1629 3245 1206 3245 1206 3246 1629 3246 1627 3246 1206 3247 1627 3247 1208 3247 1208 3248 1627 3248 1625 3248 1208 3249 1625 3249 1210 3249 1210 3250 1625 3250 1623 3250 1210 3251 1623 3251 1212 3251 1212 3252 1623 3252 1621 3252 1212 3253 1621 3253 1214 3253 1214 3254 1621 3254 1619 3254 1214 3255 1619 3255 1216 3255 1216 3256 1619 3256 1617 3256 1216 3257 1617 3257 1218 3257 1218 3258 1617 3258 1615 3258 1218 3259 1615 3259 1220 3259 1220 3260 1615 3260 1613 3260 1220 3261 1613 3261 1222 3261 1222 3262 1613 3262 1263 3262 1611 3263 1609 3263 1256 3263 1256 3264 1609 3264 1607 3264 1256 3265 1607 3265 1257 3265 1257 3266 1607 3266 1605 3266 1257 3267 1605 3267 1259 3267 1300 3268 1301 3268 1511 3268 1507 3269 1310 3269 1509 3269 1509 3270 1310 3270 1276 3270 1509 3271 1276 3271 1296 3271 1296 3272 1297 3272 1509 3272 1509 3273 1297 3273 1298 3273 1509 3274 1298 3274 1511 3274 1511 3275 1298 3275 1299 3275 1511 3276 1299 3276 1300 3276 1302 3277 1303 3277 1601 3277 1601 3278 1303 3278 1304 3278 1304 3279 1305 3279 1601 3279 1601 3280 1305 3280 1267 3280 1601 3281 1267 3281 1603 3281 1603 3282 1267 3282 1266 3282 1603 3283 1266 3283 1605 3283 1605 3284 1266 3284 1271 3284 1605 3285 1271 3285 1259 3285 1505 3286 1503 3286 1326 3286 1326 3287 1327 3287 1505 3287 1505 3288 1327 3288 1306 3288 1505 3289 1306 3289 1507 3289 1507 3290 1306 3290 1311 3290 1507 3291 1311 3291 1310 3291 1499 3292 1330 3292 1501 3292 1501 3293 1330 3293 1320 3293 1501 3294 1320 3294 1503 3294 1503 3295 1320 3295 1319 3295 1503 3296 1319 3296 1326 3296 1487 3297 1344 3297 1489 3297 1489 3298 1344 3298 1343 3298 1489 3299 1343 3299 1491 3299 1491 3300 1343 3300 1339 3300 1491 3301 1339 3301 1493 3301 1493 3302 1339 3302 1337 3302 1493 3303 1337 3303 1495 3303 1495 3304 1337 3304 1335 3304 1495 3305 1335 3305 1497 3305 1497 3306 1335 3306 1333 3306 1497 3307 1333 3307 1499 3307 1499 3308 1333 3308 1332 3308 1499 3309 1332 3309 1330 3309 1479 3310 1352 3310 1481 3310 1481 3311 1352 3311 1351 3311 1481 3312 1351 3312 1483 3312 1483 3313 1351 3313 1340 3313 1483 3314 1340 3314 1485 3314 1485 3315 1340 3315 1347 3315 1485 3316 1347 3316 1487 3316 1487 3317 1347 3317 1346 3317 1487 3318 1346 3318 1344 3318 1471 3319 1357 3319 1473 3319 1473 3320 1357 3320 1356 3320 1473 3321 1356 3321 1475 3321 1475 3322 1356 3322 1348 3322 1475 3323 1348 3323 1477 3323 1477 3324 1348 3324 1355 3324 1477 3325 1355 3325 1479 3325 1479 3326 1355 3326 1354 3326 1479 3327 1354 3327 1352 3327 1463 3328 1366 3328 1465 3328 1465 3329 1366 3329 1364 3329 1465 3330 1364 3330 1467 3330 1467 3331 1364 3331 1362 3331 1467 3332 1362 3332 1469 3332 1469 3333 1362 3333 1361 3333 1469 3334 1361 3334 1471 3334 1471 3335 1361 3335 1359 3335 1471 3336 1359 3336 1357 3336 1451 3337 1379 3337 1453 3337 1453 3338 1379 3338 1378 3338 1453 3339 1378 3339 1455 3339 1455 3340 1378 3340 1367 3340 1455 3341 1367 3341 1457 3341 1457 3342 1367 3342 1374 3342 1457 3343 1374 3343 1459 3343 1459 3344 1374 3344 1373 3344 1459 3345 1373 3345 1461 3345 1461 3346 1373 3346 1371 3346 1461 3347 1371 3347 1463 3347 1463 3348 1371 3348 1370 3348 1463 3349 1370 3349 1366 3349 1443 3350 1384 3350 1445 3350 1445 3351 1384 3351 1383 3351 1445 3352 1383 3352 1447 3352 1447 3353 1383 3353 1375 3353 1447 3354 1375 3354 1449 3354 1449 3355 1375 3355 1382 3355 1449 3356 1382 3356 1451 3356 1451 3357 1382 3357 1381 3357 1451 3358 1381 3358 1379 3358 880 3359 879 3359 1438 3359 1438 3360 879 3360 1388 3360 1438 3361 1388 3361 1439 3361 1439 3362 1388 3362 1389 3362 1439 3363 1389 3363 1441 3363 1441 3364 1389 3364 1390 3364 1441 3365 1390 3365 1443 3365 1443 3366 1390 3366 1386 3366 1443 3367 1386 3367 1384 3367 1593 3368 1561 3368 1569 3368 1569 3369 1561 3369 1560 3369 1569 3370 1560 3370 945 3370 1301 3371 1302 3371 1511 3371 1511 3372 1302 3372 1601 3372 1511 3373 1601 3373 1513 3373 1513 3374 1601 3374 1600 3374 1513 3375 1600 3375 1515 3375 1515 3376 1600 3376 1570 3376 1515 3377 1570 3377 1556 3377 1556 3378 1570 3378 1569 3378 1556 3379 1569 3379 1557 3379 1557 3380 1569 3380 945 3380 1776 1863 1568 1863 1572 1863 1572 3381 1568 3381 1567 3381 1572 3382 1567 3382 1575 3382 1575 3383 1567 3383 1577 3383 1565 3384 1564 3384 1579 3384 1577 3385 1567 3385 1579 3385 1579 3386 1567 3386 1566 3386 1579 3387 1566 3387 1565 3387 1593 3388 1596 3388 1561 3388 1561 3389 1596 3389 1597 3389 1561 3390 1597 3390 1562 3390 1562 3391 1597 3391 1579 3391 1562 3392 1579 3392 1563 3392 1563 3393 1579 3393 1564 3393 1122 1863 1127 1863 1776 1863 1776 1863 1127 1863 1568 1863 804 3394 1790 3394 87 3394 613 3395 1788 3395 1789 3395 1787 3396 1146 3396 1153 3396 581 1863 589 1863 1788 1863 572 3397 1786 3397 573 3397 1150 3398 1784 3398 1783 3398 794 3399 1782 3399 1783 3399 794 3400 86 3400 1781 3400 794 3401 1781 3401 1782 3401 805 3402 1779 3402 804 3402 804 3403 1779 3403 1790 3403 588 3404 578 3404 1778 3404 561 3405 1785 3405 563 3405 568 3406 1780 3406 805 3406 572 3407 570 3407 1786 3407 563 3408 1785 3408 570 3408 1153 3409 1152 3409 1787 3409 794 3410 1784 3410 1152 3410 588 3411 1778 3411 587 3411 1779 3412 561 3412 557 3412 1148 3413 1149 3413 1782 3413 1149 3414 1150 3414 1783 3414 613 3415 581 3415 1788 3415 1787 3416 1789 3416 1146 3416 1150 3417 1151 3417 1784 3417 805 3418 1780 3418 1779 3418 561 3419 1777 3419 1785 3419 568 3420 1777 3420 1780 3420</p>
        </triangles>
      </mesh>
    </geometry>
  </library_geometries>
  <library_visual_scenes>
    <visual_scene id="Scene" name="Scene">
      <node id="magtac_nail" name="magtac_nail" type="NODE">
        <matrix sid="transform">1 -1.74846e-7 2.38419e-7 0 1.74846e-7 1 -9.46026e-16 0 -2.38419e-7 4.26326e-14 1 0 0 0 0 1</matrix>
        <instance_geometry url="#magtac_nail_002-mesh" name="magtac_nail">
          <bind_material>
            <technique_common>
              <instance_material symbol="black_spec_mag_tac_sensor_003-material" target="#black_spec_mag_tac_sensor_003-material"/>
            </technique_common>
          </bind_material>
        </instance_geometry>
      </node>
      <node id="magtac_finger" name="magtac_finger" type="NODE">
        <matrix sid="transform">1 -1.74846e-7 2.38419e-7 0 1.74846e-7 1 -9.46026e-16 0 -2.38419e-7 4.26326e-14 1 0 0 0 0 1</matrix>
        <instance_geometry url="#magtac_finger_002-mesh" name="magtac_finger">
          <bind_material>
            <technique_common>
              <instance_material symbol="black_spec_003-material" target="#black_spec_003-material"/>
            </technique_common>
          </bind_material>
        </instance_geometry>
      </node>
      <node id="MRH-F-Distal-Visual_00" name="MRH-F-Distal-Visual,00" type="NODE">
        <matrix sid="transform">1 8.02678e-7 8.02679e-7 0 8.02679e-7 4.3712e-8 -1 0 -8.02679e-7 1 4.37114e-8 0 0 0 0 1</matrix>
        <instance_geometry url="#MRH-F-Distal-Visual_00_005-mesh" name="MRH-F-Distal-Visual,00">
          <bind_material>
            <technique_common>
              <instance_material symbol="Material_001_003-material" target="#Material_001_003-material"/>
            </technique_common>
          </bind_material>
        </instance_geometry>
      </node>
    </visual_scene>
  </library_visual_scenes>
  <scene>
    <instance_visual_scene url="#Scene"/>
  </scene>
</COLLADA>